2026/09/28 20:08:46.057, 0, 27.34, 405
2026/09/28 20:08:46.060, 1, 29.02, 405
2026/09/28 20:08:46.063, 2, 26.11, 405
2026/09/28 20:08:46.066, 3, 26.84, 405
2026/09/28 20:08:46.269, 0, 27.34, 405
2026/09/28 20:08:46.272, 1, 29.02, 405
2026/09/28 20:08:46.275, 2, 26.11, 405
2026/09/28 20:08:46.278, 3, 26.82, 405
2026/09/28 20:08:46.483, 0, 27.32, 405
2026/09/28 20:08:46.486, 1, 29.02, 405
2026/09/28 20:08:46.492, 2, 26.11, 405
2026/09/28 20:08:46.494, 3, 26.82, 405
2026/09/28 20:08:46.698, 0, 27.34, 405
2026/09/28 20:08:46.701, 1, 29.02, 405
2026/09/28 20:08:46.704, 2, 25.87, 405
2026/09/28 20:08:46.706, 3, 26.82, 405
2026/09/28 20:08:46.910, 0, 27.33, 405
2026/09/28 20:08:46.917, 1, 29.26, 405
2026/09/28 20:08:46.920, 2, 26.11, 405
2026/09/28 20:08:46.923, 3, 26.82, 405
2026/09/28 20:08:47.126, 0, 28.54, 1063
2026/09/28 20:08:47.130, 1, 29.02, 405
2026/09/28 20:08:47.134, 2, 26.11, 405
2026/09/28 20:08:47.137, 3, 26.82, 405
2026/09/28 20:08:47.342, 0, 30.24, 1063
2026/09/28 20:08:47.348, 1, 29.02, 405
2026/09/28 20:08:47.354, 2, 26.11, 405
2026/09/28 20:08:47.357, 3, 26.84, 405
2026/09/28 20:08:47.562, 0, 30.24, 1063
2026/09/28 20:08:47.609, 1, 32.16, 1063
2026/09/28 20:08:47.614, 2, 26.11, 405
2026/09/28 20:08:47.617, 3, 26.82, 405
2026/09/28 20:08:47.822, 0, 30.22, 1063
2026/09/28 20:08:47.875, 1, 31.92, 1063
2026/09/28 20:08:47.878, 2, 28.53, 1063
2026/09/28 20:08:47.881, 3, 26.58, 405
2026/09/28 20:08:48.085, 0, 30.22, 1063
2026/09/28 20:08:48.090, 1, 31.92, 1063
2026/09/28 20:08:48.093, 2, 28.53, 1063
2026/09/28 20:08:48.096, 3, 29.72, 1063
2026/09/28 20:08:48.301, 0, 30.22, 1063
2026/09/28 20:08:48.304, 1, 31.92, 1063
2026/09/28 20:08:48.307, 2, 28.53, 1063
2026/09/28 20:08:48.311, 3, 29.72, 1063
2026/09/28 20:08:48.514, 0, 30.22, 1063
2026/09/28 20:08:48.517, 1, 31.90, 1063
2026/09/28 20:08:48.520, 2, 28.53, 1063
2026/09/28 20:08:48.523, 3, 29.72, 1063
2026/09/28 20:08:48.726, 0, 30.22, 1063
2026/09/28 20:08:48.730, 1, 31.92, 1063
2026/09/28 20:08:48.733, 2, 28.53, 1063
2026/09/28 20:08:48.736, 3, 29.72, 1063
2026/09/28 20:08:48.941, 0, 30.22, 1063
2026/09/28 20:08:48.944, 1, 31.92, 1063
2026/09/28 20:08:48.947, 2, 28.53, 1063
2026/09/28 20:08:48.951, 3, 29.72, 1063
2026/09/28 20:08:49.154, 0, 30.48, 1063
2026/09/28 20:08:49.157, 1, 31.66, 1063
2026/09/28 20:08:49.159, 2, 28.29, 1063
2026/09/28 20:08:49.162, 3, 29.72, 1063
2026/09/28 20:08:49.365, 0, 30.22, 1063
2026/09/28 20:08:49.368, 1, 31.92, 1063
2026/09/28 20:08:49.372, 2, 28.53, 1063
2026/09/28 20:08:49.375, 3, 29.72, 1063
2026/09/28 20:08:49.581, 0, 30.22, 1063
2026/09/28 20:08:49.584, 1, 31.66, 1063
2026/09/28 20:08:49.587, 2, 28.27, 1063
2026/09/28 20:08:49.591, 3, 29.72, 1063
2026/09/28 20:08:49.794, 0, 30.48, 1063
2026/09/28 20:08:49.799, 1, 31.92, 1063
2026/09/28 20:08:49.802, 2, 28.29, 1063
2026/09/28 20:08:49.805, 3, 29.72, 1063
2026/09/28 20:08:50.008, 0, 30.48, 1063
2026/09/28 20:08:50.011, 1, 31.92, 1063
2026/09/28 20:08:50.014, 2, 28.29, 1063
2026/09/28 20:08:50.017, 3, 29.72, 1063
2026/09/28 20:08:50.220, 0, 30.48, 1063
2026/09/28 20:08:50.223, 1, 31.92, 1063
2026/09/28 20:08:50.226, 2, 28.29, 1063
2026/09/28 20:08:50.230, 3, 29.72, 1063
2026/09/28 20:08:50.433, 0, 30.48, 1063
2026/09/28 20:08:50.436, 1, 31.92, 1063
2026/09/28 20:08:50.439, 2, 28.29, 1063
2026/09/28 20:08:50.442, 3, 29.72, 1063
2026/09/28 20:08:50.645, 0, 30.46, 1063
2026/09/28 20:08:50.648, 1, 31.66, 1063
2026/09/28 20:08:50.652, 2, 28.53, 1063
2026/09/28 20:08:50.655, 3, 29.72, 1063
2026/09/28 20:08:50.860, 0, 30.48, 1063
2026/09/28 20:08:50.863, 1, 31.92, 1063
2026/09/28 20:08:50.866, 2, 28.53, 1063
2026/09/28 20:08:50.870, 3, 29.72, 1063
2026/09/28 20:08:51.073, 0, 30.46, 1063
2026/09/28 20:08:51.076, 1, 31.92, 1063
2026/09/28 20:08:51.079, 2, 28.29, 1063
2026/09/28 20:08:51.082, 3, 29.72, 1063
2026/09/28 20:08:51.285, 0, 30.46, 1063
2026/09/28 20:08:51.288, 1, 31.68, 1063
2026/09/28 20:08:51.291, 2, 28.53, 1063
2026/09/28 20:08:51.294, 3, 29.72, 1063
2026/09/28 20:08:51.500, 0, 30.46, 1063
2026/09/28 20:08:51.503, 1, 31.91, 1063
2026/09/28 20:08:51.506, 2, 28.29, 1063
2026/09/28 20:08:51.509, 3, 29.72, 1063
2026/09/28 20:08:51.713, 0, 30.48, 1063
2026/09/28 20:08:51.716, 1, 31.68, 1063
2026/09/28 20:08:51.719, 2, 28.53, 1063
2026/09/28 20:08:51.722, 3, 29.72, 1063
2026/09/28 20:08:51.925, 0, 30.46, 1063
2026/09/28 20:08:51.928, 1, 31.68, 1063
2026/09/28 20:08:51.931, 2, 28.29, 1063
2026/09/28 20:08:51.934, 3, 29.72, 1063
2026/09/28 20:08:52.139, 0, 30.46, 1063
2026/09/28 20:08:52.143, 1, 31.92, 1063
2026/09/28 20:08:52.146, 2, 28.53, 1063
2026/09/28 20:08:52.149, 3, 29.72, 1063
2026/09/28 20:08:52.352, 0, 30.48, 1063
2026/09/28 20:08:52.355, 1, 31.68, 1063
2026/09/28 20:08:52.358, 2, 28.53, 1063
2026/09/28 20:08:52.361, 3, 29.72, 1063
2026/09/28 20:08:52.564, 0, 30.46, 1063
2026/09/28 20:08:52.567, 1, 32.14, 1063
2026/09/28 20:08:52.571, 2, 28.53, 1063
2026/09/28 20:08:52.574, 3, 29.72, 1063
2026/09/28 20:08:52.779, 0, 30.48, 1063
2026/09/28 20:08:52.783, 1, 31.92, 1063
2026/09/28 20:08:52.786, 2, 28.53, 1063
2026/09/28 20:08:52.789, 3, 29.72, 1063
2026/09/28 20:08:52.992, 0, 30.46, 1063
2026/09/28 20:08:52.995, 1, 31.92, 1063
2026/09/28 20:08:52.998, 2, 28.29, 1063
2026/09/28 20:08:53.001, 3, 29.72, 1063
2026/09/28 20:08:53.204, 0, 30.48, 1063
2026/09/28 20:08:53.207, 1, 31.68, 1063
2026/09/28 20:08:53.210, 2, 28.53, 1063
2026/09/28 20:08:53.213, 3, 29.72, 1063
2026/09/28 20:08:53.419, 0, 30.46, 1063
2026/09/28 20:08:53.423, 1, 31.92, 1063
2026/09/28 20:08:53.426, 2, 28.29, 1063
2026/09/28 20:08:53.429, 3, 29.72, 1063
2026/09/28 20:08:53.632, 0, 30.46, 1063
2026/09/28 20:08:53.634, 1, 31.92, 1063
2026/09/28 20:08:53.634, 2, 28.53, 1063
2026/09/28 20:08:53.635, 3, 29.72, 1063
2026/09/28 20:08:53.838, 0, 30.48, 1063
2026/09/28 20:08:53.843, 1, 31.92, 1063
2026/09/28 20:08:53.846, 2, 28.53, 1063
2026/09/28 20:08:53.849, 3, 29.72, 1063
2026/09/28 20:08:54.052, 0, 30.48, 1063
2026/09/28 20:08:54.055, 1, 31.92, 1063
2026/09/28 20:08:54.058, 2, 28.53, 1063
2026/09/28 20:08:54.061, 3, 29.72, 1063
2026/09/28 20:08:54.264, 0, 31.19, 1063
2026/09/28 20:08:54.267, 1, 31.92, 1063
2026/09/28 20:08:54.270, 2, 28.29, 1063
2026/09/28 20:08:54.272, 3, 29.72, 1063
2026/09/28 20:08:54.478, 0, 31.19, 1063
2026/09/28 20:08:54.483, 1, 31.90, 1063
2026/09/28 20:08:54.486, 2, 28.27, 1063
2026/09/28 20:08:54.489, 3, 29.70, 1063
2026/09/28 20:08:54.692, 0, 31.43, 1063
2026/09/28 20:08:54.695, 1, 31.92, 1063
2026/09/28 20:08:54.698, 2, 28.53, 1063
2026/09/28 20:08:54.701, 3, 29.72, 1063
2026/09/28 20:08:54.904, 0, 31.43, 1063
2026/09/28 20:08:54.907, 1, 31.68, 1063
2026/09/28 20:08:54.912, 2, 28.29, 1063
2026/09/28 20:08:54.915, 3, 29.72, 1063
2026/09/28 20:08:55.118, 0, 31.19, 1063
2026/09/28 20:08:55.122, 1, 31.68, 1063
2026/09/28 20:08:55.125, 2, 28.29, 1063
2026/09/28 20:08:55.128, 3, 29.72, 1063
2026/09/28 20:08:55.331, 0, 31.19, 1063
2026/09/28 20:08:55.334, 1, 31.92, 1063
2026/09/28 20:08:55.337, 2, 28.53, 1063
2026/09/28 20:08:55.340, 3, 29.72, 1063
2026/09/28 20:08:55.542, 0, 31.19, 1063
2026/09/28 20:08:55.546, 1, 31.92, 1063
2026/09/28 20:08:55.549, 2, 28.53, 1063
2026/09/28 20:08:55.552, 3, 29.72, 1063
2026/09/28 20:08:55.757, 0, 31.19, 1063
2026/09/28 20:08:55.762, 1, 31.90, 1063
2026/09/28 20:08:55.765, 2, 28.29, 1063
2026/09/28 20:08:55.768, 3, 29.72, 1063
2026/09/28 20:08:55.971, 0, 31.19, 1063
2026/09/28 20:08:55.974, 1, 31.66, 1063
2026/09/28 20:08:55.977, 2, 28.53, 1063
2026/09/28 20:08:55.980, 3, 29.72, 1063
2026/09/28 20:08:56.183, 0, 31.19, 1063
2026/09/28 20:08:56.186, 1, 31.90, 1063
2026/09/28 20:08:56.189, 2, 28.29, 1063
2026/09/28 20:08:56.192, 3, 29.72, 1063
2026/09/28 20:08:56.397, 0, 31.19, 1063
2026/09/28 20:08:56.402, 1, 31.92, 1063
2026/09/28 20:08:56.404, 2, 28.53, 1063
2026/09/28 20:08:56.407, 3, 29.72, 1063
2026/09/28 20:08:56.611, 0, 30.46, 1063
2026/09/28 20:08:56.614, 1, 32.86, 1063
2026/09/28 20:08:56.620, 2, 28.53, 1063
2026/09/28 20:08:56.622, 3, 29.72, 1063
2026/09/28 20:08:56.825, 0, 30.46, 1063
2026/09/28 20:08:56.828, 1, 32.88, 1063
2026/09/28 20:08:56.831, 2, 28.53, 1063
2026/09/28 20:08:56.834, 3, 29.72, 1063
2026/09/28 20:08:57.037, 0, 30.22, 1063
2026/09/28 20:08:57.041, 1, 32.86, 1063
2026/09/28 20:08:57.044, 2, 28.53, 1063
2026/09/28 20:08:57.047, 3, 29.72, 1063
2026/09/28 20:08:57.250, 0, 30.46, 1063
2026/09/28 20:08:57.253, 1, 32.86, 1063
2026/09/28 20:08:57.256, 2, 28.53, 1063
2026/09/28 20:08:57.260, 3, 29.72, 1063
2026/09/28 20:08:57.463, 0, 30.46, 1063
2026/09/28 20:08:57.466, 1, 32.86, 1063
2026/09/28 20:08:57.469, 2, 28.29, 1063
2026/09/28 20:08:57.472, 3, 29.72, 1063
2026/09/28 20:08:57.676, 0, 30.46, 1063
2026/09/28 20:08:57.681, 1, 32.86, 1063
2026/09/28 20:08:57.686, 2, 28.53, 1063
2026/09/28 20:08:57.689, 3, 29.72, 1063
2026/09/28 20:08:57.892, 0, 30.46, 1063
2026/09/28 20:08:57.895, 1, 33.10, 1063
2026/09/28 20:08:57.898, 2, 28.53, 1063
2026/09/28 20:08:57.901, 3, 29.72, 1063
2026/09/28 20:08:58.104, 0, 30.46, 1063
2026/09/28 20:08:58.107, 1, 32.87, 1063
2026/09/28 20:08:58.110, 2, 28.53, 1063
2026/09/28 20:08:58.113, 3, 29.72, 1063
2026/09/28 20:08:58.316, 0, 30.48, 1063
2026/09/28 20:08:58.320, 1, 33.11, 1063
2026/09/28 20:08:58.323, 2, 28.53, 1063
2026/09/28 20:08:58.327, 3, 29.72, 1063
2026/09/28 20:08:58.530, 0, 30.22, 1063
2026/09/28 20:08:58.533, 1, 33.11, 1063
2026/09/28 20:08:58.536, 2, 28.29, 1063
2026/09/28 20:08:58.539, 3, 29.72, 1063
2026/09/28 20:08:58.742, 0, 30.46, 1063
2026/09/28 20:08:58.746, 1, 31.92, 1063
2026/09/28 20:08:58.749, 2, 29.25, 1063
2026/09/28 20:08:58.752, 3, 29.72, 1063
2026/09/28 20:08:58.956, 0, 30.46, 1063
2026/09/28 20:08:58.960, 1, 31.90, 1063
2026/09/28 20:08:58.963, 2, 29.25, 1063
2026/09/28 20:08:58.967, 3, 29.72, 1063
2026/09/28 20:08:59.170, 0, 30.22, 1063
2026/09/28 20:08:59.173, 1, 31.92, 1063
2026/09/28 20:08:59.176, 2, 29.25, 1063
2026/09/28 20:08:59.179, 3, 29.72, 1063
2026/09/28 20:08:59.382, 0, 30.46, 1063
2026/09/28 20:08:59.385, 1, 31.92, 1063
2026/09/28 20:08:59.388, 2, 29.25, 1063
2026/09/28 20:08:59.391, 3, 29.72, 1063
2026/09/28 20:08:59.594, 0, 30.46, 1063
2026/09/28 20:08:59.600, 1, 31.90, 1063
2026/09/28 20:08:59.603, 2, 29.50, 1063
2026/09/28 20:08:59.607, 3, 29.72, 1063
2026/09/28 20:08:59.810, 0, 30.46, 1063
2026/09/28 20:08:59.813, 1, 31.92, 1063
2026/09/28 20:08:59.816, 2, 29.50, 1063
2026/09/28 20:08:59.819, 3, 29.72, 1063
2026/09/28 20:09:00.022, 0, 30.46, 1063
2026/09/28 20:09:00.025, 1, 32.16, 1063
2026/09/28 20:09:00.028, 2, 29.25, 1063
2026/09/28 20:09:00.031, 3, 29.72, 1063
2026/09/28 20:09:00.234, 0, 30.46, 1063
2026/09/28 20:09:00.240, 1, 31.90, 1063
2026/09/28 20:09:00.243, 2, 29.25, 1063
2026/09/28 20:09:00.247, 3, 29.72, 1063
2026/09/28 20:09:00.450, 0, 30.46, 1063
2026/09/28 20:09:00.453, 1, 31.92, 1063
2026/09/28 20:09:00.456, 2, 29.50, 1063
2026/09/28 20:09:00.459, 3, 29.72, 1063
2026/09/28 20:09:00.663, 0, 30.46, 1063
2026/09/28 20:09:00.666, 1, 31.90, 1063
2026/09/28 20:09:00.669, 2, 29.25, 1063
2026/09/28 20:09:00.672, 3, 29.72, 1063
2026/09/28 20:09:00.875, 0, 30.46, 1063
2026/09/28 20:09:00.879, 1, 31.92, 1063
2026/09/28 20:09:00.882, 2, 28.53, 1063
2026/09/28 20:09:00.886, 3, 30.69, 1063
2026/09/28 20:09:01.089, 0, 30.46, 1063
2026/09/28 20:09:01.092, 1, 31.90, 1063
2026/09/28 20:09:01.095, 2, 28.53, 1063
2026/09/28 20:09:01.099, 3, 30.69, 1063
2026/09/28 20:09:01.302, 0, 30.46, 1063
2026/09/28 20:09:01.305, 1, 31.90, 1063
2026/09/28 20:09:01.308, 2, 28.29, 1063
2026/09/28 20:09:01.311, 3, 30.69, 1063
2026/09/28 20:09:01.515, 0, 30.46, 1063
2026/09/28 20:09:01.519, 1, 31.90, 1063
2026/09/28 20:09:01.522, 2, 28.53, 1063
2026/09/28 20:09:01.526, 3, 30.69, 1063
2026/09/28 20:09:01.732, 0, 30.46, 1063
2026/09/28 20:09:01.735, 1, 31.90, 1063
2026/09/28 20:09:01.738, 2, 28.53, 1063
2026/09/28 20:09:01.741, 3, 30.69, 1063
2026/09/28 20:09:01.944, 0, 30.46, 1063
2026/09/28 20:09:01.948, 1, 31.90, 1063
2026/09/28 20:09:01.950, 2, 28.53, 1063
2026/09/28 20:09:01.953, 3, 30.69, 1063
2026/09/28 20:09:02.156, 0, 30.22, 1063
2026/09/28 20:09:02.159, 1, 31.90, 1063
2026/09/28 20:09:02.162, 2, 28.53, 1063
2026/09/28 20:09:02.167, 3, 30.69, 1063
2026/09/28 20:09:02.370, 0, 30.46, 1063
2026/09/28 20:09:02.373, 1, 31.90, 1063
2026/09/28 20:09:02.375, 2, 28.53, 1063
2026/09/28 20:09:02.378, 3, 30.69, 1063
2026/09/28 20:09:02.581, 0, 30.46, 1063
2026/09/28 20:09:02.584, 1, 31.90, 1063
2026/09/28 20:09:02.587, 2, 28.53, 1063
2026/09/28 20:09:02.590, 3, 30.69, 1063
2026/09/28 20:09:02.796, 0, 30.48, 1063
2026/09/28 20:09:02.799, 1, 31.92, 1063
2026/09/28 20:09:02.802, 2, 28.53, 1063
2026/09/28 20:09:02.805, 3, 29.72, 1063
2026/09/28 20:09:03.008, 0, 30.48, 1063
2026/09/28 20:09:03.011, 1, 31.92, 1063
2026/09/28 20:09:03.013, 2, 28.53, 1063
2026/09/28 20:09:03.016, 3, 29.72, 1063
2026/09/28 20:09:03.219, 0, 30.46, 1063
2026/09/28 20:09:03.222, 1, 31.92, 1063
2026/09/28 20:09:03.226, 2, 28.53, 1063
2026/09/28 20:09:03.230, 3, 29.72, 1063
2026/09/28 20:09:03.437, 0, 30.22, 1063
2026/09/28 20:09:03.447, 1, 32.14, 1063
2026/09/28 20:09:03.451, 2, 28.53, 1063
2026/09/28 20:09:03.454, 3, 29.72, 1063
2026/09/28 20:09:03.664, 0, 83.50, 1063
2026/09/28 20:09:03.667, 1, 32.14, 1063
2026/09/28 20:09:03.670, 2, 28.27, 1063
2026/09/28 20:09:03.673, 3, 29.72, 1063
2026/09/28 20:09:03.879, 0, 53.15, 1063
2026/09/28 20:09:03.882, 1, 33.10, 1063
2026/09/28 20:09:03.885, 2, 28.29, 1063
2026/09/28 20:09:03.888, 3, 29.72, 1063
2026/09/28 20:09:04.091, 0, 31.17, 1063
2026/09/28 20:09:04.097, 1, 105.45, 1063
2026/09/28 20:09:04.100, 2, 28.51, 1063
2026/09/28 20:09:04.103, 3, 29.70, 1063
2026/09/28 20:09:04.306, 0, 30.94, 1063
2026/09/28 20:09:04.309, 1, 32.38, 1063
2026/09/28 20:09:04.312, 2, 102.07, 1063
2026/09/28 20:09:04.317, 3, 29.96, 1063
2026/09/28 20:09:04.520, 0, 30.68, 1063
2026/09/28 20:09:04.523, 1, 32.12, 1063
2026/09/28 20:09:04.526, 2, 29.24, 1063
2026/09/28 20:09:04.529, 3, 109.72, 1063
2026/09/28 20:09:04.732, 0, 30.94, 1063
2026/09/28 20:09:04.737, 1, 32.16, 1063
2026/09/28 20:09:04.742, 2, 28.53, 1063
2026/09/28 20:09:04.745, 3, 29.97, 1063
2026/09/28 20:09:04.948, 0, 30.72, 1063
2026/09/28 20:09:04.951, 1, 32.16, 1063
2026/09/28 20:09:04.954, 2, 28.53, 1063
2026/09/28 20:09:04.957, 3, 29.97, 1063
2026/09/28 20:09:05.160, 0, 30.72, 1063
2026/09/28 20:09:05.163, 1, 32.16, 1063
2026/09/28 20:09:05.166, 2, 28.53, 1063
2026/09/28 20:09:05.169, 3, 29.97, 1063
2026/09/28 20:09:05.372, 0, 30.72, 1063
2026/09/28 20:09:05.377, 1, 32.16, 1063
2026/09/28 20:09:05.380, 2, 28.53, 1063
2026/09/28 20:09:05.383, 3, 29.72, 1063
2026/09/28 20:09:05.586, 0, 30.46, 1063
2026/09/28 20:09:05.589, 1, 32.14, 1063
2026/09/28 20:09:05.592, 2, 28.53, 1063
2026/09/28 20:09:05.595, 3, 29.72, 1063
2026/09/28 20:09:05.798, 0, 30.72, 1063
2026/09/28 20:09:05.801, 1, 32.16, 1063
2026/09/28 20:09:05.804, 2, 28.53, 1063
2026/09/28 20:09:05.807, 3, 29.72, 1063
2026/09/28 20:09:06.010, 0, 30.72, 1063
2026/09/28 20:09:06.016, 1, 32.16, 1063
2026/09/28 20:09:06.019, 2, 28.53, 1063
2026/09/28 20:09:06.024, 3, 29.72, 1063
2026/09/28 20:09:06.227, 0, 30.48, 1063
2026/09/28 20:09:06.230, 1, 32.16, 1063
2026/09/28 20:09:06.233, 2, 28.53, 1063
2026/09/28 20:09:06.236, 3, 29.72, 1063
2026/09/28 20:09:06.439, 0, 30.72, 1063
2026/09/28 20:09:06.442, 1, 31.92, 1063
2026/09/28 20:09:06.445, 2, 28.53, 1063
2026/09/28 20:09:06.448, 3, 29.72, 1063
2026/09/28 20:09:06.651, 0, 30.48, 1063
2026/09/28 20:09:06.656, 1, 32.16, 1063
2026/09/28 20:09:06.659, 2, 28.53, 1063
2026/09/28 20:09:06.663, 3, 29.72, 1063
2026/09/28 20:09:06.866, 0, 30.72, 1063
2026/09/28 20:09:06.869, 1, 31.92, 1063
2026/09/28 20:09:06.872, 2, 28.53, 1063
2026/09/28 20:09:06.875, 3, 29.72, 1063
2026/09/28 20:09:07.078, 0, 30.72, 1063
2026/09/28 20:09:07.081, 1, 31.92, 1063
2026/09/28 20:09:07.084, 2, 28.53, 1063
2026/09/28 20:09:07.087, 3, 29.72, 1063
2026/09/28 20:09:07.290, 0, 30.72, 1063
2026/09/28 20:09:07.295, 1, 32.16, 1063
2026/09/28 20:09:07.298, 2, 28.53, 1063
2026/09/28 20:09:07.303, 3, 29.72, 1063
2026/09/28 20:09:07.506, 0, 30.46, 1063
2026/09/28 20:09:07.509, 1, 31.90, 1063
2026/09/28 20:09:07.512, 2, 28.53, 1063
2026/09/28 20:09:07.515, 3, 29.72, 1063
2026/09/28 20:09:07.718, 0, 30.72, 1063
2026/09/28 20:09:07.721, 1, 32.16, 1063
2026/09/28 20:09:07.724, 2, 28.53, 1063
2026/09/28 20:09:07.727, 3, 29.72, 1063
2026/09/28 20:09:07.930, 0, 30.47, 1063
2026/09/28 20:09:07.935, 1, 31.92, 1063
2026/09/28 20:09:07.938, 2, 28.53, 1063
2026/09/28 20:09:07.943, 3, 29.72, 1063
2026/09/28 20:09:08.146, 0, 30.72, 1063
2026/09/28 20:09:08.149, 1, 31.92, 1063
2026/09/28 20:09:08.152, 2, 28.53, 1063
2026/09/28 20:09:08.155, 3, 29.72, 1063
2026/09/28 20:09:08.358, 0, 30.72, 1063
2026/09/28 20:09:08.361, 1, 31.92, 1063
2026/09/28 20:09:08.364, 2, 28.53, 1063
2026/09/28 20:09:08.367, 3, 29.72, 1063
2026/09/28 20:09:08.570, 0, 30.70, 1063
2026/09/28 20:09:08.575, 1, 32.14, 1063
2026/09/28 20:09:08.578, 2, 28.53, 1063
2026/09/28 20:09:08.582, 3, 29.72, 1063
2026/09/28 20:09:08.786, 0, 30.72, 1063
2026/09/28 20:09:08.789, 1, 32.16, 1063
2026/09/28 20:09:08.792, 2, 28.53, 1063
2026/09/28 20:09:08.795, 3, 29.72, 1063
2026/09/28 20:09:08.998, 0, 30.71, 1063
2026/09/28 20:09:09.001, 1, 31.92, 1063
2026/09/28 20:09:09.004, 2, 28.53, 1063
2026/09/28 20:09:09.006, 3, 29.72, 1063
2026/09/28 20:09:09.210, 0, 30.48, 1063
2026/09/28 20:09:09.215, 1, 32.16, 1063
2026/09/28 20:09:09.218, 2, 28.53, 1063
2026/09/28 20:09:09.222, 3, 29.72, 1063
2026/09/28 20:09:09.425, 0, 32.13, 1063
2026/09/28 20:09:09.428, 1, 87.26, 1063
2026/09/28 20:09:09.431, 2, 28.53, 1063
2026/09/28 20:09:09.434, 3, 29.70, 1063
2026/09/28 20:09:09.637, 0, 30.94, 1063
2026/09/28 20:09:09.640, 1, 32.13, 1063
2026/09/28 20:09:09.643, 2, 29.48, 1063
2026/09/28 20:09:09.646, 3, 90.28, 1063
2026/09/28 20:09:09.849, 0, 30.94, 1063
2026/09/28 20:09:09.852, 1, 33.10, 1063
2026/09/28 20:09:09.855, 2, 31.67, 1063
2026/09/28 20:09:09.858, 3, 46.13, 1063
2026/09/28 20:09:10.061, 0, 30.96, 1063
2026/09/28 20:09:10.064, 1, 32.40, 1063
2026/09/28 20:09:10.067, 2, 28.77, 1063
2026/09/28 20:09:10.070, 3, 29.97, 1063
2026/09/28 20:09:10.273, 0, 30.96, 1063
2026/09/28 20:09:10.276, 1, 32.16, 1063
2026/09/28 20:09:10.279, 2, 28.53, 1063
2026/09/28 20:09:10.282, 3, 29.97, 1063
2026/09/28 20:09:10.485, 0, 30.46, 1063
2026/09/28 20:09:10.488, 1, 32.40, 1063
2026/09/28 20:09:10.491, 2, 28.53, 1063
2026/09/28 20:09:10.494, 3, 29.72, 1063
2026/09/28 20:09:10.698, 0, 30.48, 1063
2026/09/28 20:09:10.702, 1, 32.16, 1063
2026/09/28 20:09:10.705, 2, 28.53, 1063
2026/09/28 20:09:10.707, 3, 29.72, 1063
2026/09/28 20:09:10.911, 0, 30.47, 1063
2026/09/28 20:09:10.914, 1, 31.92, 1063
2026/09/28 20:09:10.917, 2, 28.53, 1063
2026/09/28 20:09:10.920, 3, 29.72, 1063
2026/09/28 20:09:11.123, 0, 30.48, 1063
2026/09/28 20:09:11.128, 1, 32.16, 1063
2026/09/28 20:09:11.131, 2, 28.53, 1063
2026/09/28 20:09:11.134, 3, 29.72, 1063
2026/09/28 20:09:11.337, 0, 30.48, 1063
2026/09/28 20:09:11.340, 1, 31.92, 1063
2026/09/28 20:09:11.343, 2, 28.53, 1063
2026/09/28 20:09:11.346, 3, 29.72, 1063
2026/09/28 20:09:11.549, 0, 30.22, 1063
2026/09/28 20:09:11.552, 1, 31.92, 1063
2026/09/28 20:09:11.555, 2, 28.53, 1063
2026/09/28 20:09:11.558, 3, 29.72, 1063
2026/09/28 20:09:11.761, 0, 30.48, 1063
2026/09/28 20:09:11.764, 1, 32.16, 1063
2026/09/28 20:09:11.767, 2, 28.53, 1063
2026/09/28 20:09:11.770, 3, 29.72, 1063
2026/09/28 20:09:11.973, 0, 30.24, 1063
2026/09/28 20:09:11.976, 1, 31.92, 1063
2026/09/28 20:09:11.979, 2, 28.53, 1063
2026/09/28 20:09:11.982, 3, 29.72, 1063
2026/09/28 20:09:12.187, 0, 30.48, 1063
2026/09/28 20:09:12.190, 1, 32.16, 1063
2026/09/28 20:09:12.193, 2, 28.53, 1063
2026/09/28 20:09:12.196, 3, 29.72, 1063
2026/09/28 20:09:12.399, 0, 30.48, 1063
2026/09/28 20:09:12.402, 1, 32.16, 1063
2026/09/28 20:09:12.405, 2, 28.53, 1063
2026/09/28 20:09:12.408, 3, 29.72, 1063
2026/09/28 20:09:12.611, 0, 30.22, 1063
2026/09/28 20:09:12.613, 1, 32.15, 1063
2026/09/28 20:09:12.616, 2, 28.53, 1063
2026/09/28 20:09:12.619, 3, 29.72, 1063
2026/09/28 20:09:12.822, 0, 30.48, 1063
2026/09/28 20:09:12.829, 1, 32.16, 1063
2026/09/28 20:09:12.832, 2, 28.53, 1063
2026/09/28 20:09:12.834, 3, 29.72, 1063
2026/09/28 20:09:13.037, 0, 30.24, 1063
2026/09/28 20:09:13.040, 1, 31.92, 1063
2026/09/28 20:09:13.043, 2, 28.53, 1063
2026/09/28 20:09:13.047, 3, 29.72, 1063
2026/09/28 20:09:13.250, 0, 30.48, 1063
2026/09/28 20:09:13.253, 1, 31.92, 1063
2026/09/28 20:09:13.256, 2, 28.53, 1063
2026/09/28 20:09:13.258, 3, 29.72, 1063
2026/09/28 20:09:13.461, 0, 30.46, 1063
2026/09/28 20:09:13.465, 1, 32.16, 1063
2026/09/28 20:09:13.470, 2, 28.53, 1063
2026/09/28 20:09:13.474, 3, 29.72, 1063
2026/09/28 20:09:13.677, 0, 30.24, 1063
2026/09/28 20:09:13.681, 1, 32.16, 1063
2026/09/28 20:09:13.683, 2, 28.53, 1063
2026/09/28 20:09:13.686, 3, 29.72, 1063
2026/09/28 20:09:13.889, 0, 30.48, 1063
2026/09/28 20:09:13.892, 1, 32.16, 1063
2026/09/28 20:09:13.895, 2, 28.53, 1063
2026/09/28 20:09:13.898, 3, 29.72, 1063
2026/09/28 20:09:14.101, 0, 30.24, 1063
2026/09/28 20:09:14.104, 1, 31.92, 1063
2026/09/28 20:09:14.109, 2, 28.53, 1063
2026/09/28 20:09:14.114, 3, 29.72, 1063
2026/09/28 20:09:14.317, 0, 30.24, 1063
2026/09/28 20:09:14.320, 1, 32.16, 1063
2026/09/28 20:09:14.323, 2, 28.53, 1063
2026/09/28 20:09:14.326, 3, 29.72, 1063
2026/09/28 20:09:14.529, 0, 30.46, 1063
2026/09/28 20:09:14.536, 1, 31.91, 1063
2026/09/28 20:09:14.538, 2, 28.53, 1063
2026/09/28 20:09:14.541, 3, 29.72, 1063
2026/09/28 20:09:14.747, 0, 30.48, 1063
2026/09/28 20:09:14.750, 1, 32.16, 1063
2026/09/28 20:09:14.753, 2, 28.53, 1063
2026/09/28 20:09:14.756, 3, 29.72, 1063
2026/09/28 20:09:14.959, 0, 30.48, 1063
2026/09/28 20:09:14.962, 1, 31.92, 1063
2026/09/28 20:09:14.965, 2, 28.53, 1063
2026/09/28 20:09:14.968, 3, 29.72, 1063
2026/09/28 20:09:15.171, 0, 30.24, 1063
2026/09/28 20:09:15.174, 1, 31.92, 1063
2026/09/28 20:09:15.177, 2, 28.53, 1063
2026/09/28 20:09:15.180, 3, 29.72, 1063
2026/09/28 20:09:15.383, 0, 30.48, 1063
2026/09/28 20:09:15.386, 1, 31.92, 1063
2026/09/28 20:09:15.389, 2, 28.53, 1063
2026/09/28 20:09:15.393, 3, 29.72, 1063
2026/09/28 20:09:15.596, 0, 30.46, 1063
2026/09/28 20:09:15.601, 1, 31.90, 1063
2026/09/28 20:09:15.604, 2, 28.53, 1063
2026/09/28 20:09:15.607, 3, 29.72, 1063
2026/09/28 20:09:15.811, 0, 30.24, 1063
2026/09/28 20:09:15.814, 1, 32.16, 1063
2026/09/28 20:09:15.816, 2, 28.53, 1063
2026/09/28 20:09:15.819, 3, 29.72, 1063
2026/09/28 20:09:16.022, 0, 30.24, 1063
2026/09/28 20:09:16.025, 1, 32.16, 1063
2026/09/28 20:09:16.028, 2, 28.53, 1063
2026/09/28 20:09:16.033, 3, 29.72, 1063
2026/09/28 20:09:16.236, 0, 30.24, 1063
2026/09/28 20:09:16.239, 1, 31.92, 1063
2026/09/28 20:09:16.242, 2, 28.53, 1063
2026/09/28 20:09:16.245, 3, 29.72, 1063
2026/09/28 20:09:16.448, 0, 30.48, 1063
2026/09/28 20:09:16.451, 1, 32.16, 1063
2026/09/28 20:09:16.453, 2, 28.53, 1063
2026/09/28 20:09:16.456, 3, 29.72, 1063
2026/09/28 20:09:16.659, 0, 30.24, 1063
2026/09/28 20:09:16.665, 1, 32.16, 1063
2026/09/28 20:09:16.668, 2, 28.53, 1063
2026/09/28 20:09:16.673, 3, 29.72, 1063
2026/09/28 20:09:16.876, 0, 30.48, 1063
2026/09/28 20:09:16.879, 1, 32.16, 1063
2026/09/28 20:09:16.882, 2, 28.53, 1063
2026/09/28 20:09:16.884, 3, 29.72, 1063
2026/09/28 20:09:17.087, 0, 30.48, 1063
2026/09/28 20:09:17.090, 1, 32.16, 1063
2026/09/28 20:09:17.093, 2, 28.53, 1063
2026/09/28 20:09:17.096, 3, 29.72, 1063
2026/09/28 20:09:17.299, 0, 30.48, 1063
2026/09/28 20:09:17.304, 1, 31.92, 1063
2026/09/28 20:09:17.308, 2, 28.53, 1063
2026/09/28 20:09:17.312, 3, 29.72, 1063
2026/09/28 20:09:17.515, 0, 30.46, 1063
2026/09/28 20:09:17.518, 1, 31.90, 1063
2026/09/28 20:09:17.521, 2, 28.29, 1063
2026/09/28 20:09:17.524, 3, 29.72, 1063
2026/09/28 20:09:17.727, 0, 30.24, 1063
2026/09/28 20:09:17.730, 1, 32.16, 1063
2026/09/28 20:09:17.733, 2, 28.53, 1063
2026/09/28 20:09:17.736, 3, 29.72, 1063
2026/09/28 20:09:17.939, 0, 30.23, 1063
2026/09/28 20:09:17.944, 1, 32.16, 1063
2026/09/28 20:09:17.947, 2, 28.53, 1063
2026/09/28 20:09:17.952, 3, 29.72, 1063
2026/09/28 20:09:18.155, 0, 30.24, 1063
2026/09/28 20:09:18.158, 1, 32.16, 1063
2026/09/28 20:09:18.161, 2, 28.53, 1063
2026/09/28 20:09:18.164, 3, 29.72, 1063
2026/09/28 20:09:18.367, 0, 30.48, 1063
2026/09/28 20:09:18.370, 1, 32.16, 1063
2026/09/28 20:09:18.373, 2, 28.53, 1063
2026/09/28 20:09:18.375, 3, 29.72, 1063
2026/09/28 20:09:18.578, 0, 30.46, 1063
2026/09/28 20:09:18.584, 1, 32.15, 1063
2026/09/28 20:09:18.587, 2, 28.53, 1063
2026/09/28 20:09:18.590, 3, 29.72, 1063
2026/09/28 20:09:18.793, 0, 30.48, 1063
2026/09/28 20:09:18.796, 1, 32.16, 1063
2026/09/28 20:09:18.799, 2, 28.53, 1063
2026/09/28 20:09:18.802, 3, 29.72, 1063
2026/09/28 20:09:19.005, 0, 30.24, 1063
2026/09/28 20:09:19.008, 1, 32.16, 1063
2026/09/28 20:09:19.011, 2, 28.53, 1063
2026/09/28 20:09:19.016, 3, 29.72, 1063
2026/09/28 20:09:19.219, 0, 30.48, 1063
2026/09/28 20:09:19.223, 1, 31.92, 1063
2026/09/28 20:09:19.227, 2, 28.53, 1063
2026/09/28 20:09:19.230, 3, 29.72, 1063
2026/09/28 20:09:19.433, 0, 30.48, 1063
2026/09/28 20:09:19.436, 1, 32.16, 1063
2026/09/28 20:09:19.439, 2, 28.53, 1063
2026/09/28 20:09:19.442, 3, 29.72, 1063
2026/09/28 20:09:19.645, 0, 30.48, 1063
2026/09/28 20:09:19.648, 1, 32.16, 1063
2026/09/28 20:09:19.651, 2, 28.53, 1063
2026/09/28 20:09:19.654, 3, 29.72, 1063
2026/09/28 20:09:19.857, 0, 30.48, 1063
2026/09/28 20:09:19.863, 1, 32.16, 1063
2026/09/28 20:09:19.866, 2, 28.53, 1063
2026/09/28 20:09:19.869, 3, 29.72, 1063
2026/09/28 20:09:20.072, 0, 30.24, 1063
2026/09/28 20:09:20.075, 1, 32.16, 1063
2026/09/28 20:09:20.078, 2, 28.53, 1063
2026/09/28 20:09:20.081, 3, 29.72, 1063
2026/09/28 20:09:20.284, 0, 30.48, 1063
2026/09/28 20:09:20.287, 1, 32.16, 1063
2026/09/28 20:09:20.290, 2, 28.53, 1063
2026/09/28 20:09:20.293, 3, 29.72, 1063
2026/09/28 20:09:20.496, 0, 30.46, 1063
2026/09/28 20:09:20.502, 1, 31.90, 1063
2026/09/28 20:09:20.506, 2, 28.53, 1063
2026/09/28 20:09:20.509, 3, 29.72, 1063
2026/09/28 20:09:20.712, 0, 30.48, 1063
2026/09/28 20:09:20.715, 1, 31.92, 1063
2026/09/28 20:09:20.718, 2, 28.53, 1063
2026/09/28 20:09:20.723, 3, 29.72, 1063
2026/09/28 20:09:20.926, 0, 96.22, 1063
2026/09/28 20:09:20.929, 1, 32.14, 1063
2026/09/28 20:09:20.932, 2, 28.53, 1063
2026/09/28 20:09:20.934, 3, 29.72, 1063
2026/09/28 20:09:21.138, 0, 31.42, 1063
2026/09/28 20:09:21.142, 1, 96.36, 1063
2026/09/28 20:09:21.146, 2, 28.53, 1063
2026/09/28 20:09:21.149, 3, 29.70, 1063
2026/09/28 20:09:21.352, 0, 30.94, 1063
2026/09/28 20:09:21.355, 1, 32.38, 1063
2026/09/28 20:09:21.358, 2, 92.51, 1063
2026/09/28 20:09:21.361, 3, 29.72, 1063
2026/09/28 20:09:21.563, 0, 30.94, 1063
2026/09/28 20:09:21.567, 1, 32.14, 1063
2026/09/28 20:09:21.569, 2, 29.24, 1063
2026/09/28 20:09:21.572, 3, 100.58, 1063
2026/09/28 20:09:21.775, 0, 33.12, 1063
2026/09/28 20:09:21.781, 1, 35.52, 1063
2026/09/28 20:09:21.786, 2, 34.55, 1063
2026/09/28 20:09:21.788, 3, 46.82, 1063
2026/09/28 20:09:21.991, 0, 32.64, 1063
2026/09/28 20:09:21.995, 1, 35.04, 1063
2026/09/28 20:09:21.998, 2, 34.07, 1063
2026/09/28 20:09:22.000, 3, 43.44, 1063
2026/09/28 20:09:22.203, 0, 45.66, 1063
2026/09/28 20:09:22.206, 1, 34.31, 1063
2026/09/28 20:09:22.209, 2, 32.62, 1063
2026/09/28 20:09:22.212, 3, 38.86, 1063
2026/09/28 20:09:22.415, 0, 60.12, 1063
2026/09/28 20:09:22.421, 1, 44.92, 1063
2026/09/28 20:09:22.425, 2, 30.69, 1063
2026/09/28 20:09:22.429, 3, 33.81, 1063
2026/09/28 20:09:22.632, 0, 52.16, 1063
2026/09/28 20:09:22.635, 1, 61.03, 1063
2026/09/28 20:09:22.638, 2, 38.90, 1063
2026/09/28 20:09:22.641, 3, 33.09, 1063
2026/09/28 20:09:22.844, 0, 50.22, 1063
2026/09/28 20:09:22.847, 1, 62.48, 1063
2026/09/28 20:09:22.850, 2, 39.38, 1063
2026/09/28 20:09:22.853, 3, 32.36, 1063
2026/09/28 20:09:23.056, 0, 43.49, 1063
2026/09/28 20:09:23.061, 1, 50.71, 1063
2026/09/28 20:09:23.065, 2, 58.16, 1063
2026/09/28 20:09:23.069, 3, 40.32, 1063
2026/09/28 20:09:23.272, 0, 38.17, 1063
2026/09/28 20:09:23.275, 1, 44.44, 1063
2026/09/28 20:09:23.278, 2, 50.95, 1063
2026/09/28 20:09:23.281, 3, 54.54, 1063
2026/09/28 20:09:23.484, 0, 36.00, 1063
2026/09/28 20:09:23.487, 1, 40.81, 1063
2026/09/28 20:09:23.489, 2, 44.67, 1063
2026/09/28 20:09:23.492, 3, 68.22, 1063
2026/09/28 20:09:23.695, 0, 34.57, 1063
2026/09/28 20:09:23.700, 1, 37.94, 1063
2026/09/28 20:09:23.705, 2, 39.14, 1063
2026/09/28 20:09:23.708, 3, 57.89, 1063
2026/09/28 20:09:23.911, 0, 33.10, 1063
2026/09/28 20:09:23.914, 1, 36.25, 1063
2026/09/28 20:09:23.917, 2, 36.24, 1063
2026/09/28 20:09:23.920, 3, 48.75, 1063
2026/09/28 20:09:24.123, 0, 33.12, 1063
2026/09/28 20:09:24.126, 1, 36.25, 1063
2026/09/28 20:09:24.129, 2, 35.76, 1063
2026/09/28 20:09:24.132, 3, 47.31, 1063
2026/09/28 20:09:24.335, 0, 32.64, 1063
2026/09/28 20:09:24.340, 1, 34.80, 1063
2026/09/28 20:09:24.345, 2, 33.10, 1063
2026/09/28 20:09:24.348, 3, 40.81, 1063
2026/09/28 20:09:24.551, 0, 50.98, 1063
2026/09/28 20:09:24.554, 1, 33.83, 1063
2026/09/28 20:09:24.557, 2, 31.67, 1063
2026/09/28 20:09:24.560, 3, 36.71, 1063
2026/09/28 20:09:24.763, 0, 57.96, 1063
2026/09/28 20:09:24.766, 1, 33.59, 1063
2026/09/28 20:09:24.768, 2, 31.41, 1063
2026/09/28 20:09:24.771, 3, 35.50, 1063
2026/09/28 20:09:24.974, 0, 54.81, 1063
2026/09/28 20:09:24.980, 1, 60.09, 1063
2026/09/28 20:09:24.984, 2, 36.00, 1063
2026/09/28 20:09:24.987, 3, 32.84, 1063
2026/09/28 20:09:25.190, 0, 46.15, 1063
2026/09/28 20:09:25.193, 1, 57.44, 1063
2026/09/28 20:09:25.196, 2, 49.02, 1063
2026/09/28 20:09:25.199, 3, 31.89, 1063
2026/09/28 20:09:25.402, 0, 41.56, 1063
2026/09/28 20:09:25.405, 1, 49.02, 1063
2026/09/28 20:09:25.408, 2, 58.89, 1063
2026/09/28 20:09:25.411, 3, 40.81, 1063
2026/09/28 20:09:25.614, 0, 37.69, 1063
2026/09/28 20:09:25.620, 1, 42.50, 1063
2026/09/28 20:09:25.624, 2, 47.81, 1063
2026/09/28 20:09:25.627, 3, 58.85, 1063
2026/09/28 20:09:25.830, 0, 35.76, 1063
2026/09/28 20:09:25.833, 1, 40.57, 1063
2026/09/28 20:09:25.836, 2, 43.95, 1063
2026/09/28 20:09:25.839, 3, 67.97, 1063
2026/09/28 20:09:26.042, 0, 35.76, 1063
2026/09/28 20:09:26.045, 1, 40.33, 1063
2026/09/28 20:09:26.045, 2, 41.78, 1063
2026/09/28 20:09:26.049, 3, 63.67, 1063
2026/09/28 20:09:26.252, 0, 34.31, 1063
2026/09/28 20:09:26.255, 1, 37.92, 1063
2026/09/28 20:09:26.258, 2, 38.90, 1063
2026/09/28 20:09:26.261, 3, 57.68, 1063
2026/09/28 20:09:26.464, 0, 33.34, 1063
2026/09/28 20:09:26.467, 1, 36.49, 1063
2026/09/28 20:09:26.469, 2, 36.24, 1063
2026/09/28 20:09:26.472, 3, 49.24, 1063
2026/09/28 20:09:26.675, 0, 32.64, 1063
2026/09/28 20:09:26.680, 1, 35.04, 1063
2026/09/28 20:09:26.685, 2, 33.83, 1063
2026/09/28 20:09:26.688, 3, 41.99, 1063
2026/09/28 20:09:26.891, 0, 36.00, 1063
2026/09/28 20:09:26.894, 1, 34.56, 1063
2026/09/28 20:09:26.897, 2, 32.86, 1063
2026/09/28 20:09:26.900, 3, 40.06, 1063
2026/09/28 20:09:27.103, 0, 40.35, 1063
2026/09/28 20:09:27.106, 1, 34.31, 1063
2026/09/28 20:09:27.109, 2, 32.86, 1063
2026/09/28 20:09:27.112, 3, 39.12, 1063
2026/09/28 20:09:27.315, 0, 52.91, 1063
2026/09/28 20:09:27.320, 1, 34.07, 1063
2026/09/28 20:09:27.323, 2, 31.89, 1063
2026/09/28 20:09:27.326, 3, 36.95, 1063
2026/09/28 20:09:27.529, 0, 64.19, 1063
2026/09/28 20:09:27.532, 1, 45.40, 1063
2026/09/28 20:09:27.535, 2, 30.93, 1063
2026/09/28 20:09:27.538, 3, 34.53, 1063
2026/09/28 20:09:27.741, 0, 60.12, 1063
2026/09/28 20:09:27.744, 1, 61.06, 1063
2026/09/28 20:09:27.751, 2, 35.03, 1063
2026/09/28 20:09:27.754, 3, 32.12, 1063
2026/09/28 20:09:27.959, 0, 43.97, 1063
2026/09/28 20:09:27.962, 1, 55.06, 1063
2026/09/28 20:09:27.965, 2, 51.44, 1063
2026/09/28 20:09:27.968, 3, 31.65, 1063
2026/09/28 20:09:28.171, 0, 41.56, 1063
2026/09/28 20:09:28.174, 1, 51.20, 1063
2026/09/28 20:09:28.177, 2, 57.44, 1063
2026/09/28 20:09:28.180, 3, 39.10, 1063
2026/09/28 20:09:28.383, 0, 40.59, 1063
2026/09/28 20:09:28.386, 1, 49.02, 1063
2026/09/28 20:09:28.389, 2, 58.64, 1063
2026/09/28 20:09:28.392, 3, 43.44, 1063
2026/09/28 20:09:28.595, 0, 38.17, 1063
2026/09/28 20:09:28.599, 1, 44.92, 1063
2026/09/28 20:09:28.602, 2, 50.47, 1063
2026/09/28 20:09:28.605, 3, 54.54, 1063
2026/09/28 20:09:28.808, 0, 37.47, 1063
2026/09/28 20:09:28.811, 1, 41.54, 1063
2026/09/28 20:09:28.816, 2, 45.40, 1063
2026/09/28 20:09:28.819, 3, 64.63, 1063
2026/09/28 20:09:29.022, 0, 36.02, 1063
2026/09/28 20:09:29.025, 1, 40.60, 1063
2026/09/28 20:09:29.028, 2, 44.43, 1063
2026/09/28 20:09:29.031, 3, 67.98, 1063
2026/09/28 20:09:29.234, 0, 34.57, 1063
2026/09/28 20:09:29.239, 1, 38.42, 1063
2026/09/28 20:09:29.241, 2, 39.63, 1063
2026/09/28 20:09:29.245, 3, 57.89, 1063
2026/09/28 20:09:29.448, 0, 32.88, 1063
2026/09/28 20:09:29.451, 1, 36.00, 1063
2026/09/28 20:09:29.454, 2, 35.52, 1063
2026/09/28 20:09:29.456, 3, 46.58, 1063
2026/09/28 20:09:29.659, 0, 36.48, 1063
2026/09/28 20:09:29.663, 1, 34.80, 1063
2026/09/28 20:09:29.665, 2, 33.34, 1063
2026/09/28 20:09:29.668, 3, 41.05, 1063
2026/09/28 20:09:29.871, 0, 50.47, 1063
2026/09/28 20:09:29.874, 1, 34.07, 1063
2026/09/28 20:09:29.880, 2, 31.41, 1063
2026/09/28 20:09:29.884, 3, 35.74, 1063
2026/09/28 20:09:30.087, 0, 55.53, 1063
2026/09/28 20:09:30.090, 1, 56.02, 1063
2026/09/28 20:09:30.093, 2, 30.44, 1063
2026/09/28 20:09:30.096, 3, 33.09, 1063
2026/09/28 20:09:30.300, 0, 46.87, 1063
2026/09/28 20:09:30.303, 1, 59.85, 1063
2026/09/28 20:09:30.305, 2, 44.43, 1063
2026/09/28 20:09:30.308, 3, 31.89, 1063
2026/09/28 20:09:30.511, 0, 38.90, 1063
2026/09/28 20:09:30.518, 1, 46.37, 1063
2026/09/28 20:09:30.521, 2, 52.61, 1063
2026/09/28 20:09:30.524, 3, 51.38, 1063
2026/09/28 20:09:30.727, 0, 37.45, 1063
2026/09/28 20:09:30.730, 1, 42.50, 1063
2026/09/28 20:09:30.733, 2, 47.81, 1063
2026/09/28 20:09:30.736, 3, 59.09, 1063
2026/09/28 20:09:30.939, 0, 36.49, 1063
2026/09/28 20:09:30.942, 1, 44.44, 1063
2026/09/28 20:09:30.945, 2, 51.92, 1063
2026/09/28 20:09:30.948, 3, 53.79, 1063
2026/09/28 20:09:31.151, 0, 36.75, 1063
2026/09/28 20:09:31.154, 1, 42.02, 1063
2026/09/28 20:09:31.157, 2, 45.64, 1063
2026/09/28 20:09:31.160, 3, 62.70, 1063
2026/09/28 20:09:31.363, 0, 36.00, 1063
2026/09/28 20:09:31.366, 1, 41.29, 1063
2026/09/28 20:09:31.369, 2, 43.22, 1063
2026/09/28 20:09:31.372, 3, 69.67, 1063
2026/09/28 20:09:31.576, 0, 35.06, 1063
2026/09/28 20:09:31.579, 1, 38.88, 1063
2026/09/28 20:09:31.582, 2, 41.08, 1063
2026/09/28 20:09:31.585, 3, 62.23, 1063
2026/09/28 20:09:31.788, 0, 34.31, 1063
2026/09/28 20:09:31.791, 1, 37.94, 1063
2026/09/28 20:09:31.794, 2, 38.66, 1063
2026/09/28 20:09:31.797, 3, 51.40, 1063
2026/09/28 20:09:32.002, 0, 33.12, 1063
2026/09/28 20:09:32.005, 1, 36.49, 1063
2026/09/28 20:09:32.008, 2, 36.00, 1063
2026/09/28 20:09:32.011, 3, 47.78, 1063
2026/09/28 20:09:32.214, 0, 32.64, 1063
2026/09/28 20:09:32.217, 1, 35.52, 1063
2026/09/28 20:09:32.221, 2, 34.79, 1063
2026/09/28 20:09:32.224, 3, 44.65, 1063
2026/09/28 20:09:32.427, 0, 36.98, 1063
2026/09/28 20:09:32.430, 1, 34.56, 1063
2026/09/28 20:09:32.432, 2, 33.10, 1063
2026/09/28 20:09:32.435, 3, 40.09, 1063
2026/09/28 20:09:32.639, 0, 33.12, 1063
2026/09/28 20:09:32.641, 1, 35.76, 1063
2026/09/28 20:09:32.641, 2, 34.55, 1063
2026/09/28 20:09:32.645, 3, 43.95, 1063
2026/09/28 20:09:32.848, 0, 50.98, 1063
2026/09/28 20:09:32.851, 1, 34.07, 1063
2026/09/28 20:09:32.854, 2, 32.38, 1063
2026/09/28 20:09:32.857, 3, 37.67, 1063
2026/09/28 20:09:33.060, 0, 54.33, 1063
2026/09/28 20:09:33.063, 1, 33.83, 1063
2026/09/28 20:09:33.066, 2, 31.89, 1063
2026/09/28 20:09:33.069, 3, 36.71, 1063
2026/09/28 20:09:33.272, 0, 45.66, 1063
2026/09/28 20:09:33.276, 1, 54.06, 1063
2026/09/28 20:09:33.280, 2, 52.37, 1063
2026/09/28 20:09:33.283, 3, 41.77, 1063
2026/09/28 20:09:33.489, 0, 48.05, 1063
2026/09/28 20:09:33.492, 1, 61.54, 1063
2026/09/28 20:09:33.495, 2, 44.43, 1063
2026/09/28 20:09:33.498, 3, 32.36, 1063
2026/09/28 20:09:33.701, 0, 42.52, 1063
2026/09/28 20:09:33.704, 1, 51.68, 1063
2026/09/28 20:09:33.707, 2, 55.75, 1063
2026/09/28 20:09:33.710, 3, 35.98, 1063
2026/09/28 20:09:33.913, 0, 37.71, 1063
2026/09/28 20:09:33.916, 1, 43.47, 1063
2026/09/28 20:09:33.920, 2, 48.30, 1063
2026/09/28 20:09:33.923, 3, 57.44, 1063
2026/09/28 20:09:34.126, 0, 35.78, 1063
2026/09/28 20:09:34.129, 1, 40.33, 1063
2026/09/28 20:09:34.131, 2, 43.49, 1063
2026/09/28 20:09:34.134, 3, 69.42, 1063
2026/09/28 20:09:34.337, 0, 35.05, 1063
2026/09/28 20:09:34.340, 1, 39.15, 1063
2026/09/28 20:09:34.343, 2, 41.29, 1063
2026/09/28 20:09:34.346, 3, 63.91, 1063
2026/09/28 20:09:34.549, 0, 38.17, 1063
2026/09/28 20:09:34.555, 1, 42.99, 1063
2026/09/28 20:09:34.560, 2, 47.57, 1063
2026/09/28 20:09:34.563, 3, 58.12, 1063
2026/09/28 20:09:34.766, 0, 39.62, 1063
2026/09/28 20:09:34.769, 1, 47.58, 1063
2026/09/28 20:09:34.772, 2, 56.47, 1063
2026/09/28 20:09:34.775, 3, 47.06, 1063
2026/09/28 20:09:34.978, 0, 37.93, 1063
2026/09/28 20:09:34.981, 1, 44.19, 1063
2026/09/28 20:09:34.983, 2, 50.23, 1063
2026/09/28 20:09:34.986, 3, 55.75, 1063
2026/09/28 20:09:35.189, 0, 36.72, 1063
2026/09/28 20:09:35.192, 1, 42.26, 1063
2026/09/28 20:09:35.195, 2, 46.61, 1063
2026/09/28 20:09:35.198, 3, 60.78, 1063
2026/09/28 20:09:35.401, 0, 35.29, 1063
2026/09/28 20:09:35.404, 1, 39.85, 1063
2026/09/28 20:09:35.407, 2, 42.98, 1063
2026/09/28 20:09:35.410, 3, 60.09, 1063
2026/09/28 20:09:35.616, 0, 33.58, 1063
2026/09/28 20:09:35.619, 1, 36.47, 1063
2026/09/28 20:09:35.622, 2, 36.24, 1063
2026/09/28 20:09:35.625, 3, 49.24, 1063
2026/09/28 20:09:35.828, 0, 32.64, 1063
2026/09/28 20:09:35.831, 1, 35.28, 1063
2026/09/28 20:09:35.834, 2, 34.07, 1063
2026/09/28 20:09:35.837, 3, 43.20, 1063
2026/09/28 20:09:36.040, 0, 43.49, 1063
2026/09/28 20:09:36.043, 1, 34.31, 1063
2026/09/28 20:09:36.046, 2, 32.62, 1063
2026/09/28 20:09:36.049, 3, 39.12, 1063
2026/09/28 20:09:36.252, 0, 48.56, 1063
2026/09/28 20:09:36.255, 1, 34.07, 1063
2026/09/28 20:09:36.259, 2, 31.89, 1063
2026/09/28 20:09:36.262, 3, 36.93, 1063
2026/09/28 20:09:36.465, 0, 53.85, 1063
2026/09/28 20:09:36.468, 1, 34.07, 1063
2026/09/28 20:09:36.471, 2, 31.65, 1063
2026/09/28 20:09:36.474, 3, 36.70, 1063
2026/09/28 20:09:36.677, 0, 62.77, 1063
2026/09/28 20:09:36.683, 1, 45.64, 1063
2026/09/28 20:09:36.685, 2, 31.17, 1063
2026/09/28 20:09:36.688, 3, 34.53, 1063
2026/09/28 20:09:36.891, 0, 55.06, 1063
2026/09/28 20:09:36.894, 1, 58.40, 1063
2026/09/28 20:09:36.899, 2, 36.24, 1063
2026/09/28 20:09:36.902, 3, 33.33, 1063
2026/09/28 20:09:37.105, 0, 47.84, 1063
2026/09/28 20:09:37.108, 1, 61.54, 1063
2026/09/28 20:09:37.111, 2, 44.19, 1063
2026/09/28 20:09:37.114, 3, 32.36, 1063
2026/09/28 20:09:37.317, 0, 35.28, 1063
2026/09/28 20:09:37.320, 1, 39.62, 1063
2026/09/28 20:09:37.323, 2, 42.74, 1063
2026/09/28 20:09:37.326, 3, 67.98, 1063
2026/09/28 20:09:37.529, 0, 35.03, 1063
2026/09/28 20:09:37.532, 1, 37.67, 1063
2026/09/28 20:09:37.538, 2, 38.18, 1063
2026/09/28 20:09:37.542, 3, 55.72, 1063
2026/09/28 20:09:37.745, 0, 35.51, 1063
2026/09/28 20:09:37.749, 1, 40.33, 1063
2026/09/28 20:09:37.752, 2, 42.74, 1063
2026/09/28 20:09:37.755, 3, 66.81, 1063
2026/09/28 20:09:37.958, 0, 34.08, 1063
2026/09/28 20:09:37.961, 1, 37.45, 1063
2026/09/28 20:09:37.965, 2, 37.93, 1063
2026/09/28 20:09:37.968, 3, 53.55, 1063
2026/09/28 20:09:38.171, 0, 33.12, 1063
2026/09/28 20:09:38.174, 1, 35.76, 1063
2026/09/28 20:09:38.178, 2, 34.55, 1063
2026/09/28 20:09:38.181, 3, 43.95, 1063
2026/09/28 20:09:38.384, 0, 36.97, 1063
2026/09/28 20:09:38.387, 1, 35.04, 1063
2026/09/28 20:09:38.390, 2, 33.34, 1063
2026/09/28 20:09:38.393, 3, 40.55, 1063
2026/09/28 20:09:38.596, 0, 45.42, 1063
2026/09/28 20:09:38.599, 1, 34.07, 1063
2026/09/28 20:09:38.602, 2, 32.62, 1063
2026/09/28 20:09:38.605, 3, 38.40, 1063
2026/09/28 20:09:38.808, 0, 59.15, 1063
2026/09/28 20:09:38.813, 1, 42.26, 1063
2026/09/28 20:09:38.818, 2, 31.17, 1063
2026/09/28 20:09:38.821, 3, 35.01, 1063
2026/09/28 20:09:39.024, 0, 53.85, 1063
2026/09/28 20:09:39.027, 1, 58.40, 1063
2026/09/28 20:09:39.030, 2, 30.44, 1063
2026/09/28 20:09:39.033, 3, 32.84, 1063
2026/09/28 20:09:39.236, 0, 46.60, 1063
2026/09/28 20:09:39.239, 1, 59.13, 1063
2026/09/28 20:09:39.241, 2, 46.85, 1063
2026/09/28 20:09:39.244, 3, 32.38, 1063
2026/09/28 20:09:39.447, 0, 39.14, 1063
2026/09/28 20:09:39.452, 1, 43.95, 1063
2026/09/28 20:09:39.457, 2, 49.74, 1063
2026/09/28 20:09:39.460, 3, 56.68, 1063
2026/09/28 20:09:39.663, 0, 36.24, 1063
2026/09/28 20:09:39.666, 1, 41.30, 1063
2026/09/28 20:09:39.669, 2, 45.16, 1063
2026/09/28 20:09:39.672, 3, 65.57, 1063
2026/09/28 20:09:39.875, 0, 34.09, 1063
2026/09/28 20:09:39.878, 1, 37.45, 1063
2026/09/28 20:09:39.881, 2, 38.18, 1063
2026/09/28 20:09:39.884, 3, 54.75, 1063
2026/09/28 20:09:40.087, 0, 32.88, 1063
2026/09/28 20:09:40.092, 1, 35.28, 1063
2026/09/28 20:09:40.097, 2, 34.07, 1063
2026/09/28 20:09:40.100, 3, 43.23, 1063
2026/09/28 20:09:40.303, 0, 53.13, 1063
2026/09/28 20:09:40.306, 1, 34.31, 1063
2026/09/28 20:09:40.309, 2, 31.89, 1063
2026/09/28 20:09:40.312, 3, 37.19, 1063
2026/09/28 20:09:40.515, 0, 60.12, 1063
2026/09/28 20:09:40.518, 1, 33.83, 1063
2026/09/28 20:09:40.521, 2, 31.65, 1063
2026/09/28 20:09:40.524, 3, 35.49, 1063
2026/09/28 20:09:40.727, 0, 59.40, 1063
2026/09/28 20:09:40.732, 1, 57.92, 1063
2026/09/28 20:09:40.737, 2, 36.73, 1063
2026/09/28 20:09:40.742, 3, 32.84, 1063
2026/09/28 20:09:40.944, 0, 44.21, 1063
2026/09/28 20:09:40.948, 1, 53.82, 1063
2026/09/28 20:09:40.950, 2, 53.33, 1063
2026/09/28 20:09:40.953, 3, 31.65, 1063
2026/09/28 20:09:41.156, 0, 37.69, 1063
2026/09/28 20:09:41.159, 1, 43.71, 1063
2026/09/28 20:09:41.163, 2, 48.30, 1063
2026/09/28 20:09:41.165, 3, 58.37, 1063
2026/09/28 20:09:41.368, 0, 34.79, 1063
2026/09/28 20:09:41.372, 1, 38.16, 1063
2026/09/28 20:09:41.377, 2, 39.12, 1063
2026/09/28 20:09:41.380, 3, 56.23, 1063
2026/09/28 20:09:41.583, 0, 33.58, 1063
2026/09/28 20:09:41.586, 1, 36.97, 1063
2026/09/28 20:09:41.589, 2, 36.73, 1063
2026/09/28 20:09:41.592, 3, 50.41, 1063
2026/09/28 20:09:41.795, 0, 33.12, 1063
2026/09/28 20:09:41.798, 1, 36.00, 1063
2026/09/28 20:09:41.801, 2, 34.55, 1063
2026/09/28 20:09:41.806, 3, 43.93, 1063
2026/09/28 20:09:42.009, 0, 31.19, 1063
2026/09/28 20:09:42.012, 1, 32.40, 1063
2026/09/28 20:09:42.016, 2, 29.01, 1063
2026/09/28 20:09:42.019, 3, 30.20, 1063
2026/09/28 20:09:42.222, 0, 101.22, 1063
2026/09/28 20:09:42.225, 1, 32.38, 1063
2026/09/28 20:09:42.228, 2, 28.77, 1063
2026/09/28 20:09:42.231, 3, 29.95, 1063
2026/09/28 20:09:42.436, 0, 31.18, 1063
2026/09/28 20:09:42.439, 1, 97.08, 1063
2026/09/28 20:09:42.442, 2, 28.75, 1063
2026/09/28 20:09:42.445, 3, 29.94, 1063
2026/09/28 20:09:42.648, 0, 31.19, 1063
2026/09/28 20:09:42.652, 1, 32.86, 1063
2026/09/28 20:09:42.656, 2, 90.58, 1063
2026/09/28 20:09:42.659, 3, 29.95, 1063
2026/09/28 20:09:42.862, 0, 31.19, 1063
2026/09/28 20:09:42.865, 1, 32.62, 1063
2026/09/28 20:09:42.868, 2, 29.50, 1063
2026/09/28 20:09:42.874, 3, 48.51, 1063
2026/09/28 20:09:43.079, 0, 44.45, 1063
2026/09/28 20:09:43.082, 1, 55.06, 1063
2026/09/28 20:09:43.085, 2, 49.50, 1063
2026/09/28 20:09:43.088, 3, 33.32, 1063
2026/09/28 20:09:43.292, 0, 40.35, 1063
2026/09/28 20:09:43.295, 1, 49.02, 1063
2026/09/28 20:09:43.298, 2, 57.20, 1063
2026/09/28 20:09:43.300, 3, 46.31, 1063
2026/09/28 20:09:43.503, 0, 34.55, 1063
2026/09/28 20:09:43.510, 1, 37.19, 1063
2026/09/28 20:09:43.515, 2, 37.45, 1063
2026/09/28 20:09:43.519, 3, 51.89, 1063
2026/09/28 20:09:43.722, 0, 33.12, 1063
2026/09/28 20:09:43.725, 1, 36.49, 1063
2026/09/28 20:09:43.728, 2, 36.25, 1063
2026/09/28 20:09:43.731, 3, 49.23, 1063
2026/09/28 20:09:43.934, 0, 34.57, 1063
2026/09/28 20:09:43.937, 1, 35.04, 1063
2026/09/28 20:09:43.940, 2, 33.83, 1063
2026/09/28 20:09:43.943, 3, 41.76, 1063
2026/09/28 20:09:44.146, 0, 44.43, 1063
2026/09/28 20:09:44.149, 1, 34.07, 1063
2026/09/28 20:09:44.155, 2, 31.41, 1063
2026/09/28 20:09:44.161, 3, 35.74, 1063
2026/09/28 20:09:44.364, 0, 56.74, 1063
2026/09/28 20:09:44.369, 1, 62.48, 1063
2026/09/28 20:09:44.375, 2, 45.64, 1063
2026/09/28 20:09:44.381, 3, 31.89, 1063
2026/09/28 20:09:44.584, 0, 43.25, 1063
2026/09/28 20:09:44.589, 1, 49.02, 1063
2026/09/28 20:09:44.595, 2, 51.16, 1063
2026/09/28 20:09:44.601, 3, 54.03, 1063
2026/09/28 20:09:44.804, 0, 35.76, 1063
2026/09/28 20:09:44.809, 1, 38.88, 1063
2026/09/28 20:09:44.815, 2, 37.93, 1063
2026/09/28 20:09:44.821, 3, 54.30, 1063
2026/09/28 20:09:45.024, 0, 32.64, 1063
2026/09/28 20:09:45.029, 1, 34.80, 1063
2026/09/28 20:09:45.035, 2, 32.62, 1063
2026/09/28 20:09:45.041, 3, 38.39, 1063
2026/09/28 20:09:45.244, 0, 62.26, 1063
2026/09/28 20:09:45.249, 1, 55.03, 1063
2026/09/28 20:09:45.255, 2, 36.73, 1063
2026/09/28 20:09:45.261, 3, 32.84, 1063
2026/09/28 20:09:45.464, 0, 40.11, 1063
2026/09/28 20:09:45.469, 1, 44.67, 1063
2026/09/28 20:09:45.475, 2, 46.61, 1063
2026/09/28 20:09:45.480, 3, 62.44, 1063
2026/09/28 20:09:45.683, 0, 35.04, 1063
2026/09/28 20:09:45.689, 1, 37.92, 1063
2026/09/28 20:09:45.694, 2, 36.73, 1063
2026/09/28 20:09:45.701, 3, 50.20, 1063
2026/09/28 20:09:45.904, 0, 43.72, 1063
2026/09/28 20:09:45.908, 1, 34.56, 1063
2026/09/28 20:09:45.914, 2, 31.89, 1063
2026/09/28 20:09:45.920, 3, 36.95, 1063
2026/09/28 20:09:46.123, 0, 56.99, 1063
2026/09/28 20:09:46.128, 1, 62.51, 1063
2026/09/28 20:09:46.134, 2, 47.09, 1063
2026/09/28 20:09:46.140, 3, 32.36, 1063
2026/09/28 20:09:46.343, 0, 40.11, 1063
2026/09/28 20:09:46.348, 1, 44.92, 1063
2026/09/28 20:09:46.354, 2, 46.36, 1063
2026/09/28 20:09:46.360, 3, 61.95, 1063
2026/09/28 20:09:46.563, 0, 33.84, 1063
2026/09/28 20:09:46.568, 1, 36.25, 1063
2026/09/28 20:09:46.574, 2, 34.31, 1063
2026/09/28 20:09:46.580, 3, 43.93, 1063
2026/09/28 20:09:46.783, 0, 43.25, 1063
2026/09/28 20:09:46.788, 1, 34.07, 1063
2026/09/28 20:09:46.794, 2, 31.65, 1063
2026/09/28 20:09:46.800, 3, 35.74, 1063
2026/09/28 20:09:47.003, 0, 50.47, 1063
2026/09/28 20:09:47.008, 1, 58.65, 1063
2026/09/28 20:09:47.014, 2, 55.99, 1063
2026/09/28 20:09:47.020, 3, 34.76, 1063
2026/09/28 20:09:47.223, 0, 37.93, 1063
2026/09/28 20:09:47.229, 1, 42.26, 1063
2026/09/28 20:09:47.234, 2, 43.01, 1063
2026/09/28 20:09:47.240, 3, 68.74, 1063
2026/09/28 20:09:47.443, 0, 34.57, 1063
2026/09/28 20:09:47.448, 1, 37.70, 1063
2026/09/28 20:09:47.454, 2, 36.49, 1063
2026/09/28 20:09:47.460, 3, 48.99, 1063
2026/09/28 20:09:47.662, 0, 32.88, 1063
2026/09/28 20:09:47.669, 1, 34.56, 1063
2026/09/28 20:09:47.674, 2, 32.38, 1063
2026/09/28 20:09:47.679, 3, 37.41, 1063
2026/09/28 20:09:47.882, 0, 58.20, 1063
2026/09/28 20:09:47.888, 1, 41.54, 1063
2026/09/28 20:09:47.893, 2, 30.94, 1063
2026/09/28 20:09:47.899, 3, 33.81, 1063
2026/09/28 20:09:48.102, 0, 50.23, 1063
2026/09/28 20:09:48.108, 1, 59.61, 1063
2026/09/28 20:09:48.113, 2, 52.85, 1063
2026/09/28 20:09:48.119, 3, 32.36, 1063
2026/09/28 20:09:48.322, 0, 38.41, 1063
2026/09/28 20:09:48.328, 1, 43.23, 1063
2026/09/28 20:09:48.333, 2, 44.43, 1063
2026/09/28 20:09:48.339, 3, 69.42, 1063
2026/09/28 20:09:48.542, 0, 34.31, 1063
2026/09/28 20:09:48.548, 1, 37.21, 1063
2026/09/28 20:09:48.554, 2, 36.00, 1063
2026/09/28 20:09:48.559, 3, 49.23, 1063
2026/09/28 20:09:48.762, 0, 51.19, 1063
2026/09/28 20:09:48.768, 1, 34.31, 1063
2026/09/28 20:09:48.775, 2, 31.67, 1063
2026/09/28 20:09:48.779, 3, 36.93, 1063
2026/09/28 20:09:48.982, 0, 57.70, 1063
2026/09/28 20:09:48.985, 1, 53.61, 1063
2026/09/28 20:09:48.988, 2, 30.94, 1063
2026/09/28 20:09:48.991, 3, 34.05, 1063
2026/09/28 20:09:49.194, 0, 47.35, 1063
2026/09/28 20:09:49.197, 1, 60.09, 1063
2026/09/28 20:09:49.200, 2, 48.06, 1063
2026/09/28 20:09:49.203, 3, 32.13, 1063
2026/09/28 20:09:49.408, 0, 38.41, 1063
2026/09/28 20:09:49.411, 1, 45.16, 1063
2026/09/28 20:09:49.414, 2, 48.30, 1063
2026/09/28 20:09:49.419, 3, 57.65, 1063
2026/09/28 20:09:49.622, 0, 35.51, 1063
2026/09/28 20:09:49.628, 1, 39.87, 1063
2026/09/28 20:09:49.632, 2, 42.02, 1063
2026/09/28 20:09:49.635, 3, 66.05, 1063
2026/09/28 20:09:49.838, 0, 45.66, 1063
2026/09/28 20:09:49.841, 1, 34.80, 1063
2026/09/28 20:09:49.844, 2, 33.10, 1063
2026/09/28 20:09:49.846, 3, 40.08, 1063
2026/09/28 20:09:50.049, 0, 61.81, 1063
2026/09/28 20:09:50.052, 1, 38.90, 1063
2026/09/28 20:09:50.055, 2, 31.67, 1063
2026/09/28 20:09:50.058, 3, 37.19, 1063
2026/09/28 20:09:50.261, 0, 53.39, 1063
2026/09/28 20:09:50.264, 1, 57.92, 1063
2026/09/28 20:09:50.267, 2, 30.70, 1063
2026/09/28 20:09:50.270, 3, 33.33, 1063
2026/09/28 20:09:50.473, 0, 47.57, 1063
2026/09/28 20:09:50.477, 1, 55.27, 1063
2026/09/28 20:09:50.482, 2, 51.89, 1063
2026/09/28 20:09:50.485, 3, 31.88, 1063
2026/09/28 20:09:50.688, 0, 41.31, 1063
2026/09/28 20:09:50.691, 1, 50.23, 1063
2026/09/28 20:09:50.694, 2, 57.92, 1063
2026/09/28 20:09:50.698, 3, 47.31, 1063
2026/09/28 20:09:50.902, 0, 37.45, 1063
2026/09/28 20:09:50.907, 1, 43.47, 1063
2026/09/28 20:09:50.910, 2, 49.02, 1063
2026/09/28 20:09:50.913, 3, 58.61, 1063
2026/09/28 20:09:51.116, 0, 36.51, 1063
2026/09/28 20:09:51.119, 1, 41.30, 1063
2026/09/28 20:09:51.122, 2, 45.64, 1063
2026/09/28 20:09:51.125, 3, 65.09, 1063
2026/09/28 20:09:51.328, 0, 34.31, 1063
2026/09/28 20:09:51.331, 1, 37.94, 1063
2026/09/28 20:09:51.334, 2, 38.90, 1063
2026/09/28 20:09:51.338, 3, 56.47, 1063
2026/09/28 20:09:51.540, 0, 37.21, 1063
2026/09/28 20:09:51.544, 1, 34.54, 1063
2026/09/28 20:09:51.548, 2, 32.86, 1063
2026/09/28 20:09:51.551, 3, 39.58, 1063
2026/09/28 20:09:51.754, 0, 46.39, 1063
2026/09/28 20:09:51.757, 1, 34.31, 1063
2026/09/28 20:09:51.760, 2, 32.62, 1063
2026/09/28 20:09:51.762, 3, 36.95, 1063
2026/09/28 20:09:51.968, 0, 56.99, 1063
2026/09/28 20:09:51.971, 1, 53.10, 1063
2026/09/28 20:09:51.974, 2, 30.69, 1063
2026/09/28 20:09:51.977, 3, 33.57, 1063
2026/09/28 20:09:52.180, 0, 45.18, 1063
2026/09/28 20:09:52.183, 1, 50.95, 1063
2026/09/28 20:09:52.189, 2, 57.68, 1063
2026/09/28 20:09:52.192, 3, 40.55, 1063
2026/09/28 20:09:52.395, 0, 38.66, 1063
2026/09/28 20:09:52.398, 1, 45.16, 1063
2026/09/28 20:09:52.401, 2, 51.44, 1063
2026/09/28 20:09:52.405, 3, 55.75, 1063
2026/09/28 20:09:52.608, 0, 36.00, 1063
2026/09/28 20:09:52.611, 1, 40.81, 1063
2026/09/28 20:09:52.614, 2, 43.95, 1063
2026/09/28 20:09:52.617, 3, 68.46, 1063
2026/09/28 20:09:52.820, 0, 34.31, 1063
2026/09/28 20:09:52.826, 1, 37.69, 1063
2026/09/28 20:09:52.829, 2, 38.18, 1063
2026/09/28 20:09:52.832, 3, 54.75, 1063
2026/09/28 20:09:53.035, 0, 33.36, 1063
2026/09/28 20:09:53.038, 1, 36.00, 1063
2026/09/28 20:09:53.041, 2, 35.52, 1063
2026/09/28 20:09:53.044, 3, 46.82, 1063
2026/09/28 20:09:53.248, 0, 32.64, 1063
2026/09/28 20:09:53.250, 1, 35.28, 1063
2026/09/28 20:09:53.253, 2, 33.82, 1063
2026/09/28 20:09:53.257, 3, 42.98, 1063
2026/09/28 20:09:53.460, 0, 48.31, 1063
2026/09/28 20:09:53.466, 1, 34.31, 1063
2026/09/28 20:09:53.470, 2, 32.13, 1063
2026/09/28 20:09:53.473, 3, 37.19, 1063
2026/09/28 20:09:53.676, 0, 63.46, 1063
2026/09/28 20:09:53.679, 1, 42.26, 1063
2026/09/28 20:09:53.682, 2, 31.17, 1063
2026/09/28 20:09:53.685, 3, 34.53, 1063
2026/09/28 20:09:53.889, 0, 50.49, 1063
2026/09/28 20:09:53.892, 1, 62.48, 1063
2026/09/28 20:09:53.895, 2, 36.73, 1063
2026/09/28 20:09:53.898, 3, 32.84, 1063
2026/09/28 20:09:54.101, 0, 41.56, 1063
2026/09/28 20:09:54.106, 1, 49.99, 1063
2026/09/28 20:09:54.109, 2, 59.13, 1063
2026/09/28 20:09:54.112, 3, 42.98, 1063
2026/09/28 20:09:54.315, 0, 38.41, 1063
2026/09/28 20:09:54.318, 1, 45.41, 1063
2026/09/28 20:09:54.321, 2, 51.19, 1063
2026/09/28 20:09:54.324, 3, 54.06, 1063
2026/09/28 20:09:54.527, 0, 36.48, 1063
2026/09/28 20:09:54.530, 1, 41.78, 1063
2026/09/28 20:09:54.533, 2, 45.40, 1063
2026/09/28 20:09:54.536, 3, 65.32, 1063
2026/09/28 20:09:54.739, 0, 36.97, 1063
2026/09/28 20:09:54.745, 1, 41.78, 1063
2026/09/28 20:09:54.749, 2, 45.88, 1063
2026/09/28 20:09:54.752, 3, 63.64, 1063
2026/09/28 20:09:54.955, 0, 34.32, 1063
2026/09/28 20:09:54.958, 1, 38.18, 1063
2026/09/28 20:09:54.961, 2, 39.38, 1063
2026/09/28 20:09:54.964, 3, 56.47, 1063
2026/09/28 20:09:55.167, 0, 33.82, 1063
2026/09/28 20:09:55.170, 1, 36.97, 1063
2026/09/28 20:09:55.173, 2, 37.45, 1063
2026/09/28 20:09:55.176, 3, 52.13, 1063
2026/09/28 20:09:55.379, 0, 38.42, 1063
2026/09/28 20:09:55.385, 1, 34.80, 1063
2026/09/28 20:09:55.389, 2, 33.10, 1063
2026/09/28 20:09:55.392, 3, 39.12, 1063
2026/09/28 20:09:55.596, 0, 59.39, 1063
2026/09/28 20:09:55.599, 1, 33.81, 1063
2026/09/28 20:09:55.602, 2, 31.41, 1063
2026/09/28 20:09:55.606, 3, 35.50, 1063
2026/09/28 20:09:55.809, 0, 63.02, 1063
2026/09/28 20:09:55.812, 1, 47.81, 1063
2026/09/28 20:09:55.815, 2, 30.93, 1063
2026/09/28 20:09:55.818, 3, 34.29, 1063
2026/09/28 20:09:56.021, 0, 48.80, 1063
2026/09/28 20:09:56.024, 1, 58.40, 1063
2026/09/28 20:09:56.029, 2, 45.64, 1063
2026/09/28 20:09:56.032, 3, 32.13, 1063
2026/09/28 20:09:56.235, 0, 46.63, 1063
2026/09/28 20:09:56.238, 1, 58.16, 1063
2026/09/28 20:09:56.241, 2, 47.57, 1063
2026/09/28 20:09:56.244, 3, 31.88, 1063
2026/09/28 20:09:56.446, 0, 37.69, 1063
2026/09/28 20:09:56.449, 1, 43.71, 1063
2026/09/28 20:09:56.452, 2, 48.53, 1063
2026/09/28 20:09:56.456, 3, 59.78, 1063
2026/09/28 20:09:56.659, 0, 37.21, 1063
2026/09/28 20:09:56.664, 1, 41.53, 1063
2026/09/28 20:09:56.668, 2, 44.92, 1063
2026/09/28 20:09:56.671, 3, 66.77, 1063
2026/09/28 20:09:56.874, 0, 34.81, 1063
2026/09/28 20:09:56.877, 1, 39.15, 1063
2026/09/28 20:09:56.880, 2, 40.81, 1063
2026/09/28 20:09:56.883, 3, 63.92, 1063
2026/09/28 20:09:57.086, 0, 34.81, 1063
2026/09/28 20:09:57.089, 1, 38.66, 1063
2026/09/28 20:09:57.093, 2, 39.63, 1063
2026/09/28 20:09:57.096, 3, 59.61, 1063
2026/09/28 20:09:57.299, 0, 56.50, 1063
2026/09/28 20:09:57.305, 1, 34.31, 1063
2026/09/28 20:09:57.309, 2, 31.89, 1063
2026/09/28 20:09:57.312, 3, 36.95, 1063
2026/09/28 20:09:57.514, 0, 58.88, 1063
2026/09/28 20:09:57.518, 1, 52.61, 1063
2026/09/28 20:09:57.520, 2, 30.68, 1063
2026/09/28 20:09:57.523, 3, 33.81, 1063
2026/09/28 20:09:57.726, 0, 52.88, 1063
2026/09/28 20:09:57.729, 1, 59.85, 1063
2026/09/28 20:09:57.732, 2, 36.49, 1063
2026/09/28 20:09:57.736, 3, 32.86, 1063
2026/09/28 20:09:57.939, 0, 45.42, 1063
2026/09/28 20:09:57.942, 1, 51.44, 1063
2026/09/28 20:09:57.948, 2, 56.23, 1063
2026/09/28 20:09:57.951, 3, 36.46, 1063
2026/09/28 20:09:58.154, 0, 39.38, 1063
2026/09/28 20:09:58.157, 1, 46.37, 1063
2026/09/28 20:09:58.160, 2, 54.78, 1063
2026/09/28 20:09:58.163, 3, 49.71, 1063
2026/09/28 20:09:58.366, 0, 37.96, 1063
2026/09/28 20:09:58.369, 1, 43.47, 1063
2026/09/28 20:09:58.372, 2, 48.53, 1063
2026/09/28 20:09:58.375, 3, 58.37, 1063
2026/09/28 20:09:58.578, 0, 35.51, 1063
2026/09/28 20:09:58.582, 1, 38.41, 1063
2026/09/28 20:09:58.588, 2, 39.14, 1063
2026/09/28 20:09:58.591, 3, 58.40, 1063
2026/09/28 20:09:58.794, 0, 33.60, 1063
2026/09/28 20:09:58.797, 1, 36.97, 1063
2026/09/28 20:09:58.799, 2, 36.73, 1063
2026/09/28 20:09:58.802, 3, 50.20, 1063
2026/09/28 20:09:59.005, 0, 32.88, 1063
2026/09/28 20:09:59.008, 1, 35.28, 1063
2026/09/28 20:09:59.011, 2, 34.31, 1063
2026/09/28 20:09:59.015, 3, 43.22, 1063
2026/09/28 20:09:59.218, 0, 47.84, 1063
2026/09/28 20:09:59.221, 1, 34.80, 1063
2026/09/28 20:09:59.224, 2, 33.10, 1063
2026/09/28 20:09:59.227, 3, 40.33, 1063
2026/09/28 20:09:59.430, 0, 62.01, 1063
2026/09/28 20:09:59.434, 1, 49.02, 1063
2026/09/28 20:09:59.437, 2, 31.17, 1063
2026/09/28 20:09:59.440, 3, 34.05, 1063
2026/09/28 20:09:59.644, 0, 53.60, 1063
2026/09/28 20:09:59.647, 1, 57.92, 1063
2026/09/28 20:09:59.650, 2, 37.21, 1063
2026/09/28 20:09:59.655, 3, 32.84, 1063
2026/09/28 20:09:59.858, 0, 40.11, 1063
2026/09/28 20:09:59.861, 1, 48.30, 1063
2026/09/28 20:09:59.864, 2, 56.96, 1063
2026/09/28 20:09:59.867, 3, 47.55, 1063
2026/09/28 20:10:00.070, 0, 46.85, 1063
2026/09/28 20:10:00.073, 1, 35.28, 1063
2026/09/28 20:10:00.076, 2, 34.31, 1063
2026/09/28 20:10:00.079, 3, 41.53, 1063
2026/09/28 20:10:00.283, 0, 56.99, 1063
2026/09/28 20:10:00.286, 1, 34.07, 1063
2026/09/28 20:10:00.289, 2, 31.41, 1063
2026/09/28 20:10:00.294, 3, 35.74, 1063
2026/09/28 20:10:00.497, 0, 43.25, 1063
2026/09/28 20:10:00.500, 1, 54.06, 1063
2026/09/28 20:10:00.504, 2, 54.06, 1063
2026/09/28 20:10:00.507, 3, 34.53, 1063
2026/09/28 20:10:00.710, 0, 39.86, 1063
2026/09/28 20:10:00.713, 1, 47.09, 1063
2026/09/28 20:10:00.716, 2, 56.72, 1063
2026/09/28 20:10:00.719, 3, 49.95, 1063
2026/09/28 20:10:00.923, 0, 36.49, 1063
2026/09/28 20:10:00.926, 1, 42.26, 1063
2026/09/28 20:10:00.929, 2, 43.22, 1063
2026/09/28 20:10:00.934, 3, 68.74, 1063
2026/09/28 20:10:01.137, 0, 34.79, 1063
2026/09/28 20:10:01.141, 1, 37.45, 1063
2026/09/28 20:10:01.147, 2, 38.18, 1063
2026/09/28 20:10:01.150, 3, 54.03, 1063
2026/09/28 20:10:01.353, 0, 40.35, 1063
2026/09/28 20:10:01.356, 1, 35.28, 1063
2026/09/28 20:10:01.359, 2, 33.83, 1063
2026/09/28 20:10:01.361, 3, 41.51, 1063
2026/09/28 20:10:01.564, 0, 48.29, 1063
2026/09/28 20:10:01.568, 1, 34.54, 1063
2026/09/28 20:10:01.570, 2, 32.38, 1063
2026/09/28 20:10:01.574, 3, 37.67, 1063
2026/09/28 20:10:01.777, 0, 54.81, 1063
2026/09/28 20:10:01.781, 1, 61.51, 1063
2026/09/28 20:10:01.786, 2, 36.95, 1063
2026/09/28 20:10:01.789, 3, 32.84, 1063
2026/09/28 20:10:01.992, 0, 43.25, 1063
2026/09/28 20:10:01.995, 1, 52.16, 1063
2026/09/28 20:10:01.998, 2, 54.99, 1063
2026/09/28 20:10:02.001, 3, 35.26, 1063
2026/09/28 20:10:02.204, 0, 37.72, 1063
2026/09/28 20:10:02.207, 1, 43.95, 1063
2026/09/28 20:10:02.210, 2, 48.30, 1063
2026/09/28 20:10:02.213, 3, 60.54, 1063
2026/09/28 20:10:02.416, 0, 35.30, 1063
2026/09/28 20:10:02.421, 1, 38.42, 1063
2026/09/28 20:10:02.426, 2, 39.63, 1063
2026/09/28 20:10:02.429, 3, 59.85, 1063
2026/09/28 20:10:02.632, 0, 33.36, 1063
2026/09/28 20:10:02.635, 1, 36.49, 1063
2026/09/28 20:10:02.638, 2, 36.24, 1063
2026/09/28 20:10:02.641, 3, 48.99, 1063
2026/09/28 20:10:02.844, 0, 31.19, 1063
2026/09/28 20:10:02.847, 1, 32.64, 1063
2026/09/28 20:10:02.850, 2, 29.50, 1063
2026/09/28 20:10:02.854, 3, 30.20, 1063
2026/09/28 20:10:03.057, 0, 31.19, 1063
2026/09/28 20:10:03.061, 1, 32.40, 1063
2026/09/28 20:10:03.066, 2, 28.77, 1063
2026/09/28 20:10:03.069, 3, 29.97, 1063
2026/09/28 20:10:03.272, 0, 100.25, 1063
2026/09/28 20:10:03.275, 1, 32.62, 1063
2026/09/28 20:10:03.278, 2, 28.75, 1063
2026/09/28 20:10:03.281, 3, 30.18, 1063
2026/09/28 20:10:03.486, 0, 31.41, 1063
2026/09/28 20:10:03.489, 1, 95.40, 1063
2026/09/28 20:10:03.492, 2, 28.75, 1063
2026/09/28 20:10:03.498, 3, 30.18, 1063
2026/09/28 20:10:03.701, 0, 31.19, 1063
2026/09/28 20:10:03.704, 1, 32.62, 1063
2026/09/28 20:10:03.707, 2, 93.22, 1063
2026/09/28 20:10:03.710, 3, 30.18, 1063
2026/09/28 20:10:03.913, 0, 30.94, 1063
2026/09/28 20:10:03.916, 1, 32.62, 1063
2026/09/28 20:10:03.919, 2, 29.48, 1063
2026/09/28 20:10:03.925, 3, 100.16, 1063
2026/09/28 20:10:04.128, 0, 31.19, 1063
2026/09/28 20:10:04.131, 1, 33.59, 1063
2026/09/28 20:10:04.134, 2, 32.38, 1063
2026/09/28 20:10:04.137, 3, 47.09, 1063
2026/09/28 20:10:04.341, 0, 33.83, 1063
2026/09/28 20:10:04.344, 1, 36.97, 1063
2026/09/28 20:10:04.347, 2, 36.73, 1063
2026/09/28 20:10:04.350, 3, 50.44, 1063
2026/09/28 20:10:04.553, 0, 32.88, 1063
2026/09/28 20:10:04.556, 1, 35.52, 1063
2026/09/28 20:10:04.559, 2, 34.55, 1063
2026/09/28 20:10:04.562, 3, 44.17, 1063
2026/09/28 20:10:04.765, 0, 32.64, 1063
2026/09/28 20:10:04.768, 1, 35.04, 1063
2026/09/28 20:10:04.771, 2, 33.82, 1063
2026/09/28 20:10:04.773, 3, 41.53, 1063
2026/09/28 20:10:04.977, 0, 62.77, 1063
2026/09/28 20:10:04.979, 1, 46.36, 1063
2026/09/28 20:10:04.985, 2, 31.41, 1063
2026/09/28 20:10:04.989, 3, 35.74, 1063
2026/09/28 20:10:05.192, 0, 47.81, 1063
2026/09/28 20:10:05.195, 1, 60.09, 1063
2026/09/28 20:10:05.198, 2, 44.67, 1063
2026/09/28 20:10:05.201, 3, 32.36, 1063
2026/09/28 20:10:05.404, 0, 58.19, 1063
2026/09/28 20:10:05.407, 1, 53.13, 1063
2026/09/28 20:10:05.410, 2, 30.69, 1063
2026/09/28 20:10:05.412, 3, 33.81, 1063
2026/09/28 20:10:05.615, 0, 53.85, 1063
2026/09/28 20:10:05.619, 1, 63.44, 1063
2026/09/28 20:10:05.624, 2, 39.12, 1063
2026/09/28 20:10:05.627, 3, 32.60, 1063
2026/09/28 20:10:05.830, 0, 48.08, 1063
2026/09/28 20:10:05.833, 1, 60.33, 1063
2026/09/28 20:10:05.836, 2, 44.67, 1063
2026/09/28 20:10:05.839, 3, 32.36, 1063
2026/09/28 20:10:06.042, 0, 40.59, 1063
2026/09/28 20:10:06.045, 1, 49.26, 1063
2026/09/28 20:10:06.048, 2, 57.67, 1063
2026/09/28 20:10:06.051, 3, 45.85, 1063
2026/09/28 20:10:06.254, 0, 51.44, 1063
2026/09/28 20:10:06.258, 1, 34.80, 1063
2026/09/28 20:10:06.264, 2, 33.10, 1063
2026/09/28 20:10:06.267, 3, 39.36, 1063
2026/09/28 20:10:06.470, 0, 48.32, 1063
2026/09/28 20:10:06.473, 1, 60.82, 1063
2026/09/28 20:10:06.476, 2, 42.74, 1063
2026/09/28 20:10:06.479, 3, 32.84, 1063
2026/09/28 20:10:06.682, 0, 42.28, 1063
2026/09/28 20:10:06.685, 1, 51.68, 1063
2026/09/28 20:10:06.688, 2, 56.20, 1063
2026/09/28 20:10:06.690, 3, 37.19, 1063
2026/09/28 20:10:06.893, 0, 36.51, 1063
2026/09/28 20:10:06.898, 1, 40.35, 1063
2026/09/28 20:10:06.904, 2, 42.53, 1063
2026/09/28 20:10:06.907, 3, 68.70, 1063
2026/09/28 20:10:07.110, 0, 34.79, 1063
2026/09/28 20:10:07.113, 1, 38.66, 1063
2026/09/28 20:10:07.116, 2, 39.84, 1063
2026/09/28 20:10:07.118, 3, 59.58, 1063
2026/09/28 20:10:07.321, 0, 32.88, 1063
2026/09/28 20:10:07.324, 1, 35.76, 1063
2026/09/28 20:10:07.327, 2, 34.79, 1063
2026/09/28 20:10:07.330, 3, 45.13, 1063
2026/09/28 20:10:07.533, 0, 61.57, 1063
2026/09/28 20:10:07.538, 1, 47.81, 1063
2026/09/28 20:10:07.543, 2, 31.65, 1063
2026/09/28 20:10:07.546, 3, 36.22, 1063
2026/09/28 20:10:07.749, 0, 38.92, 1063
2026/09/28 20:10:07.752, 1, 46.13, 1063
2026/09/28 20:10:07.755, 2, 54.06, 1063
2026/09/28 20:10:07.758, 3, 49.95, 1063
2026/09/28 20:10:07.961, 0, 36.51, 1063
2026/09/28 20:10:07.964, 1, 42.26, 1063
2026/09/28 20:10:07.967, 2, 45.88, 1063
2026/09/28 20:10:07.970, 3, 62.44, 1063
2026/09/28 20:10:08.173, 0, 33.60, 1063
2026/09/28 20:10:08.177, 1, 35.76, 1063
2026/09/28 20:10:08.183, 2, 34.55, 1063
2026/09/28 20:10:08.186, 3, 45.15, 1063
2026/09/28 20:10:08.389, 0, 43.01, 1063
2026/09/28 20:10:08.392, 1, 52.61, 1063
2026/09/28 20:10:08.396, 2, 56.72, 1063
2026/09/28 20:10:08.398, 3, 37.43, 1063
2026/09/28 20:10:08.601, 0, 33.36, 1063
2026/09/28 20:10:08.605, 1, 36.49, 1063
2026/09/28 20:10:08.607, 2, 36.00, 1063
2026/09/28 20:10:08.610, 3, 47.78, 1063
2026/09/28 20:10:08.813, 0, 32.88, 1063
2026/09/28 20:10:08.817, 1, 35.04, 1063
2026/09/28 20:10:08.823, 2, 33.10, 1063
2026/09/28 20:10:08.826, 3, 40.81, 1063
2026/09/28 20:10:09.029, 0, 54.09, 1063
2026/09/28 20:10:09.032, 1, 58.65, 1063
2026/09/28 20:10:09.035, 2, 33.58, 1063
2026/09/28 20:10:09.038, 3, 34.78, 1063
2026/09/28 20:10:09.241, 0, 35.04, 1063
2026/09/28 20:10:09.244, 1, 39.39, 1063
2026/09/28 20:10:09.246, 2, 40.83, 1063
2026/09/28 20:10:09.249, 3, 62.47, 1063
2026/09/28 20:10:09.452, 0, 37.69, 1063
2026/09/28 20:10:09.457, 1, 35.28, 1063
2026/09/28 20:10:09.463, 2, 34.07, 1063
2026/09/28 20:10:09.466, 3, 42.48, 1063
2026/09/28 20:10:09.669, 0, 53.85, 1063
2026/09/28 20:10:09.672, 1, 60.09, 1063
2026/09/28 20:10:09.675, 2, 33.34, 1063
2026/09/28 20:10:09.678, 3, 34.53, 1063
2026/09/28 20:10:09.881, 0, 35.03, 1063
2026/09/28 20:10:09.884, 1, 38.88, 1063
2026/09/28 20:10:09.886, 2, 40.59, 1063
2026/09/28 20:10:09.889, 3, 62.51, 1063
2026/09/28 20:10:10.092, 0, 59.88, 1063
2026/09/28 20:10:10.097, 1, 44.19, 1063
2026/09/28 20:10:10.102, 2, 30.94, 1063
2026/09/28 20:10:10.105, 3, 33.81, 1063
2026/09/28 20:10:10.308, 0, 41.56, 1063
2026/09/28 20:10:10.311, 1, 50.47, 1063
2026/09/28 20:10:10.314, 2, 59.13, 1063
2026/09/28 20:10:10.317, 3, 41.03, 1063
2026/09/28 20:10:10.520, 0, 41.07, 1063
2026/09/28 20:10:10.523, 1, 35.99, 1063
2026/09/28 20:10:10.526, 2, 35.03, 1063
2026/09/28 20:10:10.529, 3, 44.89, 1063
2026/09/28 20:10:10.732, 0, 43.97, 1063
2026/09/28 20:10:10.737, 1, 50.23, 1063
2026/09/28 20:10:10.743, 2, 59.61, 1063
2026/09/28 20:10:10.745, 3, 41.27, 1063
2026/09/28 20:10:10.949, 0, 42.04, 1063
2026/09/28 20:10:10.952, 1, 35.51, 1063
2026/09/28 20:10:10.954, 2, 34.79, 1063
2026/09/28 20:10:10.957, 3, 44.89, 1063
2026/09/28 20:10:11.160, 0, 58.91, 1063
2026/09/28 20:10:11.163, 1, 53.58, 1063
2026/09/28 20:10:11.166, 2, 30.93, 1063
2026/09/28 20:10:11.169, 3, 34.29, 1063
2026/09/28 20:10:11.372, 0, 35.27, 1063
2026/09/28 20:10:11.377, 1, 39.37, 1063
2026/09/28 20:10:11.380, 2, 41.78, 1063
2026/09/28 20:10:11.383, 3, 64.40, 1063
2026/09/28 20:10:11.586, 0, 63.26, 1063
2026/09/28 20:10:11.589, 1, 49.23, 1063
2026/09/28 20:10:11.592, 2, 31.65, 1063
2026/09/28 20:10:11.595, 3, 36.22, 1063
2026/09/28 20:10:11.798, 0, 43.25, 1063
2026/09/28 20:10:11.801, 1, 52.88, 1063
2026/09/28 20:10:11.804, 2, 56.23, 1063
2026/09/28 20:10:11.807, 3, 35.50, 1063
2026/09/28 20:10:12.010, 0, 49.02, 1063
2026/09/28 20:10:12.017, 1, 35.28, 1063
2026/09/28 20:10:12.020, 2, 34.07, 1063
2026/09/28 20:10:12.022, 3, 43.20, 1063
2026/09/28 20:10:12.225, 0, 41.80, 1063
2026/09/28 20:10:12.228, 1, 50.47, 1063
2026/09/28 20:10:12.231, 2, 57.89, 1063
2026/09/28 20:10:12.234, 3, 41.51, 1063
2026/09/28 20:10:12.437, 0, 35.29, 1063
2026/09/28 20:10:12.440, 1, 40.09, 1063
2026/09/28 20:10:12.443, 2, 42.74, 1063
2026/09/28 20:10:12.446, 3, 66.77, 1063
2026/09/28 20:10:12.649, 0, 33.60, 1063
2026/09/28 20:10:12.657, 1, 36.49, 1063
2026/09/28 20:10:12.660, 2, 43.95, 1063
2026/09/28 20:10:12.660, 3, 52.85, 1063
2026/09/28 20:10:12.863, 0, 32.88, 1063
2026/09/28 20:10:12.866, 1, 35.28, 1063
2026/09/28 20:10:12.871, 2, 34.31, 1063
2026/09/28 20:10:12.874, 3, 43.22, 1063
2026/09/28 20:10:13.077, 0, 50.95, 1063
2026/09/28 20:10:13.080, 1, 34.80, 1063
2026/09/28 20:10:13.083, 2, 32.86, 1063
2026/09/28 20:10:13.086, 3, 39.12, 1063
2026/09/28 20:10:13.289, 0, 41.56, 1063
2026/09/28 20:10:13.292, 1, 49.99, 1063
2026/09/28 20:10:13.295, 2, 59.37, 1063
2026/09/28 20:10:13.298, 3, 44.17, 1063
2026/09/28 20:10:13.501, 0, 35.51, 1063
2026/09/28 20:10:13.504, 1, 39.84, 1063
2026/09/28 20:10:13.507, 2, 40.83, 1063
2026/09/28 20:10:13.512, 3, 60.30, 1063
2026/09/28 20:10:13.716, 0, 33.59, 1063
2026/09/28 20:10:13.719, 1, 36.49, 1063
2026/09/28 20:10:13.722, 2, 36.24, 1063
2026/09/28 20:10:13.725, 3, 49.72, 1063
2026/09/28 20:10:13.928, 0, 52.88, 1063
2026/09/28 20:10:13.931, 1, 34.56, 1063
2026/09/28 20:10:13.933, 2, 32.62, 1063
2026/09/28 20:10:13.937, 3, 38.13, 1063
2026/09/28 20:10:14.140, 0, 62.53, 1063
2026/09/28 20:10:14.143, 1, 40.81, 1063
2026/09/28 20:10:14.146, 2, 30.94, 1063
2026/09/28 20:10:14.151, 3, 33.81, 1063
2026/09/28 20:10:14.356, 0, 49.29, 1063
2026/09/28 20:10:14.359, 1, 62.27, 1063
2026/09/28 20:10:14.362, 2, 41.53, 1063
2026/09/28 20:10:14.365, 3, 32.62, 1063
2026/09/28 20:10:14.568, 0, 44.21, 1063
2026/09/28 20:10:14.571, 1, 54.06, 1063
2026/09/28 20:10:14.574, 2, 54.06, 1063
2026/09/28 20:10:14.577, 3, 31.88, 1063
2026/09/28 20:10:14.780, 0, 39.38, 1063
2026/09/28 20:10:14.783, 1, 46.13, 1063
2026/09/28 20:10:14.786, 2, 50.23, 1063
2026/09/28 20:10:14.791, 3, 58.37, 1063
2026/09/28 20:10:14.995, 0, 34.32, 1063
2026/09/28 20:10:14.998, 1, 38.15, 1063
2026/09/28 20:10:15.001, 2, 38.66, 1063
2026/09/28 20:10:15.004, 3, 56.47, 1063
2026/09/28 20:10:15.207, 0, 36.49, 1063
2026/09/28 20:10:15.210, 1, 41.30, 1063
2026/09/28 20:10:15.213, 2, 45.16, 1063
2026/09/28 20:10:15.216, 3, 65.80, 1063
2026/09/28 20:10:15.419, 0, 35.30, 1063
2026/09/28 20:10:15.422, 1, 39.85, 1063
2026/09/28 20:10:15.425, 2, 39.63, 1063
2026/09/28 20:10:15.431, 3, 55.03, 1063
2026/09/28 20:10:15.635, 0, 33.36, 1063
2026/09/28 20:10:15.638, 1, 36.25, 1063
2026/09/28 20:10:15.641, 2, 35.52, 1063
2026/09/28 20:10:15.645, 3, 47.08, 1063
2026/09/28 20:10:15.848, 0, 43.97, 1063
2026/09/28 20:10:15.851, 1, 34.80, 1063
2026/09/28 20:10:15.854, 2, 33.10, 1063
2026/09/28 20:10:15.857, 3, 39.60, 1063
2026/09/28 20:10:16.060, 0, 61.81, 1063
2026/09/28 20:10:16.063, 1, 37.19, 1063
2026/09/28 20:10:16.065, 2, 31.17, 1063
2026/09/28 20:10:16.070, 3, 35.26, 1063
2026/09/28 20:10:16.273, 0, 50.98, 1063
2026/09/28 20:10:16.276, 1, 62.02, 1063
2026/09/28 20:10:16.279, 2, 38.90, 1063
2026/09/28 20:10:16.282, 3, 33.08, 1063
2026/09/28 20:10:16.485, 0, 43.25, 1063
2026/09/28 20:10:16.488, 1, 53.34, 1063
2026/09/28 20:10:16.491, 2, 55.75, 1063
2026/09/28 20:10:16.494, 3, 44.40, 1063
2026/09/28 20:10:16.699, 0, 34.32, 1063
2026/09/28 20:10:16.702, 1, 37.68, 1063
2026/09/28 20:10:16.705, 2, 37.21, 1063
2026/09/28 20:10:16.710, 3, 52.37, 1063
2026/09/28 20:10:16.913, 0, 32.64, 1063
2026/09/28 20:10:16.916, 1, 35.28, 1063
2026/09/28 20:10:16.919, 2, 33.58, 1063
2026/09/28 20:10:16.922, 3, 42.26, 1063
2026/09/28 20:10:17.125, 0, 52.67, 1063
2026/09/28 20:10:17.128, 1, 34.31, 1063
2026/09/28 20:10:17.131, 2, 31.89, 1063
2026/09/28 20:10:17.134, 3, 36.95, 1063
2026/09/28 20:10:17.337, 0, 61.57, 1063
2026/09/28 20:10:17.340, 1, 48.30, 1063
2026/09/28 20:10:17.343, 2, 31.17, 1063
2026/09/28 20:10:17.346, 3, 34.53, 1063
2026/09/28 20:10:17.549, 0, 49.02, 1063
2026/09/28 20:10:17.553, 1, 57.92, 1063
2026/09/28 20:10:17.558, 2, 47.57, 1063
2026/09/28 20:10:17.561, 3, 32.36, 1063
2026/09/28 20:10:17.764, 0, 37.93, 1063
2026/09/28 20:10:17.767, 1, 44.19, 1063
2026/09/28 20:10:17.770, 2, 50.71, 1063
2026/09/28 20:10:17.773, 3, 57.16, 1063
2026/09/28 20:10:17.976, 0, 57.46, 1063
2026/09/28 20:10:17.979, 1, 34.80, 1063
2026/09/28 20:10:17.982, 2, 32.86, 1063
2026/09/28 20:10:17.985, 3, 40.09, 1063
2026/09/28 20:10:18.188, 0, 49.99, 1063
2026/09/28 20:10:18.193, 1, 59.61, 1063
2026/09/28 20:10:18.198, 2, 47.09, 1063
2026/09/28 20:10:18.201, 3, 32.84, 1063
2026/09/28 20:10:18.404, 0, 38.66, 1063
2026/09/28 20:10:18.407, 1, 44.92, 1063
2026/09/28 20:10:18.410, 2, 51.19, 1063
2026/09/28 20:10:18.413, 3, 55.75, 1063
2026/09/28 20:10:18.616, 0, 36.24, 1063
2026/09/28 20:10:18.619, 1, 41.05, 1063
2026/09/28 20:10:18.622, 2, 44.19, 1063
2026/09/28 20:10:18.625, 3, 66.32, 1063
2026/09/28 20:10:18.830, 0, 33.82, 1063
2026/09/28 20:10:18.833, 1, 36.49, 1063
2026/09/28 20:10:18.837, 2, 35.76, 1063
2026/09/28 20:10:18.841, 3, 47.30, 1063
2026/09/28 20:10:19.044, 0, 37.45, 1063
2026/09/28 20:10:19.047, 1, 35.04, 1063
2026/09/28 20:10:19.050, 2, 33.83, 1063
2026/09/28 20:10:19.053, 3, 41.53, 1063
2026/09/28 20:10:19.256, 0, 53.13, 1063
2026/09/28 20:10:19.259, 1, 34.56, 1063
2026/09/28 20:10:19.262, 2, 32.13, 1063
2026/09/28 20:10:19.265, 3, 37.67, 1063
2026/09/28 20:10:19.468, 0, 57.46, 1063
2026/09/28 20:10:19.473, 1, 56.23, 1063
2026/09/28 20:10:19.477, 2, 30.94, 1063
2026/09/28 20:10:19.480, 3, 34.29, 1063
2026/09/28 20:10:19.683, 0, 56.26, 1063
2026/09/28 20:10:19.684, 1, 56.72, 1063
2026/09/28 20:10:19.684, 2, 56.23, 1063
2026/09/28 20:10:19.690, 3, 37.41, 1063
2026/09/28 20:10:19.893, 0, 33.12, 1063
2026/09/28 20:10:19.896, 1, 36.00, 1063
2026/09/28 20:10:19.899, 2, 35.28, 1063
2026/09/28 20:10:19.902, 3, 46.82, 1063
2026/09/28 20:10:20.105, 0, 51.19, 1063
2026/09/28 20:10:20.108, 1, 34.31, 1063
2026/09/28 20:10:20.110, 2, 32.15, 1063
2026/09/28 20:10:20.113, 3, 37.67, 1063
2026/09/28 20:10:20.316, 0, 54.57, 1063
2026/09/28 20:10:20.319, 1, 34.07, 1063
2026/09/28 20:10:20.322, 2, 31.89, 1063
2026/09/28 20:10:20.325, 3, 35.26, 1063
2026/09/28 20:10:20.531, 0, 55.29, 1063
2026/09/28 20:10:20.535, 1, 57.92, 1063
2026/09/28 20:10:20.537, 2, 30.94, 1063
2026/09/28 20:10:20.541, 3, 34.05, 1063
2026/09/28 20:10:20.744, 0, 45.66, 1063
2026/09/28 20:10:20.747, 1, 56.96, 1063
2026/09/28 20:10:20.750, 2, 50.23, 1063
2026/09/28 20:10:20.753, 3, 32.36, 1063
2026/09/28 20:10:20.956, 0, 39.62, 1063
2026/09/28 20:10:20.960, 1, 46.61, 1063
2026/09/28 20:10:20.963, 2, 54.54, 1063
2026/09/28 20:10:20.966, 3, 58.13, 1063
2026/09/28 20:10:21.171, 0, 35.05, 1063
2026/09/28 20:10:21.174, 1, 39.37, 1063
2026/09/28 20:10:21.177, 2, 41.08, 1063
2026/09/28 20:10:21.180, 3, 62.23, 1063
2026/09/28 20:10:21.383, 0, 33.84, 1063
2026/09/28 20:10:21.386, 1, 37.45, 1063
2026/09/28 20:10:21.389, 2, 37.69, 1063
2026/09/28 20:10:21.392, 3, 51.64, 1063
2026/09/28 20:10:21.595, 0, 50.46, 1063
2026/09/28 20:10:21.598, 1, 34.30, 1063
2026/09/28 20:10:21.601, 2, 31.89, 1063
2026/09/28 20:10:21.604, 3, 36.94, 1063
2026/09/28 20:10:21.807, 0, 49.99, 1063
2026/09/28 20:10:21.810, 1, 58.65, 1063
2026/09/28 20:10:21.816, 2, 41.30, 1063
2026/09/28 20:10:21.819, 3, 33.09, 1063
2026/09/28 20:10:22.022, 0, 46.36, 1063
2026/09/28 20:10:22.027, 1, 57.68, 1063
2026/09/28 20:10:22.030, 2, 48.78, 1063
2026/09/28 20:10:22.033, 3, 32.13, 1063
2026/09/28 20:10:22.236, 0, 36.26, 1063
2026/09/28 20:10:22.239, 1, 40.81, 1063
2026/09/28 20:10:22.242, 2, 44.43, 1063
2026/09/28 20:10:22.245, 3, 64.15, 1063
2026/09/28 20:10:22.450, 0, 42.01, 1063
2026/09/28 20:10:22.453, 1, 35.74, 1063
2026/09/28 20:10:22.456, 2, 35.03, 1063
2026/09/28 20:10:22.459, 3, 45.13, 1063
2026/09/28 20:10:22.662, 0, 56.98, 1063
2026/09/28 20:10:22.669, 1, 36.49, 1063
2026/09/28 20:10:22.669, 2, 32.13, 1063
2026/09/28 20:10:22.672, 3, 37.43, 1063
2026/09/28 20:10:22.875, 0, 58.68, 1063
2026/09/28 20:10:22.878, 1, 54.09, 1063
2026/09/28 20:10:22.881, 2, 31.41, 1063
2026/09/28 20:10:22.884, 3, 34.29, 1063
2026/09/28 20:10:23.090, 0, 45.42, 1063
2026/09/28 20:10:23.093, 1, 56.23, 1063
2026/09/28 20:10:23.096, 2, 50.19, 1063
2026/09/28 20:10:23.099, 3, 32.60, 1063
2026/09/28 20:10:23.302, 0, 35.06, 1063
2026/09/28 20:10:23.305, 1, 38.90, 1063
2026/09/28 20:10:23.308, 2, 40.09, 1063
2026/09/28 20:10:23.310, 3, 62.02, 1063
2026/09/28 20:10:23.513, 0, 33.36, 1063
2026/09/28 20:10:23.516, 1, 36.25, 1063
2026/09/28 20:10:23.519, 2, 35.76, 1063
2026/09/28 20:10:23.522, 3, 47.06, 1063
2026/09/28 20:10:23.725, 0, 31.20, 1063
2026/09/28 20:10:23.731, 1, 32.40, 1063
2026/09/28 20:10:23.735, 2, 29.25, 1063
2026/09/28 20:10:23.738, 3, 30.20, 1063
2026/09/28 20:10:23.941, 0, 96.16, 1063
2026/09/28 20:10:23.944, 1, 32.38, 1063
2026/09/28 20:10:23.947, 2, 28.77, 1063
2026/09/28 20:10:23.950, 3, 29.95, 1063
2026/09/28 20:10:24.156, 0, 108.39, 1063
2026/09/28 20:10:24.159, 1, 32.62, 1063
2026/09/28 20:10:24.162, 2, 28.75, 1063
2026/09/28 20:10:24.168, 3, 30.18, 1063
2026/09/28 20:10:24.371, 0, 102.61, 1063
2026/09/28 20:10:24.374, 1, 32.60, 1063
2026/09/28 20:10:24.377, 2, 28.75, 1063
2026/09/28 20:10:24.379, 3, 29.94, 1063
2026/09/28 20:10:24.582, 0, 31.65, 1063
2026/09/28 20:10:24.586, 1, 104.97, 1063
2026/09/28 20:10:24.589, 2, 28.75, 1063
2026/09/28 20:10:24.591, 3, 30.18, 1063
2026/09/28 20:10:24.794, 0, 31.17, 1063
2026/09/28 20:10:24.797, 1, 89.43, 1063
2026/09/28 20:10:24.800, 2, 46.34, 1063
2026/09/28 20:10:24.803, 3, 30.18, 1063
2026/09/28 20:10:25.009, 0, 31.19, 1063
2026/09/28 20:10:25.012, 1, 32.86, 1063
2026/09/28 20:10:25.015, 2, 99.43, 1063
2026/09/28 20:10:25.018, 3, 29.95, 1063
2026/09/28 20:10:25.221, 0, 31.18, 1063
2026/09/28 20:10:25.224, 1, 32.62, 1063
2026/09/28 20:10:25.227, 2, 31.89, 1063
2026/09/28 20:10:25.233, 3, 104.67, 1063
2026/09/28 20:10:25.436, 0, 30.94, 1063
2026/09/28 20:10:25.439, 1, 32.62, 1063
2026/09/28 20:10:25.442, 2, 28.99, 1063
2026/09/28 20:10:25.445, 3, 106.60, 1063
2026/09/28 20:10:25.652, 0, 32.64, 1063
2026/09/28 20:10:25.655, 1, 39.61, 1063
2026/09/28 20:10:25.658, 2, 58.88, 1063
2026/09/28 20:10:25.661, 3, 58.82, 1063
2026/09/28 20:10:25.864, 0, 46.87, 1063
2026/09/28 20:10:25.870, 1, 56.72, 1063
2026/09/28 20:10:25.874, 2, 49.47, 1063
2026/09/28 20:10:25.877, 3, 32.60, 1063
2026/09/28 20:10:26.080, 0, 40.35, 1063
2026/09/28 20:10:26.083, 1, 48.06, 1063
2026/09/28 20:10:26.086, 2, 57.68, 1063
2026/09/28 20:10:26.089, 3, 46.10, 1063
2026/09/28 20:10:26.292, 0, 36.72, 1063
2026/09/28 20:10:26.295, 1, 42.26, 1063
2026/09/28 20:10:26.297, 2, 46.12, 1063
2026/09/28 20:10:26.300, 3, 65.81, 1063
2026/09/28 20:10:26.503, 0, 33.12, 1063
2026/09/28 20:10:26.509, 1, 35.52, 1063
2026/09/28 20:10:26.514, 2, 34.07, 1063
2026/09/28 20:10:26.519, 3, 42.00, 1063
2026/09/28 20:10:26.722, 0, 64.43, 1063
2026/09/28 20:10:26.725, 1, 45.16, 1063
2026/09/28 20:10:26.728, 2, 31.41, 1063
2026/09/28 20:10:26.731, 3, 35.74, 1063
2026/09/28 20:10:26.934, 0, 54.81, 1063
2026/09/28 20:10:26.937, 1, 57.92, 1063
2026/09/28 20:10:26.940, 2, 30.93, 1063
2026/09/28 20:10:26.943, 3, 33.56, 1063
2026/09/28 20:10:27.148, 0, 43.01, 1063
2026/09/28 20:10:27.151, 1, 52.16, 1063
2026/09/28 20:10:27.154, 2, 55.74, 1063
2026/09/28 20:10:27.157, 3, 35.96, 1063
2026/09/28 20:10:27.360, 0, 36.26, 1063
2026/09/28 20:10:27.363, 1, 40.81, 1063
2026/09/28 20:10:27.366, 2, 44.19, 1063
2026/09/28 20:10:27.369, 3, 68.94, 1063
2026/09/28 20:10:27.572, 0, 43.49, 1063
2026/09/28 20:10:27.575, 1, 34.80, 1063
2026/09/28 20:10:27.578, 2, 33.10, 1063
2026/09/28 20:10:27.581, 3, 40.33, 1063
2026/09/28 20:10:27.784, 0, 51.19, 1063
2026/09/28 20:10:27.789, 1, 61.78, 1063
2026/09/28 20:10:27.793, 2, 42.50, 1063
2026/09/28 20:10:27.796, 3, 32.60, 1063
2026/09/28 20:10:27.999, 0, 39.38, 1063
2026/09/28 20:10:28.002, 1, 46.13, 1063
2026/09/28 20:10:28.005, 2, 53.61, 1063
2026/09/28 20:10:28.008, 3, 51.14, 1063
2026/09/28 20:10:28.211, 0, 35.30, 1063
2026/09/28 20:10:28.214, 1, 35.04, 1063
2026/09/28 20:10:28.217, 2, 33.58, 1063
2026/09/28 20:10:28.219, 3, 41.78, 1063
2026/09/28 20:10:28.422, 0, 51.91, 1063
2026/09/28 20:10:28.428, 1, 63.47, 1063
2026/09/28 20:10:28.433, 2, 40.09, 1063
2026/09/28 20:10:28.436, 3, 34.05, 1063
2026/09/28 20:10:28.639, 0, 37.45, 1063
2026/09/28 20:10:28.642, 1, 42.98, 1063
2026/09/28 20:10:28.645, 2, 47.33, 1063
2026/09/28 20:10:28.648, 3, 60.02, 1063
2026/09/28 20:10:28.851, 0, 46.39, 1063
2026/09/28 20:10:28.854, 1, 34.80, 1063
2026/09/28 20:10:28.857, 2, 32.86, 1063
2026/09/28 20:10:28.860, 3, 39.36, 1063
2026/09/28 20:10:29.063, 0, 44.70, 1063
2026/09/28 20:10:29.068, 1, 52.88, 1063
2026/09/28 20:10:29.072, 2, 54.30, 1063
2026/09/28 20:10:29.075, 3, 32.36, 1063
2026/09/28 20:10:29.278, 0, 35.29, 1063
2026/09/28 20:10:29.281, 1, 39.37, 1063
2026/09/28 20:10:29.284, 2, 41.32, 1063
2026/09/28 20:10:29.288, 3, 62.02, 1063
2026/09/28 20:10:29.491, 0, 33.60, 1063
2026/09/28 20:10:29.494, 1, 36.49, 1063
2026/09/28 20:10:29.497, 2, 36.00, 1063
2026/09/28 20:10:29.499, 3, 48.51, 1063
2026/09/28 20:10:29.703, 0, 31.19, 1063
2026/09/28 20:10:29.708, 1, 32.62, 1063
2026/09/28 20:10:29.712, 2, 29.50, 1063
2026/09/28 20:10:29.715, 3, 30.20, 1063
2026/09/28 20:10:29.918, 0, 31.21, 1063
2026/09/28 20:10:29.921, 1, 32.64, 1063
2026/09/28 20:10:29.925, 2, 28.77, 1063
2026/09/28 20:10:29.928, 3, 29.96, 1063
2026/09/28 20:10:30.131, 0, 106.76, 1063
2026/09/28 20:10:30.134, 1, 32.38, 1063
2026/09/28 20:10:30.137, 2, 28.75, 1063
2026/09/28 20:10:30.140, 3, 30.18, 1063
2026/09/28 20:10:30.346, 0, 33.34, 1063
2026/09/28 20:10:30.350, 1, 95.16, 1063
2026/09/28 20:10:30.355, 2, 28.77, 1063
2026/09/28 20:10:30.358, 3, 30.18, 1063
2026/09/28 20:10:30.561, 0, 31.41, 1063
2026/09/28 20:10:30.564, 1, 100.70, 1063
2026/09/28 20:10:30.567, 2, 28.75, 1063
2026/09/28 20:10:30.570, 3, 30.18, 1063
2026/09/28 20:10:30.773, 0, 31.19, 1063
2026/09/28 20:10:30.776, 1, 32.86, 1063
2026/09/28 20:10:30.779, 2, 92.94, 1063
2026/09/28 20:10:30.782, 3, 29.96, 1063
2026/09/28 20:10:30.985, 0, 31.18, 1063
2026/09/28 20:10:30.989, 1, 32.62, 1063
2026/09/28 20:10:30.992, 2, 29.96, 1063
2026/09/28 20:10:30.995, 3, 104.25, 1063
2026/09/28 20:10:31.198, 0, 31.18, 1063
2026/09/28 20:10:31.201, 1, 32.38, 1063
2026/09/28 20:10:31.206, 2, 28.77, 1063
2026/09/28 20:10:31.209, 3, 104.25, 1063
2026/09/28 20:10:31.412, 0, 36.26, 1063
2026/09/28 20:10:31.415, 1, 41.30, 1063
2026/09/28 20:10:31.418, 2, 44.92, 1063
2026/09/28 20:10:31.421, 3, 68.26, 1063
2026/09/28 20:10:31.625, 0, 35.03, 1063
2026/09/28 20:10:31.628, 1, 38.88, 1063
2026/09/28 20:10:31.632, 2, 40.33, 1063
2026/09/28 20:10:31.634, 3, 60.06, 1063
2026/09/28 20:10:31.837, 0, 34.08, 1063
2026/09/28 20:10:31.840, 1, 37.70, 1063
2026/09/28 20:10:31.843, 2, 38.18, 1063
2026/09/28 20:10:31.846, 3, 54.78, 1063
2026/09/28 20:10:32.049, 0, 47.11, 1063
2026/09/28 20:10:32.052, 1, 35.52, 1063
2026/09/28 20:10:32.055, 2, 34.07, 1063
2026/09/28 20:10:32.058, 3, 40.06, 1063
2026/09/28 20:10:32.265, 0, 60.37, 1063
2026/09/28 20:10:32.267, 1, 52.85, 1063
2026/09/28 20:10:32.271, 2, 31.17, 1063
2026/09/28 20:10:32.274, 3, 34.29, 1063
2026/09/28 20:10:32.477, 0, 50.71, 1063
2026/09/28 20:10:32.480, 1, 62.02, 1063
2026/09/28 20:10:32.483, 2, 37.91, 1063
2026/09/28 20:10:32.486, 3, 33.09, 1063
2026/09/28 20:10:32.689, 0, 44.21, 1063
2026/09/28 20:10:32.692, 1, 55.75, 1063
2026/09/28 20:10:32.695, 2, 51.44, 1063
2026/09/28 20:10:32.698, 3, 40.81, 1063
2026/09/28 20:10:32.904, 0, 38.67, 1063
2026/09/28 20:10:32.907, 1, 44.44, 1063
2026/09/28 20:10:32.911, 2, 50.95, 1063
2026/09/28 20:10:32.914, 3, 54.75, 1063
2026/09/28 20:10:33.117, 0, 37.72, 1063
2026/09/28 20:10:33.120, 1, 43.47, 1063
2026/09/28 20:10:33.123, 2, 49.50, 1063
2026/09/28 20:10:33.126, 3, 57.65, 1063
2026/09/28 20:10:33.329, 0, 35.78, 1063
2026/09/28 20:10:33.332, 1, 40.33, 1063
2026/09/28 20:10:33.334, 2, 42.74, 1063
2026/09/28 20:10:33.337, 3, 60.30, 1063
2026/09/28 20:10:33.544, 0, 33.36, 1063
2026/09/28 20:10:33.548, 1, 36.22, 1063
2026/09/28 20:10:33.551, 2, 35.76, 1063
2026/09/28 20:10:33.554, 3, 48.51, 1063
2026/09/28 20:10:33.757, 0, 40.35, 1063
2026/09/28 20:10:33.760, 1, 35.28, 1063
2026/09/28 20:10:33.763, 2, 33.83, 1063
2026/09/28 20:10:33.766, 3, 42.72, 1063
2026/09/28 20:10:33.969, 0, 54.57, 1063
2026/09/28 20:10:33.972, 1, 34.56, 1063
2026/09/28 20:10:33.976, 2, 31.89, 1063
2026/09/28 20:10:33.979, 3, 36.70, 1063
2026/09/28 20:10:34.183, 0, 59.65, 1063
2026/09/28 20:10:34.187, 1, 50.95, 1063
2026/09/28 20:10:34.190, 2, 31.17, 1063
2026/09/28 20:10:34.193, 3, 34.29, 1063
2026/09/28 20:10:34.396, 0, 54.09, 1063
2026/09/28 20:10:34.399, 1, 57.44, 1063
2026/09/28 20:10:34.402, 2, 30.69, 1063
2026/09/28 20:10:34.405, 3, 33.09, 1063
2026/09/28 20:10:34.608, 0, 45.66, 1063
2026/09/28 20:10:34.611, 1, 56.72, 1063
2026/09/28 20:10:34.614, 2, 50.19, 1063
2026/09/28 20:10:34.617, 3, 39.36, 1063
2026/09/28 20:10:34.823, 0, 39.14, 1063
2026/09/28 20:10:34.827, 1, 45.88, 1063
2026/09/28 20:10:34.830, 2, 53.13, 1063
2026/09/28 20:10:34.833, 3, 51.13, 1063
2026/09/28 20:10:35.036, 0, 35.30, 1063
2026/09/28 20:10:35.039, 1, 39.85, 1063
2026/09/28 20:10:35.041, 2, 41.53, 1063
2026/09/28 20:10:35.044, 3, 64.85, 1063
2026/09/28 20:10:35.247, 0, 33.36, 1063
2026/09/28 20:10:35.250, 1, 36.49, 1063
2026/09/28 20:10:35.253, 2, 36.24, 1063
2026/09/28 20:10:35.256, 3, 48.99, 1063
2026/09/28 20:10:35.459, 0, 62.05, 1063
2026/09/28 20:10:35.462, 1, 39.61, 1063
2026/09/28 20:10:35.465, 2, 32.38, 1063
2026/09/28 20:10:35.469, 3, 37.67, 1063
2026/09/28 20:10:35.672, 0, 37.70, 1063
2026/09/28 20:10:35.675, 1, 43.47, 1063
2026/09/28 20:10:35.677, 2, 48.78, 1063
2026/09/28 20:10:35.680, 3, 58.13, 1063
2026/09/28 20:10:35.883, 0, 43.73, 1063
2026/09/28 20:10:35.887, 1, 35.52, 1063
2026/09/28 20:10:35.890, 2, 34.79, 1063
2026/09/28 20:10:35.892, 3, 44.89, 1063
2026/09/28 20:10:36.095, 0, 55.53, 1063
2026/09/28 20:10:36.098, 1, 34.80, 1063
2026/09/28 20:10:36.101, 2, 33.34, 1063
2026/09/28 20:10:36.104, 3, 40.78, 1063
2026/09/28 20:10:36.307, 0, 63.02, 1063
2026/09/28 20:10:36.310, 1, 37.68, 1063
2026/09/28 20:10:36.313, 2, 31.65, 1063
2026/09/28 20:10:36.316, 3, 36.22, 1063
2026/09/28 20:10:36.519, 0, 53.61, 1063
2026/09/28 20:10:36.522, 1, 63.71, 1063
2026/09/28 20:10:36.527, 2, 38.90, 1063
2026/09/28 20:10:36.530, 3, 33.57, 1063
2026/09/28 20:10:36.733, 0, 35.03, 1063
2026/09/28 20:10:36.736, 1, 38.88, 1063
2026/09/28 20:10:36.739, 2, 39.38, 1063
2026/09/28 20:10:36.744, 3, 56.68, 1063
2026/09/28 20:10:36.947, 0, 45.90, 1063
2026/09/28 20:10:36.950, 1, 35.02, 1063
2026/09/28 20:10:36.952, 2, 33.34, 1063
2026/09/28 20:10:36.955, 3, 40.09, 1063
2026/09/28 20:10:37.159, 0, 41.80, 1063
2026/09/28 20:10:37.162, 1, 46.61, 1063
2026/09/28 20:10:37.167, 2, 54.06, 1063
2026/09/28 20:10:37.171, 3, 51.64, 1063
2026/09/28 20:10:37.374, 0, 34.08, 1063
2026/09/28 20:10:37.377, 1, 37.92, 1063
2026/09/28 20:10:37.380, 2, 37.93, 1063
2026/09/28 20:10:37.384, 3, 53.79, 1063
2026/09/28 20:10:37.587, 0, 63.26, 1063
2026/09/28 20:10:37.590, 1, 40.57, 1063
2026/09/28 20:10:37.593, 2, 31.65, 1063
2026/09/28 20:10:37.595, 3, 35.96, 1063
2026/09/28 20:10:37.798, 0, 51.68, 1063
2026/09/28 20:10:37.801, 1, 58.65, 1063
2026/09/28 20:10:37.808, 2, 47.57, 1063
2026/09/28 20:10:37.810, 3, 32.36, 1063
2026/09/28 20:10:38.013, 0, 41.31, 1063
2026/09/28 20:10:38.016, 1, 49.99, 1063
2026/09/28 20:10:38.019, 2, 59.37, 1063
2026/09/28 20:10:38.023, 3, 43.44, 1063
2026/09/28 20:10:38.226, 0, 36.50, 1063
2026/09/28 20:10:38.229, 1, 42.02, 1063
2026/09/28 20:10:38.232, 2, 45.64, 1063
2026/09/28 20:10:38.235, 3, 63.88, 1063
2026/09/28 20:10:38.438, 0, 34.32, 1063
2026/09/28 20:10:38.441, 1, 38.18, 1063
2026/09/28 20:10:38.448, 2, 36.49, 1063
2026/09/28 20:10:38.451, 3, 49.23, 1063
2026/09/28 20:10:38.654, 0, 63.98, 1063
2026/09/28 20:10:38.657, 1, 46.61, 1063
2026/09/28 20:10:38.660, 2, 31.89, 1063
2026/09/28 20:10:38.663, 3, 35.26, 1063
2026/09/28 20:10:38.868, 0, 51.92, 1063
2026/09/28 20:10:38.871, 1, 60.09, 1063
2026/09/28 20:10:38.874, 2, 35.03, 1063
2026/09/28 20:10:38.877, 3, 33.09, 1063
2026/09/28 20:10:39.080, 0, 44.45, 1063
2026/09/28 20:10:39.085, 1, 55.27, 1063
2026/09/28 20:10:39.087, 2, 51.40, 1063
2026/09/28 20:10:39.090, 3, 31.89, 1063
2026/09/28 20:10:39.293, 0, 42.04, 1063
2026/09/28 20:10:39.296, 1, 50.96, 1063
2026/09/28 20:10:39.299, 2, 57.41, 1063
2026/09/28 20:10:39.303, 3, 39.34, 1063
2026/09/28 20:10:39.506, 0, 33.84, 1063
2026/09/28 20:10:39.509, 1, 37.21, 1063
2026/09/28 20:10:39.512, 2, 37.43, 1063
2026/09/28 20:10:39.514, 3, 52.13, 1063
2026/09/28 20:10:39.717, 0, 56.99, 1063
2026/09/28 20:10:39.720, 1, 56.96, 1063
2026/09/28 20:10:39.723, 2, 31.41, 1063
2026/09/28 20:10:39.726, 3, 34.53, 1063
2026/09/28 20:10:39.931, 0, 43.97, 1063
2026/09/28 20:10:39.934, 1, 53.35, 1063
2026/09/28 20:10:39.937, 2, 57.67, 1063
2026/09/28 20:10:39.942, 3, 41.05, 1063
2026/09/28 20:10:40.145, 0, 33.60, 1063
2026/09/28 20:10:40.148, 1, 36.25, 1063
2026/09/28 20:10:40.151, 2, 35.76, 1063
2026/09/28 20:10:40.154, 3, 47.09, 1063
2026/09/28 20:10:40.357, 0, 51.44, 1063
2026/09/28 20:10:40.360, 1, 35.28, 1063
2026/09/28 20:10:40.363, 2, 33.58, 1063
2026/09/28 20:10:40.366, 3, 41.53, 1063
2026/09/28 20:10:40.569, 0, 52.88, 1063
2026/09/28 20:10:40.572, 1, 61.30, 1063
2026/09/28 20:10:40.575, 2, 36.24, 1063
2026/09/28 20:10:40.578, 3, 33.09, 1063
2026/09/28 20:10:40.781, 0, 36.72, 1063
2026/09/28 20:10:40.784, 1, 41.78, 1063
2026/09/28 20:10:40.787, 2, 45.88, 1063
2026/09/28 20:10:40.790, 3, 64.40, 1063
2026/09/28 20:10:40.993, 0, 61.81, 1063
2026/09/28 20:10:40.996, 1, 37.45, 1063
2026/09/28 20:10:40.999, 2, 32.13, 1063
2026/09/28 20:10:41.002, 3, 37.19, 1063
2026/09/28 20:10:41.205, 0, 37.47, 1063
2026/09/28 20:10:41.208, 1, 43.49, 1063
2026/09/28 20:10:41.211, 2, 49.02, 1063
2026/09/28 20:10:41.214, 3, 62.47, 1063
2026/09/28 20:10:41.419, 0, 37.45, 1063
2026/09/28 20:10:41.423, 1, 35.04, 1063
2026/09/28 20:10:41.426, 2, 33.10, 1063
2026/09/28 20:10:41.429, 3, 40.55, 1063
2026/09/28 20:10:41.632, 0, 52.40, 1063
2026/09/28 20:10:41.635, 1, 33.83, 1063
2026/09/28 20:10:41.638, 2, 30.68, 1063
2026/09/28 20:10:41.642, 3, 33.33, 1063
2026/09/28 20:10:41.845, 0, 44.45, 1063
2026/09/28 20:10:41.848, 1, 55.27, 1063
2026/09/28 20:10:41.851, 2, 52.16, 1063
2026/09/28 20:10:41.854, 3, 41.27, 1063
2026/09/28 20:10:42.060, 0, 36.97, 1063
2026/09/28 20:10:42.065, 1, 36.22, 1063
2026/09/28 20:10:42.068, 2, 35.76, 1063
2026/09/28 20:10:42.071, 3, 47.31, 1063
2026/09/28 20:10:42.274, 0, 52.64, 1063
2026/09/28 20:10:42.277, 1, 59.85, 1063
2026/09/28 20:10:42.280, 2, 33.34, 1063
2026/09/28 20:10:42.282, 3, 33.81, 1063
2026/09/28 20:10:42.485, 0, 36.97, 1063
2026/09/28 20:10:42.488, 1, 42.02, 1063
2026/09/28 20:10:42.491, 2, 46.61, 1063
2026/09/28 20:10:42.494, 3, 69.43, 1063
2026/09/28 20:10:42.700, 0, 58.68, 1063
2026/09/28 20:10:42.703, 1, 34.31, 1063
2026/09/28 20:10:42.706, 2, 32.62, 1063
2026/09/28 20:10:42.709, 3, 38.88, 1063
2026/09/28 20:10:42.912, 0, 40.83, 1063
2026/09/28 20:10:42.915, 1, 49.27, 1063
2026/09/28 20:10:42.918, 2, 55.99, 1063
2026/09/28 20:10:42.922, 3, 48.51, 1063
2026/09/28 20:10:43.125, 0, 34.32, 1063
2026/09/28 20:10:43.129, 1, 37.92, 1063
2026/09/28 20:10:43.132, 2, 38.66, 1063
2026/09/28 20:10:43.135, 3, 52.13, 1063
2026/09/28 20:10:43.339, 0, 33.60, 1063
2026/09/28 20:10:43.342, 1, 36.73, 1063
2026/09/28 20:10:43.345, 2, 36.49, 1063
2026/09/28 20:10:43.348, 3, 50.44, 1063
2026/09/28 20:10:43.551, 0, 33.12, 1063
2026/09/28 20:10:43.554, 1, 35.76, 1063
2026/09/28 20:10:43.557, 2, 34.31, 1063
2026/09/28 20:10:43.561, 3, 43.44, 1063
2026/09/28 20:10:43.764, 0, 41.08, 1063
2026/09/28 20:10:43.767, 1, 34.80, 1063
2026/09/28 20:10:43.770, 2, 32.86, 1063
2026/09/28 20:10:43.774, 3, 37.91, 1063
2026/09/28 20:10:43.980, 0, 63.26, 1063
2026/09/28 20:10:43.983, 1, 39.85, 1063
2026/09/28 20:10:43.985, 2, 31.41, 1063
2026/09/28 20:10:43.988, 3, 35.25, 1063
2026/09/28 20:10:44.191, 0, 52.88, 1063
2026/09/28 20:10:44.196, 1, 59.85, 1063
2026/09/28 20:10:44.199, 2, 33.58, 1063
2026/09/28 20:10:44.202, 3, 33.81, 1063
2026/09/28 20:10:44.405, 0, 35.03, 1063
2026/09/28 20:10:44.408, 1, 39.13, 1063
2026/09/28 20:10:44.411, 2, 41.29, 1063
2026/09/28 20:10:44.414, 3, 58.13, 1063
2026/09/28 20:10:44.619, 0, 46.60, 1063
2026/09/28 20:10:44.622, 1, 35.26, 1063
2026/09/28 20:10:44.625, 2, 34.31, 1063
2026/09/28 20:10:44.628, 3, 42.48, 1063
2026/09/28 20:10:44.831, 0, 55.54, 1063
2026/09/28 20:10:44.834, 1, 34.56, 1063
2026/09/28 20:10:44.837, 2, 32.13, 1063
2026/09/28 20:10:44.841, 3, 37.43, 1063
2026/09/28 20:10:45.044, 0, 48.05, 1063
2026/09/28 20:10:45.047, 1, 61.27, 1063
2026/09/28 20:10:45.050, 2, 47.33, 1063
2026/09/28 20:10:45.053, 3, 31.65, 1063
2026/09/28 20:10:45.259, 0, 33.82, 1063
2026/09/28 20:10:45.262, 1, 37.45, 1063
2026/09/28 20:10:45.265, 2, 37.93, 1063
2026/09/28 20:10:45.268, 3, 54.06, 1063
2026/09/28 20:10:45.471, 0, 55.03, 1063
2026/09/28 20:10:45.474, 1, 35.04, 1063
2026/09/28 20:10:45.477, 2, 33.10, 1063
2026/09/28 20:10:45.480, 3, 40.06, 1063
2026/09/28 20:10:45.683, 0, 40.59, 1063
2026/09/28 20:10:45.687, 1, 48.54, 1063
2026/09/28 20:10:45.690, 2, 56.23, 1063
2026/09/28 20:10:45.693, 3, 55.02, 1063
2026/09/28 20:10:45.898, 0, 55.54, 1063
2026/09/28 20:10:45.901, 1, 35.04, 1063
2026/09/28 20:10:45.904, 2, 33.34, 1063
2026/09/28 20:10:45.907, 3, 40.56, 1063
2026/09/28 20:10:46.110, 0, 54.81, 1063
2026/09/28 20:10:46.113, 1, 58.16, 1063
2026/09/28 20:10:46.116, 2, 34.07, 1063
2026/09/28 20:10:46.120, 3, 34.53, 1063
2026/09/28 20:10:46.323, 0, 35.28, 1063
2026/09/28 20:10:46.326, 1, 39.15, 1063
2026/09/28 20:10:46.329, 2, 40.81, 1063
2026/09/28 20:10:46.332, 3, 56.96, 1063
2026/09/28 20:10:46.538, 0, 38.66, 1063
2026/09/28 20:10:46.541, 1, 36.22, 1063
2026/09/28 20:10:46.544, 2, 35.03, 1063
2026/09/28 20:10:46.547, 3, 45.85, 1063
2026/09/28 20:10:46.750, 0, 53.88, 1063
2026/09/28 20:10:46.753, 1, 58.40, 1063
2026/09/28 20:10:46.756, 2, 35.52, 1063
2026/09/28 20:10:46.760, 3, 33.09, 1063
2026/09/28 20:10:46.963, 0, 39.16, 1063
2026/09/28 20:10:46.966, 1, 45.88, 1063
2026/09/28 20:10:46.969, 2, 53.34, 1063
2026/09/28 20:10:46.971, 3, 59.82, 1063
2026/09/28 20:10:47.177, 0, 33.36, 1063
2026/09/28 20:10:47.180, 1, 36.25, 1063
2026/09/28 20:10:47.184, 2, 35.03, 1063
2026/09/28 20:10:47.187, 3, 46.10, 1063
2026/09/28 20:10:47.390, 0, 56.51, 1063
2026/09/28 20:10:47.393, 1, 57.44, 1063
2026/09/28 20:10:47.396, 2, 38.15, 1063
2026/09/28 20:10:47.401, 3, 34.05, 1063
2026/09/28 20:10:47.604, 0, 45.90, 1063
2026/09/28 20:10:47.607, 1, 57.68, 1063
2026/09/28 20:10:47.610, 2, 47.81, 1063
2026/09/28 20:10:47.613, 3, 32.12, 1063
2026/09/28 20:10:47.817, 0, 41.07, 1063
2026/09/28 20:10:47.820, 1, 49.03, 1063
2026/09/28 20:10:47.823, 2, 57.92, 1063
2026/09/28 20:10:47.826, 3, 45.13, 1063
2026/09/28 20:10:48.029, 0, 37.45, 1063
2026/09/28 20:10:48.032, 1, 42.99, 1063
2026/09/28 20:10:48.035, 2, 48.05, 1063
2026/09/28 20:10:48.038, 3, 60.05, 1063
2026/09/28 20:10:48.241, 0, 34.09, 1063
2026/09/28 20:10:48.244, 1, 37.70, 1063
2026/09/28 20:10:48.247, 2, 37.93, 1063
2026/09/28 20:10:48.250, 3, 53.79, 1063
2026/09/28 20:10:48.453, 0, 50.98, 1063
2026/09/28 20:10:48.459, 1, 60.82, 1063
2026/09/28 20:10:48.464, 2, 45.88, 1063
2026/09/28 20:10:48.466, 3, 33.33, 1063
2026/09/28 20:10:48.669, 0, 31.19, 1063
2026/09/28 20:10:48.671, 1, 32.86, 1063
2026/09/28 20:10:48.671, 2, 29.01, 1063
2026/09/28 20:10:48.674, 3, 30.20, 1063
2026/09/28 20:10:48.877, 0, 97.81, 1063
2026/09/28 20:10:48.881, 1, 32.62, 1063
2026/09/28 20:10:48.884, 2, 28.77, 1063
2026/09/28 20:10:48.890, 3, 30.20, 1063
2026/09/28 20:10:49.093, 0, 31.42, 1063
2026/09/28 20:10:49.098, 1, 63.23, 1063
2026/09/28 20:10:49.105, 2, 74.04, 1063
2026/09/28 20:10:49.111, 3, 30.20, 1063
2026/09/28 20:10:49.316, 0, 31.17, 1063
2026/09/28 20:10:49.319, 1, 32.60, 1063
2026/09/28 20:10:49.323, 2, 29.96, 1063
2026/09/28 20:10:49.326, 3, 100.40, 1063
2026/09/28 20:10:49.529, 0, 32.64, 1063
2026/09/28 20:10:49.532, 1, 38.90, 1063
2026/09/28 20:10:49.535, 2, 58.65, 1063
2026/09/28 20:10:49.538, 3, 62.71, 1063
2026/09/28 20:10:49.741, 0, 53.61, 1063
2026/09/28 20:10:49.744, 1, 58.40, 1063
2026/09/28 20:10:49.747, 2, 32.62, 1063
2026/09/28 20:10:49.749, 3, 32.60, 1063
2026/09/28 20:10:49.956, 0, 46.39, 1063
2026/09/28 20:10:49.959, 1, 56.96, 1063
2026/09/28 20:10:49.963, 2, 49.50, 1063
2026/09/28 20:10:49.966, 3, 32.12, 1063
2026/09/28 20:10:50.169, 0, 44.21, 1063
2026/09/28 20:10:50.172, 1, 54.33, 1063
2026/09/28 20:10:50.175, 2, 57.65, 1063
2026/09/28 20:10:50.180, 3, 41.30, 1063
2026/09/28 20:10:50.383, 0, 39.38, 1063
2026/09/28 20:10:50.386, 1, 46.61, 1063
2026/09/28 20:10:50.389, 2, 54.06, 1063
2026/09/28 20:10:50.392, 3, 52.12, 1063
2026/09/28 20:10:50.596, 0, 35.03, 1063
2026/09/28 20:10:50.599, 1, 39.12, 1063
2026/09/28 20:10:50.602, 2, 40.57, 1063
2026/09/28 20:10:50.605, 3, 60.29, 1063
2026/09/28 20:10:50.808, 0, 34.09, 1063
2026/09/28 20:10:50.811, 1, 37.70, 1063
2026/09/28 20:10:50.814, 2, 37.93, 1063
2026/09/28 20:10:50.817, 3, 53.79, 1063
2026/09/28 20:10:51.020, 0, 33.12, 1063
2026/09/28 20:10:51.023, 1, 35.76, 1063
2026/09/28 20:10:51.026, 2, 34.55, 1063
2026/09/28 20:10:51.029, 3, 40.81, 1063
2026/09/28 20:10:51.235, 0, 52.64, 1063
2026/09/28 20:10:51.238, 1, 34.56, 1063
2026/09/28 20:10:51.242, 2, 32.38, 1063
2026/09/28 20:10:51.245, 3, 37.67, 1063
2026/09/28 20:10:51.448, 0, 64.46, 1063
2026/09/28 20:10:51.451, 1, 48.30, 1063
2026/09/28 20:10:51.454, 2, 31.17, 1063
2026/09/28 20:10:51.457, 3, 34.51, 1063
2026/09/28 20:10:51.660, 0, 45.66, 1063
2026/09/28 20:10:51.664, 1, 56.96, 1063
2026/09/28 20:10:51.667, 2, 49.99, 1063
2026/09/28 20:10:51.670, 3, 34.75, 1063
2026/09/28 20:10:51.875, 0, 41.31, 1063
2026/09/28 20:10:51.878, 1, 48.30, 1063
2026/09/28 20:10:51.882, 2, 55.99, 1063
2026/09/28 20:10:51.885, 3, 45.13, 1063
2026/09/28 20:10:52.088, 0, 37.21, 1063
2026/09/28 20:10:52.091, 1, 42.75, 1063
2026/09/28 20:10:52.094, 2, 47.09, 1063
2026/09/28 20:10:52.097, 3, 60.82, 1063
2026/09/28 20:10:52.300, 0, 35.76, 1063
2026/09/28 20:10:52.303, 1, 40.57, 1063
2026/09/28 20:10:52.305, 2, 43.22, 1063
2026/09/28 20:10:52.308, 3, 60.78, 1063
2026/09/28 20:10:52.514, 0, 32.88, 1063
2026/09/28 20:10:52.517, 1, 35.74, 1063
2026/09/28 20:10:52.522, 2, 34.55, 1063
2026/09/28 20:10:52.524, 3, 44.17, 1063
2026/09/28 20:10:52.727, 0, 53.61, 1063
2026/09/28 20:10:52.730, 1, 34.56, 1063
2026/09/28 20:10:52.733, 2, 32.38, 1063
2026/09/28 20:10:52.736, 3, 37.92, 1063
2026/09/28 20:10:52.939, 0, 61.34, 1063
2026/09/28 20:10:52.942, 1, 48.54, 1063
2026/09/28 20:10:52.945, 2, 31.17, 1063
2026/09/28 20:10:52.948, 3, 33.81, 1063
2026/09/28 20:10:53.154, 0, 47.84, 1063
2026/09/28 20:10:53.157, 1, 56.96, 1063
2026/09/28 20:10:53.161, 2, 50.23, 1063
2026/09/28 20:10:53.164, 3, 32.13, 1063
2026/09/28 20:10:53.367, 0, 40.35, 1063
2026/09/28 20:10:53.370, 1, 47.33, 1063
2026/09/28 20:10:53.373, 2, 55.99, 1063
2026/09/28 20:10:53.376, 3, 47.55, 1063
2026/09/28 20:10:53.579, 0, 36.00, 1063
2026/09/28 20:10:53.582, 1, 40.81, 1063
2026/09/28 20:10:53.585, 2, 43.95, 1063
2026/09/28 20:10:53.588, 3, 64.40, 1063
2026/09/28 20:10:53.794, 0, 33.84, 1063
2026/09/28 20:10:53.797, 1, 36.73, 1063
2026/09/28 20:10:53.801, 2, 36.49, 1063
2026/09/28 20:10:53.804, 3, 48.99, 1063
2026/09/28 20:10:54.007, 0, 32.88, 1063
2026/09/28 20:10:54.010, 1, 35.52, 1063
2026/09/28 20:10:54.013, 2, 34.55, 1063
2026/09/28 20:10:54.016, 3, 43.23, 1063
2026/09/28 20:10:54.219, 0, 53.15, 1063
2026/09/28 20:10:54.222, 1, 34.56, 1063
2026/09/28 20:10:54.225, 2, 32.38, 1063
2026/09/28 20:10:54.228, 3, 36.46, 1063
2026/09/28 20:10:54.433, 0, 54.57, 1063
2026/09/28 20:10:54.436, 1, 61.54, 1063
2026/09/28 20:10:54.441, 2, 37.91, 1063
2026/09/28 20:10:54.444, 3, 33.33, 1063
2026/09/28 20:10:54.646, 0, 42.52, 1063
2026/09/28 20:10:54.650, 1, 51.65, 1063
2026/09/28 20:10:54.653, 2, 57.20, 1063
2026/09/28 20:10:54.656, 3, 39.58, 1063
2026/09/28 20:10:54.859, 0, 40.35, 1063
2026/09/28 20:10:54.862, 1, 47.82, 1063
2026/09/28 20:10:54.865, 2, 56.26, 1063
2026/09/28 20:10:54.868, 3, 51.89, 1063
2026/09/28 20:10:55.073, 0, 37.93, 1063
2026/09/28 20:10:55.076, 1, 42.75, 1063
2026/09/28 20:10:55.080, 2, 48.05, 1063
2026/09/28 20:10:55.083, 3, 59.58, 1063
2026/09/28 20:10:55.286, 0, 36.97, 1063
2026/09/28 20:10:55.289, 1, 42.50, 1063
2026/09/28 20:10:55.292, 2, 47.09, 1063
2026/09/28 20:10:55.295, 3, 60.75, 1063
2026/09/28 20:10:55.498, 0, 34.79, 1063
2026/09/28 20:10:55.501, 1, 38.64, 1063
2026/09/28 20:10:55.504, 2, 40.11, 1063
2026/09/28 20:10:55.507, 3, 53.79, 1063
2026/09/28 20:10:55.712, 0, 32.88, 1063
2026/09/28 20:10:55.717, 1, 35.04, 1063
2026/09/28 20:10:55.723, 2, 33.10, 1063
2026/09/28 20:10:55.726, 3, 38.16, 1063
2026/09/28 20:10:55.932, 0, 64.19, 1063
2026/09/28 20:10:55.936, 1, 44.44, 1063
2026/09/28 20:10:55.939, 2, 31.41, 1063
2026/09/28 20:10:55.942, 3, 35.26, 1063
2026/09/28 20:10:56.145, 0, 55.29, 1063
2026/09/28 20:10:56.148, 1, 56.47, 1063
2026/09/28 20:10:56.151, 2, 30.69, 1063
2026/09/28 20:10:56.154, 3, 33.57, 1063
2026/09/28 20:10:56.357, 0, 43.73, 1063
2026/09/28 20:10:56.360, 1, 49.26, 1063
2026/09/28 20:10:56.366, 2, 57.67, 1063
2026/09/28 20:10:56.369, 3, 45.13, 1063
2026/09/28 20:10:56.572, 0, 36.00, 1063
2026/09/28 20:10:56.576, 1, 40.57, 1063
2026/09/28 20:10:56.579, 2, 43.46, 1063
2026/09/28 20:10:56.582, 3, 66.53, 1063
2026/09/28 20:10:56.786, 0, 34.81, 1063
2026/09/28 20:10:56.789, 1, 38.66, 1063
2026/09/28 20:10:56.791, 2, 40.11, 1063
2026/09/28 20:10:56.794, 3, 60.54, 1063
2026/09/28 20:10:56.997, 0, 33.60, 1063
2026/09/28 20:10:57.000, 1, 36.73, 1063
2026/09/28 20:10:57.003, 2, 36.49, 1063
2026/09/28 20:10:57.006, 3, 47.33, 1063
2026/09/28 20:10:57.212, 0, 32.88, 1063
2026/09/28 20:10:57.215, 1, 35.52, 1063
2026/09/28 20:10:57.218, 2, 34.31, 1063
2026/09/28 20:10:57.221, 3, 43.20, 1063
2026/09/28 20:10:57.424, 0, 51.22, 1063
2026/09/28 20:10:57.427, 1, 35.04, 1063
2026/09/28 20:10:57.430, 2, 33.34, 1063
2026/09/28 20:10:57.433, 3, 39.58, 1063
2026/09/28 20:10:57.637, 0, 62.99, 1063
2026/09/28 20:10:57.640, 1, 40.33, 1063
2026/09/28 20:10:57.643, 2, 31.41, 1063
2026/09/28 20:10:57.646, 3, 35.25, 1063
2026/09/28 20:10:57.849, 0, 57.47, 1063
2026/09/28 20:10:57.852, 1, 54.30, 1063
2026/09/28 20:10:57.855, 2, 30.68, 1063
2026/09/28 20:10:57.858, 3, 33.81, 1063
2026/09/28 20:10:58.061, 0, 47.60, 1063
2026/09/28 20:10:58.064, 1, 59.85, 1063
2026/09/28 20:10:58.067, 2, 46.36, 1063
2026/09/28 20:10:58.070, 3, 32.38, 1063
2026/09/28 20:10:58.273, 0, 41.31, 1063
2026/09/28 20:10:58.276, 1, 49.74, 1063
2026/09/28 20:10:58.279, 2, 58.89, 1063
2026/09/28 20:10:58.282, 3, 42.72, 1063
2026/09/28 20:10:58.485, 0, 36.00, 1063
2026/09/28 20:10:58.488, 1, 40.57, 1063
2026/09/28 20:10:58.492, 2, 39.87, 1063
2026/09/28 20:10:58.498, 3, 60.06, 1063
2026/09/28 20:10:58.701, 0, 34.08, 1063
2026/09/28 20:10:58.704, 1, 37.45, 1063
2026/09/28 20:10:58.707, 2, 38.18, 1063
2026/09/28 20:10:58.710, 3, 53.10, 1063
2026/09/28 20:10:58.913, 0, 32.88, 1063
2026/09/28 20:10:58.916, 1, 36.00, 1063
2026/09/28 20:10:58.919, 2, 34.79, 1063
2026/09/28 20:10:58.922, 3, 44.89, 1063
2026/09/28 20:10:59.125, 0, 43.52, 1063
2026/09/28 20:10:59.128, 1, 35.04, 1063
2026/09/28 20:10:59.131, 2, 33.34, 1063
2026/09/28 20:10:59.134, 3, 40.31, 1063
2026/09/28 20:10:59.337, 0, 49.50, 1063
2026/09/28 20:10:59.339, 1, 62.99, 1063
2026/09/28 20:10:59.342, 2, 40.57, 1063
2026/09/28 20:10:59.345, 3, 33.81, 1063
2026/09/28 20:10:59.548, 0, 39.86, 1063
2026/09/28 20:10:59.554, 1, 47.33, 1063
2026/09/28 20:10:59.557, 2, 54.54, 1063
2026/09/28 20:10:59.560, 3, 50.17, 1063
2026/09/28 20:10:59.763, 0, 38.66, 1063
2026/09/28 20:10:59.767, 1, 44.19, 1063
2026/09/28 20:10:59.770, 2, 50.95, 1063
2026/09/28 20:10:59.773, 3, 56.44, 1063
2026/09/28 20:10:59.976, 0, 36.00, 1063
2026/09/28 20:10:59.979, 1, 40.84, 1063
2026/09/28 20:10:59.982, 2, 43.71, 1063
2026/09/28 20:10:59.985, 3, 69.18, 1063
2026/09/28 20:11:00.188, 0, 33.85, 1063
2026/09/28 20:11:00.194, 1, 36.73, 1063
2026/09/28 20:11:00.197, 2, 36.97, 1063
2026/09/28 20:11:00.200, 3, 52.13, 1063
2026/09/28 20:11:00.403, 0, 62.78, 1063
2026/09/28 20:11:00.406, 1, 37.92, 1063
2026/09/28 20:11:00.409, 2, 31.89, 1063
2026/09/28 20:11:00.412, 3, 36.70, 1063
2026/09/28 20:11:00.615, 0, 48.53, 1063
2026/09/28 20:11:00.618, 1, 62.99, 1063
2026/09/28 20:11:00.621, 2, 41.53, 1063
2026/09/28 20:11:00.624, 3, 32.37, 1063
2026/09/28 20:11:00.827, 0, 44.21, 1063
2026/09/28 20:11:00.830, 1, 54.09, 1063
2026/09/28 20:11:00.833, 2, 54.06, 1063
2026/09/28 20:11:00.836, 3, 34.51, 1063
2026/09/28 20:11:01.039, 0, 39.38, 1063
2026/09/28 20:11:01.042, 1, 47.09, 1063
2026/09/28 20:11:01.045, 2, 54.78, 1063
2026/09/28 20:11:01.048, 3, 50.19, 1063
2026/09/28 20:11:01.251, 0, 36.00, 1063
2026/09/28 20:11:01.254, 1, 41.06, 1063
2026/09/28 20:11:01.257, 2, 44.19, 1063
2026/09/28 20:11:01.260, 3, 70.15, 1063
2026/09/28 20:11:01.463, 0, 33.60, 1063
2026/09/28 20:11:01.467, 1, 36.73, 1063
2026/09/28 20:11:01.469, 2, 36.73, 1063
2026/09/28 20:11:01.472, 3, 46.12, 1063
2026/09/28 20:11:01.678, 0, 33.58, 1063
2026/09/28 20:11:01.681, 1, 36.49, 1063
2026/09/28 20:11:01.684, 2, 35.52, 1063
2026/09/28 20:11:01.687, 3, 48.27, 1063
2026/09/28 20:11:01.891, 0, 34.55, 1063
2026/09/28 20:11:01.894, 1, 35.28, 1063
2026/09/28 20:11:01.897, 2, 33.34, 1063
2026/09/28 20:11:01.899, 3, 41.78, 1063
2026/09/28 20:11:02.102, 0, 49.26, 1063
2026/09/28 20:11:02.105, 1, 34.56, 1063
2026/09/28 20:11:02.108, 2, 32.13, 1063
2026/09/28 20:11:02.111, 3, 38.39, 1063
2026/09/28 20:11:02.314, 0, 62.26, 1063
2026/09/28 20:11:02.317, 1, 48.78, 1063
2026/09/28 20:11:02.320, 2, 31.65, 1063
2026/09/28 20:11:02.323, 3, 36.44, 1063
2026/09/28 20:11:02.526, 0, 47.11, 1063
2026/09/28 20:11:02.529, 1, 58.89, 1063
2026/09/28 20:11:02.532, 2, 47.33, 1063
2026/09/28 20:11:02.536, 3, 32.11, 1063
2026/09/28 20:11:02.739, 0, 43.25, 1063
2026/09/28 20:11:02.742, 1, 52.85, 1063
2026/09/28 20:11:02.745, 2, 55.03, 1063
2026/09/28 20:11:02.748, 3, 33.57, 1063
2026/09/28 20:11:02.951, 0, 38.66, 1063
2026/09/28 20:11:02.954, 1, 45.41, 1063
2026/09/28 20:11:02.957, 2, 50.92, 1063
2026/09/28 20:11:02.960, 3, 54.30, 1063
2026/09/28 20:11:03.163, 0, 36.75, 1063
2026/09/28 20:11:03.165, 1, 42.02, 1063
2026/09/28 20:11:03.168, 2, 45.16, 1063
2026/09/28 20:11:03.171, 3, 62.71, 1063
2026/09/28 20:11:03.374, 0, 33.60, 1063
2026/09/28 20:11:03.377, 1, 36.97, 1063
2026/09/28 20:11:03.380, 2, 36.49, 1063
2026/09/28 20:11:03.383, 3, 49.72, 1063
2026/09/28 20:11:03.587, 0, 59.36, 1063
2026/09/28 20:11:03.592, 1, 36.46, 1063
2026/09/28 20:11:03.596, 2, 31.41, 1063
2026/09/28 20:11:03.599, 3, 35.98, 1063
2026/09/28 20:11:03.802, 0, 62.01, 1063
2026/09/28 20:11:03.805, 1, 39.85, 1063
2026/09/28 20:11:03.808, 2, 31.19, 1063
2026/09/28 20:11:03.811, 3, 35.74, 1063
2026/09/28 20:11:04.014, 0, 64.43, 1063
2026/09/28 20:11:04.017, 1, 43.95, 1063
2026/09/28 20:11:04.020, 2, 30.68, 1063
2026/09/28 20:11:04.022, 3, 33.57, 1063
2026/09/28 20:11:04.229, 0, 38.90, 1063
2026/09/28 20:11:04.234, 1, 46.37, 1063
2026/09/28 20:11:04.237, 2, 52.85, 1063
2026/09/28 20:11:04.239, 3, 52.61, 1063
2026/09/28 20:11:04.442, 0, 34.57, 1063
2026/09/28 20:11:04.445, 1, 38.18, 1063
2026/09/28 20:11:04.448, 2, 38.90, 1063
2026/09/28 20:11:04.451, 3, 58.13, 1063
2026/09/28 20:11:04.654, 0, 33.84, 1063
2026/09/28 20:11:04.657, 1, 36.95, 1063
2026/09/28 20:11:04.660, 2, 36.49, 1063
2026/09/28 20:11:04.663, 3, 48.53, 1063
2026/09/28 20:11:04.868, 0, 33.12, 1063
2026/09/28 20:11:04.872, 1, 35.76, 1063
2026/09/28 20:11:04.875, 2, 34.31, 1063
2026/09/28 20:11:04.878, 3, 45.15, 1063
2026/09/28 20:11:05.081, 0, 38.18, 1063
2026/09/28 20:11:05.084, 1, 35.04, 1063
2026/09/28 20:11:05.087, 2, 33.10, 1063
2026/09/28 20:11:05.090, 3, 40.31, 1063
2026/09/28 20:11:05.293, 0, 56.53, 1063
2026/09/28 20:11:05.298, 1, 56.23, 1063
2026/09/28 20:11:05.301, 2, 30.46, 1063
2026/09/28 20:11:05.304, 3, 33.56, 1063
2026/09/28 20:11:05.509, 0, 36.98, 1063
2026/09/28 20:11:05.512, 1, 42.75, 1063
2026/09/28 20:11:05.515, 2, 46.12, 1063
2026/09/28 20:11:05.518, 3, 60.29, 1063
2026/09/28 20:11:05.721, 0, 35.29, 1063
2026/09/28 20:11:05.724, 1, 39.87, 1063
2026/09/28 20:11:05.727, 2, 41.80, 1063
2026/09/28 20:11:05.730, 3, 66.32, 1063
2026/09/28 20:11:05.933, 0, 35.05, 1063
2026/09/28 20:11:05.936, 1, 39.15, 1063
2026/09/28 20:11:05.939, 2, 40.35, 1063
2026/09/28 20:11:05.941, 3, 62.48, 1063
2026/09/28 20:11:06.145, 0, 34.31, 1063
2026/09/28 20:11:06.148, 1, 37.70, 1063
2026/09/28 20:11:06.151, 2, 36.73, 1063
2026/09/28 20:11:06.155, 3, 52.86, 1063
2026/09/28 20:11:06.358, 0, 61.34, 1063
2026/09/28 20:11:06.364, 1, 37.19, 1063
2026/09/28 20:11:06.367, 2, 31.89, 1063
2026/09/28 20:11:06.370, 3, 37.19, 1063
2026/09/28 20:11:06.573, 0, 59.39, 1063
2026/09/28 20:11:06.576, 1, 52.13, 1063
2026/09/28 20:11:06.579, 2, 30.44, 1063
2026/09/28 20:11:06.582, 3, 33.08, 1063
2026/09/28 20:11:06.788, 0, 31.43, 1063
2026/09/28 20:11:06.791, 1, 33.13, 1063
2026/09/28 20:11:06.794, 2, 29.74, 1063
2026/09/28 20:11:06.797, 3, 31.42, 1063
2026/09/28 20:11:07.000, 0, 34.81, 1063
2026/09/28 20:11:07.003, 1, 38.18, 1063
2026/09/28 20:11:07.006, 2, 38.66, 1063
2026/09/28 20:11:07.010, 3, 56.47, 1063
2026/09/28 20:11:07.213, 0, 33.60, 1063
2026/09/28 20:11:07.216, 1, 36.49, 1063
2026/09/28 20:11:07.218, 2, 35.52, 1063
2026/09/28 20:11:07.221, 3, 44.68, 1063
2026/09/28 20:11:07.427, 0, 43.01, 1063
2026/09/28 20:11:07.430, 1, 35.04, 1063
2026/09/28 20:11:07.434, 2, 33.12, 1063
2026/09/28 20:11:07.437, 3, 41.27, 1063
2026/09/28 20:11:07.640, 0, 59.15, 1063
2026/09/28 20:11:07.643, 1, 51.89, 1063
2026/09/28 20:11:07.646, 2, 30.93, 1063
2026/09/28 20:11:07.649, 3, 34.29, 1063
2026/09/28 20:11:07.852, 0, 48.30, 1063
2026/09/28 20:11:07.855, 1, 63.23, 1063
2026/09/28 20:11:07.858, 2, 41.53, 1063
2026/09/28 20:11:07.861, 3, 32.62, 1063
2026/09/28 20:11:08.067, 0, 41.07, 1063
2026/09/28 20:11:08.070, 1, 48.05, 1063
2026/09/28 20:11:08.074, 2, 56.96, 1063
2026/09/28 20:11:08.077, 3, 47.06, 1063
2026/09/28 20:11:08.280, 0, 37.72, 1063
2026/09/28 20:11:08.283, 1, 43.47, 1063
2026/09/28 20:11:08.285, 2, 48.78, 1063
2026/09/28 20:11:08.288, 3, 59.33, 1063
2026/09/28 20:11:08.491, 0, 33.60, 1063
2026/09/28 20:11:08.494, 1, 36.73, 1063
2026/09/28 20:11:08.497, 2, 36.24, 1063
2026/09/28 20:11:08.500, 3, 45.13, 1063
2026/09/28 20:11:08.707, 0, 62.74, 1063
2026/09/28 20:11:08.709, 1, 47.81, 1063
2026/09/28 20:11:08.714, 2, 30.70, 1063
2026/09/28 20:11:08.717, 3, 34.07, 1063
2026/09/28 20:11:08.920, 0, 52.88, 1063
2026/09/28 20:11:08.923, 1, 59.61, 1063
2026/09/28 20:11:08.926, 2, 32.86, 1063
2026/09/28 20:11:08.928, 3, 33.09, 1063
2026/09/28 20:11:09.131, 0, 44.21, 1063
2026/09/28 20:11:09.134, 1, 54.82, 1063
2026/09/28 20:11:09.137, 2, 51.16, 1063
2026/09/28 20:11:09.140, 3, 42.98, 1063
2026/09/28 20:11:09.346, 0, 35.29, 1063
2026/09/28 20:11:09.349, 1, 39.13, 1063
2026/09/28 20:11:09.353, 2, 40.09, 1063
2026/09/28 20:11:09.356, 3, 60.54, 1063
2026/09/28 20:11:09.559, 0, 31.19, 1063
2026/09/28 20:11:09.562, 1, 32.62, 1063
2026/09/28 20:11:09.565, 2, 29.01, 1063
2026/09/28 20:11:09.568, 3, 30.20, 1063
2026/09/28 20:11:09.771, 0, 31.19, 1063
2026/09/28 20:11:09.774, 1, 32.62, 1063
2026/09/28 20:11:09.777, 2, 28.77, 1063
2026/09/28 20:11:09.780, 3, 30.20, 1063
2026/09/28 20:11:09.986, 0, 31.21, 1063
2026/09/28 20:11:09.990, 1, 32.40, 1063
2026/09/28 20:11:09.993, 2, 28.77, 1063
2026/09/28 20:11:09.997, 3, 29.97, 1063
2026/09/28 20:11:10.200, 0, 31.21, 1063
2026/09/28 20:11:10.203, 1, 32.40, 1063
2026/09/28 20:11:10.206, 2, 28.77, 1063
2026/09/28 20:11:10.209, 3, 29.97, 1063
2026/09/28 20:11:10.412, 0, 31.20, 1063
2026/09/28 20:11:10.415, 1, 32.40, 1063
2026/09/28 20:11:10.418, 2, 28.77, 1063
2026/09/28 20:11:10.421, 3, 29.97, 1063
2026/09/28 20:11:10.625, 0, 31.19, 1063
2026/09/28 20:11:10.628, 1, 32.38, 1063
2026/09/28 20:11:10.633, 2, 28.77, 1063
2026/09/28 20:11:10.636, 3, 29.96, 1063
2026/09/28 20:11:10.839, 0, 31.20, 1063
2026/09/28 20:11:10.842, 1, 32.40, 1063
2026/09/28 20:11:10.845, 2, 28.77, 1063
2026/09/28 20:11:10.848, 3, 29.97, 1063
2026/09/28 20:11:11.051, 0, 31.20, 1063
2026/09/28 20:11:11.054, 1, 32.40, 1063
2026/09/28 20:11:11.057, 2, 28.77, 1063
2026/09/28 20:11:11.061, 3, 29.97, 1063
2026/09/28 20:11:11.265, 0, 31.21, 1063
2026/09/28 20:11:11.268, 1, 32.40, 1063
2026/09/28 20:11:11.272, 2, 28.77, 1063
2026/09/28 20:11:11.275, 3, 29.97, 1063
2026/09/28 20:11:11.478, 0, 107.73, 1063
2026/09/28 20:11:11.481, 1, 32.36, 1063
2026/09/28 20:11:11.484, 2, 28.77, 1063
2026/09/28 20:11:11.487, 3, 29.95, 1063
2026/09/28 20:11:11.692, 0, 110.31, 1063
2026/09/28 20:11:11.695, 1, 32.36, 1063
2026/09/28 20:11:11.698, 2, 28.75, 1063
2026/09/28 20:11:11.703, 3, 29.95, 1063
2026/09/28 20:11:11.909, 0, 118.97, 1063
2026/09/28 20:11:11.911, 1, 32.62, 1063
2026/09/28 20:11:11.914, 2, 28.75, 1063
2026/09/28 20:11:11.917, 3, 29.95, 1063
2026/09/28 20:11:12.120, 0, 109.90, 1063
2026/09/28 20:11:12.123, 1, 32.38, 1063
2026/09/28 20:11:12.126, 2, 28.77, 1063
2026/09/28 20:11:12.129, 3, 29.95, 1063
2026/09/28 20:11:12.334, 0, 113.20, 1063
2026/09/28 20:11:12.337, 1, 32.62, 1063
2026/09/28 20:11:12.340, 2, 28.75, 1063
2026/09/28 20:11:12.343, 3, 29.94, 1063
2026/09/28 20:11:12.546, 0, 111.04, 1063
2026/09/28 20:11:12.550, 1, 32.36, 1063
2026/09/28 20:11:12.553, 2, 28.75, 1063
2026/09/28 20:11:12.556, 3, 29.95, 1063
2026/09/28 20:11:12.759, 0, 31.65, 1063
2026/09/28 20:11:12.762, 1, 106.42, 1063
2026/09/28 20:11:12.765, 2, 28.77, 1063
2026/09/28 20:11:12.768, 3, 29.95, 1063
2026/09/28 20:11:12.971, 0, 31.65, 1063
2026/09/28 20:11:12.974, 1, 105.27, 1063
2026/09/28 20:11:12.977, 2, 29.01, 1063
2026/09/28 20:11:12.980, 3, 29.95, 1063
2026/09/28 20:11:13.184, 0, 31.41, 1063
2026/09/28 20:11:13.187, 1, 110.51, 1063
2026/09/28 20:11:13.195, 2, 28.75, 1063
2026/09/28 20:11:13.197, 3, 29.95, 1063
2026/09/28 20:11:13.404, 0, 31.18, 1063
2026/09/28 20:11:13.407, 1, 105.70, 1063
2026/09/28 20:11:13.414, 2, 28.75, 1063
2026/09/28 20:11:13.417, 3, 29.95, 1063
2026/09/28 20:11:13.620, 0, 31.19, 1063
2026/09/28 20:11:13.626, 1, 34.31, 1063
2026/09/28 20:11:13.633, 2, 99.19, 1063
2026/09/28 20:11:13.636, 3, 30.18, 1063
2026/09/28 20:11:13.839, 0, 31.18, 1063
2026/09/28 20:11:13.842, 1, 32.86, 1063
2026/09/28 20:11:13.845, 2, 114.05, 1063
2026/09/28 20:11:13.852, 3, 29.95, 1063
2026/09/28 20:11:14.055, 0, 31.19, 1063
2026/09/28 20:11:14.058, 1, 32.62, 1063
2026/09/28 20:11:14.061, 2, 103.53, 1063
2026/09/28 20:11:14.064, 3, 29.95, 1063
2026/09/28 20:11:14.267, 0, 31.19, 1063
2026/09/28 20:11:14.270, 1, 32.62, 1063
2026/09/28 20:11:14.275, 2, 109.79, 1063
2026/09/28 20:11:14.278, 3, 30.18, 1063
2026/09/28 20:11:14.483, 0, 31.19, 1063
2026/09/28 20:11:14.486, 1, 32.62, 1063
2026/09/28 20:11:14.491, 2, 101.12, 1063
2026/09/28 20:11:14.496, 3, 29.96, 1063
2026/09/28 20:11:14.699, 0, 31.17, 1063
2026/09/28 20:11:14.700, 1, 32.60, 1063
2026/09/28 20:11:14.703, 2, 29.96, 1063
2026/09/28 20:11:14.711, 3, 115.01, 1063
2026/09/28 20:11:14.914, 0, 31.18, 1063
2026/09/28 20:11:14.917, 1, 32.62, 1063
2026/09/28 20:11:14.920, 2, 29.23, 1063
2026/09/28 20:11:14.923, 3, 108.04, 1063
2026/09/28 20:11:15.128, 0, 31.19, 1063
2026/09/28 20:11:15.131, 1, 32.38, 1063
2026/09/28 20:11:15.133, 2, 28.99, 1063
2026/09/28 20:11:15.136, 3, 111.64, 1063
2026/09/28 20:11:15.345, 0, 31.17, 1063
2026/09/28 20:11:15.348, 1, 32.62, 1063
2026/09/28 20:11:15.353, 2, 28.99, 1063
2026/09/28 20:11:15.356, 3, 103.53, 1063
2026/09/28 20:11:15.559, 0, 31.19, 1063
2026/09/28 20:11:15.565, 1, 32.38, 1063
2026/09/28 20:11:15.570, 2, 28.77, 1063
2026/09/28 20:11:15.575, 3, 30.93, 1063
2026/09/28 20:11:15.778, 0, 31.19, 1063
2026/09/28 20:11:15.781, 1, 32.64, 1063
2026/09/28 20:11:15.785, 2, 28.77, 1063
2026/09/28 20:11:15.788, 3, 30.20, 1063
2026/09/28 20:11:15.991, 0, 31.20, 1063
2026/09/28 20:11:15.994, 1, 32.16, 1063
2026/09/28 20:11:15.997, 2, 28.77, 1063
2026/09/28 20:11:16.000, 3, 29.97, 1063
2026/09/28 20:11:16.203, 0, 31.19, 1063
2026/09/28 20:11:16.206, 1, 32.40, 1063
2026/09/28 20:11:16.210, 2, 28.77, 1063
2026/09/28 20:11:16.213, 3, 29.97, 1063
2026/09/28 20:11:16.416, 0, 31.21, 1063
2026/09/28 20:11:16.419, 1, 32.40, 1063
2026/09/28 20:11:16.422, 2, 28.77, 1063
2026/09/28 20:11:16.428, 3, 29.97, 1063
2026/09/28 20:11:16.631, 0, 31.19, 1063
2026/09/28 20:11:16.634, 1, 32.38, 1063
2026/09/28 20:11:16.637, 2, 28.77, 1063
2026/09/28 20:11:16.640, 3, 29.72, 1063
2026/09/28 20:11:16.843, 0, 30.96, 1063
2026/09/28 20:11:16.846, 1, 32.40, 1063
2026/09/28 20:11:16.850, 2, 28.77, 1063
2026/09/28 20:11:16.853, 3, 29.72, 1063
2026/09/28 20:11:17.056, 0, 30.96, 1063
2026/09/28 20:11:17.059, 1, 32.40, 1063
2026/09/28 20:11:17.062, 2, 28.77, 1063
2026/09/28 20:11:17.067, 3, 29.72, 1063
2026/09/28 20:11:17.270, 0, 108.45, 1063
2026/09/28 20:11:17.273, 1, 32.62, 1063
2026/09/28 20:11:17.276, 2, 28.77, 1063
2026/09/28 20:11:17.279, 3, 29.95, 1063
2026/09/28 20:11:17.482, 0, 110.56, 1063
2026/09/28 20:11:17.488, 1, 32.38, 1063
2026/09/28 20:11:17.491, 2, 28.77, 1063
2026/09/28 20:11:17.494, 3, 29.95, 1063
2026/09/28 20:11:17.698, 0, 113.93, 1063
2026/09/28 20:11:17.701, 1, 32.60, 1063
2026/09/28 20:11:17.704, 2, 28.77, 1063
2026/09/28 20:11:17.707, 3, 29.94, 1063
2026/09/28 20:11:17.912, 0, 108.45, 1063
2026/09/28 20:11:17.915, 1, 32.62, 1063
2026/09/28 20:11:17.918, 2, 28.77, 1063
2026/09/28 20:11:17.921, 3, 29.95, 1063
2026/09/28 20:11:18.127, 0, 110.56, 1063
2026/09/28 20:11:18.130, 1, 32.62, 1063
2026/09/28 20:11:18.133, 2, 28.77, 1063
2026/09/28 20:11:18.136, 3, 29.95, 1063
2026/09/28 20:11:18.339, 0, 57.46, 1063
2026/09/28 20:11:18.341, 1, 88.69, 1063
2026/09/28 20:11:18.344, 2, 28.75, 1063
2026/09/28 20:11:18.347, 3, 29.70, 1063
2026/09/28 20:11:18.552, 0, 31.89, 1063
2026/09/28 20:11:18.558, 1, 104.25, 1063
2026/09/28 20:11:18.561, 2, 28.77, 1063
2026/09/28 20:11:18.566, 3, 29.70, 1063
2026/09/28 20:11:18.769, 0, 31.65, 1063
2026/09/28 20:11:18.772, 1, 107.44, 1063
2026/09/28 20:11:18.778, 2, 28.77, 1063
2026/09/28 20:11:18.781, 3, 29.95, 1063
2026/09/28 20:11:18.986, 0, 31.41, 1063
2026/09/28 20:11:18.989, 1, 111.95, 1063
2026/09/28 20:11:18.993, 2, 28.75, 1063
2026/09/28 20:11:18.996, 3, 29.70, 1063
2026/09/28 20:11:19.200, 0, 31.41, 1063
2026/09/28 20:11:19.205, 1, 105.51, 1063
2026/09/28 20:11:19.208, 2, 28.75, 1063
2026/09/28 20:11:19.211, 3, 29.70, 1063
2026/09/28 20:11:19.414, 0, 31.43, 1063
2026/09/28 20:11:19.417, 1, 33.10, 1063
2026/09/28 20:11:19.422, 2, 101.36, 1063
2026/09/28 20:11:19.428, 3, 29.96, 1063
2026/09/28 20:11:19.631, 0, 31.19, 1063
2026/09/28 20:11:19.635, 1, 32.86, 1063
2026/09/28 20:11:19.640, 2, 110.93, 1063
2026/09/28 20:11:19.649, 3, 29.95, 1063
2026/09/28 20:11:19.852, 0, 31.19, 1063
2026/09/28 20:11:19.855, 1, 32.62, 1063
2026/09/28 20:11:19.858, 2, 100.16, 1063
2026/09/28 20:11:19.861, 3, 29.95, 1063
2026/09/28 20:11:20.067, 0, 31.19, 1063
2026/09/28 20:11:20.070, 1, 32.62, 1063
2026/09/28 20:11:20.073, 2, 103.77, 1063
2026/09/28 20:11:20.076, 3, 29.72, 1063
2026/09/28 20:11:20.279, 0, 31.19, 1063
2026/09/28 20:11:20.284, 1, 32.62, 1063
2026/09/28 20:11:20.287, 2, 54.30, 1063
2026/09/28 20:11:20.290, 3, 90.10, 1063
2026/09/28 20:11:20.495, 0, 31.17, 1063
2026/09/28 20:11:20.498, 1, 32.60, 1063
2026/09/28 20:11:20.501, 2, 29.48, 1063
2026/09/28 20:11:20.505, 3, 105.38, 1063
2026/09/28 20:11:20.710, 0, 31.17, 1063
2026/09/28 20:11:20.711, 1, 32.37, 1063
2026/09/28 20:11:20.714, 2, 29.01, 1063
2026/09/28 20:11:20.717, 3, 114.29, 1063
2026/09/28 20:11:20.921, 0, 31.17, 1063
2026/09/28 20:11:20.924, 1, 32.62, 1063
2026/09/28 20:11:20.927, 2, 29.01, 1063
2026/09/28 20:11:20.931, 3, 105.87, 1063
2026/09/28 20:11:21.136, 0, 31.19, 1063
2026/09/28 20:11:21.139, 1, 32.38, 1063
2026/09/28 20:11:21.142, 2, 28.77, 1063
2026/09/28 20:11:21.145, 3, 46.36, 1063
2026/09/28 20:11:21.351, 0, 31.19, 1063
2026/09/28 20:11:21.353, 1, 32.40, 1063
2026/09/28 20:11:21.356, 2, 28.77, 1063
2026/09/28 20:11:21.359, 3, 30.20, 1063
2026/09/28 20:11:21.562, 0, 31.19, 1063
2026/09/28 20:11:21.566, 1, 32.40, 1063
2026/09/28 20:11:21.568, 2, 28.77, 1063
2026/09/28 20:11:21.571, 3, 29.97, 1063
2026/09/28 20:11:21.775, 0, 31.19, 1063
2026/09/28 20:11:21.778, 1, 32.38, 1063
2026/09/28 20:11:21.781, 2, 28.77, 1063
2026/09/28 20:11:21.785, 3, 29.97, 1063
2026/09/28 20:11:21.988, 0, 95.93, 1063
2026/09/28 20:11:21.991, 1, 32.62, 1063
2026/09/28 20:11:21.994, 2, 28.75, 1063
2026/09/28 20:11:21.997, 3, 29.95, 1063
2026/09/28 20:11:22.201, 0, 109.83, 1063
2026/09/28 20:11:22.206, 1, 32.36, 1063
2026/09/28 20:11:22.209, 2, 28.75, 1063
2026/09/28 20:11:22.212, 3, 29.95, 1063
2026/09/28 20:11:22.415, 0, 114.16, 1063
2026/09/28 20:11:22.418, 1, 32.36, 1063
2026/09/28 20:11:22.421, 2, 28.77, 1063
2026/09/28 20:11:22.424, 3, 29.95, 1063
2026/09/28 20:11:22.629, 0, 118.67, 1063
2026/09/28 20:11:22.632, 1, 32.36, 1063
2026/09/28 20:11:22.635, 2, 28.75, 1063
2026/09/28 20:11:22.638, 3, 29.95, 1063
2026/09/28 20:11:22.841, 0, 110.07, 1063
2026/09/28 20:11:22.846, 1, 32.60, 1063
2026/09/28 20:11:22.849, 2, 28.75, 1063
2026/09/28 20:11:22.851, 3, 29.95, 1063
2026/09/28 20:11:23.054, 0, 32.63, 1063
2026/09/28 20:11:23.057, 1, 104.07, 1063
2026/09/28 20:11:23.060, 2, 28.77, 1063
2026/09/28 20:11:23.064, 3, 29.95, 1063
2026/09/28 20:11:23.270, 0, 31.89, 1063
2026/09/28 20:11:23.273, 1, 105.21, 1063
2026/09/28 20:11:23.276, 2, 28.77, 1063
2026/09/28 20:11:23.279, 3, 29.95, 1063
2026/09/28 20:11:23.482, 0, 31.42, 1063
2026/09/28 20:11:23.485, 1, 107.68, 1063
2026/09/28 20:11:23.490, 2, 28.77, 1063
2026/09/28 20:11:23.493, 3, 29.95, 1063
2026/09/28 20:11:23.696, 0, 31.41, 1063
2026/09/28 20:11:23.702, 1, 119.10, 1063
2026/09/28 20:11:23.711, 2, 28.75, 1063
2026/09/28 20:11:23.714, 3, 29.70, 1063
2026/09/28 20:11:23.917, 0, 31.18, 1063
2026/09/28 20:11:23.922, 1, 105.75, 1063
2026/09/28 20:11:23.930, 2, 28.75, 1063
2026/09/28 20:11:23.933, 3, 29.95, 1063
2026/09/28 20:11:24.136, 0, 31.19, 1063
2026/09/28 20:11:24.142, 1, 33.10, 1063
2026/09/28 20:11:24.147, 2, 102.81, 1063
2026/09/28 20:11:24.152, 3, 29.95, 1063
2026/09/28 20:11:24.355, 0, 31.18, 1063
2026/09/28 20:11:24.358, 1, 32.86, 1063
2026/09/28 20:11:24.361, 2, 110.68, 1063
2026/09/28 20:11:24.367, 3, 29.95, 1063
2026/09/28 20:11:24.570, 0, 31.19, 1063
2026/09/28 20:11:24.573, 1, 32.62, 1063
2026/09/28 20:11:24.576, 2, 103.77, 1063
2026/09/28 20:11:24.579, 3, 29.95, 1063
2026/09/28 20:11:24.782, 0, 31.19, 1063
2026/09/28 20:11:24.785, 1, 32.62, 1063
2026/09/28 20:11:24.790, 2, 103.29, 1063
2026/09/28 20:11:24.793, 3, 29.95, 1063
2026/09/28 20:11:24.996, 0, 31.17, 1063
2026/09/28 20:11:25.001, 1, 32.60, 1063
2026/09/28 20:11:25.009, 2, 29.96, 1063
2026/09/28 20:11:25.012, 3, 111.65, 1063
2026/09/28 20:11:25.223, 0, 31.17, 1063
2026/09/28 20:11:25.226, 1, 32.62, 1063
2026/09/28 20:11:25.229, 2, 29.23, 1063
2026/09/28 20:11:25.232, 3, 107.84, 1063
2026/09/28 20:11:25.435, 0, 31.17, 1063
2026/09/28 20:11:25.441, 1, 32.62, 1063
2026/09/28 20:11:25.449, 2, 29.01, 1063
2026/09/28 20:11:25.452, 3, 108.28, 1063
2026/09/28 20:11:25.655, 0, 31.17, 1063
2026/09/28 20:11:25.661, 1, 32.60, 1063
2026/09/28 20:11:25.667, 2, 28.99, 1063
2026/09/28 20:11:25.670, 3, 116.38, 1063
2026/09/28 20:11:25.873, 0, 31.19, 1063
2026/09/28 20:11:25.876, 1, 32.40, 1063
2026/09/28 20:11:25.879, 2, 28.77, 1063
2026/09/28 20:11:25.884, 3, 30.45, 1063
2026/09/28 20:11:26.087, 0, 96.89, 1063
2026/09/28 20:11:26.090, 1, 32.60, 1063
2026/09/28 20:11:26.093, 2, 28.77, 1063
2026/09/28 20:11:26.096, 3, 30.18, 1063
2026/09/28 20:11:26.299, 0, 105.80, 1063
2026/09/28 20:11:26.305, 1, 32.60, 1063
2026/09/28 20:11:26.309, 2, 28.77, 1063
2026/09/28 20:11:26.312, 3, 29.95, 1063
2026/09/28 20:11:26.515, 0, 110.60, 1063
2026/09/28 20:11:26.518, 1, 32.60, 1063
2026/09/28 20:11:26.521, 2, 28.75, 1063
2026/09/28 20:11:26.524, 3, 29.94, 1063
2026/09/28 20:11:26.729, 0, 107.25, 1063
2026/09/28 20:11:26.732, 1, 32.60, 1063
2026/09/28 20:11:26.735, 2, 28.75, 1063
2026/09/28 20:11:26.738, 3, 29.94, 1063
2026/09/28 20:11:26.944, 0, 50.23, 1063
2026/09/28 20:11:26.947, 1, 98.46, 1063
2026/09/28 20:11:26.950, 2, 28.75, 1063
2026/09/28 20:11:26.953, 3, 29.95, 1063
2026/09/28 20:11:27.156, 0, 31.65, 1063
2026/09/28 20:11:27.159, 1, 119.65, 1063
2026/09/28 20:11:27.162, 2, 28.75, 1063
2026/09/28 20:11:27.165, 3, 29.95, 1063
2026/09/28 20:11:27.368, 0, 31.65, 1063
2026/09/28 20:11:27.371, 1, 107.62, 1063
2026/09/28 20:11:27.374, 2, 28.75, 1063
2026/09/28 20:11:27.376, 3, 29.70, 1063
2026/09/28 20:11:27.579, 0, 31.41, 1063
2026/09/28 20:11:27.583, 1, 105.51, 1063
2026/09/28 20:11:27.588, 2, 28.75, 1063
2026/09/28 20:11:27.591, 3, 29.93, 1063
2026/09/28 20:11:27.794, 0, 31.41, 1063
2026/09/28 20:11:27.797, 1, 108.34, 1063
2026/09/28 20:11:27.800, 2, 28.75, 1063
2026/09/28 20:11:27.803, 3, 29.94, 1063
2026/09/28 20:11:28.006, 0, 31.43, 1063
2026/09/28 20:11:28.009, 1, 33.10, 1063
2026/09/28 20:11:28.012, 2, 99.91, 1063
2026/09/28 20:11:28.015, 3, 29.95, 1063
2026/09/28 20:11:28.218, 0, 31.19, 1063
2026/09/28 20:11:28.221, 1, 32.86, 1063
2026/09/28 20:11:28.228, 2, 100.40, 1063
2026/09/28 20:11:28.230, 3, 29.95, 1063
2026/09/28 20:11:28.433, 0, 31.19, 1063
2026/09/28 20:11:28.436, 1, 32.62, 1063
2026/09/28 20:11:28.439, 2, 103.77, 1063
2026/09/28 20:11:28.446, 3, 29.70, 1063
2026/09/28 20:11:28.649, 0, 31.19, 1063
2026/09/28 20:11:28.654, 1, 32.62, 1063
2026/09/28 20:11:28.657, 2, 106.35, 1063
2026/09/28 20:11:28.660, 3, 29.70, 1063
2026/09/28 20:11:28.863, 0, 31.18, 1063
2026/09/28 20:11:28.866, 1, 32.62, 1063
2026/09/28 20:11:28.869, 2, 29.96, 1063
2026/09/28 20:11:28.872, 3, 104.43, 1063
2026/09/28 20:11:29.075, 0, 31.18, 1063
2026/09/28 20:11:29.078, 1, 32.62, 1063
2026/09/28 20:11:29.081, 2, 29.25, 1063
2026/09/28 20:11:29.086, 3, 106.83, 1063
2026/09/28 20:11:29.289, 0, 31.18, 1063
2026/09/28 20:11:29.292, 1, 32.62, 1063
2026/09/28 20:11:29.295, 2, 29.24, 1063
2026/09/28 20:11:29.298, 3, 110.93, 1063
2026/09/28 20:11:29.505, 0, 31.18, 1063
2026/09/28 20:11:29.508, 1, 32.62, 1063
2026/09/28 20:11:29.512, 2, 28.99, 1063
2026/09/28 20:11:29.515, 3, 106.35, 1063
2026/09/28 20:11:29.718, 0, 31.19, 1063
2026/09/28 20:11:29.718, 1, 32.62, 1063
2026/09/28 20:11:29.724, 2, 28.77, 1063
2026/09/28 20:11:29.727, 3, 30.44, 1063
2026/09/28 20:11:29.930, 0, 102.92, 1063
2026/09/28 20:11:29.933, 1, 32.38, 1063
2026/09/28 20:11:29.936, 2, 28.75, 1063
2026/09/28 20:11:29.942, 3, 30.18, 1063
2026/09/28 20:11:30.147, 0, 101.95, 1063
2026/09/28 20:11:30.150, 1, 32.38, 1063
2026/09/28 20:11:30.153, 2, 28.77, 1063
2026/09/28 20:11:30.156, 3, 29.95, 1063
2026/09/28 20:11:30.364, 0, 119.22, 1063
2026/09/28 20:11:30.367, 1, 32.36, 1063
2026/09/28 20:11:30.370, 2, 28.75, 1063
2026/09/28 20:11:30.373, 3, 29.95, 1063
2026/09/28 20:11:30.576, 0, 111.28, 1063
2026/09/28 20:11:30.583, 1, 32.60, 1063
2026/09/28 20:11:30.586, 2, 28.75, 1063
2026/09/28 20:11:30.589, 3, 29.94, 1063
2026/09/28 20:11:30.792, 0, 111.52, 1063
2026/09/28 20:11:30.795, 1, 32.60, 1063
2026/09/28 20:11:30.798, 2, 28.75, 1063
2026/09/28 20:11:30.802, 3, 29.94, 1063
2026/09/28 20:11:31.007, 0, 32.13, 1063
2026/09/28 20:11:31.010, 1, 107.14, 1063
2026/09/28 20:11:31.013, 2, 28.75, 1063
2026/09/28 20:11:31.016, 3, 29.94, 1063
2026/09/28 20:11:31.221, 0, 31.65, 1063
2026/09/28 20:11:31.224, 1, 115.97, 1063
2026/09/28 20:11:31.229, 2, 28.75, 1063
2026/09/28 20:11:31.232, 3, 29.94, 1063
2026/09/28 20:11:31.435, 0, 31.41, 1063
2026/09/28 20:11:31.440, 1, 109.79, 1063
2026/09/28 20:11:31.447, 2, 28.75, 1063
2026/09/28 20:11:31.450, 3, 29.70, 1063
2026/09/28 20:11:31.653, 0, 31.41, 1063
2026/09/28 20:11:31.656, 1, 105.70, 1063
2026/09/28 20:11:31.659, 2, 28.75, 1063
2026/09/28 20:11:31.662, 3, 29.70, 1063
2026/09/28 20:11:31.865, 0, 31.18, 1063
2026/09/28 20:11:31.868, 1, 33.35, 1063
2026/09/28 20:11:31.871, 2, 104.25, 1063
2026/09/28 20:11:31.874, 3, 29.96, 1063
2026/09/28 20:11:32.077, 0, 31.19, 1063
2026/09/28 20:11:32.080, 1, 32.86, 1063
2026/09/28 20:11:32.084, 2, 101.12, 1063
2026/09/28 20:11:32.089, 3, 29.46, 1063
2026/09/28 20:11:32.292, 0, 31.19, 1063
2026/09/28 20:11:32.295, 1, 32.62, 1063
2026/09/28 20:11:32.298, 2, 102.56, 1063
2026/09/28 20:11:32.301, 3, 29.72, 1063
2026/09/28 20:11:32.504, 0, 31.19, 1063
2026/09/28 20:11:32.507, 1, 32.62, 1063
2026/09/28 20:11:32.512, 2, 108.28, 1063
2026/09/28 20:11:32.515, 3, 29.70, 1063
2026/09/28 20:11:32.720, 0, 31.17, 1063
2026/09/28 20:11:32.723, 1, 32.62, 1063
2026/09/28 20:11:32.726, 2, 89.18, 1063
2026/09/28 20:11:32.729, 3, 30.18, 1063
2026/09/28 20:11:32.933, 0, 31.17, 1063
2026/09/28 20:11:32.936, 1, 32.62, 1063
2026/09/28 20:11:32.939, 2, 29.23, 1063
2026/09/28 20:11:32.941, 3, 109.24, 1063
2026/09/28 20:11:33.144, 0, 31.17, 1063
2026/09/28 20:11:33.147, 1, 32.36, 1063
2026/09/28 20:11:33.150, 2, 28.99, 1063
2026/09/28 20:11:33.157, 3, 116.62, 1063
2026/09/28 20:11:33.364, 0, 31.17, 1063
2026/09/28 20:11:33.367, 1, 32.38, 1063
2026/09/28 20:11:33.369, 2, 28.75, 1063
2026/09/28 20:11:33.372, 3, 108.27, 1063
2026/09/28 20:11:33.575, 0, 31.18, 1063
2026/09/28 20:11:33.579, 1, 32.38, 1063
2026/09/28 20:11:33.585, 2, 28.77, 1063
2026/09/28 20:11:33.588, 3, 50.20, 1063
2026/09/28 20:11:33.791, 0, 31.19, 1063
2026/09/28 20:11:33.794, 1, 32.38, 1063
2026/09/28 20:11:33.797, 2, 28.77, 1063
2026/09/28 20:11:33.800, 3, 30.20, 1063
2026/09/28 20:11:34.003, 0, 90.19, 1063
2026/09/28 20:11:34.006, 1, 32.38, 1063
2026/09/28 20:11:34.009, 2, 28.77, 1063
2026/09/28 20:11:34.012, 3, 30.18, 1063
2026/09/28 20:11:34.215, 0, 112.72, 1063
2026/09/28 20:11:34.223, 1, 32.36, 1063
2026/09/28 20:11:34.226, 2, 28.77, 1063
2026/09/28 20:11:34.229, 3, 29.95, 1063
2026/09/28 20:11:34.432, 0, 108.39, 1063
2026/09/28 20:11:34.435, 1, 32.38, 1063
2026/09/28 20:11:34.438, 2, 28.77, 1063
2026/09/28 20:11:34.441, 3, 29.94, 1063
2026/09/28 20:11:34.646, 0, 109.34, 1063
2026/09/28 20:11:34.649, 1, 32.36, 1063
2026/09/28 20:11:34.652, 2, 28.75, 1063
2026/09/28 20:11:34.656, 3, 29.94, 1063
2026/09/28 20:11:34.859, 0, 118.25, 1063
2026/09/28 20:11:34.863, 1, 32.36, 1063
2026/09/28 20:11:34.865, 2, 28.77, 1063
2026/09/28 20:11:34.868, 3, 29.95, 1063
2026/09/28 20:11:35.071, 0, 108.15, 1063
2026/09/28 20:11:35.074, 1, 32.38, 1063
2026/09/28 20:11:35.077, 2, 28.75, 1063
2026/09/28 20:11:35.080, 3, 29.70, 1063
2026/09/28 20:11:35.286, 0, 31.89, 1063
2026/09/28 20:11:35.289, 1, 107.38, 1063
2026/09/28 20:11:35.291, 2, 28.77, 1063
2026/09/28 20:11:35.295, 3, 29.95, 1063
2026/09/28 20:11:35.499, 0, 31.65, 1063
2026/09/28 20:11:35.502, 1, 116.69, 1063
2026/09/28 20:11:35.506, 2, 28.75, 1063
2026/09/28 20:11:35.509, 3, 29.94, 1063
2026/09/28 20:11:35.712, 0, 31.41, 1063
2026/09/28 20:11:35.718, 1, 108.59, 1063
2026/09/28 20:11:35.725, 2, 28.75, 1063
2026/09/28 20:11:35.728, 3, 29.70, 1063
2026/09/28 20:11:35.931, 0, 31.41, 1063
2026/09/28 20:11:35.934, 1, 108.10, 1063
2026/09/28 20:11:35.937, 2, 28.75, 1063
2026/09/28 20:11:35.940, 3, 29.70, 1063
2026/09/28 20:11:36.143, 0, 31.19, 1063
2026/09/28 20:11:36.146, 1, 36.97, 1063
2026/09/28 20:11:36.149, 2, 96.79, 1063
2026/09/28 20:11:36.157, 3, 29.70, 1063
2026/09/28 20:11:36.360, 0, 31.19, 1063
2026/09/28 20:11:36.363, 1, 33.10, 1063
2026/09/28 20:11:36.366, 2, 100.16, 1063
2026/09/28 20:11:36.369, 3, 29.95, 1063
2026/09/28 20:11:36.572, 0, 31.19, 1063
2026/09/28 20:11:36.578, 1, 32.86, 1063
2026/09/28 20:11:36.584, 2, 105.69, 1063
2026/09/28 20:11:36.587, 3, 29.70, 1063
2026/09/28 20:11:36.790, 0, 31.19, 1063
2026/09/28 20:11:36.793, 1, 32.62, 1063
2026/09/28 20:11:36.798, 2, 111.65, 1063
2026/09/28 20:11:36.801, 3, 29.95, 1063
2026/09/28 20:11:37.004, 0, 31.19, 1063
2026/09/28 20:11:37.007, 1, 32.62, 1063
2026/09/28 20:11:37.010, 2, 102.81, 1063
2026/09/28 20:11:37.015, 3, 29.96, 1063
2026/09/28 20:11:37.218, 0, 31.18, 1063
2026/09/28 20:11:37.221, 1, 32.60, 1063
2026/09/28 20:11:37.224, 2, 29.72, 1063
2026/09/28 20:11:37.227, 3, 114.46, 1063
2026/09/28 20:11:37.430, 0, 31.17, 1063
2026/09/28 20:11:37.433, 1, 32.60, 1063
2026/09/28 20:11:37.436, 2, 29.24, 1063
2026/09/28 20:11:37.441, 3, 108.04, 1063
2026/09/28 20:11:37.644, 0, 31.17, 1063
2026/09/28 20:11:37.647, 1, 32.60, 1063
2026/09/28 20:11:37.650, 2, 28.99, 1063
2026/09/28 20:11:37.654, 3, 107.08, 1063
2026/09/28 20:11:37.860, 0, 31.17, 1063
2026/09/28 20:11:37.863, 1, 32.60, 1063
2026/09/28 20:11:37.866, 2, 28.75, 1063
2026/09/28 20:11:37.869, 3, 108.52, 1063
2026/09/28 20:11:38.072, 0, 31.19, 1063
2026/09/28 20:11:38.077, 1, 32.62, 1063
2026/09/28 20:11:38.083, 2, 29.01, 1063
2026/09/28 20:11:38.086, 3, 30.69, 1063
2026/09/28 20:11:38.289, 0, 31.19, 1063
2026/09/28 20:11:38.292, 1, 32.64, 1063
2026/09/28 20:11:38.296, 2, 28.77, 1063
2026/09/28 20:11:38.298, 3, 30.20, 1063
2026/09/28 20:11:38.501, 0, 31.20, 1063
2026/09/28 20:11:38.505, 1, 32.64, 1063
2026/09/28 20:11:38.507, 2, 28.77, 1063
2026/09/28 20:11:38.513, 3, 29.96, 1063
2026/09/28 20:11:38.717, 0, 31.19, 1063
2026/09/28 20:11:38.720, 1, 32.62, 1063
2026/09/28 20:11:38.723, 2, 28.77, 1063
2026/09/28 20:11:38.726, 3, 29.96, 1063
2026/09/28 20:11:38.929, 0, 31.19, 1063
2026/09/28 20:11:38.932, 1, 32.64, 1063
2026/09/28 20:11:38.935, 2, 28.77, 1063
2026/09/28 20:11:38.938, 3, 29.97, 1063
2026/09/28 20:11:39.141, 0, 31.20, 1063
2026/09/28 20:11:39.144, 1, 32.40, 1063
2026/09/28 20:11:39.147, 2, 28.77, 1063
2026/09/28 20:11:39.150, 3, 29.97, 1063
2026/09/28 20:11:39.353, 0, 107.97, 1063
2026/09/28 20:11:39.360, 1, 32.60, 1063
2026/09/28 20:11:39.363, 2, 28.77, 1063
2026/09/28 20:11:39.366, 3, 29.70, 1063
2026/09/28 20:11:39.569, 0, 107.90, 1063
2026/09/28 20:11:39.572, 1, 32.36, 1063
2026/09/28 20:11:39.575, 2, 28.75, 1063
2026/09/28 20:11:39.578, 3, 29.95, 1063
2026/09/28 20:11:39.783, 0, 121.55, 1063
2026/09/28 20:11:39.786, 1, 32.36, 1063
2026/09/28 20:11:39.789, 2, 28.75, 1063
2026/09/28 20:11:39.793, 3, 29.94, 1063
2026/09/28 20:11:39.996, 0, 109.83, 1063
2026/09/28 20:11:40.000, 1, 32.60, 1063
2026/09/28 20:11:40.003, 2, 28.75, 1063
2026/09/28 20:11:40.006, 3, 29.95, 1063
2026/09/28 20:11:40.209, 0, 119.87, 1063
2026/09/28 20:11:40.212, 1, 32.36, 1063
2026/09/28 20:11:40.215, 2, 28.77, 1063
2026/09/28 20:11:40.218, 3, 29.70, 1063
2026/09/28 20:11:40.423, 0, 108.69, 1063
2026/09/28 20:11:40.427, 1, 32.60, 1063
2026/09/28 20:11:40.430, 2, 28.75, 1063
2026/09/28 20:11:40.433, 3, 29.70, 1063
2026/09/28 20:11:40.636, 0, 31.89, 1063
2026/09/28 20:11:40.639, 1, 106.90, 1063
2026/09/28 20:11:40.642, 2, 28.75, 1063
2026/09/28 20:11:40.645, 3, 29.70, 1063
2026/09/28 20:11:40.848, 0, 31.65, 1063
2026/09/28 20:11:40.851, 1, 110.03, 1063
2026/09/28 20:11:40.853, 2, 28.77, 1063
2026/09/28 20:11:40.856, 3, 29.70, 1063
2026/09/28 20:11:41.059, 0, 31.41, 1063
2026/09/28 20:11:41.062, 1, 110.99, 1063
2026/09/28 20:11:41.071, 2, 28.75, 1063
2026/09/28 20:11:41.074, 3, 29.94, 1063
2026/09/28 20:11:41.277, 0, 31.42, 1063
2026/09/28 20:11:41.279, 1, 108.10, 1063
2026/09/28 20:11:41.282, 2, 28.75, 1063
2026/09/28 20:11:41.285, 3, 29.70, 1063
2026/09/28 20:11:41.488, 0, 31.43, 1063
2026/09/28 20:11:41.491, 1, 33.59, 1063
2026/09/28 20:11:41.494, 2, 103.28, 1063
2026/09/28 20:11:41.497, 3, 29.70, 1063
2026/09/28 20:11:41.700, 0, 31.43, 1063
2026/09/28 20:11:41.703, 1, 32.86, 1063
2026/09/28 20:11:41.706, 2, 102.81, 1063
2026/09/28 20:11:41.714, 3, 29.70, 1063
2026/09/28 20:11:41.917, 0, 31.19, 1063
2026/09/28 20:11:41.920, 1, 32.86, 1063
2026/09/28 20:11:41.923, 2, 103.28, 1063
2026/09/28 20:11:41.926, 3, 29.70, 1063
2026/09/28 20:11:42.130, 0, 31.19, 1063
2026/09/28 20:11:42.136, 1, 32.62, 1063
2026/09/28 20:11:42.139, 2, 110.44, 1063
2026/09/28 20:11:42.142, 3, 29.70, 1063
2026/09/28 20:11:42.345, 0, 31.19, 1063
2026/09/28 20:11:42.348, 1, 32.62, 1063
2026/09/28 20:11:42.351, 2, 102.08, 1063
2026/09/28 20:11:42.356, 3, 29.95, 1063
2026/09/28 20:11:42.559, 0, 31.19, 1063
2026/09/28 20:11:42.562, 1, 32.62, 1063
2026/09/28 20:11:42.565, 2, 29.23, 1063
2026/09/28 20:11:42.568, 3, 107.25, 1063
2026/09/28 20:11:42.771, 0, 31.18, 1063
2026/09/28 20:11:42.779, 1, 32.60, 1063
2026/09/28 20:11:42.781, 2, 28.99, 1063
2026/09/28 20:11:42.782, 3, 105.63, 1063
2026/09/28 20:11:42.985, 0, 31.17, 1063
2026/09/28 20:11:42.988, 1, 32.62, 1063
2026/09/28 20:11:42.991, 2, 28.99, 1063
2026/09/28 20:11:42.994, 3, 110.92, 1063
2026/09/28 20:11:43.199, 0, 31.18, 1063
2026/09/28 20:11:43.202, 1, 32.38, 1063
2026/09/28 20:11:43.205, 2, 28.99, 1063
2026/09/28 20:11:43.211, 3, 108.28, 1063
2026/09/28 20:11:43.416, 0, 31.20, 1063
2026/09/28 20:11:43.419, 1, 32.40, 1063
2026/09/28 20:11:43.422, 2, 28.77, 1063
2026/09/28 20:11:43.425, 3, 30.45, 1063
2026/09/28 20:11:43.628, 0, 31.19, 1063
2026/09/28 20:11:43.632, 1, 32.38, 1063
2026/09/28 20:11:43.635, 2, 28.77, 1063
2026/09/28 20:11:43.637, 3, 30.20, 1063
2026/09/28 20:11:43.841, 0, 31.21, 1063
2026/09/28 20:11:43.844, 1, 32.40, 1063
2026/09/28 20:11:43.846, 2, 28.77, 1063
2026/09/28 20:11:43.851, 3, 29.97, 1063
2026/09/28 20:11:44.055, 0, 31.21, 1063
2026/09/28 20:11:44.058, 1, 32.40, 1063
2026/09/28 20:11:44.061, 2, 28.77, 1063
2026/09/28 20:11:44.064, 3, 29.97, 1063
2026/09/28 20:11:44.267, 0, 31.20, 1063
2026/09/28 20:11:44.270, 1, 32.40, 1063
2026/09/28 20:11:44.273, 2, 28.77, 1063
2026/09/28 20:11:44.276, 3, 29.97, 1063
2026/09/28 20:11:44.479, 0, 31.20, 1063
2026/09/28 20:11:44.482, 1, 32.40, 1063
2026/09/28 20:11:44.485, 2, 28.77, 1063
2026/09/28 20:11:44.490, 3, 29.72, 1063
2026/09/28 20:11:44.695, 0, 31.19, 1063
2026/09/28 20:11:44.698, 1, 32.38, 1063
2026/09/28 20:11:44.701, 2, 28.77, 1063
2026/09/28 20:11:44.704, 3, 29.72, 1063
2026/09/28 20:11:44.907, 0, 107.42, 1063
2026/09/28 20:11:44.910, 1, 32.38, 1063
2026/09/28 20:11:44.913, 2, 28.77, 1063
2026/09/28 20:11:44.916, 3, 29.70, 1063
2026/09/28 20:11:45.121, 0, 117.46, 1063
2026/09/28 20:11:45.124, 1, 32.37, 1063
2026/09/28 20:11:45.127, 2, 28.77, 1063
2026/09/28 20:11:45.130, 3, 29.95, 1063
2026/09/28 20:11:45.337, 0, 108.15, 1063
2026/09/28 20:11:45.340, 1, 32.38, 1063
2026/09/28 20:11:45.343, 2, 28.75, 1063
2026/09/28 20:11:45.346, 3, 29.70, 1063
2026/09/28 20:11:45.549, 0, 122.11, 1063
2026/09/28 20:11:45.558, 1, 32.36, 1063
2026/09/28 20:11:45.561, 2, 28.75, 1063
2026/09/28 20:11:45.564, 3, 29.95, 1063
2026/09/28 20:11:45.767, 0, 107.90, 1063
2026/09/28 20:11:45.770, 1, 32.36, 1063
2026/09/28 20:11:45.773, 2, 28.75, 1063
2026/09/28 20:11:45.776, 3, 29.70, 1063
2026/09/28 20:11:45.981, 0, 32.37, 1063
2026/09/28 20:11:45.984, 1, 109.78, 1063
2026/09/28 20:11:45.987, 2, 28.75, 1063
2026/09/28 20:11:45.990, 3, 29.70, 1063
2026/09/28 20:11:46.193, 0, 31.65, 1063
2026/09/28 20:11:46.196, 1, 115.07, 1063
2026/09/28 20:11:46.202, 2, 28.75, 1063
2026/09/28 20:11:46.205, 3, 29.70, 1063
2026/09/28 20:11:46.408, 0, 31.41, 1063
2026/09/28 20:11:46.414, 1, 104.97, 1063
2026/09/28 20:11:46.421, 2, 28.77, 1063
2026/09/28 20:11:46.424, 3, 29.70, 1063
2026/09/28 20:11:46.627, 0, 31.41, 1063
2026/09/28 20:11:46.630, 1, 111.46, 1063
2026/09/28 20:11:46.633, 2, 28.75, 1063
2026/09/28 20:11:46.636, 3, 29.70, 1063
2026/09/28 20:11:46.840, 0, 31.41, 1063
2026/09/28 20:11:46.843, 1, 105.93, 1063
2026/09/28 20:11:46.846, 2, 28.75, 1063
2026/09/28 20:11:46.850, 3, 29.70, 1063
2026/09/28 20:11:47.053, 0, 31.19, 1063
2026/09/28 20:11:47.055, 1, 33.35, 1063
2026/09/28 20:11:47.058, 2, 95.15, 1063
2026/09/28 20:11:47.061, 3, 29.70, 1063
2026/09/28 20:11:47.266, 0, 31.19, 1063
2026/09/28 20:11:47.269, 1, 32.86, 1063
2026/09/28 20:11:47.274, 2, 101.12, 1063
2026/09/28 20:11:47.277, 3, 29.70, 1063
2026/09/28 20:11:47.480, 0, 31.19, 1063
2026/09/28 20:11:47.483, 1, 32.86, 1063
2026/09/28 20:11:47.486, 2, 102.81, 1063
2026/09/28 20:11:47.493, 3, 29.70, 1063
2026/09/28 20:11:47.696, 0, 31.17, 1063
2026/09/28 20:11:47.699, 1, 32.86, 1063
2026/09/28 20:11:47.702, 2, 99.91, 1063
2026/09/28 20:11:47.705, 3, 29.70, 1063
2026/09/28 20:11:47.910, 0, 31.17, 1063
2026/09/28 20:11:47.915, 1, 32.86, 1063
2026/09/28 20:11:47.918, 2, 30.68, 1063
2026/09/28 20:11:47.921, 3, 106.83, 1063
2026/09/28 20:11:48.124, 0, 31.17, 1063
2026/09/28 20:11:48.128, 1, 32.85, 1063
2026/09/28 20:11:48.131, 2, 29.23, 1063
2026/09/28 20:11:48.136, 3, 118.55, 1063
2026/09/28 20:11:48.339, 0, 31.17, 1063
2026/09/28 20:11:48.342, 1, 32.62, 1063
2026/09/28 20:11:48.345, 2, 28.99, 1063
2026/09/28 20:11:48.350, 3, 108.28, 1063
2026/09/28 20:11:48.556, 0, 31.17, 1063
2026/09/28 20:11:48.559, 1, 32.60, 1063
2026/09/28 20:11:48.562, 2, 28.99, 1063
2026/09/28 20:11:48.565, 3, 121.67, 1063
2026/09/28 20:11:48.768, 0, 31.19, 1063
2026/09/28 20:11:48.771, 1, 32.38, 1063
2026/09/28 20:11:48.780, 2, 29.01, 1063
2026/09/28 20:11:48.783, 3, 33.83, 1063
2026/09/28 20:11:48.986, 0, 31.21, 1063
2026/09/28 20:11:48.989, 1, 32.40, 1063
2026/09/28 20:11:48.992, 2, 28.77, 1063
2026/09/28 20:11:48.995, 3, 30.20, 1063
2026/09/28 20:11:49.198, 0, 31.19, 1063
2026/09/28 20:11:49.201, 1, 32.40, 1063
2026/09/28 20:11:49.204, 2, 28.77, 1063
2026/09/28 20:11:49.209, 3, 30.20, 1063
2026/09/28 20:11:49.413, 0, 31.21, 1063
2026/09/28 20:11:49.417, 1, 32.40, 1063
2026/09/28 20:11:49.420, 2, 28.77, 1063
2026/09/28 20:11:49.423, 3, 29.97, 1063
2026/09/28 20:11:49.626, 0, 31.19, 1063
2026/09/28 20:11:49.629, 1, 32.62, 1063
2026/09/28 20:11:49.632, 2, 28.77, 1063
2026/09/28 20:11:49.635, 3, 29.72, 1063
2026/09/28 20:11:49.838, 0, 31.19, 1063
2026/09/28 20:11:49.841, 1, 32.40, 1063
2026/09/28 20:11:49.844, 2, 28.77, 1063
2026/09/28 20:11:49.849, 3, 29.97, 1063
2026/09/28 20:11:50.053, 0, 31.20, 1063
2026/09/28 20:11:50.057, 1, 32.40, 1063
2026/09/28 20:11:50.059, 2, 28.77, 1063
2026/09/28 20:11:50.062, 3, 29.97, 1063
2026/09/28 20:11:50.265, 0, 31.19, 1063
2026/09/28 20:11:50.268, 1, 32.40, 1063
2026/09/28 20:11:50.271, 2, 28.77, 1063
2026/09/28 20:11:50.274, 3, 29.97, 1063
2026/09/28 20:11:50.477, 0, 109.83, 1063
2026/09/28 20:11:50.485, 1, 32.62, 1063
2026/09/28 20:11:50.488, 2, 28.75, 1063
2026/09/28 20:11:50.491, 3, 29.95, 1063
2026/09/28 20:11:50.694, 0, 107.42, 1063
2026/09/28 20:11:50.697, 1, 32.36, 1063
2026/09/28 20:11:50.700, 2, 28.75, 1063
2026/09/28 20:11:50.703, 3, 29.46, 1063
2026/09/28 20:11:50.906, 0, 112.95, 1063
2026/09/28 20:11:50.909, 1, 32.36, 1063
2026/09/28 20:11:50.912, 2, 28.75, 1063
2026/09/28 20:11:50.915, 3, 29.95, 1063
2026/09/28 20:11:51.118, 0, 108.15, 1063
2026/09/28 20:11:51.121, 1, 32.38, 1063
2026/09/28 20:11:51.124, 2, 28.77, 1063
2026/09/28 20:11:51.127, 3, 29.70, 1063
2026/09/28 20:11:51.335, 0, 110.07, 1063
2026/09/28 20:11:51.337, 1, 32.62, 1063
2026/09/28 20:11:51.341, 2, 28.75, 1063
2026/09/28 20:11:51.343, 3, 29.70, 1063
2026/09/28 20:11:51.546, 0, 32.37, 1063
2026/09/28 20:11:51.551, 1, 114.83, 1063
2026/09/28 20:11:51.559, 2, 28.75, 1063
2026/09/28 20:11:51.562, 3, 29.70, 1063
2026/09/28 20:11:51.765, 0, 31.89, 1063
2026/09/28 20:11:51.769, 1, 109.78, 1063
2026/09/28 20:11:51.772, 2, 28.75, 1063
2026/09/28 20:11:51.776, 3, 29.70, 1063
2026/09/28 20:11:51.981, 0, 31.41, 1063
2026/09/28 20:11:51.984, 1, 106.90, 1063
2026/09/28 20:11:51.987, 2, 28.75, 1063
2026/09/28 20:11:51.990, 3, 29.70, 1063
2026/09/28 20:11:52.193, 0, 31.41, 1063
2026/09/28 20:11:52.196, 1, 117.24, 1063
2026/09/28 20:11:52.201, 2, 28.77, 1063
2026/09/28 20:11:52.204, 3, 29.94, 1063
2026/09/28 20:11:52.407, 0, 31.18, 1063
2026/09/28 20:11:52.410, 1, 108.10, 1063
2026/09/28 20:11:52.419, 2, 28.77, 1063
2026/09/28 20:11:52.422, 3, 29.46, 1063
2026/09/28 20:11:52.624, 0, 31.41, 1063
2026/09/28 20:11:52.630, 1, 33.10, 1063
2026/09/28 20:11:52.636, 2, 96.30, 1063
2026/09/28 20:11:52.645, 3, 29.70, 1063
2026/09/28 20:11:52.851, 0, 31.19, 1063
2026/09/28 20:11:52.854, 1, 32.86, 1063
2026/09/28 20:11:52.857, 2, 100.46, 1063
2026/09/28 20:11:52.866, 3, 29.95, 1063
2026/09/28 20:11:53.071, 0, 31.19, 1063
2026/09/28 20:11:53.074, 1, 32.62, 1063
2026/09/28 20:11:53.077, 2, 101.36, 1063
2026/09/28 20:11:53.080, 3, 29.70, 1063
2026/09/28 20:11:53.283, 0, 31.19, 1063
2026/09/28 20:11:53.289, 1, 32.62, 1063
2026/09/28 20:11:53.295, 2, 102.56, 1063
2026/09/28 20:11:53.298, 3, 29.95, 1063
2026/09/28 20:11:53.501, 0, 31.18, 1063
2026/09/28 20:11:53.504, 1, 32.62, 1063
2026/09/28 20:11:53.509, 2, 29.96, 1063
2026/09/28 20:11:53.512, 3, 104.91, 1063
2026/09/28 20:11:53.715, 0, 31.17, 1063
2026/09/28 20:11:53.718, 1, 32.62, 1063
2026/09/28 20:11:53.721, 2, 29.24, 1063
2026/09/28 20:11:53.726, 3, 108.28, 1063
2026/09/28 20:11:53.934, 0, 31.17, 1063
2026/09/28 20:11:53.937, 1, 32.36, 1063
2026/09/28 20:11:53.940, 2, 28.99, 1063
2026/09/28 20:11:53.943, 3, 104.97, 1063
2026/09/28 20:11:54.146, 0, 31.17, 1063
2026/09/28 20:11:54.149, 1, 32.62, 1063
2026/09/28 20:11:54.157, 2, 29.01, 1063
2026/09/28 20:11:54.160, 3, 108.52, 1063
2026/09/28 20:11:54.363, 0, 31.19, 1063
2026/09/28 20:11:54.369, 1, 32.38, 1063
2026/09/28 20:11:54.377, 2, 28.77, 1063
2026/09/28 20:11:54.380, 3, 30.69, 1063
2026/09/28 20:11:54.583, 0, 31.19, 1063
2026/09/28 20:11:54.589, 1, 32.62, 1063
2026/09/28 20:11:54.595, 2, 28.77, 1063
2026/09/28 20:11:54.598, 3, 30.20, 1063
2026/09/28 20:11:54.801, 0, 31.19, 1063
2026/09/28 20:11:54.804, 1, 32.40, 1063
2026/09/28 20:11:54.807, 2, 28.77, 1063
2026/09/28 20:11:54.810, 3, 30.20, 1063
2026/09/28 20:11:55.013, 0, 31.21, 1063
2026/09/28 20:11:55.016, 1, 32.40, 1063
2026/09/28 20:11:55.019, 2, 28.77, 1063
2026/09/28 20:11:55.022, 3, 29.72, 1063
2026/09/28 20:11:55.225, 0, 31.21, 1063
2026/09/28 20:11:55.228, 1, 32.40, 1063
2026/09/28 20:11:55.234, 2, 28.77, 1063
2026/09/28 20:11:55.237, 3, 29.72, 1063
2026/09/28 20:11:55.440, 0, 31.20, 1063
2026/09/28 20:11:55.443, 1, 32.40, 1063
2026/09/28 20:11:55.446, 2, 28.77, 1063
2026/09/28 20:11:55.449, 3, 29.97, 1063
2026/09/28 20:11:55.652, 0, 110.06, 1063
2026/09/28 20:11:55.655, 1, 32.36, 1063
2026/09/28 20:11:55.658, 2, 28.75, 1063
2026/09/28 20:11:55.661, 3, 29.95, 1063
2026/09/28 20:11:55.864, 0, 107.49, 1063
2026/09/28 20:11:55.869, 1, 32.36, 1063
2026/09/28 20:11:55.874, 2, 28.75, 1063
2026/09/28 20:11:55.877, 3, 29.70, 1063
2026/09/28 20:11:56.080, 0, 117.06, 1063
2026/09/28 20:11:56.083, 1, 32.38, 1063
2026/09/28 20:11:56.086, 2, 28.75, 1063
2026/09/28 20:11:56.089, 3, 29.95, 1063
2026/09/28 20:11:56.294, 0, 110.80, 1063
2026/09/28 20:11:56.297, 1, 32.37, 1063
2026/09/28 20:11:56.300, 2, 28.75, 1063
2026/09/28 20:11:56.306, 3, 29.70, 1063
2026/09/28 20:11:56.510, 0, 108.39, 1063
2026/09/28 20:11:56.512, 1, 32.36, 1063
2026/09/28 20:11:56.515, 2, 28.75, 1063
2026/09/28 20:11:56.518, 3, 29.46, 1063
2026/09/28 20:11:56.721, 0, 40.34, 1063
2026/09/28 20:11:56.730, 1, 104.25, 1063
2026/09/28 20:11:56.737, 2, 28.75, 1063
2026/09/28 20:11:56.740, 3, 29.70, 1063
2026/09/28 20:11:56.943, 0, 32.13, 1063
2026/09/28 20:11:56.947, 1, 104.07, 1063
2026/09/28 20:11:56.950, 2, 28.77, 1063
2026/09/28 20:11:56.953, 3, 29.94, 1063
2026/09/28 20:11:57.157, 0, 31.65, 1063
2026/09/28 20:11:57.160, 1, 110.27, 1063
2026/09/28 20:11:57.163, 2, 28.77, 1063
2026/09/28 20:11:57.166, 3, 29.70, 1063
2026/09/28 20:11:57.369, 0, 31.41, 1063
2026/09/28 20:11:57.372, 1, 106.46, 1063
2026/09/28 20:11:57.377, 2, 28.75, 1063
2026/09/28 20:11:57.380, 3, 29.46, 1063
2026/09/28 20:11:57.583, 0, 31.41, 1063
2026/09/28 20:11:57.587, 1, 108.10, 1063
2026/09/28 20:11:57.596, 2, 28.75, 1063
2026/09/28 20:11:57.599, 3, 29.70, 1063
2026/09/28 20:11:57.802, 0, 31.43, 1063
2026/09/28 20:11:57.807, 1, 38.16, 1063
2026/09/28 20:11:57.815, 2, 97.50, 1063
2026/09/28 20:11:57.818, 3, 29.46, 1063
2026/09/28 20:11:58.021, 0, 31.19, 1063
2026/09/28 20:11:58.027, 1, 33.10, 1063
2026/09/28 20:11:58.030, 2, 100.40, 1063
2026/09/28 20:11:58.033, 3, 29.72, 1063
2026/09/28 20:11:58.235, 0, 31.18, 1063
2026/09/28 20:11:58.238, 1, 32.86, 1063
2026/09/28 20:11:58.241, 2, 114.29, 1063
2026/09/28 20:11:58.247, 3, 29.46, 1063
2026/09/28 20:11:58.450, 0, 31.19, 1063
2026/09/28 20:11:58.453, 1, 32.62, 1063
2026/09/28 20:11:58.456, 2, 101.36, 1063
2026/09/28 20:11:58.459, 3, 29.48, 1063
2026/09/28 20:11:58.662, 0, 31.18, 1063
2026/09/28 20:11:58.667, 1, 32.62, 1063
2026/09/28 20:11:58.673, 2, 95.87, 1063
2026/09/28 20:11:58.676, 3, 29.95, 1063
2026/09/28 20:11:58.879, 0, 31.17, 1063
2026/09/28 20:11:58.882, 1, 32.62, 1063
2026/09/28 20:11:58.887, 2, 31.17, 1063
2026/09/28 20:11:58.892, 3, 106.60, 1063
2026/09/28 20:11:59.095, 0, 31.17, 1063
2026/09/28 20:11:59.098, 1, 32.62, 1063
2026/09/28 20:11:59.100, 2, 29.24, 1063
2026/09/28 20:11:59.104, 3, 107.32, 1063
2026/09/28 20:11:59.309, 0, 31.17, 1063
2026/09/28 20:11:59.312, 1, 32.60, 1063
2026/09/28 20:11:59.315, 2, 29.01, 1063
2026/09/28 20:11:59.318, 3, 107.56, 1063
2026/09/28 20:11:59.521, 0, 31.17, 1063
2026/09/28 20:11:59.526, 1, 32.60, 1063
2026/09/28 20:11:59.529, 2, 28.99, 1063
2026/09/28 20:11:59.534, 3, 106.35, 1063
2026/09/28 20:11:59.737, 0, 31.17, 1063
2026/09/28 20:11:59.740, 1, 32.36, 1063
2026/09/28 20:11:59.743, 2, 28.75, 1063
2026/09/28 20:11:59.746, 3, 99.92, 1063
2026/09/28 20:11:59.951, 0, 31.19, 1063
2026/09/28 20:11:59.954, 1, 32.40, 1063
2026/09/28 20:11:59.957, 2, 28.77, 1063
2026/09/28 20:11:59.960, 3, 30.20, 1063
2026/09/28 20:12:00.163, 0, 107.00, 1063
2026/09/28 20:12:00.168, 1, 32.62, 1063
2026/09/28 20:12:00.172, 2, 28.75, 1063
2026/09/28 20:12:00.175, 3, 30.18, 1063
2026/09/28 20:12:00.378, 0, 108.39, 1063
2026/09/28 20:12:00.381, 1, 32.36, 1063
2026/09/28 20:12:00.384, 2, 28.75, 1063
2026/09/28 20:12:00.387, 3, 29.95, 1063
2026/09/28 20:12:00.592, 0, 121.31, 1063
2026/09/28 20:12:00.595, 1, 32.36, 1063
2026/09/28 20:12:00.598, 2, 28.75, 1063
2026/09/28 20:12:00.603, 3, 29.94, 1063
2026/09/28 20:12:00.807, 0, 109.83, 1063
2026/09/28 20:12:00.810, 1, 32.38, 1063
2026/09/28 20:12:00.813, 2, 28.77, 1063
2026/09/28 20:12:00.816, 3, 29.95, 1063
2026/09/28 20:12:01.019, 0, 113.68, 1063
2026/09/28 20:12:01.022, 1, 32.36, 1063
2026/09/28 20:12:01.025, 2, 28.77, 1063
2026/09/28 20:12:01.028, 3, 29.95, 1063
2026/09/28 20:12:01.233, 0, 109.11, 1063
2026/09/28 20:12:01.236, 1, 32.86, 1063
2026/09/28 20:12:01.239, 2, 28.77, 1063
2026/09/28 20:12:01.243, 3, 29.95, 1063
2026/09/28 20:12:01.449, 0, 32.13, 1063
2026/09/28 20:12:01.452, 1, 105.75, 1063
2026/09/28 20:12:01.457, 2, 28.75, 1063
2026/09/28 20:12:01.462, 3, 29.70, 1063
2026/09/28 20:12:01.667, 0, 31.65, 1063
2026/09/28 20:12:01.670, 1, 110.98, 1063
2026/09/28 20:12:01.672, 2, 28.75, 1063
2026/09/28 20:12:01.675, 3, 29.70, 1063
2026/09/28 20:12:01.878, 0, 31.41, 1063
2026/09/28 20:12:01.881, 1, 105.70, 1063
2026/09/28 20:12:01.884, 2, 28.75, 1063
2026/09/28 20:12:01.887, 3, 29.46, 1063
2026/09/28 20:12:02.090, 0, 31.41, 1063
2026/09/28 20:12:02.093, 1, 100.94, 1063
2026/09/28 20:12:02.098, 2, 28.75, 1063
2026/09/28 20:12:02.102, 3, 29.70, 1063
2026/09/28 20:12:02.306, 0, 31.43, 1063
2026/09/28 20:12:02.309, 1, 35.28, 1063
2026/09/28 20:12:02.315, 2, 98.47, 1063
2026/09/28 20:12:02.318, 3, 29.70, 1063
2026/09/28 20:12:02.521, 0, 31.19, 1063
2026/09/28 20:12:02.525, 1, 32.86, 1063
2026/09/28 20:12:02.528, 2, 103.04, 1063
2026/09/28 20:12:02.531, 3, 29.70, 1063
2026/09/28 20:12:02.734, 0, 31.18, 1063
2026/09/28 20:12:02.737, 1, 32.62, 1063
2026/09/28 20:12:02.740, 2, 104.01, 1063
2026/09/28 20:12:02.745, 3, 29.70, 1063
2026/09/28 20:12:02.948, 0, 31.18, 1063
2026/09/28 20:12:02.951, 1, 32.62, 1063
2026/09/28 20:12:02.957, 2, 109.48, 1063
2026/09/28 20:12:02.965, 3, 29.46, 1063
2026/09/28 20:12:03.168, 0, 31.19, 1063
2026/09/28 20:12:03.171, 1, 32.62, 1063
2026/09/28 20:12:03.174, 2, 102.81, 1063
2026/09/28 20:12:03.177, 3, 29.70, 1063
2026/09/28 20:12:03.380, 0, 31.17, 1063
2026/09/28 20:12:03.385, 1, 32.60, 1063
2026/09/28 20:12:03.390, 2, 29.72, 1063
2026/09/28 20:12:03.393, 3, 112.36, 1063
2026/09/28 20:12:03.596, 0, 31.17, 1063
2026/09/28 20:12:03.599, 1, 32.60, 1063
2026/09/28 20:12:03.602, 2, 28.99, 1063
2026/09/28 20:12:03.605, 3, 106.60, 1063
2026/09/28 20:12:03.810, 0, 31.17, 1063
2026/09/28 20:12:03.813, 1, 32.62, 1063
2026/09/28 20:12:03.816, 2, 29.01, 1063
2026/09/28 20:12:03.821, 3, 100.88, 1063
2026/09/28 20:12:04.028, 0, 31.17, 1063
2026/09/28 20:12:04.031, 1, 32.38, 1063
2026/09/28 20:12:04.033, 2, 28.77, 1063
2026/09/28 20:12:04.036, 3, 108.28, 1063
2026/09/28 20:12:04.239, 0, 90.38, 1063
2026/09/28 20:12:04.244, 1, 32.62, 1063
2026/09/28 20:12:04.247, 2, 29.01, 1063
2026/09/28 20:12:04.250, 3, 31.15, 1063
2026/09/28 20:12:04.455, 0, 31.42, 1063
2026/09/28 20:12:04.458, 1, 36.49, 1063
2026/09/28 20:12:04.466, 2, 83.83, 1063
2026/09/28 20:12:04.469, 3, 30.43, 1063
2026/09/28 20:12:04.671, 0, 31.43, 1063
2026/09/28 20:12:04.675, 1, 32.86, 1063
2026/09/28 20:12:04.678, 2, 29.72, 1063
2026/09/28 20:12:04.681, 3, 36.71, 1063
2026/09/28 20:12:04.885, 0, 31.20, 1063
2026/09/28 20:12:04.888, 1, 32.64, 1063
2026/09/28 20:12:04.891, 2, 29.01, 1063
2026/09/28 20:12:04.894, 3, 29.97, 1063
2026/09/28 20:12:05.097, 0, 31.19, 1063
2026/09/28 20:12:05.100, 1, 32.64, 1063
2026/09/28 20:12:05.103, 2, 28.77, 1063
2026/09/28 20:12:05.106, 3, 29.97, 1063
2026/09/28 20:12:05.309, 0, 31.20, 1063
2026/09/28 20:12:05.312, 1, 32.64, 1063
2026/09/28 20:12:05.315, 2, 28.77, 1063
2026/09/28 20:12:05.320, 3, 29.97, 1063
2026/09/28 20:12:05.526, 0, 31.19, 1063
2026/09/28 20:12:05.529, 1, 32.64, 1063
2026/09/28 20:12:05.532, 2, 28.77, 1063
2026/09/28 20:12:05.535, 3, 29.72, 1063
2026/09/28 20:12:05.738, 0, 31.19, 1063
2026/09/28 20:12:05.744, 1, 32.62, 1063
2026/09/28 20:12:05.748, 2, 28.77, 1063
2026/09/28 20:12:05.751, 3, 29.72, 1063
2026/09/28 20:12:05.954, 0, 31.20, 1063
2026/09/28 20:12:05.957, 1, 32.40, 1063
2026/09/28 20:12:05.960, 2, 28.77, 1063
2026/09/28 20:12:05.963, 3, 29.72, 1063
2026/09/28 20:12:06.166, 0, 31.20, 1063
2026/09/28 20:12:06.169, 1, 32.64, 1063
2026/09/28 20:12:06.172, 2, 28.77, 1063
2026/09/28 20:12:06.175, 3, 29.72, 1063
2026/09/28 20:12:06.378, 0, 121.55, 1063
2026/09/28 20:12:06.387, 1, 32.36, 1063
2026/09/28 20:12:06.390, 2, 28.75, 1063
2026/09/28 20:12:06.393, 3, 29.70, 1063
2026/09/28 20:12:06.596, 0, 108.15, 1063
2026/09/28 20:12:06.599, 1, 32.60, 1063
2026/09/28 20:12:06.602, 2, 28.75, 1063
2026/09/28 20:12:06.605, 3, 29.70, 1063
2026/09/28 20:12:06.810, 0, 108.45, 1063
2026/09/28 20:12:06.813, 1, 32.36, 1063
2026/09/28 20:12:06.815, 2, 28.75, 1063
2026/09/28 20:12:06.819, 3, 29.46, 1063
2026/09/28 20:12:07.025, 0, 109.17, 1063
2026/09/28 20:12:07.028, 1, 32.38, 1063
2026/09/28 20:12:07.030, 2, 28.75, 1063
2026/09/28 20:12:07.033, 3, 29.95, 1063
2026/09/28 20:12:07.236, 0, 110.31, 1063
2026/09/28 20:12:07.239, 1, 32.38, 1063
2026/09/28 20:12:07.242, 2, 28.75, 1063
2026/09/28 20:12:07.245, 3, 29.46, 1063
2026/09/28 20:12:07.450, 0, 108.21, 1063
2026/09/28 20:12:07.453, 1, 32.37, 1063
2026/09/28 20:12:07.456, 2, 28.75, 1063
2026/09/28 20:12:07.459, 3, 29.48, 1063
2026/09/28 20:12:07.663, 0, 31.89, 1063
2026/09/28 20:12:07.666, 1, 105.93, 1063
2026/09/28 20:12:07.669, 2, 28.75, 1063
2026/09/28 20:12:07.672, 3, 29.46, 1063
2026/09/28 20:12:07.875, 0, 31.65, 1063
2026/09/28 20:12:07.878, 1, 112.19, 1063
2026/09/28 20:12:07.881, 2, 28.75, 1063
2026/09/28 20:12:07.884, 3, 29.95, 1063
2026/09/28 20:12:08.088, 0, 31.41, 1063
2026/09/28 20:12:08.091, 1, 105.75, 1063
2026/09/28 20:12:08.094, 2, 28.77, 1063
2026/09/28 20:12:08.099, 3, 29.46, 1063
2026/09/28 20:12:08.302, 0, 31.41, 1063
2026/09/28 20:12:08.305, 1, 100.70, 1063
2026/09/28 20:12:08.310, 2, 28.77, 1063
2026/09/28 20:12:08.314, 3, 29.70, 1063
2026/09/28 20:12:08.517, 0, 31.43, 1063
2026/09/28 20:12:08.522, 1, 34.07, 1063
2026/09/28 20:12:08.530, 2, 97.81, 1063
2026/09/28 20:12:08.533, 3, 29.48, 1063
2026/09/28 20:12:08.736, 0, 31.41, 1063
2026/09/28 20:12:08.744, 1, 33.10, 1063
2026/09/28 20:12:08.748, 2, 111.23, 1063
2026/09/28 20:12:08.752, 3, 29.46, 1063
2026/09/28 20:12:08.955, 0, 31.43, 1063
2026/09/28 20:12:08.958, 1, 32.86, 1063
2026/09/28 20:12:08.961, 2, 100.40, 1063
2026/09/28 20:12:08.966, 3, 29.48, 1063
2026/09/28 20:12:09.173, 0, 31.43, 1063
2026/09/28 20:12:09.176, 1, 32.62, 1063
2026/09/28 20:12:09.179, 2, 103.53, 1063
2026/09/28 20:12:09.184, 3, 29.72, 1063
2026/09/28 20:12:09.387, 0, 31.18, 1063
2026/09/28 20:12:09.390, 1, 32.62, 1063
2026/09/28 20:12:09.393, 2, 104.43, 1063
2026/09/28 20:12:09.395, 3, 29.70, 1063
2026/09/28 20:12:09.598, 0, 31.17, 1063
2026/09/28 20:12:09.602, 1, 32.60, 1063
2026/09/28 20:12:09.608, 2, 29.48, 1063
2026/09/28 20:12:09.610, 3, 105.63, 1063
2026/09/28 20:12:09.814, 0, 31.17, 1063
2026/09/28 20:12:09.817, 1, 32.62, 1063
2026/09/28 20:12:09.819, 2, 28.99, 1063
2026/09/28 20:12:09.822, 3, 118.07, 1063
2026/09/28 20:12:10.027, 0, 31.18, 1063
2026/09/28 20:12:10.030, 1, 32.60, 1063
2026/09/28 20:12:10.033, 2, 28.99, 1063
2026/09/28 20:12:10.039, 3, 108.99, 1063
2026/09/28 20:12:10.242, 0, 31.17, 1063
2026/09/28 20:12:10.245, 1, 32.60, 1063
2026/09/28 20:12:10.248, 2, 28.99, 1063
2026/09/28 20:12:10.251, 3, 120.06, 1063
2026/09/28 20:12:10.454, 0, 31.19, 1063
2026/09/28 20:12:10.457, 1, 32.64, 1063
2026/09/28 20:12:10.460, 2, 28.77, 1063
2026/09/28 20:12:10.463, 3, 30.69, 1063
2026/09/28 20:12:10.668, 0, 31.19, 1063
2026/09/28 20:12:10.671, 1, 32.64, 1063
2026/09/28 20:12:10.674, 2, 29.25, 1063
2026/09/28 20:12:10.679, 3, 30.44, 1063
2026/09/28 20:12:10.883, 0, 31.20, 1063
2026/09/28 20:12:10.886, 1, 32.64, 1063
2026/09/28 20:12:10.889, 2, 28.77, 1063
2026/09/28 20:12:10.892, 3, 30.20, 1063
2026/09/28 20:12:11.095, 0, 38.92, 1328
2026/09/28 20:12:11.098, 1, 40.60, 1328
2026/09/28 20:12:11.101, 2, 35.52, 1328
2026/09/28 20:12:11.104, 3, 37.43, 1328
2026/09/28 20:12:11.310, 0, 38.92, 1328
2026/09/28 20:12:11.313, 1, 40.84, 1328
2026/09/28 20:12:11.316, 2, 35.52, 1328
2026/09/28 20:12:11.319, 3, 37.43, 1328
2026/09/28 20:12:11.522, 0, 38.92, 1328
2026/09/28 20:12:11.525, 1, 40.60, 1328
2026/09/28 20:12:11.527, 2, 35.52, 1328
2026/09/28 20:12:11.530, 3, 37.43, 1328
2026/09/28 20:12:11.733, 0, 39.16, 1328
2026/09/28 20:12:11.738, 1, 40.84, 1328
2026/09/28 20:12:11.741, 2, 35.28, 1328
2026/09/28 20:12:11.744, 3, 37.43, 1328
2026/09/28 20:12:11.950, 0, 38.92, 1328
2026/09/28 20:12:11.953, 1, 40.84, 1328
2026/09/28 20:12:11.956, 2, 35.54, 1328
2026/09/28 20:12:11.959, 3, 37.43, 1328
2026/09/28 20:12:12.162, 0, 38.92, 1328
2026/09/28 20:12:12.165, 1, 40.60, 1328
2026/09/28 20:12:12.168, 2, 35.76, 1328
2026/09/28 20:12:12.171, 3, 37.43, 1328
2026/09/28 20:12:12.374, 0, 38.92, 1328
2026/09/28 20:12:12.377, 1, 40.84, 1328
2026/09/28 20:12:12.379, 2, 35.76, 1328
2026/09/28 20:12:12.382, 3, 37.43, 1328
2026/09/28 20:12:12.586, 0, 39.17, 1328
2026/09/28 20:12:12.589, 1, 40.60, 1328
2026/09/28 20:12:12.592, 2, 35.76, 1328
2026/09/28 20:12:12.594, 3, 37.43, 1328
2026/09/28 20:12:12.797, 0, 38.92, 1328
2026/09/28 20:12:12.802, 1, 40.60, 1328
2026/09/28 20:12:12.805, 2, 35.76, 1328
2026/09/28 20:12:12.808, 3, 37.43, 1328
2026/09/28 20:12:13.011, 0, 38.92, 1328
2026/09/28 20:12:13.013, 1, 40.60, 1328
2026/09/28 20:12:13.019, 2, 35.76, 1328
2026/09/28 20:12:13.022, 3, 37.43, 1328
2026/09/28 20:12:13.225, 0, 38.92, 1328
2026/09/28 20:12:13.228, 1, 40.84, 1328
2026/09/28 20:12:13.231, 2, 35.76, 1328
2026/09/28 20:12:13.234, 3, 37.43, 1328
2026/09/28 20:12:13.437, 0, 38.92, 1328
2026/09/28 20:12:13.441, 1, 40.84, 1328
2026/09/28 20:12:13.444, 2, 35.76, 1328
2026/09/28 20:12:13.447, 3, 37.43, 1328
2026/09/28 20:12:13.650, 0, 39.16, 1328
2026/09/28 20:12:13.653, 1, 40.59, 1328
2026/09/28 20:12:13.659, 2, 35.76, 1328
2026/09/28 20:12:13.662, 3, 37.43, 1328
2026/09/28 20:12:13.868, 0, 38.92, 1328
2026/09/28 20:12:13.871, 1, 40.84, 1328
2026/09/28 20:12:13.874, 2, 35.76, 1328
2026/09/28 20:12:13.877, 3, 37.43, 1328
2026/09/28 20:12:14.080, 0, 38.92, 1328
2026/09/28 20:12:14.083, 1, 40.60, 1328
2026/09/28 20:12:14.086, 2, 35.76, 1328
2026/09/28 20:12:14.089, 3, 37.43, 1328
2026/09/28 20:12:14.292, 0, 39.17, 1328
2026/09/28 20:12:14.295, 1, 40.60, 1328
2026/09/28 20:12:14.298, 2, 35.76, 1328
2026/09/28 20:12:14.302, 3, 37.19, 1328
2026/09/28 20:12:14.508, 0, 39.17, 1328
2026/09/28 20:12:14.511, 1, 40.60, 1328
2026/09/28 20:12:14.514, 2, 35.76, 1328
2026/09/28 20:12:14.517, 3, 37.43, 1328
2026/09/28 20:12:14.720, 0, 38.92, 1328
2026/09/28 20:12:14.723, 1, 40.84, 1328
2026/09/28 20:12:14.726, 2, 35.76, 1328
2026/09/28 20:12:14.728, 3, 37.19, 1328
2026/09/28 20:12:14.931, 0, 39.17, 1328
2026/09/28 20:12:14.934, 1, 40.60, 1328
2026/09/28 20:12:14.938, 2, 35.76, 1328
2026/09/28 20:12:14.943, 3, 37.45, 1328
2026/09/28 20:12:15.147, 0, 38.67, 1328
2026/09/28 20:12:15.153, 1, 40.60, 1328
2026/09/28 20:12:15.158, 2, 35.76, 1328
2026/09/28 20:12:15.162, 3, 37.43, 1328
2026/09/28 20:12:15.367, 0, 38.92, 1328
2026/09/28 20:12:15.373, 1, 40.60, 1328
2026/09/28 20:12:15.378, 2, 35.76, 1328
2026/09/28 20:12:15.382, 3, 37.43, 1328
2026/09/28 20:12:15.587, 0, 38.92, 1328
2026/09/28 20:12:15.593, 1, 40.60, 1328
2026/09/28 20:12:15.598, 2, 35.76, 1328
2026/09/28 20:12:15.602, 3, 37.19, 1328
2026/09/28 20:12:15.807, 0, 38.92, 1328
2026/09/28 20:12:15.813, 1, 40.60, 1328
2026/09/28 20:12:15.817, 2, 35.76, 1328
2026/09/28 20:12:15.822, 3, 37.19, 1328
2026/09/28 20:12:16.027, 0, 38.92, 1328
2026/09/28 20:12:16.033, 1, 40.60, 1328
2026/09/28 20:12:16.037, 2, 35.76, 1328
2026/09/28 20:12:16.042, 3, 37.19, 1328
2026/09/28 20:12:16.247, 0, 38.92, 1328
2026/09/28 20:12:16.253, 1, 40.60, 1328
2026/09/28 20:12:16.257, 2, 35.76, 1328
2026/09/28 20:12:16.264, 3, 37.19, 1328
2026/09/28 20:12:16.467, 0, 38.92, 1328
2026/09/28 20:12:16.470, 1, 40.60, 1328
2026/09/28 20:12:16.473, 2, 35.76, 1328
2026/09/28 20:12:16.475, 3, 37.19, 1328
2026/09/28 20:12:16.678, 0, 38.90, 1328
2026/09/28 20:12:16.681, 1, 40.60, 1328
2026/09/28 20:12:16.684, 2, 35.76, 1328
2026/09/28 20:12:16.687, 3, 37.19, 1328
2026/09/28 20:12:16.890, 0, 38.92, 1328
2026/09/28 20:12:16.893, 1, 40.60, 1328
2026/09/28 20:12:16.897, 2, 35.76, 1328
2026/09/28 20:12:16.900, 3, 37.19, 1328
2026/09/28 20:12:17.106, 0, 38.92, 1328
2026/09/28 20:12:17.109, 1, 40.60, 1328
2026/09/28 20:12:17.112, 2, 35.76, 1328
2026/09/28 20:12:17.115, 3, 37.19, 1328
2026/09/28 20:12:17.318, 0, 38.92, 1328
2026/09/28 20:12:17.321, 1, 40.60, 1328
2026/09/28 20:12:17.324, 2, 35.76, 1328
2026/09/28 20:12:17.328, 3, 37.19, 1328
2026/09/28 20:12:17.531, 0, 38.92, 1328
2026/09/28 20:12:17.534, 1, 40.60, 1328
2026/09/28 20:12:17.537, 2, 35.76, 1328
2026/09/28 20:12:17.539, 3, 37.19, 1328
2026/09/28 20:12:17.746, 0, 38.92, 1328
2026/09/28 20:12:17.749, 1, 40.60, 1328
2026/09/28 20:12:17.752, 2, 35.76, 1328
2026/09/28 20:12:17.755, 3, 37.19, 1328
2026/09/28 20:12:17.958, 0, 38.92, 1328
2026/09/28 20:12:17.961, 1, 40.60, 1328
2026/09/28 20:12:17.963, 2, 35.76, 1328
2026/09/28 20:12:17.967, 3, 37.43, 1328
2026/09/28 20:12:18.170, 0, 38.92, 1328
2026/09/28 20:12:18.173, 1, 40.60, 1328
2026/09/28 20:12:18.176, 2, 35.76, 1328
2026/09/28 20:12:18.179, 3, 37.21, 1328
2026/09/28 20:12:18.385, 0, 38.67, 1328
2026/09/28 20:12:18.388, 1, 40.60, 1328
2026/09/28 20:12:18.391, 2, 35.76, 1328
2026/09/28 20:12:18.394, 3, 37.43, 1328
2026/09/28 20:12:18.597, 0, 38.68, 1328
2026/09/28 20:12:18.600, 1, 40.60, 1328
2026/09/28 20:12:18.603, 2, 35.76, 1328
2026/09/28 20:12:18.606, 3, 37.43, 1328
2026/09/28 20:12:18.809, 0, 38.92, 1328
2026/09/28 20:12:18.813, 1, 40.60, 1328
2026/09/28 20:12:18.816, 2, 35.76, 1328
2026/09/28 20:12:18.819, 3, 37.19, 1328
2026/09/28 20:12:19.025, 0, 38.92, 1328
2026/09/28 20:12:19.028, 1, 40.60, 1328
2026/09/28 20:12:19.031, 2, 35.76, 1328
2026/09/28 20:12:19.037, 3, 37.19, 1328
2026/09/28 20:12:19.240, 0, 38.92, 1328
2026/09/28 20:12:19.243, 1, 40.60, 1328
2026/09/28 20:12:19.246, 2, 35.76, 1328
2026/09/28 20:12:19.249, 3, 37.45, 1328
2026/09/28 20:12:19.452, 0, 38.92, 1328
2026/09/28 20:12:19.456, 1, 40.84, 1328
2026/09/28 20:12:19.459, 2, 35.76, 1328
2026/09/28 20:12:19.462, 3, 37.19, 1328
2026/09/28 20:12:19.665, 0, 38.68, 1328
2026/09/28 20:12:19.668, 1, 40.60, 1328
2026/09/28 20:12:19.671, 2, 35.76, 1328
2026/09/28 20:12:19.674, 3, 37.19, 1328
2026/09/28 20:12:19.877, 0, 38.92, 1328
2026/09/28 20:12:19.880, 1, 40.60, 1328
2026/09/28 20:12:19.883, 2, 35.76, 1328
2026/09/28 20:12:19.885, 3, 37.19, 1328
2026/09/28 20:12:20.088, 0, 38.92, 1328
2026/09/28 20:12:20.093, 1, 40.60, 1328
2026/09/28 20:12:20.096, 2, 35.76, 1328
2026/09/28 20:12:20.099, 3, 37.19, 1328
2026/09/28 20:12:20.304, 0, 38.92, 1328
2026/09/28 20:12:20.307, 1, 40.84, 1328
2026/09/28 20:12:20.310, 2, 35.76, 1328
2026/09/28 20:12:20.313, 3, 37.19, 1328
2026/09/28 20:12:20.516, 0, 38.92, 1328
2026/09/28 20:12:20.519, 1, 40.84, 1328
2026/09/28 20:12:20.522, 2, 35.76, 1328
2026/09/28 20:12:20.525, 3, 37.19, 1328
2026/09/28 20:12:20.728, 0, 38.92, 1328
2026/09/28 20:12:20.732, 1, 40.60, 1328
2026/09/28 20:12:20.736, 2, 35.76, 1328
2026/09/28 20:12:20.739, 3, 37.19, 1328
2026/09/28 20:12:20.944, 0, 38.68, 1328
2026/09/28 20:12:20.947, 1, 40.60, 1328
2026/09/28 20:12:20.949, 2, 35.76, 1328
2026/09/28 20:12:20.953, 3, 37.19, 1328
2026/09/28 20:12:21.156, 0, 38.92, 1328
2026/09/28 20:12:21.159, 1, 40.60, 1328
2026/09/28 20:12:21.161, 2, 35.76, 1328
2026/09/28 20:12:21.164, 3, 37.43, 1328
2026/09/28 20:12:21.367, 0, 38.92, 1328
2026/09/28 20:12:21.372, 1, 40.84, 1328
2026/09/28 20:12:21.376, 2, 35.76, 1328
2026/09/28 20:12:21.380, 3, 37.19, 1328
2026/09/28 20:12:21.583, 0, 38.90, 1328
2026/09/28 20:12:21.586, 1, 41.08, 1328
2026/09/28 20:12:21.589, 2, 35.76, 1328
2026/09/28 20:12:21.592, 3, 37.19, 1328
2026/09/28 20:12:21.795, 0, 146.24, 1316
2026/09/28 20:12:21.798, 1, 41.03, 1328
2026/09/28 20:12:21.801, 2, 35.98, 1328
2026/09/28 20:12:21.804, 3, 37.16, 1328
2026/09/28 20:12:22.007, 0, 39.11, 1328
2026/09/28 20:12:22.012, 1, 41.05, 1328
2026/09/28 20:12:22.016, 2, 144.43, 1328
2026/09/28 20:12:22.018, 3, 37.17, 1328
2026/09/28 20:12:22.223, 0, 39.11, 1328
2026/09/28 20:12:22.226, 1, 41.03, 1328
2026/09/28 20:12:22.229, 2, 36.72, 1328
2026/09/28 20:12:22.232, 3, 132.90, 1316
2026/09/28 20:12:22.435, 0, 69.49, 1328
2026/09/28 20:12:22.437, 1, 46.09, 1328
2026/09/28 20:12:22.440, 2, 45.13, 1328
2026/09/28 20:12:22.443, 3, 56.19, 1328
2026/09/28 20:12:22.646, 0, 63.94, 1328
2026/09/28 20:12:22.652, 1, 72.31, 1328
2026/09/28 20:12:22.655, 2, 75.20, 1328
2026/09/28 20:12:22.658, 3, 59.06, 1328
2026/09/28 20:12:22.863, 0, 47.60, 1328
2026/09/28 20:12:22.866, 1, 52.58, 1328
2026/09/28 20:12:22.868, 2, 54.06, 1328
2026/09/28 20:12:22.871, 3, 81.67, 1328
2026/09/28 20:12:23.074, 0, 81.46, 1328
2026/09/28 20:12:23.077, 1, 49.71, 1328
2026/09/28 20:12:23.081, 2, 43.22, 1328
2026/09/28 20:12:23.084, 3, 52.10, 1328
2026/09/28 20:12:23.287, 0, 57.95, 1328
2026/09/28 20:12:23.291, 1, 65.64, 1328
2026/09/28 20:12:23.295, 2, 74.23, 1328
2026/09/28 20:12:23.298, 3, 78.53, 1328
2026/09/28 20:12:23.502, 0, 45.15, 1328
2026/09/28 20:12:23.505, 1, 48.78, 1328
2026/09/28 20:12:23.508, 2, 48.53, 1328
2026/09/28 20:12:23.511, 3, 67.29, 1328
2026/09/28 20:12:23.714, 0, 85.31, 1328
2026/09/28 20:12:23.717, 1, 68.02, 1328
2026/09/28 20:12:23.720, 2, 41.29, 1328
2026/09/28 20:12:23.723, 3, 48.72, 1328
2026/09/28 20:12:23.926, 0, 54.08, 1328
2026/09/28 20:12:23.931, 1, 60.06, 1328
2026/09/28 20:12:23.935, 2, 65.88, 1328
2026/09/28 20:12:23.938, 3, 92.21, 1328
2026/09/28 20:12:24.142, 0, 54.06, 1328
2026/09/28 20:12:24.145, 1, 47.31, 1328
2026/09/28 20:12:24.148, 2, 46.36, 1328
2026/09/28 20:12:24.151, 3, 63.16, 1328
2026/09/28 20:12:24.354, 0, 76.00, 1328
2026/09/28 20:12:24.356, 1, 82.92, 1328
2026/09/28 20:12:24.359, 2, 49.44, 1328
2026/09/28 20:12:24.362, 3, 46.79, 1328
2026/09/28 20:12:24.565, 0, 50.47, 1328
2026/09/28 20:12:24.570, 1, 54.06, 1328
2026/09/28 20:12:24.575, 2, 56.46, 1328
2026/09/28 20:12:24.579, 3, 87.91, 1328
2026/09/28 20:12:24.782, 0, 68.29, 1328
2026/09/28 20:12:24.785, 1, 46.09, 1328
2026/09/28 20:12:24.788, 2, 44.43, 1328
2026/09/28 20:12:24.791, 3, 56.44, 1328
2026/09/28 20:12:24.994, 0, 67.57, 1328
2026/09/28 20:12:24.997, 1, 79.30, 1328
2026/09/28 20:12:25.000, 2, 68.21, 1328
2026/09/28 20:12:25.003, 3, 44.89, 1328
2026/09/28 20:12:25.206, 0, 48.08, 1328
2026/09/28 20:12:25.211, 1, 51.86, 1328
2026/09/28 20:12:25.215, 2, 54.06, 1328
2026/09/28 20:12:25.217, 3, 78.55, 1328
2026/09/28 20:12:25.421, 0, 86.56, 1328
2026/09/28 20:12:25.424, 1, 54.06, 1328
2026/09/28 20:12:25.427, 2, 42.74, 1328
2026/09/28 20:12:25.430, 3, 52.31, 1328
2026/09/28 20:12:25.633, 0, 60.53, 1328
2026/09/28 20:12:25.636, 1, 70.62, 1328
2026/09/28 20:12:25.639, 2, 78.33, 1328
2026/09/28 20:12:25.642, 3, 57.82, 1328
2026/09/28 20:12:25.845, 0, 46.61, 1328
2026/09/28 20:12:25.850, 1, 50.20, 1328
2026/09/28 20:12:25.854, 2, 51.40, 1328
2026/09/28 20:12:25.857, 3, 72.07, 1328
2026/09/28 20:12:26.061, 0, 85.78, 1328
2026/09/28 20:12:26.064, 1, 67.05, 1328
2026/09/28 20:12:26.067, 2, 41.78, 1328
2026/09/28 20:12:26.069, 3, 49.95, 1328
2026/09/28 20:12:26.272, 0, 56.74, 1328
2026/09/28 20:12:26.275, 1, 64.67, 1328
2026/09/28 20:12:26.278, 2, 72.60, 1328
2026/09/28 20:12:26.282, 3, 77.33, 1328
2026/09/28 20:12:26.485, 0, 49.01, 1328
2026/09/28 20:12:26.490, 1, 47.31, 1328
2026/09/28 20:12:26.494, 2, 46.82, 1328
2026/09/28 20:12:26.497, 3, 60.50, 1328
2026/09/28 20:12:26.700, 0, 76.45, 1328
2026/09/28 20:12:26.704, 1, 81.85, 1328
2026/09/28 20:12:26.706, 2, 48.99, 1328
2026/09/28 20:12:26.709, 3, 46.79, 1328
2026/09/28 20:12:26.912, 0, 52.88, 1328
2026/09/28 20:12:26.915, 1, 60.10, 1328
2026/09/28 20:12:26.918, 2, 65.60, 1328
2026/09/28 20:12:26.921, 3, 86.73, 1328
2026/09/28 20:12:27.124, 0, 64.90, 1328
2026/09/28 20:12:27.129, 1, 46.10, 1328
2026/09/28 20:12:27.134, 2, 45.15, 1328
2026/09/28 20:12:27.136, 3, 57.16, 1328
2026/09/28 20:12:27.340, 0, 65.88, 1328
2026/09/28 20:12:27.343, 1, 77.37, 1328
2026/09/28 20:12:27.346, 2, 69.46, 1328
2026/09/28 20:12:27.349, 3, 44.89, 1328
2026/09/28 20:12:27.552, 0, 48.53, 1328
2026/09/28 20:12:27.555, 1, 54.03, 1328
2026/09/28 20:12:27.558, 2, 57.92, 1328
2026/09/28 20:12:27.561, 3, 87.40, 1328
2026/09/28 20:12:27.763, 0, 78.12, 1328
2026/09/28 20:12:27.769, 1, 50.69, 1328
2026/09/28 20:12:27.773, 2, 42.74, 1328
2026/09/28 20:12:27.776, 3, 52.10, 1328
2026/09/28 20:12:27.980, 0, 61.53, 1328
2026/09/28 20:12:27.982, 1, 70.87, 1328
2026/09/28 20:12:27.985, 2, 78.82, 1328
2026/09/28 20:12:27.988, 3, 59.06, 1328
2026/09/28 20:12:28.191, 0, 47.31, 1328
2026/09/28 20:12:28.194, 1, 51.86, 1328
2026/09/28 20:12:28.197, 2, 53.57, 1328
2026/09/28 20:12:28.200, 3, 79.01, 1328
2026/09/28 20:12:28.403, 0, 86.33, 1328
2026/09/28 20:12:28.409, 1, 73.76, 1328
2026/09/28 20:12:28.413, 2, 41.05, 1328
2026/09/28 20:12:28.416, 3, 48.02, 1328
2026/09/28 20:12:28.619, 0, 53.87, 1328
2026/09/28 20:12:28.622, 1, 61.51, 1328
2026/09/28 20:12:28.625, 2, 67.53, 1328
2026/09/28 20:12:28.628, 3, 80.70, 1328
2026/09/28 20:12:28.831, 0, 45.63, 1328
2026/09/28 20:12:28.834, 1, 49.47, 1328
2026/09/28 20:12:28.837, 2, 50.19, 1328
2026/09/28 20:12:28.840, 3, 71.79, 1328
2026/09/28 20:12:29.043, 0, 85.07, 1328
2026/09/28 20:12:29.048, 1, 74.00, 1328
2026/09/28 20:12:29.053, 2, 41.05, 1328
2026/09/28 20:12:29.055, 3, 47.75, 1328
2026/09/28 20:12:29.259, 0, 56.74, 1328
2026/09/28 20:12:29.262, 1, 64.63, 1328
2026/09/28 20:12:29.265, 2, 72.07, 1328
2026/09/28 20:12:29.268, 3, 72.31, 1328
2026/09/28 20:12:29.471, 0, 47.08, 1328
2026/09/28 20:12:29.474, 1, 51.40, 1328
2026/09/28 20:12:29.477, 2, 52.40, 1328
2026/09/28 20:12:29.479, 3, 76.61, 1328
2026/09/28 20:12:29.682, 0, 89.46, 1328
2026/09/28 20:12:29.688, 1, 73.76, 1328
2026/09/28 20:12:29.692, 2, 41.05, 1328
2026/09/28 20:12:29.695, 3, 47.99, 1328
2026/09/28 20:12:29.899, 0, 56.50, 1328
2026/09/28 20:12:29.902, 1, 64.40, 1328
2026/09/28 20:12:29.904, 2, 74.72, 1328
2026/09/28 20:12:29.907, 3, 73.99, 1328
2026/09/28 20:12:30.110, 0, 46.12, 1328
2026/09/28 20:12:30.113, 1, 49.48, 1328
2026/09/28 20:12:30.116, 2, 50.47, 1328
2026/09/28 20:12:30.119, 3, 71.35, 1328
2026/09/28 20:12:30.322, 0, 77.89, 1328
2026/09/28 20:12:30.327, 1, 85.04, 1328
2026/09/28 20:12:30.332, 2, 54.27, 1328
2026/09/28 20:12:30.335, 3, 46.33, 1328
2026/09/28 20:12:30.538, 0, 51.43, 1328
2026/09/28 20:12:30.541, 1, 57.65, 1328
2026/09/28 20:12:30.544, 2, 61.74, 1328
2026/09/28 20:12:30.547, 3, 98.89, 1328
2026/09/28 20:12:30.750, 0, 49.25, 1328
2026/09/28 20:12:30.753, 1, 47.81, 1328
2026/09/28 20:12:30.756, 2, 46.82, 1328
2026/09/28 20:12:30.759, 3, 62.44, 1328
2026/09/28 20:12:30.962, 0, 71.62, 1328
2026/09/28 20:12:30.967, 1, 81.04, 1328
2026/09/28 20:12:30.972, 2, 66.08, 1328
2026/09/28 20:12:30.974, 3, 44.62, 1328
2026/09/28 20:12:31.178, 0, 48.56, 1328
2026/09/28 20:12:31.181, 1, 53.09, 1328
2026/09/28 20:12:31.185, 2, 56.47, 1328
2026/09/28 20:12:31.188, 3, 84.80, 1328
2026/09/28 20:12:31.391, 0, 46.36, 1328
2026/09/28 20:12:31.394, 1, 49.71, 1328
2026/09/28 20:12:31.397, 2, 50.47, 1328
2026/09/28 20:12:31.400, 3, 71.79, 1328
2026/09/28 20:12:31.603, 0, 89.46, 1328
2026/09/28 20:12:31.607, 1, 76.89, 1328
2026/09/28 20:12:31.612, 2, 41.05, 1328
2026/09/28 20:12:31.614, 3, 47.03, 1328
2026/09/28 20:12:31.819, 0, 55.53, 1328
2026/09/28 20:12:31.822, 1, 63.47, 1328
2026/09/28 20:12:31.824, 2, 71.91, 1328
2026/09/28 20:12:31.827, 3, 77.33, 1328
2026/09/28 20:12:32.030, 0, 45.63, 1328
2026/09/28 20:12:32.033, 1, 49.23, 1328
2026/09/28 20:12:32.036, 2, 49.26, 1328
2026/09/28 20:12:32.039, 3, 70.14, 1328
2026/09/28 20:12:32.242, 0, 80.55, 1328
2026/09/28 20:12:32.246, 1, 83.11, 1328
2026/09/28 20:12:32.251, 2, 54.06, 1328
2026/09/28 20:12:32.254, 3, 45.85, 1328
2026/09/28 20:12:32.458, 0, 51.15, 1328
2026/09/28 20:12:32.461, 1, 57.20, 1328
2026/09/28 20:12:32.464, 2, 61.26, 1328
2026/09/28 20:12:32.467, 3, 96.96, 1328
2026/09/28 20:12:32.670, 0, 54.29, 1328
2026/09/28 20:12:32.673, 1, 47.30, 1328
2026/09/28 20:12:32.676, 2, 46.33, 1328
2026/09/28 20:12:32.679, 3, 61.22, 1328
2026/09/28 20:12:32.882, 0, 76.21, 1328
2026/09/28 20:12:32.886, 1, 82.38, 1328
2026/09/28 20:12:32.891, 2, 61.26, 1328
2026/09/28 20:12:32.894, 3, 44.63, 1328
2026/09/28 20:12:33.098, 0, 49.22, 1328
2026/09/28 20:12:33.101, 1, 54.27, 1328
2026/09/28 20:12:33.104, 2, 58.40, 1328
2026/09/28 20:12:33.107, 3, 88.65, 1328
2026/09/28 20:12:33.310, 0, 74.75, 1328
2026/09/28 20:12:33.313, 1, 46.09, 1328
2026/09/28 20:12:33.316, 2, 44.64, 1328
2026/09/28 20:12:33.319, 3, 56.91, 1328
2026/09/28 20:12:33.522, 0, 65.67, 1328
2026/09/28 20:12:33.526, 1, 71.14, 1328
2026/09/28 20:12:33.531, 2, 79.50, 1328
2026/09/28 20:12:33.534, 3, 67.18, 1328
2026/09/28 20:12:33.738, 0, 47.81, 1328
2026/09/28 20:12:33.741, 1, 52.12, 1328
2026/09/28 20:12:33.744, 2, 54.30, 1328
2026/09/28 20:12:33.747, 3, 81.67, 1328
2026/09/28 20:12:33.950, 0, 81.94, 1328
2026/09/28 20:12:33.953, 1, 48.75, 1328
2026/09/28 20:12:33.956, 2, 43.70, 1328
2026/09/28 20:12:33.959, 3, 54.02, 1328
2026/09/28 20:12:34.162, 0, 71.87, 1328
2026/09/28 20:12:34.165, 1, 80.46, 1328
2026/09/28 20:12:34.171, 2, 68.21, 1328
2026/09/28 20:12:34.173, 3, 47.99, 1328
2026/09/28 20:12:34.378, 0, 48.55, 1328
2026/09/28 20:12:34.381, 1, 53.34, 1328
2026/09/28 20:12:34.384, 2, 55.74, 1328
2026/09/28 20:12:34.387, 3, 84.32, 1328
2026/09/28 20:12:34.590, 0, 78.12, 1328
2026/09/28 20:12:34.593, 1, 45.61, 1328
2026/09/28 20:12:34.596, 2, 43.92, 1328
2026/09/28 20:12:34.599, 3, 54.27, 1328
2026/09/28 20:12:34.802, 0, 67.27, 1328
2026/09/28 20:12:34.805, 1, 73.52, 1328
2026/09/28 20:12:34.810, 2, 74.92, 1328
2026/09/28 20:12:34.813, 3, 62.44, 1328
2026/09/28 20:12:35.018, 0, 47.35, 1328
2026/09/28 20:12:35.021, 1, 51.86, 1328
2026/09/28 20:12:35.023, 2, 53.33, 1328
2026/09/28 20:12:35.026, 3, 78.77, 1328
2026/09/28 20:12:35.229, 0, 86.33, 1328
2026/09/28 20:12:35.232, 1, 54.51, 1328
2026/09/28 20:12:35.235, 2, 42.74, 1328
2026/09/28 20:12:35.238, 3, 52.31, 1328
2026/09/28 20:12:35.441, 0, 59.15, 1328
2026/09/28 20:12:35.445, 1, 64.40, 1328
2026/09/28 20:12:35.450, 2, 72.07, 1328
2026/09/28 20:12:35.453, 3, 80.89, 1328
2026/09/28 20:12:35.657, 0, 45.15, 1328
2026/09/28 20:12:35.660, 1, 48.72, 1328
2026/09/28 20:12:35.663, 2, 49.02, 1328
2026/09/28 20:12:35.666, 3, 67.73, 1328
2026/09/28 20:12:35.869, 0, 88.97, 1328
2026/09/28 20:12:35.872, 1, 62.70, 1328
2026/09/28 20:12:35.875, 2, 41.77, 1328
2026/09/28 20:12:35.878, 3, 50.41, 1328
2026/09/28 20:12:36.081, 0, 53.08, 1328
2026/09/28 20:12:36.087, 1, 57.44, 1328
2026/09/28 20:12:36.092, 2, 61.05, 1328
2026/09/28 20:12:36.095, 3, 96.54, 1328
2026/09/28 20:12:36.299, 0, 71.18, 1328
2026/09/28 20:12:36.303, 1, 46.09, 1328
2026/09/28 20:12:36.306, 2, 43.95, 1328
2026/09/28 20:12:36.310, 3, 54.75, 1328
2026/09/28 20:12:36.513, 0, 64.19, 1328
2026/09/28 20:12:36.516, 1, 75.45, 1328
2026/09/28 20:12:36.519, 2, 74.04, 1328
2026/09/28 20:12:36.522, 3, 46.31, 1328
2026/09/28 20:12:36.725, 0, 47.81, 1328
2026/09/28 20:12:36.730, 1, 50.44, 1328
2026/09/28 20:12:36.735, 2, 51.16, 1328
2026/09/28 20:12:36.738, 3, 70.82, 1328
2026/09/28 20:12:36.941, 0, 82.46, 1328
2026/09/28 20:12:36.944, 1, 49.45, 1328
2026/09/28 20:12:36.947, 2, 42.74, 1328
2026/09/28 20:12:36.951, 3, 52.10, 1328
2026/09/28 20:12:37.154, 0, 62.01, 1328
2026/09/28 20:12:37.157, 1, 73.57, 1328
2026/09/28 20:12:37.160, 2, 78.09, 1328
2026/09/28 20:12:37.162, 3, 57.12, 1328
2026/09/28 20:12:37.366, 0, 46.11, 1328
2026/09/28 20:12:37.371, 1, 48.27, 1328
2026/09/28 20:12:37.377, 2, 48.05, 1328
2026/09/28 20:12:37.380, 3, 64.39, 1328
2026/09/28 20:12:37.583, 0, 77.12, 1328
2026/09/28 20:12:37.586, 1, 80.02, 1328
2026/09/28 20:12:37.589, 2, 45.61, 1328
2026/09/28 20:12:37.592, 3, 47.78, 1328
2026/09/28 20:12:37.795, 0, 143.83, 1290
2026/09/28 20:12:37.798, 1, 41.27, 1328
2026/09/28 20:12:37.801, 2, 36.95, 1328
2026/09/28 20:12:37.804, 3, 38.61, 1328
2026/09/28 20:12:38.007, 0, 39.35, 1328
2026/09/28 20:12:38.013, 1, 151.92, 1316
2026/09/28 20:12:38.037, 2, 36.97, 1328
2026/09/28 20:12:38.053, 3, 38.37, 1328
2026/09/28 20:12:38.258, 0, 39.60, 1328
2026/09/28 20:12:38.261, 1, 41.27, 1328
2026/09/28 20:12:38.264, 2, 37.67, 1328
2026/09/28 20:12:38.270, 3, 152.09, 1303
2026/09/28 20:12:38.473, 0, 66.59, 1328
2026/09/28 20:12:38.476, 1, 78.58, 1328
2026/09/28 20:12:38.479, 2, 64.15, 1328
2026/09/28 20:12:38.482, 3, 41.75, 1328
2026/09/28 20:12:38.685, 0, 49.98, 1328
2026/09/28 20:12:38.688, 1, 55.96, 1328
2026/09/28 20:12:38.691, 2, 59.57, 1328
2026/09/28 20:12:38.694, 3, 93.89, 1328
2026/09/28 20:12:38.897, 0, 54.05, 1328
2026/09/28 20:12:38.900, 1, 47.31, 1328
2026/09/28 20:12:38.903, 2, 46.84, 1328
2026/09/28 20:12:38.906, 3, 60.50, 1328
2026/09/28 20:12:39.109, 0, 73.06, 1328
2026/09/28 20:12:39.112, 1, 84.79, 1328
2026/09/28 20:12:39.115, 2, 49.68, 1328
2026/09/28 20:12:39.118, 3, 46.58, 1328
2026/09/28 20:12:39.321, 0, 52.15, 1328
2026/09/28 20:12:39.324, 1, 55.26, 1328
2026/09/28 20:12:39.330, 2, 55.50, 1328
2026/09/28 20:12:39.335, 3, 83.06, 1328
2026/09/28 20:12:39.538, 0, 81.70, 1328
2026/09/28 20:12:39.541, 1, 45.61, 1328
2026/09/28 20:12:39.544, 2, 43.70, 1328
2026/09/28 20:12:39.547, 3, 54.26, 1328
2026/09/28 20:12:39.750, 0, 64.46, 1328
2026/09/28 20:12:39.753, 1, 76.85, 1328
2026/09/28 20:12:39.756, 2, 69.94, 1328
2026/09/28 20:12:39.758, 3, 44.38, 1328
2026/09/28 20:12:39.961, 0, 49.22, 1328
2026/09/28 20:12:39.964, 1, 52.64, 1328
2026/09/28 20:12:39.969, 2, 55.50, 1328
2026/09/28 20:12:39.972, 3, 81.91, 1328
2026/09/28 20:12:40.175, 0, 84.58, 1328
2026/09/28 20:12:40.179, 1, 49.93, 1328
2026/09/28 20:12:40.182, 2, 42.98, 1328
2026/09/28 20:12:40.184, 3, 52.34, 1328
2026/09/28 20:12:40.389, 0, 58.16, 1328
2026/09/28 20:12:40.393, 1, 68.02, 1328
2026/09/28 20:12:40.395, 2, 73.99, 1328
2026/09/28 20:12:40.399, 3, 71.58, 1328
2026/09/28 20:12:40.602, 0, 45.87, 1328
2026/09/28 20:12:40.605, 1, 48.99, 1328
2026/09/28 20:12:40.609, 2, 48.75, 1328
2026/09/28 20:12:40.612, 3, 70.10, 1328
2026/09/28 20:12:40.815, 0, 89.90, 1328
2026/09/28 20:12:40.818, 1, 59.33, 1328
2026/09/28 20:12:40.821, 2, 42.74, 1328
2026/09/28 20:12:40.824, 3, 49.44, 1328
2026/09/28 20:12:41.028, 0, 55.49, 1328
2026/09/28 20:12:41.032, 1, 61.79, 1328
2026/09/28 20:12:41.035, 2, 70.19, 1328
2026/09/28 20:12:41.038, 3, 78.97, 1328
2026/09/28 20:12:41.241, 0, 45.39, 1328
2026/09/28 20:12:41.244, 1, 47.54, 1328
2026/09/28 20:12:41.249, 2, 47.08, 1328
2026/09/28 20:12:41.251, 3, 63.63, 1328
2026/09/28 20:12:41.454, 0, 75.23, 1328
2026/09/28 20:12:41.457, 1, 83.16, 1328
2026/09/28 20:12:41.460, 2, 53.81, 1328
2026/09/28 20:12:41.464, 3, 46.09, 1328
2026/09/28 20:12:41.668, 0, 50.70, 1328
2026/09/28 20:12:41.672, 1, 56.47, 1328
2026/09/28 20:12:41.675, 2, 61.01, 1328
2026/09/28 20:12:41.678, 3, 97.44, 1328
2026/09/28 20:12:41.881, 0, 61.29, 1328
2026/09/28 20:12:41.884, 1, 46.58, 1328
2026/09/28 20:12:41.889, 2, 45.15, 1328
2026/09/28 20:12:41.892, 3, 58.58, 1328
2026/09/28 20:12:42.095, 0, 74.07, 1328
2026/09/28 20:12:42.097, 1, 82.86, 1328
2026/09/28 20:12:42.100, 2, 66.08, 1328
2026/09/28 20:12:42.106, 3, 45.10, 1328
2026/09/28 20:12:42.309, 0, 49.49, 1328
2026/09/28 20:12:42.312, 1, 54.51, 1328
2026/09/28 20:12:42.315, 2, 58.16, 1328
2026/09/28 20:12:42.318, 3, 91.96, 1328
2026/09/28 20:12:42.521, 0, 71.85, 1328
2026/09/28 20:12:42.524, 1, 45.59, 1328
2026/09/28 20:12:42.529, 2, 43.46, 1328
2026/09/28 20:12:42.532, 3, 54.02, 1328
2026/09/28 20:12:42.735, 0, 64.66, 1328
2026/09/28 20:12:42.738, 1, 77.67, 1328
2026/09/28 20:12:42.741, 2, 75.93, 1328
2026/09/28 20:12:42.745, 3, 53.99, 1328
2026/09/28 20:12:42.949, 0, 48.08, 1328
2026/09/28 20:12:42.952, 1, 52.64, 1328
2026/09/28 20:12:42.955, 2, 54.30, 1328
2026/09/28 20:12:42.958, 3, 83.10, 1328
2026/09/28 20:12:43.161, 0, 81.50, 1328
2026/09/28 20:12:43.163, 1, 59.78, 1328
2026/09/28 20:12:43.169, 2, 42.26, 1328
2026/09/28 20:12:43.172, 3, 50.65, 1328
2026/09/28 20:12:43.375, 0, 57.67, 1328
2026/09/28 20:12:43.378, 1, 68.02, 1328
2026/09/28 20:12:43.381, 2, 72.60, 1328
2026/09/28 20:12:43.385, 3, 75.16, 1328
2026/09/28 20:12:43.588, 0, 45.38, 1328
2026/09/28 20:12:43.592, 1, 48.99, 1328
2026/09/28 20:12:43.595, 2, 48.78, 1328
2026/09/28 20:12:43.598, 3, 66.29, 1328
2026/09/28 20:12:43.801, 0, 88.43, 1328
2026/09/28 20:12:43.804, 1, 76.65, 1328
2026/09/28 20:12:43.809, 2, 41.05, 1328
2026/09/28 20:12:43.812, 3, 47.78, 1328
2026/09/28 20:12:44.015, 0, 54.56, 1328
2026/09/28 20:12:44.018, 1, 62.02, 1328
2026/09/28 20:12:44.021, 2, 66.32, 1328
2026/09/28 20:12:44.025, 3, 86.39, 1328
2026/09/28 20:12:44.228, 0, 55.53, 1328
2026/09/28 20:12:44.231, 1, 47.79, 1328
2026/09/28 20:12:44.234, 2, 47.57, 1328
2026/09/28 20:12:44.237, 3, 62.92, 1328
2026/09/28 20:12:44.440, 0, 75.72, 1328
2026/09/28 20:12:44.443, 1, 80.46, 1328
2026/09/28 20:12:44.449, 2, 64.87, 1328
2026/09/28 20:12:44.452, 3, 45.59, 1328
2026/09/28 20:12:44.655, 0, 50.19, 1328
2026/09/28 20:12:44.658, 1, 56.23, 1328
2026/09/28 20:12:44.660, 2, 58.36, 1328
2026/09/28 20:12:44.664, 3, 90.29, 1328
2026/09/28 20:12:44.867, 0, 69.21, 1328
2026/09/28 20:12:44.871, 1, 46.82, 1328
2026/09/28 20:12:44.874, 2, 45.85, 1328
2026/09/28 20:12:44.877, 3, 59.09, 1328
2026/09/28 20:12:45.079, 0, 69.26, 1328
2026/09/28 20:12:45.082, 1, 74.25, 1328
2026/09/28 20:12:45.089, 2, 75.68, 1328
2026/09/28 20:12:45.091, 3, 53.79, 1328
2026/09/28 20:12:45.294, 0, 47.83, 1328
2026/09/28 20:12:45.297, 1, 52.38, 1328
2026/09/28 20:12:45.300, 2, 54.02, 1328
2026/09/28 20:12:45.304, 3, 79.01, 1328
2026/09/28 20:12:45.507, 0, 88.02, 1328
2026/09/28 20:12:45.510, 1, 54.51, 1328
2026/09/28 20:12:45.513, 2, 42.74, 1328
2026/09/28 20:12:45.516, 3, 52.34, 1328
2026/09/28 20:12:45.719, 0, 62.45, 1328
2026/09/28 20:12:45.722, 1, 73.55, 1328
2026/09/28 20:12:45.725, 2, 75.92, 1328
2026/09/28 20:12:45.728, 3, 53.78, 1328
2026/09/28 20:12:45.931, 0, 48.75, 1328
2026/09/28 20:12:45.934, 1, 53.82, 1328
2026/09/28 20:12:45.937, 2, 55.95, 1328
2026/09/28 20:12:45.940, 3, 76.86, 1328
2026/09/28 20:12:46.145, 0, 85.85, 1328
2026/09/28 20:12:46.150, 1, 67.05, 1328
2026/09/28 20:12:46.153, 2, 41.77, 1328
2026/09/28 20:12:46.156, 3, 49.92, 1328
2026/09/28 20:12:46.359, 0, 57.67, 1328
2026/09/28 20:12:46.362, 1, 64.88, 1328
2026/09/28 20:12:46.364, 2, 74.48, 1328
2026/09/28 20:12:46.368, 3, 75.36, 1328
2026/09/28 20:12:46.571, 0, 45.87, 1328
2026/09/28 20:12:46.573, 1, 49.71, 1328
2026/09/28 20:12:46.576, 2, 50.47, 1328
2026/09/28 20:12:46.579, 3, 64.63, 1328
2026/09/28 20:12:46.785, 0, 79.10, 1328
2026/09/28 20:12:46.790, 1, 76.90, 1328
2026/09/28 20:12:46.793, 2, 46.84, 1328
2026/09/28 20:12:46.793, 3, 62.68, 1328
2026/09/28 20:12:46.994, 0, 60.36, 1328
2026/09/28 20:12:46.997, 1, 69.47, 1328
2026/09/28 20:12:47.000, 2, 79.78, 1328
2026/09/28 20:12:47.003, 3, 63.12, 1328
2026/09/28 20:12:47.206, 0, 46.63, 1328
2026/09/28 20:12:47.209, 1, 50.92, 1328
2026/09/28 20:12:47.212, 2, 51.91, 1328
2026/09/28 20:12:47.215, 3, 75.40, 1328
2026/09/28 20:12:47.418, 0, 47.56, 1328
2026/09/28 20:12:47.421, 1, 48.75, 1328
2026/09/28 20:12:47.424, 2, 48.05, 1328
2026/09/28 20:12:47.427, 3, 65.07, 1328
2026/09/28 20:12:47.630, 0, 83.19, 1328
2026/09/28 20:12:47.633, 1, 74.24, 1328
2026/09/28 20:12:47.636, 2, 41.31, 1328
2026/09/28 20:12:47.638, 3, 46.31, 1328
2026/09/28 20:12:47.844, 0, 52.37, 1328
2026/09/28 20:12:47.849, 1, 59.08, 1328
2026/09/28 20:12:47.852, 2, 64.39, 1328
2026/09/28 20:12:47.855, 3, 93.83, 1328
2026/09/28 20:12:48.058, 0, 48.50, 1328
2026/09/28 20:12:48.061, 1, 48.51, 1328
2026/09/28 20:12:48.064, 2, 47.57, 1328
2026/09/28 20:12:48.066, 3, 64.59, 1328
2026/09/28 20:12:48.269, 0, 77.89, 1328
2026/09/28 20:12:48.272, 1, 77.56, 1328
2026/09/28 20:12:48.275, 2, 45.39, 1328
2026/09/28 20:12:48.278, 3, 46.06, 1328
2026/09/28 20:12:48.484, 0, 49.74, 1328
2026/09/28 20:12:48.489, 1, 54.54, 1328
2026/09/28 20:12:48.492, 2, 59.33, 1328
2026/09/28 20:12:48.494, 3, 91.01, 1328
2026/09/28 20:12:48.697, 0, 64.35, 1328
2026/09/28 20:12:48.700, 1, 46.82, 1328
2026/09/28 20:12:48.703, 2, 44.91, 1328
2026/09/28 20:12:48.707, 3, 57.60, 1328
2026/09/28 20:12:48.910, 0, 69.97, 1328
2026/09/28 20:12:48.913, 1, 83.10, 1328
2026/09/28 20:12:48.916, 2, 74.19, 1328
2026/09/28 20:12:48.922, 3, 49.20, 1328
2026/09/28 20:12:49.125, 0, 47.81, 1328
2026/09/28 20:12:49.128, 1, 52.62, 1328
2026/09/28 20:12:49.131, 2, 54.78, 1328
2026/09/28 20:12:49.134, 3, 81.18, 1328
2026/09/28 20:12:49.338, 0, 86.58, 1328
2026/09/28 20:12:49.341, 1, 50.17, 1328
2026/09/28 20:12:49.343, 2, 42.98, 1328
2026/09/28 20:12:49.346, 3, 52.82, 1328
2026/09/28 20:12:49.549, 0, 61.26, 1328
2026/09/28 20:12:49.552, 1, 71.84, 1328
2026/09/28 20:12:49.555, 2, 77.81, 1328
2026/09/28 20:12:49.558, 3, 67.01, 1328
2026/09/28 20:12:49.763, 0, 46.59, 1328
2026/09/28 20:12:49.768, 1, 50.44, 1328
2026/09/28 20:12:49.771, 2, 51.40, 1328
2026/09/28 20:12:49.774, 3, 72.03, 1328
2026/09/28 20:12:49.977, 0, 89.40, 1328
2026/09/28 20:12:49.981, 1, 79.50, 1328
2026/09/28 20:12:49.987, 2, 44.43, 1328
2026/09/28 20:12:49.990, 3, 48.02, 1328
2026/09/28 20:12:50.193, 0, 53.84, 1328
2026/09/28 20:12:50.195, 1, 62.06, 1328
2026/09/28 20:12:50.198, 2, 68.01, 1328
2026/09/28 20:12:50.201, 3, 84.74, 1328
2026/09/28 20:12:50.404, 0, 49.01, 1328
2026/09/28 20:12:50.408, 1, 47.77, 1328
2026/09/28 20:12:50.411, 2, 47.33, 1328
2026/09/28 20:12:50.414, 3, 64.85, 1328
2026/09/28 20:12:50.617, 0, 76.68, 1328
2026/09/28 20:12:50.620, 1, 80.02, 1328
2026/09/28 20:12:50.623, 2, 45.13, 1328
2026/09/28 20:12:50.625, 3, 47.54, 1328
2026/09/28 20:12:50.829, 0, 55.05, 1328
2026/09/28 20:12:50.831, 1, 63.23, 1328
2026/09/28 20:12:50.834, 2, 69.94, 1328
2026/09/28 20:12:50.837, 3, 91.97, 1328
2026/09/28 20:12:51.042, 0, 63.18, 1328
2026/09/28 20:12:51.047, 1, 47.06, 1328
2026/09/28 20:12:51.050, 2, 45.85, 1328
2026/09/28 20:12:51.053, 3, 60.54, 1328
2026/09/28 20:12:51.256, 0, 71.18, 1328
2026/09/28 20:12:51.259, 1, 86.30, 1328
2026/09/28 20:12:51.262, 2, 58.61, 1328
2026/09/28 20:12:51.264, 3, 46.10, 1328
2026/09/28 20:12:51.467, 0, 51.67, 1328
2026/09/28 20:12:51.470, 1, 57.41, 1328
2026/09/28 20:12:51.473, 2, 61.54, 1328
2026/09/28 20:12:51.476, 3, 89.07, 1328
2026/09/28 20:12:51.682, 0, 82.61, 1328
2026/09/28 20:12:51.688, 1, 47.30, 1328
2026/09/28 20:12:51.691, 2, 43.20, 1328
2026/09/28 20:12:51.693, 3, 53.78, 1328
2026/09/28 20:12:51.896, 0, 65.63, 1328
2026/09/28 20:12:51.899, 1, 75.45, 1328
2026/09/28 20:12:51.903, 2, 72.83, 1328
2026/09/28 20:12:51.906, 3, 48.72, 1328
2026/09/28 20:12:52.109, 0, 48.54, 1328
2026/09/28 20:12:52.112, 1, 53.55, 1328
2026/09/28 20:12:52.114, 2, 53.09, 1328
2026/09/28 20:12:52.120, 3, 76.85, 1328
2026/09/28 20:12:52.323, 0, 88.99, 1328
2026/09/28 20:12:52.326, 1, 59.33, 1328
2026/09/28 20:12:52.329, 2, 42.74, 1328
2026/09/28 20:12:52.332, 3, 52.34, 1328
2026/09/28 20:12:52.535, 0, 59.81, 1328
2026/09/28 20:12:52.538, 1, 70.19, 1328
2026/09/28 20:12:52.541, 2, 81.67, 1328
2026/09/28 20:12:52.543, 3, 62.91, 1328
2026/09/28 20:12:52.746, 0, 46.60, 1328
2026/09/28 20:12:52.752, 1, 50.64, 1328
2026/09/28 20:12:52.755, 2, 49.96, 1328
2026/09/28 20:12:52.760, 3, 68.93, 1328
2026/09/28 20:12:52.963, 0, 89.70, 1328
2026/09/28 20:12:52.966, 1, 71.15, 1328
2026/09/28 20:12:52.970, 2, 41.77, 1328
2026/09/28 20:12:52.973, 3, 48.96, 1328
2026/09/28 20:12:53.175, 0, 55.50, 1328
2026/09/28 20:12:53.178, 1, 62.94, 1328
2026/09/28 20:12:53.181, 2, 72.84, 1328
2026/09/28 20:12:53.184, 3, 84.56, 1328
2026/09/28 20:12:53.388, 0, 66.59, 1328
2026/09/28 20:12:53.395, 1, 46.82, 1328
2026/09/28 20:12:53.398, 2, 45.39, 1328
2026/09/28 20:12:53.401, 3, 58.81, 1328
2026/09/28 20:12:53.604, 0, 70.21, 1328
2026/09/28 20:12:53.606, 1, 77.08, 1328
2026/09/28 20:12:53.612, 2, 74.72, 1328
2026/09/28 20:12:53.615, 3, 45.10, 1328
2026/09/28 20:12:53.818, 0, 40.11, 1328
2026/09/28 20:12:53.821, 1, 41.53, 1328
2026/09/28 20:12:53.824, 2, 37.21, 1328
2026/09/28 20:12:53.827, 3, 38.86, 1328
2026/09/28 20:12:54.030, 0, 148.64, 1316
2026/09/28 20:12:54.039, 1, 80.02, 1328
2026/09/28 20:12:54.042, 2, 36.97, 1328
2026/09/28 20:12:54.045, 3, 38.61, 1328
2026/09/28 20:12:54.252, 0, 39.86, 1328
2026/09/28 20:12:54.256, 1, 44.89, 1328
2026/09/28 20:12:54.258, 2, 141.79, 1328
2026/09/28 20:12:54.261, 3, 38.64, 1328
2026/09/28 20:12:54.464, 0, 39.84, 1328
2026/09/28 20:12:54.467, 1, 41.51, 1328
2026/09/28 20:12:54.470, 2, 37.91, 1328
2026/09/28 20:12:54.473, 3, 151.95, 1316
2026/09/28 20:12:54.679, 0, 41.05, 1328
2026/09/28 20:12:54.682, 1, 43.94, 1328
2026/09/28 20:12:54.685, 2, 45.64, 1328
2026/09/28 20:12:54.688, 3, 67.26, 1328
2026/09/28 20:12:54.891, 0, 78.62, 1328
2026/09/28 20:12:54.895, 1, 45.37, 1328
2026/09/28 20:12:54.898, 2, 43.95, 1328
2026/09/28 20:12:54.901, 3, 54.51, 1328
2026/09/28 20:12:55.104, 0, 65.60, 1328
2026/09/28 20:12:55.107, 1, 78.29, 1328
2026/09/28 20:12:55.110, 2, 69.22, 1328
2026/09/28 20:12:55.113, 3, 44.89, 1328
2026/09/28 20:12:55.316, 0, 49.25, 1328
2026/09/28 20:12:55.319, 1, 54.27, 1328
2026/09/28 20:12:55.322, 2, 56.71, 1328
2026/09/28 20:12:55.325, 3, 87.93, 1328
2026/09/28 20:12:55.528, 0, 78.62, 1328
2026/09/28 20:12:55.531, 1, 45.86, 1328
2026/09/28 20:12:55.534, 2, 43.95, 1328
2026/09/28 20:12:55.538, 3, 54.27, 1328
2026/09/28 20:12:55.741, 0, 66.11, 1328
2026/09/28 20:12:55.744, 1, 77.61, 1328
2026/09/28 20:12:55.747, 2, 72.07, 1328
2026/09/28 20:12:55.750, 3, 58.12, 1328
2026/09/28 20:12:55.955, 0, 47.84, 1328
2026/09/28 20:12:55.958, 1, 52.37, 1328
2026/09/28 20:12:55.961, 2, 54.06, 1328
2026/09/28 20:12:55.964, 3, 79.54, 1328
2026/09/28 20:12:56.167, 0, 84.82, 1328
2026/09/28 20:12:56.170, 1, 54.30, 1328
2026/09/28 20:12:56.173, 2, 42.26, 1328
2026/09/28 20:12:56.178, 3, 50.89, 1328
2026/09/28 20:12:56.380, 0, 58.19, 1328
2026/09/28 20:12:56.383, 1, 68.02, 1328
2026/09/28 20:12:56.386, 2, 77.62, 1328
2026/09/28 20:12:56.389, 3, 80.94, 1328
2026/09/28 20:12:56.595, 0, 45.15, 1328
2026/09/28 20:12:56.598, 1, 48.54, 1328
2026/09/28 20:12:56.601, 2, 49.02, 1328
2026/09/28 20:12:56.604, 3, 66.28, 1328
2026/09/28 20:12:56.807, 0, 89.18, 1328
2026/09/28 20:12:56.810, 1, 66.81, 1328
2026/09/28 20:12:56.813, 2, 41.05, 1328
2026/09/28 20:12:56.817, 3, 48.72, 1328
2026/09/28 20:12:57.020, 0, 55.25, 1328
2026/09/28 20:12:57.023, 1, 62.26, 1328
2026/09/28 20:12:57.026, 2, 71.38, 1328
2026/09/28 20:12:57.029, 3, 93.90, 1328
2026/09/28 20:12:57.235, 0, 57.18, 1328
2026/09/28 20:12:57.237, 1, 47.54, 1328
2026/09/28 20:12:57.240, 2, 46.60, 1328
2026/09/28 20:12:57.243, 3, 62.68, 1328
2026/09/28 20:12:57.446, 0, 73.55, 1328
2026/09/28 20:12:57.449, 1, 86.00, 1328
2026/09/28 20:12:57.452, 2, 64.88, 1328
2026/09/28 20:12:57.457, 3, 45.61, 1328
2026/09/28 20:12:57.660, 0, 50.49, 1328
2026/09/28 20:12:57.663, 1, 56.47, 1328
2026/09/28 20:12:57.666, 2, 59.57, 1328
2026/09/28 20:12:57.668, 3, 85.28, 1328
2026/09/28 20:12:57.874, 0, 79.33, 1328
2026/09/28 20:12:57.877, 1, 45.37, 1328
2026/09/28 20:12:57.880, 2, 43.95, 1328
2026/09/28 20:12:57.883, 3, 55.23, 1328
2026/09/28 20:12:58.086, 0, 67.51, 1328
2026/09/28 20:12:58.089, 1, 79.74, 1328
2026/09/28 20:12:58.092, 2, 76.16, 1328
2026/09/28 20:12:58.097, 3, 54.51, 1328
2026/09/28 20:12:58.300, 0, 47.83, 1328
2026/09/28 20:12:58.303, 1, 52.58, 1328
2026/09/28 20:12:58.306, 2, 54.54, 1328
2026/09/28 20:12:58.309, 3, 76.40, 1328
2026/09/28 20:12:58.514, 0, 91.82, 1328
2026/09/28 20:12:58.517, 1, 58.82, 1328
2026/09/28 20:12:58.520, 2, 42.26, 1328
2026/09/28 20:12:58.523, 3, 51.61, 1328
2026/09/28 20:12:58.726, 0, 58.87, 1328
2026/09/28 20:12:58.729, 1, 69.47, 1328
2026/09/28 20:12:58.732, 2, 72.07, 1328
2026/09/28 20:12:58.737, 3, 75.12, 1328
2026/09/28 20:12:58.941, 0, 48.75, 1328
2026/09/28 20:12:58.944, 1, 53.81, 1328
2026/09/28 20:12:58.947, 2, 55.26, 1328
2026/09/28 20:12:58.949, 3, 79.98, 1328
2026/09/28 20:12:59.154, 0, 85.37, 1328
2026/09/28 20:12:59.157, 1, 54.03, 1328
2026/09/28 20:12:59.160, 2, 43.46, 1328
2026/09/28 20:12:59.163, 3, 52.58, 1328
2026/09/28 20:12:59.366, 0, 60.32, 1328
2026/09/28 20:12:59.369, 1, 71.39, 1328
2026/09/28 20:12:59.371, 2, 74.47, 1328
2026/09/28 20:12:59.377, 3, 77.58, 1328
2026/09/28 20:12:59.580, 0, 45.87, 1328
2026/09/28 20:12:59.583, 1, 49.45, 1328
2026/09/28 20:12:59.586, 2, 50.19, 1328
2026/09/28 20:12:59.589, 3, 66.52, 1328
2026/09/28 20:12:59.793, 0, 87.24, 1328
2026/09/28 20:12:59.796, 1, 67.25, 1328
2026/09/28 20:12:59.799, 2, 41.77, 1328
2026/09/28 20:12:59.802, 3, 49.92, 1328
2026/09/28 20:13:00.005, 0, 56.71, 1328
2026/09/28 20:13:00.008, 1, 65.80, 1328
2026/09/28 20:13:00.011, 2, 66.12, 1328
2026/09/28 20:13:00.017, 3, 85.72, 1328
2026/09/28 20:13:00.220, 0, 53.61, 1328
2026/09/28 20:13:00.223, 1, 48.02, 1328
2026/09/28 20:13:00.226, 2, 47.30, 1328
2026/09/28 20:13:00.229, 3, 60.74, 1328
2026/09/28 20:13:00.433, 0, 73.79, 1328
2026/09/28 20:13:00.436, 1, 87.25, 1328
2026/09/28 20:13:00.439, 2, 58.60, 1328
2026/09/28 20:13:00.442, 3, 46.31, 1328
2026/09/28 20:13:00.645, 0, 51.19, 1328
2026/09/28 20:13:00.648, 1, 57.15, 1328
2026/09/28 20:13:00.651, 2, 61.02, 1328
2026/09/28 20:13:00.654, 3, 98.94, 1328
2026/09/28 20:13:00.857, 0, 48.51, 1328
2026/09/28 20:13:00.860, 1, 48.02, 1328
2026/09/28 20:13:00.863, 2, 47.78, 1328
2026/09/28 20:13:00.865, 3, 64.85, 1328
2026/09/28 20:13:01.068, 0, 74.07, 1328
2026/09/28 20:13:01.073, 1, 85.04, 1328
2026/09/28 20:13:01.075, 2, 58.16, 1328
2026/09/28 20:13:01.079, 3, 46.10, 1328
2026/09/28 20:13:01.282, 0, 50.71, 1328
2026/09/28 20:13:01.285, 1, 54.78, 1328
2026/09/28 20:13:01.290, 2, 58.16, 1328
2026/09/28 20:13:01.293, 3, 90.58, 1328
2026/09/28 20:13:01.496, 0, 73.11, 1328
2026/09/28 20:13:01.499, 1, 46.33, 1328
2026/09/28 20:13:01.502, 2, 45.13, 1328
2026/09/28 20:13:01.505, 3, 57.40, 1328
2026/09/28 20:13:01.708, 0, 66.35, 1328
2026/09/28 20:13:01.712, 1, 80.31, 1328
2026/09/28 20:13:01.715, 2, 80.74, 1328
2026/09/28 20:13:01.722, 3, 62.67, 1328
2026/09/28 20:13:01.925, 0, 48.05, 1328
2026/09/28 20:13:01.928, 1, 52.38, 1328
2026/09/28 20:13:01.931, 2, 54.54, 1328
2026/09/28 20:13:01.934, 3, 79.78, 1328
2026/09/28 20:13:02.137, 0, 83.63, 1328
2026/09/28 20:13:02.140, 1, 52.34, 1328
2026/09/28 20:13:02.142, 2, 43.22, 1328
2026/09/28 20:13:02.145, 3, 53.06, 1328
2026/09/28 20:13:02.348, 0, 59.11, 1328
2026/09/28 20:13:02.353, 1, 68.50, 1328
2026/09/28 20:13:02.355, 2, 79.30, 1328
2026/09/28 20:13:02.358, 3, 67.04, 1328
2026/09/28 20:13:02.561, 0, 46.60, 1328
2026/09/28 20:13:02.564, 1, 49.95, 1328
2026/09/28 20:13:02.569, 2, 50.22, 1328
2026/09/28 20:13:02.572, 3, 69.91, 1328
2026/09/28 20:13:02.775, 0, 89.36, 1328
2026/09/28 20:13:02.778, 1, 59.30, 1328
2026/09/28 20:13:02.781, 2, 41.77, 1328
2026/09/28 20:13:02.786, 3, 47.51, 1328
2026/09/28 20:13:02.991, 0, 54.08, 1328
2026/09/28 20:13:02.994, 1, 60.81, 1328
2026/09/28 20:13:02.997, 2, 68.70, 1328
2026/09/28 20:13:03.000, 3, 84.32, 1328
2026/09/28 20:13:03.203, 0, 48.53, 1328
2026/09/28 20:13:03.206, 1, 48.26, 1328
2026/09/28 20:13:03.209, 2, 48.51, 1328
2026/09/28 20:13:03.212, 3, 64.60, 1328
2026/09/28 20:13:03.415, 0, 72.62, 1328
2026/09/28 20:13:03.418, 1, 46.33, 1328
2026/09/28 20:13:03.421, 2, 44.67, 1328
2026/09/28 20:13:03.423, 3, 57.13, 1328
2026/09/28 20:13:03.626, 0, 61.81, 1328
2026/09/28 20:13:03.633, 1, 71.31, 1328
2026/09/28 20:13:03.636, 2, 79.25, 1328
2026/09/28 20:13:03.638, 3, 56.17, 1328
2026/09/28 20:13:03.842, 0, 49.25, 1328
2026/09/28 20:13:03.845, 1, 52.86, 1328
2026/09/28 20:13:03.849, 2, 54.78, 1328
2026/09/28 20:13:03.852, 3, 81.91, 1328
2026/09/28 20:13:04.055, 0, 82.42, 1328
2026/09/28 20:13:04.058, 1, 49.24, 1328
2026/09/28 20:13:04.061, 2, 43.22, 1328
2026/09/28 20:13:04.063, 3, 54.27, 1328
2026/09/28 20:13:04.266, 0, 57.67, 1328
2026/09/28 20:13:04.273, 1, 66.32, 1328
2026/09/28 20:13:04.276, 2, 74.73, 1328
2026/09/28 20:13:04.278, 3, 71.79, 1328
2026/09/28 20:13:04.481, 0, 47.07, 1328
2026/09/28 20:13:04.484, 1, 49.95, 1328
2026/09/28 20:13:04.489, 2, 49.22, 1328
2026/09/28 20:13:04.493, 3, 68.69, 1328
2026/09/28 20:13:04.696, 0, 86.50, 1328
2026/09/28 20:13:04.699, 1, 70.42, 1328
2026/09/28 20:13:04.702, 2, 41.53, 1328
2026/09/28 20:13:04.705, 3, 47.27, 1328
2026/09/28 20:13:04.910, 0, 54.06, 1328
2026/09/28 20:13:04.913, 1, 61.74, 1328
2026/09/28 20:13:04.916, 2, 70.43, 1328
2026/09/28 20:13:04.919, 3, 81.17, 1328
2026/09/28 20:13:05.122, 0, 44.93, 1328
2026/09/28 20:13:05.125, 1, 48.27, 1328
2026/09/28 20:13:05.129, 2, 46.60, 1328
2026/09/28 20:13:05.133, 3, 61.71, 1328
2026/09/28 20:13:05.336, 0, 76.73, 1328
2026/09/28 20:13:05.339, 1, 81.95, 1328
2026/09/28 20:13:05.342, 2, 47.54, 1328
2026/09/28 20:13:05.345, 3, 46.09, 1328
2026/09/28 20:13:05.550, 0, 50.94, 1328
2026/09/28 20:13:05.553, 1, 57.67, 1328
2026/09/28 20:13:05.556, 2, 61.98, 1328
2026/09/28 20:13:05.559, 3, 99.37, 1328
2026/09/28 20:13:05.762, 0, 54.54, 1328
2026/09/28 20:13:05.765, 1, 47.30, 1328
2026/09/28 20:13:05.769, 2, 45.64, 1328
2026/09/28 20:13:05.772, 3, 60.05, 1328
2026/09/28 20:13:05.975, 0, 72.34, 1328
2026/09/28 20:13:05.978, 1, 85.81, 1328
2026/09/28 20:13:05.981, 2, 54.54, 1328
2026/09/28 20:13:05.984, 3, 45.38, 1328
2026/09/28 20:13:06.189, 0, 49.46, 1328
2026/09/28 20:13:06.192, 1, 55.30, 1328
2026/09/28 20:13:06.195, 2, 58.16, 1328
2026/09/28 20:13:06.198, 3, 91.24, 1328
2026/09/28 20:13:06.401, 0, 71.62, 1328
2026/09/28 20:13:06.404, 1, 45.85, 1328
2026/09/28 20:13:06.409, 2, 43.70, 1328
2026/09/28 20:13:06.412, 3, 54.51, 1328
2026/09/28 20:13:06.615, 0, 63.70, 1328
2026/09/28 20:13:06.618, 1, 75.98, 1328
2026/09/28 20:13:06.621, 2, 71.87, 1328
2026/09/28 20:13:06.623, 3, 62.88, 1328
2026/09/28 20:13:06.829, 0, 48.53, 1328
2026/09/28 20:13:06.832, 1, 53.57, 1328
2026/09/28 20:13:06.835, 2, 55.74, 1328
2026/09/28 20:13:06.838, 3, 84.80, 1328
2026/09/28 20:13:07.041, 0, 81.51, 1328
2026/09/28 20:13:07.044, 1, 54.74, 1328
2026/09/28 20:13:07.049, 2, 43.22, 1328
2026/09/28 20:13:07.052, 3, 52.10, 1328
2026/09/28 20:13:07.255, 0, 60.33, 1328
2026/09/28 20:13:07.257, 1, 69.66, 1328
2026/09/28 20:13:07.260, 2, 81.51, 1328
2026/09/28 20:13:07.263, 3, 77.81, 1328
2026/09/28 20:13:07.469, 0, 45.87, 1328
2026/09/28 20:13:07.472, 1, 49.95, 1328
2026/09/28 20:13:07.475, 2, 49.98, 1328
2026/09/28 20:13:07.478, 3, 71.11, 1328
2026/09/28 20:13:07.681, 0, 89.65, 1328
2026/09/28 20:13:07.684, 1, 74.68, 1328
2026/09/28 20:13:07.688, 2, 41.05, 1328
2026/09/28 20:13:07.691, 3, 48.96, 1328
2026/09/28 20:13:07.894, 0, 56.70, 1328
2026/09/28 20:13:07.897, 1, 66.04, 1328
2026/09/28 20:13:07.900, 2, 76.69, 1328
2026/09/28 20:13:07.903, 3, 82.34, 1328
2026/09/28 20:13:08.108, 0, 48.05, 1328
2026/09/28 20:13:08.111, 1, 48.51, 1328
2026/09/28 20:13:08.114, 2, 48.51, 1328
2026/09/28 20:13:08.117, 3, 65.80, 1328
2026/09/28 20:13:08.320, 0, 88.21, 1328
2026/09/28 20:13:08.323, 1, 63.44, 1328
2026/09/28 20:13:08.326, 2, 41.53, 1328
2026/09/28 20:13:08.331, 3, 48.72, 1328
2026/09/28 20:13:08.533, 0, 56.94, 1328
2026/09/28 20:13:08.536, 1, 66.12, 1328
2026/09/28 20:13:08.539, 2, 74.47, 1328
2026/09/28 20:13:08.542, 3, 71.55, 1328
2026/09/28 20:13:08.746, 0, 46.57, 1328
2026/09/28 20:13:08.749, 1, 50.19, 1328
2026/09/28 20:13:08.752, 2, 50.92, 1328
2026/09/28 20:13:08.755, 3, 70.86, 1328
2026/09/28 20:13:08.958, 0, 89.90, 1328
2026/09/28 20:13:08.961, 1, 66.33, 1328
2026/09/28 20:13:08.964, 2, 44.43, 1328
2026/09/28 20:13:08.970, 3, 48.24, 1328
2026/09/28 20:13:09.173, 0, 53.81, 1328
2026/09/28 20:13:09.176, 1, 61.71, 1328
2026/09/28 20:13:09.179, 2, 68.01, 1328
2026/09/28 20:13:09.182, 3, 83.54, 1328
2026/09/28 20:13:09.385, 0, 46.84, 1328
2026/09/28 20:13:09.388, 1, 48.75, 1328
2026/09/28 20:13:09.391, 2, 48.29, 1328
2026/09/28 20:13:09.393, 3, 64.60, 1328
2026/09/28 20:13:09.596, 0, 81.03, 1328
2026/09/28 20:13:09.599, 1, 74.92, 1328
2026/09/28 20:13:09.602, 2, 41.29, 1328
2026/09/28 20:13:09.605, 3, 48.48, 1328
2026/09/28 20:13:09.808, 0, 69.49, 1328
2026/09/28 20:13:09.811, 1, 62.23, 1328
2026/09/28 20:13:09.816, 2, 66.04, 1328
2026/09/28 20:13:09.816, 3, 71.07, 1328
2026/09/28 20:13:10.019, 0, 40.35, 1328
2026/09/28 20:13:10.022, 1, 41.53, 1328
2026/09/28 20:13:10.025, 2, 37.21, 1328
2026/09/28 20:13:10.030, 3, 39.12, 1328
2026/09/28 20:13:10.235, 0, 151.12, 1278
2026/09/28 20:13:10.241, 1, 41.27, 1328
2026/09/28 20:13:10.244, 2, 37.19, 1328
2026/09/28 20:13:10.249, 3, 38.85, 1328
2026/09/28 20:13:10.453, 0, 147.59, 1278
2026/09/28 20:13:10.456, 1, 41.27, 1328
2026/09/28 20:13:10.460, 2, 37.21, 1328
2026/09/28 20:13:10.463, 3, 38.85, 1328
2026/09/28 20:13:10.666, 0, 40.32, 1328
2026/09/28 20:13:10.669, 1, 146.34, 1278
2026/09/28 20:13:10.672, 2, 37.19, 1328
2026/09/28 20:13:10.675, 3, 38.85, 1328
2026/09/28 20:13:10.879, 0, 40.59, 1328
2026/09/28 20:13:10.882, 1, 40.81, 1316
2026/09/28 20:13:10.885, 2, 144.58, 1316
2026/09/28 20:13:10.894, 3, 38.62, 1328
2026/09/28 20:13:11.100, 0, 40.09, 1328
2026/09/28 20:13:11.106, 1, 41.78, 1328
2026/09/28 20:13:11.109, 2, 147.95, 1303
2026/09/28 20:13:11.114, 3, 38.62, 1328
2026/09/28 20:13:11.320, 0, 40.08, 1328
2026/09/28 20:13:11.326, 1, 41.51, 1328
2026/09/28 20:13:11.328, 2, 36.72, 1328
2026/09/28 20:13:11.331, 3, 143.62, 1265
2026/09/28 20:13:11.534, 0, 41.79, 1328
2026/09/28 20:13:11.537, 1, 44.91, 1328
2026/09/28 20:13:11.540, 2, 48.53, 1328
2026/09/28 20:13:11.547, 3, 66.81, 1328
2026/09/28 20:13:11.750, 0, 80.49, 1328
2026/09/28 20:13:11.753, 1, 55.02, 1328
2026/09/28 20:13:11.759, 2, 42.71, 1328
2026/09/28 20:13:11.762, 3, 51.37, 1328
2026/09/28 20:13:11.965, 0, 62.25, 1328
2026/09/28 20:13:11.968, 1, 71.67, 1328
2026/09/28 20:13:11.970, 2, 81.18, 1328
2026/09/28 20:13:11.973, 3, 58.58, 1328
2026/09/28 20:13:12.176, 0, 48.05, 1328
2026/09/28 20:13:12.179, 1, 51.40, 1328
2026/09/28 20:13:12.182, 2, 52.61, 1328
2026/09/28 20:13:12.185, 3, 77.85, 1328
2026/09/28 20:13:12.388, 0, 92.12, 1328
2026/09/28 20:13:12.392, 1, 63.68, 1328
2026/09/28 20:13:12.395, 2, 42.01, 1328
2026/09/28 20:13:12.398, 3, 51.13, 1328
2026/09/28 20:13:12.601, 0, 56.73, 1328
2026/09/28 20:13:12.605, 1, 62.23, 1328
2026/09/28 20:13:12.608, 2, 70.38, 1328
2026/09/28 20:13:12.611, 3, 81.18, 1328
2026/09/28 20:13:12.814, 0, 55.99, 1328
2026/09/28 20:13:12.816, 1, 50.44, 1328
2026/09/28 20:13:12.819, 2, 68.73, 1328
2026/09/28 20:13:12.819, 3, 81.42, 1328
2026/09/28 20:13:13.022, 0, 88.01, 1328
2026/09/28 20:13:13.025, 1, 54.26, 1328
2026/09/28 20:13:13.028, 2, 43.22, 1328
2026/09/28 20:13:13.031, 3, 52.58, 1328
2026/09/28 20:13:13.234, 0, 61.26, 1328
2026/09/28 20:13:13.237, 1, 70.43, 1328
2026/09/28 20:13:13.240, 2, 81.47, 1328
2026/09/28 20:13:13.243, 3, 61.95, 1328
2026/09/28 20:13:13.446, 0, 47.81, 1328
2026/09/28 20:13:13.448, 1, 51.16, 1328
2026/09/28 20:13:13.451, 2, 52.36, 1328
2026/09/28 20:13:13.454, 3, 69.17, 1328
2026/09/28 20:13:13.660, 0, 81.03, 1328
2026/09/28 20:13:13.664, 1, 78.53, 1328
2026/09/28 20:13:13.667, 2, 41.99, 1328
2026/09/28 20:13:13.670, 3, 47.75, 1328
2026/09/28 20:13:13.873, 0, 57.22, 1328
2026/09/28 20:13:13.876, 1, 63.23, 1328
2026/09/28 20:13:13.879, 2, 72.11, 1328
2026/09/28 20:13:13.882, 3, 81.42, 1328
2026/09/28 20:13:14.085, 0, 46.59, 1328
2026/09/28 20:13:14.088, 1, 48.51, 1328
2026/09/28 20:13:14.091, 2, 48.78, 1328
2026/09/28 20:13:14.093, 3, 61.71, 1328
2026/09/28 20:13:14.299, 0, 68.29, 1328
2026/09/28 20:13:14.304, 1, 78.58, 1328
2026/09/28 20:13:14.307, 2, 68.45, 1328
2026/09/28 20:13:14.310, 3, 45.10, 1328
2026/09/28 20:13:14.513, 0, 50.22, 1328
2026/09/28 20:13:14.516, 1, 54.51, 1328
2026/09/28 20:13:14.519, 2, 57.88, 1328
2026/09/28 20:13:14.522, 3, 90.28, 1328
2026/09/28 20:13:14.725, 0, 41.07, 1328
2026/09/28 20:13:14.728, 1, 41.53, 1328
2026/09/28 20:13:14.730, 2, 37.21, 1328
2026/09/28 20:13:14.733, 3, 39.12, 1328
2026/09/28 20:13:14.939, 0, 149.53, 1278
2026/09/28 20:13:14.949, 1, 41.51, 1328
2026/09/28 20:13:14.952, 2, 37.19, 1328
2026/09/28 20:13:14.955, 3, 38.85, 1328
2026/09/28 20:13:15.159, 0, 40.08, 1316
2026/09/28 20:13:15.166, 1, 151.79, 1316
2026/09/28 20:13:15.169, 2, 37.19, 1328
2026/09/28 20:13:15.172, 3, 38.83, 1328
2026/09/28 20:13:15.375, 0, 40.56, 1328
2026/09/28 20:13:15.384, 1, 43.22, 1316
2026/09/28 20:13:15.386, 2, 148.90, 1328
2026/09/28 20:13:15.389, 3, 38.86, 1328
2026/09/28 20:13:15.592, 0, 40.35, 1328
2026/09/28 20:13:15.595, 1, 41.53, 1328
2026/09/28 20:13:15.598, 2, 113.33, 1328
2026/09/28 20:13:15.601, 3, 91.20, 1328
2026/09/28 20:13:15.804, 0, 40.08, 1328
2026/09/28 20:13:15.808, 1, 41.51, 1328
2026/09/28 20:13:15.811, 2, 36.70, 1328
2026/09/28 20:13:15.814, 3, 151.71, 1278
2026/09/28 20:13:16.021, 0, 86.71, 1328
2026/09/28 20:13:16.024, 1, 54.02, 1328
2026/09/28 20:13:16.026, 2, 42.28, 1328
2026/09/28 20:13:16.029, 3, 50.89, 1328
2026/09/28 20:13:16.232, 0, 62.45, 1328
2026/09/28 20:13:16.235, 1, 70.14, 1328
2026/09/28 20:13:16.238, 2, 79.24, 1328
2026/09/28 20:13:16.241, 3, 58.58, 1328
2026/09/28 20:13:16.444, 0, 49.01, 1328
2026/09/28 20:13:16.447, 1, 52.85, 1328
2026/09/28 20:13:16.450, 2, 54.54, 1328
2026/09/28 20:13:16.453, 3, 70.10, 1328
2026/09/28 20:13:16.659, 0, 88.51, 1328
2026/09/28 20:13:16.663, 1, 71.88, 1328
2026/09/28 20:13:16.666, 2, 41.77, 1328
2026/09/28 20:13:16.669, 3, 49.21, 1328
2026/09/28 20:13:16.872, 0, 59.84, 1328
2026/09/28 20:13:16.875, 1, 66.57, 1328
2026/09/28 20:13:16.878, 2, 76.93, 1328
2026/09/28 20:13:16.881, 3, 73.23, 1328
2026/09/28 20:13:17.084, 0, 47.10, 1328
2026/09/28 20:13:17.087, 1, 49.93, 1328
2026/09/28 20:13:17.090, 2, 50.44, 1328
2026/09/28 20:13:17.093, 3, 63.67, 1328
2026/09/28 20:13:17.299, 0, 74.56, 1328
2026/09/28 20:13:17.303, 1, 86.92, 1328
2026/09/28 20:13:17.306, 2, 54.54, 1328
2026/09/28 20:13:17.309, 3, 47.28, 1328
2026/09/28 20:13:17.512, 0, 52.63, 1328
2026/09/28 20:13:17.515, 1, 58.40, 1328
2026/09/28 20:13:17.518, 2, 62.50, 1328
2026/09/28 20:13:17.520, 3, 98.40, 1328
2026/09/28 20:13:17.723, 0, 57.42, 1328
2026/09/28 20:13:17.726, 1, 47.75, 1328
2026/09/28 20:13:17.729, 2, 46.57, 1328
2026/09/28 20:13:17.732, 3, 61.47, 1328
2026/09/28 20:13:17.935, 0, 77.89, 1328
2026/09/28 20:13:17.938, 1, 85.58, 1328
2026/09/28 20:13:17.941, 2, 61.74, 1328
2026/09/28 20:13:17.946, 3, 46.06, 1328
2026/09/28 20:13:18.149, 0, 52.12, 1328
2026/09/28 20:13:18.152, 1, 55.75, 1328
2026/09/28 20:13:18.155, 2, 59.81, 1328
2026/09/28 20:13:18.158, 3, 94.66, 1328
2026/09/28 20:13:18.361, 0, 77.65, 1328
2026/09/28 20:13:18.364, 1, 46.33, 1328
2026/09/28 20:13:18.367, 2, 44.67, 1328
2026/09/28 20:13:18.370, 3, 56.44, 1328
2026/09/28 20:13:18.573, 0, 66.11, 1328
2026/09/28 20:13:18.576, 1, 78.83, 1328
2026/09/28 20:13:18.579, 2, 70.42, 1328
2026/09/28 20:13:18.582, 3, 47.27, 1328
2026/09/28 20:13:18.785, 0, 50.94, 1328
2026/09/28 20:13:18.788, 1, 55.48, 1328
2026/09/28 20:13:18.791, 2, 58.12, 1328
2026/09/28 20:13:18.794, 3, 85.04, 1328
2026/09/28 20:13:18.999, 0, 87.96, 1328
2026/09/28 20:13:19.002, 1, 52.85, 1328
2026/09/28 20:13:19.005, 2, 43.22, 1328
2026/09/28 20:13:19.008, 3, 53.06, 1328
2026/09/28 20:13:19.211, 0, 61.73, 1328
2026/09/28 20:13:19.214, 1, 69.66, 1328
2026/09/28 20:13:19.217, 2, 81.22, 1328
2026/09/28 20:13:19.220, 3, 63.36, 1328
2026/09/28 20:13:19.423, 0, 48.50, 1328
2026/09/28 20:13:19.426, 1, 51.64, 1328
2026/09/28 20:13:19.429, 2, 52.61, 1328
2026/09/28 20:13:19.431, 3, 76.86, 1328
2026/09/28 20:13:19.634, 0, 93.03, 1328
2026/09/28 20:13:19.637, 1, 61.99, 1328
2026/09/28 20:13:19.640, 2, 42.01, 1328
2026/09/28 20:13:19.645, 3, 50.17, 1328
2026/09/28 20:13:19.848, 0, 58.12, 1328
2026/09/28 20:13:19.851, 1, 64.64, 1328
2026/09/28 20:13:19.854, 2, 72.79, 1328
2026/09/28 20:13:19.857, 3, 74.68, 1328
2026/09/28 20:13:20.060, 0, 47.56, 1328
2026/09/28 20:13:20.063, 1, 50.19, 1328
2026/09/28 20:13:20.066, 2, 50.47, 1328
2026/09/28 20:13:20.069, 3, 71.82, 1328
2026/09/28 20:13:20.272, 0, 85.30, 1328
2026/09/28 20:13:20.275, 1, 71.31, 1328
2026/09/28 20:13:20.278, 2, 41.77, 1328
2026/09/28 20:13:20.281, 3, 49.68, 1328
2026/09/28 20:13:20.484, 0, 57.42, 1328
2026/09/28 20:13:20.487, 1, 63.71, 1328
2026/09/28 20:13:20.490, 2, 70.14, 1328
2026/09/28 20:13:20.493, 3, 85.91, 1328
2026/09/28 20:13:20.698, 0, 61.50, 1328
2026/09/28 20:13:20.701, 1, 47.78, 1328
2026/09/28 20:13:20.704, 2, 46.58, 1328
2026/09/28 20:13:20.707, 3, 61.70, 1328
2026/09/28 20:13:20.910, 0, 79.77, 1328
2026/09/28 20:13:20.913, 1, 81.42, 1328
2026/09/28 20:13:20.916, 2, 48.26, 1328
2026/09/28 20:13:20.919, 3, 47.51, 1328
2026/09/28 20:13:21.122, 0, 54.32, 1328
2026/09/28 20:13:21.125, 1, 60.81, 1328
2026/09/28 20:13:21.128, 2, 64.43, 1328
2026/09/28 20:13:21.130, 3, 87.21, 1328
2026/09/28 20:13:21.333, 0, 57.67, 1328
2026/09/28 20:13:21.336, 1, 47.78, 1328
2026/09/28 20:13:21.339, 2, 45.16, 1328
2026/09/28 20:13:21.345, 3, 57.40, 1328
2026/09/28 20:13:21.548, 0, 68.07, 1328
2026/09/28 20:13:21.551, 1, 80.31, 1328
2026/09/28 20:13:21.554, 2, 69.17, 1328
2026/09/28 20:13:21.557, 3, 44.89, 1328
2026/09/28 20:13:21.760, 0, 50.70, 1328
2026/09/28 20:13:21.763, 1, 55.72, 1328
2026/09/28 20:13:21.766, 2, 59.33, 1328
2026/09/28 20:13:21.769, 3, 93.37, 1328
2026/09/28 20:13:21.972, 0, 73.55, 1328
2026/09/28 20:13:21.975, 1, 46.82, 1328
2026/09/28 20:13:21.978, 2, 45.39, 1328
2026/09/28 20:13:21.980, 3, 58.81, 1328
2026/09/28 20:13:22.183, 0, 69.73, 1328
2026/09/28 20:13:22.186, 1, 71.35, 1328
2026/09/28 20:13:22.193, 2, 79.01, 1328
2026/09/28 20:13:22.195, 3, 59.05, 1328
2026/09/28 20:13:22.398, 0, 48.76, 1328
2026/09/28 20:13:22.401, 1, 51.64, 1328
2026/09/28 20:13:22.404, 2, 53.33, 1328
2026/09/28 20:13:22.407, 3, 79.01, 1328
2026/09/28 20:13:22.610, 0, 91.87, 1328
2026/09/28 20:13:22.613, 1, 56.68, 1328
2026/09/28 20:13:22.616, 2, 42.98, 1328
2026/09/28 20:13:22.619, 3, 52.58, 1328
2026/09/28 20:13:22.822, 0, 62.94, 1328
2026/09/28 20:13:22.825, 1, 72.31, 1328
2026/09/28 20:13:22.828, 2, 76.65, 1328
2026/09/28 20:13:22.830, 3, 69.17, 1328
2026/09/28 20:13:23.036, 0, 47.29, 1328
2026/09/28 20:13:23.040, 1, 50.19, 1328
2026/09/28 20:13:23.042, 2, 50.95, 1328
2026/09/28 20:13:23.045, 3, 72.07, 1328
2026/09/28 20:13:23.248, 0, 88.01, 1328
2026/09/28 20:13:23.251, 1, 71.54, 1328
2026/09/28 20:13:23.254, 2, 41.77, 1328
2026/09/28 20:13:23.257, 3, 49.68, 1328
2026/09/28 20:13:23.460, 0, 56.97, 1328
2026/09/28 20:13:23.463, 1, 62.22, 1328
2026/09/28 20:13:23.466, 2, 70.18, 1328
2026/09/28 20:13:23.469, 3, 78.97, 1328
2026/09/28 20:13:23.672, 0, 46.36, 1328
2026/09/28 20:13:23.675, 1, 48.72, 1328
2026/09/28 20:13:23.678, 2, 48.50, 1328
2026/09/28 20:13:23.681, 3, 66.52, 1328
2026/09/28 20:13:23.884, 0, 83.91, 1328
2026/09/28 20:13:23.887, 1, 80.79, 1328
2026/09/28 20:13:23.892, 2, 45.85, 1328
2026/09/28 20:13:23.894, 3, 47.99, 1328
2026/09/28 20:13:24.097, 0, 65.16, 1328
2026/09/28 20:13:24.100, 1, 75.97, 1328
2026/09/28 20:13:24.103, 2, 74.67, 1328
2026/09/28 20:13:24.106, 3, 49.66, 1328
2026/09/28 20:13:24.309, 0, 49.74, 1328
2026/09/28 20:13:24.312, 1, 53.34, 1328
2026/09/28 20:13:24.315, 2, 55.50, 1328
2026/09/28 20:13:24.318, 3, 84.56, 1328
2026/09/28 20:13:24.521, 0, 84.10, 1328
2026/09/28 20:13:24.524, 1, 49.45, 1328
2026/09/28 20:13:24.527, 2, 43.71, 1328
2026/09/28 20:13:24.529, 3, 51.37, 1328
2026/09/28 20:13:24.735, 0, 57.18, 1328
2026/09/28 20:13:24.740, 1, 63.47, 1328
2026/09/28 20:13:24.742, 2, 71.14, 1328
2026/09/28 20:13:24.745, 3, 78.01, 1328
2026/09/28 20:13:24.948, 0, 47.05, 1328
2026/09/28 20:13:24.951, 1, 49.71, 1328
2026/09/28 20:13:24.954, 2, 49.71, 1328
2026/09/28 20:13:24.957, 3, 68.93, 1328
2026/09/28 20:13:25.160, 0, 89.83, 1328
2026/09/28 20:13:25.163, 1, 66.77, 1328
2026/09/28 20:13:25.166, 2, 42.26, 1328
2026/09/28 20:13:25.169, 3, 48.48, 1328
2026/09/28 20:13:25.375, 0, 52.60, 1328
2026/09/28 20:13:25.380, 1, 57.88, 1328
2026/09/28 20:13:25.382, 2, 62.22, 1328
2026/09/28 20:13:25.385, 3, 98.89, 1328
2026/09/28 20:13:25.588, 0, 62.46, 1328
2026/09/28 20:13:25.592, 1, 46.82, 1328
2026/09/28 20:13:25.595, 2, 45.15, 1328
2026/09/28 20:13:25.598, 3, 59.09, 1328
2026/09/28 20:13:25.801, 0, 75.67, 1328
2026/09/28 20:13:25.804, 1, 86.77, 1328
2026/09/28 20:13:25.807, 2, 57.40, 1328
2026/09/28 20:13:25.810, 3, 45.61, 1328
2026/09/28 20:13:26.014, 0, 49.74, 1328
2026/09/28 20:13:26.020, 1, 53.31, 1328
2026/09/28 20:13:26.022, 2, 55.50, 1328
2026/09/28 20:13:26.025, 3, 84.75, 1328
2026/09/28 20:13:26.228, 0, 85.36, 1328
2026/09/28 20:13:26.231, 1, 46.09, 1328
2026/09/28 20:13:26.234, 2, 43.46, 1328
2026/09/28 20:13:26.237, 3, 54.02, 1328
2026/09/28 20:13:26.440, 0, 63.22, 1328
2026/09/28 20:13:26.443, 1, 72.35, 1328
2026/09/28 20:13:26.446, 2, 79.06, 1328
2026/09/28 20:13:26.449, 3, 67.21, 1328
2026/09/28 20:13:26.654, 0, 46.81, 1328
2026/09/28 20:13:26.659, 1, 49.23, 1328
2026/09/28 20:13:26.662, 2, 49.02, 1328
2026/09/28 20:13:26.665, 3, 67.77, 1328
2026/09/28 20:13:26.868, 0, 86.99, 1328
2026/09/28 20:13:26.871, 1, 68.18, 1328
2026/09/28 20:13:26.874, 2, 41.77, 1328
2026/09/28 20:13:26.877, 3, 50.17, 1328
2026/09/28 20:13:27.080, 0, 57.18, 1328
2026/09/28 20:13:27.083, 1, 63.92, 1328
2026/09/28 20:13:27.086, 2, 72.07, 1328
2026/09/28 20:13:27.089, 3, 84.26, 1328
2026/09/28 20:13:27.293, 0, 61.98, 1328
2026/09/28 20:13:27.299, 1, 47.30, 1328
2026/09/28 20:13:27.302, 2, 46.36, 1328
2026/09/28 20:13:27.305, 3, 61.94, 1328
2026/09/28 20:13:27.508, 0, 73.30, 1328
2026/09/28 20:13:27.511, 1, 87.25, 1328
2026/09/28 20:13:27.514, 2, 58.16, 1328
2026/09/28 20:13:27.517, 3, 46.82, 1328
2026/09/28 20:13:27.720, 0, 53.81, 1328
2026/09/28 20:13:27.723, 1, 58.60, 1328
2026/09/28 20:13:27.726, 2, 64.63, 1328
2026/09/28 20:13:27.728, 3, 98.64, 1328
2026/09/28 20:13:27.933, 0, 78.36, 1328
2026/09/28 20:13:27.939, 1, 46.33, 1328
2026/09/28 20:13:27.941, 2, 44.92, 1328
2026/09/28 20:13:27.944, 3, 56.16, 1328
2026/09/28 20:13:28.147, 0, 67.28, 1328
2026/09/28 20:13:28.150, 1, 78.10, 1328
2026/09/28 20:13:28.153, 2, 71.30, 1328
2026/09/28 20:13:28.157, 3, 48.96, 1328
2026/09/28 20:13:28.360, 0, 49.70, 1328
2026/09/28 20:13:28.363, 1, 53.09, 1328
2026/09/28 20:13:28.366, 2, 53.57, 1328
2026/09/28 20:13:28.369, 3, 79.74, 1328
2026/09/28 20:13:28.573, 0, 86.80, 1328
2026/09/28 20:13:28.578, 1, 70.39, 1328
2026/09/28 20:13:28.581, 2, 42.01, 1328
2026/09/28 20:13:28.584, 3, 50.41, 1328
2026/09/28 20:13:28.787, 0, 69.49, 1328
2026/09/28 20:13:28.790, 1, 82.14, 1328
2026/09/28 20:13:28.793, 2, 65.35, 1328
2026/09/28 20:13:28.796, 3, 45.10, 1328
2026/09/28 20:13:28.999, 0, 52.15, 1328
2026/09/28 20:13:29.002, 1, 56.72, 1328
2026/09/28 20:13:29.005, 2, 61.54, 1328
2026/09/28 20:13:29.008, 3, 91.19, 1328
2026/09/28 20:13:29.212, 0, 74.02, 1328
2026/09/28 20:13:29.215, 1, 46.33, 1328
2026/09/28 20:13:29.218, 2, 44.43, 1328
2026/09/28 20:13:29.222, 3, 55.47, 1328
2026/09/28 20:13:29.425, 0, 65.63, 1328
2026/09/28 20:13:29.428, 1, 73.04, 1328
2026/09/28 20:13:29.432, 2, 79.01, 1328
2026/09/28 20:13:29.435, 3, 54.71, 1328
2026/09/28 20:13:29.638, 0, 162.29, 1303
2026/09/28 20:13:29.647, 1, 41.74, 1328
2026/09/28 20:13:29.653, 2, 37.19, 1328
2026/09/28 20:13:29.656, 3, 38.85, 1328
2026/09/28 20:13:29.859, 0, 40.56, 1328
2026/09/28 20:13:29.862, 1, 147.30, 1316
2026/09/28 20:13:29.865, 2, 36.94, 1328
2026/09/28 20:13:29.868, 3, 39.09, 1328
2026/09/28 20:13:30.075, 0, 40.32, 1328
2026/09/28 20:13:30.078, 1, 41.75, 1328
2026/09/28 20:13:30.081, 2, 44.88, 1328
2026/09/28 20:13:30.083, 3, 154.96, 1328
2026/09/28 20:13:30.286, 0, 42.25, 1328
2026/09/28 20:13:30.289, 1, 46.56, 1328
2026/09/28 20:13:30.293, 2, 53.60, 1328
2026/09/28 20:13:30.296, 3, 97.17, 1328
2026/09/28 20:13:30.499, 0, 47.56, 1328
2026/09/28 20:13:30.502, 1, 50.20, 1328
2026/09/28 20:13:30.505, 2, 50.95, 1328
2026/09/28 20:13:30.508, 3, 72.04, 1328
2026/09/28 20:13:30.711, 0, 92.96, 1328
2026/09/28 20:13:30.714, 1, 59.58, 1328
2026/09/28 20:13:30.717, 2, 42.26, 1328
2026/09/28 20:13:30.720, 3, 50.65, 1328
2026/09/28 20:13:30.923, 0, 59.60, 1328
2026/09/28 20:13:30.926, 1, 68.50, 1328
2026/09/28 20:13:30.929, 2, 77.37, 1328
2026/09/28 20:13:30.932, 3, 67.49, 1328
2026/09/28 20:13:31.135, 0, 46.36, 1328
2026/09/28 20:13:31.141, 1, 48.77, 1328
2026/09/28 20:13:31.144, 2, 48.51, 1328
2026/09/28 20:13:31.147, 3, 66.76, 1328
2026/09/28 20:13:31.350, 0, 78.85, 1328
2026/09/28 20:13:31.353, 1, 79.31, 1328
2026/09/28 20:13:31.356, 2, 44.91, 1328
2026/09/28 20:13:31.359, 3, 47.99, 1328
2026/09/28 20:13:31.562, 0, 55.50, 1328
2026/09/28 20:13:31.565, 1, 61.02, 1328
2026/09/28 20:13:31.568, 2, 68.25, 1328
2026/09/28 20:13:31.571, 3, 92.44, 1328
2026/09/28 20:13:31.774, 0, 62.49, 1328
2026/09/28 20:13:31.781, 1, 47.30, 1328
2026/09/28 20:13:31.784, 2, 44.19, 1328
2026/09/28 20:13:31.790, 3, 52.82, 1328
2026/09/28 20:13:31.994, 0, 58.91, 1328
2026/09/28 20:13:32.000, 1, 66.33, 1328
2026/09/28 20:13:32.003, 2, 74.72, 1328
2026/09/28 20:13:32.006, 3, 70.83, 1328
2026/09/28 20:13:32.209, 0, 47.32, 1328
2026/09/28 20:13:32.212, 1, 50.19, 1328
2026/09/28 20:13:32.215, 2, 50.47, 1328
2026/09/28 20:13:32.218, 3, 71.32, 1328
2026/09/28 20:13:32.421, 0, 89.47, 1328
2026/09/28 20:13:32.424, 1, 71.10, 1328
2026/09/28 20:13:32.427, 2, 41.77, 1328
2026/09/28 20:13:32.430, 3, 48.72, 1328
2026/09/28 20:13:32.634, 0, 53.56, 1328
2026/09/28 20:13:32.640, 1, 57.64, 1328
2026/09/28 20:13:32.643, 2, 62.70, 1328
2026/09/28 20:13:32.646, 3, 95.52, 1328
2026/09/28 20:13:32.849, 0, 49.49, 1328
2026/09/28 20:13:32.852, 1, 48.51, 1328
2026/09/28 20:13:32.855, 2, 47.78, 1328
2026/09/28 20:13:32.858, 3, 64.83, 1328
2026/09/28 20:13:33.061, 0, 80.04, 1328
2026/09/28 20:13:33.064, 1, 80.94, 1328
2026/09/28 20:13:33.067, 2, 48.02, 1328
2026/09/28 20:13:33.070, 3, 47.06, 1328
2026/09/28 20:13:33.274, 0, 50.70, 1328
2026/09/28 20:13:33.280, 1, 54.74, 1328
2026/09/28 20:13:33.283, 2, 58.40, 1328
2026/09/28 20:13:33.286, 3, 90.29, 1328
2026/09/28 20:13:33.489, 0, 77.17, 1328
2026/09/28 20:13:33.492, 1, 46.33, 1328
2026/09/28 20:13:33.494, 2, 44.67, 1328
2026/09/28 20:13:33.497, 3, 55.71, 1328
2026/09/28 20:13:33.700, 0, 69.69, 1328
2026/09/28 20:13:33.704, 1, 80.99, 1328
2026/09/28 20:13:33.707, 2, 66.28, 1328
2026/09/28 20:13:33.709, 3, 44.89, 1328
2026/09/28 20:13:33.914, 0, 49.04, 1328
2026/09/28 20:13:33.919, 1, 52.61, 1328
2026/09/28 20:13:33.922, 2, 54.78, 1328
2026/09/28 20:13:33.925, 3, 82.61, 1328
2026/09/28 20:13:34.128, 0, 87.53, 1328
2026/09/28 20:13:34.131, 1, 54.55, 1328
2026/09/28 20:13:34.134, 2, 43.46, 1328
2026/09/28 20:13:34.137, 3, 53.51, 1328
2026/09/28 20:13:34.340, 0, 63.50, 1328
2026/09/28 20:13:34.343, 1, 71.62, 1328
2026/09/28 20:13:34.346, 2, 79.01, 1328
2026/09/28 20:13:34.349, 3, 67.21, 1328
2026/09/28 20:13:34.553, 0, 46.36, 1328
2026/09/28 20:13:34.559, 1, 48.75, 1328
2026/09/28 20:13:34.562, 2, 49.23, 1328
2026/09/28 20:13:34.565, 3, 68.45, 1328
2026/09/28 20:13:34.768, 0, 89.65, 1328
2026/09/28 20:13:34.771, 1, 69.95, 1328
2026/09/28 20:13:34.774, 2, 41.77, 1328
2026/09/28 20:13:34.777, 3, 48.96, 1328
2026/09/28 20:13:34.981, 0, 58.39, 1328
2026/09/28 20:13:34.983, 1, 63.42, 1328
2026/09/28 20:13:34.986, 2, 72.31, 1328
2026/09/28 20:13:34.989, 3, 81.42, 1328
2026/09/28 20:13:35.193, 0, 61.98, 1328
2026/09/28 20:13:35.199, 1, 47.78, 1328
2026/09/28 20:13:35.202, 2, 46.84, 1328
2026/09/28 20:13:35.204, 3, 61.71, 1328
2026/09/28 20:13:35.407, 0, 75.67, 1328
2026/09/28 20:13:35.410, 1, 86.68, 1328
2026/09/28 20:13:35.413, 2, 54.30, 1328
2026/09/28 20:13:35.416, 3, 47.06, 1328
2026/09/28 20:13:35.619, 0, 53.12, 1328
2026/09/28 20:13:35.622, 1, 58.36, 1328
2026/09/28 20:13:35.625, 2, 63.42, 1328
2026/09/28 20:13:35.628, 3, 94.85, 1328
2026/09/28 20:13:35.833, 0, 70.89, 1328
2026/09/28 20:13:35.838, 1, 46.09, 1328
2026/09/28 20:13:35.841, 2, 44.67, 1328
2026/09/28 20:13:35.844, 3, 56.67, 1328
2026/09/28 20:13:36.047, 0, 69.69, 1328
2026/09/28 20:13:36.050, 1, 79.97, 1328
2026/09/28 20:13:36.053, 2, 68.21, 1328
2026/09/28 20:13:36.056, 3, 45.10, 1328
2026/09/28 20:13:36.259, 0, 51.15, 1328
2026/09/28 20:13:36.262, 1, 54.99, 1328
2026/09/28 20:13:36.265, 2, 58.16, 1328
2026/09/28 20:13:36.268, 3, 84.81, 1328
2026/09/28 20:13:36.472, 0, 92.59, 1328
2026/09/28 20:13:36.478, 1, 62.95, 1328
2026/09/28 20:13:36.481, 2, 42.50, 1328
2026/09/28 20:13:36.483, 3, 51.85, 1328
2026/09/28 20:13:36.686, 0, 61.08, 1328
2026/09/28 20:13:36.689, 1, 69.45, 1328
2026/09/28 20:13:36.692, 2, 80.03, 1328
2026/09/28 20:13:36.695, 3, 66.49, 1328
2026/09/28 20:13:36.898, 0, 49.01, 1328
2026/09/28 20:13:36.901, 1, 52.58, 1328
2026/09/28 20:13:36.904, 2, 55.02, 1328
2026/09/28 20:13:36.907, 3, 75.16, 1328
2026/09/28 20:13:37.112, 0, 83.39, 1328
2026/09/28 20:13:37.117, 1, 74.00, 1328
2026/09/28 20:13:37.120, 2, 41.77, 1328
2026/09/28 20:13:37.123, 3, 49.44, 1328
2026/09/28 20:13:37.326, 0, 57.18, 1328
2026/09/28 20:13:37.329, 1, 62.50, 1328
2026/09/28 20:13:37.332, 2, 71.82, 1328
2026/09/28 20:13:37.335, 3, 81.18, 1328
2026/09/28 20:13:37.538, 0, 46.60, 1328
2026/09/28 20:13:37.541, 1, 49.23, 1328
2026/09/28 20:13:37.544, 2, 49.02, 1328
2026/09/28 20:13:37.547, 3, 61.70, 1328
2026/09/28 20:13:37.752, 0, 69.68, 1328
2026/09/28 20:13:37.757, 1, 82.62, 1328
2026/09/28 20:13:37.760, 2, 66.32, 1328
2026/09/28 20:13:37.763, 3, 45.82, 1328
2026/09/28 20:13:37.966, 0, 51.64, 1328
2026/09/28 20:13:37.969, 1, 55.47, 1328
2026/09/28 20:13:37.971, 2, 59.85, 1328
2026/09/28 20:13:37.975, 3, 93.66, 1328
2026/09/28 20:13:38.177, 0, 66.52, 1328
2026/09/28 20:13:38.181, 1, 47.06, 1328
2026/09/28 20:13:38.183, 2, 45.39, 1328
2026/09/28 20:13:38.186, 3, 54.27, 1328
2026/09/28 20:13:38.392, 0, 63.94, 1328
2026/09/28 20:13:38.397, 1, 74.24, 1328
2026/09/28 20:13:38.399, 2, 75.68, 1328
2026/09/28 20:13:38.402, 3, 51.83, 1328
2026/09/28 20:13:38.605, 0, 49.49, 1328
2026/09/28 20:13:38.608, 1, 53.33, 1328
2026/09/28 20:13:38.611, 2, 55.99, 1328
2026/09/28 20:13:38.614, 3, 82.63, 1328
2026/09/28 20:13:38.817, 0, 76.24, 1328
2026/09/28 20:13:38.820, 1, 46.09, 1328
2026/09/28 20:13:38.823, 2, 44.19, 1328
2026/09/28 20:13:38.826, 3, 52.07, 1328
2026/09/28 20:13:39.032, 0, 60.60, 1328
2026/09/28 20:13:39.036, 1, 68.02, 1328
2026/09/28 20:13:39.040, 2, 77.62, 1328
2026/09/28 20:13:39.043, 3, 67.01, 1328
2026/09/28 20:13:39.246, 0, 48.50, 1328
2026/09/28 20:13:39.249, 1, 51.16, 1328
2026/09/28 20:13:39.251, 2, 52.40, 1328
2026/09/28 20:13:39.254, 3, 76.61, 1328
2026/09/28 20:13:39.457, 0, 56.46, 1328
2026/09/28 20:13:39.460, 1, 48.26, 1328
2026/09/28 20:13:39.463, 2, 47.54, 1328
2026/09/28 20:13:39.466, 3, 57.40, 1328
2026/09/28 20:13:39.672, 0, 68.24, 1328
2026/09/28 20:13:39.676, 1, 78.53, 1328
2026/09/28 20:13:39.679, 2, 68.94, 1328
2026/09/28 20:13:39.682, 3, 46.79, 1328
2026/09/28 20:13:39.885, 0, 52.15, 1328
2026/09/28 20:13:39.888, 1, 56.43, 1328
2026/09/28 20:13:39.891, 2, 59.81, 1328
2026/09/28 20:13:39.894, 3, 96.78, 1328
2026/09/28 20:13:40.097, 0, 70.41, 1328
2026/09/28 20:13:40.100, 1, 46.82, 1328
2026/09/28 20:13:40.103, 2, 45.61, 1328
2026/09/28 20:13:40.106, 3, 54.02, 1328
2026/09/28 20:13:40.312, 0, 62.53, 1328
2026/09/28 20:13:40.316, 1, 71.64, 1328
2026/09/28 20:13:40.319, 2, 80.70, 1328
2026/09/28 20:13:40.322, 3, 61.71, 1328
2026/09/28 20:13:40.525, 0, 50.46, 1328
2026/09/28 20:13:40.528, 1, 53.34, 1328
2026/09/28 20:13:40.531, 2, 55.99, 1328
2026/09/28 20:13:40.534, 3, 85.00, 1328
2026/09/28 20:13:40.737, 0, 77.60, 1328
2026/09/28 20:13:40.740, 1, 46.09, 1328
2026/09/28 20:13:40.743, 2, 44.19, 1328
2026/09/28 20:13:40.746, 3, 51.85, 1328
2026/09/28 20:13:40.951, 0, 61.77, 1328
2026/09/28 20:13:40.956, 1, 72.32, 1328
2026/09/28 20:13:40.959, 2, 79.98, 1328
2026/09/28 20:13:40.961, 3, 59.09, 1328
2026/09/28 20:13:41.164, 0, 48.74, 1328
2026/09/28 20:13:41.167, 1, 51.88, 1328
2026/09/28 20:13:41.170, 2, 53.57, 1328
2026/09/28 20:13:41.173, 3, 78.05, 1328
2026/09/28 20:13:41.376, 0, 89.42, 1328
2026/09/28 20:13:41.379, 1, 54.72, 1328
2026/09/28 20:13:41.382, 2, 42.74, 1328
2026/09/28 20:13:41.385, 3, 49.20, 1328
2026/09/28 20:13:41.591, 0, 54.81, 1328
2026/09/28 20:13:41.595, 1, 61.29, 1328
2026/09/28 20:13:41.598, 2, 68.46, 1328
2026/09/28 20:13:41.601, 3, 83.30, 1328
2026/09/28 20:13:41.804, 0, 49.94, 1328
2026/09/28 20:13:41.807, 1, 48.27, 1328
2026/09/28 20:13:41.810, 2, 47.54, 1328
2026/09/28 20:13:41.813, 3, 65.09, 1328
2026/09/28 20:13:42.016, 0, 79.10, 1328
2026/09/28 20:13:42.018, 1, 80.94, 1328
2026/09/28 20:13:42.021, 2, 48.26, 1328
2026/09/28 20:13:42.024, 3, 45.82, 1328
2026/09/28 20:13:42.231, 0, 57.91, 1328
2026/09/28 20:13:42.235, 1, 64.92, 1328
2026/09/28 20:13:42.238, 2, 72.83, 1328
2026/09/28 20:13:42.241, 3, 75.16, 1328
2026/09/28 20:13:42.444, 0, 49.46, 1328
2026/09/28 20:13:42.447, 1, 53.33, 1328
2026/09/28 20:13:42.450, 2, 54.54, 1328
2026/09/28 20:13:42.452, 3, 85.04, 1328
2026/09/28 20:13:42.655, 0, 84.11, 1328
2026/09/28 20:13:42.658, 1, 49.44, 1328
2026/09/28 20:13:42.661, 2, 43.70, 1328
2026/09/28 20:13:42.664, 3, 50.65, 1328
2026/09/28 20:13:42.870, 0, 59.64, 1328
2026/09/28 20:13:42.875, 1, 66.81, 1328
2026/09/28 20:13:42.877, 2, 75.45, 1328
2026/09/28 20:13:42.881, 3, 74.44, 1328
2026/09/28 20:13:43.085, 0, 47.08, 1328
2026/09/28 20:13:43.088, 1, 49.96, 1328
2026/09/28 20:13:43.090, 2, 50.19, 1328
2026/09/28 20:13:43.093, 3, 70.86, 1328
2026/09/28 20:13:43.296, 0, 85.56, 1328
2026/09/28 20:13:43.299, 1, 84.36, 1328
2026/09/28 20:13:43.305, 2, 50.44, 1328
2026/09/28 20:13:43.308, 3, 47.27, 1328
2026/09/28 20:13:43.511, 0, 53.12, 1328
2026/09/28 20:13:43.515, 1, 57.69, 1328
2026/09/28 20:13:43.518, 2, 62.94, 1328
2026/09/28 20:13:43.520, 3, 96.48, 1328
2026/09/28 20:13:43.723, 0, 64.42, 1328
2026/09/28 20:13:43.726, 1, 47.54, 1328
2026/09/28 20:13:43.729, 2, 45.88, 1328
2026/09/28 20:13:43.733, 3, 59.30, 1328
2026/09/28 20:13:43.936, 0, 75.67, 1328
2026/09/28 20:13:43.939, 1, 58.84, 1328
2026/09/28 20:13:43.939, 2, 41.29, 1328
2026/09/28 20:13:43.942, 3, 48.48, 1328
2026/09/28 20:13:44.146, 0, 55.29, 1328
2026/09/28 20:13:44.149, 1, 60.81, 1328
2026/09/28 20:13:44.151, 2, 66.56, 1328
2026/09/28 20:13:44.154, 3, 85.71, 1328
2026/09/28 20:13:44.357, 0, 52.62, 1328
2026/09/28 20:13:44.360, 1, 48.51, 1328
2026/09/28 20:13:44.363, 2, 47.78, 1328
2026/09/28 20:13:44.366, 3, 57.85, 1328
2026/09/28 20:13:44.572, 0, 64.62, 1328
2026/09/28 20:13:44.579, 1, 74.29, 1328
2026/09/28 20:13:44.582, 2, 77.33, 1328
2026/09/28 20:13:44.585, 3, 54.24, 1328
2026/09/28 20:13:44.788, 0, 50.91, 1328
2026/09/28 20:13:44.790, 1, 54.55, 1328
2026/09/28 20:13:44.793, 2, 57.19, 1328
2026/09/28 20:13:44.796, 3, 88.12, 1328
2026/09/28 20:13:44.999, 0, 75.19, 1328
2026/09/28 20:13:45.002, 1, 46.33, 1328
2026/09/28 20:13:45.005, 2, 44.67, 1328
2026/09/28 20:13:45.008, 3, 56.88, 1328
2026/09/28 20:13:45.211, 0, 67.51, 1328
2026/09/28 20:13:45.214, 1, 77.82, 1328
2026/09/28 20:13:45.217, 2, 70.14, 1328
2026/09/28 20:13:45.220, 3, 45.10, 1328
2026/09/28 20:13:45.423, 0, 50.22, 1328
2026/09/28 20:13:45.426, 1, 51.38, 1328
2026/09/28 20:13:45.432, 2, 52.61, 1328
2026/09/28 20:13:45.435, 3, 76.64, 1328
2026/09/28 20:13:45.638, 0, 41.56, 1328
2026/09/28 20:13:45.645, 1, 42.02, 1328
2026/09/28 20:13:45.647, 2, 37.45, 1328
2026/09/28 20:13:45.652, 3, 39.12, 1328
2026/09/28 20:13:45.858, 0, 143.27, 1252
2026/09/28 20:13:45.870, 1, 41.75, 1328
2026/09/28 20:13:45.875, 2, 37.19, 1328
2026/09/28 20:13:45.878, 3, 38.85, 1328
2026/09/28 20:13:46.081, 0, 139.26, 1240
2026/09/28 20:13:46.089, 1, 41.51, 1328
2026/09/28 20:13:46.092, 2, 37.19, 1328
2026/09/28 20:13:46.095, 3, 38.83, 1328
2026/09/28 20:13:46.302, 0, 148.33, 1252
2026/09/28 20:13:46.308, 1, 41.51, 1328
2026/09/28 20:13:46.310, 2, 37.19, 1328
2026/09/28 20:13:46.313, 3, 38.85, 1328
2026/09/28 20:13:46.516, 0, 141.20, 1227
2026/09/28 20:13:46.519, 1, 41.27, 1328
2026/09/28 20:13:46.522, 2, 37.19, 1328
2026/09/28 20:13:46.525, 3, 38.85, 1328
2026/09/28 20:13:46.732, 0, 41.50, 1303
2026/09/28 20:13:46.735, 1, 151.29, 1252
2026/09/28 20:13:46.745, 2, 37.19, 1328
2026/09/28 20:13:46.753, 3, 38.83, 1328
2026/09/28 20:13:46.956, 0, 40.80, 1328
2026/09/28 20:13:46.959, 1, 148.02, 1265
2026/09/28 20:13:46.966, 2, 37.19, 1328
2026/09/28 20:13:46.971, 3, 38.85, 1328
2026/09/28 20:13:47.174, 0, 40.56, 1328
2026/09/28 20:13:47.177, 1, 150.67, 1265
2026/09/28 20:13:47.183, 2, 37.21, 1328
2026/09/28 20:13:47.186, 3, 38.61, 1328
2026/09/28 20:13:47.389, 0, 40.56, 1328
2026/09/28 20:13:47.392, 1, 141.06, 1252
2026/09/28 20:13:47.395, 2, 37.19, 1328
2026/09/28 20:13:47.397, 3, 38.85, 1328
2026/09/28 20:13:47.600, 0, 40.32, 1328
2026/09/28 20:13:47.605, 1, 41.78, 1316
2026/09/28 20:13:47.608, 2, 147.94, 1290
2026/09/28 20:13:47.614, 3, 38.61, 1328
2026/09/28 20:13:47.817, 0, 40.35, 1328
2026/09/28 20:13:47.820, 1, 42.50, 1328
2026/09/28 20:13:47.823, 2, 142.43, 1278
2026/09/28 20:13:47.826, 3, 38.85, 1328
2026/09/28 20:13:48.030, 0, 40.35, 1328
2026/09/28 20:13:48.034, 1, 41.78, 1328
2026/09/28 20:13:48.039, 2, 144.82, 1290
2026/09/28 20:13:48.042, 3, 38.62, 1328
2026/09/28 20:13:48.245, 0, 40.34, 1328
2026/09/28 20:13:48.248, 1, 41.78, 1328
2026/09/28 20:13:48.251, 2, 144.11, 1290
2026/09/28 20:13:48.258, 3, 38.62, 1328
2026/09/28 20:13:48.461, 0, 40.08, 1328
2026/09/28 20:13:48.465, 1, 41.51, 1328
2026/09/28 20:13:48.473, 2, 37.91, 1316
2026/09/28 20:13:48.476, 3, 145.30, 1240
2026/09/28 20:13:48.679, 0, 40.08, 1328
2026/09/28 20:13:48.684, 1, 41.51, 1328
2026/09/28 20:13:48.692, 2, 36.94, 1328
2026/09/28 20:13:48.695, 3, 143.62, 1252
2026/09/28 20:13:48.898, 0, 40.08, 1328
2026/09/28 20:13:48.904, 1, 41.51, 1328
2026/09/28 20:13:48.907, 2, 36.70, 1328
2026/09/28 20:13:48.910, 3, 147.22, 1252
2026/09/28 20:13:49.113, 0, 40.08, 1328
2026/09/28 20:13:49.116, 1, 41.51, 1328
2026/09/28 20:13:49.119, 2, 36.46, 1328
2026/09/28 20:13:49.122, 3, 141.45, 1252
2026/09/28 20:13:49.331, 0, 140.46, 1240
2026/09/28 20:13:49.334, 1, 41.51, 1328
2026/09/28 20:13:49.338, 2, 36.48, 1328
2026/09/28 20:13:49.341, 3, 38.37, 1328
2026/09/28 20:13:49.545, 0, 145.68, 1240
2026/09/28 20:13:49.548, 1, 41.51, 1328
2026/09/28 20:13:49.551, 2, 36.46, 1328
2026/09/28 20:13:49.553, 3, 38.61, 1328
2026/09/28 20:13:49.756, 0, 149.28, 1240
2026/09/28 20:13:49.760, 1, 41.51, 1328
2026/09/28 20:13:49.763, 2, 36.46, 1328
2026/09/28 20:13:49.766, 3, 38.37, 1328
2026/09/28 20:13:49.970, 0, 143.35, 1227
2026/09/28 20:13:49.973, 1, 41.51, 1328
2026/09/28 20:13:49.979, 2, 36.48, 1328
2026/09/28 20:13:49.982, 3, 38.37, 1328
2026/09/28 20:13:50.185, 0, 42.01, 1303
2026/09/28 20:13:50.189, 1, 157.77, 1278
2026/09/28 20:13:50.192, 2, 36.22, 1328
2026/09/28 20:13:50.195, 3, 38.13, 1328
2026/09/28 20:13:50.398, 0, 41.04, 1328
2026/09/28 20:13:50.405, 1, 143.48, 1265
2026/09/28 20:13:50.407, 2, 36.24, 1328
2026/09/28 20:13:50.410, 3, 38.13, 1328
2026/09/28 20:13:50.613, 0, 40.80, 1328
2026/09/28 20:13:50.616, 1, 150.88, 1265
2026/09/28 20:13:50.622, 2, 36.22, 1328
2026/09/28 20:13:50.625, 3, 38.11, 1328
2026/09/28 20:13:50.828, 0, 40.32, 1328
2026/09/28 20:13:50.831, 1, 141.30, 1252
2026/09/28 20:13:50.834, 2, 36.24, 1328
2026/09/28 20:13:50.837, 3, 38.13, 1328
2026/09/28 20:13:51.045, 0, 40.32, 1328
2026/09/28 20:13:51.048, 1, 41.29, 1316
2026/09/28 20:13:51.051, 2, 156.01, 1303
2026/09/28 20:13:51.054, 3, 38.13, 1328
2026/09/28 20:13:51.257, 0, 40.34, 1328
2026/09/28 20:13:51.260, 1, 42.48, 1328
2026/09/28 20:13:51.263, 2, 154.81, 1290
2026/09/28 20:13:51.266, 3, 38.13, 1328
2026/09/28 20:13:51.469, 0, 40.08, 1328
2026/09/28 20:13:51.472, 1, 41.75, 1328
2026/09/28 20:13:51.475, 2, 156.34, 1290
2026/09/28 20:13:51.478, 3, 38.13, 1328
2026/09/28 20:13:51.684, 0, 40.32, 1328
2026/09/28 20:13:51.687, 1, 41.77, 1328
2026/09/28 20:13:51.693, 2, 148.09, 1290
2026/09/28 20:13:51.696, 3, 38.13, 1328
2026/09/28 20:13:51.899, 0, 40.08, 1328
2026/09/28 20:13:51.904, 1, 41.51, 1328
2026/09/28 20:13:51.912, 2, 36.94, 1316
2026/09/28 20:13:51.914, 3, 146.42, 1240
2026/09/28 20:13:52.118, 0, 40.08, 1328
2026/09/28 20:13:52.124, 1, 41.51, 1328
2026/09/28 20:13:52.129, 2, 36.46, 1328
2026/09/28 20:13:52.133, 3, 144.34, 1227
2026/09/28 20:13:52.335, 0, 40.08, 1328
2026/09/28 20:13:52.338, 1, 41.51, 1328
2026/09/28 20:13:52.341, 2, 36.70, 1328
2026/09/28 20:13:52.344, 3, 155.07, 1240
2026/09/28 20:13:52.551, 0, 40.10, 1328
2026/09/28 20:13:52.554, 1, 41.53, 1328
2026/09/28 20:13:52.558, 2, 36.49, 1328
2026/09/28 20:13:52.561, 3, 68.98, 1290
2026/09/28 20:13:52.769, 0, 140.46, 1227
2026/09/28 20:13:52.772, 1, 41.51, 1328
2026/09/28 20:13:52.778, 2, 36.46, 1328
2026/09/28 20:13:52.781, 3, 38.61, 1328
2026/09/28 20:13:52.984, 0, 141.13, 1240
2026/09/28 20:13:52.989, 1, 41.51, 1328
2026/09/28 20:13:52.992, 2, 36.46, 1328
2026/09/28 20:13:52.994, 3, 38.37, 1328
2026/09/28 20:13:53.197, 0, 155.29, 1227
2026/09/28 20:13:53.210, 1, 41.51, 1328
2026/09/28 20:13:53.213, 2, 36.48, 1328
2026/09/28 20:13:53.216, 3, 38.13, 1328
2026/09/28 20:13:53.419, 0, 144.23, 1227
2026/09/28 20:13:53.427, 1, 41.51, 1328
2026/09/28 20:13:53.430, 2, 36.49, 1328
2026/09/28 20:13:53.434, 3, 38.13, 1328
2026/09/28 20:13:53.637, 0, 40.80, 1328
2026/09/28 20:13:53.643, 1, 148.75, 1278
2026/09/28 20:13:53.646, 2, 36.46, 1328
2026/09/28 20:13:53.649, 3, 38.13, 1328
2026/09/28 20:13:53.852, 0, 40.80, 1328
2026/09/28 20:13:53.855, 1, 147.79, 1265
2026/09/28 20:13:53.861, 2, 36.22, 1328
2026/09/28 20:13:53.864, 3, 38.13, 1328
2026/09/28 20:13:54.067, 0, 40.56, 1328
2026/09/28 20:13:54.070, 1, 155.14, 1265
2026/09/28 20:13:54.073, 2, 36.48, 1328
2026/09/28 20:13:54.076, 3, 38.11, 1328
2026/09/28 20:13:54.279, 0, 40.32, 1328
2026/09/28 20:13:54.283, 1, 66.09, 1290
2026/09/28 20:13:54.286, 2, 136.02, 1328
2026/09/28 20:13:54.289, 3, 38.13, 1328
2026/09/28 20:13:54.492, 0, 40.32, 1328
2026/09/28 20:13:54.495, 1, 41.05, 1328
2026/09/28 20:13:54.498, 2, 150.10, 1265
2026/09/28 20:13:54.501, 3, 38.13, 1328
2026/09/28 20:13:54.703, 0, 40.10, 1328
2026/09/28 20:13:54.707, 1, 42.01, 1328
2026/09/28 20:13:54.712, 2, 143.86, 1290
2026/09/28 20:13:54.715, 3, 38.13, 1328
2026/09/28 20:13:54.918, 0, 40.34, 1328
2026/09/28 20:13:54.922, 1, 41.78, 1328
2026/09/28 20:13:54.925, 2, 148.90, 1290
2026/09/28 20:13:54.930, 3, 38.13, 1328
2026/09/28 20:13:55.133, 0, 40.08, 1328
2026/09/28 20:13:55.136, 1, 41.75, 1328
2026/09/28 20:13:55.139, 2, 38.39, 1316
2026/09/28 20:13:55.142, 3, 154.35, 1265
2026/09/28 20:13:55.350, 0, 40.08, 1328
2026/09/28 20:13:55.353, 1, 41.51, 1328
2026/09/28 20:13:55.357, 2, 36.72, 1328
2026/09/28 20:13:55.360, 3, 141.45, 1252
2026/09/28 20:13:55.567, 0, 40.08, 1328
2026/09/28 20:13:55.570, 1, 41.51, 1328
2026/09/28 20:13:55.573, 2, 36.46, 1328
2026/09/28 20:13:55.576, 3, 148.59, 1265
2026/09/28 20:13:55.779, 0, 40.08, 1328
2026/09/28 20:13:55.782, 1, 41.51, 1328
2026/09/28 20:13:55.788, 2, 36.22, 1328
2026/09/28 20:13:55.791, 3, 142.41, 1240
2026/09/28 20:13:55.994, 0, 144.73, 1227
2026/09/28 20:13:55.997, 1, 41.51, 1328
2026/09/28 20:13:56.000, 2, 36.46, 1328
2026/09/28 20:13:56.003, 3, 38.61, 1328
2026/09/28 20:13:56.209, 0, 156.25, 1240
2026/09/28 20:13:56.212, 1, 41.51, 1328
2026/09/28 20:13:56.217, 2, 36.46, 1328
2026/09/28 20:13:56.220, 3, 38.61, 1328
2026/09/28 20:13:56.423, 0, 155.75, 1252
2026/09/28 20:13:56.428, 1, 41.27, 1328
2026/09/28 20:13:56.431, 2, 36.48, 1328
2026/09/28 20:13:56.434, 3, 38.37, 1328
2026/09/28 20:13:56.637, 0, 40.32, 1316
2026/09/28 20:13:56.647, 1, 155.61, 1278
2026/09/28 20:13:56.650, 2, 36.46, 1328
2026/09/28 20:13:56.653, 3, 38.35, 1328
2026/09/28 20:13:56.856, 0, 41.04, 1328
2026/09/28 20:13:56.862, 1, 148.99, 1252
2026/09/28 20:13:56.865, 2, 36.24, 1328
2026/09/28 20:13:56.868, 3, 38.13, 1328
2026/09/28 20:13:57.071, 0, 40.56, 1328
2026/09/28 20:13:57.074, 1, 144.18, 1252
2026/09/28 20:13:57.078, 2, 36.49, 1328
2026/09/28 20:13:57.080, 3, 38.13, 1328
2026/09/28 20:13:57.283, 0, 40.32, 1328
2026/09/28 20:13:57.286, 1, 148.43, 1278
2026/09/28 20:13:57.289, 2, 36.22, 1328
2026/09/28 20:13:57.292, 3, 38.13, 1328
2026/09/28 20:13:57.495, 0, 40.34, 1328
2026/09/28 20:13:57.501, 1, 41.05, 1328
2026/09/28 20:13:57.504, 2, 147.71, 1290
2026/09/28 20:13:57.512, 3, 38.13, 1328
2026/09/28 20:13:57.715, 0, 40.32, 1328
2026/09/28 20:13:57.718, 1, 42.01, 1328
2026/09/28 20:13:57.720, 2, 152.65, 1265
2026/09/28 20:13:57.731, 3, 38.13, 1328
2026/09/28 20:13:57.934, 0, 40.11, 1328
2026/09/28 20:13:57.937, 1, 41.78, 1328
2026/09/28 20:13:57.940, 2, 144.19, 1278
2026/09/28 20:13:57.952, 3, 38.13, 1328
2026/09/28 20:13:58.155, 0, 40.35, 1328
2026/09/28 20:13:58.158, 1, 41.78, 1328
2026/09/28 20:13:58.161, 2, 143.63, 1290
2026/09/28 20:13:58.171, 3, 37.91, 1328
2026/09/28 20:13:58.374, 0, 40.10, 1328
2026/09/28 20:13:58.377, 1, 41.51, 1328
2026/09/28 20:13:58.380, 2, 36.70, 1328
2026/09/28 20:13:58.389, 3, 160.71, 1265
2026/09/28 20:13:58.592, 0, 40.08, 1328
2026/09/28 20:13:58.595, 1, 41.51, 1328
2026/09/28 20:13:58.598, 2, 36.70, 1328
2026/09/28 20:13:58.601, 3, 148.42, 1265
2026/09/28 20:13:58.809, 0, 40.08, 1328
2026/09/28 20:13:58.812, 1, 41.51, 1328
2026/09/28 20:13:58.816, 2, 36.70, 1328
2026/09/28 20:13:58.818, 3, 148.74, 1265
2026/09/28 20:13:59.028, 0, 145.53, 1227
2026/09/28 20:13:59.031, 1, 41.51, 1328
2026/09/28 20:13:59.035, 2, 36.70, 1328
2026/09/28 20:13:59.038, 3, 38.61, 1328
2026/09/28 20:13:59.242, 0, 150.72, 1240
2026/09/28 20:13:59.246, 1, 41.51, 1328
2026/09/28 20:13:59.249, 2, 36.46, 1328
2026/09/28 20:13:59.252, 3, 38.61, 1328
2026/09/28 20:13:59.455, 0, 139.50, 1240
2026/09/28 20:13:59.466, 1, 41.51, 1328
2026/09/28 20:13:59.469, 2, 36.46, 1328
2026/09/28 20:13:59.472, 3, 38.13, 1328
2026/09/28 20:13:59.675, 0, 154.94, 1227
2026/09/28 20:13:59.686, 1, 41.51, 1328
2026/09/28 20:13:59.689, 2, 36.46, 1328
2026/09/28 20:13:59.692, 3, 38.13, 1328
2026/09/28 20:13:59.895, 0, 40.80, 1328
2026/09/28 20:13:59.901, 1, 146.58, 1278
2026/09/28 20:13:59.903, 2, 36.48, 1328
2026/09/28 20:13:59.906, 3, 38.11, 1328
2026/09/28 20:14:00.109, 0, 40.80, 1328
2026/09/28 20:14:00.112, 1, 138.18, 1265
2026/09/28 20:14:00.120, 2, 36.46, 1328
2026/09/28 20:14:00.125, 3, 38.13, 1328
2026/09/28 20:14:00.328, 0, 40.56, 1328
2026/09/28 20:14:00.331, 1, 154.89, 1252
2026/09/28 20:14:00.340, 2, 36.46, 1328
2026/09/28 20:14:00.345, 3, 37.89, 1328
2026/09/28 20:14:00.548, 0, 40.58, 1328
2026/09/28 20:14:00.551, 1, 44.41, 1303
2026/09/28 20:14:00.560, 2, 155.79, 1303
2026/09/28 20:14:00.570, 3, 37.89, 1328
2026/09/28 20:14:00.773, 0, 40.32, 1328
2026/09/28 20:14:00.776, 1, 42.47, 1328
2026/09/28 20:14:00.779, 2, 143.86, 1290
2026/09/28 20:14:00.790, 3, 37.89, 1328
2026/09/28 20:14:00.993, 0, 40.34, 1328
2026/09/28 20:14:00.996, 1, 42.02, 1328
2026/09/28 20:14:00.999, 2, 148.66, 1290
2026/09/28 20:14:01.002, 3, 37.89, 1328
2026/09/28 20:14:01.205, 0, 40.34, 1328
2026/09/28 20:14:01.210, 1, 42.02, 1328
2026/09/28 20:14:01.214, 2, 139.79, 1290
2026/09/28 20:14:01.217, 3, 37.89, 1328
2026/09/28 20:14:01.422, 0, 40.31, 1328
2026/09/28 20:14:01.429, 1, 41.75, 1328
2026/09/28 20:14:01.434, 2, 37.19, 1316
2026/09/28 20:14:01.437, 3, 143.38, 1227
2026/09/28 20:14:01.648, 0, 40.32, 1328
2026/09/28 20:14:01.651, 1, 41.75, 1328
2026/09/28 20:14:01.654, 2, 36.70, 1328
2026/09/28 20:14:01.657, 3, 145.70, 1252
2026/09/28 20:14:01.868, 0, 40.08, 1328
2026/09/28 20:14:01.871, 1, 41.51, 1328
2026/09/28 20:14:01.874, 2, 36.46, 1328
2026/09/28 20:14:01.877, 3, 143.62, 1227
2026/09/28 20:14:02.089, 0, 56.70, 1328
2026/09/28 20:14:02.091, 1, 41.53, 1328
2026/09/28 20:14:02.094, 2, 36.46, 1328
2026/09/28 20:14:02.097, 3, 48.24, 1303
2026/09/28 20:14:02.307, 0, 140.22, 1227
2026/09/28 20:14:02.310, 1, 41.51, 1328
2026/09/28 20:14:02.314, 2, 36.24, 1328
2026/09/28 20:14:02.317, 3, 38.61, 1328
2026/09/28 20:14:02.522, 0, 140.70, 1227
2026/09/28 20:14:02.525, 1, 41.51, 1328
2026/09/28 20:14:02.528, 2, 36.24, 1328
2026/09/28 20:14:02.531, 3, 38.37, 1328
2026/09/28 20:14:02.734, 0, 142.63, 1227
2026/09/28 20:14:02.744, 1, 41.51, 1328
2026/09/28 20:14:02.747, 2, 36.22, 1328
2026/09/28 20:14:02.750, 3, 38.13, 1328
2026/09/28 20:14:02.953, 0, 148.33, 1252
2026/09/28 20:14:02.956, 1, 41.51, 1328
2026/09/28 20:14:02.959, 2, 36.00, 1328
2026/09/28 20:14:02.965, 3, 38.13, 1328
2026/09/28 20:14:03.170, 0, 40.32, 1316
2026/09/28 20:14:03.173, 1, 140.40, 1252
2026/09/28 20:14:03.181, 2, 35.98, 1328
2026/09/28 20:14:03.188, 3, 38.13, 1328
2026/09/28 20:14:03.391, 0, 41.04, 1328
2026/09/28 20:14:03.394, 1, 146.10, 1265
2026/09/28 20:14:03.402, 2, 36.00, 1328
2026/09/28 20:14:03.404, 3, 38.13, 1328
2026/09/28 20:14:03.607, 0, 40.80, 1328
2026/09/28 20:14:03.610, 1, 141.30, 1252
2026/09/28 20:14:03.618, 2, 36.46, 1328
2026/09/28 20:14:03.621, 3, 38.13, 1328
2026/09/28 20:14:03.824, 0, 40.53, 1328
2026/09/28 20:14:03.827, 1, 152.27, 1278
2026/09/28 20:14:03.827, 2, 36.46, 1328
2026/09/28 20:14:03.828, 3, 38.13, 1328
2026/09/28 20:14:04.031, 0, 40.59, 1328
2026/09/28 20:14:04.039, 1, 41.29, 1316
2026/09/28 20:14:04.042, 2, 142.43, 1278
2026/09/28 20:14:04.049, 3, 38.13, 1328
2026/09/28 20:14:04.252, 0, 40.58, 1328
2026/09/28 20:14:04.255, 1, 42.26, 1328
2026/09/28 20:14:04.259, 2, 143.86, 1265
2026/09/28 20:14:04.268, 3, 38.13, 1328
2026/09/28 20:14:04.471, 0, 40.34, 1328
2026/09/28 20:14:04.474, 1, 42.01, 1328
2026/09/28 20:14:04.476, 2, 145.54, 1265
2026/09/28 20:14:04.479, 3, 38.13, 1328
2026/09/28 20:14:04.682, 0, 40.35, 1328
2026/09/28 20:14:04.685, 1, 41.78, 1328
2026/09/28 20:14:04.688, 2, 150.82, 1303
2026/09/28 20:14:04.691, 3, 38.13, 1328
2026/09/28 20:14:04.894, 0, 40.32, 1328
2026/09/28 20:14:04.898, 1, 41.51, 1328
2026/09/28 20:14:04.901, 2, 37.19, 1328
2026/09/28 20:14:04.908, 3, 144.10, 1240
2026/09/28 20:14:05.111, 0, 40.32, 1328
2026/09/28 20:14:05.114, 1, 41.75, 1328
2026/09/28 20:14:05.117, 2, 36.70, 1328
2026/09/28 20:14:05.120, 3, 145.70, 1227
2026/09/28 20:14:05.326, 0, 40.32, 1328
2026/09/28 20:14:05.329, 1, 41.75, 1328
2026/09/28 20:14:05.333, 2, 36.70, 1328
2026/09/28 20:14:05.336, 3, 158.08, 1215
2026/09/28 20:14:05.547, 0, 40.32, 1328
2026/09/28 20:14:05.550, 1, 41.27, 1328
2026/09/28 20:14:05.553, 2, 36.46, 1328
2026/09/28 20:14:05.556, 3, 140.01, 1278
2026/09/28 20:14:05.766, 0, 159.60, 1252
2026/09/28 20:14:05.769, 1, 41.48, 1328
2026/09/28 20:14:05.773, 2, 36.46, 1328
2026/09/28 20:14:05.776, 3, 38.37, 1328
2026/09/28 20:14:05.981, 0, 142.16, 1240
2026/09/28 20:14:05.984, 1, 41.51, 1328
2026/09/28 20:14:05.987, 2, 36.46, 1328
2026/09/28 20:14:05.990, 3, 38.35, 1328
2026/09/28 20:14:06.193, 0, 148.33, 1252
2026/09/28 20:14:06.202, 1, 41.51, 1328
2026/09/28 20:14:06.205, 2, 36.48, 1328
2026/09/28 20:14:06.208, 3, 38.37, 1328
2026/09/28 20:14:06.411, 0, 140.22, 1227
2026/09/28 20:14:06.414, 1, 41.51, 1328
2026/09/28 20:14:06.416, 2, 36.49, 1328
2026/09/28 20:14:06.419, 3, 38.13, 1328
2026/09/28 20:14:06.627, 0, 41.29, 1316
2026/09/28 20:14:06.630, 1, 151.87, 1265
2026/09/28 20:14:06.637, 2, 36.46, 1328
2026/09/28 20:14:06.645, 3, 38.11, 1328
2026/09/28 20:14:06.848, 0, 41.04, 1328
2026/09/28 20:14:06.851, 1, 153.21, 1252
2026/09/28 20:14:06.859, 2, 36.24, 1328
2026/09/28 20:14:06.865, 3, 38.13, 1328
2026/09/28 20:14:07.068, 0, 40.80, 1328
2026/09/28 20:14:07.071, 1, 142.02, 1227
2026/09/28 20:14:07.076, 2, 36.49, 1328
2026/09/28 20:14:07.079, 3, 38.13, 1328
2026/09/28 20:14:07.282, 0, 40.56, 1328
2026/09/28 20:14:07.285, 1, 148.91, 1278
2026/09/28 20:14:07.288, 2, 36.48, 1328
2026/09/28 20:14:07.291, 3, 37.87, 1328
2026/09/28 20:14:07.494, 0, 40.58, 1328
2026/09/28 20:14:07.498, 1, 41.29, 1316
2026/09/28 20:14:07.501, 2, 147.23, 1265
2026/09/28 20:14:07.505, 3, 37.89, 1328
2026/09/28 20:14:07.708, 0, 40.32, 1328
2026/09/28 20:14:07.711, 1, 42.50, 1328
2026/09/28 20:14:07.714, 2, 145.54, 1265
2026/09/28 20:14:07.717, 3, 38.13, 1328
2026/09/28 20:14:07.920, 0, 40.34, 1328
2026/09/28 20:14:07.923, 1, 42.02, 1328
2026/09/28 20:14:07.931, 2, 136.74, 1265
2026/09/28 20:14:07.934, 3, 37.89, 1328
2026/09/28 20:14:08.140, 0, 40.34, 1328
2026/09/28 20:14:08.142, 1, 42.02, 1328
2026/09/28 20:14:08.145, 2, 149.38, 1303
2026/09/28 20:14:08.148, 3, 38.13, 1328
2026/09/28 20:14:08.351, 0, 40.32, 1328
2026/09/28 20:14:08.354, 1, 41.51, 1328
2026/09/28 20:14:08.357, 2, 37.19, 1328
2026/09/28 20:14:08.360, 3, 140.73, 1252
2026/09/28 20:14:08.567, 0, 40.32, 1328
2026/09/28 20:14:08.570, 1, 41.51, 1328
2026/09/28 20:14:08.573, 2, 36.72, 1328
2026/09/28 20:14:08.576, 3, 141.45, 1252
2026/09/28 20:14:08.784, 0, 40.32, 1328
2026/09/28 20:14:08.787, 1, 41.51, 1328
2026/09/28 20:14:08.791, 2, 36.70, 1328
2026/09/28 20:14:08.794, 3, 141.69, 1252
2026/09/28 20:14:09.004, 0, 159.03, 1328
2026/09/28 20:14:09.007, 1, 41.51, 1328
2026/09/28 20:14:09.011, 2, 36.46, 1328
2026/09/28 20:14:09.014, 3, 40.28, 1316
2026/09/28 20:14:09.222, 0, 140.46, 1240
2026/09/28 20:14:09.225, 1, 41.51, 1328
2026/09/28 20:14:09.231, 2, 36.46, 1328
2026/09/28 20:14:09.234, 3, 38.61, 1328
2026/09/28 20:14:09.439, 0, 139.27, 1215
2026/09/28 20:14:09.444, 1, 41.51, 1328
2026/09/28 20:14:09.447, 2, 36.48, 1328
2026/09/28 20:14:09.450, 3, 38.37, 1328
2026/09/28 20:14:09.653, 0, 159.03, 1202
2026/09/28 20:14:09.665, 1, 41.51, 1328
2026/09/28 20:14:09.671, 2, 36.46, 1328
2026/09/28 20:14:09.674, 3, 38.13, 1328
2026/09/28 20:14:09.879, 0, 148.07, 1278
2026/09/28 20:14:09.884, 1, 41.51, 1328
2026/09/28 20:14:09.887, 2, 36.22, 1328
2026/09/28 20:14:09.890, 3, 38.13, 1328
2026/09/28 20:14:10.093, 0, 40.32, 1316
2026/09/28 20:14:10.101, 1, 146.10, 1252
2026/09/28 20:14:10.104, 2, 36.22, 1328
2026/09/28 20:14:10.106, 3, 38.13, 1328
2026/09/28 20:14:10.309, 0, 41.04, 1328
2026/09/28 20:14:10.314, 1, 141.54, 1252
2026/09/28 20:14:10.317, 2, 36.22, 1328
2026/09/28 20:14:10.323, 3, 38.13, 1328
2026/09/28 20:14:10.526, 0, 40.80, 1328
2026/09/28 20:14:10.529, 1, 136.97, 1240
2026/09/28 20:14:10.537, 2, 36.24, 1328
2026/09/28 20:14:10.540, 3, 38.13, 1328
2026/09/28 20:14:10.743, 0, 40.78, 1328
2026/09/28 20:14:10.746, 1, 152.27, 1278
2026/09/28 20:14:10.757, 2, 36.22, 1328
2026/09/28 20:14:10.760, 3, 38.11, 1328
2026/09/28 20:14:10.963, 0, 40.33, 1328
2026/09/28 20:14:10.965, 1, 41.29, 1316
2026/09/28 20:14:10.973, 2, 142.91, 1265
2026/09/28 20:14:10.976, 3, 37.89, 1328
2026/09/28 20:14:11.179, 0, 40.58, 1328
2026/09/28 20:14:11.182, 1, 42.26, 1328
2026/09/28 20:14:11.188, 2, 143.39, 1265
2026/09/28 20:14:11.191, 3, 37.89, 1328
2026/09/28 20:14:11.394, 0, 40.56, 1328
2026/09/28 20:14:11.398, 1, 42.02, 1328
2026/09/28 20:14:11.401, 2, 146.51, 1290
2026/09/28 20:14:11.406, 3, 37.89, 1328
2026/09/28 20:14:11.609, 0, 40.32, 1328
2026/09/28 20:14:11.612, 1, 41.78, 1328
2026/09/28 20:14:11.615, 2, 149.86, 1303
2026/09/28 20:14:11.618, 3, 38.13, 1328
2026/09/28 20:14:11.821, 0, 40.32, 1328
2026/09/28 20:14:11.827, 1, 41.75, 1328
2026/09/28 20:14:11.832, 2, 37.19, 1328
2026/09/28 20:14:11.834, 3, 141.21, 1252
2026/09/28 20:14:12.043, 0, 40.08, 1328
2026/09/28 20:14:12.046, 1, 41.75, 1328
2026/09/28 20:14:12.051, 2, 37.21, 1328
2026/09/28 20:14:12.054, 3, 141.21, 1252
2026/09/28 20:14:12.263, 0, 40.32, 1328
2026/09/28 20:14:12.266, 1, 41.75, 1328
2026/09/28 20:14:12.271, 2, 36.72, 1328
2026/09/28 20:14:12.274, 3, 140.97, 1240
2026/09/28 20:14:12.483, 0, 50.46, 1328
2026/09/28 20:14:12.485, 1, 41.51, 1328
2026/09/28 20:14:12.492, 2, 36.70, 1328
2026/09/28 20:14:12.495, 3, 46.06, 1303
2026/09/28 20:14:12.703, 0, 143.51, 1227
2026/09/28 20:14:12.706, 1, 41.51, 1328
2026/09/28 20:14:12.712, 2, 36.46, 1328
2026/09/28 20:14:12.714, 3, 38.59, 1328
2026/09/28 20:14:12.918, 0, 152.88, 1227
2026/09/28 20:14:12.924, 1, 41.51, 1328
2026/09/28 20:14:12.927, 2, 36.46, 1328
2026/09/28 20:14:12.930, 3, 38.37, 1328
2026/09/28 20:14:13.133, 0, 151.84, 1265
2026/09/28 20:14:13.143, 1, 41.51, 1328
2026/09/28 20:14:13.145, 2, 36.46, 1328
2026/09/28 20:14:13.148, 3, 38.13, 1328
2026/09/28 20:14:13.351, 0, 137.58, 1265
2026/09/28 20:14:13.363, 1, 41.51, 1328
2026/09/28 20:14:13.366, 2, 36.22, 1328
2026/09/28 20:14:13.369, 3, 37.89, 1328
2026/09/28 20:14:13.572, 0, 40.56, 1316
2026/09/28 20:14:13.580, 1, 147.06, 1227
2026/09/28 20:14:13.583, 2, 36.48, 1328
2026/09/28 20:14:13.585, 3, 38.11, 1328
2026/09/28 20:14:13.788, 0, 41.28, 1328
2026/09/28 20:14:13.791, 1, 145.86, 1252
2026/09/28 20:14:13.794, 2, 36.22, 1328
2026/09/28 20:14:13.797, 3, 38.13, 1328
2026/09/28 20:14:14.000, 0, 41.04, 1328
2026/09/28 20:14:14.003, 1, 145.38, 1227
2026/09/28 20:14:14.006, 2, 36.24, 1328
2026/09/28 20:14:14.009, 3, 37.89, 1328
2026/09/28 20:14:14.212, 0, 40.80, 1328
2026/09/28 20:14:14.217, 1, 149.86, 1290
2026/09/28 20:14:14.220, 2, 36.46, 1328
2026/09/28 20:14:14.223, 3, 37.87, 1328
2026/09/28 20:14:14.426, 0, 40.34, 1328
2026/09/28 20:14:14.429, 1, 41.53, 1316
2026/09/28 20:14:14.434, 2, 148.66, 1265
2026/09/28 20:14:14.437, 3, 38.13, 1328
2026/09/28 20:14:14.640, 0, 40.56, 1328
2026/09/28 20:14:14.648, 1, 42.47, 1328
2026/09/28 20:14:14.652, 2, 147.95, 1265
2026/09/28 20:14:14.654, 3, 37.89, 1328
2026/09/28 20:14:14.857, 0, 40.32, 1328
2026/09/28 20:14:14.861, 1, 42.02, 1328
2026/09/28 20:14:14.868, 2, 143.86, 1278
2026/09/28 20:14:14.871, 3, 37.89, 1328
2026/09/28 20:14:15.076, 0, 40.35, 1328
2026/09/28 20:14:15.079, 1, 41.78, 1328
2026/09/28 20:14:15.082, 2, 150.58, 1303
2026/09/28 20:14:15.085, 3, 38.13, 1328
2026/09/28 20:14:15.288, 0, 40.32, 1328
2026/09/28 20:14:15.291, 1, 41.76, 1328
2026/09/28 20:14:15.294, 2, 37.21, 1328
2026/09/28 20:14:15.297, 3, 140.01, 1252
2026/09/28 20:14:15.505, 0, 40.32, 1328
2026/09/28 20:14:15.508, 1, 41.75, 1328
2026/09/28 20:14:15.511, 2, 36.94, 1328
2026/09/28 20:14:15.514, 3, 140.76, 1252
2026/09/28 20:14:15.722, 0, 40.08, 1328
2026/09/28 20:14:15.725, 1, 41.51, 1328
2026/09/28 20:14:15.731, 2, 36.94, 1328
2026/09/28 20:14:15.734, 3, 145.22, 1252
2026/09/28 20:14:15.943, 0, 40.11, 1328
2026/09/28 20:14:15.946, 1, 41.53, 1328
2026/09/28 20:14:15.951, 2, 36.73, 1328
2026/09/28 20:14:15.954, 3, 50.41, 1303
2026/09/28 20:14:16.162, 0, 149.28, 1240
2026/09/28 20:14:16.165, 1, 41.51, 1328
2026/09/28 20:14:16.170, 2, 36.72, 1328
2026/09/28 20:14:16.173, 3, 38.61, 1328
2026/09/28 20:14:16.377, 0, 155.69, 1252
2026/09/28 20:14:16.382, 1, 41.51, 1328
2026/09/28 20:14:16.385, 2, 36.46, 1328
2026/09/28 20:14:16.388, 3, 38.37, 1328
2026/09/28 20:14:16.591, 0, 150.95, 1240
2026/09/28 20:14:16.602, 1, 41.51, 1328
2026/09/28 20:14:16.605, 2, 36.24, 1328
2026/09/28 20:14:16.608, 3, 38.37, 1328
2026/09/28 20:14:16.811, 0, 145.19, 1227
2026/09/28 20:14:16.822, 1, 41.51, 1328
2026/09/28 20:14:16.825, 2, 36.46, 1328
2026/09/28 20:14:16.828, 3, 38.13, 1328
2026/09/28 20:14:17.031, 0, 50.43, 1303
2026/09/28 20:14:17.041, 1, 167.29, 1328
2026/09/28 20:14:17.044, 2, 36.46, 1328
2026/09/28 20:14:17.047, 3, 38.13, 1328
2026/09/28 20:14:17.250, 0, 41.29, 1328
2026/09/28 20:14:17.256, 1, 150.19, 1227
2026/09/28 20:14:17.259, 2, 36.48, 1328
2026/09/28 20:14:17.262, 3, 37.89, 1328
2026/09/28 20:14:17.465, 0, 40.80, 1328
2026/09/28 20:14:17.468, 1, 136.01, 1290
2026/09/28 20:14:17.477, 2, 36.22, 1328
2026/09/28 20:14:17.480, 3, 37.89, 1328
2026/09/28 20:14:17.683, 0, 40.80, 1328
2026/09/28 20:14:17.686, 1, 142.02, 1252
2026/09/28 20:14:17.695, 2, 36.48, 1328
2026/09/28 20:14:17.700, 3, 38.11, 1328
2026/09/28 20:14:17.903, 0, 40.56, 1328
2026/09/28 20:14:17.906, 1, 142.50, 1240
2026/09/28 20:14:17.916, 2, 36.46, 1328
2026/09/28 20:14:17.920, 3, 37.89, 1328
2026/09/28 20:14:18.123, 0, 40.58, 1328
2026/09/28 20:14:18.126, 1, 41.53, 1328
2026/09/28 20:14:18.130, 2, 149.54, 1316
2026/09/28 20:14:18.133, 3, 38.13, 1328
2026/09/28 20:14:18.336, 0, 40.34, 1328
2026/09/28 20:14:18.339, 1, 42.25, 1328
2026/09/28 20:14:18.347, 2, 150.58, 1278
2026/09/28 20:14:18.349, 3, 37.65, 1328
2026/09/28 20:14:18.555, 0, 40.57, 1328
2026/09/28 20:14:18.558, 1, 41.78, 1328
2026/09/28 20:14:18.561, 2, 143.15, 1265
2026/09/28 20:14:18.564, 3, 37.89, 1328
2026/09/28 20:14:18.767, 0, 40.32, 1328
2026/09/28 20:14:18.770, 1, 41.76, 1328
2026/09/28 20:14:18.773, 2, 160.95, 1303
2026/09/28 20:14:18.776, 3, 37.89, 1328
2026/09/28 20:14:18.979, 0, 40.32, 1328
2026/09/28 20:14:18.982, 1, 41.75, 1328
2026/09/28 20:14:18.985, 2, 37.43, 1328
2026/09/28 20:14:18.988, 3, 149.94, 1265
2026/09/28 20:14:19.191, 0, 40.32, 1328
2026/09/28 20:14:19.196, 1, 41.51, 1328
2026/09/28 20:14:19.203, 2, 37.19, 1328
2026/09/28 20:14:19.206, 3, 140.97, 1240
2026/09/28 20:14:19.409, 0, 40.32, 1328
2026/09/28 20:14:19.412, 1, 41.51, 1328
2026/09/28 20:14:19.415, 2, 36.70, 1328
2026/09/28 20:14:19.424, 3, 138.35, 1215
2026/09/28 20:14:19.627, 0, 40.32, 1328
2026/09/28 20:14:19.630, 1, 41.51, 1328
2026/09/28 20:14:19.633, 2, 36.72, 1328
2026/09/28 20:14:19.641, 3, 74.73, 1290
2026/09/28 20:14:19.844, 0, 154.31, 1227
2026/09/28 20:14:19.846, 1, 41.51, 1328
2026/09/28 20:14:19.852, 2, 36.46, 1328
2026/09/28 20:14:19.857, 3, 38.61, 1328
2026/09/28 20:14:20.060, 0, 149.52, 1227
2026/09/28 20:14:20.063, 1, 41.51, 1328
2026/09/28 20:14:20.069, 2, 36.46, 1328
2026/09/28 20:14:20.072, 3, 38.37, 1328
2026/09/28 20:14:20.275, 0, 159.05, 1202
2026/09/28 20:14:20.282, 1, 41.51, 1328
2026/09/28 20:14:20.289, 2, 36.48, 1328
2026/09/28 20:14:20.292, 3, 38.37, 1328
2026/09/28 20:14:20.495, 0, 146.63, 1278
2026/09/28 20:14:20.501, 1, 41.51, 1328
2026/09/28 20:14:20.504, 2, 36.46, 1328
2026/09/28 20:14:20.507, 3, 38.13, 1328
2026/09/28 20:14:20.710, 0, 40.56, 1316
2026/09/28 20:14:20.718, 1, 146.03, 1240
2026/09/28 20:14:20.721, 2, 36.46, 1328
2026/09/28 20:14:20.724, 3, 38.11, 1328
2026/09/28 20:14:20.927, 0, 41.04, 1328
2026/09/28 20:14:20.930, 1, 139.85, 1240
2026/09/28 20:14:20.937, 2, 36.46, 1328
2026/09/28 20:14:20.940, 3, 38.13, 1328
2026/09/28 20:14:21.143, 0, 40.80, 1328
2026/09/28 20:14:21.146, 1, 149.39, 1240
2026/09/28 20:14:21.154, 2, 36.22, 1328
2026/09/28 20:14:21.159, 3, 38.13, 1328
2026/09/28 20:14:21.362, 0, 40.56, 1328
2026/09/28 20:14:21.365, 1, 137.30, 1290
2026/09/28 20:14:21.374, 2, 36.46, 1328
2026/09/28 20:14:21.379, 3, 37.87, 1328
2026/09/28 20:14:21.581, 0, 40.56, 1328
2026/09/28 20:14:21.584, 1, 41.53, 1316
2026/09/28 20:14:21.591, 2, 155.77, 1278
2026/09/28 20:14:21.594, 3, 38.13, 1328
2026/09/28 20:14:21.797, 0, 40.58, 1328
2026/09/28 20:14:21.804, 1, 42.47, 1328
2026/09/28 20:14:21.809, 2, 156.97, 1290
2026/09/28 20:14:21.812, 3, 38.13, 1328
2026/09/28 20:14:22.015, 0, 40.32, 1328
2026/09/28 20:14:22.018, 1, 42.00, 1328
2026/09/28 20:14:22.025, 2, 156.97, 1265
2026/09/28 20:14:22.028, 3, 37.65, 1328
2026/09/28 20:14:22.231, 0, 40.32, 1328
2026/09/28 20:14:22.235, 1, 41.76, 1328
2026/09/28 20:14:22.238, 2, 138.66, 1303
2026/09/28 20:14:22.245, 3, 38.13, 1328
2026/09/28 20:14:22.448, 0, 40.31, 1328
2026/09/28 20:14:22.451, 1, 41.75, 1328
2026/09/28 20:14:22.454, 2, 37.43, 1316
2026/09/28 20:14:22.464, 3, 151.71, 1215
2026/09/28 20:14:22.667, 0, 40.32, 1328
2026/09/28 20:14:22.670, 1, 41.75, 1328
2026/09/28 20:14:22.672, 2, 37.19, 1328
2026/09/28 20:14:22.679, 3, 152.64, 1227
2026/09/28 20:14:22.886, 0, 40.32, 1328
2026/09/28 20:14:22.889, 1, 41.75, 1328
2026/09/28 20:14:22.892, 2, 36.70, 1328
2026/09/28 20:14:22.899, 3, 162.87, 1265
2026/09/28 20:14:23.104, 0, 40.32, 1328
2026/09/28 20:14:23.107, 1, 41.51, 1328
2026/09/28 20:14:23.110, 2, 36.72, 1328
2026/09/28 20:14:23.113, 3, 143.80, 1252
2026/09/28 20:14:23.321, 0, 41.30, 1328
2026/09/28 20:14:23.324, 1, 135.80, 1328
2026/09/28 20:14:23.328, 2, 36.48, 1328
2026/09/28 20:14:23.331, 3, 38.61, 1328
2026/09/28 20:14:23.536, 0, 41.31, 1328
2026/09/28 20:14:23.539, 1, 42.26, 1328
2026/09/28 20:14:23.542, 2, 37.93, 1328
2026/09/28 20:14:23.545, 3, 58.13, 1328
2026/09/28 20:14:23.748, 0, 142.63, 1240
2026/09/28 20:14:23.751, 1, 41.75, 1328
2026/09/28 20:14:23.754, 2, 37.43, 1328
2026/09/28 20:14:23.758, 3, 39.06, 1328
2026/09/28 20:14:23.966, 0, 146.63, 1227
2026/09/28 20:14:23.969, 1, 41.51, 1328
2026/09/28 20:14:23.972, 2, 37.43, 1328
2026/09/28 20:14:23.978, 3, 38.85, 1328
2026/09/28 20:14:24.183, 0, 140.46, 1278
2026/09/28 20:14:24.186, 1, 41.75, 1328
2026/09/28 20:14:24.189, 2, 37.21, 1328
2026/09/28 20:14:24.192, 3, 38.85, 1328
2026/09/28 20:14:24.398, 0, 147.44, 1240
2026/09/28 20:14:24.401, 1, 41.51, 1328
2026/09/28 20:14:24.407, 2, 36.94, 1328
2026/09/28 20:14:24.410, 3, 38.85, 1328
2026/09/28 20:14:24.615, 0, 139.27, 1240
2026/09/28 20:14:24.620, 1, 41.75, 1328
2026/09/28 20:14:24.623, 2, 36.94, 1328
2026/09/28 20:14:24.626, 3, 38.61, 1328
2026/09/28 20:14:24.829, 0, 41.04, 1328
2026/09/28 20:14:24.834, 1, 150.09, 1290
2026/09/28 20:14:24.837, 2, 36.94, 1328
2026/09/28 20:14:24.840, 3, 38.83, 1328
2026/09/28 20:14:25.043, 0, 41.04, 1328
2026/09/28 20:14:25.046, 1, 133.21, 1252
2026/09/28 20:14:25.052, 2, 37.19, 1328
2026/09/28 20:14:25.057, 3, 38.85, 1328
2026/09/28 20:14:25.261, 0, 40.80, 1328
2026/09/28 20:14:25.264, 1, 142.74, 1252
2026/09/28 20:14:25.271, 2, 37.19, 1328
2026/09/28 20:14:25.277, 3, 38.83, 1328
2026/09/28 20:14:25.480, 0, 40.56, 1328
2026/09/28 20:14:25.483, 1, 136.49, 1252
2026/09/28 20:14:25.492, 2, 37.19, 1328
2026/09/28 20:14:25.497, 3, 38.59, 1328
2026/09/28 20:14:25.700, 0, 40.56, 1328
2026/09/28 20:14:25.703, 1, 41.27, 1328
2026/09/28 20:14:25.707, 2, 150.34, 1303
2026/09/28 20:14:25.710, 3, 38.61, 1328
2026/09/28 20:14:25.915, 0, 40.56, 1328
2026/09/28 20:14:25.922, 1, 42.26, 1328
2026/09/28 20:14:25.927, 2, 146.99, 1290
2026/09/28 20:14:25.929, 3, 38.62, 1328
2026/09/28 20:14:26.135, 0, 40.32, 1328
2026/09/28 20:14:26.138, 1, 42.01, 1328
2026/09/28 20:14:26.145, 2, 151.78, 1265
2026/09/28 20:14:26.148, 3, 38.62, 1328
2026/09/28 20:14:26.354, 0, 40.30, 1328
2026/09/28 20:14:26.362, 1, 41.74, 1328
2026/09/28 20:14:26.367, 2, 51.88, 1303
2026/09/28 20:14:26.369, 3, 167.68, 1290
2026/09/28 20:14:26.580, 0, 40.32, 1328
2026/09/28 20:14:26.583, 1, 41.51, 1328
2026/09/28 20:14:26.586, 2, 36.94, 1328
2026/09/28 20:14:26.589, 3, 149.07, 1240
2026/09/28 20:14:26.796, 0, 40.32, 1328
2026/09/28 20:14:26.800, 1, 41.51, 1328
2026/09/28 20:14:26.806, 2, 36.70, 1328
2026/09/28 20:14:26.809, 3, 149.29, 1278
2026/09/28 20:14:27.020, 0, 40.32, 1328
2026/09/28 20:14:27.022, 1, 41.75, 1328
2026/09/28 20:14:27.026, 2, 36.24, 1328
2026/09/28 20:14:27.029, 3, 155.52, 1240
2026/09/28 20:14:27.241, 0, 115.75, 1328
2026/09/28 20:14:27.244, 1, 53.31, 1328
2026/09/28 20:14:27.247, 2, 36.50, 1328
2026/09/28 20:14:27.250, 3, 38.60, 1328
2026/09/28 20:14:27.455, 0, 40.83, 1328
2026/09/28 20:14:27.459, 1, 41.80, 1328
2026/09/28 20:14:27.461, 2, 36.97, 1328
2026/09/28 20:14:27.464, 3, 39.12, 1328
2026/09/28 20:14:27.667, 0, 39.62, 1189
2026/09/28 20:14:27.673, 1, 41.80, 1328
2026/09/28 20:14:27.679, 2, 36.73, 1328
2026/09/28 20:14:27.682, 3, 38.88, 1328
2026/09/28 20:14:27.896, 0, 35.54, 1189
2026/09/28 20:14:27.898, 1, 36.73, 1189
2026/09/28 20:14:27.902, 2, 32.64, 1189
2026/09/28 20:14:27.906, 3, 34.05, 1189
2026/09/28 20:14:28.110, 0, 35.30, 1189
2026/09/28 20:14:28.113, 1, 36.73, 1189
2026/09/28 20:14:28.116, 2, 32.64, 1189
2026/09/28 20:14:28.119, 3, 33.83, 1189
2026/09/28 20:14:28.322, 0, 35.30, 1189
2026/09/28 20:14:28.325, 1, 36.73, 1189
2026/09/28 20:14:28.328, 2, 32.62, 1189
2026/09/28 20:14:28.331, 3, 33.57, 1189
2026/09/28 20:14:28.534, 0, 35.54, 1189
2026/09/28 20:14:28.538, 1, 36.49, 1189
2026/09/28 20:14:28.542, 2, 32.62, 1189
2026/09/28 20:14:28.546, 3, 33.57, 1189
2026/09/28 20:14:28.751, 0, 35.29, 1189
2026/09/28 20:14:28.755, 1, 36.73, 1189
2026/09/28 20:14:28.758, 2, 32.62, 1189
2026/09/28 20:14:28.761, 3, 33.59, 1189
2026/09/28 20:14:28.964, 0, 35.30, 1189
2026/09/28 20:14:28.967, 1, 36.73, 1189
2026/09/28 20:14:28.969, 2, 32.62, 1189
2026/09/28 20:14:28.972, 3, 33.59, 1189
2026/09/28 20:14:29.175, 0, 35.30, 1189
2026/09/28 20:14:29.178, 1, 36.73, 1189
2026/09/28 20:14:29.184, 2, 32.40, 1189
2026/09/28 20:14:29.187, 3, 33.59, 1189
2026/09/28 20:14:29.390, 0, 35.54, 1189
2026/09/28 20:14:29.393, 1, 36.49, 1189
2026/09/28 20:14:29.396, 2, 32.62, 1189
2026/09/28 20:14:29.399, 3, 33.59, 1189
2026/09/28 20:14:29.602, 0, 35.30, 1189
2026/09/28 20:14:29.605, 1, 36.49, 1189
2026/09/28 20:14:29.607, 2, 32.62, 1189
2026/09/28 20:14:29.611, 3, 33.57, 1189
2026/09/28 20:14:29.816, 0, 35.30, 1189
2026/09/28 20:14:29.819, 1, 36.49, 1189
2026/09/28 20:14:29.822, 2, 32.38, 1189
2026/09/28 20:14:29.825, 3, 33.57, 1189
2026/09/28 20:14:30.028, 0, 35.30, 1189
2026/09/28 20:14:30.031, 1, 36.49, 1189
2026/09/28 20:14:30.034, 2, 32.40, 1189
2026/09/28 20:14:30.037, 3, 33.34, 1189
2026/09/28 20:14:30.240, 0, 35.30, 1189
2026/09/28 20:14:30.243, 1, 36.49, 1189
2026/09/28 20:14:30.247, 2, 32.62, 1189
2026/09/28 20:14:30.250, 3, 33.59, 1189
2026/09/28 20:14:30.453, 0, 35.30, 1189
2026/09/28 20:14:30.457, 1, 36.49, 1189
2026/09/28 20:14:30.460, 2, 32.64, 1189
2026/09/28 20:14:30.464, 3, 33.34, 1189
2026/09/28 20:14:30.667, 0, 35.30, 1189
2026/09/28 20:14:30.670, 1, 36.49, 1189
2026/09/28 20:14:30.673, 2, 32.40, 1189
2026/09/28 20:14:30.676, 3, 33.59, 1189
2026/09/28 20:14:30.882, 0, 35.30, 1189
2026/09/28 20:14:30.885, 1, 36.49, 1189
2026/09/28 20:14:30.889, 2, 32.38, 1189
2026/09/28 20:14:30.892, 3, 33.59, 1189
2026/09/28 20:14:31.095, 0, 35.30, 1189
2026/09/28 20:14:31.100, 1, 36.49, 1189
2026/09/28 20:14:31.103, 2, 32.62, 1189
2026/09/28 20:14:31.106, 3, 33.33, 1189
2026/09/28 20:14:31.309, 0, 35.30, 1189
2026/09/28 20:14:31.312, 1, 36.49, 1189
2026/09/28 20:14:31.315, 2, 32.40, 1189
2026/09/28 20:14:31.318, 3, 33.57, 1189
2026/09/28 20:14:31.521, 0, 35.29, 1189
2026/09/28 20:14:31.524, 1, 36.49, 1189
2026/09/28 20:14:31.527, 2, 32.62, 1189
2026/09/28 20:14:31.530, 3, 33.57, 1189
2026/09/28 20:14:31.733, 0, 35.30, 1189
2026/09/28 20:14:31.736, 1, 36.49, 1189
2026/09/28 20:14:31.739, 2, 32.40, 1189
2026/09/28 20:14:31.744, 3, 33.34, 1189
2026/09/28 20:14:31.947, 0, 35.30, 1189
2026/09/28 20:14:31.952, 1, 36.49, 1189
2026/09/28 20:14:31.955, 2, 32.40, 1189
2026/09/28 20:14:31.955, 3, 33.59, 1189
2026/09/28 20:14:32.156, 0, 35.30, 1189
2026/09/28 20:14:32.159, 1, 36.49, 1189
2026/09/28 20:14:32.162, 2, 32.38, 1189
2026/09/28 20:14:32.165, 3, 33.34, 1189
2026/09/28 20:14:32.368, 0, 35.30, 1189
2026/09/28 20:14:32.371, 1, 36.49, 1189
2026/09/28 20:14:32.374, 2, 32.40, 1189
2026/09/28 20:14:32.377, 3, 33.34, 1189
2026/09/28 20:14:32.580, 0, 35.30, 1189
2026/09/28 20:14:32.583, 1, 36.49, 1189
2026/09/28 20:14:32.586, 2, 32.40, 1189
2026/09/28 20:14:32.589, 3, 33.33, 1189
2026/09/28 20:14:32.792, 0, 35.06, 1189
2026/09/28 20:14:32.795, 1, 36.49, 1189
2026/09/28 20:14:32.798, 2, 32.38, 1189
2026/09/28 20:14:32.803, 3, 33.33, 1189
2026/09/28 20:14:33.006, 0, 35.30, 1189
2026/09/28 20:14:33.010, 1, 36.49, 1189
2026/09/28 20:14:33.013, 2, 32.40, 1189
2026/09/28 20:14:33.016, 3, 33.34, 1189
2026/09/28 20:14:33.219, 0, 35.30, 1189
2026/09/28 20:14:33.222, 1, 36.49, 1189
2026/09/28 20:14:33.225, 2, 32.40, 1189
2026/09/28 20:14:33.228, 3, 33.34, 1189
2026/09/28 20:14:33.431, 0, 35.30, 1189
2026/09/28 20:14:33.434, 1, 36.49, 1189
2026/09/28 20:14:33.436, 2, 32.38, 1189
2026/09/28 20:14:33.443, 3, 33.34, 1189
2026/09/28 20:14:33.646, 0, 35.30, 1189
2026/09/28 20:14:33.652, 1, 36.49, 1189
2026/09/28 20:14:33.655, 2, 32.40, 1189
2026/09/28 20:14:33.658, 3, 33.34, 1189
2026/09/28 20:14:33.861, 0, 35.06, 1189
2026/09/28 20:14:33.864, 1, 36.49, 1189
2026/09/28 20:14:33.867, 2, 32.40, 1189
2026/09/28 20:14:33.870, 3, 33.33, 1189
2026/09/28 20:14:34.073, 0, 35.30, 1189
2026/09/28 20:14:34.076, 1, 36.49, 1189
2026/09/28 20:14:34.079, 2, 32.40, 1189
2026/09/28 20:14:34.082, 3, 33.33, 1189
2026/09/28 20:14:34.286, 0, 35.06, 1189
2026/09/28 20:14:34.289, 1, 36.49, 1189
2026/09/28 20:14:34.292, 2, 32.40, 1189
2026/09/28 20:14:34.295, 3, 33.34, 1189
2026/09/28 20:14:34.498, 0, 35.06, 1189
2026/09/28 20:14:34.501, 1, 36.49, 1189
2026/09/28 20:14:34.504, 2, 32.40, 1189
2026/09/28 20:14:34.507, 3, 33.34, 1189
2026/09/28 20:14:34.710, 0, 35.30, 1189
2026/09/28 20:14:34.714, 1, 36.49, 1189
2026/09/28 20:14:34.716, 2, 32.38, 1189
2026/09/28 20:14:34.722, 3, 33.33, 1189
2026/09/28 20:14:34.925, 0, 35.30, 1189
2026/09/28 20:14:34.928, 1, 36.49, 1189
2026/09/28 20:14:34.931, 2, 32.40, 1189
2026/09/28 20:14:34.934, 3, 33.34, 1189
2026/09/28 20:14:35.137, 0, 35.06, 1189
2026/09/28 20:14:35.140, 1, 36.49, 1189
2026/09/28 20:14:35.143, 2, 32.40, 1189
2026/09/28 20:14:35.146, 3, 33.34, 1189
2026/09/28 20:14:35.349, 0, 35.06, 1189
2026/09/28 20:14:35.353, 1, 36.49, 1189
2026/09/28 20:14:35.356, 2, 32.40, 1189
2026/09/28 20:14:35.361, 3, 33.35, 1189
2026/09/28 20:14:35.565, 0, 35.06, 1189
2026/09/28 20:14:35.568, 1, 36.49, 1189
2026/09/28 20:14:35.571, 2, 32.40, 1189
2026/09/28 20:14:35.574, 3, 33.34, 1189
2026/09/28 20:14:35.777, 0, 35.30, 1189
2026/09/28 20:14:35.780, 1, 36.49, 1189
2026/09/28 20:14:35.783, 2, 32.38, 1189
2026/09/28 20:14:35.786, 3, 33.33, 1189
2026/09/28 20:14:35.989, 0, 35.06, 1189
2026/09/28 20:14:35.994, 1, 36.49, 1189
2026/09/28 20:14:35.996, 2, 32.40, 1189
2026/09/28 20:14:36.001, 3, 33.34, 1189
2026/09/28 20:14:36.205, 0, 35.06, 1189
2026/09/28 20:14:36.208, 1, 36.49, 1189
2026/09/28 20:14:36.211, 2, 32.40, 1189
2026/09/28 20:14:36.214, 3, 33.34, 1189
2026/09/28 20:14:36.417, 0, 35.06, 1189
2026/09/28 20:14:36.420, 1, 36.49, 1189
2026/09/28 20:14:36.423, 2, 32.40, 1189
2026/09/28 20:14:36.426, 3, 33.34, 1189
2026/09/28 20:14:36.629, 0, 35.06, 1189
2026/09/28 20:14:36.633, 1, 36.49, 1189
2026/09/28 20:14:36.636, 2, 32.40, 1189
2026/09/28 20:14:36.641, 3, 33.34, 1189
2026/09/28 20:14:36.844, 0, 35.06, 1189
2026/09/28 20:14:36.848, 1, 36.49, 1189
2026/09/28 20:14:36.851, 2, 32.38, 1189
2026/09/28 20:14:36.853, 3, 33.33, 1189
2026/09/28 20:14:37.057, 0, 35.06, 1189
2026/09/28 20:14:37.059, 1, 36.49, 1189
2026/09/28 20:14:37.062, 2, 32.38, 1189
2026/09/28 20:14:37.065, 3, 33.34, 1189
2026/09/28 20:14:37.268, 0, 35.06, 1189
2026/09/28 20:14:37.273, 1, 36.25, 1189
2026/09/28 20:14:37.276, 2, 32.13, 1189
2026/09/28 20:14:37.282, 3, 33.10, 1189
2026/09/28 20:14:37.485, 0, 35.06, 1189
2026/09/28 20:14:37.488, 1, 36.49, 1189
2026/09/28 20:14:37.491, 2, 32.40, 1189
2026/09/28 20:14:37.494, 3, 33.34, 1189
2026/09/28 20:14:37.697, 0, 35.06, 1189
2026/09/28 20:14:37.700, 1, 36.25, 1189
2026/09/28 20:14:37.703, 2, 32.38, 1189
2026/09/28 20:14:37.706, 3, 33.33, 1189
2026/09/28 20:14:37.909, 0, 35.06, 1189
2026/09/28 20:14:37.913, 1, 36.49, 1189
2026/09/28 20:14:37.916, 2, 32.38, 1189
2026/09/28 20:14:37.922, 3, 33.33, 1189
2026/09/28 20:14:38.125, 0, 85.64, 1189
2026/09/28 20:14:38.128, 1, 36.22, 1189
2026/09/28 20:14:38.131, 2, 32.38, 1189
2026/09/28 20:14:38.133, 3, 33.08, 1189
2026/09/28 20:14:38.336, 0, 43.46, 1316
2026/09/28 20:14:38.339, 1, 117.94, 1189
2026/09/28 20:14:38.342, 2, 32.38, 1189
2026/09/28 20:14:38.345, 3, 33.06, 1189
2026/09/28 20:14:38.549, 0, 39.86, 1316
2026/09/28 20:14:38.553, 1, 39.84, 1316
2026/09/28 20:14:38.556, 2, 113.98, 1189
2026/09/28 20:14:38.561, 3, 33.55, 1189
2026/09/28 20:14:38.764, 0, 40.10, 1316
2026/09/28 20:14:38.767, 1, 40.81, 1316
2026/09/28 20:14:38.770, 2, 36.49, 1316
2026/09/28 20:14:38.773, 3, 55.72, 1189
2026/09/28 20:14:38.976, 0, 66.07, 1316
2026/09/28 20:14:38.979, 1, 80.46, 1316
2026/09/28 20:14:38.982, 2, 64.64, 1316
2026/09/28 20:14:38.985, 3, 43.92, 1316
2026/09/28 20:14:39.188, 0, 48.98, 1316
2026/09/28 20:14:39.193, 1, 53.10, 1316
2026/09/28 20:14:39.196, 2, 52.61, 1316
2026/09/28 20:14:39.201, 3, 69.17, 1316
2026/09/28 20:14:39.406, 0, 87.96, 1316
2026/09/28 20:14:39.409, 1, 66.33, 1316
2026/09/28 20:14:39.412, 2, 42.02, 1316
2026/09/28 20:14:39.415, 3, 48.48, 1316
2026/09/28 20:14:39.618, 0, 57.18, 1316
2026/09/28 20:14:39.621, 1, 64.40, 1316
2026/09/28 20:14:39.624, 2, 74.72, 1316
2026/09/28 20:14:39.627, 3, 69.65, 1316
2026/09/28 20:14:39.830, 0, 47.08, 1316
2026/09/28 20:14:39.833, 1, 50.65, 1316
2026/09/28 20:14:39.836, 2, 49.95, 1316
2026/09/28 20:14:39.841, 3, 64.12, 1316
2026/09/28 20:14:40.046, 0, 80.49, 1316
2026/09/28 20:14:40.049, 1, 76.12, 1316
2026/09/28 20:14:40.052, 2, 43.22, 1316
2026/09/28 20:14:40.054, 3, 47.54, 1316
2026/09/28 20:14:40.257, 0, 55.04, 1316
2026/09/28 20:14:40.260, 1, 61.76, 1316
2026/09/28 20:14:40.263, 2, 68.70, 1316
2026/09/28 20:14:40.266, 3, 81.18, 1316
2026/09/28 20:14:40.469, 0, 46.36, 1316
2026/09/28 20:14:40.472, 1, 48.02, 1316
2026/09/28 20:14:40.475, 2, 46.36, 1316
2026/09/28 20:14:40.481, 3, 55.71, 1316
2026/09/28 20:14:40.686, 0, 63.67, 1316
2026/09/28 20:14:40.692, 1, 75.74, 1316
2026/09/28 20:14:40.695, 2, 79.98, 1316
2026/09/28 20:14:40.701, 3, 77.09, 1316
2026/09/28 20:14:40.906, 0, 46.36, 1316
2026/09/28 20:14:40.912, 1, 49.95, 1316
2026/09/28 20:14:40.915, 2, 48.05, 1316
2026/09/28 20:14:40.920, 3, 60.05, 1316
2026/09/28 20:14:41.126, 0, 57.95, 1189
2026/09/28 20:14:41.132, 1, 84.18, 1316
2026/09/28 20:14:41.135, 2, 74.43, 1316
2026/09/28 20:14:41.140, 3, 60.77, 1316
2026/09/28 20:14:41.346, 0, 43.97, 1189
2026/09/28 20:14:41.352, 1, 49.24, 1189
2026/09/28 20:14:41.355, 2, 51.88, 1189
2026/09/28 20:14:41.358, 3, 94.80, 1316
2026/09/28 20:14:41.561, 0, 44.92, 1189
2026/09/28 20:14:41.564, 1, 48.27, 1189
2026/09/28 20:14:41.568, 2, 52.61, 1189
2026/09/28 20:14:41.571, 3, 72.55, 1189
2026/09/28 20:14:41.774, 0, 46.63, 1189
2026/09/28 20:14:41.778, 1, 53.33, 1189
2026/09/28 20:14:41.780, 2, 59.57, 1189
2026/09/28 20:14:41.783, 3, 63.15, 1189
2026/09/28 20:14:41.986, 0, 48.32, 1189
2026/09/28 20:14:41.992, 1, 55.30, 1189
2026/09/28 20:14:41.995, 2, 66.13, 1189
2026/09/28 20:14:41.997, 3, 58.12, 1189
2026/09/28 20:14:42.201, 0, 52.64, 1189
2026/09/28 20:14:42.203, 1, 60.06, 1189
2026/09/28 20:14:42.208, 2, 69.66, 1189
2026/09/28 20:14:42.211, 3, 49.45, 1189
2026/09/28 20:14:42.414, 0, 54.59, 1189
2026/09/28 20:14:42.416, 1, 63.17, 1189
2026/09/28 20:14:42.419, 2, 60.82, 1189
2026/09/28 20:14:42.422, 3, 38.15, 1189
2026/09/28 20:14:42.625, 0, 55.01, 1189
2026/09/28 20:14:42.631, 1, 66.08, 1189
2026/09/28 20:14:42.634, 2, 56.92, 1189
2026/09/28 20:14:42.637, 3, 38.15, 1189
2026/09/28 20:14:42.840, 0, 64.14, 1189
2026/09/28 20:14:42.843, 1, 73.09, 1189
2026/09/28 20:14:42.847, 2, 43.95, 1189
2026/09/28 20:14:42.850, 3, 39.34, 1189
2026/09/28 20:14:43.053, 0, 68.28, 1189
2026/09/28 20:14:43.056, 1, 61.54, 1189
2026/09/28 20:14:43.059, 2, 35.76, 1189
2026/09/28 20:14:43.062, 3, 41.27, 1189
2026/09/28 20:14:43.265, 0, 70.45, 1189
2026/09/28 20:14:43.271, 1, 58.84, 1189
2026/09/28 20:14:43.274, 2, 35.76, 1189
2026/09/28 20:14:43.277, 3, 41.03, 1189
2026/09/28 20:14:43.480, 0, 78.15, 1189
2026/09/28 20:14:43.483, 1, 53.55, 1189
2026/09/28 20:14:43.487, 2, 36.46, 1189
2026/09/28 20:14:43.490, 3, 42.96, 1189
2026/09/28 20:14:43.693, 0, 66.31, 1189
2026/09/28 20:14:43.696, 1, 39.36, 1189
2026/09/28 20:14:43.698, 2, 37.69, 1189
2026/09/28 20:14:43.702, 3, 45.35, 1189
2026/09/28 20:14:43.905, 0, 60.60, 1189
2026/09/28 20:14:43.911, 1, 40.07, 1189
2026/09/28 20:14:43.913, 2, 38.15, 1189
2026/09/28 20:14:43.916, 3, 48.00, 1189
2026/09/28 20:14:44.119, 0, 47.60, 1189
2026/09/28 20:14:44.122, 1, 40.57, 1189
2026/09/28 20:14:44.126, 2, 39.36, 1189
2026/09/28 20:14:44.129, 3, 50.68, 1189
2026/09/28 20:14:44.332, 0, 41.80, 1189
2026/09/28 20:14:44.335, 1, 41.77, 1189
2026/09/28 20:14:44.338, 2, 41.29, 1189
2026/09/28 20:14:44.341, 3, 55.99, 1189
2026/09/28 20:14:44.544, 0, 39.14, 1189
2026/09/28 20:14:44.550, 1, 41.53, 1189
2026/09/28 20:14:44.553, 2, 41.53, 1189
2026/09/28 20:14:44.556, 3, 56.92, 1189
2026/09/28 20:14:44.759, 0, 39.86, 1189
2026/09/28 20:14:44.762, 1, 43.20, 1189
2026/09/28 20:14:44.766, 2, 43.71, 1189
2026/09/28 20:14:44.769, 3, 60.78, 1189
2026/09/28 20:14:44.972, 0, 41.32, 1189
2026/09/28 20:14:44.975, 1, 44.87, 1189
2026/09/28 20:14:44.978, 2, 49.26, 1189
2026/09/28 20:14:44.981, 3, 68.95, 1189
2026/09/28 20:14:45.186, 0, 41.77, 1189
2026/09/28 20:14:45.190, 1, 46.38, 1189
2026/09/28 20:14:45.193, 2, 48.53, 1189
2026/09/28 20:14:45.196, 3, 72.79, 1189
2026/09/28 20:14:45.399, 0, 43.22, 1189
2026/09/28 20:14:45.402, 1, 47.60, 1189
2026/09/28 20:14:45.406, 2, 51.64, 1189
2026/09/28 20:14:45.409, 3, 81.22, 1189
2026/09/28 20:14:45.612, 0, 44.91, 1189
2026/09/28 20:14:45.615, 1, 49.69, 1189
2026/09/28 20:14:45.618, 2, 56.72, 1189
2026/09/28 20:14:45.620, 3, 69.39, 1189
2026/09/28 20:14:45.823, 0, 45.65, 1189
2026/09/28 20:14:45.830, 1, 53.10, 1189
2026/09/28 20:14:45.833, 2, 60.54, 1189
2026/09/28 20:14:45.836, 3, 63.88, 1189
2026/09/28 20:14:46.039, 0, 49.47, 1189
2026/09/28 20:14:46.042, 1, 55.69, 1189
2026/09/28 20:14:46.045, 2, 67.53, 1189
2026/09/28 20:14:46.048, 3, 55.72, 1189
2026/09/28 20:14:46.251, 0, 52.37, 1189
2026/09/28 20:14:46.254, 1, 62.71, 1189
2026/09/28 20:14:46.257, 2, 63.71, 1189
2026/09/28 20:14:46.260, 3, 41.02, 1189
2026/09/28 20:14:46.463, 0, 57.40, 1189
2026/09/28 20:14:46.466, 1, 70.88, 1189
2026/09/28 20:14:46.469, 2, 51.64, 1189
2026/09/28 20:14:46.472, 3, 38.61, 1189
2026/09/28 20:14:46.675, 0, 65.71, 1189
2026/09/28 20:14:46.678, 1, 69.43, 1189
2026/09/28 20:14:46.681, 2, 39.12, 1189
2026/09/28 20:14:46.684, 3, 40.06, 1189
2026/09/28 20:14:46.887, 0, 72.79, 1189
2026/09/28 20:14:46.890, 1, 50.20, 1189
2026/09/28 20:14:46.893, 2, 35.98, 1189
2026/09/28 20:14:46.899, 3, 41.27, 1189
2026/09/28 20:14:47.102, 0, 75.56, 1189
2026/09/28 20:14:47.105, 1, 48.06, 1189
2026/09/28 20:14:47.108, 2, 36.72, 1189
2026/09/28 20:14:47.111, 3, 42.96, 1189
2026/09/28 20:14:47.315, 0, 68.25, 1189
2026/09/28 20:14:47.318, 1, 39.61, 1189
2026/09/28 20:14:47.321, 2, 37.45, 1189
2026/09/28 20:14:47.323, 3, 45.85, 1189
2026/09/28 20:14:47.526, 0, 57.95, 1189
2026/09/28 20:14:47.529, 1, 40.33, 1189
2026/09/28 20:14:47.532, 2, 38.64, 1189
2026/09/28 20:14:47.535, 3, 49.95, 1189
2026/09/28 20:14:47.738, 0, 41.31, 1189
2026/09/28 20:14:47.741, 1, 41.51, 1189
2026/09/28 20:14:47.744, 2, 40.81, 1189
2026/09/28 20:14:47.747, 3, 55.24, 1189
2026/09/28 20:14:47.950, 0, 39.62, 1189
2026/09/28 20:14:47.953, 1, 44.17, 1189
2026/09/28 20:14:47.956, 2, 44.19, 1189
2026/09/28 20:14:47.959, 3, 64.36, 1189
2026/09/28 20:14:48.162, 0, 40.83, 1189
2026/09/28 20:14:48.165, 1, 46.12, 1189
2026/09/28 20:14:48.168, 2, 47.30, 1189
2026/09/28 20:14:48.171, 3, 73.51, 1189
2026/09/28 20:14:48.374, 0, 50.46, 1189
2026/09/28 20:14:48.377, 1, 60.57, 1189
2026/09/28 20:14:48.380, 2, 65.84, 1189
2026/09/28 20:14:48.382, 3, 47.30, 1189
2026/09/28 20:14:48.585, 0, 55.71, 1189
2026/09/28 20:14:48.589, 1, 65.60, 1189
2026/09/28 20:14:48.592, 2, 65.36, 1189
2026/09/28 20:14:48.598, 3, 48.96, 1189
2026/09/28 20:14:48.802, 0, 56.50, 1189
2026/09/28 20:14:48.805, 1, 67.77, 1189
2026/09/28 20:14:48.808, 2, 54.75, 1189
2026/09/28 20:14:48.811, 3, 38.13, 1189
2026/09/28 20:14:49.014, 0, 64.64, 1189
2026/09/28 20:14:49.017, 1, 67.12, 1189
2026/09/28 20:14:49.020, 2, 38.39, 1189
2026/09/28 20:14:49.023, 3, 40.30, 1189
2026/09/28 20:14:49.225, 0, 73.07, 1189
2026/09/28 20:14:49.229, 1, 55.69, 1189
2026/09/28 20:14:49.231, 2, 38.66, 1189
2026/09/28 20:14:49.237, 3, 39.82, 1189
2026/09/28 20:14:49.442, 0, 69.97, 1189
2026/09/28 20:14:49.445, 1, 61.02, 1189
2026/09/28 20:14:49.448, 2, 35.76, 1189
2026/09/28 20:14:49.451, 3, 41.27, 1189
2026/09/28 20:14:49.654, 0, 74.51, 1189
2026/09/28 20:14:49.656, 1, 48.99, 1189
2026/09/28 20:14:49.659, 2, 36.97, 1189
2026/09/28 20:14:49.662, 3, 43.68, 1189
2026/09/28 20:14:49.865, 0, 58.40, 1189
2026/09/28 20:14:49.868, 1, 40.09, 1189
2026/09/28 20:14:49.871, 2, 37.45, 1189
2026/09/28 20:14:49.877, 3, 44.65, 1189
2026/09/28 20:14:50.081, 0, 61.02, 1189
2026/09/28 20:14:50.084, 1, 39.60, 1189
2026/09/28 20:14:50.087, 2, 38.90, 1189
2026/09/28 20:14:50.090, 3, 48.27, 1189
2026/09/28 20:14:50.293, 0, 47.60, 1189
2026/09/28 20:14:50.296, 1, 41.05, 1189
2026/09/28 20:14:50.299, 2, 40.33, 1189
2026/09/28 20:14:50.302, 3, 53.33, 1189
2026/09/28 20:14:50.505, 0, 39.16, 1189
2026/09/28 20:14:50.508, 1, 42.23, 1189
2026/09/28 20:14:50.511, 2, 40.33, 1189
2026/09/28 20:14:50.517, 3, 51.40, 1189
2026/09/28 20:14:50.721, 0, 39.14, 1189
2026/09/28 20:14:50.724, 1, 42.27, 1189
2026/09/28 20:14:50.727, 2, 41.77, 1189
2026/09/28 20:14:50.730, 3, 56.40, 1189
2026/09/28 20:14:50.933, 0, 41.31, 1189
2026/09/28 20:14:50.936, 1, 45.12, 1189
2026/09/28 20:14:50.939, 2, 47.08, 1189
2026/09/28 20:14:50.942, 3, 71.83, 1189
2026/09/28 20:14:51.145, 0, 42.76, 1189
2026/09/28 20:14:51.148, 1, 47.79, 1189
2026/09/28 20:14:51.150, 2, 48.53, 1189
2026/09/28 20:14:51.156, 3, 67.50, 1189
2026/09/28 20:14:51.361, 0, 42.29, 1189
2026/09/28 20:14:51.364, 1, 46.84, 1189
2026/09/28 20:14:51.367, 2, 50.44, 1189
2026/09/28 20:14:51.369, 3, 78.77, 1189
2026/09/28 20:14:51.572, 0, 44.21, 1189
2026/09/28 20:14:51.576, 1, 49.99, 1189
2026/09/28 20:14:51.579, 2, 54.78, 1189
2026/09/28 20:14:51.581, 3, 70.11, 1189
2026/09/28 20:14:51.784, 0, 48.04, 1189
2026/09/28 20:14:51.788, 1, 54.79, 1189
2026/09/28 20:14:51.790, 2, 58.16, 1189
2026/09/28 20:14:51.796, 3, 70.83, 1189
2026/09/28 20:14:52.001, 0, 48.09, 1189
2026/09/28 20:14:52.004, 1, 54.82, 1189
2026/09/28 20:14:52.007, 2, 63.19, 1189
2026/09/28 20:14:52.009, 3, 58.85, 1189
2026/09/28 20:14:52.212, 0, 51.67, 1189
2026/09/28 20:14:52.215, 1, 61.04, 1189
2026/09/28 20:14:52.218, 2, 63.67, 1189
2026/09/28 20:14:52.221, 3, 44.40, 1189
2026/09/28 20:14:52.424, 0, 56.25, 1189
2026/09/28 20:14:52.427, 1, 68.96, 1189
2026/09/28 20:14:52.430, 2, 63.19, 1189
2026/09/28 20:14:52.436, 3, 48.27, 1189
2026/09/28 20:14:52.640, 0, 54.54, 1189
2026/09/28 20:14:52.643, 1, 68.22, 1189
2026/09/28 20:14:52.646, 2, 58.37, 1189
2026/09/28 20:14:52.649, 3, 38.39, 1189
2026/09/28 20:14:52.852, 0, 67.30, 1189
2026/09/28 20:14:52.855, 1, 66.32, 1189
2026/09/28 20:14:52.858, 2, 35.49, 1189
2026/09/28 20:14:52.861, 3, 40.06, 1189
2026/09/28 20:14:53.064, 0, 73.32, 1189
2026/09/28 20:14:53.067, 1, 53.52, 1189
2026/09/28 20:14:53.070, 2, 35.74, 1189
2026/09/28 20:14:53.075, 3, 40.06, 1189
2026/09/28 20:14:53.280, 0, 72.11, 1189
2026/09/28 20:14:53.284, 1, 63.47, 1189
2026/09/28 20:14:53.287, 2, 35.74, 1189
2026/09/28 20:14:53.290, 3, 41.51, 1189
2026/09/28 20:14:53.493, 0, 75.23, 1189
2026/09/28 20:14:53.496, 1, 50.01, 1189
2026/09/28 20:14:53.499, 2, 36.71, 1189
2026/09/28 20:14:53.502, 3, 43.65, 1189
2026/09/28 20:14:53.705, 0, 66.35, 1189
2026/09/28 20:14:53.708, 1, 39.60, 1189
2026/09/28 20:14:53.710, 2, 37.67, 1189
2026/09/28 20:14:53.715, 3, 43.90, 1189
2026/09/28 20:14:53.919, 0, 57.88, 1189
2026/09/28 20:14:53.922, 1, 39.84, 1189
2026/09/28 20:14:53.925, 2, 38.64, 1189
2026/09/28 20:14:53.928, 3, 49.45, 1189
2026/09/28 20:14:54.131, 0, 44.89, 1189
2026/09/28 20:14:54.134, 1, 41.55, 1189
2026/09/28 20:14:54.137, 2, 40.09, 1189
2026/09/28 20:14:54.140, 3, 53.07, 1189
2026/09/28 20:14:54.343, 0, 38.90, 1189
2026/09/28 20:14:54.346, 1, 42.77, 1189
2026/09/28 20:14:54.349, 2, 40.57, 1189
2026/09/28 20:14:54.354, 3, 52.12, 1189
2026/09/28 20:14:54.559, 0, 38.66, 1189
2026/09/28 20:14:54.562, 1, 41.53, 1189
2026/09/28 20:14:54.565, 2, 41.53, 1189
2026/09/28 20:14:54.568, 3, 57.44, 1189
2026/09/28 20:14:54.771, 0, 40.08, 1189
2026/09/28 20:14:54.776, 1, 43.01, 1189
2026/09/28 20:14:54.778, 2, 43.22, 1189
2026/09/28 20:14:54.781, 3, 60.98, 1189
2026/09/28 20:14:54.984, 0, 40.59, 1189
2026/09/28 20:14:54.987, 1, 44.93, 1189
2026/09/28 20:14:54.990, 2, 45.64, 1189
2026/09/28 20:14:54.994, 3, 65.56, 1189
2026/09/28 20:14:55.198, 0, 41.79, 1189
2026/09/28 20:14:55.201, 1, 45.64, 1189
2026/09/28 20:14:55.204, 2, 47.33, 1189
2026/09/28 20:14:55.207, 3, 75.45, 1189
2026/09/28 20:14:55.410, 0, 124.92, 1189
2026/09/28 20:14:55.413, 1, 36.71, 1189
2026/09/28 20:14:55.416, 2, 32.38, 1189
2026/09/28 20:14:55.419, 3, 33.55, 1189
2026/09/28 20:14:55.622, 0, 39.84, 1316
2026/09/28 20:14:55.625, 1, 124.80, 1189
2026/09/28 20:14:55.628, 2, 32.62, 1189
2026/09/28 20:14:55.634, 3, 33.31, 1189
2026/09/28 20:14:55.838, 0, 39.84, 1316
2026/09/28 20:14:55.842, 1, 40.54, 1316
2026/09/28 20:14:55.845, 2, 66.08, 1316
2026/09/28 20:14:55.847, 3, 96.50, 1189
2026/09/28 20:14:56.051, 0, 87.48, 1316
2026/09/28 20:14:56.053, 1, 88.56, 1316
2026/09/28 20:14:56.057, 2, 36.00, 1316
2026/09/28 20:14:56.059, 3, 37.65, 1316
2026/09/28 20:14:56.262, 0, 48.32, 1316
2026/09/28 20:14:56.265, 1, 53.30, 1316
2026/09/28 20:14:56.268, 2, 56.71, 1316
2026/09/28 20:14:56.271, 3, 84.27, 1316
2026/09/28 20:14:56.474, 0, 78.86, 1316
2026/09/28 20:14:56.477, 1, 48.75, 1316
2026/09/28 20:14:56.481, 2, 43.46, 1316
2026/09/28 20:14:56.484, 3, 52.34, 1316
2026/09/28 20:14:56.687, 0, 63.42, 1316
2026/09/28 20:14:56.690, 1, 72.31, 1316
2026/09/28 20:14:56.693, 2, 75.93, 1316
2026/09/28 20:14:56.696, 3, 50.17, 1316
2026/09/28 20:14:56.899, 0, 49.74, 1316
2026/09/28 20:14:56.902, 1, 53.82, 1316
2026/09/28 20:14:56.904, 2, 57.88, 1316
2026/09/28 20:14:56.907, 3, 88.12, 1316
2026/09/28 20:14:57.110, 0, 75.48, 1316
2026/09/28 20:14:57.113, 1, 45.85, 1316
2026/09/28 20:14:57.116, 2, 44.67, 1316
2026/09/28 20:14:57.119, 3, 54.99, 1316
2026/09/28 20:14:57.322, 0, 64.42, 1316
2026/09/28 20:14:57.325, 1, 75.93, 1316
2026/09/28 20:14:57.328, 2, 69.94, 1316
2026/09/28 20:14:57.331, 3, 43.92, 1316
2026/09/28 20:14:57.534, 0, 49.71, 1316
2026/09/28 20:14:57.537, 1, 52.38, 1316
2026/09/28 20:14:57.541, 2, 54.54, 1316
2026/09/28 20:14:57.543, 3, 81.86, 1316
2026/09/28 20:14:57.746, 0, 81.27, 1316
2026/09/28 20:14:57.749, 1, 45.37, 1316
2026/09/28 20:14:57.752, 2, 43.22, 1316
2026/09/28 20:14:57.755, 3, 53.30, 1316
2026/09/28 20:14:57.958, 0, 66.35, 1316
2026/09/28 20:14:57.961, 1, 77.13, 1316
2026/09/28 20:14:57.964, 2, 69.94, 1316
2026/09/28 20:14:57.967, 3, 44.17, 1316
2026/09/28 20:14:58.170, 0, 49.02, 1316
2026/09/28 20:14:58.173, 1, 53.81, 1316
2026/09/28 20:14:58.176, 2, 57.15, 1316
2026/09/28 20:14:58.179, 3, 85.48, 1316
2026/09/28 20:14:58.382, 0, 75.96, 1316
2026/09/28 20:14:58.385, 1, 45.86, 1316
2026/09/28 20:14:58.387, 2, 44.43, 1316
2026/09/28 20:14:58.390, 3, 50.65, 1316
2026/09/28 20:14:58.597, 0, 58.88, 1316
2026/09/28 20:14:58.601, 1, 66.09, 1316
2026/09/28 20:14:58.603, 2, 77.62, 1316
2026/09/28 20:14:58.606, 3, 65.33, 1316
2026/09/28 20:14:58.809, 0, 47.53, 1316
2026/09/28 20:14:58.812, 1, 51.16, 1316
2026/09/28 20:14:58.815, 2, 52.60, 1316
2026/09/28 20:14:58.818, 3, 74.91, 1316
2026/09/28 20:14:59.021, 0, 87.01, 1316
2026/09/28 20:14:59.024, 1, 57.88, 1316
2026/09/28 20:14:59.028, 2, 42.74, 1316
2026/09/28 20:14:59.030, 3, 51.13, 1316
2026/09/28 20:14:59.234, 0, 55.05, 1316
2026/09/28 20:14:59.240, 1, 61.75, 1316
2026/09/28 20:14:59.243, 2, 70.14, 1316
2026/09/28 20:14:59.246, 3, 79.01, 1316
2026/09/28 20:14:59.449, 0, 45.39, 1316
2026/09/28 20:14:59.452, 1, 48.27, 1316
2026/09/28 20:14:59.455, 2, 48.53, 1316
2026/09/28 20:14:59.458, 3, 64.12, 1316
2026/09/28 20:14:59.660, 0, 81.26, 1316
2026/09/28 20:14:59.664, 1, 77.13, 1316
2026/09/28 20:14:59.667, 2, 41.53, 1316
2026/09/28 20:14:59.670, 3, 47.03, 1316
2026/09/28 20:14:59.873, 0, 85.80, 1316
2026/09/28 20:14:59.873, 1, 69.14, 1316
2026/09/28 20:14:59.873, 2, 76.64, 1316
2026/09/28 20:14:59.876, 3, 67.49, 1316
2026/09/28 20:15:00.082, 0, 47.08, 1316
2026/09/28 20:15:00.085, 1, 50.20, 1316
2026/09/28 20:15:00.088, 2, 51.64, 1316
2026/09/28 20:15:00.091, 3, 73.51, 1316
2026/09/28 20:15:00.294, 0, 80.31, 1316
2026/09/28 20:15:00.300, 1, 79.78, 1316
2026/09/28 20:15:00.303, 2, 43.68, 1316
2026/09/28 20:15:00.306, 3, 47.27, 1316
2026/09/28 20:15:00.509, 0, 54.08, 1316
2026/09/28 20:15:00.512, 1, 60.57, 1316
2026/09/28 20:15:00.515, 2, 68.01, 1316
2026/09/28 20:15:00.517, 3, 82.33, 1316
2026/09/28 20:15:00.720, 0, 49.01, 1316
2026/09/28 20:15:00.723, 1, 48.02, 1316
2026/09/28 20:15:00.727, 2, 47.78, 1316
2026/09/28 20:15:00.730, 3, 63.15, 1316
2026/09/28 20:15:00.933, 0, 75.71, 1316
2026/09/28 20:15:00.936, 1, 82.86, 1316
2026/09/28 20:15:00.939, 2, 51.16, 1316
2026/09/28 20:15:00.942, 3, 45.37, 1316
2026/09/28 20:15:01.147, 0, 51.67, 1316
2026/09/28 20:15:01.150, 1, 57.64, 1316
2026/09/28 20:15:01.152, 2, 63.42, 1316
2026/09/28 20:15:01.155, 3, 92.15, 1316
2026/09/28 20:15:01.358, 0, 54.54, 1316
2026/09/28 20:15:01.361, 1, 47.30, 1316
2026/09/28 20:15:01.364, 2, 47.81, 1316
2026/09/28 20:15:01.367, 3, 61.47, 1316
2026/09/28 20:15:01.570, 0, 74.75, 1316
2026/09/28 20:15:01.573, 1, 80.27, 1316
2026/09/28 20:15:01.579, 2, 65.84, 1316
2026/09/28 20:15:01.582, 3, 52.34, 1316
2026/09/28 20:15:01.788, 0, 48.53, 1316
2026/09/28 20:15:01.791, 1, 53.09, 1316
2026/09/28 20:15:01.794, 2, 55.74, 1316
2026/09/28 20:15:01.797, 3, 83.06, 1316
2026/09/28 20:15:02.000, 0, 76.64, 1316
2026/09/28 20:15:02.003, 1, 45.61, 1316
2026/09/28 20:15:02.005, 2, 44.43, 1316
2026/09/28 20:15:02.008, 3, 54.27, 1316
2026/09/28 20:15:02.211, 0, 64.92, 1316
2026/09/28 20:15:02.214, 1, 73.08, 1316
2026/09/28 20:15:02.219, 2, 76.89, 1316
2026/09/28 20:15:02.222, 3, 52.31, 1316
2026/09/28 20:15:02.425, 0, 48.31, 1316
2026/09/28 20:15:02.427, 1, 51.88, 1316
2026/09/28 20:15:02.430, 2, 53.81, 1316
2026/09/28 20:15:02.434, 3, 76.85, 1316
2026/09/28 20:15:02.637, 0, 86.77, 1316
2026/09/28 20:15:02.640, 1, 52.34, 1316
2026/09/28 20:15:02.643, 2, 43.22, 1316
2026/09/28 20:15:02.645, 3, 50.65, 1316
2026/09/28 20:15:02.850, 0, 63.23, 1316
2026/09/28 20:15:02.853, 1, 65.80, 1316
2026/09/28 20:15:02.859, 2, 77.37, 1316
2026/09/28 20:15:02.861, 3, 65.28, 1316
2026/09/28 20:15:03.064, 0, 46.84, 1316
2026/09/28 20:15:03.068, 1, 50.20, 1316
2026/09/28 20:15:03.071, 2, 51.64, 1316
2026/09/28 20:15:03.074, 3, 71.58, 1316
2026/09/28 20:15:03.277, 0, 90.60, 1316
2026/09/28 20:15:03.280, 1, 62.43, 1316
2026/09/28 20:15:03.283, 2, 42.26, 1316
2026/09/28 20:15:03.286, 3, 49.68, 1316
2026/09/28 20:15:03.489, 0, 57.67, 1316
2026/09/28 20:15:03.492, 1, 65.60, 1316
2026/09/28 20:15:03.495, 2, 74.96, 1316
2026/09/28 20:15:03.498, 3, 69.82, 1316
2026/09/28 20:15:03.701, 0, 46.60, 1316
2026/09/28 20:15:03.704, 1, 49.47, 1316
2026/09/28 20:15:03.707, 2, 50.91, 1316
2026/09/28 20:15:03.709, 3, 70.58, 1316
2026/09/28 20:15:03.912, 0, 84.11, 1316
2026/09/28 20:15:03.919, 1, 69.94, 1316
2026/09/28 20:15:03.922, 2, 42.01, 1316
2026/09/28 20:15:03.924, 3, 47.51, 1316
2026/09/28 20:15:04.129, 0, 55.01, 1316
2026/09/28 20:15:04.132, 1, 60.54, 1316
2026/09/28 20:15:04.135, 2, 69.90, 1316
2026/09/28 20:15:04.138, 3, 80.65, 1316
2026/09/28 20:15:04.341, 0, 45.63, 1316
2026/09/28 20:15:04.344, 1, 48.51, 1316
2026/09/28 20:15:04.346, 2, 46.36, 1316
2026/09/28 20:15:04.353, 3, 58.82, 1316
2026/09/28 20:15:04.556, 0, 71.61, 1316
2026/09/28 20:15:04.559, 1, 83.83, 1316
2026/09/28 20:15:04.561, 2, 59.37, 1316
2026/09/28 20:15:04.564, 3, 44.64, 1316
2026/09/28 20:15:04.769, 0, 50.46, 1316
2026/09/28 20:15:04.772, 1, 52.58, 1316
2026/09/28 20:15:04.778, 2, 55.50, 1316
2026/09/28 20:15:04.781, 3, 82.63, 1316
2026/09/28 20:15:04.984, 0, 43.72, 1316
2026/09/28 20:15:04.987, 1, 45.64, 1316
2026/09/28 20:15:04.990, 2, 44.43, 1316
2026/09/28 20:15:04.992, 3, 54.51, 1316
2026/09/28 20:15:05.195, 0, 88.93, 1316
2026/09/28 20:15:05.198, 1, 66.33, 1316
2026/09/28 20:15:05.201, 2, 42.26, 1316
2026/09/28 20:15:05.204, 3, 48.24, 1316
2026/09/28 20:15:05.408, 0, 56.23, 1316
2026/09/28 20:15:05.411, 1, 58.34, 1316
2026/09/28 20:15:05.417, 2, 64.64, 1316
2026/09/28 20:15:05.420, 3, 93.11, 1316
2026/09/28 20:15:05.623, 0, 58.16, 1316
2026/09/28 20:15:05.626, 1, 47.30, 1316
2026/09/28 20:15:05.630, 2, 46.60, 1316
2026/09/28 20:15:05.633, 3, 60.26, 1316
2026/09/28 20:15:05.835, 0, 76.92, 1316
2026/09/28 20:15:05.838, 1, 79.53, 1316
2026/09/28 20:15:05.841, 2, 46.82, 1316
2026/09/28 20:15:05.844, 3, 45.58, 1316
2026/09/28 20:15:06.048, 0, 53.36, 1316
2026/09/28 20:15:06.051, 1, 58.84, 1316
2026/09/28 20:15:06.054, 2, 66.56, 1316
2026/09/28 20:15:06.057, 3, 82.10, 1316
2026/09/28 20:15:06.260, 0, 51.91, 1316
2026/09/28 20:15:06.263, 1, 48.02, 1316
2026/09/28 20:15:06.266, 2, 45.39, 1316
2026/09/28 20:15:06.272, 3, 57.61, 1316
2026/09/28 20:15:06.475, 0, 70.89, 1316
2026/09/28 20:15:06.478, 1, 82.19, 1316
2026/09/28 20:15:06.480, 2, 61.74, 1316
2026/09/28 20:15:06.483, 3, 44.17, 1316
2026/09/28 20:15:06.688, 0, 50.19, 1316
2026/09/28 20:15:06.691, 1, 55.02, 1316
2026/09/28 20:15:06.694, 2, 58.61, 1316
2026/09/28 20:15:06.697, 3, 92.21, 1316
2026/09/28 20:15:06.899, 0, 62.70, 1316
2026/09/28 20:15:06.902, 1, 46.58, 1316
2026/09/28 20:15:06.905, 2, 44.43, 1316
2026/09/28 20:15:06.911, 3, 54.27, 1316
2026/09/28 20:15:07.114, 0, 65.39, 1316
2026/09/28 20:15:07.117, 1, 77.86, 1316
2026/09/28 20:15:07.120, 2, 69.22, 1316
2026/09/28 20:15:07.123, 3, 48.48, 1316
2026/09/28 20:15:07.327, 0, 48.78, 1316
2026/09/28 20:15:07.330, 1, 53.06, 1316
2026/09/28 20:15:07.333, 2, 55.99, 1316
2026/09/28 20:15:07.336, 3, 82.58, 1316
2026/09/28 20:15:07.539, 0, 79.58, 1316
2026/09/28 20:15:07.542, 1, 45.37, 1316
2026/09/28 20:15:07.545, 2, 42.26, 1316
2026/09/28 20:15:07.551, 3, 50.41, 1316
2026/09/28 20:15:07.754, 0, 59.84, 1316
2026/09/28 20:15:07.757, 1, 68.70, 1316
2026/09/28 20:15:07.760, 2, 79.78, 1316
2026/09/28 20:15:07.763, 3, 68.69, 1316
2026/09/28 20:15:07.967, 0, 47.80, 1316
2026/09/28 20:15:07.970, 1, 48.51, 1316
2026/09/28 20:15:07.976, 2, 49.47, 1316
2026/09/28 20:15:07.979, 3, 67.26, 1316
2026/09/28 20:15:08.182, 0, 84.83, 1316
2026/09/28 20:15:08.185, 1, 69.90, 1316
2026/09/28 20:15:08.188, 2, 41.77, 1316
2026/09/28 20:15:08.191, 3, 48.48, 1316
2026/09/28 20:15:08.394, 0, 56.22, 1316
2026/09/28 20:15:08.397, 1, 63.23, 1316
2026/09/28 20:15:08.400, 2, 72.07, 1316
2026/09/28 20:15:08.403, 3, 79.01, 1316
2026/09/28 20:15:08.607, 0, 45.87, 1316
2026/09/28 20:15:08.610, 1, 47.06, 1316
2026/09/28 20:15:08.616, 2, 46.60, 1316
2026/09/28 20:15:08.619, 3, 59.06, 1316
2026/09/28 20:15:08.822, 0, 73.30, 1316
2026/09/28 20:15:08.825, 1, 85.81, 1316
2026/09/28 20:15:08.828, 2, 54.50, 1316
2026/09/28 20:15:08.831, 3, 46.09, 1316
2026/09/28 20:15:09.034, 0, 52.63, 1316
2026/09/28 20:15:09.036, 1, 57.88, 1316
2026/09/28 20:15:09.039, 2, 64.63, 1316
2026/09/28 20:15:09.043, 3, 95.34, 1316
2026/09/28 20:15:09.246, 0, 55.71, 1316
2026/09/28 20:15:09.250, 1, 47.30, 1316
2026/09/28 20:15:09.252, 2, 46.58, 1316
2026/09/28 20:15:09.255, 3, 60.05, 1316
2026/09/28 20:15:09.458, 0, 78.08, 1316
2026/09/28 20:15:09.461, 1, 79.74, 1316
2026/09/28 20:15:09.464, 2, 58.64, 1316
2026/09/28 20:15:09.470, 3, 45.10, 1316
2026/09/28 20:15:09.673, 0, 51.91, 1316
2026/09/28 20:15:09.676, 1, 56.95, 1316
2026/09/28 20:15:09.679, 2, 62.95, 1316
2026/09/28 20:15:09.682, 3, 92.93, 1316
2026/09/28 20:15:09.886, 0, 60.80, 1316
2026/09/28 20:15:09.889, 1, 47.30, 1316
2026/09/28 20:15:09.892, 2, 47.33, 1316
2026/09/28 20:15:09.895, 3, 60.02, 1316
2026/09/28 20:15:10.098, 0, 74.31, 1316
2026/09/28 20:15:10.101, 1, 83.34, 1316
2026/09/28 20:15:10.104, 2, 68.45, 1316
2026/09/28 20:15:10.110, 3, 44.40, 1316
2026/09/28 20:15:10.313, 0, 50.22, 1316
2026/09/28 20:15:10.316, 1, 51.89, 1316
2026/09/28 20:15:10.321, 2, 54.78, 1316
2026/09/28 20:15:10.324, 3, 80.25, 1316
2026/09/28 20:15:10.527, 0, 81.94, 1316
2026/09/28 20:15:10.530, 1, 45.34, 1316
2026/09/28 20:15:10.533, 2, 43.71, 1316
2026/09/28 20:15:10.536, 3, 53.03, 1316
2026/09/28 20:15:10.739, 0, 63.46, 1316
2026/09/28 20:15:10.742, 1, 72.79, 1316
2026/09/28 20:15:10.745, 2, 82.15, 1316
2026/09/28 20:15:10.749, 3, 64.83, 1316
2026/09/28 20:15:10.953, 0, 48.05, 1316
2026/09/28 20:15:10.956, 1, 51.85, 1316
2026/09/28 20:15:10.959, 2, 54.99, 1316
2026/09/28 20:15:10.962, 3, 77.57, 1316
2026/09/28 20:15:11.166, 0, 87.25, 1316
2026/09/28 20:15:11.169, 1, 56.91, 1316
2026/09/28 20:15:11.172, 2, 42.74, 1316
2026/09/28 20:15:11.175, 3, 50.41, 1316
2026/09/28 20:15:11.378, 0, 41.31, 1316
2026/09/28 20:15:11.381, 1, 42.50, 1316
2026/09/28 20:15:11.386, 2, 38.90, 1316
2026/09/28 20:15:11.389, 3, 42.02, 1316
2026/09/28 20:15:11.592, 0, 162.87, 1316
2026/09/28 20:15:11.597, 1, 41.27, 1316
2026/09/28 20:15:11.600, 2, 37.45, 1316
2026/09/28 20:15:11.602, 3, 37.89, 1316
2026/09/28 20:15:11.805, 0, 40.80, 1328
2026/09/28 20:15:11.808, 1, 152.51, 1328
2026/09/28 20:15:11.811, 2, 37.19, 1316
2026/09/28 20:15:11.814, 3, 37.64, 1316
2026/09/28 20:15:12.017, 0, 40.59, 1328
2026/09/28 20:15:12.020, 1, 41.78, 1328
2026/09/28 20:15:12.023, 2, 149.14, 1316
2026/09/28 20:15:12.026, 3, 37.65, 1316
2026/09/28 20:15:12.229, 0, 40.59, 1328
2026/09/28 20:15:12.232, 1, 41.78, 1328
2026/09/28 20:15:12.235, 2, 36.97, 1328
2026/09/28 20:15:12.238, 3, 55.27, 1316
2026/09/28 20:15:12.441, 0, 64.86, 1328
2026/09/28 20:15:12.444, 1, 69.95, 1328
2026/09/28 20:15:12.449, 2, 79.30, 1328
2026/09/28 20:15:12.452, 3, 62.44, 1328
2026/09/28 20:15:12.655, 0, 48.50, 1328
2026/09/28 20:15:12.658, 1, 51.40, 1328
2026/09/28 20:15:12.661, 2, 52.61, 1328
2026/09/28 20:15:12.663, 3, 78.77, 1328
2026/09/28 20:15:12.866, 0, 58.88, 1328
2026/09/28 20:15:12.869, 1, 46.82, 1328
2026/09/28 20:15:12.869, 2, 44.91, 1328
2026/09/28 20:15:12.872, 3, 57.13, 1328
2026/09/28 20:15:13.076, 0, 69.98, 1328
2026/09/28 20:15:13.079, 1, 81.24, 1328
2026/09/28 20:15:13.081, 2, 66.28, 1328
2026/09/28 20:15:13.084, 3, 45.38, 1328
2026/09/28 20:15:13.287, 0, 50.97, 1328
2026/09/28 20:15:13.290, 1, 55.75, 1328
2026/09/28 20:15:13.293, 2, 58.64, 1328
2026/09/28 20:15:13.296, 3, 94.14, 1328
2026/09/28 20:15:13.499, 0, 76.97, 1328
2026/09/28 20:15:13.502, 1, 54.26, 1328
2026/09/28 20:15:13.508, 2, 43.22, 1328
2026/09/28 20:15:13.511, 3, 53.30, 1328
2026/09/28 20:15:13.714, 0, 62.46, 1328
2026/09/28 20:15:13.717, 1, 70.43, 1328
2026/09/28 20:15:13.720, 2, 80.74, 1328
2026/09/28 20:15:13.723, 3, 58.54, 1328
2026/09/28 20:15:13.926, 0, 49.74, 1328
2026/09/28 20:15:13.929, 1, 54.06, 1328
2026/09/28 20:15:13.931, 2, 56.22, 1328
2026/09/28 20:15:13.934, 3, 85.04, 1328
2026/09/28 20:15:14.137, 0, 80.98, 1328
2026/09/28 20:15:14.140, 1, 45.85, 1328
2026/09/28 20:15:14.144, 2, 43.95, 1328
2026/09/28 20:15:14.146, 3, 54.26, 1328
2026/09/28 20:15:14.349, 0, 60.05, 1328
2026/09/28 20:15:14.355, 1, 67.53, 1328
2026/09/28 20:15:14.358, 2, 77.17, 1328
2026/09/28 20:15:14.361, 3, 70.14, 1328
2026/09/28 20:15:14.564, 0, 47.81, 1328
2026/09/28 20:15:14.567, 1, 50.69, 1328
2026/09/28 20:15:14.570, 2, 52.61, 1328
2026/09/28 20:15:14.573, 3, 73.23, 1328
2026/09/28 20:15:14.776, 0, 91.28, 1328
2026/09/28 20:15:14.779, 1, 63.19, 1328
2026/09/28 20:15:14.782, 2, 42.49, 1328
2026/09/28 20:15:14.785, 3, 51.13, 1328
2026/09/28 20:15:14.988, 0, 62.02, 1328
2026/09/28 20:15:14.991, 1, 70.87, 1328
2026/09/28 20:15:14.994, 2, 81.46, 1328
2026/09/28 20:15:14.996, 3, 59.51, 1328
2026/09/28 20:15:15.199, 0, 48.31, 1328
2026/09/28 20:15:15.202, 1, 49.47, 1328
2026/09/28 20:15:15.208, 2, 49.23, 1328
2026/09/28 20:15:15.211, 3, 68.93, 1328
2026/09/28 20:15:15.414, 0, 84.15, 1328
2026/09/28 20:15:15.417, 1, 73.28, 1328
2026/09/28 20:15:15.420, 2, 41.77, 1328
2026/09/28 20:15:15.423, 3, 49.47, 1328
2026/09/28 20:15:15.626, 0, 57.42, 1328
2026/09/28 20:15:15.629, 1, 62.91, 1328
2026/09/28 20:15:15.632, 2, 72.60, 1328
2026/09/28 20:15:15.634, 3, 77.76, 1328
2026/09/28 20:15:15.837, 0, 47.56, 1328
2026/09/28 20:15:15.840, 1, 50.19, 1328
2026/09/28 20:15:15.843, 2, 49.95, 1328
2026/09/28 20:15:15.847, 3, 68.42, 1328
2026/09/28 20:15:16.050, 0, 90.42, 1328
2026/09/28 20:15:16.053, 1, 67.73, 1328
2026/09/28 20:15:16.056, 2, 42.26, 1328
2026/09/28 20:15:16.059, 3, 49.21, 1328
2026/09/28 20:15:16.263, 0, 57.70, 1328
2026/09/28 20:15:16.266, 1, 62.47, 1328
2026/09/28 20:15:16.269, 2, 68.25, 1328
2026/09/28 20:15:16.273, 3, 84.78, 1328
2026/09/28 20:15:16.476, 0, 66.28, 1328
2026/09/28 20:15:16.481, 1, 47.06, 1328
2026/09/28 20:15:16.484, 2, 45.88, 1328
2026/09/28 20:15:16.487, 3, 60.05, 1328
2026/09/28 20:15:16.690, 0, 71.37, 1328
2026/09/28 20:15:16.693, 1, 82.62, 1328
2026/09/28 20:15:16.696, 2, 62.95, 1328
2026/09/28 20:15:16.699, 3, 45.85, 1328
2026/09/28 20:15:16.902, 0, 53.84, 1328
2026/09/28 20:15:16.905, 1, 58.37, 1328
2026/09/28 20:15:16.908, 2, 64.63, 1328
2026/09/28 20:15:16.911, 3, 94.37, 1328
2026/09/28 20:15:17.114, 0, 46.84, 1328
2026/09/28 20:15:17.117, 1, 47.78, 1328
2026/09/28 20:15:17.120, 2, 47.81, 1328
2026/09/28 20:15:17.123, 3, 63.40, 1328
2026/09/28 20:15:17.326, 0, 80.29, 1328
2026/09/28 20:15:17.328, 1, 78.48, 1328
2026/09/28 20:15:17.331, 2, 57.16, 1328
2026/09/28 20:15:17.336, 3, 45.82, 1328
2026/09/28 20:15:17.542, 0, 49.98, 1328
2026/09/28 20:15:17.546, 1, 53.78, 1328
2026/09/28 20:15:17.549, 2, 56.95, 1328
2026/09/28 20:15:17.552, 3, 84.75, 1328
2026/09/28 20:15:17.755, 0, 82.66, 1328
2026/09/28 20:15:17.758, 1, 46.09, 1328
2026/09/28 20:15:17.761, 2, 44.67, 1328
2026/09/28 20:15:17.764, 3, 55.47, 1328
2026/09/28 20:15:17.967, 0, 64.65, 1328
2026/09/28 20:15:17.970, 1, 74.52, 1328
2026/09/28 20:15:17.973, 2, 73.99, 1328
2026/09/28 20:15:17.975, 3, 67.70, 1328
2026/09/28 20:15:18.182, 0, 47.81, 1328
2026/09/28 20:15:18.185, 1, 50.68, 1328
2026/09/28 20:15:18.187, 2, 51.88, 1328
2026/09/28 20:15:18.190, 3, 74.68, 1328
2026/09/28 20:15:18.393, 0, 58.36, 1328
2026/09/28 20:15:18.394, 1, 47.30, 1328
2026/09/28 20:15:18.395, 2, 45.61, 1328
2026/09/28 20:15:18.398, 3, 56.64, 1328
2026/09/28 20:15:18.601, 0, 68.00, 1328
2026/09/28 20:15:18.604, 1, 81.24, 1328
2026/09/28 20:15:18.607, 2, 68.69, 1328
2026/09/28 20:15:18.610, 3, 45.36, 1328
2026/09/28 20:15:18.813, 0, 51.63, 1328
2026/09/28 20:15:18.816, 1, 55.02, 1328
2026/09/28 20:15:18.819, 2, 55.02, 1328
2026/09/28 20:15:18.824, 3, 84.32, 1328
2026/09/28 20:15:19.027, 0, 80.25, 1328
2026/09/28 20:15:19.031, 1, 46.33, 1328
2026/09/28 20:15:19.033, 2, 44.43, 1328
2026/09/28 20:15:19.036, 3, 54.30, 1328
2026/09/28 20:15:19.241, 0, 75.22, 1328
2026/09/28 20:15:19.244, 1, 79.29, 1328
2026/09/28 20:15:19.250, 2, 69.17, 1328
2026/09/28 20:15:19.252, 3, 44.89, 1328
2026/09/28 20:15:19.455, 0, 50.67, 1328
2026/09/28 20:15:19.458, 1, 54.74, 1328
2026/09/28 20:15:19.461, 2, 53.78, 1328
2026/09/28 20:15:19.467, 3, 81.67, 1328
2026/09/28 20:15:19.670, 0, 89.94, 1328
2026/09/28 20:15:19.673, 1, 54.26, 1328
2026/09/28 20:15:19.676, 2, 43.22, 1328
2026/09/28 20:15:19.678, 3, 53.30, 1328
2026/09/28 20:15:19.881, 0, 68.04, 1328
2026/09/28 20:15:19.884, 1, 79.30, 1328
2026/09/28 20:15:19.888, 2, 69.65, 1328
2026/09/28 20:15:19.891, 3, 47.27, 1328
2026/09/28 20:15:20.094, 0, 50.97, 1328
2026/09/28 20:15:20.097, 1, 54.50, 1328
2026/09/28 20:15:20.100, 2, 57.92, 1328
2026/09/28 20:15:20.103, 3, 87.69, 1328
2026/09/28 20:15:20.306, 0, 86.09, 1328
2026/09/28 20:15:20.310, 1, 52.10, 1328
2026/09/28 20:15:20.314, 2, 43.44, 1328
2026/09/28 20:15:20.316, 3, 52.34, 1328
2026/09/28 20:15:20.520, 0, 61.05, 1328
2026/09/28 20:15:20.523, 1, 74.45, 1328
2026/09/28 20:15:20.526, 2, 63.67, 1328
2026/09/28 20:15:20.529, 3, 43.90, 1328
2026/09/28 20:15:20.732, 0, 54.77, 1328
2026/09/28 20:15:20.735, 1, 59.82, 1328
2026/09/28 20:15:20.738, 2, 64.43, 1328
2026/09/28 20:15:20.740, 3, 88.60, 1328
2026/09/28 20:15:20.944, 0, 47.32, 1328
2026/09/28 20:15:20.949, 1, 50.19, 1328
2026/09/28 20:15:20.952, 2, 50.68, 1328
2026/09/28 20:15:20.955, 3, 66.53, 1328
2026/09/28 20:15:21.160, 0, 69.94, 1328
2026/09/28 20:15:21.163, 1, 47.06, 1328
2026/09/28 20:15:21.166, 2, 46.09, 1328
2026/09/28 20:15:21.168, 3, 59.57, 1328
2026/09/28 20:15:21.371, 0, 82.72, 1328
2026/09/28 20:15:21.374, 1, 87.45, 1328
2026/09/28 20:15:21.380, 2, 54.27, 1328
2026/09/28 20:15:21.382, 3, 46.58, 1328
2026/09/28 20:15:21.585, 0, 52.39, 1328
2026/09/28 20:15:21.590, 1, 56.68, 1328
2026/09/28 20:15:21.593, 2, 60.29, 1328
2026/09/28 20:15:21.595, 3, 94.66, 1328
2026/09/28 20:15:21.799, 0, 69.94, 1328
2026/09/28 20:15:21.802, 1, 46.82, 1328
2026/09/28 20:15:21.805, 2, 45.64, 1328
2026/09/28 20:15:21.808, 3, 58.81, 1328
2026/09/28 20:15:22.011, 0, 74.26, 1328
2026/09/28 20:15:22.014, 1, 88.21, 1328
2026/09/28 20:15:22.017, 2, 55.26, 1328
2026/09/28 20:15:22.020, 3, 46.79, 1328
2026/09/28 20:15:22.223, 0, 53.32, 1328
2026/09/28 20:15:22.226, 1, 58.41, 1328
2026/09/28 20:15:22.229, 2, 62.94, 1328
2026/09/28 20:15:22.232, 3, 99.80, 1328
2026/09/28 20:15:22.435, 0, 65.84, 1328
2026/09/28 20:15:22.438, 1, 46.82, 1328
2026/09/28 20:15:22.442, 2, 45.13, 1328
2026/09/28 20:15:22.446, 3, 57.64, 1328
2026/09/28 20:15:22.649, 0, 69.97, 1328
2026/09/28 20:15:22.652, 1, 80.75, 1328
2026/09/28 20:15:22.655, 2, 68.74, 1328
2026/09/28 20:15:22.657, 3, 45.34, 1328
2026/09/28 20:15:22.860, 0, 51.39, 1328
2026/09/28 20:15:22.863, 1, 55.24, 1328
2026/09/28 20:15:22.866, 2, 58.64, 1328
2026/09/28 20:15:22.869, 3, 94.19, 1328
2026/09/28 20:15:23.072, 0, 73.31, 1328
2026/09/28 20:15:23.075, 1, 46.82, 1328
2026/09/28 20:15:23.078, 2, 44.91, 1328
2026/09/28 20:15:23.081, 3, 57.64, 1328
2026/09/28 20:15:23.284, 0, 66.55, 1328
2026/09/28 20:15:23.289, 1, 79.26, 1328
2026/09/28 20:15:23.290, 2, 62.46, 1328
2026/09/28 20:15:23.293, 3, 45.61, 1328
2026/09/28 20:15:23.496, 0, 52.36, 1328
2026/09/28 20:15:23.499, 1, 55.74, 1328
2026/09/28 20:15:23.503, 2, 59.60, 1328
2026/09/28 20:15:23.506, 3, 93.65, 1328
2026/09/28 20:15:23.709, 0, 74.52, 1328
2026/09/28 20:15:23.712, 1, 46.58, 1328
2026/09/28 20:15:23.714, 2, 44.67, 1328
2026/09/28 20:15:23.718, 3, 54.75, 1328
2026/09/28 20:15:23.922, 0, 68.52, 1328
2026/09/28 20:15:23.926, 1, 78.29, 1328
2026/09/28 20:15:23.928, 2, 69.17, 1328
2026/09/28 20:15:23.931, 3, 44.89, 1328
2026/09/28 20:15:24.134, 0, 51.66, 1328
2026/09/28 20:15:24.137, 1, 53.57, 1328
2026/09/28 20:15:24.142, 2, 55.23, 1328
2026/09/28 20:15:24.145, 3, 83.30, 1328
2026/09/28 20:15:24.348, 0, 84.59, 1328
2026/09/28 20:15:24.351, 1, 47.30, 1328
2026/09/28 20:15:24.354, 2, 43.46, 1328
2026/09/28 20:15:24.357, 3, 54.75, 1328
2026/09/28 20:15:24.560, 0, 64.90, 1328
2026/09/28 20:15:24.563, 1, 74.05, 1328
2026/09/28 20:15:24.566, 2, 79.54, 1328
2026/09/28 20:15:24.570, 3, 61.95, 1328
2026/09/28 20:15:24.773, 0, 48.75, 1328
2026/09/28 20:15:24.776, 1, 49.94, 1328
2026/09/28 20:15:24.782, 2, 49.23, 1328
2026/09/28 20:15:24.785, 3, 68.66, 1328
2026/09/28 20:15:24.988, 0, 92.54, 1328
2026/09/28 20:15:24.991, 1, 66.53, 1328
2026/09/28 20:15:24.994, 2, 42.01, 1328
2026/09/28 20:15:24.997, 3, 50.40, 1328
2026/09/28 20:15:25.200, 0, 59.33, 1328
2026/09/28 20:15:25.203, 1, 66.33, 1328
2026/09/28 20:15:25.206, 2, 77.17, 1328
2026/09/28 20:15:25.209, 3, 70.63, 1328
2026/09/28 20:15:25.412, 0, 48.74, 1328
2026/09/28 20:15:25.415, 1, 51.38, 1328
2026/09/28 20:15:25.418, 2, 52.40, 1328
2026/09/28 20:15:25.421, 3, 67.93, 1328
2026/09/28 20:15:25.627, 0, 87.72, 1328
2026/09/28 20:15:25.630, 1, 54.78, 1328
2026/09/28 20:15:25.633, 2, 37.91, 1189
2026/09/28 20:15:25.636, 3, 53.54, 1328
2026/09/28 20:15:25.838, 0, 74.26, 1328
2026/09/28 20:15:25.842, 1, 86.43, 1328
2026/09/28 20:15:25.845, 2, 48.99, 1189
2026/09/28 20:15:25.847, 3, 46.09, 1328
2026/09/28 20:15:26.051, 0, 57.88, 1328
2026/09/28 20:15:26.053, 1, 64.88, 1328
2026/09/28 20:15:26.056, 2, 63.15, 1189
2026/09/28 20:15:26.059, 3, 74.43, 1328
2026/09/28 20:15:26.262, 0, 47.83, 1328
2026/09/28 20:15:26.268, 1, 50.41, 1328
2026/09/28 20:15:26.271, 2, 45.39, 1189
2026/09/28 20:15:26.273, 3, 74.44, 1328
2026/09/28 20:15:26.476, 0, 78.57, 1328
2026/09/28 20:15:26.479, 1, 46.09, 1328
2026/09/28 20:15:26.482, 2, 38.66, 1189
2026/09/28 20:15:26.485, 3, 55.71, 1328
2026/09/28 20:15:26.689, 0, 74.04, 1328
2026/09/28 20:15:26.692, 1, 86.72, 1328
2026/09/28 20:15:26.695, 2, 48.75, 1189
2026/09/28 20:15:26.697, 3, 46.55, 1328
2026/09/28 20:15:26.900, 0, 90.38, 1328
2026/09/28 20:15:26.901, 1, 71.35, 1328
2026/09/28 20:15:26.904, 2, 66.04, 1189
2026/09/28 20:15:26.907, 3, 53.51, 1328
2026/09/28 20:15:27.110, 0, 51.88, 1328
2026/09/28 20:15:27.113, 1, 56.71, 1328
2026/09/28 20:15:27.116, 2, 53.33, 1189
2026/09/28 20:15:27.119, 3, 98.17, 1328
2026/09/28 20:15:27.322, 0, 57.95, 1328
2026/09/28 20:15:27.327, 1, 47.54, 1328
2026/09/28 20:15:27.330, 2, 41.29, 1189
2026/09/28 20:15:27.334, 3, 61.71, 1328
2026/09/28 20:15:27.537, 0, 89.17, 1328
2026/09/28 20:15:27.539, 1, 70.37, 1328
2026/09/28 20:15:27.542, 2, 36.70, 1189
2026/09/28 20:15:27.545, 3, 49.68, 1328
2026/09/28 20:15:27.748, 0, 35.76, 1189
2026/09/28 20:15:27.751, 1, 41.78, 1328
2026/09/28 20:15:27.754, 2, 32.86, 1189
2026/09/28 20:15:27.757, 3, 39.12, 1328
2026/09/28 20:15:27.960, 0, 166.01, 1316
2026/09/28 20:15:27.963, 1, 41.75, 1328
2026/09/28 20:15:27.966, 2, 32.60, 1189
2026/09/28 20:15:27.969, 3, 38.83, 1328
2026/09/28 20:15:28.172, 0, 142.63, 1328
2026/09/28 20:15:28.175, 1, 75.88, 1189
2026/09/28 20:15:28.180, 2, 32.37, 1189
2026/09/28 20:15:28.183, 3, 38.85, 1328
2026/09/28 20:15:28.388, 0, 41.04, 1328
2026/09/28 20:15:28.391, 1, 151.15, 1316
2026/09/28 20:15:28.394, 2, 32.36, 1189
2026/09/28 20:15:28.397, 3, 33.31, 1189
2026/09/28 20:15:28.601, 0, 40.82, 1328
2026/09/28 20:15:28.609, 1, 41.53, 1328
2026/09/28 20:15:28.612, 2, 137.94, 1316
2026/09/28 20:15:28.615, 3, 33.57, 1189
2026/09/28 20:15:28.818, 0, 40.56, 1328
2026/09/28 20:15:28.821, 1, 42.00, 1328
2026/09/28 20:15:28.824, 2, 152.66, 1328
2026/09/28 20:15:28.827, 3, 33.55, 1189
2026/09/28 20:15:29.030, 0, 40.32, 1328
2026/09/28 20:15:29.033, 1, 41.75, 1328
2026/09/28 20:15:29.036, 2, 36.94, 1328
2026/09/28 20:15:29.039, 3, 164.56, 1316
2026/09/28 20:15:29.242, 0, 42.26, 1328
2026/09/28 20:15:29.245, 1, 46.82, 1328
2026/09/28 20:15:29.247, 2, 55.74, 1328
2026/09/28 20:15:29.250, 3, 119.32, 1328
2026/09/28 20:15:29.453, 0, 48.74, 1328
2026/09/28 20:15:29.456, 1, 50.68, 1328
2026/09/28 20:15:29.460, 2, 49.95, 1328
2026/09/28 20:15:29.465, 3, 69.41, 1328
2026/09/28 20:15:29.668, 0, 87.53, 1328
2026/09/28 20:15:29.671, 1, 70.91, 1328
2026/09/28 20:15:29.674, 2, 41.77, 1328
2026/09/28 20:15:29.677, 3, 49.92, 1328
2026/09/28 20:15:29.879, 0, 59.81, 1328
2026/09/28 20:15:29.883, 1, 66.81, 1328
2026/09/28 20:15:29.886, 2, 74.72, 1328
2026/09/28 20:15:29.888, 3, 71.79, 1328
2026/09/28 20:15:30.092, 0, 47.77, 1328
2026/09/28 20:15:30.095, 1, 48.76, 1328
2026/09/28 20:15:30.100, 2, 47.06, 1328
2026/09/28 20:15:30.105, 3, 62.22, 1328
2026/09/28 20:15:30.308, 0, 77.17, 1328
2026/09/28 20:15:30.310, 1, 86.72, 1328
2026/09/28 20:15:30.313, 2, 54.06, 1328
2026/09/28 20:15:30.316, 3, 47.51, 1328
2026/09/28 20:15:30.519, 0, 53.12, 1328
2026/09/28 20:15:30.522, 1, 58.41, 1328
2026/09/28 20:15:30.525, 2, 62.95, 1328
2026/09/28 20:15:30.528, 3, 97.92, 1328
2026/09/28 20:15:30.731, 0, 63.22, 1328
2026/09/28 20:15:30.734, 1, 46.82, 1328
2026/09/28 20:15:30.740, 2, 44.16, 1328
2026/09/28 20:15:30.744, 3, 53.54, 1328
2026/09/28 20:15:30.947, 0, 66.59, 1328
2026/09/28 20:15:30.950, 1, 77.56, 1328
2026/09/28 20:15:30.953, 2, 72.55, 1328
2026/09/28 20:15:30.956, 3, 45.11, 1328
2026/09/28 20:15:31.159, 0, 50.67, 1328
2026/09/28 20:15:31.162, 1, 54.55, 1328
2026/09/28 20:15:31.165, 2, 55.74, 1328
2026/09/28 20:15:31.168, 3, 87.93, 1328
2026/09/28 20:15:31.371, 0, 83.68, 1328
2026/09/28 20:15:31.374, 1, 57.65, 1328
2026/09/28 20:15:31.379, 2, 42.01, 1328
2026/09/28 20:15:31.384, 3, 50.40, 1328
2026/09/28 20:15:31.587, 0, 57.70, 1328
2026/09/28 20:15:31.590, 1, 63.92, 1328
2026/09/28 20:15:31.593, 2, 74.23, 1328
2026/09/28 20:15:31.596, 3, 74.92, 1328
2026/09/28 20:15:31.799, 0, 47.56, 1328
2026/09/28 20:15:31.802, 1, 49.95, 1328
2026/09/28 20:15:31.805, 2, 50.19, 1328
2026/09/28 20:15:31.808, 3, 68.93, 1328
2026/09/28 20:15:32.011, 0, 92.54, 1328
2026/09/28 20:15:32.014, 1, 66.77, 1328
2026/09/28 20:15:32.019, 2, 41.53, 1328
2026/09/28 20:15:32.023, 3, 48.96, 1328
2026/09/28 20:15:32.226, 0, 55.26, 1328
2026/09/28 20:15:32.233, 1, 60.98, 1328
2026/09/28 20:15:32.235, 2, 68.25, 1328
2026/09/28 20:15:32.238, 3, 87.15, 1328
2026/09/28 20:15:32.441, 0, 41.56, 1328
2026/09/28 20:15:32.444, 1, 41.78, 1328
2026/09/28 20:15:32.447, 2, 37.45, 1328
2026/09/28 20:15:32.450, 3, 39.37, 1328
2026/09/28 20:15:32.653, 0, 178.76, 1328
2026/09/28 20:15:32.656, 1, 41.51, 1328
2026/09/28 20:15:32.659, 2, 37.19, 1328
2026/09/28 20:15:32.663, 3, 39.07, 1328
2026/09/28 20:15:32.866, 0, 42.71, 1328
2026/09/28 20:15:32.869, 1, 166.55, 1328
2026/09/28 20:15:32.872, 2, 37.19, 1328
2026/09/28 20:15:32.875, 3, 38.83, 1328
2026/09/28 20:15:33.078, 0, 41.77, 1328
2026/09/28 20:15:33.081, 1, 47.30, 1328
2026/09/28 20:15:33.084, 2, 148.66, 1328
2026/09/28 20:15:33.087, 3, 38.85, 1328
2026/09/28 20:15:33.290, 0, 41.55, 1328
2026/09/28 20:15:33.293, 1, 41.99, 1328
2026/09/28 20:15:33.298, 2, 118.86, 1328
2026/09/28 20:15:33.303, 3, 94.07, 1328
2026/09/28 20:15:33.506, 0, 41.53, 1328
2026/09/28 20:15:33.509, 1, 41.75, 1328
2026/09/28 20:15:33.512, 2, 37.43, 1328
2026/09/28 20:15:33.514, 3, 176.67, 1328
2026/09/28 20:15:33.717, 0, 79.09, 1328
2026/09/28 20:15:33.722, 1, 78.48, 1328
2026/09/28 20:15:33.725, 2, 44.88, 1328
2026/09/28 20:15:33.728, 3, 47.99, 1328
2026/09/28 20:15:33.931, 0, 57.18, 1328
2026/09/28 20:15:33.934, 1, 61.05, 1328
2026/09/28 20:15:33.938, 2, 66.04, 1328
2026/09/28 20:15:33.942, 3, 92.69, 1328
2026/09/28 20:15:34.145, 0, 59.84, 1328
2026/09/28 20:15:34.148, 1, 47.78, 1328
2026/09/28 20:15:34.151, 2, 47.30, 1328
2026/09/28 20:15:34.154, 3, 61.94, 1328
2026/09/28 20:15:34.357, 0, 76.19, 1328
2026/09/28 20:15:34.360, 1, 86.72, 1328
2026/09/28 20:15:34.363, 2, 55.95, 1328
2026/09/28 20:15:34.366, 3, 47.30, 1328
2026/09/28 20:15:34.569, 0, 54.05, 1328
2026/09/28 20:15:34.572, 1, 55.03, 1328
2026/09/28 20:15:34.578, 2, 55.74, 1328
2026/09/28 20:15:34.582, 3, 84.32, 1328
2026/09/28 20:15:34.785, 0, 80.79, 1328
2026/09/28 20:15:34.788, 1, 46.33, 1328
2026/09/28 20:15:34.791, 2, 44.40, 1328
2026/09/28 20:15:34.794, 3, 54.50, 1328
2026/09/28 20:15:34.997, 0, 68.52, 1328
2026/09/28 20:15:35.000, 1, 81.24, 1328
2026/09/28 20:15:35.003, 2, 66.28, 1328
2026/09/28 20:15:35.006, 3, 45.37, 1328
2026/09/28 20:15:35.209, 0, 51.19, 1328
2026/09/28 20:15:35.212, 1, 52.58, 1328
2026/09/28 20:15:35.217, 2, 52.85, 1328
2026/09/28 20:15:35.221, 3, 77.09, 1328
2026/09/28 20:15:35.425, 0, 93.21, 1328
2026/09/28 20:15:35.428, 1, 60.02, 1328
2026/09/28 20:15:35.430, 2, 42.98, 1328
2026/09/28 20:15:35.433, 3, 51.13, 1328
2026/09/28 20:15:35.636, 0, 59.81, 1328
2026/09/28 20:15:35.639, 1, 68.25, 1328
2026/09/28 20:15:35.642, 2, 77.37, 1328
2026/09/28 20:15:35.645, 3, 71.07, 1328
2026/09/28 20:15:35.848, 0, 48.29, 1328
2026/09/28 20:15:35.851, 1, 49.21, 1328
2026/09/28 20:15:35.857, 2, 48.50, 1328
2026/09/28 20:15:35.861, 3, 65.80, 1328
2026/09/28 20:15:36.065, 0, 83.39, 1328
2026/09/28 20:15:36.067, 1, 75.69, 1328
2026/09/28 20:15:36.070, 2, 41.53, 1328
2026/09/28 20:15:36.073, 3, 48.99, 1328
2026/09/28 20:15:36.276, 0, 56.01, 1328
2026/09/28 20:15:36.279, 1, 60.98, 1328
2026/09/28 20:15:36.282, 2, 66.80, 1328
2026/09/28 20:15:36.285, 3, 84.27, 1328
2026/09/28 20:15:36.488, 0, 50.19, 1328
2026/09/28 20:15:36.491, 1, 47.30, 1328
2026/09/28 20:15:36.497, 2, 44.91, 1328
2026/09/28 20:15:36.501, 3, 57.64, 1328
2026/09/28 20:15:36.704, 0, 68.76, 1328
2026/09/28 20:15:36.707, 1, 80.01, 1328
2026/09/28 20:15:36.710, 2, 66.08, 1328
2026/09/28 20:15:36.713, 3, 45.58, 1328
2026/09/28 20:15:36.916, 0, 76.93, 1328
2026/09/28 20:15:36.916, 1, 60.09, 1328
2026/09/28 20:15:36.919, 2, 66.52, 1328
2026/09/28 20:15:36.922, 3, 84.54, 1328
2026/09/28 20:15:37.125, 0, 53.12, 1328
2026/09/28 20:15:37.128, 1, 48.51, 1328
2026/09/28 20:15:37.131, 2, 47.78, 1328
2026/09/28 20:15:37.134, 3, 64.83, 1328
2026/09/28 20:15:37.337, 0, 78.66, 1328
2026/09/28 20:15:37.340, 1, 83.11, 1328
2026/09/28 20:15:37.343, 2, 49.92, 1328
2026/09/28 20:15:37.346, 3, 47.27, 1328
2026/09/28 20:15:37.548, 0, 54.30, 1328
2026/09/28 20:15:37.551, 1, 55.71, 1328
2026/09/28 20:15:37.557, 2, 58.61, 1328
2026/09/28 20:15:37.560, 3, 94.07, 1328
2026/09/28 20:15:37.763, 0, 71.13, 1328
2026/09/28 20:15:37.766, 1, 46.58, 1328
2026/09/28 20:15:37.769, 2, 45.15, 1328
2026/09/28 20:15:37.772, 3, 58.10, 1328
2026/09/28 20:15:37.975, 0, 73.54, 1328
2026/09/28 20:15:37.978, 1, 85.27, 1328
2026/09/28 20:15:37.981, 2, 60.05, 1328
2026/09/28 20:15:37.984, 3, 46.33, 1328
2026/09/28 20:15:38.187, 0, 52.39, 1328
2026/09/28 20:15:38.190, 1, 57.43, 1328
2026/09/28 20:15:38.193, 2, 61.01, 1328
2026/09/28 20:15:38.196, 3, 97.74, 1328
2026/09/28 20:15:38.399, 0, 74.23, 1328
2026/09/28 20:15:38.403, 1, 46.58, 1328
2026/09/28 20:15:38.406, 2, 44.91, 1328
2026/09/28 20:15:38.408, 3, 57.15, 1328
2026/09/28 20:15:38.611, 0, 69.97, 1328
2026/09/28 20:15:38.614, 1, 80.22, 1328
2026/09/28 20:15:38.617, 2, 74.47, 1328
2026/09/28 20:15:38.622, 3, 61.95, 1328
2026/09/28 20:15:38.827, 0, 49.70, 1328
2026/09/28 20:15:38.830, 1, 52.57, 1328
2026/09/28 20:15:38.833, 2, 54.29, 1328
2026/09/28 20:15:38.836, 3, 81.18, 1328
2026/09/28 20:15:39.039, 0, 87.73, 1328
2026/09/28 20:15:39.042, 1, 47.28, 1328
2026/09/28 20:15:39.045, 2, 43.46, 1328
2026/09/28 20:15:39.048, 3, 54.27, 1328
2026/09/28 20:15:39.251, 0, 63.67, 1328
2026/09/28 20:15:39.254, 1, 72.07, 1328
2026/09/28 20:15:39.257, 2, 80.22, 1328
2026/09/28 20:15:39.260, 3, 56.89, 1328
2026/09/28 20:15:39.463, 0, 49.46, 1328
2026/09/28 20:15:39.466, 1, 52.10, 1328
2026/09/28 20:15:39.469, 2, 53.81, 1328
2026/09/28 20:15:39.472, 3, 79.26, 1328
2026/09/28 20:15:39.674, 0, 89.21, 1328
2026/09/28 20:15:39.677, 1, 54.27, 1328
2026/09/28 20:15:39.680, 2, 41.77, 1328
2026/09/28 20:15:39.687, 3, 48.49, 1328
2026/09/28 20:15:39.892, 0, 54.56, 1328
2026/09/28 20:15:39.895, 1, 61.02, 1328
2026/09/28 20:15:39.897, 2, 66.56, 1328
2026/09/28 20:15:39.900, 3, 87.40, 1328
2026/09/28 20:15:40.103, 0, 54.08, 1328
2026/09/28 20:15:40.106, 1, 48.26, 1328
2026/09/28 20:15:40.110, 2, 47.08, 1328
2026/09/28 20:15:40.112, 3, 63.39, 1328
2026/09/28 20:15:40.315, 0, 68.00, 1328
2026/09/28 20:15:40.322, 1, 79.73, 1328
2026/09/28 20:15:40.324, 2, 76.36, 1328
2026/09/28 20:15:40.330, 3, 68.42, 1328
2026/09/28 20:15:40.536, 0, 47.05, 1328
2026/09/28 20:15:40.542, 1, 49.20, 1328
2026/09/28 20:15:40.545, 2, 49.23, 1328
2026/09/28 20:15:40.548, 3, 68.93, 1328
2026/09/28 20:15:40.751, 0, 87.19, 1328
2026/09/28 20:15:40.754, 1, 71.60, 1328
2026/09/28 20:15:40.756, 2, 42.01, 1328
2026/09/28 20:15:40.759, 3, 50.17, 1328
2026/09/28 20:15:40.962, 0, 59.60, 1328
2026/09/28 20:15:40.965, 1, 68.74, 1328
2026/09/28 20:15:40.968, 2, 70.62, 1328
2026/09/28 20:15:40.974, 3, 85.23, 1328
2026/09/28 20:15:41.178, 0, 47.54, 1328
2026/09/28 20:15:41.181, 1, 48.72, 1328
2026/09/28 20:15:41.184, 2, 48.51, 1328
2026/09/28 20:15:41.187, 3, 66.74, 1328
2026/09/28 20:15:41.390, 0, 80.55, 1328
2026/09/28 20:15:41.393, 1, 80.27, 1328
2026/09/28 20:15:41.396, 2, 47.30, 1328
2026/09/28 20:15:41.399, 3, 48.48, 1328
2026/09/28 20:15:41.602, 0, 55.05, 1328
2026/09/28 20:15:41.605, 1, 60.09, 1328
2026/09/28 20:15:41.607, 2, 66.76, 1328
2026/09/28 20:15:41.610, 3, 87.15, 1328
2026/09/28 20:15:41.813, 0, 51.19, 1328
2026/09/28 20:15:41.816, 1, 54.78, 1328
2026/09/28 20:15:41.819, 2, 58.40, 1328
2026/09/28 20:15:41.822, 3, 89.32, 1328
2026/09/28 20:15:42.025, 0, 70.94, 1328
2026/09/28 20:15:42.028, 1, 47.06, 1328
2026/09/28 20:15:42.031, 2, 43.95, 1328
2026/09/28 20:15:42.037, 3, 54.48, 1328
2026/09/28 20:15:42.240, 0, 66.35, 1328
2026/09/28 20:15:42.243, 1, 76.89, 1328
2026/09/28 20:15:42.245, 2, 73.51, 1328
2026/09/28 20:15:42.248, 3, 49.44, 1328
2026/09/28 20:15:42.451, 0, 50.19, 1328
2026/09/28 20:15:42.455, 1, 53.57, 1328
2026/09/28 20:15:42.457, 2, 55.99, 1328
2026/09/28 20:15:42.460, 3, 84.03, 1328
2026/09/28 20:15:42.663, 0, 83.44, 1328
2026/09/28 20:15:42.666, 1, 46.58, 1328
2026/09/28 20:15:42.669, 2, 43.46, 1328
2026/09/28 20:15:42.672, 3, 54.74, 1328
2026/09/28 20:15:42.875, 0, 63.90, 1328
2026/09/28 20:15:42.880, 1, 73.76, 1328
2026/09/28 20:15:42.883, 2, 78.57, 1328
2026/09/28 20:15:42.886, 3, 56.64, 1328
2026/09/28 20:15:43.089, 0, 49.52, 1328
2026/09/28 20:15:43.092, 1, 52.61, 1328
2026/09/28 20:15:43.095, 2, 55.02, 1328
2026/09/28 20:15:43.098, 3, 82.15, 1328
2026/09/28 20:15:43.301, 0, 85.36, 1328
2026/09/28 20:15:43.304, 1, 48.48, 1328
2026/09/28 20:15:43.307, 2, 43.70, 1328
2026/09/28 20:15:43.310, 3, 53.54, 1328
2026/09/28 20:15:43.513, 0, 63.67, 1328
2026/09/28 20:15:43.516, 1, 66.80, 1328
2026/09/28 20:15:43.521, 2, 77.13, 1328
2026/09/28 20:15:43.524, 3, 67.89, 1328
2026/09/28 20:15:43.727, 0, 48.28, 1328
2026/09/28 20:15:43.730, 1, 51.38, 1328
2026/09/28 20:15:43.732, 2, 50.92, 1328
2026/09/28 20:15:43.737, 3, 70.14, 1328
2026/09/28 20:15:43.940, 0, 92.48, 1328
2026/09/28 20:15:43.943, 1, 62.19, 1328
2026/09/28 20:15:43.946, 2, 42.74, 1328
2026/09/28 20:15:43.949, 3, 51.13, 1328
2026/09/28 20:15:44.152, 0, 61.28, 1328
2026/09/28 20:15:44.155, 1, 67.29, 1328
2026/09/28 20:15:44.158, 2, 77.17, 1328
2026/09/28 20:15:44.160, 3, 68.20, 1328
2026/09/28 20:15:44.363, 0, 48.26, 1328
2026/09/28 20:15:44.366, 1, 50.92, 1328
2026/09/28 20:15:44.369, 2, 51.64, 1328
2026/09/28 20:15:44.372, 3, 67.00, 1328
2026/09/28 20:15:44.578, 0, 82.66, 1328
2026/09/28 20:15:44.581, 1, 80.50, 1328
2026/09/28 20:15:44.584, 2, 48.02, 1328
2026/09/28 20:15:44.587, 3, 48.24, 1328
2026/09/28 20:15:44.790, 0, 55.05, 1328
2026/09/28 20:15:44.793, 1, 61.26, 1328
2026/09/28 20:15:44.796, 2, 66.57, 1328
2026/09/28 20:15:44.799, 3, 87.15, 1328
2026/09/28 20:15:45.002, 0, 53.35, 1328
2026/09/28 20:15:45.005, 1, 48.02, 1328
2026/09/28 20:15:45.008, 2, 48.02, 1328
2026/09/28 20:15:45.011, 3, 63.40, 1328
2026/09/28 20:15:45.214, 0, 70.13, 1328
2026/09/28 20:15:45.220, 1, 82.62, 1328
2026/09/28 20:15:45.223, 2, 66.08, 1328
2026/09/28 20:15:45.226, 3, 45.58, 1328
2026/09/28 20:15:45.429, 0, 52.87, 1328
2026/09/28 20:15:45.432, 1, 57.61, 1328
2026/09/28 20:15:45.435, 2, 62.94, 1328
2026/09/28 20:15:45.438, 3, 99.13, 1328
2026/09/28 20:15:45.641, 0, 66.08, 1328
2026/09/28 20:15:45.644, 1, 47.54, 1328
2026/09/28 20:15:45.647, 2, 46.58, 1328
2026/09/28 20:15:45.650, 3, 60.51, 1328
2026/09/28 20:15:45.853, 0, 75.67, 1328
2026/09/28 20:15:45.856, 1, 85.04, 1328
2026/09/28 20:15:45.859, 2, 51.85, 1328
2026/09/28 20:15:45.861, 3, 46.79, 1328
2026/09/28 20:15:46.064, 0, 54.08, 1328
2026/09/28 20:15:46.067, 1, 58.64, 1328
2026/09/28 20:15:46.071, 2, 59.81, 1328
2026/09/28 20:15:46.076, 3, 96.30, 1328
2026/09/28 20:15:46.279, 0, 71.90, 1328
2026/09/28 20:15:46.282, 1, 47.06, 1328
2026/09/28 20:15:46.285, 2, 45.37, 1328
2026/09/28 20:15:46.287, 3, 57.85, 1328
2026/09/28 20:15:46.490, 0, 69.97, 1328
2026/09/28 20:15:46.493, 1, 81.47, 1328
2026/09/28 20:15:46.496, 2, 70.62, 1328
2026/09/28 20:15:46.500, 3, 45.10, 1328
2026/09/28 20:15:46.703, 0, 50.46, 1328
2026/09/28 20:15:46.706, 1, 52.85, 1328
2026/09/28 20:15:46.711, 2, 52.12, 1328
2026/09/28 20:15:46.716, 3, 74.44, 1328
2026/09/28 20:15:46.919, 0, 78.12, 1328
2026/09/28 20:15:46.920, 1, 46.33, 1328
2026/09/28 20:15:46.923, 2, 44.43, 1328
2026/09/28 20:15:46.926, 3, 55.23, 1328
2026/09/28 20:15:47.129, 0, 67.48, 1328
2026/09/28 20:15:47.132, 1, 76.70, 1328
2026/09/28 20:15:47.135, 2, 73.27, 1328
2026/09/28 20:15:47.138, 3, 48.73, 1328
2026/09/28 20:15:47.341, 0, 159.05, 1328
2026/09/28 20:15:47.344, 1, 41.74, 1328
2026/09/28 20:15:47.347, 2, 37.43, 1328
2026/09/28 20:15:47.349, 3, 39.09, 1328
2026/09/28 20:15:47.552, 0, 42.25, 1328
2026/09/28 20:15:47.555, 1, 156.99, 1328
2026/09/28 20:15:47.558, 2, 37.43, 1328
2026/09/28 20:15:47.561, 3, 38.60, 1328
2026/09/28 20:15:47.764, 0, 41.75, 1328
2026/09/28 20:15:47.767, 1, 42.21, 1328
2026/09/28 20:15:47.771, 2, 53.57, 1328
2026/09/28 20:15:47.776, 3, 152.66, 1328
2026/09/28 20:15:47.978, 0, 44.42, 1328
2026/09/28 20:15:47.981, 1, 50.44, 1328
2026/09/28 20:15:47.984, 2, 67.53, 1328
2026/09/28 20:15:47.987, 3, 112.93, 1328
2026/09/28 20:15:48.190, 0, 54.29, 1328
2026/09/28 20:15:48.193, 1, 59.86, 1328
2026/09/28 20:15:48.196, 2, 64.39, 1328
2026/09/28 20:15:48.200, 3, 94.07, 1328
2026/09/28 20:15:48.403, 0, 64.39, 1328
2026/09/28 20:15:48.406, 1, 46.82, 1328
2026/09/28 20:15:48.410, 2, 44.19, 1328
2026/09/28 20:15:48.416, 3, 54.98, 1328
2026/09/28 20:15:48.618, 0, 65.19, 1328
2026/09/28 20:15:48.621, 1, 75.69, 1328
2026/09/28 20:15:48.624, 2, 76.64, 1328
2026/09/28 20:15:48.627, 3, 52.07, 1328
2026/09/28 20:15:48.830, 0, 50.19, 1328
2026/09/28 20:15:48.833, 1, 53.06, 1328
2026/09/28 20:15:48.836, 2, 54.78, 1328
2026/09/28 20:15:48.839, 3, 82.35, 1328
2026/09/28 20:15:49.042, 0, 74.47, 1328
2026/09/28 20:15:49.045, 1, 49.45, 1328
2026/09/28 20:15:49.050, 2, 42.50, 1328
2026/09/28 20:15:49.055, 3, 51.13, 1328
2026/09/28 20:15:49.258, 0, 59.60, 1328
2026/09/28 20:15:49.261, 1, 68.21, 1328
2026/09/28 20:15:49.264, 2, 77.61, 1328
2026/09/28 20:15:49.267, 3, 71.82, 1328
2026/09/28 20:15:49.470, 0, 48.74, 1328
2026/09/28 20:15:49.473, 1, 50.68, 1328
2026/09/28 20:15:49.476, 2, 51.88, 1328
2026/09/28 20:15:49.478, 3, 74.96, 1328
2026/09/28 20:15:49.681, 0, 94.78, 1328
2026/09/28 20:15:49.684, 1, 74.00, 1328
2026/09/28 20:15:49.689, 2, 52.12, 1328
2026/09/28 20:15:49.695, 3, 47.28, 1328
2026/09/28 20:15:49.898, 0, 55.74, 1328
2026/09/28 20:15:49.901, 1, 61.74, 1328
2026/09/28 20:15:49.903, 2, 66.32, 1328
2026/09/28 20:15:49.906, 3, 84.56, 1328
2026/09/28 20:15:50.109, 0, 47.06, 1328
2026/09/28 20:15:50.112, 1, 48.99, 1328
2026/09/28 20:15:50.115, 2, 48.53, 1328
2026/09/28 20:15:50.118, 3, 67.49, 1328
2026/09/28 20:15:50.321, 0, 83.63, 1328
2026/09/28 20:15:50.324, 1, 84.07, 1328
2026/09/28 20:15:50.329, 2, 65.12, 1328
2026/09/28 20:15:50.334, 3, 45.82, 1328
2026/09/28 20:15:50.537, 0, 51.19, 1328
2026/09/28 20:15:50.540, 1, 55.71, 1328
2026/09/28 20:15:50.543, 2, 59.84, 1328
2026/09/28 20:15:50.546, 3, 94.85, 1328
2026/09/28 20:15:50.749, 0, 70.18, 1328
2026/09/28 20:15:50.752, 1, 46.58, 1328
2026/09/28 20:15:50.755, 2, 45.61, 1328
2026/09/28 20:15:50.758, 3, 57.85, 1328
2026/09/28 20:15:50.961, 0, 74.02, 1328
2026/09/28 20:15:50.964, 1, 79.30, 1328
2026/09/28 20:15:50.969, 2, 78.57, 1328
2026/09/28 20:15:50.974, 3, 53.78, 1328
2026/09/28 20:15:51.177, 0, 49.49, 1328
2026/09/28 20:15:51.180, 1, 52.85, 1328
2026/09/28 20:15:51.183, 2, 55.50, 1328
2026/09/28 20:15:51.186, 3, 82.39, 1328
2026/09/28 20:15:51.389, 0, 73.31, 1328
2026/09/28 20:15:51.392, 1, 47.03, 1328
2026/09/28 20:15:51.395, 2, 44.91, 1328
2026/09/28 20:15:51.398, 3, 57.64, 1328
2026/09/28 20:15:51.601, 0, 70.21, 1328
2026/09/28 20:15:51.604, 1, 75.97, 1328
2026/09/28 20:15:51.608, 2, 79.78, 1328
2026/09/28 20:15:51.614, 3, 63.12, 1328
2026/09/28 20:15:51.817, 0, 48.29, 1328
2026/09/28 20:15:51.820, 1, 51.38, 1328
2026/09/28 20:15:51.823, 2, 52.85, 1328
2026/09/28 20:15:51.826, 3, 74.96, 1328
2026/09/28 20:15:52.028, 0, 93.27, 1328
2026/09/28 20:15:52.032, 1, 59.57, 1328
2026/09/28 20:15:52.035, 2, 42.50, 1328
2026/09/28 20:15:52.037, 3, 51.13, 1328
2026/09/28 20:15:52.240, 0, 62.49, 1328
2026/09/28 20:15:52.243, 1, 66.53, 1328
2026/09/28 20:15:52.248, 2, 68.21, 1328
2026/09/28 20:15:52.253, 3, 82.82, 1328
2026/09/28 20:15:52.456, 0, 48.02, 1328
2026/09/28 20:15:52.460, 1, 50.44, 1328
2026/09/28 20:15:52.462, 2, 51.16, 1328
2026/09/28 20:15:52.465, 3, 71.55, 1328
2026/09/28 20:15:52.668, 0, 91.81, 1328
2026/09/28 20:15:52.671, 1, 70.38, 1328
2026/09/28 20:15:52.674, 2, 42.26, 1328
2026/09/28 20:15:52.677, 3, 50.65, 1328
2026/09/28 20:15:52.880, 0, 61.29, 1328
2026/09/28 20:15:52.883, 1, 65.36, 1328
2026/09/28 20:15:52.887, 2, 68.25, 1328
2026/09/28 20:15:52.893, 3, 85.22, 1328
2026/09/28 20:15:53.096, 0, 49.01, 1328
2026/09/28 20:15:53.099, 1, 48.75, 1328
2026/09/28 20:15:53.102, 2, 48.75, 1328
2026/09/28 20:15:53.105, 3, 66.77, 1328
2026/09/28 20:15:53.308, 0, 81.22, 1328
2026/09/28 20:15:53.311, 1, 80.94, 1328
2026/09/28 20:15:53.314, 2, 45.13, 1328
2026/09/28 20:15:53.316, 3, 48.24, 1328
2026/09/28 20:15:53.519, 0, 55.25, 1328
2026/09/28 20:15:53.522, 1, 58.60, 1328
2026/09/28 20:15:53.527, 2, 58.15, 1328
2026/09/28 20:15:53.533, 3, 91.74, 1328
2026/09/28 20:15:53.735, 0, 74.26, 1328
2026/09/28 20:15:53.739, 1, 46.82, 1328
2026/09/28 20:15:53.742, 2, 44.43, 1328
2026/09/28 20:15:53.744, 3, 56.92, 1328
2026/09/28 20:15:53.947, 0, 74.07, 1328
2026/09/28 20:15:53.950, 1, 85.27, 1328
2026/09/28 20:15:53.953, 2, 62.71, 1328
2026/09/28 20:15:53.956, 3, 46.06, 1328
2026/09/28 20:15:54.159, 0, 52.87, 1328
2026/09/28 20:15:54.162, 1, 55.75, 1328
2026/09/28 20:15:54.167, 2, 54.53, 1328
2026/09/28 20:15:54.172, 3, 81.91, 1328
2026/09/28 20:15:54.375, 0, 90.62, 1328
2026/09/28 20:15:54.381, 1, 77.56, 1328
2026/09/28 20:15:54.386, 2, 57.92, 1328
2026/09/28 20:15:54.392, 3, 46.56, 1328
2026/09/28 20:15:54.595, 0, 53.32, 1328
2026/09/28 20:15:54.598, 1, 57.67, 1328
2026/09/28 20:15:54.601, 2, 61.98, 1328
2026/09/28 20:15:54.604, 3, 98.40, 1328
2026/09/28 20:15:54.807, 0, 59.56, 1328
2026/09/28 20:15:54.810, 1, 47.30, 1328
2026/09/28 20:15:54.813, 2, 46.82, 1328
2026/09/28 20:15:54.816, 3, 61.70, 1328
2026/09/28 20:15:55.019, 0, 73.79, 1328
2026/09/28 20:15:55.023, 1, 86.96, 1328
2026/09/28 20:15:55.026, 2, 69.41, 1328
2026/09/28 20:15:55.032, 3, 45.36, 1328
2026/09/28 20:15:55.235, 0, 50.46, 1328
2026/09/28 20:15:55.238, 1, 54.98, 1328
2026/09/28 20:15:55.241, 2, 57.64, 1328
2026/09/28 20:15:55.243, 3, 89.32, 1328
2026/09/28 20:15:55.446, 0, 81.02, 1328
2026/09/28 20:15:55.449, 1, 46.55, 1328
2026/09/28 20:15:55.452, 2, 44.64, 1328
2026/09/28 20:15:55.455, 3, 55.47, 1328
2026/09/28 20:15:55.658, 0, 66.59, 1328
2026/09/28 20:15:55.661, 1, 71.88, 1328
2026/09/28 20:15:55.666, 2, 75.45, 1328
2026/09/28 20:15:55.671, 3, 71.11, 1328
2026/09/28 20:15:55.874, 0, 48.50, 1328
2026/09/28 20:15:55.877, 1, 51.38, 1328
2026/09/28 20:15:55.880, 2, 51.64, 1328
2026/09/28 20:15:55.883, 3, 75.40, 1328
2026/09/28 20:15:56.086, 0, 90.12, 1328
2026/09/28 20:15:56.089, 1, 57.40, 1328
2026/09/28 20:15:56.092, 2, 42.96, 1328
2026/09/28 20:15:56.095, 3, 52.10, 1328
2026/09/28 20:15:56.298, 0, 60.80, 1328
2026/09/28 20:15:56.301, 1, 64.87, 1328
2026/09/28 20:15:56.306, 2, 68.01, 1328
2026/09/28 20:15:56.311, 3, 85.71, 1328
2026/09/28 20:15:56.514, 0, 51.16, 1328
2026/09/28 20:15:56.517, 1, 48.26, 1328
2026/09/28 20:15:56.520, 2, 48.02, 1328
2026/09/28 20:15:56.523, 3, 63.87, 1328
2026/09/28 20:15:56.726, 0, 75.92, 1328
2026/09/28 20:15:56.730, 1, 86.48, 1328
2026/09/28 20:15:56.734, 2, 58.84, 1328
2026/09/28 20:15:56.737, 3, 46.33, 1328
2026/09/28 20:15:56.939, 0, 54.06, 1328
2026/09/28 20:15:56.942, 1, 59.62, 1328
2026/09/28 20:15:56.945, 2, 61.01, 1328
2026/09/28 20:15:56.951, 3, 97.44, 1328
2026/09/28 20:15:57.154, 0, 51.63, 1328
2026/09/28 20:15:57.156, 1, 55.24, 1328
2026/09/28 20:15:57.159, 2, 58.16, 1328
2026/09/28 20:15:57.162, 3, 90.04, 1328
2026/09/28 20:15:57.366, 0, 89.36, 1328
2026/09/28 20:15:57.371, 1, 51.40, 1328
2026/09/28 20:15:57.374, 2, 43.47, 1328
2026/09/28 20:15:57.377, 3, 53.54, 1328
2026/09/28 20:15:57.580, 0, 63.18, 1328
2026/09/28 20:15:57.583, 1, 71.87, 1328
2026/09/28 20:15:57.586, 2, 80.02, 1328
2026/09/28 20:15:57.590, 3, 66.76, 1328
2026/09/28 20:15:57.793, 0, 48.50, 1328
2026/09/28 20:15:57.796, 1, 51.13, 1328
2026/09/28 20:15:57.799, 2, 51.88, 1328
2026/09/28 20:15:57.803, 3, 74.68, 1328
2026/09/28 20:15:58.006, 0, 91.28, 1328
2026/09/28 20:15:58.011, 1, 67.73, 1328
2026/09/28 20:15:58.014, 2, 42.26, 1328
2026/09/28 20:15:58.017, 3, 50.41, 1328
2026/09/28 20:15:58.220, 0, 58.66, 1328
2026/09/28 20:15:58.223, 1, 66.60, 1328
2026/09/28 20:15:58.226, 2, 70.87, 1328
2026/09/28 20:15:58.230, 3, 79.01, 1328
2026/09/28 20:15:58.433, 0, 47.05, 1328
2026/09/28 20:15:58.436, 1, 49.23, 1328
2026/09/28 20:15:58.439, 2, 49.26, 1328
2026/09/28 20:15:58.442, 3, 68.22, 1328
2026/09/28 20:15:58.645, 0, 75.71, 1328
2026/09/28 20:15:58.650, 1, 84.26, 1328
2026/09/28 20:15:58.653, 2, 54.06, 1328
2026/09/28 20:15:58.656, 3, 47.30, 1328
2026/09/28 20:15:58.859, 0, 54.81, 1328
2026/09/28 20:15:58.862, 1, 60.26, 1328
2026/09/28 20:15:58.865, 2, 63.42, 1328
2026/09/28 20:15:58.870, 3, 99.37, 1328
2026/09/28 20:15:59.073, 0, 60.33, 1328
2026/09/28 20:15:59.076, 1, 47.78, 1328
2026/09/28 20:15:59.079, 2, 47.30, 1328
2026/09/28 20:15:59.081, 3, 61.71, 1328
2026/09/28 20:15:59.284, 0, 70.17, 1328
2026/09/28 20:15:59.290, 1, 79.97, 1328
2026/09/28 20:15:59.293, 2, 66.57, 1328
2026/09/28 20:15:59.296, 3, 45.37, 1328
2026/09/28 20:15:59.499, 0, 50.94, 1328
2026/09/28 20:15:59.502, 1, 55.03, 1328
2026/09/28 20:15:59.505, 2, 55.74, 1328
2026/09/28 20:15:59.509, 3, 84.80, 1328
2026/09/28 20:15:59.712, 0, 83.19, 1328
2026/09/28 20:15:59.715, 1, 46.07, 1328
2026/09/28 20:15:59.718, 2, 43.95, 1328
2026/09/28 20:15:59.721, 3, 54.75, 1328
2026/09/28 20:15:59.924, 0, 65.10, 1328
2026/09/28 20:15:59.930, 1, 74.53, 1328
2026/09/28 20:15:59.933, 2, 76.64, 1328
2026/09/28 20:15:59.936, 3, 56.89, 1328
2026/09/28 20:16:00.139, 0, 49.50, 1328
2026/09/28 20:16:00.142, 1, 51.85, 1328
2026/09/28 20:16:00.145, 2, 52.60, 1328
2026/09/28 20:16:00.149, 3, 75.64, 1328
2026/09/28 20:16:00.352, 0, 92.96, 1328
2026/09/28 20:16:00.355, 1, 58.58, 1328
2026/09/28 20:16:00.358, 2, 42.96, 1328
2026/09/28 20:16:00.361, 3, 52.12, 1328
2026/09/28 20:16:00.564, 0, 57.46, 1328
2026/09/28 20:16:00.569, 1, 64.16, 1328
2026/09/28 20:16:00.572, 2, 73.07, 1328
2026/09/28 20:16:00.575, 3, 78.49, 1328
2026/09/28 20:16:00.778, 0, 47.32, 1328
2026/09/28 20:16:00.781, 1, 49.23, 1328
2026/09/28 20:16:00.785, 2, 46.81, 1328
2026/09/28 20:16:00.790, 3, 61.23, 1328
2026/09/28 20:16:00.994, 0, 78.08, 1328
2026/09/28 20:16:00.997, 1, 81.18, 1328
2026/09/28 20:16:01.000, 2, 47.06, 1328
2026/09/28 20:16:01.002, 3, 47.51, 1328
2026/09/28 20:16:01.206, 0, 54.32, 1328
2026/09/28 20:16:01.209, 1, 58.89, 1328
2026/09/28 20:16:01.212, 2, 64.88, 1328
2026/09/28 20:16:01.215, 3, 92.63, 1328
2026/09/28 20:16:01.418, 0, 49.47, 1328
2026/09/28 20:16:01.421, 1, 47.81, 1328
2026/09/28 20:16:01.424, 2, 47.30, 1328
2026/09/28 20:16:01.427, 3, 62.18, 1328
2026/09/28 20:16:01.630, 0, 78.86, 1328
2026/09/28 20:16:01.633, 1, 83.59, 1328
2026/09/28 20:16:01.637, 2, 54.30, 1328
2026/09/28 20:16:01.639, 3, 47.51, 1328
2026/09/28 20:16:01.842, 0, 52.36, 1328
2026/09/28 20:16:01.849, 1, 56.71, 1328
2026/09/28 20:16:01.852, 2, 58.60, 1328
2026/09/28 20:16:01.855, 3, 92.68, 1328
2026/09/28 20:16:02.058, 0, 70.17, 1328
2026/09/28 20:16:02.061, 1, 46.82, 1328
2026/09/28 20:16:02.064, 2, 45.37, 1328
2026/09/28 20:16:02.067, 3, 58.81, 1328
2026/09/28 20:16:02.270, 0, 71.61, 1328
2026/09/28 20:16:02.273, 1, 83.34, 1328
2026/09/28 20:16:02.276, 2, 65.35, 1328
2026/09/28 20:16:02.279, 3, 46.09, 1328
2026/09/28 20:16:02.482, 0, 51.90, 1328
2026/09/28 20:16:02.485, 1, 55.99, 1328
2026/09/28 20:16:02.488, 2, 60.05, 1328
2026/09/28 20:16:02.491, 3, 96.30, 1328
2026/09/28 20:16:02.694, 0, 64.87, 1328
2026/09/28 20:16:02.697, 1, 47.78, 1328
2026/09/28 20:16:02.700, 2, 46.12, 1328
2026/09/28 20:16:02.702, 3, 60.75, 1328
2026/09/28 20:16:02.905, 0, 79.34, 1328
2026/09/28 20:16:02.908, 1, 81.13, 1328
2026/09/28 20:16:02.911, 2, 49.26, 1328
2026/09/28 20:16:02.914, 3, 47.27, 1328
2026/09/28 20:16:03.117, 0, 55.05, 1328
2026/09/28 20:16:03.120, 1, 58.60, 1328
2026/09/28 20:16:03.124, 2, 65.11, 1328
2026/09/28 20:16:03.126, 3, 90.24, 1328
2026/09/28 20:16:03.329, 0, 41.80, 1328
2026/09/28 20:16:03.332, 1, 42.02, 1328
2026/09/28 20:16:03.335, 2, 37.69, 1328
2026/09/28 20:16:03.338, 3, 39.36, 1328
2026/09/28 20:16:03.545, 0, 181.63, 1328
2026/09/28 20:16:03.548, 1, 41.74, 1328
2026/09/28 20:16:03.551, 2, 37.43, 1328
2026/09/28 20:16:03.553, 3, 39.07, 1328
2026/09/28 20:16:03.756, 0, 193.50, 1328
2026/09/28 20:16:03.759, 1, 41.74, 1328
2026/09/28 20:16:03.763, 2, 37.18, 1328
2026/09/28 20:16:03.766, 3, 39.07, 1328
2026/09/28 20:16:03.969, 0, 188.26, 1328
2026/09/28 20:16:03.972, 1, 41.72, 1328
2026/09/28 20:16:03.975, 2, 37.43, 1328
2026/09/28 20:16:03.978, 3, 38.82, 1328
2026/09/28 20:16:04.181, 0, 187.39, 1328
2026/09/28 20:16:04.187, 1, 41.73, 1328
2026/09/28 20:16:04.190, 2, 36.94, 1328
2026/09/28 20:16:04.193, 3, 38.83, 1328
2026/09/28 20:16:04.396, 0, 43.67, 1328
2026/09/28 20:16:04.399, 1, 177.87, 1328
2026/09/28 20:16:04.403, 2, 36.94, 1328
2026/09/28 20:16:04.406, 3, 38.83, 1328
2026/09/28 20:16:04.609, 0, 42.47, 1328
2026/09/28 20:16:04.612, 1, 176.38, 1328
2026/09/28 20:16:04.615, 2, 36.94, 1328
2026/09/28 20:16:04.618, 3, 38.83, 1328
2026/09/28 20:16:04.821, 0, 41.74, 1328
2026/09/28 20:16:04.827, 1, 173.66, 1328
2026/09/28 20:16:04.830, 2, 36.94, 1328
2026/09/28 20:16:04.833, 3, 38.82, 1328
2026/09/28 20:16:05.036, 0, 41.50, 1328
2026/09/28 20:16:05.039, 1, 173.42, 1328
2026/09/28 20:16:05.042, 2, 36.94, 1328
2026/09/28 20:16:05.046, 3, 38.83, 1328
2026/09/28 20:16:05.249, 0, 41.53, 1328
2026/09/28 20:16:05.251, 1, 42.98, 1328
2026/09/28 20:16:05.254, 2, 163.71, 1328
2026/09/28 20:16:05.257, 3, 38.86, 1328
2026/09/28 20:16:05.460, 0, 41.29, 1328
2026/09/28 20:16:05.463, 1, 42.48, 1328
2026/09/28 20:16:05.467, 2, 164.56, 1328
2026/09/28 20:16:05.470, 3, 38.86, 1328
2026/09/28 20:16:05.673, 0, 41.31, 1328
2026/09/28 20:16:05.676, 1, 42.01, 1328
2026/09/28 20:16:05.679, 2, 175.73, 1328
2026/09/28 20:16:05.682, 3, 38.86, 1328
2026/09/28 20:16:05.886, 0, 41.29, 1328
2026/09/28 20:16:05.889, 1, 41.75, 1328
2026/09/28 20:16:05.892, 2, 176.60, 1328
2026/09/28 20:16:05.895, 3, 38.85, 1328
2026/09/28 20:16:06.098, 0, 41.26, 1328
2026/09/28 20:16:06.101, 1, 41.51, 1328
2026/09/28 20:16:06.104, 2, 38.15, 1328
2026/09/28 20:16:06.107, 3, 181.47, 1328
2026/09/28 20:16:06.310, 0, 41.27, 1328
2026/09/28 20:16:06.313, 1, 41.74, 1328
2026/09/28 20:16:06.315, 2, 37.67, 1328
2026/09/28 20:16:06.318, 3, 187.10, 1328
2026/09/28 20:16:06.521, 0, 41.04, 1328
2026/09/28 20:16:06.527, 1, 41.73, 1328
2026/09/28 20:16:06.531, 2, 37.42, 1328
2026/09/28 20:16:06.534, 3, 187.85, 1328
2026/09/28 20:16:06.737, 0, 179.58, 1328
2026/09/28 20:16:06.740, 1, 41.48, 1328
2026/09/28 20:16:06.743, 2, 37.43, 1328
2026/09/28 20:16:06.746, 3, 39.31, 1328
2026/09/28 20:16:06.949, 0, 182.58, 1328
2026/09/28 20:16:06.952, 1, 41.50, 1328
2026/09/28 20:16:06.955, 2, 37.43, 1328
2026/09/28 20:16:06.958, 3, 38.83, 1328
2026/09/28 20:16:07.161, 0, 183.31, 1328
2026/09/28 20:16:07.167, 1, 41.49, 1328
2026/09/28 20:16:07.170, 2, 37.19, 1328
2026/09/28 20:16:07.173, 3, 38.59, 1328
2026/09/28 20:16:07.376, 0, 182.83, 1328
2026/09/28 20:16:07.379, 1, 41.51, 1328
2026/09/28 20:16:07.382, 2, 37.19, 1328
2026/09/28 20:16:07.385, 3, 38.35, 1328
2026/09/28 20:16:07.588, 0, 99.23, 1328
2026/09/28 20:16:07.591, 1, 135.75, 1328
2026/09/28 20:16:07.597, 2, 37.19, 1328
2026/09/28 20:16:07.600, 3, 38.35, 1328
2026/09/28 20:16:07.803, 0, 42.71, 1328
2026/09/28 20:16:07.807, 1, 174.62, 1328
2026/09/28 20:16:07.809, 2, 37.19, 1328
2026/09/28 20:16:07.812, 3, 38.34, 1328
2026/09/28 20:16:08.016, 0, 42.22, 1328
2026/09/28 20:16:08.019, 1, 171.50, 1328
2026/09/28 20:16:08.022, 2, 37.19, 1328
2026/09/28 20:16:08.025, 3, 38.11, 1328
2026/09/28 20:16:08.228, 0, 41.98, 1328
2026/09/28 20:16:08.231, 1, 172.94, 1328
2026/09/28 20:16:08.234, 2, 36.94, 1328
2026/09/28 20:16:08.237, 3, 38.10, 1328
2026/09/28 20:16:08.440, 0, 41.53, 1328
2026/09/28 20:16:08.443, 1, 43.68, 1328
2026/09/28 20:16:08.445, 2, 175.11, 1328
2026/09/28 20:16:08.448, 3, 38.13, 1328
2026/09/28 20:16:08.651, 0, 41.53, 1328
2026/09/28 20:16:08.654, 1, 42.74, 1328
2026/09/28 20:16:08.660, 2, 171.51, 1328
2026/09/28 20:16:08.665, 3, 38.13, 1328
2026/09/28 20:16:08.868, 0, 41.29, 1328
2026/09/28 20:16:08.871, 1, 41.99, 1328
2026/09/28 20:16:08.874, 2, 168.88, 1328
2026/09/28 20:16:08.876, 3, 38.13, 1328
2026/09/28 20:16:09.079, 0, 41.29, 1328
2026/09/28 20:16:09.082, 1, 41.75, 1328
2026/09/28 20:16:09.085, 2, 165.29, 1328
2026/09/28 20:16:09.088, 3, 38.13, 1328
2026/09/28 20:16:09.291, 0, 41.28, 1328
2026/09/28 20:16:09.294, 1, 41.75, 1328
2026/09/28 20:16:09.299, 2, 38.63, 1328
2026/09/28 20:16:09.304, 3, 174.52, 1328
2026/09/28 20:16:09.507, 0, 41.27, 1328
2026/09/28 20:16:09.510, 1, 41.73, 1328
2026/09/28 20:16:09.513, 2, 37.91, 1328
2026/09/28 20:16:09.516, 3, 180.55, 1328
2026/09/28 20:16:09.719, 0, 41.26, 1328
2026/09/28 20:16:09.722, 1, 41.51, 1328
2026/09/28 20:16:09.725, 2, 37.67, 1328
2026/09/28 20:16:09.728, 3, 191.41, 1328
2026/09/28 20:16:09.931, 0, 177.54, 1328
2026/09/28 20:16:09.934, 1, 41.49, 1328
2026/09/28 20:16:09.939, 2, 37.42, 1328
2026/09/28 20:16:09.944, 3, 41.00, 1328
2026/09/28 20:16:10.147, 0, 181.02, 1328
2026/09/28 20:16:10.150, 1, 41.49, 1328
2026/09/28 20:16:10.153, 2, 37.43, 1328
2026/09/28 20:16:10.156, 3, 39.80, 1328
2026/09/28 20:16:10.359, 0, 184.27, 1328
2026/09/28 20:16:10.362, 1, 41.73, 1328
2026/09/28 20:16:10.365, 2, 37.43, 1328
2026/09/28 20:16:10.367, 3, 39.06, 1328
2026/09/28 20:16:10.570, 0, 184.35, 1328
2026/09/28 20:16:10.573, 1, 41.49, 1328
2026/09/28 20:16:10.579, 2, 37.19, 1328
2026/09/28 20:16:10.584, 3, 39.07, 1328
2026/09/28 20:16:10.787, 0, 43.67, 1328
2026/09/28 20:16:10.790, 1, 182.53, 1328
2026/09/28 20:16:10.793, 2, 37.42, 1328
2026/09/28 20:16:10.796, 3, 38.82, 1328
2026/09/28 20:16:10.999, 0, 42.47, 1328
2026/09/28 20:16:11.002, 1, 173.21, 1328
2026/09/28 20:16:11.004, 2, 37.19, 1328
2026/09/28 20:16:11.007, 3, 38.82, 1328
2026/09/28 20:16:11.210, 0, 41.98, 1328
2026/09/28 20:16:11.213, 1, 174.98, 1328
2026/09/28 20:16:11.218, 2, 37.18, 1328
2026/09/28 20:16:11.224, 3, 38.82, 1328
2026/09/28 20:16:11.427, 0, 41.76, 1328
2026/09/28 20:16:11.430, 1, 186.02, 1328
2026/09/28 20:16:11.433, 2, 37.19, 1328
2026/09/28 20:16:11.435, 3, 38.82, 1328
2026/09/28 20:16:11.638, 0, 41.77, 1328
2026/09/28 20:16:11.641, 1, 42.98, 1328
2026/09/28 20:16:11.644, 2, 166.49, 1328
2026/09/28 20:16:11.647, 3, 38.86, 1328
2026/09/28 20:16:11.850, 0, 41.53, 1328
2026/09/28 20:16:11.853, 1, 42.47, 1328
2026/09/28 20:16:11.858, 2, 169.12, 1328
2026/09/28 20:16:11.863, 3, 38.83, 1328
2026/09/28 20:16:12.066, 0, 41.29, 1328
2026/09/28 20:16:12.069, 1, 42.26, 1328
2026/09/28 20:16:12.072, 2, 166.49, 1328
2026/09/28 20:16:12.075, 3, 38.84, 1328
2026/09/28 20:16:12.279, 0, 41.31, 1328
2026/09/28 20:16:12.284, 1, 41.99, 1328
2026/09/28 20:16:12.287, 2, 73.04, 1328
2026/09/28 20:16:12.290, 3, 152.16, 1328
2026/09/28 20:16:12.495, 0, 41.04, 1328
2026/09/28 20:16:12.498, 1, 41.97, 1328
2026/09/28 20:16:12.500, 2, 38.15, 1328
2026/09/28 20:16:12.503, 3, 182.10, 1328
2026/09/28 20:16:12.706, 0, 41.26, 1328
2026/09/28 20:16:12.709, 1, 41.75, 1328
2026/09/28 20:16:12.712, 2, 37.67, 1328
2026/09/28 20:16:12.715, 3, 181.23, 1328
2026/09/28 20:16:12.918, 0, 41.26, 1328
2026/09/28 20:16:12.924, 1, 41.49, 1328
2026/09/28 20:16:12.927, 2, 37.42, 1328
2026/09/28 20:16:12.931, 3, 181.35, 1328
2026/09/28 20:16:13.134, 0, 185.47, 1328
2026/09/28 20:16:13.137, 1, 41.51, 1328
2026/09/28 20:16:13.140, 2, 37.43, 1328
2026/09/28 20:16:13.143, 3, 40.04, 1328
2026/09/28 20:16:13.346, 0, 186.75, 1328
2026/09/28 20:16:13.349, 1, 41.75, 1328
2026/09/28 20:16:13.352, 2, 37.19, 1328
2026/09/28 20:16:13.354, 3, 39.56, 1328
2026/09/28 20:16:13.557, 0, 183.39, 1328
2026/09/28 20:16:13.564, 1, 41.51, 1328
2026/09/28 20:16:13.567, 2, 37.19, 1328
2026/09/28 20:16:13.569, 3, 39.06, 1328
2026/09/28 20:16:13.774, 0, 43.43, 1328
2026/09/28 20:16:13.777, 1, 175.10, 1328
2026/09/28 20:16:13.779, 2, 37.19, 1328
2026/09/28 20:16:13.783, 3, 39.06, 1328
2026/09/28 20:16:13.986, 0, 42.22, 1328
2026/09/28 20:16:13.988, 1, 181.71, 1328
2026/09/28 20:16:13.991, 2, 37.19, 1328
2026/09/28 20:16:13.994, 3, 39.07, 1328
2026/09/28 20:16:14.197, 0, 41.98, 1328
2026/09/28 20:16:14.203, 1, 173.51, 1328
2026/09/28 20:16:14.206, 2, 37.19, 1328
2026/09/28 20:16:14.209, 3, 38.83, 1328
2026/09/28 20:16:14.413, 0, 41.74, 1328
2026/09/28 20:16:14.417, 1, 141.37, 1328
2026/09/28 20:16:14.420, 2, 60.05, 1328
2026/09/28 20:16:14.422, 3, 38.85, 1328
2026/09/28 20:16:14.625, 0, 41.55, 1328
2026/09/28 20:16:14.628, 1, 42.96, 1328
2026/09/28 20:16:14.631, 2, 175.97, 1328
2026/09/28 20:16:14.634, 3, 38.85, 1328
2026/09/28 20:16:14.837, 0, 41.29, 1328
2026/09/28 20:16:14.843, 1, 42.47, 1328
2026/09/28 20:16:14.846, 2, 167.68, 1328
2026/09/28 20:16:14.849, 3, 38.85, 1328
2026/09/28 20:16:15.053, 0, 41.29, 1328
2026/09/28 20:16:15.056, 1, 41.99, 1328
2026/09/28 20:16:15.059, 2, 166.24, 1328
2026/09/28 20:16:15.062, 3, 38.86, 1328
2026/09/28 20:16:15.265, 0, 41.28, 1328
2026/09/28 20:16:15.268, 1, 41.75, 1328
2026/09/28 20:16:15.271, 2, 39.35, 1328
2026/09/28 20:16:15.274, 3, 181.02, 1328
2026/09/28 20:16:15.477, 0, 41.28, 1328
2026/09/28 20:16:15.480, 1, 41.75, 1328
2026/09/28 20:16:15.482, 2, 38.15, 1328
2026/09/28 20:16:15.485, 3, 186.14, 1328
2026/09/28 20:16:15.688, 0, 41.28, 1328
2026/09/28 20:16:15.691, 1, 41.50, 1328
2026/09/28 20:16:15.695, 2, 37.67, 1328
2026/09/28 20:16:15.698, 3, 186.17, 1328
2026/09/28 20:16:15.901, 0, 41.31, 1328
2026/09/28 20:16:15.905, 1, 41.78, 1328
2026/09/28 20:16:15.908, 2, 37.43, 1328
2026/09/28 20:16:15.911, 3, 60.74, 1328
2026/09/28 20:16:16.114, 0, 181.73, 1328
2026/09/28 20:16:16.117, 1, 41.50, 1328
2026/09/28 20:16:16.120, 2, 37.19, 1328
2026/09/28 20:16:16.123, 3, 39.80, 1328
2026/09/28 20:16:16.326, 0, 171.64, 1328
2026/09/28 20:16:16.328, 1, 41.51, 1328
2026/09/28 20:16:16.331, 2, 37.19, 1328
2026/09/28 20:16:16.334, 3, 39.31, 1328
2026/09/28 20:16:16.537, 0, 185.95, 1328
2026/09/28 20:16:16.540, 1, 41.50, 1328
2026/09/28 20:16:16.543, 2, 37.19, 1328
2026/09/28 20:16:16.546, 3, 39.07, 1328
2026/09/28 20:16:16.752, 0, 43.43, 1328
2026/09/28 20:16:16.755, 1, 171.50, 1328
2026/09/28 20:16:16.758, 2, 37.19, 1328
2026/09/28 20:16:16.761, 3, 38.83, 1328
2026/09/28 20:16:16.964, 0, 42.47, 1328
2026/09/28 20:16:16.969, 1, 182.88, 1328
2026/09/28 20:16:16.975, 2, 37.19, 1328
2026/09/28 20:16:16.977, 3, 38.85, 1328
2026/09/28 20:16:17.181, 0, 41.98, 1328
2026/09/28 20:16:17.184, 1, 177.26, 1328
2026/09/28 20:16:17.187, 2, 37.19, 1328
2026/09/28 20:16:17.189, 3, 38.83, 1328
2026/09/28 20:16:17.392, 0, 41.74, 1328
2026/09/28 20:16:17.395, 1, 172.55, 1328
2026/09/28 20:16:17.398, 2, 37.19, 1328
2026/09/28 20:16:17.401, 3, 38.83, 1328
2026/09/28 20:16:17.604, 0, 41.53, 1328
2026/09/28 20:16:17.607, 1, 42.96, 1328
2026/09/28 20:16:17.610, 2, 162.89, 1328
2026/09/28 20:16:17.613, 3, 38.86, 1328
2026/09/28 20:16:17.816, 0, 41.53, 1328
2026/09/28 20:16:17.819, 1, 42.24, 1328
2026/09/28 20:16:17.822, 2, 158.57, 1328
2026/09/28 20:16:17.825, 3, 38.85, 1328
2026/09/28 20:16:18.028, 0, 41.53, 1328
2026/09/28 20:16:18.031, 1, 42.01, 1328
2026/09/28 20:16:18.034, 2, 172.47, 1328
2026/09/28 20:16:18.037, 3, 38.86, 1328
2026/09/28 20:16:18.240, 0, 41.52, 1328
2026/09/28 20:16:18.243, 1, 41.99, 1328
2026/09/28 20:16:18.246, 2, 42.74, 1328
2026/09/28 20:16:18.249, 3, 176.67, 1328
2026/09/28 20:16:18.452, 0, 41.52, 1328
2026/09/28 20:16:18.458, 1, 41.75, 1328
2026/09/28 20:16:18.461, 2, 38.15, 1328
2026/09/28 20:16:18.464, 3, 177.78, 1328
2026/09/28 20:16:18.667, 0, 41.52, 1328
2026/09/28 20:16:18.670, 1, 41.75, 1328
2026/09/28 20:16:18.674, 2, 37.91, 1328
2026/09/28 20:16:18.680, 3, 184.62, 1328
2026/09/28 20:16:18.883, 0, 41.50, 1328
2026/09/28 20:16:18.886, 1, 41.73, 1328
2026/09/28 20:16:18.889, 2, 37.42, 1328
2026/09/28 20:16:18.892, 3, 176.52, 1328
2026/09/28 20:16:19.095, 0, 188.56, 1328
2026/09/28 20:16:19.099, 1, 41.75, 1328
2026/09/28 20:16:19.102, 2, 37.43, 1328
2026/09/28 20:16:19.105, 3, 39.80, 1328
2026/09/28 20:16:19.311, 0, 185.94, 1328
2026/09/28 20:16:19.314, 1, 41.74, 1328
2026/09/28 20:16:19.316, 2, 37.19, 1328
2026/09/28 20:16:19.320, 3, 39.31, 1328
2026/09/28 20:16:19.523, 0, 184.37, 1328
2026/09/28 20:16:19.526, 1, 41.75, 1328
2026/09/28 20:16:19.528, 2, 37.43, 1328
2026/09/28 20:16:19.532, 3, 39.07, 1328
2026/09/28 20:16:19.735, 0, 184.51, 1328
2026/09/28 20:16:19.740, 1, 41.72, 1328
2026/09/28 20:16:19.743, 2, 37.18, 1328
2026/09/28 20:16:19.746, 3, 38.82, 1328
2026/09/28 20:16:19.950, 0, 42.95, 1328
2026/09/28 20:16:19.953, 1, 168.47, 1328
2026/09/28 20:16:19.956, 2, 37.19, 1328
2026/09/28 20:16:19.960, 3, 38.83, 1328
2026/09/28 20:16:20.163, 0, 42.47, 1328
2026/09/28 20:16:20.165, 1, 178.70, 1328
2026/09/28 20:16:20.168, 2, 37.19, 1328
2026/09/28 20:16:20.171, 3, 38.83, 1328
2026/09/28 20:16:20.374, 0, 41.98, 1328
2026/09/28 20:16:20.380, 1, 180.38, 1328
2026/09/28 20:16:20.382, 2, 37.19, 1328
2026/09/28 20:16:20.385, 3, 38.83, 1328
2026/09/28 20:16:20.590, 0, 41.74, 1328
2026/09/28 20:16:20.593, 1, 182.28, 1328
2026/09/28 20:16:20.596, 2, 37.19, 1328
2026/09/28 20:16:20.599, 3, 38.83, 1328
2026/09/28 20:16:20.802, 0, 41.52, 1328
2026/09/28 20:16:20.805, 1, 42.96, 1328
2026/09/28 20:16:20.808, 2, 163.84, 1328
2026/09/28 20:16:20.811, 3, 38.86, 1328
2026/09/28 20:16:21.014, 0, 41.53, 1328
2026/09/28 20:16:21.020, 1, 42.71, 1328
2026/09/28 20:16:21.022, 2, 172.23, 1328
2026/09/28 20:16:21.025, 3, 38.86, 1328
2026/09/28 20:16:21.229, 0, 41.53, 1328
2026/09/28 20:16:21.232, 1, 42.23, 1328
2026/09/28 20:16:21.235, 2, 170.32, 1328
2026/09/28 20:16:21.239, 3, 38.85, 1328
2026/09/28 20:16:21.442, 0, 41.31, 1328
2026/09/28 20:16:21.445, 1, 42.02, 1328
2026/09/28 20:16:21.448, 2, 169.60, 1328
2026/09/28 20:16:21.450, 3, 38.86, 1328
2026/09/28 20:16:21.653, 0, 41.53, 1328
2026/09/28 20:16:21.659, 1, 41.97, 1328
2026/09/28 20:16:21.662, 2, 38.39, 1328
2026/09/28 20:16:21.665, 3, 178.35, 1328
2026/09/28 20:16:21.869, 0, 41.26, 1328
2026/09/28 20:16:21.872, 1, 41.73, 1328
2026/09/28 20:16:21.875, 2, 37.91, 1328
2026/09/28 20:16:21.878, 3, 180.18, 1328
2026/09/28 20:16:22.082, 0, 41.28, 1328
2026/09/28 20:16:22.085, 1, 41.73, 1328
2026/09/28 20:16:22.088, 2, 37.43, 1328
2026/09/28 20:16:22.091, 3, 180.66, 1328
2026/09/28 20:16:22.294, 0, 185.33, 1328
2026/09/28 20:16:22.299, 1, 41.51, 1328
2026/09/28 20:16:22.302, 2, 37.43, 1328
2026/09/28 20:16:22.304, 3, 40.28, 1328
2026/09/28 20:16:22.509, 0, 182.46, 1328
2026/09/28 20:16:22.512, 1, 41.75, 1328
2026/09/28 20:16:22.514, 2, 37.43, 1328
2026/09/28 20:16:22.518, 3, 39.55, 1328
2026/09/28 20:16:22.721, 0, 183.55, 1328
2026/09/28 20:16:22.724, 1, 41.74, 1328
2026/09/28 20:16:22.727, 2, 37.19, 1328
2026/09/28 20:16:22.730, 3, 39.07, 1328
2026/09/28 20:16:22.933, 0, 182.59, 1328
2026/09/28 20:16:22.938, 1, 41.74, 1328
2026/09/28 20:16:22.941, 2, 37.19, 1328
2026/09/28 20:16:22.944, 3, 39.06, 1328
2026/09/28 20:16:23.149, 0, 115.77, 1328
2026/09/28 20:16:23.151, 1, 108.02, 1328
2026/09/28 20:16:23.154, 2, 37.19, 1328
2026/09/28 20:16:23.161, 3, 39.07, 1328
2026/09/28 20:16:23.364, 0, 42.95, 1328
2026/09/28 20:16:23.367, 1, 174.62, 1328
2026/09/28 20:16:23.373, 2, 37.19, 1328
2026/09/28 20:16:23.376, 3, 38.82, 1328
2026/09/28 20:16:23.579, 0, 42.22, 1328
2026/09/28 20:16:23.582, 1, 171.59, 1328
2026/09/28 20:16:23.584, 2, 37.18, 1328
2026/09/28 20:16:23.587, 3, 38.82, 1328
2026/09/28 20:16:23.790, 0, 41.98, 1328
2026/09/28 20:16:23.793, 1, 178.11, 1328
2026/09/28 20:16:23.796, 2, 37.18, 1328
2026/09/28 20:16:23.799, 3, 38.82, 1328
2026/09/28 20:16:24.002, 0, 41.77, 1328
2026/09/28 20:16:24.005, 1, 44.16, 1328
2026/09/28 20:16:24.008, 2, 171.65, 1328
2026/09/28 20:16:24.011, 3, 38.85, 1328
2026/09/28 20:16:24.214, 0, 41.77, 1328
2026/09/28 20:16:24.218, 1, 42.96, 1328
2026/09/28 20:16:24.220, 2, 171.89, 1328
2026/09/28 20:16:24.225, 3, 38.61, 1328
2026/09/28 20:16:24.428, 0, 41.53, 1328
2026/09/28 20:16:24.431, 1, 42.23, 1328
2026/09/28 20:16:24.433, 2, 168.88, 1328
2026/09/28 20:16:24.436, 3, 38.85, 1328
2026/09/28 20:16:24.639, 0, 41.77, 1328
2026/09/28 20:16:24.642, 1, 41.99, 1328
2026/09/28 20:16:24.645, 2, 164.80, 1328
2026/09/28 20:16:24.648, 3, 38.85, 1328
2026/09/28 20:16:24.851, 0, 41.50, 1328
2026/09/28 20:16:24.857, 1, 41.96, 1328
2026/09/28 20:16:24.860, 2, 38.61, 1328
2026/09/28 20:16:24.863, 3, 173.70, 1328
2026/09/28 20:16:25.069, 0, 41.50, 1328
2026/09/28 20:16:25.072, 1, 41.72, 1328
2026/09/28 20:16:25.074, 2, 37.91, 1328
2026/09/28 20:16:25.077, 3, 188.18, 1328
2026/09/28 20:16:25.280, 0, 41.50, 1328
2026/09/28 20:16:25.283, 1, 41.73, 1328
2026/09/28 20:16:25.286, 2, 37.67, 1328
2026/09/28 20:16:25.290, 3, 187.57, 1328
2026/09/28 20:16:25.493, 0, 180.54, 1328
2026/09/28 20:16:25.497, 1, 41.72, 1328
2026/09/28 20:16:25.500, 2, 37.42, 1328
2026/09/28 20:16:25.502, 3, 40.76, 1328
2026/09/28 20:16:25.706, 0, 180.51, 1328
2026/09/28 20:16:25.708, 1, 41.72, 1328
2026/09/28 20:16:25.711, 2, 37.43, 1328
2026/09/28 20:16:25.714, 3, 39.55, 1328
2026/09/28 20:16:25.917, 0, 191.10, 1328
2026/09/28 20:16:25.920, 1, 41.48, 1328
2026/09/28 20:16:25.923, 2, 37.18, 1328
2026/09/28 20:16:25.926, 3, 39.31, 1328
2026/09/28 20:16:26.129, 0, 197.42, 1328
2026/09/28 20:16:26.132, 1, 41.72, 1328
2026/09/28 20:16:26.135, 2, 37.19, 1328
2026/09/28 20:16:26.138, 3, 39.31, 1328
2026/09/28 20:16:26.341, 0, 190.87, 1328
2026/09/28 20:16:26.344, 1, 41.72, 1328
2026/09/28 20:16:26.347, 2, 37.18, 1328
2026/09/28 20:16:26.353, 3, 38.82, 1328
2026/09/28 20:16:26.556, 0, 43.19, 1328
2026/09/28 20:16:26.559, 1, 172.55, 1328
2026/09/28 20:16:26.562, 2, 37.43, 1328
2026/09/28 20:16:26.565, 3, 38.82, 1328
2026/09/28 20:16:26.768, 0, 42.47, 1328
2026/09/28 20:16:26.771, 1, 174.62, 1328
2026/09/28 20:16:26.774, 2, 37.19, 1328
2026/09/28 20:16:26.777, 3, 38.83, 1328
2026/09/28 20:16:26.980, 0, 42.22, 1328
2026/09/28 20:16:26.982, 1, 177.26, 1328
2026/09/28 20:16:26.985, 2, 37.18, 1328
2026/09/28 20:16:26.988, 3, 38.82, 1328
2026/09/28 20:16:27.191, 0, 41.98, 1328
2026/09/28 20:16:27.196, 1, 172.46, 1328
2026/09/28 20:16:27.199, 2, 37.67, 1328
2026/09/28 20:16:27.202, 3, 38.85, 1328
2026/09/28 20:16:27.405, 0, 41.77, 1328
2026/09/28 20:16:27.407, 1, 42.96, 1328
2026/09/28 20:16:27.413, 2, 172.15, 1328
2026/09/28 20:16:27.416, 3, 38.83, 1328
2026/09/28 20:16:27.622, 0, 41.53, 1328
2026/09/28 20:16:27.625, 1, 42.47, 1328
2026/09/28 20:16:27.628, 2, 154.33, 1328
2026/09/28 20:16:27.633, 3, 38.86, 1328
2026/09/28 20:16:27.836, 0, 41.77, 1328
2026/09/28 20:16:27.839, 1, 42.23, 1328
2026/09/28 20:16:27.842, 2, 169.12, 1328
2026/09/28 20:16:27.845, 3, 38.61, 1328
2026/09/28 20:16:28.048, 0, 41.26, 1328
2026/09/28 20:16:28.051, 1, 41.97, 1328
2026/09/28 20:16:28.056, 2, 42.01, 1328
2026/09/28 20:16:28.059, 3, 176.82, 1328
2026/09/28 20:16:28.263, 0, 41.50, 1328
2026/09/28 20:16:28.266, 1, 41.74, 1328
2026/09/28 20:16:28.269, 2, 37.18, 1328
2026/09/28 20:16:28.273, 3, 179.46, 1328
2026/09/28 20:16:28.476, 0, 41.50, 1328
2026/09/28 20:16:28.479, 1, 41.75, 1328
2026/09/28 20:16:28.482, 2, 36.70, 1328
2026/09/28 20:16:28.485, 3, 177.54, 1328
2026/09/28 20:16:28.688, 0, 41.28, 1328
2026/09/28 20:16:28.691, 1, 41.75, 1328
2026/09/28 20:16:28.694, 2, 36.46, 1328
2026/09/28 20:16:28.696, 3, 179.79, 1328
2026/09/28 20:16:28.899, 0, 182.10, 1328
2026/09/28 20:16:28.902, 1, 41.72, 1328
2026/09/28 20:16:28.905, 2, 36.70, 1328
2026/09/28 20:16:28.908, 3, 40.04, 1328
2026/09/28 20:16:29.111, 0, 186.91, 1328
2026/09/28 20:16:29.116, 1, 41.74, 1328
2026/09/28 20:16:29.121, 2, 36.70, 1328
2026/09/28 20:16:29.124, 3, 39.58, 1328
2026/09/28 20:16:29.327, 0, 184.99, 1328
2026/09/28 20:16:29.330, 1, 41.73, 1328
2026/09/28 20:16:29.333, 2, 36.46, 1328
2026/09/28 20:16:29.336, 3, 39.07, 1328
2026/09/28 20:16:29.539, 0, 184.14, 1328
2026/09/28 20:16:29.542, 1, 41.74, 1328
2026/09/28 20:16:29.545, 2, 36.46, 1328
2026/09/28 20:16:29.548, 3, 39.07, 1328
2026/09/28 20:16:29.751, 0, 44.88, 1328
2026/09/28 20:16:29.756, 1, 169.69, 1328
2026/09/28 20:16:29.759, 2, 36.46, 1328
2026/09/28 20:16:29.762, 3, 38.83, 1328
2026/09/28 20:16:29.965, 0, 42.71, 1328
2026/09/28 20:16:29.968, 1, 179.18, 1328
2026/09/28 20:16:29.970, 2, 36.46, 1328
2026/09/28 20:16:29.973, 3, 38.82, 1328
2026/09/28 20:16:30.176, 0, 42.22, 1328
2026/09/28 20:16:30.179, 1, 177.98, 1328
2026/09/28 20:16:30.182, 2, 36.46, 1328
2026/09/28 20:16:30.185, 3, 38.82, 1328
2026/09/28 20:16:30.388, 0, 41.74, 1328
2026/09/28 20:16:30.391, 1, 175.34, 1328
2026/09/28 20:16:30.394, 2, 36.46, 1328
2026/09/28 20:16:30.397, 3, 38.83, 1328
2026/09/28 20:16:30.600, 0, 41.77, 1328
2026/09/28 20:16:30.603, 1, 43.68, 1328
2026/09/28 20:16:30.607, 2, 162.41, 1328
2026/09/28 20:16:30.612, 3, 38.85, 1328
2026/09/28 20:16:30.815, 0, 41.77, 1328
2026/09/28 20:16:30.818, 1, 42.47, 1328
2026/09/28 20:16:30.821, 2, 166.48, 1328
2026/09/28 20:16:30.824, 3, 38.85, 1328
2026/09/28 20:16:31.027, 0, 41.53, 1328
2026/09/28 20:16:31.030, 1, 42.24, 1328
2026/09/28 20:16:31.033, 2, 177.68, 1328
2026/09/28 20:16:31.036, 3, 38.85, 1328
2026/09/28 20:16:31.239, 0, 41.53, 1328
2026/09/28 20:16:31.242, 1, 42.24, 1328
2026/09/28 20:16:31.246, 2, 176.93, 1328
2026/09/28 20:16:31.252, 3, 38.86, 1328
2026/09/28 20:16:31.455, 0, 41.50, 1328
2026/09/28 20:16:31.458, 1, 41.99, 1328
2026/09/28 20:16:31.461, 2, 38.63, 1328
2026/09/28 20:16:31.464, 3, 176.43, 1328
2026/09/28 20:16:31.667, 0, 41.50, 1328
2026/09/28 20:16:31.669, 1, 41.98, 1328
2026/09/28 20:16:31.672, 2, 38.15, 1328
2026/09/28 20:16:31.675, 3, 183.05, 1328
2026/09/28 20:16:31.878, 0, 41.52, 1328
2026/09/28 20:16:31.881, 1, 41.96, 1328
2026/09/28 20:16:31.887, 2, 37.67, 1328
2026/09/28 20:16:31.891, 3, 184.01, 1328
2026/09/28 20:16:32.094, 0, 179.96, 1328
2026/09/28 20:16:32.097, 1, 41.72, 1328
2026/09/28 20:16:32.100, 2, 37.43, 1328
2026/09/28 20:16:32.103, 3, 40.52, 1328
2026/09/28 20:16:32.307, 0, 178.37, 1328
2026/09/28 20:16:32.310, 1, 41.75, 1328
2026/09/28 20:16:32.313, 2, 37.43, 1328
2026/09/28 20:16:32.316, 3, 39.80, 1328
2026/09/28 20:16:32.519, 0, 193.74, 1328
2026/09/28 20:16:32.522, 1, 41.72, 1328
2026/09/28 20:16:32.526, 2, 37.43, 1328
2026/09/28 20:16:32.531, 3, 39.31, 1328
2026/09/28 20:16:32.734, 0, 184.51, 1328
2026/09/28 20:16:32.737, 1, 41.72, 1328
2026/09/28 20:16:32.740, 2, 37.40, 1328
2026/09/28 20:16:32.743, 3, 39.07, 1328
2026/09/28 20:16:32.946, 0, 183.41, 1328
2026/09/28 20:16:32.949, 1, 41.97, 1328
2026/09/28 20:16:32.952, 2, 37.19, 1328
2026/09/28 20:16:32.955, 3, 38.82, 1328
2026/09/28 20:16:33.157, 0, 43.43, 1328
2026/09/28 20:16:33.161, 1, 171.50, 1328
2026/09/28 20:16:33.166, 2, 37.43, 1328
2026/09/28 20:16:33.171, 3, 38.82, 1328
2026/09/28 20:16:33.374, 0, 42.47, 1328
2026/09/28 20:16:33.377, 1, 186.84, 1328
2026/09/28 20:16:33.380, 2, 37.18, 1328
2026/09/28 20:16:33.383, 3, 38.83, 1328
2026/09/28 20:16:33.586, 0, 42.22, 1328
2026/09/28 20:16:33.589, 1, 172.79, 1328
2026/09/28 20:16:33.591, 2, 37.19, 1328
2026/09/28 20:16:33.594, 3, 38.82, 1328
2026/09/28 20:16:33.797, 0, 42.22, 1328
2026/09/28 20:16:33.800, 1, 175.34, 1328
2026/09/28 20:16:33.805, 2, 37.18, 1328
2026/09/28 20:16:33.811, 3, 38.82, 1328
2026/09/28 20:16:34.013, 0, 41.77, 1328
2026/09/28 20:16:34.016, 1, 43.44, 1328
2026/09/28 20:16:34.019, 2, 168.16, 1328
2026/09/28 20:16:34.023, 3, 38.61, 1328
2026/09/28 20:16:34.226, 0, 41.53, 1328
2026/09/28 20:16:34.229, 1, 42.96, 1328
2026/09/28 20:16:34.232, 2, 167.20, 1328
2026/09/28 20:16:34.235, 3, 38.61, 1328
2026/09/28 20:16:34.438, 0, 41.53, 1328
2026/09/28 20:16:34.441, 1, 42.24, 1328
2026/09/28 20:16:34.445, 2, 169.60, 1328
2026/09/28 20:16:34.450, 3, 38.61, 1328
2026/09/28 20:16:34.653, 0, 41.53, 1328
2026/09/28 20:16:34.656, 1, 42.24, 1328
2026/09/28 20:16:34.659, 2, 166.48, 1328
2026/09/28 20:16:34.662, 3, 38.86, 1328
2026/09/28 20:16:34.865, 0, 41.52, 1328
2026/09/28 20:16:34.868, 1, 41.99, 1328
2026/09/28 20:16:34.871, 2, 38.87, 1328
2026/09/28 20:16:34.874, 3, 162.06, 1316
2026/09/28 20:16:35.077, 0, 41.51, 1328
2026/09/28 20:16:35.080, 1, 41.97, 1328
2026/09/28 20:16:35.084, 2, 38.15, 1328
2026/09/28 20:16:35.090, 3, 178.59, 1328
2026/09/28 20:16:35.293, 0, 41.52, 1328
2026/09/28 20:16:35.296, 1, 41.96, 1328
2026/09/28 20:16:35.299, 2, 37.67, 1328
2026/09/28 20:16:35.301, 3, 184.72, 1328
2026/09/28 20:16:35.505, 0, 41.50, 1328
2026/09/28 20:16:35.508, 1, 41.75, 1328
2026/09/28 20:16:35.511, 2, 37.43, 1328
2026/09/28 20:16:35.514, 3, 170.29, 1328
2026/09/28 20:16:35.717, 0, 190.15, 1328
2026/09/28 20:16:35.720, 1, 41.96, 1328
2026/09/28 20:16:35.724, 2, 37.43, 1328
2026/09/28 20:16:35.730, 3, 40.04, 1328
2026/09/28 20:16:35.933, 0, 191.92, 1328
2026/09/28 20:16:35.936, 1, 41.96, 1328
2026/09/28 20:16:35.939, 2, 37.43, 1328
2026/09/28 20:16:35.942, 3, 39.55, 1328
2026/09/28 20:16:36.145, 0, 193.12, 1328
2026/09/28 20:16:36.148, 1, 41.72, 1328
2026/09/28 20:16:36.151, 2, 37.43, 1328
2026/09/28 20:16:36.154, 3, 39.07, 1328
2026/09/28 20:16:36.357, 0, 181.40, 1328
2026/09/28 20:16:36.360, 1, 41.74, 1328
2026/09/28 20:16:36.363, 2, 37.19, 1328
2026/09/28 20:16:36.369, 3, 38.83, 1328
2026/09/28 20:16:36.572, 0, 43.43, 1328
2026/09/28 20:16:36.575, 1, 171.02, 1328
2026/09/28 20:16:36.578, 2, 37.19, 1328
2026/09/28 20:16:36.581, 3, 38.82, 1328
2026/09/28 20:16:36.784, 0, 42.47, 1328
2026/09/28 20:16:36.787, 1, 178.83, 1328
2026/09/28 20:16:36.790, 2, 37.18, 1328
2026/09/28 20:16:36.793, 3, 38.82, 1328
2026/09/28 20:16:36.996, 0, 42.22, 1328
2026/09/28 20:16:36.999, 1, 175.35, 1328
2026/09/28 20:16:37.003, 2, 37.43, 1328
2026/09/28 20:16:37.006, 3, 38.83, 1328
2026/09/28 20:16:37.209, 0, 41.98, 1328
2026/09/28 20:16:37.212, 1, 173.27, 1328
2026/09/28 20:16:37.215, 2, 37.43, 1328
2026/09/28 20:16:37.218, 3, 38.82, 1328
2026/09/28 20:16:37.424, 0, 42.01, 1328
2026/09/28 20:16:37.427, 1, 43.44, 1328
2026/09/28 20:16:37.430, 2, 163.68, 1328
2026/09/28 20:16:37.433, 3, 38.86, 1328
2026/09/28 20:16:37.636, 0, 41.79, 1328
2026/09/28 20:16:37.639, 1, 42.72, 1328
2026/09/28 20:16:37.643, 2, 164.80, 1328
2026/09/28 20:16:37.646, 3, 38.62, 1328
2026/09/28 20:16:37.848, 0, 41.77, 1328
2026/09/28 20:16:37.853, 1, 42.48, 1328
2026/09/28 20:16:37.856, 2, 178.37, 1328
2026/09/28 20:16:37.859, 3, 38.61, 1328
2026/09/28 20:16:38.063, 0, 41.53, 1328
2026/09/28 20:16:38.066, 1, 42.24, 1328
2026/09/28 20:16:38.069, 2, 178.13, 1328
2026/09/28 20:16:38.075, 3, 38.85, 1328
2026/09/28 20:16:38.278, 0, 41.52, 1328
2026/09/28 20:16:38.281, 1, 41.99, 1328
2026/09/28 20:16:38.283, 2, 38.63, 1328
2026/09/28 20:16:38.286, 3, 163.60, 1328
2026/09/28 20:16:38.489, 0, 41.74, 1328
2026/09/28 20:16:38.495, 1, 41.99, 1328
2026/09/28 20:16:38.498, 2, 38.15, 1328
2026/09/28 20:16:38.501, 3, 185.09, 1328
2026/09/28 20:16:38.704, 0, 41.28, 1328
2026/09/28 20:16:38.707, 1, 41.72, 1328
2026/09/28 20:16:38.709, 2, 37.67, 1328
2026/09/28 20:16:38.712, 3, 190.13, 1328
2026/09/28 20:16:38.915, 0, 146.05, 1328
2026/09/28 20:16:38.918, 1, 41.74, 1328
2026/09/28 20:16:38.922, 2, 37.45, 1328
2026/09/28 20:16:38.925, 3, 41.49, 1328
2026/09/28 20:16:39.128, 0, 42.01, 1328
2026/09/28 20:16:39.131, 1, 42.48, 1328
2026/09/28 20:16:39.134, 2, 135.45, 1328
2026/09/28 20:16:39.142, 3, 39.82, 1328
2026/09/28 20:16:39.345, 0, 183.18, 1328
2026/09/28 20:16:39.347, 1, 41.99, 1328
2026/09/28 20:16:39.350, 2, 37.67, 1328
2026/09/28 20:16:39.353, 3, 39.56, 1328
2026/09/28 20:16:39.556, 0, 171.52, 1328
2026/09/28 20:16:39.559, 1, 41.99, 1328
2026/09/28 20:16:39.562, 2, 37.43, 1328
2026/09/28 20:16:39.565, 3, 39.31, 1328
2026/09/28 20:16:39.768, 0, 188.50, 1328
2026/09/28 20:16:39.771, 1, 41.96, 1328
2026/09/28 20:16:39.774, 2, 37.43, 1328
2026/09/28 20:16:39.777, 3, 38.82, 1328
2026/09/28 20:16:39.982, 0, 183.54, 1328
2026/09/28 20:16:39.985, 1, 41.75, 1328
2026/09/28 20:16:39.989, 2, 37.43, 1328
2026/09/28 20:16:39.992, 3, 38.83, 1328
2026/09/28 20:16:40.194, 0, 183.65, 1328
2026/09/28 20:16:40.197, 1, 41.97, 1328
2026/09/28 20:16:40.201, 2, 37.43, 1328
2026/09/28 20:16:40.205, 3, 38.83, 1328
2026/09/28 20:16:40.408, 0, 43.67, 1328
2026/09/28 20:16:40.411, 1, 174.86, 1328
2026/09/28 20:16:40.414, 2, 37.19, 1328
2026/09/28 20:16:40.417, 3, 38.83, 1328
2026/09/28 20:16:40.622, 0, 42.71, 1328
2026/09/28 20:16:40.625, 1, 179.18, 1328
2026/09/28 20:16:40.628, 2, 37.19, 1328
2026/09/28 20:16:40.631, 3, 38.85, 1328
2026/09/28 20:16:40.834, 0, 42.22, 1328
2026/09/28 20:16:40.837, 1, 180.99, 1328
2026/09/28 20:16:40.841, 2, 37.19, 1328
2026/09/28 20:16:40.847, 3, 38.82, 1328
2026/09/28 20:16:41.050, 0, 41.99, 1328
2026/09/28 20:16:41.053, 1, 185.43, 1328
2026/09/28 20:16:41.056, 2, 37.19, 1328
2026/09/28 20:16:41.059, 3, 38.85, 1328
2026/09/28 20:16:41.262, 0, 42.01, 1328
2026/09/28 20:16:41.266, 1, 43.22, 1328
2026/09/28 20:16:41.269, 2, 161.05, 1328
2026/09/28 20:16:41.271, 3, 38.86, 1328
2026/09/28 20:16:41.474, 0, 41.77, 1328
2026/09/28 20:16:41.477, 1, 42.47, 1328
2026/09/28 20:16:41.480, 2, 168.16, 1328
2026/09/28 20:16:41.486, 3, 38.86, 1328
2026/09/28 20:16:41.689, 0, 41.77, 1328
2026/09/28 20:16:41.692, 1, 42.23, 1328
2026/09/28 20:16:41.695, 2, 165.76, 1328
2026/09/28 20:16:41.698, 3, 38.86, 1328
2026/09/28 20:16:41.901, 0, 41.77, 1328
2026/09/28 20:16:41.906, 1, 41.99, 1328
2026/09/28 20:16:41.909, 2, 165.76, 1328
2026/09/28 20:16:41.911, 3, 38.85, 1328
2026/09/28 20:16:42.115, 0, 41.53, 1328
2026/09/28 20:16:42.117, 1, 41.99, 1328
2026/09/28 20:16:42.120, 2, 38.63, 1328
2026/09/28 20:16:42.126, 3, 178.02, 1328
2026/09/28 20:16:42.329, 0, 41.52, 1328
2026/09/28 20:16:42.332, 1, 41.74, 1328
2026/09/28 20:16:42.334, 2, 37.91, 1328
2026/09/28 20:16:42.337, 3, 166.48, 1328
2026/09/28 20:16:42.541, 0, 41.53, 1328
2026/09/28 20:16:42.545, 1, 41.98, 1328
2026/09/28 20:16:42.548, 2, 37.64, 1328
2026/09/28 20:16:42.551, 3, 192.76, 1328
2026/09/28 20:16:42.754, 0, 82.46, 1328
2026/09/28 20:16:42.757, 1, 41.99, 1328
2026/09/28 20:16:42.760, 2, 37.20, 1328
2026/09/28 20:16:42.765, 3, 40.54, 1328
2026/09/28 20:16:42.968, 0, 41.82, 1328
2026/09/28 20:16:42.971, 1, 42.04, 1328
2026/09/28 20:16:42.974, 2, 37.69, 1328
2026/09/28 20:16:42.986, 3, 39.85, 1328
2026/09/28 20:16:43.189, 0, 36.02, 1189
2026/09/28 20:16:43.192, 1, 41.80, 1328
2026/09/28 20:16:43.195, 2, 37.45, 1328
2026/09/28 20:16:43.198, 3, 39.37, 1328
2026/09/28 20:16:43.401, 0, 36.00, 1189
2026/09/28 20:16:43.404, 1, 42.02, 1328
2026/09/28 20:16:43.407, 2, 36.73, 1328
2026/09/28 20:16:43.409, 3, 38.40, 1328
2026/09/28 20:16:43.612, 0, 36.02, 1189
2026/09/28 20:16:43.617, 1, 41.80, 1328
2026/09/28 20:16:43.620, 2, 36.73, 1328
2026/09/28 20:16:43.624, 3, 38.40, 1328
2026/09/28 20:16:43.827, 0, 35.78, 1189
2026/09/28 20:16:43.831, 1, 35.76, 1189
2026/09/28 20:16:43.834, 2, 36.73, 1328
2026/09/28 20:16:43.837, 3, 38.16, 1328
2026/09/28 20:16:44.040, 0, 35.78, 1189
2026/09/28 20:16:44.043, 1, 36.73, 1189
2026/09/28 20:16:44.046, 2, 36.73, 1328
2026/09/28 20:16:44.049, 3, 38.16, 1328
2026/09/28 20:16:44.252, 0, 35.78, 1189
2026/09/28 20:16:44.256, 1, 36.73, 1189
2026/09/28 20:16:44.263, 2, 36.49, 1328
2026/09/28 20:16:44.266, 3, 38.16, 1328
2026/09/28 20:16:44.469, 0, 35.78, 1189
2026/09/28 20:16:44.472, 1, 36.73, 1189
2026/09/28 20:16:44.475, 2, 36.73, 1328
2026/09/28 20:16:44.478, 3, 38.16, 1328
2026/09/28 20:16:44.681, 0, 35.78, 1189
2026/09/28 20:16:44.684, 1, 36.73, 1189
2026/09/28 20:16:44.687, 2, 36.49, 1328
2026/09/28 20:16:44.690, 3, 38.16, 1328
2026/09/28 20:16:44.893, 0, 35.78, 1189
2026/09/28 20:16:44.896, 1, 36.73, 1189
2026/09/28 20:16:44.899, 2, 32.62, 1189
2026/09/28 20:16:44.904, 3, 38.16, 1328
2026/09/28 20:16:45.107, 0, 35.78, 1189
2026/09/28 20:16:45.109, 1, 36.73, 1189
2026/09/28 20:16:45.110, 2, 32.62, 1189
2026/09/28 20:16:45.110, 3, 38.16, 1328
2026/09/28 20:16:45.311, 0, 35.78, 1189
2026/09/28 20:16:45.316, 1, 36.73, 1189
2026/09/28 20:16:45.319, 2, 32.64, 1189
2026/09/28 20:16:45.324, 3, 38.16, 1328
2026/09/28 20:16:45.527, 0, 35.78, 1189
2026/09/28 20:16:45.530, 1, 36.73, 1189
2026/09/28 20:16:45.533, 2, 32.62, 1189
2026/09/28 20:16:45.535, 3, 38.16, 1328
2026/09/28 20:16:45.738, 0, 35.54, 1189
2026/09/28 20:16:45.741, 1, 36.73, 1189
2026/09/28 20:16:45.745, 2, 32.62, 1189
2026/09/28 20:16:45.748, 3, 38.16, 1328
2026/09/28 20:16:45.951, 0, 35.78, 1189
2026/09/28 20:16:45.955, 1, 36.73, 1189
2026/09/28 20:16:45.958, 2, 32.62, 1189
2026/09/28 20:16:45.961, 3, 38.16, 1328
2026/09/28 20:16:46.165, 0, 35.78, 1189
2026/09/28 20:16:46.168, 1, 36.73, 1189
2026/09/28 20:16:46.171, 2, 32.62, 1189
2026/09/28 20:16:46.173, 3, 38.16, 1328
2026/09/28 20:16:46.377, 0, 35.54, 1189
2026/09/28 20:16:46.380, 1, 36.73, 1189
2026/09/28 20:16:46.382, 2, 32.62, 1189
2026/09/28 20:16:46.388, 3, 38.16, 1328
2026/09/28 20:16:46.591, 0, 35.54, 1189
2026/09/28 20:16:46.595, 1, 36.73, 1189
2026/09/28 20:16:46.598, 2, 32.62, 1189
2026/09/28 20:16:46.601, 3, 38.16, 1328
2026/09/28 20:16:46.804, 0, 35.78, 1189
2026/09/28 20:16:46.807, 1, 36.73, 1189
2026/09/28 20:16:46.810, 2, 32.62, 1189
2026/09/28 20:16:46.813, 3, 38.15, 1328
2026/09/28 20:16:47.016, 0, 35.78, 1189
2026/09/28 20:16:47.019, 1, 36.73, 1189
2026/09/28 20:16:47.022, 2, 32.62, 1189
2026/09/28 20:16:47.025, 3, 38.16, 1328
2026/09/28 20:16:47.228, 0, 35.78, 1189
2026/09/28 20:16:47.235, 1, 36.73, 1189
2026/09/28 20:16:47.237, 2, 32.62, 1189
2026/09/28 20:16:47.240, 3, 38.16, 1328
2026/09/28 20:16:47.444, 0, 35.78, 1189
2026/09/28 20:16:47.447, 1, 36.73, 1189
2026/09/28 20:16:47.450, 2, 32.64, 1189
2026/09/28 20:16:47.453, 3, 37.92, 1328
2026/09/28 20:16:47.656, 0, 35.78, 1189
2026/09/28 20:16:47.663, 1, 36.73, 1189
2026/09/28 20:16:47.666, 2, 32.40, 1189
2026/09/28 20:16:47.669, 3, 38.16, 1328
2026/09/28 20:16:47.872, 0, 35.78, 1189
2026/09/28 20:16:47.875, 1, 36.49, 1189
2026/09/28 20:16:47.881, 2, 32.62, 1189
2026/09/28 20:16:47.884, 3, 38.16, 1328
2026/09/28 20:16:48.087, 0, 35.54, 1189
2026/09/28 20:16:48.090, 1, 36.49, 1189
2026/09/28 20:16:48.093, 2, 32.62, 1189
2026/09/28 20:16:48.096, 3, 38.16, 1328
2026/09/28 20:16:48.299, 0, 35.54, 1189
2026/09/28 20:16:48.302, 1, 36.73, 1189
2026/09/28 20:16:48.305, 2, 32.64, 1189
2026/09/28 20:16:48.308, 3, 37.92, 1328
2026/09/28 20:16:48.511, 0, 35.78, 1189
2026/09/28 20:16:48.514, 1, 36.73, 1189
2026/09/28 20:16:48.517, 2, 32.64, 1189
2026/09/28 20:16:48.520, 3, 38.16, 1328
2026/09/28 20:16:48.723, 0, 35.78, 1189
2026/09/28 20:16:48.726, 1, 36.49, 1189
2026/09/28 20:16:48.729, 2, 32.64, 1189
2026/09/28 20:16:48.734, 3, 37.92, 1328
2026/09/28 20:16:48.938, 0, 35.76, 1189
2026/09/28 20:16:48.941, 1, 36.73, 1189
2026/09/28 20:16:48.944, 2, 32.38, 1189
2026/09/28 20:16:48.947, 3, 37.92, 1328
2026/09/28 20:16:49.150, 0, 35.54, 1189
2026/09/28 20:16:49.153, 1, 36.49, 1189
2026/09/28 20:16:49.156, 2, 32.64, 1189
2026/09/28 20:16:49.159, 3, 37.67, 1328
2026/09/28 20:16:49.364, 0, 35.54, 1189
2026/09/28 20:16:49.367, 1, 36.49, 1189
2026/09/28 20:16:49.370, 2, 32.62, 1189
2026/09/28 20:16:49.375, 3, 37.92, 1328
2026/09/28 20:16:49.578, 0, 35.78, 1189
2026/09/28 20:16:49.581, 1, 36.49, 1189
2026/09/28 20:16:49.584, 2, 32.38, 1189
2026/09/28 20:16:49.587, 3, 38.16, 1328
2026/09/28 20:16:49.790, 0, 35.54, 1189
2026/09/28 20:16:49.793, 1, 36.49, 1189
2026/09/28 20:16:49.796, 2, 32.40, 1189
2026/09/28 20:16:49.799, 3, 37.67, 1328
2026/09/28 20:16:50.002, 0, 35.54, 1189
2026/09/28 20:16:50.005, 1, 36.49, 1189
2026/09/28 20:16:50.007, 2, 32.40, 1189
2026/09/28 20:16:50.010, 3, 37.92, 1328
2026/09/28 20:16:50.213, 0, 35.54, 1189
2026/09/28 20:16:50.216, 1, 36.49, 1189
2026/09/28 20:16:50.219, 2, 32.38, 1189
2026/09/28 20:16:50.222, 3, 37.92, 1328
2026/09/28 20:16:50.428, 0, 35.54, 1189
2026/09/28 20:16:50.433, 1, 36.49, 1189
2026/09/28 20:16:50.436, 2, 32.62, 1189
2026/09/28 20:16:50.438, 3, 37.70, 1328
2026/09/28 20:16:50.641, 0, 35.30, 1189
2026/09/28 20:16:50.644, 1, 36.49, 1189
2026/09/28 20:16:50.648, 2, 32.64, 1189
2026/09/28 20:16:50.654, 3, 37.67, 1328
2026/09/28 20:16:50.857, 0, 35.54, 1189
2026/09/28 20:16:50.860, 1, 36.49, 1189
2026/09/28 20:16:50.863, 2, 32.38, 1189
2026/09/28 20:16:50.867, 3, 37.92, 1328
2026/09/28 20:16:51.072, 0, 35.54, 1189
2026/09/28 20:16:51.075, 1, 36.49, 1189
2026/09/28 20:16:51.079, 2, 32.40, 1189
2026/09/28 20:16:51.082, 3, 37.92, 1328
2026/09/28 20:16:51.285, 0, 35.54, 1189
2026/09/28 20:16:51.288, 1, 36.49, 1189
2026/09/28 20:16:51.291, 2, 32.40, 1189
2026/09/28 20:16:51.294, 3, 37.70, 1328
2026/09/28 20:16:51.497, 0, 35.54, 1189
2026/09/28 20:16:51.500, 1, 36.49, 1189
2026/09/28 20:16:51.503, 2, 32.38, 1189
2026/09/28 20:16:51.506, 3, 37.92, 1328
2026/09/28 20:16:51.709, 0, 35.30, 1189
2026/09/28 20:16:51.712, 1, 36.49, 1189
2026/09/28 20:16:51.715, 2, 32.38, 1189
2026/09/28 20:16:51.718, 3, 37.92, 1328
2026/09/28 20:16:51.921, 0, 35.30, 1189
2026/09/28 20:16:51.924, 1, 36.49, 1189
2026/09/28 20:16:51.927, 2, 32.38, 1189
2026/09/28 20:16:51.930, 3, 37.67, 1328
2026/09/28 20:16:52.133, 0, 35.54, 1189
2026/09/28 20:16:52.136, 1, 36.49, 1189
2026/09/28 20:16:52.138, 2, 32.40, 1189
2026/09/28 20:16:52.141, 3, 37.67, 1328
2026/09/28 20:16:52.344, 0, 35.54, 1189
2026/09/28 20:16:52.347, 1, 36.49, 1189
2026/09/28 20:16:52.350, 2, 32.40, 1189
2026/09/28 20:16:52.353, 3, 37.67, 1328
2026/09/28 20:16:52.558, 0, 35.54, 1189
2026/09/28 20:16:52.561, 1, 36.49, 1189
2026/09/28 20:16:52.564, 2, 32.40, 1189
2026/09/28 20:16:52.568, 3, 37.67, 1328
2026/09/28 20:16:52.771, 0, 35.54, 1189
2026/09/28 20:16:52.774, 1, 36.49, 1189
2026/09/28 20:16:52.778, 2, 32.40, 1189
2026/09/28 20:16:52.781, 3, 37.67, 1328
2026/09/28 20:16:52.984, 0, 35.54, 1189
2026/09/28 20:16:52.987, 1, 36.49, 1189
2026/09/28 20:16:52.990, 2, 32.40, 1189
2026/09/28 20:16:52.993, 3, 37.67, 1328
2026/09/28 20:16:53.196, 0, 35.30, 1189
2026/09/28 20:16:53.199, 1, 36.49, 1189
2026/09/28 20:16:53.202, 2, 32.40, 1189
2026/09/28 20:16:53.205, 3, 37.67, 1328
2026/09/28 20:16:53.408, 0, 35.30, 1189
2026/09/28 20:16:53.411, 1, 36.49, 1189
2026/09/28 20:16:53.414, 2, 32.40, 1189
2026/09/28 20:16:53.417, 3, 37.67, 1328
2026/09/28 20:16:53.620, 0, 35.30, 1189
2026/09/28 20:16:53.623, 1, 36.49, 1189
2026/09/28 20:16:53.626, 2, 32.62, 1189
2026/09/28 20:16:53.629, 3, 37.92, 1328
2026/09/28 20:16:53.832, 0, 123.96, 1316
2026/09/28 20:16:53.840, 1, 36.68, 1189
2026/09/28 20:16:53.843, 2, 32.37, 1189
2026/09/28 20:16:53.846, 3, 37.64, 1328
2026/09/28 20:16:54.048, 0, 40.11, 1316
2026/09/28 20:16:54.051, 1, 43.44, 1328
2026/09/28 20:16:54.054, 2, 114.04, 1189
2026/09/28 20:16:54.057, 3, 37.67, 1328
2026/09/28 20:16:54.260, 0, 40.08, 1316
2026/09/28 20:16:54.263, 1, 42.00, 1328
2026/09/28 20:16:54.266, 2, 35.98, 1316
2026/09/28 20:16:54.269, 3, 163.12, 1328
2026/09/28 20:16:54.472, 0, 56.94, 1316
2026/09/28 20:16:54.475, 1, 63.23, 1328
2026/09/28 20:16:54.480, 2, 69.45, 1316
2026/09/28 20:16:54.483, 3, 81.42, 1328
2026/09/28 20:16:54.686, 0, 49.25, 1316
2026/09/28 20:16:54.690, 1, 48.51, 1328
2026/09/28 20:16:54.693, 2, 47.33, 1316
2026/09/28 20:16:54.697, 3, 63.39, 1328
2026/09/28 20:16:54.900, 0, 81.27, 1316
2026/09/28 20:16:54.903, 1, 77.14, 1328
2026/09/28 20:16:54.906, 2, 41.29, 1316
2026/09/28 20:16:54.909, 3, 47.73, 1328
2026/09/28 20:16:55.112, 0, 55.05, 1316
2026/09/28 20:16:55.114, 1, 62.02, 1328
2026/09/28 20:16:55.117, 2, 70.67, 1316
2026/09/28 20:16:55.120, 3, 82.15, 1328
2026/09/28 20:16:55.323, 0, 46.60, 1316
2026/09/28 20:16:55.326, 1, 49.21, 1328
2026/09/28 20:16:55.329, 2, 49.23, 1316
2026/09/28 20:16:55.332, 3, 66.52, 1328
2026/09/28 20:16:55.535, 0, 78.86, 1316
2026/09/28 20:16:55.538, 1, 85.03, 1328
2026/09/28 20:16:55.544, 2, 59.08, 1316
2026/09/28 20:16:55.547, 3, 46.09, 1328
2026/09/28 20:16:55.750, 0, 51.91, 1316
2026/09/28 20:16:55.753, 1, 57.64, 1328
2026/09/28 20:16:55.756, 2, 61.29, 1316
2026/09/28 20:16:55.759, 3, 101.11, 1328
2026/09/28 20:16:55.962, 0, 62.94, 1316
2026/09/28 20:16:55.962, 1, 53.33, 1328
2026/09/28 20:16:55.965, 2, 78.81, 1316
2026/09/28 20:16:55.966, 3, 62.68, 1328
2026/09/28 20:16:56.166, 0, 61.74, 1316
2026/09/28 20:16:56.169, 1, 47.78, 1328
2026/09/28 20:16:56.172, 2, 45.88, 1316
2026/09/28 20:16:56.176, 3, 60.29, 1328
2026/09/28 20:16:56.379, 0, 70.66, 1316
2026/09/28 20:16:56.382, 1, 76.94, 1328
2026/09/28 20:16:56.387, 2, 71.63, 1316
2026/09/28 20:16:56.390, 3, 44.89, 1328
2026/09/28 20:16:56.593, 0, 49.73, 1316
2026/09/28 20:16:56.596, 1, 54.30, 1328
2026/09/28 20:16:56.599, 2, 56.95, 1316
2026/09/28 20:16:56.602, 3, 85.99, 1328
2026/09/28 20:16:56.805, 0, 82.66, 1316
2026/09/28 20:16:56.809, 1, 46.08, 1328
2026/09/28 20:16:56.812, 2, 43.70, 1316
2026/09/28 20:16:56.815, 3, 53.30, 1328
2026/09/28 20:16:57.018, 0, 65.39, 1316
2026/09/28 20:16:57.021, 1, 75.43, 1328
2026/09/28 20:16:57.024, 2, 72.31, 1316
2026/09/28 20:16:57.027, 3, 45.10, 1328
2026/09/28 20:16:57.230, 0, 49.49, 1316
2026/09/28 20:16:57.233, 1, 54.02, 1328
2026/09/28 20:16:57.236, 2, 56.23, 1316
2026/09/28 20:16:57.240, 3, 83.35, 1328
2026/09/28 20:16:57.443, 0, 83.68, 1316
2026/09/28 20:16:57.445, 1, 66.80, 1328
2026/09/28 20:16:57.452, 2, 41.77, 1316
2026/09/28 20:16:57.455, 3, 49.68, 1328
2026/09/28 20:16:57.658, 0, 56.74, 1316
2026/09/28 20:16:57.661, 1, 65.36, 1328
2026/09/28 20:16:57.664, 2, 73.07, 1316
2026/09/28 20:16:57.667, 3, 75.16, 1328
2026/09/28 20:16:57.870, 0, 46.81, 1316
2026/09/28 20:16:57.873, 1, 50.19, 1328
2026/09/28 20:16:57.876, 2, 50.91, 1316
2026/09/28 20:16:57.879, 3, 70.10, 1328
2026/09/28 20:16:58.082, 0, 79.81, 1316
2026/09/28 20:16:58.089, 1, 82.42, 1328
2026/09/28 20:16:58.093, 2, 50.68, 1316
2026/09/28 20:16:58.095, 3, 47.30, 1328
2026/09/28 20:16:58.298, 0, 53.56, 1316
2026/09/28 20:16:58.301, 1, 58.85, 1328
2026/09/28 20:16:58.304, 2, 65.11, 1316
2026/09/28 20:16:58.307, 3, 89.32, 1328
2026/09/28 20:16:58.510, 0, 56.67, 1316
2026/09/28 20:16:58.513, 1, 48.02, 1328
2026/09/28 20:16:58.516, 2, 47.30, 1316
2026/09/28 20:16:58.519, 3, 63.43, 1328
2026/09/28 20:16:58.722, 0, 74.04, 1316
2026/09/28 20:16:58.725, 1, 84.56, 1328
2026/09/28 20:16:58.727, 2, 54.30, 1316
2026/09/28 20:16:58.730, 3, 47.27, 1328
2026/09/28 20:16:58.933, 0, 54.29, 1316
2026/09/28 20:16:58.936, 1, 61.99, 1328
2026/09/28 20:16:58.939, 2, 66.32, 1316
2026/09/28 20:16:58.942, 3, 85.46, 1328
2026/09/28 20:16:59.145, 0, 54.53, 1316
2026/09/28 20:16:59.149, 1, 48.02, 1328
2026/09/28 20:16:59.153, 2, 47.08, 1316
2026/09/28 20:16:59.156, 3, 61.71, 1328
2026/09/28 20:16:59.359, 0, 74.56, 1316
2026/09/28 20:16:59.362, 1, 85.46, 1328
2026/09/28 20:16:59.364, 2, 54.30, 1316
2026/09/28 20:16:59.367, 3, 47.30, 1328
2026/09/28 20:16:59.570, 0, 52.37, 1316
2026/09/28 20:16:59.573, 1, 58.60, 1328
2026/09/28 20:16:59.576, 2, 63.18, 1316
2026/09/28 20:16:59.579, 3, 98.22, 1328
2026/09/28 20:16:59.783, 0, 62.48, 1316
2026/09/28 20:16:59.786, 1, 45.85, 1328
2026/09/28 20:16:59.792, 2, 44.42, 1316
2026/09/28 20:16:59.795, 3, 56.17, 1328
2026/09/28 20:16:59.998, 0, 68.00, 1316
2026/09/28 20:17:00.001, 1, 81.42, 1328
2026/09/28 20:17:00.003, 2, 68.69, 1316
2026/09/28 20:17:00.006, 3, 45.82, 1328
2026/09/28 20:17:00.209, 0, 49.25, 1316
2026/09/28 20:17:00.213, 1, 54.50, 1328
2026/09/28 20:17:00.216, 2, 57.15, 1316
2026/09/28 20:17:00.219, 3, 87.64, 1328
2026/09/28 20:17:00.422, 0, 79.10, 1316
2026/09/28 20:17:00.425, 1, 46.09, 1328
2026/09/28 20:17:00.428, 2, 42.98, 1316
2026/09/28 20:17:00.433, 3, 51.61, 1328
2026/09/28 20:17:00.637, 0, 63.94, 1316
2026/09/28 20:17:00.640, 1, 75.16, 1328
2026/09/28 20:17:00.643, 2, 74.43, 1316
2026/09/28 20:17:00.646, 3, 49.93, 1328
2026/09/28 20:17:00.849, 0, 47.31, 1316
2026/09/28 20:17:00.856, 1, 51.40, 1328
2026/09/28 20:17:00.859, 2, 51.88, 1316
2026/09/28 20:17:00.862, 3, 74.20, 1328
2026/09/28 20:17:01.065, 0, 88.51, 1316
2026/09/28 20:17:01.068, 1, 58.13, 1328
2026/09/28 20:17:01.071, 2, 42.98, 1316
2026/09/28 20:17:01.074, 3, 52.10, 1328
2026/09/28 20:17:01.277, 0, 59.60, 1316
2026/09/28 20:17:01.280, 1, 68.21, 1328
2026/09/28 20:17:01.283, 2, 77.61, 1316
2026/09/28 20:17:01.286, 3, 67.45, 1328
2026/09/28 20:17:01.489, 0, 47.32, 1316
2026/09/28 20:17:01.492, 1, 50.69, 1328
2026/09/28 20:17:01.495, 2, 51.64, 1316
2026/09/28 20:17:01.497, 3, 74.15, 1328
2026/09/28 20:17:01.700, 0, 90.38, 1316
2026/09/28 20:17:01.703, 1, 63.63, 1328
2026/09/28 20:17:01.706, 2, 45.61, 1316
2026/09/28 20:17:01.713, 3, 47.51, 1328
2026/09/28 20:17:01.917, 0, 54.06, 1316
2026/09/28 20:17:01.920, 1, 59.57, 1328
2026/09/28 20:17:01.923, 2, 68.25, 1316
2026/09/28 20:17:01.926, 3, 86.86, 1328
2026/09/28 20:17:02.129, 0, 52.12, 1316
2026/09/28 20:17:02.132, 1, 48.99, 1328
2026/09/28 20:17:02.135, 2, 48.02, 1316
2026/09/28 20:17:02.137, 3, 65.09, 1328
2026/09/28 20:17:02.340, 0, 78.90, 1316
2026/09/28 20:17:02.343, 1, 83.16, 1328
2026/09/28 20:17:02.346, 2, 62.94, 1316
2026/09/28 20:17:02.352, 3, 45.10, 1328
2026/09/28 20:17:02.557, 0, 48.31, 1316
2026/09/28 20:17:02.561, 1, 52.61, 1328
2026/09/28 20:17:02.564, 2, 55.23, 1316
2026/09/28 20:17:02.567, 3, 82.82, 1328
2026/09/28 20:17:02.770, 0, 82.90, 1316
2026/09/28 20:17:02.773, 1, 49.47, 1328
2026/09/28 20:17:02.776, 2, 43.46, 1316
2026/09/28 20:17:02.779, 3, 53.51, 1328
2026/09/28 20:17:02.982, 0, 65.56, 1316
2026/09/28 20:17:02.985, 1, 70.67, 1328
2026/09/28 20:17:02.990, 2, 81.46, 1316
2026/09/28 20:17:02.993, 3, 66.04, 1328
2026/09/28 20:17:03.196, 0, 46.62, 1316
2026/09/28 20:17:03.201, 1, 50.44, 1328
2026/09/28 20:17:03.204, 2, 50.68, 1316
2026/09/28 20:17:03.207, 3, 71.79, 1328
2026/09/28 20:17:03.410, 0, 64.39, 1316
2026/09/28 20:17:03.413, 1, 47.30, 1328
2026/09/28 20:17:03.415, 2, 46.36, 1316
2026/09/28 20:17:03.418, 3, 61.01, 1328
2026/09/28 20:17:03.621, 0, 72.87, 1316
2026/09/28 20:17:03.624, 1, 79.06, 1328
2026/09/28 20:17:03.630, 2, 69.46, 1316
2026/09/28 20:17:03.632, 3, 45.10, 1328
2026/09/28 20:17:03.836, 0, 48.53, 1316
2026/09/28 20:17:03.841, 1, 53.06, 1328
2026/09/28 20:17:03.844, 2, 55.02, 1316
2026/09/28 20:17:03.847, 3, 81.67, 1328
2026/09/28 20:17:04.050, 0, 78.61, 1316
2026/09/28 20:17:04.053, 1, 46.09, 1328
2026/09/28 20:17:04.056, 2, 44.19, 1316
2026/09/28 20:17:04.058, 3, 55.69, 1328
2026/09/28 20:17:04.261, 0, 64.39, 1316
2026/09/28 20:17:04.264, 1, 69.95, 1328
2026/09/28 20:17:04.270, 2, 81.42, 1316
2026/09/28 20:17:04.272, 3, 63.16, 1328
2026/09/28 20:17:04.476, 0, 46.59, 1316
2026/09/28 20:17:04.481, 1, 50.19, 1328
2026/09/28 20:17:04.484, 2, 50.19, 1316
2026/09/28 20:17:04.487, 3, 69.17, 1328
2026/09/28 20:17:04.690, 0, 91.10, 1316
2026/09/28 20:17:04.693, 1, 63.44, 1328
2026/09/28 20:17:04.696, 2, 42.26, 1316
2026/09/28 20:17:04.698, 3, 50.88, 1328
2026/09/28 20:17:04.901, 0, 59.35, 1316
2026/09/28 20:17:04.904, 1, 64.36, 1328
2026/09/28 20:17:04.910, 2, 74.96, 1316
2026/09/28 20:17:04.912, 3, 74.43, 1328
2026/09/28 20:17:05.115, 0, 46.09, 1316
2026/09/28 20:17:05.121, 1, 48.76, 1328
2026/09/28 20:17:05.123, 2, 48.75, 1316
2026/09/28 20:17:05.126, 3, 65.56, 1328
2026/09/28 20:17:05.329, 0, 78.85, 1316
2026/09/28 20:17:05.332, 1, 79.01, 1328
2026/09/28 20:17:05.335, 2, 45.15, 1316
2026/09/28 20:17:05.338, 3, 48.48, 1328
2026/09/28 20:17:05.541, 0, 53.84, 1316
2026/09/28 20:17:05.544, 1, 57.65, 1328
2026/09/28 20:17:05.549, 2, 61.74, 1316
2026/09/28 20:17:05.552, 3, 101.11, 1328
2026/09/28 20:17:05.755, 0, 75.48, 1316
2026/09/28 20:17:05.761, 1, 46.09, 1328
2026/09/28 20:17:05.764, 2, 44.64, 1316
2026/09/28 20:17:05.767, 3, 56.16, 1328
2026/09/28 20:17:05.970, 0, 68.52, 1316
2026/09/28 20:17:05.972, 1, 82.68, 1328
2026/09/28 20:17:05.975, 2, 65.07, 1316
2026/09/28 20:17:05.978, 3, 45.61, 1328
2026/09/28 20:17:06.181, 0, 50.24, 1316
2026/09/28 20:17:06.184, 1, 53.33, 1328
2026/09/28 20:17:06.189, 2, 55.74, 1316
2026/09/28 20:17:06.192, 3, 85.76, 1328
2026/09/28 20:17:06.395, 0, 87.00, 1316
2026/09/28 20:17:06.400, 1, 55.02, 1328
2026/09/28 20:17:06.403, 2, 42.98, 1316
2026/09/28 20:17:06.406, 3, 52.57, 1328
2026/09/28 20:17:06.609, 0, 60.08, 1316
2026/09/28 20:17:06.611, 1, 70.19, 1328
2026/09/28 20:17:06.614, 2, 82.15, 1316
2026/09/28 20:17:06.617, 3, 66.73, 1328
2026/09/28 20:17:06.820, 0, 47.56, 1316
2026/09/28 20:17:06.823, 1, 49.71, 1328
2026/09/28 20:17:06.829, 2, 50.19, 1316
2026/09/28 20:17:06.832, 3, 69.41, 1328
2026/09/28 20:17:07.035, 0, 84.87, 1316
2026/09/28 20:17:07.040, 1, 74.24, 1328
2026/09/28 20:17:07.042, 2, 42.01, 1316
2026/09/28 20:17:07.045, 3, 49.68, 1328
2026/09/28 20:17:07.248, 0, 56.26, 1316
2026/09/28 20:17:07.251, 1, 63.95, 1328
2026/09/28 20:17:07.254, 2, 72.59, 1316
2026/09/28 20:17:07.257, 3, 81.67, 1328
2026/09/28 20:17:07.460, 0, 48.29, 1316
2026/09/28 20:17:07.464, 1, 48.03, 1328
2026/09/28 20:17:07.469, 2, 46.85, 1316
2026/09/28 20:17:07.472, 3, 61.94, 1328
2026/09/28 20:17:07.675, 0, 68.76, 1316
2026/09/28 20:17:07.680, 1, 83.12, 1328
2026/09/28 20:17:07.682, 2, 65.35, 1316
2026/09/28 20:17:07.685, 3, 45.85, 1328
2026/09/28 20:17:07.888, 0, 50.91, 1316
2026/09/28 20:17:07.891, 1, 56.95, 1328
2026/09/28 20:17:07.894, 2, 61.26, 1316
2026/09/28 20:17:07.897, 3, 96.30, 1328
2026/09/28 20:17:08.100, 0, 65.32, 1316
2026/09/28 20:17:08.103, 1, 46.09, 1328
2026/09/28 20:17:08.108, 2, 45.15, 1316
2026/09/28 20:17:08.111, 3, 56.16, 1328
2026/09/28 20:17:08.314, 0, 62.00, 1316
2026/09/28 20:17:08.319, 1, 71.59, 1328
2026/09/28 20:17:08.322, 2, 79.50, 1316
2026/09/28 20:17:08.325, 3, 58.33, 1328
2026/09/28 20:17:08.528, 0, 47.81, 1316
2026/09/28 20:17:08.531, 1, 52.61, 1328
2026/09/28 20:17:08.534, 2, 54.06, 1316
2026/09/28 20:17:08.537, 3, 81.42, 1328
2026/09/28 20:17:08.740, 0, 82.66, 1316
2026/09/28 20:17:08.743, 1, 65.85, 1328
2026/09/28 20:17:08.748, 2, 42.26, 1316
2026/09/28 20:17:08.751, 3, 50.89, 1328
2026/09/28 20:17:08.954, 0, 58.12, 1316
2026/09/28 20:17:08.959, 1, 66.85, 1328
2026/09/28 20:17:08.962, 2, 66.56, 1316
2026/09/28 20:17:08.968, 3, 99.13, 1328
2026/09/28 20:17:09.173, 0, 75.92, 1316
2026/09/28 20:17:09.179, 1, 46.33, 1328
2026/09/28 20:17:09.182, 2, 42.98, 1316
2026/09/28 20:17:09.188, 3, 50.65, 1328
2026/09/28 20:17:09.393, 0, 53.60, 1316
2026/09/28 20:17:09.399, 1, 60.77, 1328
2026/09/28 20:17:09.402, 2, 66.56, 1316
2026/09/28 20:17:09.404, 3, 85.17, 1328
2026/09/28 20:17:09.607, 0, 54.54, 1316
2026/09/28 20:17:09.610, 1, 48.26, 1328
2026/09/28 20:17:09.613, 2, 47.81, 1316
2026/09/28 20:17:09.616, 3, 64.12, 1328
2026/09/28 20:17:09.819, 0, 40.11, 1316
2026/09/28 20:17:09.822, 1, 41.78, 1328
2026/09/28 20:17:09.827, 2, 37.45, 1316
2026/09/28 20:17:09.830, 3, 38.86, 1328
2026/09/28 20:17:10.033, 0, 154.70, 1316
2026/09/28 20:17:10.038, 1, 41.50, 1328
2026/09/28 20:17:10.041, 2, 37.19, 1316
2026/09/28 20:17:10.045, 3, 38.84, 1328
2026/09/28 20:17:10.248, 0, 40.82, 1328
2026/09/28 20:17:10.251, 1, 43.46, 1328
2026/09/28 20:17:10.254, 2, 148.36, 1316
2026/09/28 20:17:10.257, 3, 38.86, 1328
2026/09/28 20:17:10.460, 0, 40.56, 1328
2026/09/28 20:17:10.463, 1, 41.75, 1328
2026/09/28 20:17:10.467, 2, 36.72, 1328
2026/09/28 20:17:10.470, 3, 164.29, 1328
2026/09/28 20:17:10.673, 0, 48.77, 1328
2026/09/28 20:17:10.678, 1, 52.33, 1328
2026/09/28 20:17:10.681, 2, 53.09, 1328
2026/09/28 20:17:10.684, 3, 80.46, 1328
2026/09/28 20:17:10.887, 0, 86.48, 1328
2026/09/28 20:17:10.890, 1, 49.90, 1328
2026/09/28 20:17:10.893, 2, 43.22, 1328
2026/09/28 20:17:10.896, 3, 52.82, 1328
2026/09/28 20:17:11.099, 0, 63.74, 1328
2026/09/28 20:17:11.102, 1, 68.21, 1328
2026/09/28 20:17:11.107, 2, 80.07, 1328
2026/09/28 20:17:11.110, 3, 63.36, 1328
2026/09/28 20:17:11.312, 0, 47.32, 1328
2026/09/28 20:17:11.318, 1, 49.69, 1328
2026/09/28 20:17:11.321, 2, 49.47, 1328
2026/09/28 20:17:11.324, 3, 68.45, 1328
2026/09/28 20:17:11.527, 0, 83.14, 1328
2026/09/28 20:17:11.530, 1, 77.32, 1328
2026/09/28 20:17:11.532, 2, 41.53, 1328
2026/09/28 20:17:11.535, 3, 48.96, 1328
2026/09/28 20:17:11.738, 0, 56.01, 1328
2026/09/28 20:17:11.741, 1, 58.88, 1328
2026/09/28 20:17:11.746, 2, 65.07, 1328
2026/09/28 20:17:11.749, 3, 98.17, 1328
2026/09/28 20:17:11.954, 0, 62.18, 1328
2026/09/28 20:17:11.957, 1, 47.54, 1328
2026/09/28 20:17:11.960, 2, 46.12, 1328
2026/09/28 20:17:11.963, 3, 59.53, 1328
2026/09/28 20:17:12.167, 0, 71.90, 1328
2026/09/28 20:17:12.169, 1, 85.76, 1328
2026/09/28 20:17:12.172, 2, 59.09, 1328
2026/09/28 20:17:12.175, 3, 46.06, 1328
2026/09/28 20:17:12.378, 0, 52.39, 1328
2026/09/28 20:17:12.381, 1, 54.99, 1328
2026/09/28 20:17:12.386, 2, 57.19, 1328
2026/09/28 20:17:12.389, 3, 87.69, 1328
2026/09/28 20:17:12.592, 0, 89.21, 1328
2026/09/28 20:17:12.597, 1, 55.24, 1328
2026/09/28 20:17:12.600, 2, 43.22, 1328
2026/09/28 20:17:12.603, 3, 52.82, 1328
2026/09/28 20:17:12.806, 0, 62.50, 1328
2026/09/28 20:17:12.809, 1, 70.67, 1328
2026/09/28 20:17:12.812, 2, 80.46, 1328
2026/09/28 20:17:12.814, 3, 66.76, 1328
2026/09/28 20:17:13.018, 0, 49.46, 1328
2026/09/28 20:17:13.021, 1, 51.40, 1328
2026/09/28 20:17:13.026, 2, 52.61, 1328
2026/09/28 20:17:13.029, 3, 74.47, 1328
2026/09/28 20:17:13.231, 0, 85.30, 1328
2026/09/28 20:17:13.237, 1, 75.25, 1328
2026/09/28 20:17:13.239, 2, 41.77, 1328
2026/09/28 20:17:13.242, 3, 49.20, 1328
2026/09/28 20:17:13.445, 0, 56.94, 1328
2026/09/28 20:17:13.448, 1, 62.68, 1328
2026/09/28 20:17:13.451, 2, 69.90, 1328
2026/09/28 20:17:13.454, 3, 83.30, 1328
2026/09/28 20:17:13.657, 0, 47.30, 1328
2026/09/28 20:17:13.660, 1, 47.78, 1328
2026/09/28 20:17:13.665, 2, 46.84, 1328
2026/09/28 20:17:13.668, 3, 61.74, 1328
2026/09/28 20:17:13.871, 0, 71.37, 1328
2026/09/28 20:17:13.876, 1, 82.57, 1328
2026/09/28 20:17:13.879, 2, 63.42, 1328
2026/09/28 20:17:13.882, 3, 45.37, 1328
2026/09/28 20:17:14.085, 0, 52.60, 1328
2026/09/28 20:17:14.088, 1, 56.68, 1328
2026/09/28 20:17:14.091, 2, 60.05, 1328
2026/09/28 20:17:14.094, 3, 96.06, 1328
2026/09/28 20:17:14.297, 0, 71.17, 1328
2026/09/28 20:17:14.300, 1, 46.09, 1328
2026/09/28 20:17:14.305, 2, 44.67, 1328
2026/09/28 20:17:14.308, 3, 55.95, 1328
2026/09/28 20:17:14.511, 0, 62.22, 1328
2026/09/28 20:17:14.516, 1, 70.19, 1328
2026/09/28 20:17:14.519, 2, 80.02, 1328
2026/09/28 20:17:14.522, 3, 71.10, 1328
2026/09/28 20:17:14.726, 0, 48.05, 1328
2026/09/28 20:17:14.729, 1, 50.92, 1328
2026/09/28 20:17:14.731, 2, 52.12, 1328
2026/09/28 20:17:14.734, 3, 74.47, 1328
2026/09/28 20:17:14.937, 0, 90.36, 1328
2026/09/28 20:17:14.940, 1, 63.36, 1328
2026/09/28 20:17:14.945, 2, 42.26, 1328
2026/09/28 20:17:14.947, 3, 50.40, 1328
2026/09/28 20:17:15.151, 0, 55.74, 1328
2026/09/28 20:17:15.156, 1, 61.51, 1328
2026/09/28 20:17:15.159, 2, 68.25, 1328
2026/09/28 20:17:15.162, 3, 99.85, 1328
2026/09/28 20:17:15.367, 0, 67.08, 1328
2026/09/28 20:17:15.370, 1, 47.53, 1328
2026/09/28 20:17:15.373, 2, 46.09, 1328
2026/09/28 20:17:15.376, 3, 60.77, 1328
2026/09/28 20:17:15.579, 0, 71.85, 1328
2026/09/28 20:17:15.582, 1, 86.05, 1328
2026/09/28 20:17:15.585, 2, 62.70, 1328
2026/09/28 20:17:15.587, 3, 46.33, 1328
2026/09/28 20:17:15.790, 0, 50.94, 1328
2026/09/28 20:17:15.795, 1, 54.74, 1328
2026/09/28 20:17:15.798, 2, 57.19, 1328
2026/09/28 20:17:15.801, 3, 77.81, 1328
2026/09/28 20:17:16.007, 0, 85.07, 1328
2026/09/28 20:17:16.010, 1, 46.06, 1328
2026/09/28 20:17:16.013, 2, 43.46, 1328
2026/09/28 20:17:16.016, 3, 54.02, 1328
2026/09/28 20:17:16.219, 0, 63.98, 1328
2026/09/28 20:17:16.222, 1, 74.05, 1328
2026/09/28 20:17:16.225, 2, 79.01, 1328
2026/09/28 20:17:16.228, 3, 58.58, 1328
2026/09/28 20:17:16.431, 0, 49.25, 1328
2026/09/28 20:17:16.435, 1, 51.40, 1328
2026/09/28 20:17:16.437, 2, 52.85, 1328
2026/09/28 20:17:16.440, 3, 67.25, 1328
2026/09/28 20:17:16.647, 0, 83.91, 1328
2026/09/28 20:17:16.650, 1, 77.80, 1328
2026/09/28 20:17:16.653, 2, 41.77, 1328
2026/09/28 20:17:16.656, 3, 48.48, 1328
2026/09/28 20:17:16.859, 0, 56.70, 1328
2026/09/28 20:17:16.862, 1, 60.05, 1328
2026/09/28 20:17:16.866, 2, 66.08, 1328
2026/09/28 20:17:16.869, 3, 86.67, 1328
2026/09/28 20:17:17.072, 0, 46.84, 1328
2026/09/28 20:17:17.075, 1, 49.23, 1328
2026/09/28 20:17:17.078, 2, 48.75, 1328
2026/09/28 20:17:17.081, 3, 62.91, 1328
2026/09/28 20:17:17.286, 0, 76.21, 1328
2026/09/28 20:17:17.289, 1, 87.97, 1328
2026/09/28 20:17:17.292, 2, 55.02, 1328
2026/09/28 20:17:17.295, 3, 47.03, 1328
2026/09/28 20:17:17.498, 0, 53.36, 1328
2026/09/28 20:17:17.501, 1, 57.93, 1328
2026/09/28 20:17:17.504, 2, 62.46, 1328
2026/09/28 20:17:17.507, 3, 98.89, 1328
2026/09/28 20:17:17.710, 0, 74.76, 1328
2026/09/28 20:17:17.714, 1, 47.06, 1328
2026/09/28 20:17:17.717, 2, 45.39, 1328
2026/09/28 20:17:17.720, 3, 53.76, 1328
2026/09/28 20:17:17.926, 0, 63.67, 1328
2026/09/28 20:17:17.929, 1, 71.88, 1328
2026/09/28 20:17:17.932, 2, 80.22, 1328
2026/09/28 20:17:17.935, 3, 60.26, 1328
2026/09/28 20:17:18.137, 0, 48.77, 1328
2026/09/28 20:17:18.140, 1, 52.57, 1328
2026/09/28 20:17:18.143, 2, 54.06, 1328
2026/09/28 20:17:18.146, 3, 79.74, 1328
2026/09/28 20:17:18.349, 0, 90.07, 1328
2026/09/28 20:17:18.354, 1, 59.78, 1328
2026/09/28 20:17:18.357, 2, 42.74, 1328
2026/09/28 20:17:18.360, 3, 48.72, 1328
2026/09/28 20:17:18.565, 0, 57.46, 1328
2026/09/28 20:17:18.568, 1, 60.09, 1328
2026/09/28 20:17:18.574, 2, 66.08, 1328
2026/09/28 20:17:18.577, 3, 92.58, 1328
2026/09/28 20:17:18.780, 0, 57.90, 1328
2026/09/28 20:17:18.783, 1, 48.02, 1328
2026/09/28 20:17:18.786, 2, 47.33, 1328
2026/09/28 20:17:18.788, 3, 63.40, 1328
2026/09/28 20:17:18.991, 0, 78.07, 1328
2026/09/28 20:17:18.994, 1, 82.87, 1328
2026/09/28 20:17:18.997, 2, 49.71, 1328
2026/09/28 20:17:19.000, 3, 46.31, 1328
2026/09/28 20:17:19.205, 0, 54.05, 1328
2026/09/28 20:17:19.208, 1, 58.64, 1328
2026/09/28 20:17:19.211, 2, 63.22, 1328
2026/09/28 20:17:19.214, 3, 98.12, 1328
2026/09/28 20:17:19.417, 0, 65.35, 1328
2026/09/28 20:17:19.420, 1, 47.30, 1328
2026/09/28 20:17:19.423, 2, 46.09, 1328
2026/09/28 20:17:19.425, 3, 59.77, 1328
2026/09/28 20:17:19.628, 0, 78.55, 1328
2026/09/28 20:17:19.633, 1, 54.96, 1328
2026/09/28 20:17:19.638, 2, 43.22, 1328
2026/09/28 20:17:19.641, 3, 52.10, 1328
2026/09/28 20:17:19.845, 0, 61.26, 1328
2026/09/28 20:17:19.848, 1, 68.94, 1328
2026/09/28 20:17:19.851, 2, 79.78, 1328
2026/09/28 20:17:19.854, 3, 66.04, 1328
2026/09/28 20:17:20.057, 0, 49.49, 1328
2026/09/28 20:17:20.059, 1, 52.81, 1328
2026/09/28 20:17:20.062, 2, 51.16, 1328
2026/09/28 20:17:20.068, 3, 72.51, 1328
2026/09/28 20:17:20.271, 0, 89.91, 1328
2026/09/28 20:17:20.274, 1, 81.22, 1328
2026/09/28 20:17:20.280, 2, 45.64, 1328
2026/09/28 20:17:20.283, 3, 48.24, 1328
2026/09/28 20:17:20.486, 0, 54.56, 1328
2026/09/28 20:17:20.489, 1, 60.53, 1328
2026/09/28 20:17:20.492, 2, 67.05, 1328
2026/09/28 20:17:20.494, 3, 86.87, 1328
2026/09/28 20:17:20.698, 0, 55.99, 1328
2026/09/28 20:17:20.700, 1, 48.02, 1328
2026/09/28 20:17:20.703, 2, 48.02, 1328
2026/09/28 20:17:20.706, 3, 63.15, 1328
2026/09/28 20:17:20.910, 0, 79.10, 1328
2026/09/28 20:17:20.913, 1, 82.39, 1328
2026/09/28 20:17:20.916, 2, 49.95, 1328
2026/09/28 20:17:20.918, 3, 45.34, 1328
2026/09/28 20:17:21.125, 0, 52.14, 1328
2026/09/28 20:17:21.128, 1, 56.92, 1328
2026/09/28 20:17:21.131, 2, 61.77, 1328
2026/09/28 20:17:21.134, 3, 95.28, 1328
2026/09/28 20:17:21.337, 0, 50.19, 1328
2026/09/28 20:17:21.340, 1, 48.26, 1328
2026/09/28 20:17:21.343, 2, 47.57, 1328
2026/09/28 20:17:21.345, 3, 56.46, 1189
2026/09/28 20:17:21.548, 0, 92.25, 1328
2026/09/28 20:17:21.551, 1, 55.45, 1328
2026/09/28 20:17:21.554, 2, 42.74, 1328
2026/09/28 20:17:21.557, 3, 44.64, 1189
2026/09/28 20:17:21.760, 0, 70.69, 1328
2026/09/28 20:17:21.763, 1, 80.69, 1328
2026/09/28 20:17:21.766, 2, 69.22, 1328
2026/09/28 20:17:21.769, 3, 39.32, 1189
2026/09/28 20:17:21.972, 0, 55.25, 1328
2026/09/28 20:17:21.975, 1, 61.01, 1328
2026/09/28 20:17:21.979, 2, 64.64, 1328
2026/09/28 20:17:21.982, 3, 71.99, 1189
2026/09/28 20:17:22.185, 0, 46.60, 1328
2026/09/28 20:17:22.191, 1, 49.25, 1328
2026/09/28 20:17:22.194, 2, 47.30, 1328
2026/09/28 20:17:22.200, 3, 50.89, 1189
2026/09/28 20:17:22.405, 0, 76.17, 1328
2026/09/28 20:17:22.411, 1, 84.33, 1328
2026/09/28 20:17:22.414, 2, 65.80, 1328
2026/09/28 20:17:22.420, 3, 43.42, 1189
2026/09/28 20:17:22.624, 0, 51.39, 1328
2026/09/28 20:17:22.631, 1, 54.81, 1328
2026/09/28 20:17:22.634, 2, 57.43, 1328
2026/09/28 20:17:22.637, 3, 79.75, 1189
2026/09/28 20:17:22.840, 0, 46.36, 1328
2026/09/28 20:17:22.842, 1, 48.51, 1328
2026/09/28 20:17:22.845, 2, 47.33, 1328
2026/09/28 20:17:22.848, 3, 56.19, 1189
2026/09/28 20:17:23.051, 0, 81.89, 1328
2026/09/28 20:17:23.054, 1, 49.20, 1328
2026/09/28 20:17:23.058, 2, 42.98, 1328
2026/09/28 20:17:23.061, 3, 45.35, 1189
2026/09/28 20:17:23.264, 0, 70.89, 1328
2026/09/28 20:17:23.267, 1, 84.26, 1328
2026/09/28 20:17:23.270, 2, 62.71, 1328
2026/09/28 20:17:23.273, 3, 39.82, 1189
2026/09/28 20:17:23.477, 0, 56.01, 1328
2026/09/28 20:17:23.480, 1, 61.98, 1328
2026/09/28 20:17:23.482, 2, 68.26, 1328
2026/09/28 20:17:23.485, 3, 69.18, 1189
2026/09/28 20:17:23.688, 0, 48.77, 1328
2026/09/28 20:17:23.691, 1, 51.85, 1328
2026/09/28 20:17:23.694, 2, 52.61, 1328
2026/09/28 20:17:23.697, 3, 68.24, 1189
2026/09/28 20:17:23.900, 0, 61.98, 1328
2026/09/28 20:17:23.903, 1, 46.82, 1328
2026/09/28 20:17:23.906, 2, 45.61, 1328
2026/09/28 20:17:23.909, 3, 51.85, 1189
2026/09/28 20:17:24.112, 0, 90.86, 1328
2026/09/28 20:17:24.115, 1, 63.88, 1328
2026/09/28 20:17:24.118, 2, 41.29, 1328
2026/09/28 20:17:24.122, 3, 42.23, 1189
2026/09/28 20:17:24.325, 0, 63.94, 1328
2026/09/28 20:17:24.328, 1, 72.36, 1328
2026/09/28 20:17:24.331, 2, 79.54, 1328
2026/09/28 20:17:24.334, 3, 46.55, 1189
2026/09/28 20:17:24.537, 0, 54.56, 1328
2026/09/28 20:17:24.540, 1, 60.09, 1328
2026/09/28 20:17:24.542, 2, 64.63, 1328
2026/09/28 20:17:24.545, 3, 72.11, 1189
2026/09/28 20:17:24.748, 0, 48.26, 1328
2026/09/28 20:17:24.751, 1, 49.47, 1328
2026/09/28 20:17:24.757, 2, 47.81, 1328
2026/09/28 20:17:24.762, 3, 54.96, 1189
2026/09/28 20:17:24.964, 0, 70.44, 1328
2026/09/28 20:17:24.965, 1, 46.33, 1328
2026/09/28 20:17:24.968, 2, 44.40, 1328
2026/09/28 20:17:24.971, 3, 48.72, 1189
2026/09/28 20:17:25.174, 0, 80.01, 1328
2026/09/28 20:17:25.178, 1, 80.50, 1328
2026/09/28 20:17:25.181, 2, 47.30, 1328
2026/09/28 20:17:25.184, 3, 40.79, 1189
2026/09/28 20:17:25.387, 0, 60.32, 1328
2026/09/28 20:17:25.390, 1, 68.26, 1328
2026/09/28 20:17:25.393, 2, 77.37, 1328
2026/09/28 20:17:25.396, 3, 56.44, 1189
2026/09/28 20:17:25.599, 0, 50.70, 1328
2026/09/28 20:17:25.602, 1, 53.81, 1328
2026/09/28 20:17:25.605, 2, 57.88, 1328
2026/09/28 20:17:25.608, 3, 76.33, 1189
2026/09/28 20:17:25.811, 0, 46.38, 1328
2026/09/28 20:17:25.814, 1, 48.27, 1328
2026/09/28 20:17:25.817, 2, 46.58, 1328
2026/09/28 20:17:25.821, 3, 52.55, 1189
2026/09/28 20:17:26.024, 0, 41.56, 1328
2026/09/28 20:17:26.027, 1, 41.78, 1328
2026/09/28 20:17:26.030, 2, 37.45, 1328
2026/09/28 20:17:26.033, 3, 34.29, 1189
2026/09/28 20:17:26.236, 0, 162.87, 1328
2026/09/28 20:17:26.242, 1, 41.50, 1328
2026/09/28 20:17:26.245, 2, 37.43, 1328
2026/09/28 20:17:26.248, 3, 33.79, 1189
2026/09/28 20:17:26.451, 0, 42.01, 1328
2026/09/28 20:17:26.454, 1, 72.31, 1328
2026/09/28 20:17:26.456, 2, 128.18, 1328
2026/09/28 20:17:26.461, 3, 33.55, 1189
2026/09/28 20:17:26.664, 0, 41.53, 1328
2026/09/28 20:17:26.667, 1, 41.75, 1328
2026/09/28 20:17:26.670, 2, 39.84, 1328
2026/09/28 20:17:26.673, 3, 121.36, 1189
2026/09/28 20:17:26.876, 0, 60.07, 1328
2026/09/28 20:17:26.879, 1, 97.26, 1328
2026/09/28 20:17:26.882, 2, 72.55, 1328
2026/09/28 20:17:26.885, 3, 37.64, 1316
2026/09/28 20:17:27.088, 0, 71.58, 1328
2026/09/28 20:17:27.091, 1, 46.36, 1328
2026/09/28 20:17:27.096, 2, 43.70, 1328
2026/09/28 20:17:27.100, 3, 50.89, 1316
2026/09/28 20:17:27.306, 0, 59.60, 1328
2026/09/28 20:17:27.308, 1, 68.50, 1328
2026/09/28 20:17:27.312, 2, 78.10, 1328
2026/09/28 20:17:27.314, 3, 69.14, 1316
2026/09/28 20:17:27.517, 0, 47.81, 1328
2026/09/28 20:17:27.520, 1, 50.40, 1328
2026/09/28 20:17:27.523, 2, 51.16, 1328
2026/09/28 20:17:27.526, 3, 70.58, 1316
2026/09/28 20:17:27.729, 0, 91.52, 1328
2026/09/28 20:17:27.732, 1, 71.58, 1328
2026/09/28 20:17:27.736, 2, 41.53, 1328
2026/09/28 20:17:27.740, 3, 46.06, 1316
2026/09/28 20:17:27.945, 0, 55.25, 1328
2026/09/28 20:17:27.948, 1, 61.26, 1328
2026/09/28 20:17:27.951, 2, 68.25, 1328
2026/09/28 20:17:27.954, 3, 83.30, 1316
2026/09/28 20:17:28.157, 0, 48.05, 1328
2026/09/28 20:17:28.160, 1, 50.93, 1328
2026/09/28 20:17:28.163, 2, 52.61, 1328
2026/09/28 20:17:28.166, 3, 73.04, 1316
2026/09/28 20:17:28.369, 0, 95.24, 1328
2026/09/28 20:17:28.372, 1, 74.48, 1328
2026/09/28 20:17:28.376, 2, 41.77, 1328
2026/09/28 20:17:28.380, 3, 46.79, 1316
2026/09/28 20:17:28.585, 0, 54.05, 1328
2026/09/28 20:17:28.588, 1, 58.85, 1328
2026/09/28 20:17:28.591, 2, 64.63, 1328
2026/09/28 20:17:28.594, 3, 88.58, 1316
2026/09/28 20:17:28.797, 0, 61.04, 1328
2026/09/28 20:17:28.800, 1, 47.78, 1328
2026/09/28 20:17:28.802, 2, 47.30, 1328
2026/09/28 20:17:28.805, 3, 60.74, 1316
2026/09/28 20:17:29.008, 0, 69.49, 1189
2026/09/28 20:17:29.011, 1, 78.31, 1328
2026/09/28 20:17:29.016, 2, 45.13, 1328
2026/09/28 20:17:29.019, 3, 46.58, 1316
2026/09/28 20:17:29.222, 0, 50.94, 1189
2026/09/28 20:17:29.226, 1, 62.02, 1189
2026/09/28 20:17:29.229, 2, 79.10, 1328
2026/09/28 20:17:29.232, 3, 65.32, 1316
2026/09/28 20:17:29.435, 0, 44.45, 1189
2026/09/28 20:17:29.438, 1, 50.93, 1189
2026/09/28 20:17:29.440, 2, 66.28, 1328
2026/09/28 20:17:29.443, 3, 96.30, 1316
2026/09/28 20:17:29.648, 0, 41.53, 1189
2026/09/28 20:17:29.651, 1, 44.19, 1189
2026/09/28 20:17:29.656, 2, 51.67, 1328
2026/09/28 20:17:29.659, 3, 72.60, 1316
2026/09/28 20:17:29.862, 0, 48.29, 1189
2026/09/28 20:17:29.866, 1, 41.51, 1189
2026/09/28 20:17:29.869, 2, 46.60, 1328
2026/09/28 20:17:29.872, 3, 59.54, 1316
2026/09/28 20:17:30.075, 0, 65.35, 1189
2026/09/28 20:17:30.078, 1, 40.09, 1189
2026/09/28 20:17:30.081, 2, 44.16, 1328
2026/09/28 20:17:30.084, 3, 54.02, 1316
2026/09/28 20:17:30.287, 0, 73.06, 1189
2026/09/28 20:17:30.290, 1, 67.04, 1189
2026/09/28 20:17:30.296, 2, 44.91, 1328
2026/09/28 20:17:30.299, 3, 46.31, 1316
2026/09/28 20:17:30.502, 0, 54.53, 1189
2026/09/28 20:17:30.505, 1, 64.60, 1189
2026/09/28 20:17:30.508, 2, 72.31, 1328
2026/09/28 20:17:30.511, 3, 46.82, 1316
2026/09/28 20:17:30.714, 0, 48.28, 1189
2026/09/28 20:17:30.717, 1, 55.02, 1189
2026/09/28 20:17:30.721, 2, 72.11, 1328
2026/09/28 20:17:30.724, 3, 75.88, 1316
2026/09/28 20:17:30.927, 0, 44.45, 1189
2026/09/28 20:17:30.930, 1, 46.58, 1189
2026/09/28 20:17:30.936, 2, 56.71, 1328
2026/09/28 20:17:30.939, 3, 84.99, 1316
2026/09/28 20:17:31.142, 0, 40.35, 1189
2026/09/28 20:17:31.145, 1, 43.95, 1189
2026/09/28 20:17:31.148, 2, 50.68, 1328
2026/09/28 20:17:31.151, 3, 69.67, 1316
2026/09/28 20:17:31.354, 0, 52.39, 1189
2026/09/28 20:17:31.357, 1, 41.29, 1189
2026/09/28 20:17:31.360, 2, 45.88, 1328
2026/09/28 20:17:31.363, 3, 57.85, 1316
2026/09/28 20:17:31.566, 0, 73.06, 1189
2026/09/28 20:17:31.569, 1, 45.61, 1189
2026/09/28 20:17:31.572, 2, 42.76, 1328
2026/09/28 20:17:31.575, 3, 48.72, 1316
2026/09/28 20:17:31.780, 0, 59.33, 1189
2026/09/28 20:17:31.785, 1, 73.52, 1189
2026/09/28 20:17:31.788, 2, 59.57, 1328
2026/09/28 20:17:31.791, 3, 44.65, 1316
2026/09/28 20:17:31.993, 0, 53.83, 1189
2026/09/28 20:17:31.996, 1, 66.13, 1189
2026/09/28 20:17:31.999, 2, 74.49, 1328
2026/09/28 20:17:32.002, 3, 45.85, 1316
2026/09/28 20:17:32.205, 0, 52.85, 1189
2026/09/28 20:17:32.208, 1, 60.31, 1189
2026/09/28 20:17:32.211, 2, 67.29, 1189
2026/09/28 20:17:32.214, 3, 52.31, 1316
2026/09/28 20:17:32.417, 0, 50.23, 1189
2026/09/28 20:17:32.420, 1, 58.16, 1189
2026/09/28 20:17:32.423, 2, 66.29, 1189
2026/09/28 20:17:32.426, 3, 56.62, 1316
2026/09/28 20:17:32.629, 0, 48.07, 1189
2026/09/28 20:17:32.632, 1, 55.50, 1189
2026/09/28 20:17:32.635, 2, 65.40, 1189
2026/09/28 20:17:32.638, 3, 73.19, 1316
2026/09/28 20:17:32.842, 0, 46.64, 1189
2026/09/28 20:17:32.845, 1, 53.39, 1189
2026/09/28 20:17:32.848, 2, 59.60, 1189
2026/09/28 20:17:32.851, 3, 79.25, 1316
2026/09/28 20:17:33.054, 0, 46.14, 1189
2026/09/28 20:17:33.057, 1, 53.37, 1189
2026/09/28 20:17:33.060, 2, 56.95, 1189
2026/09/28 20:17:33.064, 3, 84.56, 1316
2026/09/28 20:17:33.267, 0, 44.17, 1189
2026/09/28 20:17:33.270, 1, 48.76, 1189
2026/09/28 20:17:33.274, 2, 52.37, 1189
2026/09/28 20:17:33.277, 3, 86.24, 1316
2026/09/28 20:17:33.482, 0, 41.80, 1189
2026/09/28 20:17:33.485, 1, 45.38, 1189
2026/09/28 20:17:33.488, 2, 48.02, 1189
2026/09/28 20:17:33.491, 3, 83.35, 1316
2026/09/28 20:17:33.694, 0, 41.53, 1189
2026/09/28 20:17:33.697, 1, 44.65, 1189
2026/09/28 20:17:33.700, 2, 44.43, 1189
2026/09/28 20:17:33.705, 3, 71.10, 1316
2026/09/28 20:17:33.908, 0, 40.11, 1189
2026/09/28 20:17:33.911, 1, 42.74, 1189
2026/09/28 20:17:33.914, 2, 43.95, 1189
2026/09/28 20:17:33.917, 3, 65.56, 1316
2026/09/28 20:17:34.121, 0, 39.60, 1189
2026/09/28 20:17:34.124, 1, 42.26, 1189
2026/09/28 20:17:34.127, 2, 41.77, 1189
2026/09/28 20:17:34.130, 3, 66.05, 1316
2026/09/28 20:17:34.333, 0, 39.60, 1189
2026/09/28 20:17:34.336, 1, 42.72, 1189
2026/09/28 20:17:34.339, 2, 40.81, 1189
2026/09/28 20:17:34.345, 3, 60.75, 1316
2026/09/28 20:17:34.548, 0, 51.91, 1189
2026/09/28 20:17:34.551, 1, 41.51, 1189
2026/09/28 20:17:34.554, 2, 40.35, 1189
2026/09/28 20:17:34.557, 3, 57.64, 1316
2026/09/28 20:17:34.761, 0, 67.28, 1189
2026/09/28 20:17:34.767, 1, 40.08, 1189
2026/09/28 20:17:34.770, 2, 38.64, 1189
2026/09/28 20:17:34.772, 3, 52.58, 1316
2026/09/28 20:17:34.975, 0, 65.87, 1189
2026/09/28 20:17:34.978, 1, 39.84, 1189
2026/09/28 20:17:34.981, 2, 38.15, 1189
2026/09/28 20:17:34.984, 3, 52.61, 1316
2026/09/28 20:17:35.187, 0, 71.90, 1189
2026/09/28 20:17:35.191, 1, 41.05, 1189
2026/09/28 20:17:35.194, 2, 37.69, 1189
2026/09/28 20:17:35.197, 3, 50.66, 1316
2026/09/28 20:17:35.401, 0, 76.43, 1189
2026/09/28 20:17:35.404, 1, 52.10, 1189
2026/09/28 20:17:35.407, 2, 36.73, 1189
2026/09/28 20:17:35.409, 3, 49.23, 1316
2026/09/28 20:17:35.612, 0, 74.77, 1189
2026/09/28 20:17:35.615, 1, 59.12, 1189
2026/09/28 20:17:35.618, 2, 37.19, 1189
2026/09/28 20:17:35.625, 3, 45.85, 1316
2026/09/28 20:17:35.827, 0, 61.25, 1189
2026/09/28 20:17:35.830, 1, 72.55, 1189
2026/09/28 20:17:35.833, 2, 46.12, 1189
2026/09/28 20:17:35.836, 3, 44.65, 1316
2026/09/28 20:17:36.040, 0, 70.89, 1189
2026/09/28 20:17:36.043, 1, 40.53, 1189
2026/09/28 20:17:36.046, 2, 37.67, 1189
2026/09/28 20:17:36.049, 3, 51.61, 1316
2026/09/28 20:17:36.252, 0, 74.52, 1189
2026/09/28 20:17:36.255, 1, 47.09, 1189
2026/09/28 20:17:36.258, 2, 36.49, 1189
2026/09/28 20:17:36.264, 3, 47.78, 1316
2026/09/28 20:17:36.467, 0, 61.36, 1189
2026/09/28 20:17:36.473, 1, 74.35, 1189
2026/09/28 20:17:36.476, 2, 45.85, 1189
2026/09/28 20:17:36.479, 3, 45.13, 1316
2026/09/28 20:17:36.683, 0, 56.97, 1189
2026/09/28 20:17:36.686, 1, 72.61, 1189
2026/09/28 20:17:36.689, 2, 54.06, 1189
2026/09/28 20:17:36.691, 3, 44.17, 1316
2026/09/28 20:17:36.894, 0, 57.40, 1189
2026/09/28 20:17:36.898, 1, 67.50, 1189
2026/09/28 20:17:36.900, 2, 55.99, 1189
2026/09/28 20:17:36.903, 3, 43.68, 1316
2026/09/28 20:17:37.106, 0, 56.53, 1189
2026/09/28 20:17:37.109, 1, 68.22, 1189
2026/09/28 20:17:37.113, 2, 58.89, 1189
2026/09/28 20:17:37.116, 3, 42.99, 1316
2026/09/28 20:17:37.320, 0, 52.15, 1189
2026/09/28 20:17:37.323, 1, 64.20, 1189
2026/09/28 20:17:37.326, 2, 62.71, 1189
2026/09/28 20:17:37.329, 3, 47.54, 1316
2026/09/28 20:17:37.532, 0, 49.47, 1189
2026/09/28 20:17:37.534, 1, 61.07, 1189
2026/09/28 20:17:37.537, 2, 64.64, 1189
2026/09/28 20:17:37.543, 3, 72.08, 1316
2026/09/28 20:17:37.746, 0, 46.87, 1189
2026/09/28 20:17:37.749, 1, 51.87, 1189
2026/09/28 20:17:37.752, 2, 61.05, 1189
2026/09/28 20:17:37.755, 3, 79.74, 1316
2026/09/28 20:17:37.959, 0, 45.93, 1189
2026/09/28 20:17:37.962, 1, 52.63, 1189
2026/09/28 20:17:37.965, 2, 58.12, 1189
2026/09/28 20:17:37.968, 3, 78.73, 1316
2026/09/28 20:17:38.171, 0, 45.44, 1189
2026/09/28 20:17:38.174, 1, 51.14, 1189
2026/09/28 20:17:38.177, 2, 53.60, 1189
2026/09/28 20:17:38.183, 3, 96.54, 1316
2026/09/28 20:17:38.386, 0, 42.76, 1189
2026/09/28 20:17:38.389, 1, 47.33, 1189
2026/09/28 20:17:38.392, 2, 49.71, 1189
2026/09/28 20:17:38.395, 3, 85.48, 1316
2026/09/28 20:17:38.599, 0, 41.78, 1189
2026/09/28 20:17:38.602, 1, 45.85, 1189
2026/09/28 20:17:38.605, 2, 48.51, 1189
2026/09/28 20:17:38.608, 3, 80.94, 1316
2026/09/28 20:17:38.810, 0, 41.06, 1189
2026/09/28 20:17:38.813, 1, 45.13, 1189
2026/09/28 20:17:38.816, 2, 44.43, 1189
2026/09/28 20:17:38.822, 3, 70.58, 1316
2026/09/28 20:17:39.025, 0, 40.35, 1189
2026/09/28 20:17:39.028, 1, 43.47, 1189
2026/09/28 20:17:39.032, 2, 44.45, 1189
2026/09/28 20:17:39.035, 3, 67.98, 1316
2026/09/28 20:17:39.238, 0, 39.38, 1189
2026/09/28 20:17:39.241, 1, 42.74, 1189
2026/09/28 20:17:39.244, 2, 42.74, 1189
2026/09/28 20:17:39.247, 3, 66.53, 1316
2026/09/28 20:17:39.450, 0, 41.07, 1189
2026/09/28 20:17:39.453, 1, 42.00, 1189
2026/09/28 20:17:39.456, 2, 40.11, 1189
2026/09/28 20:17:39.462, 3, 57.88, 1316
2026/09/28 20:17:39.665, 0, 59.37, 1189
2026/09/28 20:17:39.668, 1, 40.33, 1189
2026/09/28 20:17:39.671, 2, 39.14, 1189
2026/09/28 20:17:39.674, 3, 54.75, 1316
2026/09/28 20:17:39.878, 0, 65.84, 1189
2026/09/28 20:17:39.882, 1, 39.60, 1189
2026/09/28 20:17:39.885, 2, 37.67, 1189
2026/09/28 20:17:39.887, 3, 52.10, 1316
2026/09/28 20:17:40.090, 0, 67.04, 1189
2026/09/28 20:17:40.093, 1, 40.09, 1189
2026/09/28 20:17:40.096, 2, 37.21, 1189
2026/09/28 20:17:40.101, 3, 50.92, 1316
2026/09/28 20:17:40.304, 0, 77.17, 1189
2026/09/28 20:17:40.307, 1, 57.45, 1189
2026/09/28 20:17:40.311, 2, 36.72, 1189
2026/09/28 20:17:40.314, 3, 48.50, 1316
2026/09/28 20:17:40.518, 0, 69.01, 1189
2026/09/28 20:17:40.521, 1, 61.54, 1189
2026/09/28 20:17:40.524, 2, 35.76, 1189
2026/09/28 20:17:40.528, 3, 46.82, 1316
2026/09/28 20:17:40.731, 0, 64.41, 1189
2026/09/28 20:17:40.734, 1, 66.77, 1189
2026/09/28 20:17:40.736, 2, 47.30, 1189
2026/09/28 20:17:40.741, 3, 44.89, 1316
2026/09/28 20:17:40.944, 0, 61.33, 1189
2026/09/28 20:17:40.947, 1, 71.60, 1189
2026/09/28 20:17:40.951, 2, 49.02, 1189
2026/09/28 20:17:40.954, 3, 44.17, 1316
2026/09/28 20:17:41.157, 0, 56.74, 1189
2026/09/28 20:17:41.160, 1, 69.94, 1189
2026/09/28 20:17:41.163, 2, 55.05, 1189
2026/09/28 20:17:41.166, 3, 44.17, 1316
2026/09/28 20:17:41.369, 0, 55.56, 1189
2026/09/28 20:17:41.372, 1, 65.85, 1189
2026/09/28 20:17:41.375, 2, 66.53, 1189
2026/09/28 20:17:41.381, 3, 58.37, 1316
2026/09/28 20:17:41.585, 0, 49.53, 1189
2026/09/28 20:17:41.588, 1, 57.14, 1189
2026/09/28 20:17:41.591, 2, 65.84, 1189
2026/09/28 20:17:41.593, 3, 69.59, 1316
2026/09/28 20:17:41.797, 0, 47.10, 1189
2026/09/28 20:17:41.800, 1, 54.27, 1189
2026/09/28 20:17:41.803, 2, 64.15, 1189
2026/09/28 20:17:41.806, 3, 72.52, 1316
2026/09/28 20:17:42.009, 0, 48.02, 1189
2026/09/28 20:17:42.012, 1, 53.82, 1189
2026/09/28 20:17:42.015, 2, 58.37, 1189
2026/09/28 20:17:42.021, 3, 81.18, 1316
2026/09/28 20:17:42.224, 0, 44.94, 1189
2026/09/28 20:17:42.227, 1, 49.74, 1189
2026/09/28 20:17:42.230, 2, 54.78, 1189
2026/09/28 20:17:42.233, 3, 95.05, 1316
2026/09/28 20:17:42.437, 0, 43.22, 1189
2026/09/28 20:17:42.440, 1, 48.02, 1189
2026/09/28 20:17:42.443, 2, 51.16, 1189
2026/09/28 20:17:42.445, 3, 93.42, 1316
2026/09/28 20:17:42.648, 0, 42.74, 1189
2026/09/28 20:17:42.651, 1, 47.79, 1189
2026/09/28 20:17:42.654, 2, 46.84, 1189
2026/09/28 20:17:42.660, 3, 79.50, 1316
2026/09/28 20:17:42.863, 0, 41.29, 1189
2026/09/28 20:17:42.866, 1, 42.74, 1189
2026/09/28 20:17:42.871, 2, 43.70, 1189
2026/09/28 20:17:42.874, 3, 68.22, 1316
2026/09/28 20:17:43.077, 0, 131.82, 1189
2026/09/28 20:17:43.080, 1, 36.70, 1189
2026/09/28 20:17:43.083, 2, 32.62, 1189
2026/09/28 20:17:43.086, 3, 38.13, 1316
2026/09/28 20:17:43.289, 0, 166.25, 1316
2026/09/28 20:17:43.292, 1, 36.44, 1189
2026/09/28 20:17:43.295, 2, 32.62, 1189
2026/09/28 20:17:43.300, 3, 37.87, 1316
2026/09/28 20:17:43.503, 0, 42.01, 1328
2026/09/28 20:17:43.506, 1, 127.99, 1189
2026/09/28 20:17:43.509, 2, 32.62, 1189
2026/09/28 20:17:43.511, 3, 37.64, 1316
2026/09/28 20:17:43.716, 0, 40.80, 1328
2026/09/28 20:17:43.720, 1, 158.36, 1316
2026/09/28 20:17:43.723, 2, 32.37, 1189
2026/09/28 20:17:43.726, 3, 37.64, 1316
2026/09/28 20:17:43.929, 0, 40.80, 1328
2026/09/28 20:17:43.932, 1, 42.00, 1328
2026/09/28 20:17:43.935, 2, 152.43, 1316
2026/09/28 20:17:43.940, 3, 37.65, 1316
2026/09/28 20:17:44.142, 0, 40.56, 1328
2026/09/28 20:17:44.146, 1, 41.75, 1328
2026/09/28 20:17:44.149, 2, 38.15, 1328
2026/09/28 20:17:44.152, 3, 167.65, 1316
2026/09/28 20:17:44.357, 0, 40.56, 1328
2026/09/28 20:17:44.360, 1, 41.75, 1328
2026/09/28 20:17:44.363, 2, 36.70, 1328
2026/09/28 20:17:44.366, 3, 167.20, 1328
2026/09/28 20:17:44.569, 0, 65.15, 1328
2026/09/28 20:17:44.572, 1, 74.25, 1328
2026/09/28 20:17:44.575, 2, 79.06, 1328
2026/09/28 20:17:44.579, 3, 60.99, 1328
2026/09/28 20:17:44.782, 0, 49.25, 1328
2026/09/28 20:17:44.785, 1, 51.86, 1328
2026/09/28 20:17:44.788, 2, 53.57, 1328
2026/09/28 20:17:44.791, 3, 79.21, 1328
2026/09/28 20:17:44.994, 0, 90.07, 1328
2026/09/28 20:17:45.001, 1, 67.97, 1328
2026/09/28 20:17:45.004, 2, 41.77, 1328
2026/09/28 20:17:45.007, 3, 49.71, 1328
2026/09/28 20:17:45.210, 0, 57.67, 1328
2026/09/28 20:17:45.213, 1, 63.95, 1328
2026/09/28 20:17:45.216, 2, 70.87, 1328
2026/09/28 20:17:45.219, 3, 81.67, 1328
2026/09/28 20:17:45.422, 0, 46.84, 1328
2026/09/28 20:17:45.425, 1, 49.00, 1328
2026/09/28 20:17:45.428, 2, 48.51, 1328
2026/09/28 20:17:45.431, 3, 67.26, 1328
2026/09/28 20:17:45.634, 0, 73.79, 1328
2026/09/28 20:17:45.639, 1, 86.05, 1328
2026/09/28 20:17:45.642, 2, 58.85, 1328
2026/09/28 20:17:45.645, 3, 46.79, 1328
2026/09/28 20:17:45.848, 0, 52.15, 1328
2026/09/28 20:17:45.851, 1, 56.47, 1328
2026/09/28 20:17:45.854, 2, 58.60, 1328
2026/09/28 20:17:45.859, 3, 90.47, 1328
2026/09/28 20:17:46.062, 0, 70.21, 1328
2026/09/28 20:17:46.065, 1, 46.82, 1328
2026/09/28 20:17:46.068, 2, 45.61, 1328
2026/09/28 20:17:46.070, 3, 59.05, 1328
2026/09/28 20:17:46.273, 0, 63.70, 1328
2026/09/28 20:17:46.279, 1, 72.60, 1328
2026/09/28 20:17:46.282, 2, 78.53, 1328
2026/09/28 20:17:46.285, 3, 55.20, 1328
2026/09/28 20:17:46.488, 0, 49.49, 1328
2026/09/28 20:17:46.491, 1, 52.61, 1328
2026/09/28 20:17:46.494, 2, 52.61, 1328
2026/09/28 20:17:46.498, 3, 75.63, 1328
2026/09/28 20:17:46.701, 0, 94.21, 1328
2026/09/28 20:17:46.704, 1, 59.78, 1328
2026/09/28 20:17:46.707, 2, 42.98, 1328
2026/09/28 20:17:46.710, 3, 51.37, 1328
2026/09/28 20:17:46.913, 0, 61.05, 1328
2026/09/28 20:17:46.916, 1, 68.74, 1328
2026/09/28 20:17:46.919, 2, 79.30, 1328
2026/09/28 20:17:46.922, 3, 66.04, 1328
2026/09/28 20:17:47.125, 0, 48.53, 1328
2026/09/28 20:17:47.128, 1, 49.48, 1328
2026/09/28 20:17:47.134, 2, 48.51, 1328
2026/09/28 20:17:47.138, 3, 65.09, 1328
2026/09/28 20:17:47.341, 0, 81.03, 1328
2026/09/28 20:17:47.344, 1, 82.44, 1328
2026/09/28 20:17:47.346, 2, 48.26, 1328
2026/09/28 20:17:47.349, 3, 48.24, 1328
2026/09/28 20:17:47.552, 0, 54.53, 1328
2026/09/28 20:17:47.555, 1, 60.05, 1328
2026/09/28 20:17:47.558, 2, 64.87, 1328
2026/09/28 20:17:47.561, 3, 90.24, 1328
2026/09/28 20:17:47.764, 0, 170.22, 1328
2026/09/28 20:17:47.767, 1, 41.75, 1328
2026/09/28 20:17:47.773, 2, 37.43, 1328
2026/09/28 20:17:47.777, 3, 39.07, 1328
2026/09/28 20:17:47.980, 0, 174.87, 1328
2026/09/28 20:17:47.983, 1, 41.73, 1328
2026/09/28 20:17:47.986, 2, 36.94, 1328
2026/09/28 20:17:47.989, 3, 38.85, 1328
2026/09/28 20:17:48.192, 0, 42.00, 1328
2026/09/28 20:17:48.195, 1, 168.73, 1328
2026/09/28 20:17:48.198, 2, 37.19, 1328
2026/09/28 20:17:48.201, 3, 38.85, 1328
2026/09/28 20:17:48.404, 0, 41.79, 1328
2026/09/28 20:17:48.407, 1, 42.49, 1328
2026/09/28 20:17:48.413, 2, 147.13, 1328
2026/09/28 20:17:48.417, 3, 39.10, 1328
2026/09/28 20:17:48.620, 0, 41.52, 1328
2026/09/28 20:17:48.623, 1, 41.98, 1328
2026/09/28 20:17:48.626, 2, 37.91, 1328
2026/09/28 20:17:48.629, 3, 173.32, 1328
2026/09/28 20:17:48.831, 0, 107.69, 1328
2026/09/28 20:17:48.834, 1, 41.76, 1328
2026/09/28 20:17:48.837, 2, 37.43, 1328
2026/09/28 20:17:48.840, 3, 41.51, 1328
2026/09/28 20:17:49.043, 0, 72.38, 1328
2026/09/28 20:17:49.046, 1, 85.51, 1328
2026/09/28 20:17:49.049, 2, 62.22, 1328
2026/09/28 20:17:49.053, 3, 49.95, 1328
2026/09/28 20:17:49.258, 0, 49.99, 1328
2026/09/28 20:17:49.261, 1, 53.09, 1328
2026/09/28 20:17:49.264, 2, 55.99, 1328
2026/09/28 20:17:49.267, 3, 82.35, 1328
2026/09/28 20:17:49.470, 0, 85.26, 1328
2026/09/28 20:17:49.473, 1, 49.44, 1328
2026/09/28 20:17:49.476, 2, 43.22, 1328
2026/09/28 20:17:49.479, 3, 54.02, 1328
2026/09/28 20:17:49.682, 0, 65.18, 1328
2026/09/28 20:17:49.685, 1, 74.29, 1328
2026/09/28 20:17:49.688, 2, 76.40, 1328
2026/09/28 20:17:49.691, 3, 54.24, 1328
2026/09/28 20:17:49.894, 0, 49.01, 1328
2026/09/28 20:17:49.898, 1, 52.09, 1328
2026/09/28 20:17:49.901, 2, 53.57, 1328
2026/09/28 20:17:49.904, 3, 79.01, 1328
2026/09/28 20:17:50.107, 0, 86.29, 1328
2026/09/28 20:17:50.110, 1, 48.75, 1328
2026/09/28 20:17:50.113, 2, 43.95, 1328
2026/09/28 20:17:50.116, 3, 53.78, 1328
2026/09/28 20:17:50.319, 0, 63.42, 1328
2026/09/28 20:17:50.321, 1, 71.39, 1328
2026/09/28 20:17:50.324, 2, 78.05, 1328
2026/09/28 20:17:50.327, 3, 57.16, 1328
2026/09/28 20:17:50.530, 0, 48.55, 1328
2026/09/28 20:17:50.533, 1, 52.10, 1328
2026/09/28 20:17:50.536, 2, 52.85, 1328
2026/09/28 20:17:50.539, 3, 78.25, 1328
2026/09/28 20:17:50.742, 0, 93.27, 1328
2026/09/28 20:17:50.745, 1, 59.12, 1328
2026/09/28 20:17:50.748, 2, 42.74, 1328
2026/09/28 20:17:50.751, 3, 49.20, 1328
2026/09/28 20:17:50.957, 0, 57.42, 1328
2026/09/28 20:17:50.960, 1, 63.63, 1328
2026/09/28 20:17:50.963, 2, 72.31, 1328
2026/09/28 20:17:50.966, 3, 78.29, 1328
2026/09/28 20:17:51.169, 0, 47.31, 1328
2026/09/28 20:17:51.172, 1, 49.71, 1328
2026/09/28 20:17:51.175, 2, 49.71, 1328
2026/09/28 20:17:51.178, 3, 69.65, 1328
2026/09/28 20:17:51.381, 0, 84.39, 1328
2026/09/28 20:17:51.384, 1, 74.24, 1328
2026/09/28 20:17:51.387, 2, 41.53, 1328
2026/09/28 20:17:51.390, 3, 48.96, 1328
2026/09/28 20:17:51.593, 0, 54.78, 1328
2026/09/28 20:17:51.597, 1, 60.82, 1328
2026/09/28 20:17:51.600, 2, 66.56, 1328
2026/09/28 20:17:51.603, 3, 88.83, 1328
2026/09/28 20:17:51.806, 0, 54.54, 1328
2026/09/28 20:17:51.809, 1, 47.78, 1328
2026/09/28 20:17:51.813, 2, 46.57, 1328
2026/09/28 20:17:51.816, 3, 61.70, 1328
2026/09/28 20:17:52.018, 0, 81.27, 1328
2026/09/28 20:17:52.021, 1, 82.44, 1328
2026/09/28 20:17:52.024, 2, 47.06, 1328
2026/09/28 20:17:52.027, 3, 47.75, 1328
2026/09/28 20:17:52.230, 0, 52.12, 1328
2026/09/28 20:17:52.237, 1, 55.02, 1328
2026/09/28 20:17:52.239, 2, 59.33, 1328
2026/09/28 20:17:52.242, 3, 91.48, 1328
2026/09/28 20:17:52.445, 0, 77.36, 1328
2026/09/28 20:17:52.449, 1, 46.09, 1328
2026/09/28 20:17:52.452, 2, 44.19, 1328
2026/09/28 20:17:52.455, 3, 54.96, 1328
2026/09/28 20:17:52.658, 0, 64.63, 1328
2026/09/28 20:17:52.661, 1, 74.77, 1328
2026/09/28 20:17:52.664, 2, 77.62, 1328
2026/09/28 20:17:52.667, 3, 55.69, 1328
2026/09/28 20:17:52.870, 0, 47.81, 1328
2026/09/28 20:17:52.876, 1, 50.40, 1328
2026/09/28 20:17:52.879, 2, 51.16, 1328
2026/09/28 20:17:52.882, 3, 71.29, 1328
2026/09/28 20:17:53.085, 0, 91.28, 1328
2026/09/28 20:17:53.088, 1, 66.77, 1328
2026/09/28 20:17:53.092, 2, 42.26, 1328
2026/09/28 20:17:53.095, 3, 50.41, 1328
2026/09/28 20:17:53.298, 0, 57.67, 1328
2026/09/28 20:17:53.301, 1, 65.36, 1328
2026/09/28 20:17:53.304, 2, 73.51, 1328
2026/09/28 20:17:53.307, 3, 74.44, 1328
2026/09/28 20:17:53.510, 0, 62.49, 1328
2026/09/28 20:17:53.516, 1, 48.02, 1328
2026/09/28 20:17:53.519, 2, 47.33, 1328
2026/09/28 20:17:53.522, 3, 61.71, 1328
2026/09/28 20:17:53.725, 0, 76.45, 1328
2026/09/28 20:17:53.727, 1, 83.64, 1328
2026/09/28 20:17:53.732, 2, 64.88, 1328
2026/09/28 20:17:53.735, 3, 46.58, 1328
2026/09/28 20:17:53.938, 0, 53.08, 1328
2026/09/28 20:17:53.941, 1, 57.43, 1328
2026/09/28 20:17:53.943, 2, 61.26, 1328
2026/09/28 20:17:53.946, 3, 100.09, 1328
2026/09/28 20:17:54.149, 0, 81.50, 1328
2026/09/28 20:17:54.156, 1, 46.09, 1328
2026/09/28 20:17:54.158, 2, 44.18, 1328
2026/09/28 20:17:54.161, 3, 55.71, 1328
2026/09/28 20:17:54.364, 0, 66.64, 1328
2026/09/28 20:17:54.367, 1, 73.57, 1328
2026/09/28 20:17:54.371, 2, 81.46, 1328
2026/09/28 20:17:54.375, 3, 63.16, 1328
2026/09/28 20:17:54.578, 0, 49.22, 1328
2026/09/28 20:17:54.581, 1, 51.38, 1328
2026/09/28 20:17:54.583, 2, 52.85, 1328
2026/09/28 20:17:54.586, 3, 77.81, 1328
2026/09/28 20:17:54.789, 0, 84.11, 1328
2026/09/28 20:17:54.795, 1, 75.00, 1328
2026/09/28 20:17:54.798, 2, 41.77, 1328
2026/09/28 20:17:54.801, 3, 49.68, 1328
2026/09/28 20:17:55.004, 0, 59.57, 1328
2026/09/28 20:17:55.007, 1, 64.67, 1328
2026/09/28 20:17:55.011, 2, 70.42, 1328
2026/09/28 20:17:55.014, 3, 79.74, 1328
2026/09/28 20:17:55.217, 0, 47.08, 1328
2026/09/28 20:17:55.220, 1, 48.76, 1328
2026/09/28 20:17:55.223, 2, 49.23, 1328
2026/09/28 20:17:55.226, 3, 68.66, 1328
2026/09/28 20:17:55.429, 0, 83.92, 1328
2026/09/28 20:17:55.432, 1, 79.31, 1328
2026/09/28 20:17:55.435, 2, 41.77, 1328
2026/09/28 20:17:55.438, 3, 48.48, 1328
2026/09/28 20:17:55.641, 0, 55.98, 1328
2026/09/28 20:17:55.644, 1, 61.26, 1328
2026/09/28 20:17:55.647, 2, 68.94, 1328
2026/09/28 20:17:55.650, 3, 98.17, 1328
2026/09/28 20:17:55.855, 0, 67.04, 1328
2026/09/28 20:17:55.859, 1, 46.82, 1328
2026/09/28 20:17:55.862, 2, 45.85, 1328
2026/09/28 20:17:55.864, 3, 59.53, 1328
2026/09/28 20:17:56.067, 0, 76.43, 1328
2026/09/28 20:17:56.070, 1, 83.59, 1328
2026/09/28 20:17:56.075, 2, 61.98, 1328
2026/09/28 20:17:56.078, 3, 46.09, 1328
2026/09/28 20:17:56.281, 0, 52.12, 1328
2026/09/28 20:17:56.284, 1, 55.75, 1328
2026/09/28 20:17:56.287, 2, 60.05, 1328
2026/09/28 20:17:56.289, 3, 86.43, 1328
2026/09/28 20:17:56.494, 0, 93.51, 1328
2026/09/28 20:17:56.500, 1, 61.75, 1328
2026/09/28 20:17:56.503, 2, 42.50, 1328
2026/09/28 20:17:56.506, 3, 52.09, 1328
2026/09/28 20:17:56.709, 0, 60.09, 1328
2026/09/28 20:17:56.712, 1, 62.72, 1328
2026/09/28 20:17:56.717, 2, 70.14, 1328
2026/09/28 20:17:56.720, 3, 81.18, 1328
2026/09/28 20:17:56.923, 0, 47.05, 1328
2026/09/28 20:17:56.926, 1, 49.23, 1328
2026/09/28 20:17:56.929, 2, 48.26, 1328
2026/09/28 20:17:56.933, 3, 65.56, 1328
2026/09/28 20:17:57.136, 0, 73.35, 1328
2026/09/28 20:17:57.139, 1, 47.06, 1328
2026/09/28 20:17:57.142, 2, 45.15, 1328
2026/09/28 20:17:57.145, 3, 58.10, 1328
2026/09/28 20:17:57.347, 0, 69.25, 1328
2026/09/28 20:17:57.350, 1, 79.73, 1328
2026/09/28 20:17:57.353, 2, 67.53, 1328
2026/09/28 20:17:57.356, 3, 45.61, 1328
2026/09/28 20:17:57.559, 0, 50.70, 1328
2026/09/28 20:17:57.563, 1, 54.27, 1328
2026/09/28 20:17:57.566, 2, 57.19, 1328
2026/09/28 20:17:57.569, 3, 79.45, 1328
2026/09/28 20:17:57.774, 0, 89.59, 1328
2026/09/28 20:17:57.777, 1, 58.84, 1328
2026/09/28 20:17:57.780, 2, 42.98, 1328
2026/09/28 20:17:57.783, 3, 52.07, 1328
2026/09/28 20:17:57.986, 0, 67.08, 1328
2026/09/28 20:17:57.988, 1, 74.73, 1328
2026/09/28 20:17:57.991, 2, 73.75, 1328
2026/09/28 20:17:57.994, 3, 51.83, 1328
2026/09/28 20:17:58.197, 0, 49.49, 1328
2026/09/28 20:17:58.200, 1, 50.92, 1328
2026/09/28 20:17:58.206, 2, 48.53, 1328
2026/09/28 20:17:58.212, 3, 66.76, 1328
2026/09/28 20:17:58.415, 0, 80.49, 1328
2026/09/28 20:17:58.418, 1, 78.29, 1328
2026/09/28 20:17:58.421, 2, 45.13, 1328
2026/09/28 20:17:58.423, 3, 48.48, 1328
2026/09/28 20:17:58.626, 0, 55.01, 1328
2026/09/28 20:17:58.629, 1, 61.05, 1328
2026/09/28 20:17:58.632, 2, 68.25, 1328
2026/09/28 20:17:58.635, 3, 84.27, 1328
2026/09/28 20:17:58.838, 0, 51.15, 1328
2026/09/28 20:17:58.841, 1, 47.06, 1328
2026/09/28 20:17:58.847, 2, 44.67, 1328
2026/09/28 20:17:58.852, 3, 56.67, 1328
2026/09/28 20:17:59.055, 0, 72.38, 1328
2026/09/28 20:17:59.058, 1, 83.40, 1328
2026/09/28 20:17:59.060, 2, 62.47, 1328
2026/09/28 20:17:59.063, 3, 46.09, 1328
2026/09/28 20:17:59.267, 0, 50.94, 1328
2026/09/28 20:17:59.270, 1, 54.26, 1328
2026/09/28 20:17:59.273, 2, 57.19, 1328
2026/09/28 20:17:59.277, 3, 85.72, 1328
2026/09/28 20:17:59.480, 0, 82.70, 1328
2026/09/28 20:17:59.483, 1, 59.08, 1328
2026/09/28 20:17:59.488, 2, 42.74, 1328
2026/09/28 20:17:59.492, 3, 51.85, 1328
2026/09/28 20:17:59.695, 0, 60.08, 1328
2026/09/28 20:17:59.697, 1, 67.78, 1328
2026/09/28 20:17:59.700, 2, 77.86, 1328
2026/09/28 20:17:59.703, 3, 71.55, 1328
2026/09/28 20:17:59.906, 0, 48.26, 1328
2026/09/28 20:17:59.910, 1, 50.68, 1328
2026/09/28 20:17:59.912, 2, 50.67, 1328
2026/09/28 20:17:59.915, 3, 73.47, 1328
2026/09/28 20:18:00.118, 0, 95.00, 1328
2026/09/28 20:18:00.121, 1, 77.61, 1328
2026/09/28 20:18:00.127, 2, 47.30, 1328
2026/09/28 20:18:00.131, 3, 48.24, 1328
2026/09/28 20:18:00.334, 0, 56.01, 1328
2026/09/28 20:18:00.337, 1, 69.95, 1328
2026/09/28 20:18:00.340, 2, 80.94, 1328
2026/09/28 20:18:00.343, 3, 61.95, 1328
2026/09/28 20:18:00.546, 0, 48.29, 1328
2026/09/28 20:18:00.549, 1, 51.38, 1328
2026/09/28 20:18:00.552, 2, 51.64, 1328
2026/09/28 20:18:00.555, 3, 74.44, 1328
2026/09/28 20:18:00.758, 0, 92.79, 1328
2026/09/28 20:18:00.761, 1, 77.85, 1328
2026/09/28 20:18:00.767, 2, 50.19, 1328
2026/09/28 20:18:00.771, 3, 48.02, 1328
2026/09/28 20:18:00.974, 0, 56.74, 1328
2026/09/28 20:18:00.977, 1, 63.39, 1328
2026/09/28 20:18:00.980, 2, 72.59, 1328
2026/09/28 20:18:00.983, 3, 78.28, 1328
2026/09/28 20:18:01.186, 0, 47.30, 1328
2026/09/28 20:18:01.189, 1, 49.47, 1328
2026/09/28 20:18:01.192, 2, 49.95, 1328
2026/09/28 20:18:01.194, 3, 69.41, 1328
2026/09/28 20:18:01.397, 0, 84.17, 1328
2026/09/28 20:18:01.400, 1, 86.72, 1328
2026/09/28 20:18:01.407, 2, 59.57, 1328
2026/09/28 20:18:01.410, 3, 46.31, 1328
2026/09/28 20:18:01.613, 0, 51.91, 1328
2026/09/28 20:18:01.616, 1, 56.47, 1328
2026/09/28 20:18:01.619, 2, 61.29, 1328
2026/09/28 20:18:01.622, 3, 96.06, 1328
2026/09/28 20:18:01.825, 0, 74.04, 1328
2026/09/28 20:18:01.828, 1, 47.03, 1328
2026/09/28 20:18:01.831, 2, 45.39, 1328
2026/09/28 20:18:01.834, 3, 58.10, 1328
2026/09/28 20:18:02.037, 0, 69.93, 1328
2026/09/28 20:18:02.040, 1, 73.76, 1328
2026/09/28 20:18:02.046, 2, 82.43, 1328
2026/09/28 20:18:02.050, 3, 62.88, 1328
2026/09/28 20:18:02.253, 0, 49.70, 1328
2026/09/28 20:18:02.256, 1, 52.85, 1328
2026/09/28 20:18:02.259, 2, 54.81, 1328
2026/09/28 20:18:02.262, 3, 80.66, 1328
2026/09/28 20:18:02.465, 0, 41.80, 1328
2026/09/28 20:18:02.468, 1, 42.26, 1328
2026/09/28 20:18:02.471, 2, 37.45, 1328
2026/09/28 20:18:02.474, 3, 39.84, 1328
2026/09/28 20:18:02.677, 0, 158.64, 1328
2026/09/28 20:18:02.680, 1, 41.73, 1328
2026/09/28 20:18:02.686, 2, 37.19, 1328
2026/09/28 20:18:02.690, 3, 38.87, 1328
2026/09/28 20:18:02.893, 0, 41.77, 1328
2026/09/28 20:18:02.896, 1, 43.93, 1328
2026/09/28 20:18:02.899, 2, 144.52, 1328
2026/09/28 20:18:02.901, 3, 39.08, 1328
2026/09/28 20:18:03.104, 0, 41.52, 1328
2026/09/28 20:18:03.108, 1, 41.75, 1328
2026/09/28 20:18:03.111, 2, 37.43, 1328
2026/09/28 20:18:03.114, 3, 151.78, 1328
2026/09/28 20:18:03.317, 0, 70.69, 1328
2026/09/28 20:18:03.320, 1, 47.30, 1328
2026/09/28 20:18:03.325, 2, 43.46, 1328
2026/09/28 20:18:03.329, 3, 53.06, 1328
2026/09/28 20:18:03.533, 0, 60.76, 1328
2026/09/28 20:18:03.536, 1, 69.95, 1328
2026/09/28 20:18:03.539, 2, 82.24, 1328
2026/09/28 20:18:03.542, 3, 66.77, 1328
2026/09/28 20:18:03.744, 0, 48.75, 1328
2026/09/28 20:18:03.747, 1, 51.40, 1328
2026/09/28 20:18:03.750, 2, 52.60, 1328
2026/09/28 20:18:03.753, 3, 77.10, 1328
2026/09/28 20:18:03.956, 0, 87.47, 1328
2026/09/28 20:18:03.959, 1, 67.97, 1328
2026/09/28 20:18:03.965, 2, 41.77, 1328
2026/09/28 20:18:03.969, 3, 48.72, 1328
2026/09/28 20:18:04.172, 0, 57.67, 1328
2026/09/28 20:18:04.175, 1, 63.68, 1328
2026/09/28 20:18:04.178, 2, 70.38, 1328
2026/09/28 20:18:04.181, 3, 79.24, 1328
2026/09/28 20:18:04.384, 0, 47.07, 1328
2026/09/28 20:18:04.387, 1, 49.01, 1328
2026/09/28 20:18:04.390, 2, 48.51, 1328
2026/09/28 20:18:04.393, 3, 63.63, 1328
2026/09/28 20:18:04.597, 0, 75.92, 1328
2026/09/28 20:18:04.600, 1, 85.81, 1328
2026/09/28 20:18:04.605, 2, 63.42, 1328
2026/09/28 20:18:04.608, 3, 45.59, 1328
2026/09/28 20:18:04.811, 0, 51.21, 1328
2026/09/28 20:18:04.814, 1, 55.72, 1328
2026/09/28 20:18:04.817, 2, 59.57, 1328
2026/09/28 20:18:04.820, 3, 95.04, 1328
2026/09/28 20:18:05.023, 0, 45.39, 1328
2026/09/28 20:18:05.027, 1, 47.78, 1328
2026/09/28 20:18:05.030, 2, 47.54, 1328
2026/09/28 20:18:05.032, 3, 63.62, 1328
2026/09/28 20:18:05.236, 0, 83.14, 1328
2026/09/28 20:18:05.238, 1, 85.99, 1328
2026/09/28 20:18:05.244, 2, 62.71, 1328
2026/09/28 20:18:05.248, 3, 46.33, 1328
2026/09/28 20:18:05.451, 0, 52.38, 1328
2026/09/28 20:18:05.454, 1, 57.67, 1328
2026/09/28 20:18:05.457, 2, 61.50, 1328
2026/09/28 20:18:05.459, 3, 97.94, 1328
2026/09/28 20:18:05.662, 0, 70.90, 1328
2026/09/28 20:18:05.666, 1, 47.06, 1328
2026/09/28 20:18:05.669, 2, 45.39, 1328
2026/09/28 20:18:05.672, 3, 58.61, 1328
2026/09/28 20:18:05.875, 0, 74.28, 1328
2026/09/28 20:18:05.878, 1, 75.65, 1328
2026/09/28 20:18:05.884, 2, 74.43, 1328
2026/09/28 20:18:05.888, 3, 43.65, 1189
2026/09/28 20:18:06.091, 0, 55.77, 1328
2026/09/28 20:18:06.093, 1, 62.02, 1328
2026/09/28 20:18:06.096, 2, 68.25, 1328
2026/09/28 20:18:06.099, 3, 79.54, 1189
2026/09/28 20:18:06.305, 0, 47.34, 1328
2026/09/28 20:18:06.308, 1, 49.93, 1328
2026/09/28 20:18:06.311, 2, 49.71, 1328
2026/09/28 20:18:06.314, 3, 59.54, 1189
2026/09/28 20:18:06.517, 0, 81.94, 1328
2026/09/28 20:18:06.520, 1, 54.31, 1328
2026/09/28 20:18:06.524, 2, 42.74, 1328
2026/09/28 20:18:06.527, 3, 46.06, 1189
2026/09/28 20:18:06.730, 0, 72.38, 1328
2026/09/28 20:18:06.733, 1, 84.55, 1328
2026/09/28 20:18:06.736, 2, 58.84, 1328
2026/09/28 20:18:06.739, 3, 42.69, 1189
2026/09/28 20:18:06.945, 0, 53.36, 1328
2026/09/28 20:18:06.948, 1, 58.60, 1328
2026/09/28 20:18:06.951, 2, 62.98, 1328
2026/09/28 20:18:06.954, 3, 74.88, 1189
2026/09/28 20:18:07.157, 0, 48.75, 1328
2026/09/28 20:18:07.160, 1, 51.13, 1328
2026/09/28 20:18:07.163, 2, 50.92, 1328
2026/09/28 20:18:07.167, 3, 63.19, 1189
2026/09/28 20:18:07.370, 0, 82.42, 1328
2026/09/28 20:18:07.373, 1, 45.61, 1328
2026/09/28 20:18:07.376, 2, 43.22, 1328
2026/09/28 20:18:07.380, 3, 44.38, 1189
2026/09/28 20:18:07.585, 0, 68.73, 1328
2026/09/28 20:18:07.588, 1, 79.06, 1328
2026/09/28 20:18:07.591, 2, 69.65, 1328
2026/09/28 20:18:07.594, 3, 39.10, 1189
2026/09/28 20:18:07.797, 0, 55.25, 1328
2026/09/28 20:18:07.800, 1, 60.10, 1328
2026/09/28 20:18:07.803, 2, 64.43, 1328
2026/09/28 20:18:07.807, 3, 71.52, 1189
2026/09/28 20:18:08.010, 0, 48.29, 1328
2026/09/28 20:18:08.013, 1, 51.86, 1328
2026/09/28 20:18:08.016, 2, 52.60, 1328
2026/09/28 20:18:08.019, 3, 58.81, 1189
2026/09/28 20:18:08.225, 0, 86.32, 1328
2026/09/28 20:18:08.227, 1, 49.24, 1328
2026/09/28 20:18:08.230, 2, 43.46, 1328
2026/09/28 20:18:08.233, 3, 45.85, 1189
2026/09/28 20:18:08.436, 0, 72.82, 1328
2026/09/28 20:18:08.439, 1, 83.59, 1328
2026/09/28 20:18:08.442, 2, 64.88, 1328
2026/09/28 20:18:08.446, 3, 39.58, 1189
2026/09/28 20:18:08.649, 0, 55.98, 1328
2026/09/28 20:18:08.652, 1, 61.95, 1328
2026/09/28 20:18:08.655, 2, 68.48, 1328
2026/09/28 20:18:08.658, 3, 69.37, 1189
2026/09/28 20:18:08.861, 0, 48.04, 1328
2026/09/28 20:18:08.866, 1, 50.46, 1328
2026/09/28 20:18:08.869, 2, 50.68, 1328
2026/09/28 20:18:08.872, 3, 61.71, 1189
2026/09/28 20:18:09.075, 0, 69.49, 1328
2026/09/28 20:18:09.078, 1, 45.85, 1328
2026/09/28 20:18:09.082, 2, 43.70, 1328
2026/09/28 20:18:09.086, 3, 46.58, 1189
2026/09/28 20:18:09.289, 0, 80.25, 1328
2026/09/28 20:18:09.292, 1, 80.74, 1328
2026/09/28 20:18:09.295, 2, 45.34, 1328
2026/09/28 20:18:09.298, 3, 39.82, 1189
2026/09/28 20:18:09.504, 0, 56.70, 1328
2026/09/28 20:18:09.507, 1, 62.70, 1328
2026/09/28 20:18:09.510, 2, 68.25, 1328
2026/09/28 20:18:09.512, 3, 66.04, 1189
2026/09/28 20:18:09.715, 0, 49.00, 1328
2026/09/28 20:18:09.718, 1, 52.12, 1328
2026/09/28 20:18:09.722, 2, 52.37, 1328
2026/09/28 20:18:09.725, 3, 64.63, 1189
2026/09/28 20:18:09.929, 0, 70.41, 1328
2026/09/28 20:18:09.932, 1, 46.82, 1328
2026/09/28 20:18:09.935, 2, 44.91, 1328
2026/09/28 20:18:09.938, 3, 46.79, 1189
2026/09/28 20:18:10.144, 0, 77.65, 1328
2026/09/28 20:18:10.147, 1, 84.50, 1328
2026/09/28 20:18:10.149, 2, 50.92, 1328
2026/09/28 20:18:10.152, 3, 41.03, 1189
2026/09/28 20:18:10.355, 0, 59.12, 1328
2026/09/28 20:18:10.358, 1, 65.12, 1328
2026/09/28 20:18:10.361, 2, 71.35, 1328
2026/09/28 20:18:10.365, 3, 63.88, 1189
2026/09/28 20:18:10.568, 0, 49.49, 1328
2026/09/28 20:18:10.571, 1, 52.86, 1328
2026/09/28 20:18:10.574, 2, 54.06, 1328
2026/09/28 20:18:10.577, 3, 71.11, 1189
2026/09/28 20:18:10.780, 0, 74.04, 1328
2026/09/28 20:18:10.785, 1, 46.58, 1328
2026/09/28 20:18:10.788, 2, 44.91, 1328
2026/09/28 20:18:10.791, 3, 49.92, 1189
2026/09/28 20:18:10.994, 0, 86.32, 1328
2026/09/28 20:18:10.997, 1, 77.61, 1328
2026/09/28 20:18:11.001, 2, 45.37, 1328
2026/09/28 20:18:11.005, 3, 40.76, 1189
2026/09/28 20:18:11.208, 0, 60.80, 1328
2026/09/28 20:18:11.211, 1, 67.97, 1328
2026/09/28 20:18:11.214, 2, 79.31, 1328
2026/09/28 20:18:11.217, 3, 66.28, 1189
2026/09/28 20:18:11.423, 0, 48.99, 1328
2026/09/28 20:18:11.426, 1, 52.15, 1328
2026/09/28 20:18:11.429, 2, 53.57, 1328
2026/09/28 20:18:11.432, 3, 67.94, 1189
2026/09/28 20:18:11.635, 0, 66.56, 1328
2026/09/28 20:18:11.638, 1, 46.82, 1328
2026/09/28 20:18:11.641, 2, 43.22, 1328
2026/09/28 20:18:11.647, 3, 46.55, 1189
2026/09/28 20:18:11.850, 0, 74.28, 1328
2026/09/28 20:18:11.853, 1, 87.96, 1328
2026/09/28 20:18:11.856, 2, 58.61, 1328
2026/09/28 20:18:11.859, 3, 39.80, 1189
2026/09/28 20:18:12.063, 0, 58.63, 1328
2026/09/28 20:18:12.066, 1, 65.11, 1328
2026/09/28 20:18:12.068, 2, 75.00, 1328
2026/09/28 20:18:12.071, 3, 59.33, 1189
2026/09/28 20:18:12.274, 0, 50.67, 1328
2026/09/28 20:18:12.277, 1, 53.31, 1328
2026/09/28 20:18:12.281, 2, 55.02, 1328
2026/09/28 20:18:12.285, 3, 69.39, 1189
2026/09/28 20:18:12.488, 0, 49.71, 1328
2026/09/28 20:18:12.491, 1, 51.88, 1328
2026/09/28 20:18:12.493, 2, 53.81, 1328
2026/09/28 20:18:12.496, 3, 63.39, 1189
2026/09/28 20:18:12.702, 0, 81.22, 1328
2026/09/28 20:18:12.705, 1, 46.33, 1328
2026/09/28 20:18:12.708, 2, 44.19, 1328
2026/09/28 20:18:12.711, 3, 47.52, 1189
2026/09/28 20:18:12.914, 0, 79.53, 1328
2026/09/28 20:18:12.917, 1, 84.02, 1328
2026/09/28 20:18:12.921, 2, 53.81, 1328
2026/09/28 20:18:12.924, 3, 40.28, 1189
2026/09/28 20:18:13.127, 0, 59.84, 1328
2026/09/28 20:18:13.130, 1, 67.77, 1328
2026/09/28 20:18:13.133, 2, 77.86, 1328
2026/09/28 20:18:13.136, 3, 68.21, 1189
2026/09/28 20:18:13.342, 0, 50.46, 1328
2026/09/28 20:18:13.345, 1, 54.78, 1328
2026/09/28 20:18:13.348, 2, 53.81, 1328
2026/09/28 20:18:13.353, 3, 68.93, 1189
2026/09/28 20:18:13.556, 0, 39.62, 1189
2026/09/28 20:18:13.559, 1, 48.27, 1328
2026/09/28 20:18:13.562, 2, 47.81, 1328
2026/09/28 20:18:13.565, 3, 54.99, 1189
2026/09/28 20:18:13.768, 0, 61.53, 1189
2026/09/28 20:18:13.771, 1, 46.61, 1328
2026/09/28 20:18:13.774, 2, 44.43, 1328
2026/09/28 20:18:13.777, 3, 46.57, 1189
2026/09/28 20:18:13.981, 0, 76.42, 1189
2026/09/28 20:18:13.984, 1, 54.49, 1328
2026/09/28 20:18:13.988, 2, 41.77, 1328
2026/09/28 20:18:13.991, 3, 43.92, 1189
2026/09/28 20:18:14.194, 0, 68.73, 1189
2026/09/28 20:18:14.197, 1, 82.15, 1328
2026/09/28 20:18:14.200, 2, 47.78, 1328
2026/09/28 20:18:14.203, 3, 40.54, 1189
2026/09/28 20:18:14.406, 0, 58.16, 1189
2026/09/28 20:18:14.409, 1, 78.58, 1328
2026/09/28 20:18:14.412, 2, 69.41, 1328
2026/09/28 20:18:14.415, 3, 49.44, 1189
2026/09/28 20:18:14.621, 0, 46.84, 1189
2026/09/28 20:18:14.624, 1, 61.74, 1328
2026/09/28 20:18:14.627, 2, 69.90, 1328
2026/09/28 20:18:14.630, 3, 67.53, 1189
2026/09/28 20:18:14.833, 0, 43.68, 1189
2026/09/28 20:18:14.836, 1, 53.54, 1328
2026/09/28 20:18:14.840, 2, 55.74, 1328
2026/09/28 20:18:14.843, 3, 75.68, 1189
2026/09/28 20:18:15.046, 0, 41.28, 1189
2026/09/28 20:18:15.049, 1, 51.16, 1328
2026/09/28 20:18:15.052, 2, 52.85, 1328
2026/09/28 20:18:15.055, 3, 60.74, 1189
2026/09/28 20:18:15.261, 0, 51.92, 1189
2026/09/28 20:18:15.264, 1, 47.06, 1328
2026/09/28 20:18:15.267, 2, 45.88, 1328
2026/09/28 20:18:15.269, 3, 52.34, 1189
2026/09/28 20:18:15.472, 0, 69.99, 1189
2026/09/28 20:18:15.475, 1, 49.25, 1328
2026/09/28 20:18:15.480, 2, 42.74, 1328
2026/09/28 20:18:15.482, 3, 45.35, 1189
2026/09/28 20:18:15.685, 0, 70.21, 1189
2026/09/28 20:18:15.688, 1, 72.12, 1328
2026/09/28 20:18:15.691, 2, 41.29, 1328
2026/09/28 20:18:15.694, 3, 39.82, 1189
2026/09/28 20:18:15.900, 0, 57.40, 1189
2026/09/28 20:18:15.903, 1, 78.58, 1328
2026/09/28 20:18:15.906, 2, 71.15, 1328
2026/09/28 20:18:15.909, 3, 38.37, 1189
2026/09/28 20:18:16.112, 0, 51.64, 1189
2026/09/28 20:18:16.115, 1, 68.02, 1328
2026/09/28 20:18:16.119, 2, 76.89, 1328
2026/09/28 20:18:16.122, 3, 57.85, 1189
2026/09/28 20:18:16.325, 0, 48.28, 1189
2026/09/28 20:18:16.328, 1, 55.78, 1189
2026/09/28 20:18:16.331, 2, 74.23, 1328
2026/09/28 20:18:16.337, 3, 70.31, 1189
2026/09/28 20:18:16.540, 0, 44.91, 1189
2026/09/28 20:18:16.543, 1, 49.96, 1189
2026/09/28 20:18:16.546, 2, 64.43, 1328
2026/09/28 20:18:16.549, 3, 76.36, 1189
2026/09/28 20:18:16.752, 0, 44.70, 1189
2026/09/28 20:18:16.755, 1, 48.54, 1189
2026/09/28 20:18:16.759, 2, 59.61, 1328
2026/09/28 20:18:16.762, 3, 81.62, 1189
2026/09/28 20:18:16.965, 0, 44.40, 1189
2026/09/28 20:18:16.968, 1, 49.69, 1189
2026/09/28 20:18:16.971, 2, 61.26, 1328
2026/09/28 20:18:16.974, 3, 77.33, 1189
2026/09/28 20:18:17.180, 0, 42.30, 1189
2026/09/28 20:18:17.183, 1, 46.34, 1189
2026/09/28 20:18:17.186, 2, 55.74, 1328
2026/09/28 20:18:17.188, 3, 75.97, 1189
2026/09/28 20:18:17.391, 0, 41.79, 1189
2026/09/28 20:18:17.394, 1, 44.89, 1189
2026/09/28 20:18:17.399, 2, 52.85, 1328
2026/09/28 20:18:17.402, 3, 68.21, 1189
2026/09/28 20:18:17.605, 0, 41.29, 1189
2026/09/28 20:18:17.608, 1, 44.92, 1189
2026/09/28 20:18:17.611, 2, 52.37, 1328
2026/09/28 20:18:17.614, 3, 60.26, 1189
2026/09/28 20:18:17.819, 0, 39.86, 1189
2026/09/28 20:18:17.823, 1, 42.99, 1189
2026/09/28 20:18:17.825, 2, 49.02, 1328
2026/09/28 20:18:17.828, 3, 57.65, 1189
2026/09/28 20:18:18.032, 0, 39.88, 1189
2026/09/28 20:18:18.035, 1, 42.49, 1189
2026/09/28 20:18:18.038, 2, 49.98, 1328
2026/09/28 20:18:18.041, 3, 59.82, 1189
2026/09/28 20:18:18.244, 0, 39.63, 1189
2026/09/28 20:18:18.247, 1, 42.48, 1189
2026/09/28 20:18:18.250, 2, 49.23, 1328
2026/09/28 20:18:18.253, 3, 57.88, 1189
2026/09/28 20:18:18.456, 0, 39.62, 1189
2026/09/28 20:18:18.459, 1, 42.50, 1189
2026/09/28 20:18:18.461, 2, 48.75, 1328
2026/09/28 20:18:18.464, 3, 58.12, 1189
2026/09/28 20:18:18.667, 0, 39.14, 1189
2026/09/28 20:18:18.670, 1, 42.75, 1189
2026/09/28 20:18:18.673, 2, 48.30, 1328
2026/09/28 20:18:18.676, 3, 56.68, 1189
2026/09/28 20:18:18.879, 0, 39.38, 1189
2026/09/28 20:18:18.882, 1, 42.25, 1189
2026/09/28 20:18:18.885, 2, 47.78, 1328
2026/09/28 20:18:18.888, 3, 54.99, 1189
2026/09/28 20:18:19.091, 0, 135.90, 1189
2026/09/28 20:18:19.094, 1, 36.71, 1189
2026/09/28 20:18:19.098, 2, 32.13, 1189
2026/09/28 20:18:19.100, 3, 33.79, 1189
2026/09/28 20:18:19.303, 0, 179.80, 1328
2026/09/28 20:18:19.308, 1, 36.68, 1189
2026/09/28 20:18:19.311, 2, 32.60, 1189
2026/09/28 20:18:19.314, 3, 33.78, 1189
2026/09/28 20:18:19.518, 0, 187.47, 1328
2026/09/28 20:18:19.521, 1, 36.68, 1189
2026/09/28 20:18:19.524, 2, 32.62, 1189
2026/09/28 20:18:19.527, 3, 33.54, 1189
2026/09/28 20:18:19.730, 0, 190.48, 1328
2026/09/28 20:18:19.733, 1, 36.68, 1189
2026/09/28 20:18:19.737, 2, 32.60, 1189
2026/09/28 20:18:19.740, 3, 33.54, 1189
2026/09/28 20:18:19.943, 0, 189.06, 1328
2026/09/28 20:18:19.946, 1, 36.44, 1189
2026/09/28 20:18:19.949, 2, 32.60, 1189
2026/09/28 20:18:19.952, 3, 33.54, 1189
2026/09/28 20:18:20.155, 0, 42.74, 1328
2026/09/28 20:18:20.158, 1, 139.15, 1189
2026/09/28 20:18:20.161, 2, 32.62, 1189
2026/09/28 20:18:20.163, 3, 33.55, 1189
2026/09/28 20:18:20.366, 0, 42.01, 1328
2026/09/28 20:18:20.372, 1, 169.93, 1328
2026/09/28 20:18:20.377, 2, 32.62, 1189
2026/09/28 20:18:20.380, 3, 33.54, 1189
2026/09/28 20:18:20.582, 0, 41.76, 1328
2026/09/28 20:18:20.585, 1, 177.10, 1328
2026/09/28 20:18:20.588, 2, 32.62, 1189
2026/09/28 20:18:20.591, 3, 33.54, 1189
2026/09/28 20:18:20.891, 0, 41.53, 1328
2026/09/28 20:18:20.894, 1, 43.44, 1328
2026/09/28 20:18:20.897, 2, 128.32, 1189
2026/09/28 20:18:20.900, 3, 34.03, 1189
2026/09/28 20:18:21.103, 0, 41.31, 1328
2026/09/28 20:18:21.107, 1, 42.26, 1328
2026/09/28 20:18:21.110, 2, 156.27, 1316
2026/09/28 20:18:21.113, 3, 33.31, 1189
2026/09/28 20:18:21.316, 0, 41.31, 1328
2026/09/28 20:18:21.319, 1, 42.02, 1328
2026/09/28 20:18:21.321, 2, 163.95, 1328
2026/09/28 20:18:21.324, 3, 33.55, 1189
2026/09/28 20:18:21.527, 0, 41.31, 1328
2026/09/28 20:18:21.530, 1, 42.00, 1328
2026/09/28 20:18:21.536, 2, 163.13, 1328
2026/09/28 20:18:21.541, 3, 33.55, 1189
2026/09/28 20:18:21.746, 0, 41.29, 1328
2026/09/28 20:18:21.749, 1, 41.75, 1328
2026/09/28 20:18:21.752, 2, 38.63, 1328
2026/09/28 20:18:21.755, 3, 142.18, 1189
2026/09/28 20:18:21.958, 0, 41.28, 1328
2026/09/28 20:18:21.961, 1, 41.74, 1328
2026/09/28 20:18:21.964, 2, 37.91, 1328
2026/09/28 20:18:21.967, 3, 167.80, 1316
2026/09/28 20:18:22.170, 0, 41.04, 1328
2026/09/28 20:18:22.173, 1, 41.51, 1328
2026/09/28 20:18:22.176, 2, 37.43, 1328
2026/09/28 20:18:22.181, 3, 183.52, 1328
2026/09/28 20:18:22.386, 0, 41.02, 1328
2026/09/28 20:18:22.389, 1, 41.27, 1328
2026/09/28 20:18:22.392, 2, 37.18, 1328
2026/09/28 20:18:22.395, 3, 160.00, 1328
2026/09/28 20:18:22.598, 0, 189.30, 1328
2026/09/28 20:18:22.604, 1, 41.74, 1328
2026/09/28 20:18:22.606, 2, 37.43, 1328
2026/09/28 20:18:22.609, 3, 39.80, 1328
2026/09/28 20:18:22.812, 0, 186.99, 1328
2026/09/28 20:18:22.815, 1, 41.72, 1328
2026/09/28 20:18:22.818, 2, 37.19, 1328
2026/09/28 20:18:22.821, 3, 39.07, 1328
2026/09/28 20:18:23.026, 0, 187.86, 1328
2026/09/28 20:18:23.029, 1, 41.49, 1328
2026/09/28 20:18:23.035, 2, 37.19, 1328
2026/09/28 20:18:23.040, 3, 39.07, 1328
2026/09/28 20:18:23.246, 0, 182.94, 1328
2026/09/28 20:18:23.249, 1, 41.50, 1328
2026/09/28 20:18:23.252, 2, 37.18, 1328
2026/09/28 20:18:23.254, 3, 39.07, 1328
2026/09/28 20:18:23.457, 0, 43.20, 1328
2026/09/28 20:18:23.460, 1, 171.98, 1328
2026/09/28 20:18:23.463, 2, 37.19, 1328
2026/09/28 20:18:23.466, 3, 38.82, 1328
2026/09/28 20:18:23.669, 0, 42.22, 1328
2026/09/28 20:18:23.672, 1, 174.86, 1328
2026/09/28 20:18:23.675, 2, 37.19, 1328
2026/09/28 20:18:23.680, 3, 38.83, 1328
2026/09/28 20:18:23.885, 0, 41.98, 1328
2026/09/28 20:18:23.888, 1, 172.70, 1328
2026/09/28 20:18:23.891, 2, 37.19, 1328
2026/09/28 20:18:23.894, 3, 38.82, 1328
2026/09/28 20:18:24.097, 0, 41.74, 1328
2026/09/28 20:18:24.100, 1, 172.81, 1328
2026/09/28 20:18:24.103, 2, 37.19, 1328
2026/09/28 20:18:24.106, 3, 38.85, 1328
2026/09/28 20:18:24.309, 0, 41.77, 1328
2026/09/28 20:18:24.311, 1, 42.74, 1328
2026/09/28 20:18:24.315, 2, 174.05, 1328
2026/09/28 20:18:24.319, 3, 38.61, 1328
2026/09/28 20:18:24.525, 0, 41.53, 1328
2026/09/28 20:18:24.527, 1, 42.02, 1328
2026/09/28 20:18:24.530, 2, 166.49, 1328
2026/09/28 20:18:24.533, 3, 38.86, 1328
2026/09/28 20:18:24.736, 0, 41.29, 1328
2026/09/28 20:18:24.739, 1, 42.02, 1328
2026/09/28 20:18:24.742, 2, 168.89, 1328
2026/09/28 20:18:24.745, 3, 38.62, 1328
2026/09/28 20:18:24.948, 0, 41.50, 1328
2026/09/28 20:18:24.951, 1, 41.73, 1328
2026/09/28 20:18:24.955, 2, 41.53, 1328
2026/09/28 20:18:24.959, 3, 176.19, 1328
2026/09/28 20:18:25.164, 0, 41.29, 1328
2026/09/28 20:18:25.167, 1, 41.75, 1328
2026/09/28 20:18:25.171, 2, 37.91, 1328
2026/09/28 20:18:25.174, 3, 179.07, 1328
2026/09/28 20:18:25.377, 0, 41.28, 1328
2026/09/28 20:18:25.380, 1, 41.51, 1328
2026/09/28 20:18:25.382, 2, 37.67, 1328
2026/09/28 20:18:25.385, 3, 178.26, 1328
2026/09/28 20:18:25.588, 0, 41.26, 1328
2026/09/28 20:18:25.591, 1, 41.51, 1328
2026/09/28 20:18:25.595, 2, 37.43, 1328
2026/09/28 20:18:25.598, 3, 41.48, 1328
2026/09/28 20:18:25.880, 0, 180.90, 1328
2026/09/28 20:18:25.885, 1, 41.74, 1328
2026/09/28 20:18:25.888, 2, 37.43, 1328
2026/09/28 20:18:25.891, 3, 38.83, 1328
2026/09/28 20:18:26.096, 0, 184.27, 1328
2026/09/28 20:18:26.099, 1, 41.51, 1328
2026/09/28 20:18:26.102, 2, 37.43, 1328
2026/09/28 20:18:26.105, 3, 38.35, 1328
2026/09/28 20:18:26.308, 0, 183.79, 1328
2026/09/28 20:18:26.311, 1, 41.51, 1328
2026/09/28 20:18:26.315, 2, 37.19, 1328
2026/09/28 20:18:26.318, 3, 38.35, 1328
2026/09/28 20:18:26.521, 0, 43.91, 1328
2026/09/28 20:18:26.524, 1, 180.03, 1328
2026/09/28 20:18:26.527, 2, 37.19, 1328
2026/09/28 20:18:26.530, 3, 38.35, 1328
2026/09/28 20:18:26.736, 0, 42.22, 1328
2026/09/28 20:18:26.739, 1, 172.55, 1328
2026/09/28 20:18:26.742, 2, 37.19, 1328
2026/09/28 20:18:26.745, 3, 38.11, 1328
2026/09/28 20:18:26.948, 0, 41.98, 1328
2026/09/28 20:18:26.951, 1, 173.18, 1328
2026/09/28 20:18:26.954, 2, 37.19, 1328
2026/09/28 20:18:26.957, 3, 38.34, 1328
2026/09/28 20:18:27.160, 0, 41.74, 1328
2026/09/28 20:18:27.164, 1, 182.91, 1328
2026/09/28 20:18:27.167, 2, 37.18, 1328
2026/09/28 20:18:27.170, 3, 38.10, 1328
2026/09/28 20:18:27.375, 0, 41.77, 1328
2026/09/28 20:18:27.378, 1, 42.96, 1328
2026/09/28 20:18:27.381, 2, 166.48, 1328
2026/09/28 20:18:27.384, 3, 38.13, 1328
2026/09/28 20:18:27.587, 0, 41.53, 1328
2026/09/28 20:18:27.590, 1, 42.47, 1328
2026/09/28 20:18:27.593, 2, 168.88, 1328
2026/09/28 20:18:27.597, 3, 38.13, 1328
2026/09/28 20:18:27.800, 0, 41.53, 1328
2026/09/28 20:18:27.804, 1, 42.23, 1328
2026/09/28 20:18:27.807, 2, 166.24, 1328
2026/09/28 20:18:27.809, 3, 38.13, 1328
2026/09/28 20:18:28.016, 0, 41.28, 1328
2026/09/28 20:18:28.024, 1, 41.73, 1328
2026/09/28 20:18:28.027, 2, 64.87, 1328
2026/09/28 20:18:28.030, 3, 155.92, 1328
2026/09/28 20:18:28.236, 0, 41.52, 1328
2026/09/28 20:18:28.238, 1, 41.72, 1328
2026/09/28 20:18:28.244, 2, 37.91, 1328
2026/09/28 20:18:28.247, 3, 182.30, 1328
2026/09/28 20:18:28.450, 0, 41.26, 1328
2026/09/28 20:18:28.453, 1, 41.72, 1328
2026/09/28 20:18:28.455, 2, 37.67, 1328
2026/09/28 20:18:28.458, 3, 181.62, 1328
2026/09/28 20:18:28.661, 0, 41.50, 1328
2026/09/28 20:18:28.664, 1, 41.48, 1328
2026/09/28 20:18:28.667, 2, 37.42, 1328
2026/09/28 20:18:28.670, 3, 179.46, 1328
2026/09/28 20:18:28.876, 0, 181.86, 1328
2026/09/28 20:18:28.879, 1, 41.72, 1328
2026/09/28 20:18:28.882, 2, 37.42, 1328
2026/09/28 20:18:28.885, 3, 40.03, 1328
2026/09/28 20:18:29.088, 0, 180.90, 1328
2026/09/28 20:18:29.091, 1, 41.72, 1328
2026/09/28 20:18:29.094, 2, 37.43, 1328
2026/09/28 20:18:29.096, 3, 39.31, 1328
2026/09/28 20:18:29.300, 0, 181.14, 1328
2026/09/28 20:18:29.303, 1, 41.48, 1328
2026/09/28 20:18:29.306, 2, 37.43, 1328
2026/09/28 20:18:29.309, 3, 39.07, 1328
2026/09/28 20:18:29.512, 0, 43.43, 1328
2026/09/28 20:18:29.515, 1, 170.78, 1328
2026/09/28 20:18:29.517, 2, 37.19, 1328
2026/09/28 20:18:29.520, 3, 38.82, 1328
2026/09/28 20:18:29.723, 0, 42.47, 1328
2026/09/28 20:18:29.726, 1, 182.91, 1328
2026/09/28 20:18:29.731, 2, 37.18, 1328
2026/09/28 20:18:29.736, 3, 38.82, 1328
2026/09/28 20:18:29.938, 0, 41.98, 1328
2026/09/28 20:18:29.943, 1, 172.22, 1328
2026/09/28 20:18:29.946, 2, 37.42, 1328
2026/09/28 20:18:29.949, 3, 38.82, 1328
2026/09/28 20:18:30.152, 0, 41.77, 1328
2026/09/28 20:18:30.155, 1, 123.18, 1328
2026/09/28 20:18:30.158, 2, 84.99, 1328
2026/09/28 20:18:30.161, 3, 38.85, 1328
2026/09/28 20:18:30.364, 0, 41.77, 1328
2026/09/28 20:18:30.367, 1, 42.96, 1328
2026/09/28 20:18:30.371, 2, 174.86, 1328
2026/09/28 20:18:30.375, 3, 38.85, 1328
2026/09/28 20:18:30.578, 0, 41.53, 1328
2026/09/28 20:18:30.583, 1, 42.23, 1328
2026/09/28 20:18:30.586, 2, 165.04, 1328
2026/09/28 20:18:30.589, 3, 38.86, 1328
2026/09/28 20:18:30.795, 0, 41.29, 1328
2026/09/28 20:18:30.798, 1, 41.99, 1328
2026/09/28 20:18:30.801, 2, 165.76, 1328
2026/09/28 20:18:30.804, 3, 38.86, 1328
2026/09/28 20:18:31.007, 0, 41.29, 1328
2026/09/28 20:18:31.010, 1, 41.96, 1328
2026/09/28 20:18:31.013, 2, 39.11, 1328
2026/09/28 20:18:31.016, 3, 185.80, 1328
2026/09/28 20:18:31.218, 0, 41.26, 1328
2026/09/28 20:18:31.223, 1, 41.72, 1328
2026/09/28 20:18:31.226, 2, 37.91, 1328
2026/09/28 20:18:31.229, 3, 183.05, 1328
2026/09/28 20:18:31.435, 0, 41.28, 1328
2026/09/28 20:18:31.438, 1, 41.72, 1328
2026/09/28 20:18:31.441, 2, 37.67, 1328
2026/09/28 20:18:31.444, 3, 183.60, 1328
2026/09/28 20:18:31.647, 0, 109.76, 1328
2026/09/28 20:18:31.650, 1, 41.75, 1328
2026/09/28 20:18:31.653, 2, 37.42, 1328
2026/09/28 20:18:31.656, 3, 50.38, 1328
2026/09/28 20:18:31.859, 0, 181.15, 1328
2026/09/28 20:18:31.863, 1, 41.50, 1328
2026/09/28 20:18:31.866, 2, 37.19, 1328
2026/09/28 20:18:31.869, 3, 39.82, 1328
2026/09/28 20:18:32.075, 0, 183.55, 1328
2026/09/28 20:18:32.078, 1, 41.48, 1328
2026/09/28 20:18:32.081, 2, 37.43, 1328
2026/09/28 20:18:32.084, 3, 39.31, 1328
2026/09/28 20:18:32.287, 0, 178.60, 1328
2026/09/28 20:18:32.290, 1, 41.51, 1328
2026/09/28 20:18:32.293, 2, 37.19, 1328
2026/09/28 20:18:32.296, 3, 39.07, 1328
2026/09/28 20:18:32.499, 0, 43.19, 1328
2026/09/28 20:18:32.503, 1, 170.41, 1328
2026/09/28 20:18:32.506, 2, 37.19, 1328
2026/09/28 20:18:32.509, 3, 38.83, 1328
2026/09/28 20:18:32.714, 0, 42.22, 1328
2026/09/28 20:18:32.717, 1, 180.84, 1328
2026/09/28 20:18:32.720, 2, 37.19, 1328
2026/09/28 20:18:32.723, 3, 38.83, 1328
2026/09/28 20:18:32.926, 0, 41.98, 1328
2026/09/28 20:18:32.929, 1, 177.50, 1328
2026/09/28 20:18:32.932, 2, 37.19, 1328
2026/09/28 20:18:32.935, 3, 38.82, 1328
2026/09/28 20:18:33.138, 0, 41.98, 1328
2026/09/28 20:18:33.143, 1, 150.50, 1328
2026/09/28 20:18:33.145, 2, 47.52, 1328
2026/09/28 20:18:33.148, 3, 38.83, 1328
2026/09/28 20:18:33.354, 0, 41.53, 1328
2026/09/28 20:18:33.357, 1, 42.71, 1328
2026/09/28 20:18:33.360, 2, 173.33, 1328
2026/09/28 20:18:33.362, 3, 38.85, 1328
2026/09/28 20:18:33.565, 0, 41.53, 1328
2026/09/28 20:18:33.568, 1, 42.48, 1328
2026/09/28 20:18:33.571, 2, 165.77, 1328
2026/09/28 20:18:33.574, 3, 38.86, 1328
2026/09/28 20:18:33.777, 0, 41.53, 1328
2026/09/28 20:18:33.782, 1, 42.01, 1328
2026/09/28 20:18:33.785, 2, 169.35, 1328
2026/09/28 20:18:33.788, 3, 38.61, 1328
2026/09/28 20:18:33.993, 0, 41.26, 1328
2026/09/28 20:18:33.996, 1, 41.73, 1328
2026/09/28 20:18:33.999, 2, 40.08, 1328
2026/09/28 20:18:34.002, 3, 174.76, 1328
2026/09/28 20:18:34.205, 0, 41.50, 1328
2026/09/28 20:18:34.208, 1, 41.75, 1328
2026/09/28 20:18:34.211, 2, 37.91, 1328
2026/09/28 20:18:34.214, 3, 193.42, 1328
2026/09/28 20:18:34.417, 0, 41.27, 1328
2026/09/28 20:18:34.422, 1, 41.72, 1328
2026/09/28 20:18:34.425, 2, 37.67, 1328
2026/09/28 20:18:34.428, 3, 191.98, 1328
2026/09/28 20:18:34.633, 0, 41.29, 1328
2026/09/28 20:18:34.636, 1, 41.78, 1328
2026/09/28 20:18:34.639, 2, 37.45, 1328
2026/09/28 20:18:34.642, 3, 88.17, 1328
2026/09/28 20:18:34.845, 0, 185.70, 1328
2026/09/28 20:18:34.848, 1, 41.72, 1328
2026/09/28 20:18:34.851, 2, 37.43, 1328
2026/09/28 20:18:34.854, 3, 39.80, 1328
2026/09/28 20:18:35.057, 0, 181.62, 1328
2026/09/28 20:18:35.061, 1, 41.48, 1328
2026/09/28 20:18:35.064, 2, 37.43, 1328
2026/09/28 20:18:35.067, 3, 39.31, 1328
2026/09/28 20:18:35.273, 0, 182.83, 1328
2026/09/28 20:18:35.276, 1, 41.48, 1328
2026/09/28 20:18:35.279, 2, 37.43, 1328
2026/09/28 20:18:35.282, 3, 39.06, 1328
2026/09/28 20:18:35.485, 0, 196.62, 1328
2026/09/28 20:18:35.488, 1, 41.47, 1328
2026/09/28 20:18:35.490, 2, 37.18, 1328
2026/09/28 20:18:35.493, 3, 38.82, 1328
2026/09/28 20:18:35.696, 0, 43.19, 1328
2026/09/28 20:18:35.701, 1, 167.44, 1328
2026/09/28 20:18:35.704, 2, 37.18, 1328
2026/09/28 20:18:35.707, 3, 38.82, 1328
2026/09/28 20:18:35.912, 0, 42.47, 1328
2026/09/28 20:18:35.915, 1, 177.02, 1328
2026/09/28 20:18:35.918, 2, 37.19, 1328
2026/09/28 20:18:35.921, 3, 38.83, 1328
2026/09/28 20:18:36.124, 0, 42.00, 1328
2026/09/28 20:18:36.127, 1, 178.22, 1328
2026/09/28 20:18:36.130, 2, 37.19, 1328
2026/09/28 20:18:36.133, 3, 38.83, 1328
2026/09/28 20:18:36.336, 0, 41.74, 1328
2026/09/28 20:18:36.341, 1, 175.58, 1328
2026/09/28 20:18:36.343, 2, 37.19, 1328
2026/09/28 20:18:36.347, 3, 38.83, 1328
2026/09/28 20:18:36.552, 0, 41.79, 1328
2026/09/28 20:18:36.555, 1, 43.20, 1328
2026/09/28 20:18:36.558, 2, 163.60, 1328
2026/09/28 20:18:36.561, 3, 38.85, 1328
2026/09/28 20:18:36.764, 0, 41.53, 1328
2026/09/28 20:18:36.767, 1, 42.47, 1328
2026/09/28 20:18:36.770, 2, 168.89, 1328
2026/09/28 20:18:36.773, 3, 38.61, 1328
2026/09/28 20:18:36.975, 0, 41.53, 1328
2026/09/28 20:18:36.980, 1, 42.23, 1328
2026/09/28 20:18:36.983, 2, 166.24, 1328
2026/09/28 20:18:36.986, 3, 38.85, 1328
2026/09/28 20:18:37.191, 0, 41.53, 1328
2026/09/28 20:18:37.194, 1, 42.01, 1328
2026/09/28 20:18:37.197, 2, 165.29, 1328
2026/09/28 20:18:37.200, 3, 38.86, 1328
2026/09/28 20:18:37.404, 0, 41.52, 1328
2026/09/28 20:18:37.407, 1, 41.99, 1328
2026/09/28 20:18:37.410, 2, 38.15, 1328
2026/09/28 20:18:37.412, 3, 177.63, 1328
2026/09/28 20:18:37.616, 0, 41.52, 1328
2026/09/28 20:18:37.620, 1, 41.75, 1328
2026/09/28 20:18:37.623, 2, 37.67, 1328
2026/09/28 20:18:37.626, 3, 179.31, 1328
2026/09/28 20:18:37.831, 0, 41.26, 1328
2026/09/28 20:18:37.834, 1, 41.75, 1328
2026/09/28 20:18:37.837, 2, 37.67, 1328
2026/09/28 20:18:37.840, 3, 179.46, 1328
2026/09/28 20:18:38.043, 0, 180.43, 1328
2026/09/28 20:18:38.046, 1, 41.50, 1328
2026/09/28 20:18:38.049, 2, 37.43, 1328
2026/09/28 20:18:38.052, 3, 40.27, 1328
2026/09/28 20:18:38.255, 0, 181.40, 1328
2026/09/28 20:18:38.260, 1, 41.74, 1328
2026/09/28 20:18:38.263, 2, 37.43, 1328
2026/09/28 20:18:38.265, 3, 39.55, 1328
2026/09/28 20:18:38.471, 0, 182.35, 1328
2026/09/28 20:18:38.474, 1, 41.72, 1328
2026/09/28 20:18:38.477, 2, 37.43, 1328
2026/09/28 20:18:38.480, 3, 39.31, 1328
2026/09/28 20:18:38.683, 0, 186.31, 1328
2026/09/28 20:18:38.686, 1, 41.72, 1328
2026/09/28 20:18:38.689, 2, 37.42, 1328
2026/09/28 20:18:38.692, 3, 39.06, 1328
2026/09/28 20:18:38.895, 0, 81.94, 1328
2026/09/28 20:18:38.899, 1, 146.29, 1328
2026/09/28 20:18:38.902, 2, 37.18, 1328
2026/09/28 20:18:38.905, 3, 38.82, 1328
2026/09/28 20:18:39.111, 0, 42.95, 1328
2026/09/28 20:18:39.114, 1, 172.79, 1328
2026/09/28 20:18:39.117, 2, 37.43, 1328
2026/09/28 20:18:39.119, 3, 38.83, 1328
2026/09/28 20:18:39.322, 0, 42.49, 1328
2026/09/28 20:18:39.325, 1, 173.42, 1328
2026/09/28 20:18:39.328, 2, 37.19, 1328
2026/09/28 20:18:39.331, 3, 38.83, 1328
2026/09/28 20:18:39.534, 0, 42.01, 1328
2026/09/28 20:18:39.539, 1, 168.24, 1328
2026/09/28 20:18:39.542, 2, 37.19, 1328
2026/09/28 20:18:39.544, 3, 38.85, 1328
2026/09/28 20:18:39.750, 0, 41.77, 1328
2026/09/28 20:18:39.754, 1, 43.92, 1328
2026/09/28 20:18:39.757, 2, 170.46, 1328
2026/09/28 20:18:39.760, 3, 38.85, 1328
2026/09/28 20:18:39.962, 0, 41.53, 1328
2026/09/28 20:18:39.965, 1, 42.71, 1328
2026/09/28 20:18:39.968, 2, 167.68, 1328
2026/09/28 20:18:39.974, 3, 38.85, 1328
2026/09/28 20:18:40.177, 0, 41.55, 1328
2026/09/28 20:18:40.180, 1, 42.49, 1328
2026/09/28 20:18:40.183, 2, 166.00, 1328
2026/09/28 20:18:40.186, 3, 38.62, 1328
2026/09/28 20:18:40.390, 0, 41.53, 1328
2026/09/28 20:18:40.393, 1, 42.23, 1328
2026/09/28 20:18:40.396, 2, 164.56, 1328
2026/09/28 20:18:40.399, 3, 38.86, 1328
2026/09/28 20:18:40.602, 0, 41.52, 1328
2026/09/28 20:18:40.605, 1, 41.75, 1328
2026/09/28 20:18:40.608, 2, 38.63, 1328
2026/09/28 20:18:40.611, 3, 169.27, 1328
2026/09/28 20:18:40.814, 0, 41.52, 1328
2026/09/28 20:18:40.818, 1, 41.73, 1328
2026/09/28 20:18:40.821, 2, 37.91, 1328
2026/09/28 20:18:40.824, 3, 185.69, 1328
2026/09/28 20:18:41.030, 0, 41.50, 1328
2026/09/28 20:18:41.033, 1, 41.73, 1328
2026/09/28 20:18:41.036, 2, 37.67, 1328
2026/09/28 20:18:41.039, 3, 183.77, 1328
2026/09/28 20:18:41.242, 0, 180.20, 1328
2026/09/28 20:18:41.245, 1, 41.75, 1328
2026/09/28 20:18:41.248, 2, 37.67, 1328
2026/09/28 20:18:41.251, 3, 40.52, 1328
2026/09/28 20:18:41.454, 0, 183.41, 1328
2026/09/28 20:18:41.458, 1, 41.75, 1328
2026/09/28 20:18:41.461, 2, 37.43, 1328
2026/09/28 20:18:41.464, 3, 39.80, 1328
2026/09/28 20:18:41.667, 0, 190.27, 1328
2026/09/28 20:18:41.670, 1, 41.72, 1328
2026/09/28 20:18:41.672, 2, 37.43, 1328
2026/09/28 20:18:41.675, 3, 39.07, 1328
2026/09/28 20:18:41.878, 0, 191.92, 1328
2026/09/28 20:18:41.881, 1, 41.74, 1328
2026/09/28 20:18:41.887, 2, 37.43, 1328
2026/09/28 20:18:41.890, 3, 39.06, 1328
2026/09/28 20:18:42.093, 0, 187.62, 1328
2026/09/28 20:18:42.099, 1, 41.72, 1328
2026/09/28 20:18:42.102, 2, 37.43, 1328
2026/09/28 20:18:42.105, 3, 38.83, 1328
2026/09/28 20:18:42.308, 0, 43.19, 1328
2026/09/28 20:18:42.311, 1, 170.17, 1328
2026/09/28 20:18:42.314, 2, 37.19, 1328
2026/09/28 20:18:42.317, 3, 38.83, 1328
2026/09/28 20:18:42.520, 0, 42.47, 1328
2026/09/28 20:18:42.523, 1, 166.09, 1328
2026/09/28 20:18:42.527, 2, 37.19, 1328
2026/09/28 20:18:42.530, 3, 38.82, 1328
2026/09/28 20:18:42.733, 0, 42.22, 1328
2026/09/28 20:18:42.736, 1, 185.51, 1328
2026/09/28 20:18:42.739, 2, 37.19, 1328
2026/09/28 20:18:42.742, 3, 38.82, 1328
2026/09/28 20:18:42.945, 0, 41.98, 1328
2026/09/28 20:18:42.948, 1, 98.71, 1328
2026/09/28 20:18:42.951, 2, 117.08, 1328
2026/09/28 20:18:42.953, 3, 38.83, 1328
2026/09/28 20:18:43.159, 0, 41.77, 1328
2026/09/28 20:18:43.164, 1, 43.20, 1328
2026/09/28 20:18:43.167, 2, 171.89, 1328
2026/09/28 20:18:43.170, 3, 38.61, 1328
2026/09/28 20:18:43.373, 0, 41.53, 1328
2026/09/28 20:18:43.376, 1, 42.47, 1328
2026/09/28 20:18:43.378, 2, 165.12, 1328
2026/09/28 20:18:43.381, 3, 38.61, 1328
2026/09/28 20:18:43.584, 0, 41.53, 1328
2026/09/28 20:18:43.587, 1, 42.23, 1328
2026/09/28 20:18:43.590, 2, 170.07, 1328
2026/09/28 20:18:43.593, 3, 38.61, 1328
2026/09/28 20:18:43.796, 0, 41.52, 1328
2026/09/28 20:18:43.801, 1, 41.98, 1328
2026/09/28 20:18:43.807, 2, 40.30, 1328
2026/09/28 20:18:43.810, 3, 175.95, 1328
2026/09/28 20:18:44.012, 0, 41.50, 1328
2026/09/28 20:18:44.016, 1, 41.96, 1328
2026/09/28 20:18:44.018, 2, 37.42, 1328
2026/09/28 20:18:44.021, 3, 178.26, 1328
2026/09/28 20:18:44.225, 0, 41.28, 1328
2026/09/28 20:18:44.228, 1, 41.97, 1328
2026/09/28 20:18:44.231, 2, 36.94, 1328
2026/09/28 20:18:44.234, 3, 178.83, 1328
2026/09/28 20:18:44.437, 0, 41.50, 1328
2026/09/28 20:18:44.440, 1, 41.73, 1328
2026/09/28 20:18:44.443, 2, 36.94, 1328
2026/09/28 20:18:44.447, 3, 179.94, 1328
2026/09/28 20:18:44.650, 0, 181.88, 1328
2026/09/28 20:18:44.653, 1, 41.72, 1328
2026/09/28 20:18:44.656, 2, 36.70, 1328
2026/09/28 20:18:44.659, 3, 40.03, 1328
2026/09/28 20:18:44.862, 0, 184.02, 1328
2026/09/28 20:18:44.865, 1, 41.72, 1328
2026/09/28 20:18:44.868, 2, 36.70, 1328
2026/09/28 20:18:44.871, 3, 39.31, 1328
2026/09/28 20:18:45.074, 0, 185.46, 1328
2026/09/28 20:18:45.079, 1, 41.72, 1328
2026/09/28 20:18:45.080, 2, 36.70, 1328
2026/09/28 20:18:45.080, 3, 39.06, 1328
2026/09/28 20:18:45.281, 0, 183.78, 1328
2026/09/28 20:18:45.284, 1, 41.74, 1328
2026/09/28 20:18:45.287, 2, 36.46, 1328
2026/09/28 20:18:45.289, 3, 38.82, 1328
2026/09/28 20:18:45.492, 0, 45.12, 1328
2026/09/28 20:18:45.495, 1, 169.43, 1328
2026/09/28 20:18:45.499, 2, 36.46, 1328
2026/09/28 20:18:45.502, 3, 38.82, 1328
2026/09/28 20:18:45.706, 0, 42.95, 1328
2026/09/28 20:18:45.709, 1, 178.46, 1328
2026/09/28 20:18:45.712, 2, 36.46, 1328
2026/09/28 20:18:45.715, 3, 38.82, 1328
2026/09/28 20:18:45.918, 0, 42.47, 1328
2026/09/28 20:18:45.921, 1, 177.02, 1328
2026/09/28 20:18:45.926, 2, 36.46, 1328
2026/09/28 20:18:45.929, 3, 38.82, 1328
2026/09/28 20:18:46.132, 0, 42.22, 1328
2026/09/28 20:18:46.136, 1, 174.86, 1328
2026/09/28 20:18:46.138, 2, 36.46, 1328
2026/09/28 20:18:46.141, 3, 38.82, 1328
2026/09/28 20:18:46.346, 0, 41.77, 1328
2026/09/28 20:18:46.349, 1, 43.68, 1328
2026/09/28 20:18:46.352, 2, 161.52, 1328
2026/09/28 20:18:46.355, 3, 38.86, 1328
2026/09/28 20:18:46.558, 0, 41.77, 1328
2026/09/28 20:18:46.561, 1, 42.72, 1328
2026/09/28 20:18:46.565, 2, 164.80, 1328
2026/09/28 20:18:46.568, 3, 38.61, 1328
2026/09/28 20:18:46.771, 0, 41.77, 1328
2026/09/28 20:18:46.776, 1, 42.47, 1328
2026/09/28 20:18:46.779, 2, 177.41, 1328
2026/09/28 20:18:46.782, 3, 38.61, 1328
2026/09/28 20:18:46.986, 0, 41.53, 1328
2026/09/28 20:18:46.989, 1, 42.23, 1328
2026/09/28 20:18:46.992, 2, 175.15, 1328
2026/09/28 20:18:46.995, 3, 38.83, 1328
2026/09/28 20:18:47.198, 0, 41.53, 1328
2026/09/28 20:18:47.201, 1, 41.99, 1328
2026/09/28 20:18:47.205, 2, 38.39, 1328
2026/09/28 20:18:47.208, 3, 177.63, 1328
2026/09/28 20:18:47.411, 0, 41.52, 1328
2026/09/28 20:18:47.415, 1, 41.96, 1328
2026/09/28 20:18:47.418, 2, 37.91, 1328
2026/09/28 20:18:47.421, 3, 183.05, 1328
2026/09/28 20:18:47.626, 0, 41.51, 1328
2026/09/28 20:18:47.629, 1, 41.98, 1328
2026/09/28 20:18:47.632, 2, 37.67, 1328
2026/09/28 20:18:47.635, 3, 183.53, 1328
2026/09/28 20:18:47.838, 0, 179.94, 1328
2026/09/28 20:18:47.841, 1, 41.96, 1328
2026/09/28 20:18:47.845, 2, 37.43, 1328
2026/09/28 20:18:47.848, 3, 40.28, 1328
2026/09/28 20:18:48.051, 0, 179.96, 1328
2026/09/28 20:18:48.055, 1, 41.96, 1328
2026/09/28 20:18:48.058, 2, 37.43, 1328
2026/09/28 20:18:48.060, 3, 39.82, 1328
2026/09/28 20:18:48.265, 0, 193.12, 1328
2026/09/28 20:18:48.268, 1, 41.72, 1328
2026/09/28 20:18:48.271, 2, 37.19, 1328
2026/09/28 20:18:48.274, 3, 39.07, 1328
2026/09/28 20:18:48.477, 0, 183.07, 1328
2026/09/28 20:18:48.480, 1, 41.73, 1328
2026/09/28 20:18:48.485, 2, 37.65, 1328
2026/09/28 20:18:48.488, 3, 39.07, 1328
2026/09/28 20:18:48.691, 0, 182.83, 1328
2026/09/28 20:18:48.694, 1, 41.96, 1328
2026/09/28 20:18:48.697, 2, 37.42, 1328
2026/09/28 20:18:48.700, 3, 39.06, 1328
2026/09/28 20:18:48.905, 0, 43.43, 1328
2026/09/28 20:18:48.908, 1, 171.83, 1328
2026/09/28 20:18:48.911, 2, 37.19, 1328
2026/09/28 20:18:48.914, 3, 38.82, 1328
2026/09/28 20:18:49.117, 0, 42.47, 1328
2026/09/28 20:18:49.120, 1, 185.78, 1328
2026/09/28 20:18:49.123, 2, 37.19, 1328
2026/09/28 20:18:49.126, 3, 38.83, 1328
2026/09/28 20:18:49.329, 0, 42.22, 1328
2026/09/28 20:18:49.334, 1, 172.97, 1328
2026/09/28 20:18:49.337, 2, 37.19, 1328
2026/09/28 20:18:49.340, 3, 38.82, 1328
2026/09/28 20:18:49.545, 0, 41.98, 1328
2026/09/28 20:18:49.548, 1, 174.86, 1328
2026/09/28 20:18:49.550, 2, 37.43, 1328
2026/09/28 20:18:49.553, 3, 38.82, 1328
2026/09/28 20:18:49.756, 0, 42.01, 1328
2026/09/28 20:18:49.759, 1, 43.20, 1328
2026/09/28 20:18:49.762, 2, 168.16, 1328
2026/09/28 20:18:49.765, 3, 38.85, 1328
2026/09/28 20:18:49.968, 0, 42.01, 1328
2026/09/28 20:18:49.974, 1, 42.71, 1328
2026/09/28 20:18:49.976, 2, 169.60, 1328
2026/09/28 20:18:49.979, 3, 38.61, 1328
2026/09/28 20:18:50.185, 0, 41.77, 1328
2026/09/28 20:18:50.188, 1, 42.26, 1328
2026/09/28 20:18:50.190, 2, 169.35, 1328
2026/09/28 20:18:50.194, 3, 38.86, 1328
2026/09/28 20:18:50.397, 0, 41.77, 1328
2026/09/28 20:18:50.400, 1, 42.24, 1328
2026/09/28 20:18:50.403, 2, 167.21, 1328
2026/09/28 20:18:50.406, 3, 38.86, 1328
2026/09/28 20:18:50.609, 0, 41.77, 1328
2026/09/28 20:18:50.613, 1, 41.99, 1328
2026/09/28 20:18:50.616, 2, 38.88, 1328
2026/09/28 20:18:50.619, 3, 142.41, 1189
2026/09/28 20:18:50.825, 0, 41.51, 1328
2026/09/28 20:18:50.827, 1, 41.97, 1328
2026/09/28 20:18:50.830, 2, 37.91, 1328
2026/09/28 20:18:50.833, 3, 179.31, 1328
2026/09/28 20:18:51.036, 0, 41.50, 1328
2026/09/28 20:18:51.039, 1, 41.97, 1328
2026/09/28 20:18:51.042, 2, 37.67, 1328
2026/09/28 20:18:51.046, 3, 189.25, 1328
2026/09/28 20:18:51.249, 0, 41.52, 1328
2026/09/28 20:18:51.253, 1, 41.73, 1328
2026/09/28 20:18:51.256, 2, 37.67, 1328
2026/09/28 20:18:51.261, 3, 170.05, 1328
2026/09/28 20:18:51.465, 0, 190.59, 1328
2026/09/28 20:18:51.468, 1, 41.96, 1328
2026/09/28 20:18:51.474, 2, 37.43, 1328
2026/09/28 20:18:51.477, 3, 40.03, 1328
2026/09/28 20:18:51.680, 0, 190.94, 1328
2026/09/28 20:18:51.683, 1, 41.72, 1328
2026/09/28 20:18:51.685, 2, 37.43, 1328
2026/09/28 20:18:51.688, 3, 39.55, 1328
2026/09/28 20:18:51.891, 0, 195.02, 1328
2026/09/28 20:18:51.894, 1, 41.72, 1328
2026/09/28 20:18:51.897, 2, 37.42, 1328
2026/09/28 20:18:51.902, 3, 39.06, 1328
2026/09/28 20:18:52.105, 0, 182.11, 1328
2026/09/28 20:18:52.108, 1, 41.98, 1328
2026/09/28 20:18:52.113, 2, 37.43, 1328
2026/09/28 20:18:52.116, 3, 39.07, 1328
2026/09/28 20:18:52.319, 0, 43.43, 1328
2026/09/28 20:18:52.322, 1, 172.07, 1328
2026/09/28 20:18:52.325, 2, 37.43, 1328
2026/09/28 20:18:52.328, 3, 38.83, 1328
2026/09/28 20:18:52.531, 0, 42.71, 1328
2026/09/28 20:18:52.534, 1, 179.07, 1328
2026/09/28 20:18:52.537, 2, 37.43, 1328
2026/09/28 20:18:52.542, 3, 38.82, 1328
2026/09/28 20:18:52.745, 0, 42.22, 1328
2026/09/28 20:18:52.748, 1, 178.43, 1328
2026/09/28 20:18:52.753, 2, 37.42, 1328
2026/09/28 20:18:52.756, 3, 38.82, 1328
2026/09/28 20:18:52.959, 0, 41.98, 1328
2026/09/28 20:18:52.962, 1, 172.46, 1328
2026/09/28 20:18:52.965, 2, 37.42, 1328
2026/09/28 20:18:52.968, 3, 38.82, 1328
2026/09/28 20:18:53.171, 0, 41.77, 1328
2026/09/28 20:18:53.174, 1, 43.44, 1328
2026/09/28 20:18:53.177, 2, 168.62, 1328
2026/09/28 20:18:53.181, 3, 38.86, 1328
2026/09/28 20:18:53.384, 0, 41.77, 1328
2026/09/28 20:18:53.387, 1, 42.71, 1328
2026/09/28 20:18:53.392, 2, 164.56, 1328
2026/09/28 20:18:53.395, 3, 38.85, 1328
2026/09/28 20:18:53.598, 0, 41.53, 1328
2026/09/28 20:18:53.601, 1, 42.23, 1328
2026/09/28 20:18:53.604, 2, 176.69, 1328
2026/09/28 20:18:53.607, 3, 38.86, 1328
2026/09/28 20:18:53.810, 0, 41.77, 1328
2026/09/28 20:18:53.813, 1, 42.23, 1328
2026/09/28 20:18:53.816, 2, 177.89, 1328
2026/09/28 20:18:53.822, 3, 38.61, 1328
2026/09/28 20:18:54.024, 0, 41.52, 1328
2026/09/28 20:18:54.028, 1, 41.96, 1328
2026/09/28 20:18:54.032, 2, 38.63, 1328
2026/09/28 20:18:54.035, 3, 165.20, 1328
2026/09/28 20:18:54.238, 0, 41.50, 1328
2026/09/28 20:18:54.241, 1, 41.96, 1328
2026/09/28 20:18:54.244, 2, 37.91, 1328
2026/09/28 20:18:54.247, 3, 185.90, 1328
2026/09/28 20:18:54.450, 0, 41.50, 1328
2026/09/28 20:18:54.453, 1, 41.97, 1328
2026/09/28 20:18:54.456, 2, 37.42, 1328
2026/09/28 20:18:54.461, 3, 193.58, 1328
2026/09/28 20:18:54.664, 0, 147.10, 1328
2026/09/28 20:18:54.667, 1, 41.99, 1328
2026/09/28 20:18:54.672, 2, 37.67, 1328
2026/09/28 20:18:54.675, 3, 41.00, 1328
2026/09/28 20:18:54.878, 0, 41.79, 1328
2026/09/28 20:18:54.881, 1, 42.47, 1328
2026/09/28 20:18:54.883, 2, 139.77, 1328
2026/09/28 20:18:54.886, 3, 39.82, 1328
2026/09/28 20:18:55.089, 0, 182.34, 1328
2026/09/28 20:18:55.092, 1, 41.72, 1328
2026/09/28 20:18:55.095, 2, 37.67, 1328
2026/09/28 20:18:55.100, 3, 39.79, 1328
2026/09/28 20:18:55.303, 0, 169.72, 1328
2026/09/28 20:18:55.306, 1, 41.73, 1328
2026/09/28 20:18:55.311, 2, 37.67, 1328
2026/09/28 20:18:55.314, 3, 39.06, 1328
2026/09/28 20:18:55.517, 0, 196.86, 1328
2026/09/28 20:18:55.520, 1, 41.72, 1328
2026/09/28 20:18:55.523, 2, 37.43, 1328
2026/09/28 20:18:55.526, 3, 39.06, 1328
2026/09/28 20:18:55.729, 0, 183.78, 1328
2026/09/28 20:18:55.732, 1, 41.72, 1328
2026/09/28 20:18:55.735, 2, 37.18, 1328
2026/09/28 20:18:55.740, 3, 39.06, 1328
2026/09/28 20:18:55.943, 0, 183.78, 1328
2026/09/28 20:18:55.946, 1, 41.72, 1328
2026/09/28 20:18:55.951, 2, 37.18, 1328
2026/09/28 20:18:55.954, 3, 38.80, 1328
2026/09/28 20:18:56.157, 0, 43.43, 1328
2026/09/28 20:18:56.160, 1, 171.26, 1328
2026/09/28 20:18:56.163, 2, 37.43, 1328
2026/09/28 20:18:56.166, 3, 38.82, 1328
2026/09/28 20:18:56.369, 0, 42.71, 1328
2026/09/28 20:18:56.372, 1, 180.13, 1328
2026/09/28 20:18:56.375, 2, 37.19, 1328
2026/09/28 20:18:56.380, 3, 38.82, 1328
2026/09/28 20:18:56.583, 0, 42.22, 1328
2026/09/28 20:18:56.586, 1, 180.38, 1328
2026/09/28 20:18:56.591, 2, 37.19, 1328
2026/09/28 20:18:56.594, 3, 38.82, 1328
2026/09/28 20:18:56.797, 0, 42.22, 1328
2026/09/28 20:18:56.800, 1, 183.60, 1328
2026/09/28 20:18:56.803, 2, 37.19, 1328
2026/09/28 20:18:56.806, 3, 38.82, 1328
2026/09/28 20:18:57.009, 0, 42.00, 1328
2026/09/28 20:18:57.012, 1, 43.20, 1328
2026/09/28 20:18:57.015, 2, 159.75, 1328
2026/09/28 20:18:57.019, 3, 38.61, 1328
2026/09/28 20:18:57.222, 0, 42.01, 1328
2026/09/28 20:18:57.225, 1, 42.74, 1328
2026/09/28 20:18:57.231, 2, 168.40, 1328
2026/09/28 20:18:57.234, 3, 38.61, 1328
2026/09/28 20:18:57.437, 0, 41.77, 1328
2026/09/28 20:18:57.440, 1, 42.23, 1328
2026/09/28 20:18:57.444, 2, 165.28, 1328
2026/09/28 20:18:57.447, 3, 38.62, 1328
2026/09/28 20:18:57.649, 0, 41.77, 1328
2026/09/28 20:18:57.652, 1, 42.23, 1328
2026/09/28 20:18:57.655, 2, 166.00, 1328
2026/09/28 20:18:57.659, 3, 38.86, 1328
2026/09/28 20:18:57.862, 0, 41.76, 1328
2026/09/28 20:18:57.865, 1, 41.97, 1328
2026/09/28 20:18:57.868, 2, 38.39, 1328
2026/09/28 20:18:57.871, 3, 175.71, 1328
2026/09/28 20:18:58.074, 0, 41.74, 1328
2026/09/28 20:18:58.077, 1, 41.73, 1328
2026/09/28 20:18:58.080, 2, 38.15, 1328
2026/09/28 20:18:58.082, 3, 168.40, 1328
2026/09/28 20:18:58.285, 0, 41.75, 1328
2026/09/28 20:18:58.290, 1, 41.73, 1328
2026/09/28 20:18:58.293, 2, 37.91, 1328
2026/09/28 20:18:58.298, 3, 192.29, 1328
2026/09/28 20:18:58.501, 0, 50.23, 1328
2026/09/28 20:18:58.504, 1, 41.80, 1328
2026/09/28 20:18:58.507, 2, 37.69, 1328
2026/09/28 20:18:58.510, 3, 39.84, 1328
2026/09/28 20:18:58.713, 0, 41.80, 1328
2026/09/28 20:18:58.716, 1, 42.02, 1328
2026/09/28 20:18:58.719, 2, 37.45, 1328
2026/09/28 20:18:58.722, 3, 39.84, 1328
2026/09/28 20:18:58.925, 0, 36.00, 1189
2026/09/28 20:18:58.928, 1, 41.78, 1328
2026/09/28 20:18:58.931, 2, 37.45, 1328
2026/09/28 20:18:58.934, 3, 39.12, 1328
2026/09/28 20:18:59.137, 0, 40.59, 1328
2026/09/28 20:18:59.140, 1, 41.80, 1328
2026/09/28 20:18:59.145, 2, 36.49, 1328
2026/09/28 20:18:59.148, 3, 38.40, 1328
2026/09/28 20:18:59.353, 0, 40.59, 1328
2026/09/28 20:18:59.356, 1, 41.80, 1328
2026/09/28 20:18:59.359, 2, 36.73, 1328
2026/09/28 20:18:59.362, 3, 38.15, 1328
2026/09/28 20:18:59.565, 0, 40.61, 1328
2026/09/28 20:18:59.568, 1, 41.80, 1328
2026/09/28 20:18:59.571, 2, 36.73, 1328
2026/09/28 20:18:59.573, 3, 38.40, 1328
2026/09/28 20:18:59.776, 0, 40.59, 1328
2026/09/28 20:18:59.779, 1, 41.80, 1328
2026/09/28 20:18:59.783, 2, 36.49, 1328
2026/09/28 20:18:59.788, 3, 38.16, 1328
2026/09/28 20:18:59.991, 0, 40.59, 1328
2026/09/28 20:18:59.994, 1, 41.78, 1328
2026/09/28 20:18:59.997, 2, 36.49, 1328
2026/09/28 20:19:00.000, 3, 38.16, 1328
2026/09/28 20:19:00.203, 0, 40.59, 1328
2026/09/28 20:19:00.206, 1, 41.78, 1328
2026/09/28 20:19:00.208, 2, 36.49, 1328
2026/09/28 20:19:00.211, 3, 38.15, 1328
2026/09/28 20:19:00.419, 0, 40.59, 1328
2026/09/28 20:19:00.424, 1, 41.80, 1328
2026/09/28 20:19:00.429, 2, 36.49, 1328
2026/09/28 20:19:00.432, 3, 38.16, 1328
2026/09/28 20:19:00.635, 0, 40.59, 1328
2026/09/28 20:19:00.638, 1, 41.56, 1328
2026/09/28 20:19:00.641, 2, 36.49, 1328
2026/09/28 20:19:00.644, 3, 38.16, 1328
2026/09/28 20:19:00.847, 0, 40.59, 1328
2026/09/28 20:19:00.850, 1, 41.80, 1328
2026/09/28 20:19:00.853, 2, 36.49, 1328
2026/09/28 20:19:00.856, 3, 38.16, 1328
2026/09/28 20:19:01.059, 0, 40.59, 1328
2026/09/28 20:19:01.064, 1, 41.78, 1328
2026/09/28 20:19:01.064, 2, 36.49, 1328
2026/09/28 20:19:01.067, 3, 38.16, 1328
2026/09/28 20:19:01.270, 0, 40.59, 1328
2026/09/28 20:19:01.273, 1, 41.80, 1328
2026/09/28 20:19:01.276, 2, 36.49, 1328
2026/09/28 20:19:01.279, 3, 38.16, 1328
2026/09/28 20:19:01.484, 0, 40.59, 1328
2026/09/28 20:19:01.487, 1, 41.53, 1328
2026/09/28 20:19:01.490, 2, 36.49, 1328
2026/09/28 20:19:01.493, 3, 38.16, 1328
2026/09/28 20:19:01.696, 0, 40.59, 1328
2026/09/28 20:19:01.699, 1, 41.53, 1328
2026/09/28 20:19:01.702, 2, 36.49, 1328
2026/09/28 20:19:01.707, 3, 38.16, 1328
2026/09/28 20:19:01.910, 0, 40.37, 1328
2026/09/28 20:19:01.913, 1, 41.78, 1328
2026/09/28 20:19:01.916, 2, 36.49, 1328
2026/09/28 20:19:01.919, 3, 38.16, 1328
2026/09/28 20:19:02.126, 0, 40.35, 1328
2026/09/28 20:19:02.129, 1, 41.53, 1328
2026/09/28 20:19:02.132, 2, 36.49, 1328
2026/09/28 20:19:02.135, 3, 38.16, 1328
2026/09/28 20:19:02.338, 0, 40.35, 1328
2026/09/28 20:19:02.343, 1, 41.54, 1328
2026/09/28 20:19:02.346, 2, 36.49, 1328
2026/09/28 20:19:02.349, 3, 38.16, 1328
2026/09/28 20:19:02.552, 0, 40.35, 1328
2026/09/28 20:19:02.555, 1, 41.56, 1328
2026/09/28 20:19:02.559, 2, 36.49, 1328
2026/09/28 20:19:02.562, 3, 38.16, 1328
2026/09/28 20:19:02.766, 0, 40.37, 1328
2026/09/28 20:19:02.769, 1, 41.56, 1328
2026/09/28 20:19:02.772, 2, 36.49, 1328
2026/09/28 20:19:02.775, 3, 38.16, 1328
2026/09/28 20:19:02.978, 0, 40.59, 1328
2026/09/28 20:19:02.983, 1, 40.33, 1328
2026/09/28 20:19:02.986, 2, 36.49, 1328
2026/09/28 20:19:02.989, 3, 38.16, 1328
2026/09/28 20:19:03.192, 0, 40.35, 1328
2026/09/28 20:19:03.195, 1, 41.53, 1328
2026/09/28 20:19:03.198, 2, 36.00, 1328
2026/09/28 20:19:03.200, 3, 38.15, 1328
2026/09/28 20:19:03.406, 0, 40.35, 1328
2026/09/28 20:19:03.409, 1, 41.56, 1328
2026/09/28 20:19:03.412, 2, 36.24, 1328
2026/09/28 20:19:03.415, 3, 38.16, 1328
2026/09/28 20:19:03.619, 0, 40.37, 1328
2026/09/28 20:19:03.622, 1, 41.56, 1328
2026/09/28 20:19:03.625, 2, 36.49, 1328
2026/09/28 20:19:03.628, 3, 38.16, 1328
2026/09/28 20:19:03.831, 0, 40.37, 1328
2026/09/28 20:19:03.834, 1, 41.56, 1328
2026/09/28 20:19:03.837, 2, 36.49, 1328
2026/09/28 20:19:03.840, 3, 37.92, 1328
2026/09/28 20:19:04.046, 0, 40.35, 1328
2026/09/28 20:19:04.049, 1, 41.56, 1328
2026/09/28 20:19:04.052, 2, 36.49, 1328
2026/09/28 20:19:04.055, 3, 37.91, 1328
2026/09/28 20:19:04.258, 0, 40.37, 1328
2026/09/28 20:19:04.262, 1, 41.56, 1328
2026/09/28 20:19:04.265, 2, 36.49, 1328
2026/09/28 20:19:04.268, 3, 37.92, 1328
2026/09/28 20:19:04.471, 0, 40.37, 1328
2026/09/28 20:19:04.474, 1, 41.56, 1328
2026/09/28 20:19:04.477, 2, 36.49, 1328
2026/09/28 20:19:04.479, 3, 37.92, 1328
2026/09/28 20:19:04.686, 0, 40.37, 1328
2026/09/28 20:19:04.689, 1, 41.56, 1328
2026/09/28 20:19:04.691, 2, 36.49, 1328
2026/09/28 20:19:04.694, 3, 37.92, 1328
2026/09/28 20:19:04.897, 0, 40.35, 1328
2026/09/28 20:19:04.901, 1, 41.56, 1328
2026/09/28 20:19:04.904, 2, 36.49, 1328
2026/09/28 20:19:04.907, 3, 37.92, 1328
2026/09/28 20:19:05.110, 0, 40.35, 1328
2026/09/28 20:19:05.113, 1, 41.56, 1328
2026/09/28 20:19:05.116, 2, 36.49, 1328
2026/09/28 20:19:05.119, 3, 37.92, 1328
2026/09/28 20:19:05.325, 0, 40.35, 1328
2026/09/28 20:19:05.328, 1, 41.56, 1328
2026/09/28 20:19:05.331, 2, 36.24, 1328
2026/09/28 20:19:05.334, 3, 37.92, 1328
2026/09/28 20:19:05.537, 0, 40.37, 1328
2026/09/28 20:19:05.541, 1, 41.56, 1328
2026/09/28 20:19:05.544, 2, 36.49, 1328
2026/09/28 20:19:05.547, 3, 37.92, 1328
2026/09/28 20:19:05.750, 0, 40.35, 1328
2026/09/28 20:19:05.753, 1, 41.56, 1328
2026/09/28 20:19:05.756, 2, 36.49, 1328
2026/09/28 20:19:05.759, 3, 37.92, 1328
2026/09/28 20:19:05.965, 0, 40.35, 1328
2026/09/28 20:19:05.968, 1, 41.56, 1328
2026/09/28 20:19:05.971, 2, 36.49, 1328
2026/09/28 20:19:05.974, 3, 37.91, 1328
2026/09/28 20:19:06.177, 0, 40.35, 1328
2026/09/28 20:19:06.181, 1, 41.56, 1328
2026/09/28 20:19:06.184, 2, 36.24, 1328
2026/09/28 20:19:06.187, 3, 37.92, 1328
2026/09/28 20:19:06.390, 0, 40.37, 1328
2026/09/28 20:19:06.393, 1, 41.56, 1328
2026/09/28 20:19:06.396, 2, 36.49, 1328
2026/09/28 20:19:06.399, 3, 37.92, 1328
2026/09/28 20:19:06.605, 0, 40.35, 1328
2026/09/28 20:19:06.608, 1, 41.56, 1328
2026/09/28 20:19:06.611, 2, 36.25, 1328
2026/09/28 20:19:06.614, 3, 37.92, 1328
2026/09/28 20:19:06.817, 0, 40.35, 1328
2026/09/28 20:19:06.822, 1, 41.56, 1328
2026/09/28 20:19:06.825, 2, 36.25, 1328
2026/09/28 20:19:06.828, 3, 37.92, 1328
2026/09/28 20:19:07.031, 0, 40.35, 1328
2026/09/28 20:19:07.034, 1, 41.56, 1328
2026/09/28 20:19:07.037, 2, 36.24, 1328
2026/09/28 20:19:07.039, 3, 37.67, 1328
2026/09/28 20:19:07.244, 0, 40.35, 1328
2026/09/28 20:19:07.247, 1, 41.53, 1328
2026/09/28 20:19:07.250, 2, 36.49, 1328
2026/09/28 20:19:07.253, 3, 37.92, 1328
2026/09/28 20:19:07.456, 0, 40.37, 1328
2026/09/28 20:19:07.461, 1, 41.56, 1328
2026/09/28 20:19:07.464, 2, 36.25, 1328
2026/09/28 20:19:07.467, 3, 37.67, 1328
2026/09/28 20:19:07.670, 0, 40.37, 1328
2026/09/28 20:19:07.673, 1, 41.56, 1328
2026/09/28 20:19:07.676, 2, 36.49, 1328
2026/09/28 20:19:07.679, 3, 37.92, 1328
2026/09/28 20:19:07.885, 0, 40.35, 1328
2026/09/28 20:19:07.888, 1, 41.56, 1328
2026/09/28 20:19:07.891, 2, 36.25, 1328
2026/09/28 20:19:07.894, 3, 37.92, 1328
2026/09/28 20:19:08.097, 0, 40.35, 1328
2026/09/28 20:19:08.101, 1, 41.53, 1328
2026/09/28 20:19:08.104, 2, 36.24, 1328
2026/09/28 20:19:08.107, 3, 37.92, 1328
2026/09/28 20:19:08.310, 0, 40.35, 1328
2026/09/28 20:19:08.313, 1, 41.56, 1328
2026/09/28 20:19:08.316, 2, 36.24, 1328
2026/09/28 20:19:08.319, 3, 37.67, 1328
2026/09/28 20:19:08.525, 0, 40.11, 1328
2026/09/28 20:19:08.528, 1, 41.54, 1328
2026/09/28 20:19:08.531, 2, 36.24, 1328
2026/09/28 20:19:08.534, 3, 37.92, 1328
2026/09/28 20:19:08.737, 0, 40.13, 1328
2026/09/28 20:19:08.741, 1, 41.54, 1328
2026/09/28 20:19:08.744, 2, 36.24, 1328
2026/09/28 20:19:08.747, 3, 37.92, 1328
2026/09/28 20:19:08.950, 0, 40.11, 1328
2026/09/28 20:19:08.953, 1, 41.54, 1328
2026/09/28 20:19:08.956, 2, 36.24, 1328
2026/09/28 20:19:08.958, 3, 37.92, 1328
2026/09/28 20:19:09.165, 0, 40.35, 1328
2026/09/28 20:19:09.168, 1, 41.56, 1328
2026/09/28 20:19:09.170, 2, 36.24, 1328
2026/09/28 20:19:09.173, 3, 37.67, 1328
2026/09/28 20:19:09.376, 0, 40.37, 1328
2026/09/28 20:19:09.381, 1, 41.54, 1328
2026/09/28 20:19:09.383, 2, 36.24, 1328
2026/09/28 20:19:09.386, 3, 37.92, 1328
2026/09/28 20:19:09.589, 0, 91.08, 1303
2026/09/28 20:19:09.592, 1, 109.48, 1328
2026/09/28 20:19:09.595, 2, 36.24, 1328
2026/09/28 20:19:09.598, 3, 37.89, 1328
2026/09/28 20:19:09.806, 0, 40.83, 1328
2026/09/28 20:19:09.809, 1, 40.81, 1328
2026/09/28 20:19:09.812, 2, 142.50, 1328
2026/09/28 20:19:09.818, 3, 38.13, 1328
2026/09/28 20:19:10.021, 0, 40.83, 1328
2026/09/28 20:19:10.024, 1, 41.78, 1328
2026/09/28 20:19:10.028, 2, 37.69, 1328
2026/09/28 20:19:10.038, 3, 44.41, 1316
2026/09/28 20:19:10.241, 0, 67.08, 1328
2026/09/28 20:19:10.244, 1, 75.88, 1328
2026/09/28 20:19:10.248, 2, 72.55, 1328
2026/09/28 20:19:10.251, 3, 47.30, 1328
2026/09/28 20:19:10.454, 0, 48.77, 1328
2026/09/28 20:19:10.460, 1, 51.13, 1328
2026/09/28 20:19:10.463, 2, 51.64, 1328
2026/09/28 20:19:10.466, 3, 76.11, 1328
2026/09/28 20:19:10.668, 0, 93.93, 1328
2026/09/28 20:19:10.671, 1, 63.44, 1328
2026/09/28 20:19:10.674, 2, 41.77, 1328
2026/09/28 20:19:10.680, 3, 46.58, 1328
2026/09/28 20:19:10.886, 0, 53.08, 1328
2026/09/28 20:19:10.889, 1, 56.68, 1328
2026/09/28 20:19:10.893, 2, 61.50, 1328
2026/09/28 20:19:10.896, 3, 98.89, 1328
2026/09/28 20:19:11.099, 0, 60.08, 1328
2026/09/28 20:19:11.102, 1, 47.06, 1328
2026/09/28 20:19:11.107, 2, 45.15, 1328
2026/09/28 20:19:11.110, 3, 57.12, 1328
2026/09/28 20:19:11.313, 0, 63.70, 1328
2026/09/28 20:19:11.319, 1, 73.81, 1328
2026/09/28 20:19:11.322, 2, 77.85, 1328
2026/09/28 20:19:11.325, 3, 54.00, 1328
2026/09/28 20:19:11.528, 0, 49.01, 1328
2026/09/28 20:19:11.531, 1, 52.57, 1328
2026/09/28 20:19:11.534, 2, 55.02, 1328
2026/09/28 20:19:11.537, 3, 79.74, 1328
2026/09/28 20:19:11.740, 0, 88.25, 1328
2026/09/28 20:19:11.743, 1, 60.02, 1328
2026/09/28 20:19:11.747, 2, 42.74, 1328
2026/09/28 20:19:11.750, 3, 50.89, 1328
2026/09/28 20:19:11.953, 0, 56.50, 1328
2026/09/28 20:19:11.959, 1, 62.91, 1328
2026/09/28 20:19:11.962, 2, 64.83, 1328
2026/09/28 20:19:11.967, 3, 90.28, 1328
2026/09/28 20:19:12.170, 0, 47.77, 1328
2026/09/28 20:19:12.173, 1, 48.26, 1328
2026/09/28 20:19:12.176, 2, 48.50, 1328
2026/09/28 20:19:12.179, 3, 65.07, 1328
2026/09/28 20:19:12.382, 0, 80.01, 1328
2026/09/28 20:19:12.385, 1, 81.95, 1328
2026/09/28 20:19:12.388, 2, 48.26, 1328
2026/09/28 20:19:12.391, 3, 47.51, 1328
2026/09/28 20:19:12.594, 0, 53.32, 1328
2026/09/28 20:19:12.599, 1, 57.67, 1328
2026/09/28 20:19:12.602, 2, 62.71, 1328
2026/09/28 20:19:12.604, 3, 99.12, 1328
2026/09/28 20:19:12.807, 0, 66.08, 1328
2026/09/28 20:19:12.810, 1, 47.33, 1328
2026/09/28 20:19:12.813, 2, 46.58, 1328
2026/09/28 20:19:12.816, 3, 59.33, 1328
2026/09/28 20:19:13.019, 0, 74.99, 1328
2026/09/28 20:19:13.022, 1, 79.73, 1328
2026/09/28 20:19:13.027, 2, 66.04, 1328
2026/09/28 20:19:13.030, 3, 45.34, 1328
2026/09/28 20:19:13.233, 0, 50.70, 1328
2026/09/28 20:19:13.238, 1, 54.06, 1328
2026/09/28 20:19:13.241, 2, 56.95, 1328
2026/09/28 20:19:13.244, 3, 87.83, 1328
2026/09/28 20:19:13.447, 0, 81.70, 1328
2026/09/28 20:19:13.450, 1, 46.33, 1328
2026/09/28 20:19:13.453, 2, 44.43, 1328
2026/09/28 20:19:13.456, 3, 55.23, 1328
2026/09/28 20:19:13.659, 0, 65.15, 1328
2026/09/28 20:19:13.661, 1, 68.26, 1328
2026/09/28 20:19:13.668, 2, 79.26, 1328
2026/09/28 20:19:13.670, 3, 67.46, 1328
2026/09/28 20:19:13.873, 0, 47.56, 1328
2026/09/28 20:19:13.878, 1, 50.19, 1328
2026/09/28 20:19:13.881, 2, 50.19, 1328
2026/09/28 20:19:13.883, 3, 70.38, 1328
2026/09/28 20:19:14.086, 0, 89.59, 1328
2026/09/28 20:19:14.089, 1, 67.22, 1328
2026/09/28 20:19:14.092, 2, 42.01, 1328
2026/09/28 20:19:14.095, 3, 50.17, 1328
2026/09/28 20:19:14.298, 0, 59.84, 1328
2026/09/28 20:19:14.301, 1, 67.97, 1328
2026/09/28 20:19:14.304, 2, 73.07, 1328
2026/09/28 20:19:14.309, 3, 78.01, 1328
2026/09/28 20:19:14.512, 0, 55.26, 1328
2026/09/28 20:19:14.517, 1, 48.51, 1328
2026/09/28 20:19:14.520, 2, 48.05, 1328
2026/09/28 20:19:14.523, 3, 62.92, 1328
2026/09/28 20:19:14.726, 0, 78.86, 1328
2026/09/28 20:19:14.729, 1, 83.58, 1328
2026/09/28 20:19:14.732, 2, 49.71, 1328
2026/09/28 20:19:14.735, 3, 47.27, 1328
2026/09/28 20:19:14.938, 0, 54.30, 1328
2026/09/28 20:19:14.941, 1, 59.81, 1328
2026/09/28 20:19:14.944, 2, 59.85, 1328
2026/09/28 20:19:14.948, 3, 97.44, 1328
2026/09/28 20:19:15.152, 0, 75.23, 1328
2026/09/28 20:19:15.157, 1, 46.55, 1328
2026/09/28 20:19:15.160, 2, 44.89, 1328
2026/09/28 20:19:15.163, 3, 56.88, 1328
2026/09/28 20:19:15.366, 0, 68.80, 1328
2026/09/28 20:19:15.369, 1, 79.07, 1328
2026/09/28 20:19:15.372, 2, 68.69, 1328
2026/09/28 20:19:15.375, 3, 45.13, 1328
2026/09/28 20:19:15.578, 0, 50.67, 1328
2026/09/28 20:19:15.581, 1, 52.12, 1328
2026/09/28 20:19:15.587, 2, 53.57, 1328
2026/09/28 20:19:15.590, 3, 79.26, 1328
2026/09/28 20:19:15.793, 0, 93.93, 1328
2026/09/28 20:19:15.797, 1, 62.95, 1328
2026/09/28 20:19:15.800, 2, 42.74, 1328
2026/09/28 20:19:15.803, 3, 51.61, 1328
2026/09/28 20:19:16.006, 0, 60.56, 1328
2026/09/28 20:19:16.009, 1, 67.49, 1328
2026/09/28 20:19:16.011, 2, 77.13, 1328
2026/09/28 20:19:16.014, 3, 71.58, 1328
2026/09/28 20:19:16.217, 0, 49.01, 1328
2026/09/28 20:19:16.220, 1, 49.71, 1328
2026/09/28 20:19:16.226, 2, 49.95, 1328
2026/09/28 20:19:16.230, 3, 69.18, 1328
2026/09/28 20:19:16.433, 0, 81.51, 1328
2026/09/28 20:19:16.437, 1, 78.10, 1328
2026/09/28 20:19:16.439, 2, 44.16, 1328
2026/09/28 20:19:16.442, 3, 48.51, 1328
2026/09/28 20:19:16.645, 0, 55.25, 1328
2026/09/28 20:19:16.648, 1, 61.01, 1328
2026/09/28 20:19:16.651, 2, 68.49, 1328
2026/09/28 20:19:16.654, 3, 85.19, 1328
2026/09/28 20:19:16.857, 0, 51.18, 1328
2026/09/28 20:19:16.860, 1, 47.30, 1328
2026/09/28 20:19:16.866, 2, 45.61, 1328
2026/09/28 20:19:16.869, 3, 59.77, 1328
2026/09/28 20:19:17.072, 0, 73.11, 1328
2026/09/28 20:19:17.076, 1, 86.43, 1328
2026/09/28 20:19:17.079, 2, 59.33, 1328
2026/09/28 20:19:17.082, 3, 46.31, 1328
2026/09/28 20:19:17.285, 0, 53.56, 1328
2026/09/28 20:19:17.288, 1, 58.60, 1328
2026/09/28 20:19:17.291, 2, 64.15, 1328
2026/09/28 20:19:17.294, 3, 94.07, 1328
2026/09/28 20:19:17.497, 0, 63.01, 1328
2026/09/28 20:19:17.499, 1, 46.36, 1328
2026/09/28 20:19:17.506, 2, 44.43, 1328
2026/09/28 20:19:17.508, 3, 56.16, 1328
2026/09/28 20:19:17.712, 0, 63.67, 1328
2026/09/28 20:19:17.716, 1, 72.55, 1328
2026/09/28 20:19:17.719, 2, 77.81, 1328
2026/09/28 20:19:17.722, 3, 58.12, 1328
2026/09/28 20:19:17.925, 0, 49.22, 1328
2026/09/28 20:19:17.928, 1, 52.81, 1328
2026/09/28 20:19:17.931, 2, 54.78, 1328
2026/09/28 20:19:17.933, 3, 81.62, 1328
2026/09/28 20:19:18.136, 0, 82.70, 1328
2026/09/28 20:19:18.139, 1, 59.30, 1328
2026/09/28 20:19:18.145, 2, 42.98, 1328
2026/09/28 20:19:18.148, 3, 51.85, 1328
2026/09/28 20:19:18.351, 0, 58.86, 1328
2026/09/28 20:19:18.355, 1, 65.61, 1328
2026/09/28 20:19:18.358, 2, 75.20, 1328
2026/09/28 20:19:18.361, 3, 74.20, 1328
2026/09/28 20:19:18.564, 0, 47.78, 1328
2026/09/28 20:19:18.567, 1, 50.17, 1328
2026/09/28 20:19:18.570, 2, 50.95, 1328
2026/09/28 20:19:18.573, 3, 72.07, 1328
2026/09/28 20:19:18.776, 0, 88.67, 1328
2026/09/28 20:19:18.778, 1, 70.62, 1328
2026/09/28 20:19:18.781, 2, 45.15, 1328
2026/09/28 20:19:18.787, 3, 48.24, 1328
2026/09/28 20:19:18.990, 0, 64.66, 1328
2026/09/28 20:19:18.995, 1, 74.48, 1328
2026/09/28 20:19:18.998, 2, 74.92, 1328
2026/09/28 20:19:19.001, 3, 47.27, 1328
2026/09/28 20:19:19.204, 0, 50.70, 1328
2026/09/28 20:19:19.207, 1, 54.30, 1328
2026/09/28 20:19:19.210, 2, 57.19, 1328
2026/09/28 20:19:19.213, 3, 85.94, 1328
2026/09/28 20:19:19.416, 0, 81.74, 1328
2026/09/28 20:19:19.419, 1, 59.09, 1328
2026/09/28 20:19:19.424, 2, 42.98, 1328
2026/09/28 20:19:19.427, 3, 52.10, 1328
2026/09/28 20:19:19.630, 0, 58.87, 1328
2026/09/28 20:19:19.635, 1, 66.57, 1328
2026/09/28 20:19:19.638, 2, 75.00, 1328
2026/09/28 20:19:19.640, 3, 75.16, 1328
2026/09/28 20:19:19.843, 0, 47.56, 1328
2026/09/28 20:19:19.846, 1, 50.19, 1328
2026/09/28 20:19:19.849, 2, 51.16, 1328
2026/09/28 20:19:19.852, 3, 72.31, 1328
2026/09/28 20:19:20.055, 0, 91.76, 1328
2026/09/28 20:19:20.058, 1, 74.67, 1328
2026/09/28 20:19:20.064, 2, 41.53, 1328
2026/09/28 20:19:20.067, 3, 48.48, 1328
2026/09/28 20:19:20.270, 0, 56.98, 1328
2026/09/28 20:19:20.274, 1, 63.47, 1328
2026/09/28 20:19:20.277, 2, 70.62, 1328
2026/09/28 20:19:20.280, 3, 81.62, 1328
2026/09/28 20:19:20.483, 0, 47.08, 1328
2026/09/28 20:19:20.486, 1, 49.21, 1328
2026/09/28 20:19:20.489, 2, 49.47, 1328
2026/09/28 20:19:20.492, 3, 69.18, 1328
2026/09/28 20:19:20.695, 0, 86.56, 1328
2026/09/28 20:19:20.698, 1, 83.54, 1328
2026/09/28 20:19:20.704, 2, 50.44, 1328
2026/09/28 20:19:20.706, 3, 47.54, 1328
2026/09/28 20:19:20.909, 0, 53.32, 1328
2026/09/28 20:19:20.914, 1, 57.43, 1328
2026/09/28 20:19:20.917, 2, 62.94, 1328
2026/09/28 20:19:20.920, 3, 99.85, 1328
2026/09/28 20:19:21.123, 0, 58.63, 1328
2026/09/28 20:19:21.126, 1, 48.02, 1328
2026/09/28 20:19:21.129, 2, 47.54, 1328
2026/09/28 20:19:21.132, 3, 60.98, 1328
2026/09/28 20:19:21.335, 0, 75.43, 1328
2026/09/28 20:19:21.338, 1, 80.69, 1328
2026/09/28 20:19:21.343, 2, 66.08, 1328
2026/09/28 20:19:21.346, 3, 45.85, 1328
2026/09/28 20:19:21.549, 0, 50.91, 1328
2026/09/28 20:19:21.554, 1, 54.30, 1328
2026/09/28 20:19:21.556, 2, 55.99, 1328
2026/09/28 20:19:21.559, 3, 86.67, 1328
2026/09/28 20:19:21.762, 0, 80.78, 1328
2026/09/28 20:19:21.765, 1, 46.33, 1328
2026/09/28 20:19:21.768, 2, 44.18, 1328
2026/09/28 20:19:21.771, 3, 55.93, 1328
2026/09/28 20:19:21.974, 0, 66.83, 1328
2026/09/28 20:19:21.977, 1, 69.95, 1328
2026/09/28 20:19:21.983, 2, 77.61, 1328
2026/09/28 20:19:21.986, 3, 65.32, 1328
2026/09/28 20:19:22.189, 0, 48.53, 1328
2026/09/28 20:19:22.193, 1, 51.88, 1328
2026/09/28 20:19:22.197, 2, 52.12, 1328
2026/09/28 20:19:22.200, 3, 73.47, 1328
2026/09/28 20:19:22.403, 0, 93.93, 1328
2026/09/28 20:19:22.406, 1, 61.75, 1328
2026/09/28 20:19:22.409, 2, 42.50, 1328
2026/09/28 20:19:22.412, 3, 51.13, 1328
2026/09/28 20:19:22.615, 0, 59.60, 1328
2026/09/28 20:19:22.618, 1, 64.19, 1328
2026/09/28 20:19:22.623, 2, 70.66, 1328
2026/09/28 20:19:22.626, 3, 79.45, 1328
2026/09/28 20:19:22.829, 0, 49.74, 1328
2026/09/28 20:19:22.833, 1, 48.26, 1328
2026/09/28 20:19:22.836, 2, 48.29, 1328
2026/09/28 20:19:22.838, 3, 65.56, 1328
2026/09/28 20:19:23.041, 0, 83.87, 1328
2026/09/28 20:19:23.045, 1, 75.40, 1328
2026/09/28 20:19:23.048, 2, 42.96, 1328
2026/09/28 20:19:23.051, 3, 48.48, 1328
2026/09/28 20:19:23.254, 0, 58.91, 1328
2026/09/28 20:19:23.257, 1, 61.01, 1328
2026/09/28 20:19:23.262, 2, 64.87, 1328
2026/09/28 20:19:23.266, 3, 89.76, 1328
2026/09/28 20:19:23.469, 0, 66.08, 1328
2026/09/28 20:19:23.473, 1, 47.54, 1328
2026/09/28 20:19:23.476, 2, 46.60, 1328
2026/09/28 20:19:23.479, 3, 61.95, 1328
2026/09/28 20:19:23.681, 0, 74.52, 1328
2026/09/28 20:19:23.684, 1, 85.81, 1328
2026/09/28 20:19:23.687, 2, 57.92, 1328
2026/09/28 20:19:23.690, 3, 46.55, 1328
2026/09/28 20:19:23.893, 0, 53.32, 1328
2026/09/28 20:19:23.896, 1, 58.13, 1328
2026/09/28 20:19:23.899, 2, 56.95, 1328
2026/09/28 20:19:23.905, 3, 85.22, 1328
2026/09/28 20:19:24.108, 0, 52.60, 1328
2026/09/28 20:19:24.109, 1, 47.54, 1328
2026/09/28 20:19:24.112, 2, 55.99, 1328
2026/09/28 20:19:24.112, 3, 85.02, 1328
2026/09/28 20:19:24.313, 0, 88.21, 1328
2026/09/28 20:19:24.317, 1, 71.63, 1328
2026/09/28 20:19:24.320, 2, 47.78, 1328
2026/09/28 20:19:24.325, 3, 47.78, 1328
2026/09/28 20:19:24.528, 0, 55.29, 1328
2026/09/28 20:19:24.531, 1, 59.82, 1328
2026/09/28 20:19:24.534, 2, 66.57, 1328
2026/09/28 20:19:24.537, 3, 89.98, 1328
2026/09/28 20:19:24.740, 0, 56.43, 1328
2026/09/28 20:19:24.743, 1, 47.78, 1328
2026/09/28 20:19:24.747, 2, 47.06, 1328
2026/09/28 20:19:24.750, 3, 61.71, 1328
2026/09/28 20:19:24.953, 0, 70.69, 1328
2026/09/28 20:19:24.959, 1, 81.71, 1328
2026/09/28 20:19:24.962, 2, 69.17, 1328
2026/09/28 20:19:24.965, 3, 44.86, 1328
2026/09/28 20:19:25.168, 0, 52.36, 1328
2026/09/28 20:19:25.171, 1, 56.72, 1328
2026/09/28 20:19:25.174, 2, 59.85, 1328
2026/09/28 20:19:25.177, 3, 96.06, 1328
2026/09/28 20:19:25.380, 0, 45.39, 1328
2026/09/28 20:19:25.383, 1, 46.85, 1328
2026/09/28 20:19:25.386, 2, 45.16, 1328
2026/09/28 20:19:25.388, 3, 58.12, 1328
2026/09/28 20:19:25.591, 0, 148.14, 1290
2026/09/28 20:19:25.594, 1, 41.75, 1328
2026/09/28 20:19:25.597, 2, 37.43, 1328
2026/09/28 20:19:25.600, 3, 39.09, 1328
2026/09/28 20:19:25.807, 0, 40.78, 1328
2026/09/28 20:19:25.810, 1, 144.35, 1316
2026/09/28 20:19:25.815, 2, 37.43, 1328
2026/09/28 20:19:25.818, 3, 38.85, 1328
2026/09/28 20:19:26.021, 0, 40.80, 1328
2026/09/28 20:19:26.024, 1, 41.75, 1328
2026/09/28 20:19:26.027, 2, 38.63, 1328
2026/09/28 20:19:26.030, 3, 151.23, 1303
2026/09/28 20:19:26.233, 0, 58.15, 1328
2026/09/28 20:19:26.236, 1, 42.98, 1328
2026/09/28 20:19:26.238, 2, 40.35, 1328
2026/09/28 20:19:26.245, 3, 48.24, 1328
2026/09/28 20:19:26.448, 0, 65.84, 1328
2026/09/28 20:19:26.451, 1, 78.05, 1328
2026/09/28 20:19:26.454, 2, 73.27, 1328
2026/09/28 20:19:26.456, 3, 45.10, 1328
2026/09/28 20:19:26.659, 0, 50.46, 1328
2026/09/28 20:19:26.662, 1, 53.55, 1328
2026/09/28 20:19:26.665, 2, 55.99, 1328
2026/09/28 20:19:26.668, 3, 85.22, 1328
2026/09/28 20:19:26.871, 0, 82.86, 1328
2026/09/28 20:19:26.874, 1, 48.48, 1328
2026/09/28 20:19:26.878, 2, 43.92, 1328
2026/09/28 20:19:26.880, 3, 54.27, 1328
2026/09/28 20:19:27.083, 0, 63.45, 1328
2026/09/28 20:19:27.086, 1, 65.36, 1328
2026/09/28 20:19:27.092, 2, 74.52, 1328
2026/09/28 20:19:27.095, 3, 72.99, 1328
2026/09/28 20:19:27.298, 0, 48.26, 1328
2026/09/28 20:19:27.301, 1, 51.37, 1328
2026/09/28 20:19:27.304, 2, 51.64, 1328
2026/09/28 20:19:27.307, 3, 72.51, 1328
2026/09/28 20:19:27.511, 0, 92.79, 1328
2026/09/28 20:19:27.514, 1, 58.84, 1328
2026/09/28 20:19:27.517, 2, 42.98, 1328
2026/09/28 20:19:27.520, 3, 51.85, 1328
2026/09/28 20:19:27.723, 0, 61.53, 1328
2026/09/28 20:19:27.726, 1, 69.71, 1328
2026/09/28 20:19:27.729, 2, 80.02, 1328
2026/09/28 20:19:27.731, 3, 64.59, 1328
2026/09/28 20:19:27.934, 0, 46.84, 1328
2026/09/28 20:19:27.940, 1, 48.99, 1328
2026/09/28 20:19:27.943, 2, 48.51, 1328
2026/09/28 20:19:27.946, 3, 63.40, 1328
2026/09/28 20:19:28.151, 0, 88.87, 1328
2026/09/28 20:19:28.153, 1, 70.34, 1328
2026/09/28 20:19:28.156, 2, 42.01, 1328
2026/09/28 20:19:28.159, 3, 49.44, 1328
2026/09/28 20:19:28.362, 0, 57.22, 1328
2026/09/28 20:19:28.365, 1, 62.47, 1328
2026/09/28 20:19:28.368, 2, 70.42, 1328
2026/09/28 20:19:28.371, 3, 81.14, 1328
2026/09/28 20:19:28.574, 0, 48.50, 1328
2026/09/28 20:19:28.577, 1, 50.68, 1328
2026/09/28 20:19:28.580, 2, 51.16, 1328
2026/09/28 20:19:28.584, 3, 70.14, 1328
2026/09/28 20:19:28.787, 0, 87.18, 1328
2026/09/28 20:19:28.790, 1, 71.79, 1328
2026/09/28 20:19:28.792, 2, 42.01, 1328
2026/09/28 20:19:28.795, 3, 49.44, 1328
2026/09/28 20:19:28.998, 0, 58.15, 1328
2026/09/28 20:19:29.001, 1, 63.67, 1328
2026/09/28 20:19:29.004, 2, 73.75, 1328
2026/09/28 20:19:29.007, 3, 76.33, 1328
2026/09/28 20:19:29.210, 0, 48.50, 1328
2026/09/28 20:19:29.213, 1, 50.93, 1328
2026/09/28 20:19:29.216, 2, 50.92, 1328
2026/09/28 20:19:29.219, 3, 73.27, 1328
2026/09/28 20:19:29.422, 0, 90.90, 1328
2026/09/28 20:19:29.425, 1, 82.63, 1328
2026/09/28 20:19:29.431, 2, 45.12, 1328
2026/09/28 20:19:29.434, 3, 47.99, 1328
2026/09/28 20:19:29.637, 0, 53.36, 1328
2026/09/28 20:19:29.640, 1, 58.88, 1328
2026/09/28 20:19:29.643, 2, 64.39, 1328
2026/09/28 20:19:29.646, 3, 98.23, 1328
2026/09/28 20:19:29.850, 0, 62.97, 1328
2026/09/28 20:19:29.853, 1, 47.78, 1328
2026/09/28 20:19:29.856, 2, 46.36, 1328
2026/09/28 20:19:29.858, 3, 60.26, 1328
2026/09/28 20:19:30.061, 0, 79.29, 1328
2026/09/28 20:19:30.064, 1, 82.92, 1328
2026/09/28 20:19:30.071, 2, 65.11, 1328
2026/09/28 20:19:30.074, 3, 45.35, 1328
2026/09/28 20:19:30.277, 0, 51.16, 1328
2026/09/28 20:19:30.280, 1, 54.79, 1328
2026/09/28 20:19:30.283, 2, 58.64, 1328
2026/09/28 20:19:30.286, 3, 88.35, 1328
2026/09/28 20:19:30.489, 0, 81.27, 1328
2026/09/28 20:19:30.492, 1, 46.33, 1328
2026/09/28 20:19:30.495, 2, 44.67, 1328
2026/09/28 20:19:30.498, 3, 54.95, 1328
2026/09/28 20:19:30.701, 0, 65.87, 1328
2026/09/28 20:19:30.704, 1, 68.46, 1328
2026/09/28 20:19:30.710, 2, 79.01, 1328
2026/09/28 20:19:30.713, 3, 66.97, 1328
2026/09/28 20:19:30.917, 0, 47.80, 1328
2026/09/28 20:19:30.920, 1, 50.44, 1328
2026/09/28 20:19:30.923, 2, 50.91, 1328
2026/09/28 20:19:30.926, 3, 69.62, 1328
2026/09/28 20:19:31.130, 0, 90.32, 1328
2026/09/28 20:19:31.133, 1, 67.97, 1328
2026/09/28 20:19:31.136, 2, 42.26, 1328
2026/09/28 20:19:31.139, 3, 49.44, 1328
2026/09/28 20:19:31.342, 0, 57.67, 1328
2026/09/28 20:19:31.345, 1, 61.74, 1328
2026/09/28 20:19:31.350, 2, 68.29, 1328
2026/09/28 20:19:31.353, 3, 84.07, 1328
2026/09/28 20:19:31.556, 0, 57.95, 1328
2026/09/28 20:19:31.559, 1, 48.02, 1328
2026/09/28 20:19:31.562, 2, 47.33, 1328
2026/09/28 20:19:31.565, 3, 62.18, 1328
2026/09/28 20:19:31.769, 0, 76.21, 1328
2026/09/28 20:19:31.772, 1, 86.48, 1328
2026/09/28 20:19:31.775, 2, 58.64, 1328
2026/09/28 20:19:31.778, 3, 47.03, 1328
2026/09/28 20:19:31.980, 0, 53.35, 1328
2026/09/28 20:19:31.983, 1, 54.03, 1328
2026/09/28 20:19:31.989, 2, 57.19, 1328
2026/09/28 20:19:31.992, 3, 88.36, 1328
2026/09/28 20:19:32.195, 0, 77.12, 1328
2026/09/28 20:19:32.199, 1, 46.58, 1328
2026/09/28 20:19:32.202, 2, 44.19, 1328
2026/09/28 20:19:32.207, 3, 53.99, 1328
2026/09/28 20:19:32.410, 0, 64.42, 1328
2026/09/28 20:19:32.413, 1, 73.28, 1328
2026/09/28 20:19:32.415, 2, 77.13, 1328
2026/09/28 20:19:32.418, 3, 53.75, 1328
2026/09/28 20:19:32.621, 0, 50.91, 1328
2026/09/28 20:19:32.624, 1, 52.61, 1328
2026/09/28 20:19:32.629, 2, 53.81, 1328
2026/09/28 20:19:32.632, 3, 82.19, 1328
2026/09/28 20:19:32.835, 0, 91.76, 1328
2026/09/28 20:19:32.839, 1, 55.68, 1328
2026/09/28 20:19:32.842, 2, 42.98, 1328
2026/09/28 20:19:32.845, 3, 51.37, 1328
2026/09/28 20:19:33.048, 0, 61.98, 1328
2026/09/28 20:19:33.051, 1, 69.66, 1328
2026/09/28 20:19:33.054, 2, 79.97, 1328
2026/09/28 20:19:33.057, 3, 63.16, 1328
2026/09/28 20:19:33.260, 0, 48.79, 1328
2026/09/28 20:19:33.263, 1, 50.19, 1328
2026/09/28 20:19:33.269, 2, 50.19, 1328
2026/09/28 20:19:33.271, 3, 70.60, 1328
2026/09/28 20:19:33.474, 0, 85.03, 1328
2026/09/28 20:19:33.478, 1, 75.69, 1328
2026/09/28 20:19:33.481, 2, 41.77, 1328
2026/09/28 20:19:33.484, 3, 48.48, 1328
2026/09/28 20:19:33.688, 0, 55.77, 1328
2026/09/28 20:19:33.691, 1, 61.71, 1328
2026/09/28 20:19:33.694, 2, 68.94, 1328
2026/09/28 20:19:33.696, 3, 83.30, 1328
2026/09/28 20:19:33.899, 0, 50.43, 1328
2026/09/28 20:19:33.902, 1, 47.30, 1328
2026/09/28 20:19:33.908, 2, 44.19, 1328
2026/09/28 20:19:33.914, 3, 55.69, 1328
2026/09/28 20:19:34.117, 0, 68.73, 1328
2026/09/28 20:19:34.120, 1, 74.72, 1328
2026/09/28 20:19:34.121, 2, 56.20, 1328
2026/09/28 20:19:34.124, 3, 45.83, 1328
2026/09/28 20:19:34.328, 0, 52.36, 1328
2026/09/28 20:19:34.331, 1, 55.71, 1328
2026/09/28 20:19:34.333, 2, 59.81, 1328
2026/09/28 20:19:34.336, 3, 96.06, 1328
2026/09/28 20:19:34.539, 0, 74.52, 1328
2026/09/28 20:19:34.542, 1, 49.46, 1328
2026/09/28 20:19:34.548, 2, 43.22, 1328
2026/09/28 20:19:34.551, 3, 53.54, 1328
2026/09/28 20:19:34.754, 0, 62.97, 1328
2026/09/28 20:19:34.758, 1, 71.62, 1328
2026/09/28 20:19:34.760, 2, 80.21, 1328
2026/09/28 20:19:34.763, 3, 63.12, 1328
2026/09/28 20:19:34.967, 0, 48.76, 1328
2026/09/28 20:19:34.970, 1, 51.64, 1328
2026/09/28 20:19:34.973, 2, 52.85, 1328
2026/09/28 20:19:34.976, 3, 76.12, 1328
2026/09/28 20:19:35.179, 0, 47.32, 1328
2026/09/28 20:19:35.182, 1, 49.47, 1328
2026/09/28 20:19:35.185, 2, 50.19, 1328
2026/09/28 20:19:35.188, 3, 68.93, 1328
2026/09/28 20:19:35.391, 0, 86.08, 1328
2026/09/28 20:19:35.394, 1, 72.56, 1328
2026/09/28 20:19:35.397, 2, 41.77, 1328
2026/09/28 20:19:35.399, 3, 49.44, 1328
2026/09/28 20:19:35.602, 0, 56.74, 1328
2026/09/28 20:19:35.605, 1, 62.74, 1328
2026/09/28 20:19:35.609, 2, 68.73, 1328
2026/09/28 20:19:35.612, 3, 83.30, 1328
2026/09/28 20:19:35.815, 0, 47.06, 1328
2026/09/28 20:19:35.818, 1, 48.96, 1328
2026/09/28 20:19:35.820, 2, 48.53, 1328
2026/09/28 20:19:35.823, 3, 65.57, 1328
2026/09/28 20:19:36.027, 0, 84.59, 1328
2026/09/28 20:19:36.030, 1, 77.81, 1328
2026/09/28 20:19:36.032, 2, 44.16, 1328
2026/09/28 20:19:36.036, 3, 48.02, 1328
2026/09/28 20:19:36.239, 0, 56.98, 1328
2026/09/28 20:19:36.242, 1, 63.18, 1328
2026/09/28 20:19:36.245, 2, 70.14, 1328
2026/09/28 20:19:36.248, 3, 80.41, 1328
2026/09/28 20:19:36.451, 0, 47.08, 1328
2026/09/28 20:19:36.457, 1, 48.99, 1328
2026/09/28 20:19:36.459, 2, 49.47, 1328
2026/09/28 20:19:36.462, 3, 65.32, 1328
2026/09/28 20:19:36.666, 0, 90.38, 1328
2026/09/28 20:19:36.670, 1, 71.35, 1328
2026/09/28 20:19:36.672, 2, 41.77, 1328
2026/09/28 20:19:36.676, 3, 48.96, 1328
2026/09/28 20:19:36.879, 0, 56.70, 1328
2026/09/28 20:19:36.882, 1, 58.09, 1328
2026/09/28 20:19:36.888, 2, 62.94, 1328
2026/09/28 20:19:36.891, 3, 100.87, 1328
2026/09/28 20:19:37.095, 0, 46.36, 1328
2026/09/28 20:19:37.098, 1, 48.51, 1328
2026/09/28 20:19:37.100, 2, 48.51, 1328
2026/09/28 20:19:37.103, 3, 74.44, 1328
2026/09/28 20:19:37.306, 0, 91.76, 1328
2026/09/28 20:19:37.309, 1, 59.09, 1328
2026/09/28 20:19:37.312, 2, 42.74, 1328
2026/09/28 20:19:37.316, 3, 51.13, 1328
2026/09/28 20:19:37.520, 0, 59.15, 1328
2026/09/28 20:19:37.522, 1, 61.01, 1328
2026/09/28 20:19:37.528, 2, 68.49, 1328
2026/09/28 20:19:37.531, 3, 85.67, 1328
2026/09/28 20:19:37.734, 0, 46.84, 1328
2026/09/28 20:19:37.737, 1, 49.24, 1328
2026/09/28 20:19:37.740, 2, 48.51, 1328
2026/09/28 20:19:37.743, 3, 67.49, 1328
2026/09/28 20:19:37.946, 0, 83.13, 1328
2026/09/28 20:19:37.949, 1, 77.33, 1328
2026/09/28 20:19:37.952, 2, 45.39, 1328
2026/09/28 20:19:37.956, 3, 47.99, 1328
2026/09/28 20:19:38.159, 0, 56.74, 1328
2026/09/28 20:19:38.162, 1, 57.92, 1328
2026/09/28 20:19:38.168, 2, 62.70, 1328
2026/09/28 20:19:38.171, 3, 99.13, 1328
2026/09/28 20:19:38.374, 0, 62.25, 1328
2026/09/28 20:19:38.377, 1, 47.30, 1328
2026/09/28 20:19:38.380, 2, 46.58, 1328
2026/09/28 20:19:38.383, 3, 61.98, 1328
2026/09/28 20:19:38.586, 0, 74.99, 1328
2026/09/28 20:19:38.588, 1, 86.72, 1328
2026/09/28 20:19:38.591, 2, 62.67, 1328
2026/09/28 20:19:38.596, 3, 46.33, 1328
2026/09/28 20:19:38.798, 0, 52.60, 1328
2026/09/28 20:19:38.801, 1, 53.31, 1328
2026/09/28 20:19:38.808, 2, 54.78, 1328
2026/09/28 20:19:38.811, 3, 84.27, 1328
2026/09/28 20:19:39.014, 0, 81.93, 1328
2026/09/28 20:19:39.017, 1, 45.84, 1328
2026/09/28 20:19:39.019, 2, 43.92, 1328
2026/09/28 20:19:39.022, 3, 54.50, 1328
2026/09/28 20:19:39.225, 0, 68.52, 1328
2026/09/28 20:19:39.228, 1, 78.10, 1328
2026/09/28 20:19:39.231, 2, 73.52, 1328
2026/09/28 20:19:39.235, 3, 48.48, 1328
2026/09/28 20:19:39.438, 0, 50.67, 1328
2026/09/28 20:19:39.441, 1, 54.27, 1328
2026/09/28 20:19:39.444, 2, 55.50, 1328
2026/09/28 20:19:39.447, 3, 84.54, 1328
2026/09/28 20:19:39.650, 0, 92.06, 1328
2026/09/28 20:19:39.656, 1, 63.68, 1328
2026/09/28 20:19:39.659, 2, 42.50, 1328
2026/09/28 20:19:39.662, 3, 51.13, 1328
2026/09/28 20:19:39.865, 0, 60.08, 1328
2026/09/28 20:19:39.868, 1, 67.29, 1328
2026/09/28 20:19:39.871, 2, 74.72, 1328
2026/09/28 20:19:39.875, 3, 74.44, 1328
2026/09/28 20:19:40.078, 0, 48.29, 1328
2026/09/28 20:19:40.081, 1, 51.37, 1328
2026/09/28 20:19:40.085, 2, 50.92, 1328
2026/09/28 20:19:40.088, 3, 72.27, 1328
2026/09/28 20:19:40.291, 0, 92.35, 1328
2026/09/28 20:19:40.294, 1, 67.01, 1328
2026/09/28 20:19:40.297, 2, 42.50, 1328
2026/09/28 20:19:40.299, 3, 50.65, 1328
2026/09/28 20:19:40.502, 0, 58.88, 1328
2026/09/28 20:19:40.505, 1, 61.26, 1328
2026/09/28 20:19:40.511, 2, 66.80, 1328
2026/09/28 20:19:40.515, 3, 87.64, 1328
2026/09/28 20:19:40.718, 0, 53.32, 1328
2026/09/28 20:19:40.721, 1, 48.02, 1328
2026/09/28 20:19:40.724, 2, 47.78, 1328
2026/09/28 20:19:40.727, 3, 63.64, 1328
2026/09/28 20:19:40.930, 0, 78.61, 1328
2026/09/28 20:19:40.932, 1, 82.14, 1328
2026/09/28 20:19:40.935, 2, 49.47, 1328
2026/09/28 20:19:40.938, 3, 47.99, 1328
2026/09/28 20:19:41.141, 0, 56.71, 1328
2026/09/28 20:19:41.144, 1, 74.00, 1328
2026/09/28 20:19:41.145, 2, 41.29, 1328
2026/09/28 20:19:41.145, 3, 67.41, 1328
2026/09/28 20:19:41.350, 0, 48.74, 1328
2026/09/28 20:19:41.353, 1, 50.92, 1328
2026/09/28 20:19:41.356, 2, 51.64, 1328
2026/09/28 20:19:41.360, 3, 73.23, 1328
2026/09/28 20:19:41.563, 0, 41.56, 1328
2026/09/28 20:19:41.565, 1, 41.78, 1328
2026/09/28 20:19:41.568, 2, 37.45, 1328
2026/09/28 20:19:41.575, 3, 39.12, 1328
2026/09/28 20:19:41.778, 0, 138.20, 1316
2026/09/28 20:19:41.789, 1, 41.75, 1328
2026/09/28 20:19:41.792, 2, 37.43, 1328
2026/09/28 20:19:41.795, 3, 39.07, 1328
2026/09/28 20:19:41.997, 0, 41.04, 1328
2026/09/28 20:19:42.004, 1, 67.53, 1316
2026/09/28 20:19:42.007, 2, 118.96, 1328
2026/09/28 20:19:42.010, 3, 38.85, 1328
2026/09/28 20:19:42.214, 0, 40.56, 1328
2026/09/28 20:19:42.217, 1, 41.75, 1328
2026/09/28 20:19:42.220, 2, 38.88, 1316
2026/09/28 20:19:42.222, 3, 158.24, 1328
2026/09/28 20:19:42.425, 0, 48.05, 1328
2026/09/28 20:19:42.428, 1, 64.16, 1328
2026/09/28 20:19:42.431, 2, 107.12, 1328
2026/09/28 20:19:42.434, 3, 52.03, 1328
2026/09/28 20:19:42.642, 0, 61.29, 1328
2026/09/28 20:19:42.645, 1, 69.45, 1328
2026/09/28 20:19:42.648, 2, 79.26, 1328
2026/09/28 20:19:42.651, 3, 79.50, 1328
2026/09/28 20:19:42.856, 0, 47.31, 1328
2026/09/28 20:19:42.859, 1, 49.47, 1328
2026/09/28 20:19:42.862, 2, 49.71, 1328
2026/09/28 20:19:42.865, 3, 69.38, 1328
2026/09/28 20:19:43.068, 0, 91.04, 1328
2026/09/28 20:19:43.071, 1, 74.72, 1328
2026/09/28 20:19:43.076, 2, 41.77, 1328
2026/09/28 20:19:43.079, 3, 48.96, 1328
2026/09/28 20:19:43.282, 0, 56.75, 1328
2026/09/28 20:19:43.285, 1, 62.43, 1328
2026/09/28 20:19:43.287, 2, 70.62, 1328
2026/09/28 20:19:43.290, 3, 92.69, 1328
2026/09/28 20:19:43.495, 0, 58.43, 1328
2026/09/28 20:19:43.498, 1, 47.77, 1328
2026/09/28 20:19:43.501, 2, 46.58, 1328
2026/09/28 20:19:43.504, 3, 61.70, 1328
2026/09/28 20:19:43.707, 0, 76.16, 1328
2026/09/28 20:19:43.710, 1, 82.38, 1328
2026/09/28 20:19:43.715, 2, 65.07, 1328
2026/09/28 20:19:43.718, 3, 46.06, 1328
2026/09/28 20:19:43.921, 0, 52.60, 1328
2026/09/28 20:19:43.924, 1, 55.95, 1328
2026/09/28 20:19:43.927, 2, 59.81, 1328
2026/09/28 20:19:43.930, 3, 85.04, 1328
2026/09/28 20:19:44.135, 0, 75.43, 1328
2026/09/28 20:19:44.138, 1, 46.33, 1328
2026/09/28 20:19:44.141, 2, 44.67, 1328
2026/09/28 20:19:44.144, 3, 56.16, 1328
2026/09/28 20:19:44.347, 0, 67.03, 1328
2026/09/28 20:19:44.350, 1, 72.36, 1328
2026/09/28 20:19:44.355, 2, 81.71, 1328
2026/09/28 20:19:44.358, 3, 62.91, 1328
2026/09/28 20:19:44.561, 0, 49.22, 1328
2026/09/28 20:19:44.564, 1, 51.88, 1328
2026/09/28 20:19:44.567, 2, 49.47, 1328
2026/09/28 20:19:44.573, 3, 68.69, 1328
2026/09/28 20:19:44.776, 0, 79.28, 1328
2026/09/28 20:19:44.782, 1, 80.22, 1328
2026/09/28 20:19:44.785, 2, 45.61, 1328
2026/09/28 20:19:44.788, 3, 48.48, 1328
2026/09/28 20:19:44.991, 0, 55.77, 1328
2026/09/28 20:19:44.994, 1, 61.26, 1328
2026/09/28 20:19:44.996, 2, 66.52, 1328
2026/09/28 20:19:44.999, 3, 87.15, 1328
2026/09/28 20:19:45.202, 0, 47.08, 1328
2026/09/28 20:19:45.205, 1, 49.23, 1328
2026/09/28 20:19:45.208, 2, 47.06, 1328
2026/09/28 20:19:45.213, 3, 61.94, 1328
2026/09/28 20:19:45.416, 0, 70.69, 1328
2026/09/28 20:19:45.422, 1, 82.66, 1328
2026/09/28 20:19:45.424, 2, 64.15, 1328
2026/09/28 20:19:45.427, 3, 45.83, 1328
2026/09/28 20:19:45.630, 0, 51.91, 1328
2026/09/28 20:19:45.633, 1, 55.47, 1328
2026/09/28 20:19:45.636, 2, 60.09, 1328
2026/09/28 20:19:45.639, 3, 92.44, 1328
2026/09/28 20:19:45.842, 0, 74.76, 1328
2026/09/28 20:19:45.845, 1, 46.58, 1328
2026/09/28 20:19:45.848, 2, 44.16, 1328
2026/09/28 20:19:45.853, 3, 54.74, 1328
2026/09/28 20:19:46.056, 0, 61.24, 1328
2026/09/28 20:19:46.061, 1, 69.66, 1328
2026/09/28 20:19:46.064, 2, 80.31, 1328
2026/09/28 20:19:46.067, 3, 66.49, 1328
2026/09/28 20:19:46.270, 0, 49.46, 1328
2026/09/28 20:19:46.273, 1, 52.09, 1328
2026/09/28 20:19:46.276, 2, 53.81, 1328
2026/09/28 20:19:46.279, 3, 80.21, 1328
2026/09/28 20:19:46.482, 0, 89.83, 1328
2026/09/28 20:19:46.485, 1, 55.26, 1328
2026/09/28 20:19:46.487, 2, 42.26, 1328
2026/09/28 20:19:46.492, 3, 50.17, 1328
2026/09/28 20:19:46.695, 0, 55.29, 1328
2026/09/28 20:19:46.701, 1, 60.30, 1328
2026/09/28 20:19:46.704, 2, 68.21, 1328
2026/09/28 20:19:46.707, 3, 87.15, 1328
2026/09/28 20:19:46.910, 0, 55.49, 1328
2026/09/28 20:19:46.913, 1, 48.02, 1328
2026/09/28 20:19:46.916, 2, 47.30, 1328
2026/09/28 20:19:46.919, 3, 63.42, 1328
2026/09/28 20:19:47.122, 0, 80.98, 1328
2026/09/28 20:19:47.125, 1, 80.26, 1328
2026/09/28 20:19:47.128, 2, 56.92, 1328
2026/09/28 20:19:47.132, 3, 46.55, 1328
2026/09/28 20:19:47.335, 0, 51.91, 1328
2026/09/28 20:19:47.341, 1, 55.99, 1328
2026/09/28 20:19:47.343, 2, 59.61, 1328
2026/09/28 20:19:47.346, 3, 95.57, 1328
2026/09/28 20:19:47.549, 0, 75.04, 1328
2026/09/28 20:19:47.552, 1, 46.58, 1328
2026/09/28 20:19:47.555, 2, 45.13, 1328
2026/09/28 20:19:47.559, 3, 56.89, 1328
2026/09/28 20:19:47.762, 0, 68.00, 1328
2026/09/28 20:19:47.765, 1, 78.63, 1328
2026/09/28 20:19:47.768, 2, 76.89, 1328
2026/09/28 20:19:47.772, 3, 57.13, 1328
2026/09/28 20:19:47.975, 0, 48.74, 1328
2026/09/28 20:19:47.980, 1, 51.40, 1328
2026/09/28 20:19:47.983, 2, 52.64, 1328
2026/09/28 20:19:47.986, 3, 75.40, 1328
2026/09/28 20:19:48.189, 0, 90.86, 1328
2026/09/28 20:19:48.192, 1, 57.40, 1328
2026/09/28 20:19:48.195, 2, 43.22, 1328
2026/09/28 20:19:48.198, 3, 52.82, 1328
2026/09/28 20:19:48.401, 0, 61.04, 1328
2026/09/28 20:19:48.404, 1, 70.19, 1328
2026/09/28 20:19:48.407, 2, 72.83, 1328
2026/09/28 20:19:48.412, 3, 74.92, 1328
2026/09/28 20:19:48.615, 0, 53.36, 1328
2026/09/28 20:19:48.620, 1, 48.72, 1328
2026/09/28 20:19:48.623, 2, 47.81, 1328
2026/09/28 20:19:48.626, 3, 64.85, 1328
2026/09/28 20:19:48.829, 0, 78.62, 1328
2026/09/28 20:19:48.832, 1, 81.42, 1328
2026/09/28 20:19:48.835, 2, 50.19, 1328
2026/09/28 20:19:48.837, 3, 47.51, 1328
2026/09/28 20:19:49.040, 0, 54.32, 1328
2026/09/28 20:19:49.043, 1, 58.85, 1328
2026/09/28 20:19:49.046, 2, 61.26, 1328
2026/09/28 20:19:49.051, 3, 98.16, 1328
2026/09/28 20:19:49.254, 0, 70.41, 1328
2026/09/28 20:19:49.259, 1, 46.58, 1328
2026/09/28 20:19:49.262, 2, 44.91, 1328
2026/09/28 20:19:49.265, 3, 57.40, 1328
2026/09/28 20:19:49.469, 0, 69.94, 1328
2026/09/28 20:19:49.472, 1, 78.77, 1328
2026/09/28 20:19:49.474, 2, 66.04, 1328
2026/09/28 20:19:49.477, 3, 45.61, 1328
2026/09/28 20:19:49.680, 0, 51.63, 1328
2026/09/28 20:19:49.683, 1, 54.98, 1328
2026/09/28 20:19:49.686, 2, 54.78, 1328
2026/09/28 20:19:49.691, 3, 81.91, 1328
2026/09/28 20:19:49.894, 0, 92.80, 1328
2026/09/28 20:19:49.899, 1, 62.68, 1328
2026/09/28 20:19:49.902, 2, 42.74, 1328
2026/09/28 20:19:49.905, 3, 51.13, 1328
2026/09/28 20:19:50.108, 0, 62.26, 1328
2026/09/28 20:19:50.111, 1, 69.69, 1328
2026/09/28 20:19:50.114, 2, 79.78, 1328
2026/09/28 20:19:50.117, 3, 63.15, 1328
2026/09/28 20:19:50.320, 0, 48.53, 1328
2026/09/28 20:19:50.323, 1, 51.88, 1328
2026/09/28 20:19:50.326, 2, 50.68, 1328
2026/09/28 20:19:50.331, 3, 72.04, 1328
2026/09/28 20:19:50.534, 0, 78.81, 1328
2026/09/28 20:19:50.539, 1, 83.58, 1328
2026/09/28 20:19:50.543, 2, 54.29, 1328
2026/09/28 20:19:50.546, 3, 47.27, 1328
2026/09/28 20:19:50.749, 0, 53.36, 1328
2026/09/28 20:19:50.752, 1, 59.12, 1328
2026/09/28 20:19:50.755, 2, 63.18, 1328
2026/09/28 20:19:50.758, 3, 92.63, 1328
2026/09/28 20:19:50.960, 0, 61.04, 1328
2026/09/28 20:19:50.963, 1, 47.54, 1328
2026/09/28 20:19:50.966, 2, 45.88, 1328
2026/09/28 20:19:50.970, 3, 59.81, 1328
2026/09/28 20:19:51.173, 0, 85.54, 1328
2026/09/28 20:19:51.180, 1, 49.44, 1328
2026/09/28 20:19:51.182, 2, 43.68, 1328
2026/09/28 20:19:51.185, 3, 53.51, 1328
2026/09/28 20:19:51.388, 0, 65.39, 1328
2026/09/28 20:19:51.392, 1, 73.75, 1328
2026/09/28 20:19:51.395, 2, 76.41, 1328
2026/09/28 20:19:51.398, 3, 53.03, 1328
2026/09/28 20:19:51.601, 0, 49.49, 1328
2026/09/28 20:19:51.603, 1, 53.06, 1328
2026/09/28 20:19:51.606, 2, 53.81, 1328
2026/09/28 20:19:51.610, 3, 79.51, 1328
2026/09/28 20:19:51.813, 0, 90.86, 1328
2026/09/28 20:19:51.816, 1, 55.26, 1328
2026/09/28 20:19:51.819, 2, 43.22, 1328
2026/09/28 20:19:51.822, 3, 52.58, 1328
2026/09/28 20:19:52.025, 0, 62.21, 1328
2026/09/28 20:19:52.028, 1, 70.38, 1328
2026/09/28 20:19:52.031, 2, 79.54, 1328
2026/09/28 20:19:52.033, 3, 61.95, 1328
2026/09/28 20:19:52.236, 0, 49.49, 1328
2026/09/28 20:19:52.240, 1, 53.33, 1328
2026/09/28 20:19:52.243, 2, 55.02, 1328
2026/09/28 20:19:52.246, 3, 82.39, 1328
2026/09/28 20:19:52.449, 0, 89.89, 1328
2026/09/28 20:19:52.452, 1, 54.75, 1328
2026/09/28 20:19:52.455, 2, 43.22, 1328
2026/09/28 20:19:52.458, 3, 53.54, 1328
2026/09/28 20:19:52.661, 0, 61.53, 1328
2026/09/28 20:19:52.664, 1, 70.14, 1328
2026/09/28 20:19:52.667, 2, 79.98, 1328
2026/09/28 20:19:52.670, 3, 78.49, 1328
2026/09/28 20:19:52.876, 0, 47.08, 1328
2026/09/28 20:19:52.879, 1, 49.71, 1328
2026/09/28 20:19:52.882, 2, 49.23, 1328
2026/09/28 20:19:52.885, 3, 66.97, 1328
2026/09/28 20:19:53.088, 0, 89.46, 1328
2026/09/28 20:19:53.092, 1, 71.62, 1328
2026/09/28 20:19:53.095, 2, 41.77, 1328
2026/09/28 20:19:53.098, 3, 49.21, 1328
2026/09/28 20:19:53.301, 0, 57.95, 1328
2026/09/28 20:19:53.304, 1, 63.92, 1328
2026/09/28 20:19:53.307, 2, 72.55, 1328
2026/09/28 20:19:53.309, 3, 78.49, 1328
2026/09/28 20:19:53.512, 0, 47.31, 1328
2026/09/28 20:19:53.515, 1, 49.23, 1328
2026/09/28 20:19:53.518, 2, 50.19, 1328
2026/09/28 20:19:53.521, 3, 69.67, 1328
2026/09/28 20:19:53.724, 0, 85.30, 1328
2026/09/28 20:19:53.727, 1, 75.16, 1328
2026/09/28 20:19:53.730, 2, 41.77, 1328
2026/09/28 20:19:53.733, 3, 47.03, 1328
2026/09/28 20:19:53.939, 0, 54.29, 1328
2026/09/28 20:19:53.942, 1, 58.16, 1328
2026/09/28 20:19:53.945, 2, 60.53, 1328
2026/09/28 20:19:53.949, 3, 99.19, 1328
2026/09/28 20:19:54.152, 0, 65.84, 1328
2026/09/28 20:19:54.155, 1, 47.30, 1328
2026/09/28 20:19:54.158, 2, 46.09, 1328
2026/09/28 20:19:54.161, 3, 60.26, 1328
2026/09/28 20:19:54.364, 0, 75.04, 1328
2026/09/28 20:19:54.367, 1, 85.81, 1328
2026/09/28 20:19:54.370, 2, 54.51, 1328
2026/09/28 20:19:54.372, 3, 46.82, 1328
2026/09/28 20:19:54.575, 0, 53.81, 1328
2026/09/28 20:19:54.578, 1, 58.13, 1328
2026/09/28 20:19:54.581, 2, 62.94, 1328
2026/09/28 20:19:54.584, 3, 99.67, 1328
2026/09/28 20:19:54.787, 0, 62.49, 1328
2026/09/28 20:19:54.790, 1, 47.78, 1328
2026/09/28 20:19:54.793, 2, 46.33, 1328
2026/09/28 20:19:54.796, 3, 61.22, 1328
2026/09/28 20:19:54.999, 0, 76.19, 1328
2026/09/28 20:19:55.002, 1, 84.98, 1328
2026/09/28 20:19:55.005, 2, 58.60, 1328
2026/09/28 20:19:55.009, 3, 46.55, 1328
2026/09/28 20:19:55.212, 0, 53.60, 1328
2026/09/28 20:19:55.215, 1, 58.36, 1328
2026/09/28 20:19:55.217, 2, 62.70, 1328
2026/09/28 20:19:55.220, 3, 91.68, 1328
2026/09/28 20:19:55.425, 0, 74.72, 1328
2026/09/28 20:19:55.428, 1, 46.82, 1328
2026/09/28 20:19:55.431, 2, 45.39, 1328
2026/09/28 20:19:55.434, 3, 58.09, 1328
2026/09/28 20:19:55.637, 0, 69.65, 1328
2026/09/28 20:19:55.640, 1, 80.02, 1328
2026/09/28 20:19:55.643, 2, 76.89, 1328
2026/09/28 20:19:55.648, 3, 56.65, 1328
2026/09/28 20:19:55.851, 0, 49.49, 1328
2026/09/28 20:19:55.854, 1, 53.09, 1328
2026/09/28 20:19:55.857, 2, 55.02, 1328
2026/09/28 20:19:55.860, 3, 71.31, 1328
2026/09/28 20:19:56.067, 0, 93.69, 1328
2026/09/28 20:19:56.070, 1, 59.30, 1328
2026/09/28 20:19:56.073, 2, 42.50, 1328
2026/09/28 20:19:56.076, 3, 51.13, 1328
2026/09/28 20:19:56.279, 0, 60.32, 1328
2026/09/28 20:19:56.282, 1, 68.02, 1328
2026/09/28 20:19:56.284, 2, 75.20, 1328
2026/09/28 20:19:56.288, 3, 72.75, 1328
2026/09/28 20:19:56.491, 0, 48.01, 1328
2026/09/28 20:19:56.494, 1, 50.19, 1328
2026/09/28 20:19:56.497, 2, 51.16, 1328
2026/09/28 20:19:56.500, 3, 64.60, 1328
2026/09/28 20:19:56.706, 0, 79.10, 1328
2026/09/28 20:19:56.709, 1, 85.04, 1328
2026/09/28 20:19:56.713, 2, 50.19, 1328
2026/09/28 20:19:56.716, 3, 47.04, 1328
2026/09/28 20:19:56.919, 0, 54.05, 1328
2026/09/28 20:19:56.923, 1, 58.60, 1328
2026/09/28 20:19:56.926, 2, 61.53, 1328
2026/09/28 20:19:56.931, 3, 98.17, 1328
2026/09/28 20:19:57.134, 0, 59.60, 1328
2026/09/28 20:19:57.137, 1, 48.02, 1328
2026/09/28 20:19:57.139, 2, 47.08, 1328
2026/09/28 20:19:57.142, 3, 62.18, 1328
2026/09/28 20:19:57.346, 0, 75.67, 1328
2026/09/28 20:19:57.348, 1, 87.45, 1328
2026/09/28 20:19:57.352, 2, 58.84, 1328
2026/09/28 20:19:57.355, 3, 46.31, 1328
2026/09/28 20:19:57.558, 0, 52.39, 1328
2026/09/28 20:19:57.561, 1, 56.92, 1328
2026/09/28 20:19:57.564, 2, 61.54, 1328
2026/09/28 20:19:57.567, 3, 96.54, 1328
2026/09/28 20:19:57.770, 0, 41.56, 1328
2026/09/28 20:19:57.773, 1, 41.78, 1328
2026/09/28 20:19:57.778, 2, 37.45, 1328
2026/09/28 20:19:57.781, 3, 39.36, 1328
2026/09/28 20:19:57.985, 0, 148.14, 1265
2026/09/28 20:19:57.988, 1, 41.75, 1328
2026/09/28 20:19:57.991, 2, 37.19, 1328
2026/09/28 20:19:57.995, 3, 39.09, 1328
2026/09/28 20:19:58.198, 0, 152.30, 1278
2026/09/28 20:19:58.201, 1, 41.74, 1328
2026/09/28 20:19:58.204, 2, 37.19, 1328
2026/09/28 20:19:58.207, 3, 39.07, 1328
2026/09/28 20:19:58.414, 0, 41.04, 1328
2026/09/28 20:19:58.417, 1, 155.93, 1290
2026/09/28 20:19:58.428, 2, 37.19, 1328
2026/09/28 20:19:58.431, 3, 38.85, 1328
2026/09/28 20:19:58.634, 0, 41.06, 1328
2026/09/28 20:19:58.637, 1, 41.05, 1316
2026/09/28 20:19:58.645, 2, 146.74, 1303
2026/09/28 20:19:58.648, 3, 38.86, 1328
2026/09/28 20:19:58.851, 0, 40.80, 1328
2026/09/28 20:19:58.854, 1, 42.00, 1328
2026/09/28 20:19:58.857, 2, 152.98, 1303
2026/09/28 20:19:58.864, 3, 41.50, 1328
2026/09/28 20:19:59.067, 0, 40.56, 1328
2026/09/28 20:19:59.070, 1, 41.75, 1328
2026/09/28 20:19:59.074, 2, 36.95, 1328
2026/09/28 20:19:59.078, 3, 145.06, 1265
2026/09/28 20:19:59.281, 0, 42.01, 1328
2026/09/28 20:19:59.286, 1, 44.65, 1328
2026/09/28 20:19:59.294, 2, 42.26, 1328
2026/09/28 20:19:59.298, 3, 58.61, 1328
2026/09/28 20:19:59.501, 0, 79.10, 1328
2026/09/28 20:19:59.506, 1, 83.59, 1328
2026/09/28 20:19:59.509, 2, 46.58, 1328
2026/09/28 20:19:59.512, 3, 47.51, 1328
2026/09/28 20:19:59.715, 0, 54.74, 1328
2026/09/28 20:19:59.718, 1, 57.92, 1328
2026/09/28 20:19:59.722, 2, 62.46, 1328
2026/09/28 20:19:59.725, 3, 100.50, 1328
2026/09/28 20:19:59.928, 0, 66.08, 1328
2026/09/28 20:19:59.932, 1, 47.06, 1328
2026/09/28 20:19:59.935, 2, 45.88, 1328
2026/09/28 20:19:59.938, 3, 59.06, 1328
2026/09/28 20:20:00.141, 0, 68.72, 1328
2026/09/28 20:20:00.146, 1, 80.69, 1328
2026/09/28 20:20:00.149, 2, 66.56, 1328
2026/09/28 20:20:00.152, 3, 45.34, 1328
2026/09/28 20:20:00.355, 0, 51.43, 1328
2026/09/28 20:20:00.358, 1, 53.34, 1328
2026/09/28 20:20:00.362, 2, 56.23, 1328
2026/09/28 20:20:00.365, 3, 85.48, 1328
2026/09/28 20:20:00.568, 0, 84.89, 1328
2026/09/28 20:20:00.571, 1, 46.31, 1328
2026/09/28 20:20:00.574, 2, 43.22, 1328
2026/09/28 20:20:00.577, 3, 54.02, 1328
2026/09/28 20:20:00.780, 0, 63.95, 1328
2026/09/28 20:20:00.785, 1, 73.04, 1328
2026/09/28 20:20:00.788, 2, 76.41, 1328
2026/09/28 20:20:00.791, 3, 52.79, 1328
2026/09/28 20:20:00.995, 0, 49.49, 1328
2026/09/28 20:20:00.998, 1, 52.12, 1328
2026/09/28 20:20:01.002, 2, 53.57, 1328
2026/09/28 20:20:01.004, 3, 77.32, 1328
2026/09/28 20:20:01.207, 0, 86.71, 1328
2026/09/28 20:20:01.210, 1, 50.40, 1328
2026/09/28 20:20:01.213, 2, 43.22, 1328
2026/09/28 20:20:01.217, 3, 53.06, 1328
2026/09/28 20:20:01.420, 0, 58.15, 1328
2026/09/28 20:20:01.425, 1, 64.84, 1328
2026/09/28 20:20:01.428, 2, 72.79, 1328
2026/09/28 20:20:01.431, 3, 74.68, 1328
2026/09/28 20:20:01.634, 0, 47.54, 1328
2026/09/28 20:20:01.637, 1, 48.76, 1328
2026/09/28 20:20:01.641, 2, 48.29, 1328
2026/09/28 20:20:01.644, 3, 66.76, 1328
2026/09/28 20:20:01.847, 0, 81.27, 1328
2026/09/28 20:20:01.850, 1, 78.04, 1328
2026/09/28 20:20:01.853, 2, 49.92, 1328
2026/09/28 20:20:01.857, 3, 47.78, 1328
2026/09/28 20:20:02.060, 0, 53.36, 1328
2026/09/28 20:20:02.065, 1, 56.91, 1328
2026/09/28 20:20:02.068, 2, 61.01, 1328
2026/09/28 20:20:02.071, 3, 97.50, 1328
2026/09/28 20:20:02.274, 0, 67.08, 1328
2026/09/28 20:20:02.277, 1, 47.31, 1328
2026/09/28 20:20:02.281, 2, 45.88, 1328
2026/09/28 20:20:02.284, 3, 59.57, 1328
2026/09/28 20:20:02.487, 0, 41.80, 1328
2026/09/28 20:20:02.490, 1, 42.02, 1328
2026/09/28 20:20:02.493, 2, 37.45, 1328
2026/09/28 20:20:02.497, 3, 39.12, 1328
2026/09/28 20:20:02.703, 0, 146.39, 1265
2026/09/28 20:20:02.710, 1, 41.75, 1328
2026/09/28 20:20:02.713, 2, 37.43, 1328
2026/09/28 20:20:02.716, 3, 39.09, 1328
2026/09/28 20:20:02.919, 0, 40.32, 1316
2026/09/28 20:20:02.927, 1, 154.89, 1316
2026/09/28 20:20:02.930, 2, 37.19, 1328
2026/09/28 20:20:02.936, 3, 38.85, 1328
2026/09/28 20:20:03.139, 0, 41.04, 1328
2026/09/28 20:20:03.145, 1, 44.65, 1316
2026/09/28 20:20:03.148, 2, 144.04, 1328
2026/09/28 20:20:03.151, 3, 39.10, 1328
2026/09/28 20:20:03.354, 0, 40.80, 1328
2026/09/28 20:20:03.357, 1, 42.01, 1328
2026/09/28 20:20:03.360, 2, 137.93, 1328
2026/09/28 20:20:03.363, 3, 66.49, 1328
2026/09/28 20:20:03.566, 0, 40.56, 1328
2026/09/28 20:20:03.569, 1, 41.75, 1328
2026/09/28 20:20:03.572, 2, 36.97, 1328
2026/09/28 20:20:03.576, 3, 150.72, 1278
2026/09/28 20:20:03.779, 0, 62.73, 1328
2026/09/28 20:20:03.784, 1, 47.54, 1328
2026/09/28 20:20:03.787, 2, 45.88, 1328
2026/09/28 20:20:03.790, 3, 58.60, 1328
2026/09/28 20:20:03.993, 0, 76.69, 1328
2026/09/28 20:20:03.996, 1, 85.56, 1328
2026/09/28 20:20:04.000, 2, 58.84, 1328
2026/09/28 20:20:04.003, 3, 46.09, 1328
2026/09/28 20:20:04.206, 0, 54.08, 1328
2026/09/28 20:20:04.209, 1, 58.84, 1328
2026/09/28 20:20:04.212, 2, 61.98, 1328
2026/09/28 20:20:04.215, 3, 99.92, 1328
2026/09/28 20:20:04.418, 0, 81.51, 1328
2026/09/28 20:20:04.424, 1, 46.33, 1328
2026/09/28 20:20:04.427, 2, 44.67, 1328
2026/09/28 20:20:04.429, 3, 56.17, 1328
2026/09/28 20:20:04.632, 0, 65.87, 1328
2026/09/28 20:20:04.635, 1, 74.05, 1328
2026/09/28 20:20:04.639, 2, 77.61, 1328
2026/09/28 20:20:04.642, 3, 54.75, 1328
2026/09/28 20:20:04.846, 0, 49.49, 1328
2026/09/28 20:20:04.849, 1, 55.75, 1328
2026/09/28 20:20:04.852, 2, 57.19, 1328
2026/09/28 20:20:04.855, 3, 87.15, 1328
2026/09/28 20:20:05.058, 0, 81.70, 1328
2026/09/28 20:20:05.063, 1, 46.07, 1328
2026/09/28 20:20:05.066, 2, 43.68, 1328
2026/09/28 20:20:05.069, 3, 54.71, 1328
2026/09/28 20:20:05.272, 0, 66.07, 1328
2026/09/28 20:20:05.275, 1, 73.81, 1328
2026/09/28 20:20:05.279, 2, 79.78, 1328
2026/09/28 20:20:05.282, 3, 57.12, 1328
2026/09/28 20:20:05.485, 0, 49.46, 1328
2026/09/28 20:20:05.488, 1, 52.12, 1328
2026/09/28 20:20:05.491, 2, 53.09, 1328
2026/09/28 20:20:05.495, 3, 76.89, 1328
2026/09/28 20:20:05.698, 0, 86.26, 1328
2026/09/28 20:20:05.703, 1, 74.19, 1328
2026/09/28 20:20:05.706, 2, 41.77, 1328
2026/09/28 20:20:05.709, 3, 48.96, 1328
2026/09/28 20:20:05.912, 0, 56.70, 1328
2026/09/28 20:20:05.915, 1, 61.02, 1328
2026/09/28 20:20:05.919, 2, 68.97, 1328
2026/09/28 20:20:05.921, 3, 85.71, 1328
2026/09/28 20:20:06.124, 0, 47.32, 1328
2026/09/28 20:20:06.127, 1, 49.71, 1328
2026/09/28 20:20:06.130, 2, 49.02, 1328
2026/09/28 20:20:06.134, 3, 65.80, 1328
2026/09/28 20:20:06.337, 0, 74.51, 1328
2026/09/28 20:20:06.343, 1, 86.77, 1328
2026/09/28 20:20:06.345, 2, 57.43, 1328
2026/09/28 20:20:06.348, 3, 46.33, 1328
2026/09/28 20:20:06.551, 0, 53.08, 1328
2026/09/28 20:20:06.554, 1, 55.99, 1328
2026/09/28 20:20:06.558, 2, 59.81, 1328
2026/09/28 20:20:06.561, 3, 95.57, 1328
2026/09/28 20:20:06.764, 0, 74.04, 1328
2026/09/28 20:20:06.767, 1, 46.82, 1328
2026/09/28 20:20:06.770, 2, 44.64, 1328
2026/09/28 20:20:06.774, 3, 56.19, 1328
2026/09/28 20:20:06.977, 0, 62.69, 1328
2026/09/28 20:20:06.983, 1, 69.89, 1328
2026/09/28 20:20:06.986, 2, 79.78, 1328
2026/09/28 20:20:06.988, 3, 62.91, 1328
2026/09/28 20:20:07.191, 0, 49.95, 1328
2026/09/28 20:20:07.194, 1, 52.61, 1328
2026/09/28 20:20:07.198, 2, 53.81, 1328
2026/09/28 20:20:07.201, 3, 79.98, 1328
2026/09/28 20:20:07.404, 0, 90.62, 1328
2026/09/28 20:20:07.407, 1, 54.51, 1328
2026/09/28 20:20:07.409, 2, 42.74, 1328
2026/09/28 20:20:07.414, 3, 52.10, 1328
2026/09/28 20:20:07.617, 0, 56.98, 1328
2026/09/28 20:20:07.622, 1, 62.43, 1328
2026/09/28 20:20:07.625, 2, 68.94, 1328
2026/09/28 20:20:07.628, 3, 81.62, 1328
2026/09/28 20:20:07.831, 0, 50.43, 1328
2026/09/28 20:20:07.834, 1, 48.72, 1328
2026/09/28 20:20:07.838, 2, 47.57, 1328
2026/09/28 20:20:07.841, 3, 63.67, 1328
2026/09/28 20:20:08.044, 0, 76.68, 1328
2026/09/28 20:20:08.047, 1, 83.30, 1328
2026/09/28 20:20:08.050, 2, 55.02, 1328
2026/09/28 20:20:08.053, 3, 47.03, 1328
2026/09/28 20:20:08.256, 0, 53.60, 1328
2026/09/28 20:20:08.261, 1, 57.89, 1328
2026/09/28 20:20:08.264, 2, 61.26, 1328
2026/09/28 20:20:08.267, 3, 98.17, 1328
2026/09/28 20:20:08.471, 0, 58.16, 1328
2026/09/28 20:20:08.474, 1, 47.54, 1328
2026/09/28 20:20:08.477, 2, 47.30, 1328
2026/09/28 20:20:08.480, 3, 61.98, 1328
2026/09/28 20:20:08.683, 0, 74.07, 1328
2026/09/28 20:20:08.686, 1, 86.72, 1328
2026/09/28 20:20:08.689, 2, 61.98, 1328
2026/09/28 20:20:08.693, 3, 45.82, 1328
2026/09/28 20:20:08.896, 0, 50.69, 1328
2026/09/28 20:20:08.901, 1, 54.03, 1328
2026/09/28 20:20:08.904, 2, 57.67, 1328
2026/09/28 20:20:08.907, 3, 88.61, 1328
2026/09/28 20:20:09.110, 0, 66.79, 1328
2026/09/28 20:20:09.113, 1, 46.82, 1328
2026/09/28 20:20:09.117, 2, 44.91, 1328
2026/09/28 20:20:09.120, 3, 57.12, 1328
2026/09/28 20:20:09.323, 0, 68.97, 1328
2026/09/28 20:20:09.326, 1, 78.82, 1328
2026/09/28 20:20:09.329, 2, 72.79, 1328
2026/09/28 20:20:09.332, 3, 45.10, 1328
2026/09/28 20:20:09.536, 0, 50.70, 1328
2026/09/28 20:20:09.541, 1, 54.06, 1328
2026/09/28 20:20:09.543, 2, 57.43, 1328
2026/09/28 20:20:09.546, 3, 83.34, 1328
2026/09/28 20:20:09.750, 0, 85.26, 1328
2026/09/28 20:20:09.753, 1, 52.10, 1328
2026/09/28 20:20:09.757, 2, 43.22, 1328
2026/09/28 20:20:09.759, 3, 53.78, 1328
2026/09/28 20:20:09.962, 0, 62.73, 1328
2026/09/28 20:20:09.965, 1, 71.54, 1328
2026/09/28 20:20:09.968, 2, 81.46, 1328
2026/09/28 20:20:09.972, 3, 62.91, 1328
2026/09/28 20:20:10.175, 0, 48.53, 1328
2026/09/28 20:20:10.180, 1, 51.40, 1328
2026/09/28 20:20:10.183, 2, 51.88, 1328
2026/09/28 20:20:10.186, 3, 74.47, 1328
2026/09/28 20:20:10.389, 0, 93.03, 1328
2026/09/28 20:20:10.392, 1, 70.19, 1328
2026/09/28 20:20:10.396, 2, 42.26, 1328
2026/09/28 20:20:10.399, 3, 49.92, 1328
2026/09/28 20:20:10.602, 0, 57.95, 1328
2026/09/28 20:20:10.605, 1, 63.92, 1328
2026/09/28 20:20:10.608, 2, 68.21, 1328
2026/09/28 20:20:10.612, 3, 83.30, 1328
2026/09/28 20:20:10.815, 0, 60.04, 1328
2026/09/28 20:20:10.820, 1, 48.02, 1328
2026/09/28 20:20:10.823, 2, 47.30, 1328
2026/09/28 20:20:10.826, 3, 61.71, 1328
2026/09/28 20:20:11.029, 0, 79.10, 1328
2026/09/28 20:20:11.032, 1, 85.51, 1328
2026/09/28 20:20:11.036, 2, 58.64, 1328
2026/09/28 20:20:11.039, 3, 46.33, 1328
2026/09/28 20:20:11.242, 0, 53.35, 1328
2026/09/28 20:20:11.245, 1, 58.37, 1328
2026/09/28 20:20:11.248, 2, 61.50, 1328
2026/09/28 20:20:11.251, 3, 99.18, 1328
2026/09/28 20:20:11.454, 0, 82.18, 1328
2026/09/28 20:20:11.460, 1, 46.09, 1328
2026/09/28 20:20:11.462, 2, 44.16, 1328
2026/09/28 20:20:11.465, 3, 55.71, 1328
2026/09/28 20:20:11.668, 0, 64.18, 1328
2026/09/28 20:20:11.672, 1, 71.88, 1328
2026/09/28 20:20:11.676, 2, 81.46, 1328
2026/09/28 20:20:11.678, 3, 59.54, 1328
2026/09/28 20:20:11.881, 0, 55.05, 1328
2026/09/28 20:20:11.884, 1, 60.09, 1328
2026/09/28 20:20:11.887, 2, 66.56, 1328
2026/09/28 20:20:11.891, 3, 89.80, 1328
2026/09/28 20:20:12.094, 0, 70.85, 1328
2026/09/28 20:20:12.100, 1, 46.82, 1328
2026/09/28 20:20:12.103, 2, 45.15, 1328
2026/09/28 20:20:12.105, 3, 58.58, 1328
2026/09/28 20:20:12.308, 0, 73.75, 1328
2026/09/28 20:20:12.311, 1, 86.29, 1328
2026/09/28 20:20:12.315, 2, 62.95, 1328
2026/09/28 20:20:12.318, 3, 46.31, 1328
2026/09/28 20:20:12.521, 0, 52.39, 1328
2026/09/28 20:20:12.524, 1, 56.19, 1328
2026/09/28 20:20:12.527, 2, 58.40, 1328
2026/09/28 20:20:12.530, 3, 91.96, 1328
2026/09/28 20:20:12.733, 0, 89.41, 1328
2026/09/28 20:20:12.740, 1, 53.31, 1328
2026/09/28 20:20:12.742, 2, 43.20, 1328
2026/09/28 20:20:12.745, 3, 53.54, 1328
2026/09/28 20:20:12.948, 0, 63.17, 1328
2026/09/28 20:20:12.951, 1, 68.94, 1328
2026/09/28 20:20:12.955, 2, 80.51, 1328
2026/09/28 20:20:12.958, 3, 63.12, 1328
2026/09/28 20:20:13.161, 0, 49.74, 1328
2026/09/28 20:20:13.164, 1, 52.85, 1328
2026/09/28 20:20:13.167, 2, 54.54, 1328
2026/09/28 20:20:13.170, 3, 78.25, 1328
2026/09/28 20:20:13.373, 0, 86.58, 1328
2026/09/28 20:20:13.380, 1, 74.00, 1328
2026/09/28 20:20:13.383, 2, 41.77, 1328
2026/09/28 20:20:13.386, 3, 49.20, 1328
2026/09/28 20:20:13.589, 0, 56.70, 1328
2026/09/28 20:20:13.592, 1, 62.71, 1328
2026/09/28 20:20:13.595, 2, 70.42, 1328
2026/09/28 20:20:13.597, 3, 82.82, 1328
2026/09/28 20:20:13.800, 0, 47.05, 1328
2026/09/28 20:20:13.803, 1, 49.23, 1328
2026/09/28 20:20:13.806, 2, 48.26, 1328
2026/09/28 20:20:13.810, 3, 65.80, 1328
2026/09/28 20:20:14.013, 0, 83.13, 1328
2026/09/28 20:20:14.016, 1, 77.13, 1328
2026/09/28 20:20:14.019, 2, 41.53, 1328
2026/09/28 20:20:14.022, 3, 48.72, 1328
2026/09/28 20:20:14.224, 0, 56.70, 1328
2026/09/28 20:20:14.227, 1, 63.67, 1328
2026/09/28 20:20:14.230, 2, 70.87, 1328
2026/09/28 20:20:14.233, 3, 99.85, 1328
2026/09/28 20:20:14.439, 0, 64.11, 1328
2026/09/28 20:20:14.442, 1, 47.54, 1328
2026/09/28 20:20:14.445, 2, 45.63, 1328
2026/09/28 20:20:14.449, 3, 57.60, 1328
2026/09/28 20:20:14.653, 0, 69.73, 1328
2026/09/28 20:20:14.656, 1, 80.22, 1328
2026/09/28 20:20:14.659, 2, 68.97, 1328
2026/09/28 20:20:14.661, 3, 45.37, 1328
2026/09/28 20:20:14.864, 0, 51.39, 1328
2026/09/28 20:20:14.867, 1, 55.02, 1328
2026/09/28 20:20:14.870, 2, 58.15, 1328
2026/09/28 20:20:14.873, 3, 79.30, 1328
2026/09/28 20:20:15.079, 0, 82.18, 1328
2026/09/28 20:20:15.082, 1, 45.85, 1328
2026/09/28 20:20:15.085, 2, 43.22, 1328
2026/09/28 20:20:15.089, 3, 53.30, 1328
2026/09/28 20:20:15.292, 0, 63.98, 1328
2026/09/28 20:20:15.295, 1, 72.84, 1328
2026/09/28 20:20:15.298, 2, 79.01, 1328
2026/09/28 20:20:15.301, 3, 56.64, 1328
2026/09/28 20:20:15.504, 0, 49.25, 1328
2026/09/28 20:20:15.507, 1, 52.09, 1328
2026/09/28 20:20:15.510, 2, 54.05, 1328
2026/09/28 20:20:15.512, 3, 79.98, 1328
2026/09/28 20:20:15.715, 0, 95.02, 1328
2026/09/28 20:20:15.719, 1, 59.08, 1328
2026/09/28 20:20:15.722, 2, 42.74, 1328
2026/09/28 20:20:15.725, 3, 51.61, 1328
2026/09/28 20:20:15.928, 0, 61.56, 1328
2026/09/28 20:20:15.931, 1, 68.21, 1328
2026/09/28 20:20:15.934, 2, 79.77, 1328
2026/09/28 20:20:15.937, 3, 63.32, 1328
2026/09/28 20:20:16.140, 0, 49.49, 1328
2026/09/28 20:20:16.143, 1, 53.30, 1328
2026/09/28 20:20:16.146, 2, 54.54, 1328
2026/09/28 20:20:16.148, 3, 82.37, 1328
2026/09/28 20:20:16.351, 0, 87.91, 1328
2026/09/28 20:20:16.354, 1, 53.06, 1328
2026/09/28 20:20:16.357, 2, 43.46, 1328
2026/09/28 20:20:16.360, 3, 53.30, 1328
2026/09/28 20:20:16.563, 0, 62.74, 1328
2026/09/28 20:20:16.566, 1, 72.08, 1328
2026/09/28 20:20:16.569, 2, 82.43, 1328
2026/09/28 20:20:16.572, 3, 59.29, 1328
2026/09/28 20:20:16.775, 0, 47.81, 1328
2026/09/28 20:20:16.780, 1, 50.19, 1328
2026/09/28 20:20:16.783, 2, 48.75, 1328
2026/09/28 20:20:16.788, 3, 65.81, 1328
2026/09/28 20:20:16.991, 0, 83.37, 1328
2026/09/28 20:20:16.994, 1, 75.69, 1328
2026/09/28 20:20:16.997, 2, 41.53, 1328
2026/09/28 20:20:17.000, 3, 48.72, 1328
2026/09/28 20:20:17.203, 0, 57.70, 1328
2026/09/28 20:20:17.206, 1, 63.39, 1328
2026/09/28 20:20:17.208, 2, 72.31, 1328
2026/09/28 20:20:17.211, 3, 78.05, 1328
2026/09/28 20:20:17.414, 0, 156.73, 1328
2026/09/28 20:20:17.417, 1, 41.72, 1328
2026/09/28 20:20:17.420, 2, 37.18, 1328
2026/09/28 20:20:17.423, 3, 39.07, 1328
2026/09/28 20:20:17.631, 0, 41.04, 1328
2026/09/28 20:20:17.634, 1, 141.30, 1303
2026/09/28 20:20:17.642, 2, 37.43, 1328
2026/09/28 20:20:17.645, 3, 39.07, 1328
2026/09/28 20:20:17.848, 0, 41.02, 1328
2026/09/28 20:20:17.851, 1, 41.73, 1328
2026/09/28 20:20:17.855, 2, 49.95, 1328
2026/09/28 20:20:17.858, 3, 147.60, 1328
2026/09/28 20:20:18.062, 0, 43.44, 1328
2026/09/28 20:20:18.065, 1, 48.48, 1328
2026/09/28 20:20:18.068, 2, 61.53, 1328
2026/09/28 20:20:18.071, 3, 114.79, 1328
2026/09/28 20:20:18.274, 0, 51.63, 1328
2026/09/28 20:20:18.277, 1, 55.75, 1328
2026/09/28 20:20:18.280, 2, 58.61, 1328
2026/09/28 20:20:18.283, 3, 91.72, 1328
2026/09/28 20:20:18.486, 0, 77.89, 1328
2026/09/28 20:20:18.489, 1, 55.02, 1328
2026/09/28 20:20:18.495, 2, 43.46, 1328
2026/09/28 20:20:18.498, 3, 52.34, 1328
2026/09/28 20:20:18.701, 0, 61.04, 1328
2026/09/28 20:20:18.705, 1, 67.05, 1328
2026/09/28 20:20:18.708, 2, 70.67, 1328
2026/09/28 20:20:18.713, 3, 78.24, 1328
2026/09/28 20:20:18.916, 0, 61.98, 1328
2026/09/28 20:20:18.921, 1, 47.78, 1328
2026/09/28 20:20:18.924, 2, 46.82, 1328
2026/09/28 20:20:18.927, 3, 62.42, 1328
2026/09/28 20:20:19.130, 0, 77.84, 1328
2026/09/28 20:20:19.133, 1, 84.50, 1328
2026/09/28 20:20:19.136, 2, 54.30, 1328
2026/09/28 20:20:19.139, 3, 46.82, 1328
2026/09/28 20:20:19.342, 0, 55.05, 1328
2026/09/28 20:20:19.345, 1, 60.53, 1328
2026/09/28 20:20:19.348, 2, 66.57, 1328
2026/09/28 20:20:19.350, 3, 90.04, 1328
2026/09/28 20:20:19.554, 0, 55.01, 1328
2026/09/28 20:20:19.556, 1, 48.26, 1328
2026/09/28 20:20:19.559, 2, 47.33, 1328
2026/09/28 20:20:19.562, 3, 63.87, 1328
2026/09/28 20:20:19.765, 0, 78.86, 1328
2026/09/28 20:20:19.768, 1, 82.10, 1328
2026/09/28 20:20:19.771, 2, 52.60, 1328
2026/09/28 20:20:19.774, 3, 47.51, 1328
2026/09/28 20:20:19.977, 0, 53.31, 1328
2026/09/28 20:20:19.981, 1, 58.13, 1328
2026/09/28 20:20:19.983, 2, 64.64, 1328
2026/09/28 20:20:19.986, 3, 96.96, 1328
2026/09/28 20:20:20.189, 0, 51.15, 1328
2026/09/28 20:20:20.192, 1, 48.71, 1328
2026/09/28 20:20:20.195, 2, 47.08, 1328
2026/09/28 20:20:20.198, 3, 64.11, 1328
2026/09/28 20:20:20.401, 0, 78.66, 1328
2026/09/28 20:20:20.404, 1, 81.46, 1328
2026/09/28 20:20:20.407, 2, 50.22, 1328
2026/09/28 20:20:20.410, 3, 47.78, 1328
2026/09/28 20:20:20.613, 0, 54.56, 1328
2026/09/28 20:20:20.616, 1, 59.54, 1328
2026/09/28 20:20:20.619, 2, 62.71, 1328
2026/09/28 20:20:20.623, 3, 97.92, 1328
2026/09/28 20:20:20.826, 0, 71.62, 1328
2026/09/28 20:20:20.829, 1, 46.58, 1328
2026/09/28 20:20:20.834, 2, 44.43, 1328
2026/09/28 20:20:20.837, 3, 56.67, 1328
2026/09/28 20:20:21.040, 0, 67.32, 1328
2026/09/28 20:20:21.043, 1, 77.08, 1328
2026/09/28 20:20:21.046, 2, 73.27, 1328
2026/09/28 20:20:21.049, 3, 44.86, 1328
2026/09/28 20:20:21.252, 0, 51.19, 1328
2026/09/28 20:20:21.255, 1, 55.99, 1328
2026/09/28 20:20:21.258, 2, 58.61, 1328
2026/09/28 20:20:21.261, 3, 92.22, 1328
2026/09/28 20:20:21.464, 0, 77.61, 1328
2026/09/28 20:20:21.467, 1, 46.33, 1328
2026/09/28 20:20:21.470, 2, 44.91, 1328
2026/09/28 20:20:21.472, 3, 57.85, 1328
2026/09/28 20:20:21.675, 0, 65.87, 1328
2026/09/28 20:20:21.680, 1, 76.22, 1328
2026/09/28 20:20:21.683, 2, 74.67, 1328
2026/09/28 20:20:21.685, 3, 52.31, 1328
2026/09/28 20:20:21.888, 0, 50.43, 1328
2026/09/28 20:20:21.891, 1, 53.33, 1328
2026/09/28 20:20:21.894, 2, 56.23, 1328
2026/09/28 20:20:21.897, 3, 82.57, 1328
2026/09/28 20:20:22.100, 0, 79.06, 1328
2026/09/28 20:20:22.103, 1, 46.09, 1328
2026/09/28 20:20:22.106, 2, 44.19, 1328
2026/09/28 20:20:22.109, 3, 54.99, 1328
2026/09/28 20:20:22.312, 0, 66.83, 1328
2026/09/28 20:20:22.315, 1, 75.20, 1328
2026/09/28 20:20:22.318, 2, 80.27, 1328
2026/09/28 20:20:22.324, 3, 71.35, 1328
2026/09/28 20:20:22.528, 0, 47.81, 1328
2026/09/28 20:20:22.531, 1, 50.17, 1328
2026/09/28 20:20:22.534, 2, 50.92, 1328
2026/09/28 20:20:22.537, 3, 72.03, 1328
2026/09/28 20:20:22.740, 0, 87.53, 1328
2026/09/28 20:20:22.742, 1, 68.94, 1328
2026/09/28 20:20:22.745, 2, 42.26, 1328
2026/09/28 20:20:22.748, 3, 49.68, 1328
2026/09/28 20:20:22.951, 0, 58.43, 1328
2026/09/28 20:20:22.954, 1, 64.16, 1328
2026/09/28 20:20:22.957, 2, 73.03, 1328
2026/09/28 20:20:22.960, 3, 75.40, 1328
2026/09/28 20:20:23.163, 0, 47.32, 1328
2026/09/28 20:20:23.166, 1, 49.68, 1328
2026/09/28 20:20:23.169, 2, 49.74, 1328
2026/09/28 20:20:23.172, 3, 69.38, 1328
2026/09/28 20:20:23.375, 0, 89.42, 1328
2026/09/28 20:20:23.379, 1, 70.38, 1328
2026/09/28 20:20:23.381, 2, 42.01, 1328
2026/09/28 20:20:23.384, 3, 49.68, 1328
2026/09/28 20:20:23.587, 0, 57.70, 1328
2026/09/28 20:20:23.590, 1, 63.92, 1328
2026/09/28 20:20:23.593, 2, 72.55, 1328
2026/09/28 20:20:23.596, 3, 76.33, 1328
2026/09/28 20:20:23.799, 0, 47.32, 1328
2026/09/28 20:20:23.802, 1, 49.71, 1328
2026/09/28 20:20:23.805, 2, 50.44, 1328
2026/09/28 20:20:23.808, 3, 69.17, 1328
2026/09/28 20:20:24.011, 0, 86.02, 1328
2026/09/28 20:20:24.014, 1, 71.78, 1328
2026/09/28 20:20:24.016, 2, 42.01, 1328
2026/09/28 20:20:24.019, 3, 49.44, 1328
2026/09/28 20:20:24.222, 0, 58.91, 1328
2026/09/28 20:20:24.225, 1, 66.08, 1328
2026/09/28 20:20:24.228, 2, 72.59, 1328
2026/09/28 20:20:24.231, 3, 74.44, 1328
2026/09/28 20:20:24.434, 0, 47.08, 1328
2026/09/28 20:20:24.438, 1, 49.47, 1328
2026/09/28 20:20:24.441, 2, 49.02, 1328
2026/09/28 20:20:24.444, 3, 67.00, 1328
2026/09/28 20:20:24.647, 0, 83.91, 1328
2026/09/28 20:20:24.650, 1, 77.09, 1328
2026/09/28 20:20:24.653, 2, 41.51, 1328
2026/09/28 20:20:24.656, 3, 48.96, 1328
2026/09/28 20:20:24.859, 0, 55.74, 1328
2026/09/28 20:20:24.862, 1, 62.26, 1328
2026/09/28 20:20:24.864, 2, 68.74, 1328
2026/09/28 20:20:24.867, 3, 84.50, 1328
2026/09/28 20:20:25.070, 0, 47.56, 1328
2026/09/28 20:20:25.073, 1, 49.71, 1328
2026/09/28 20:20:25.076, 2, 46.60, 1328
2026/09/28 20:20:25.083, 3, 61.94, 1328
2026/09/28 20:20:25.286, 0, 74.75, 1328
2026/09/28 20:20:25.289, 1, 85.27, 1328
2026/09/28 20:20:25.292, 2, 58.15, 1328
2026/09/28 20:20:25.295, 3, 46.31, 1328
2026/09/28 20:20:25.498, 0, 52.36, 1328
2026/09/28 20:20:25.501, 1, 57.40, 1328
2026/09/28 20:20:25.504, 2, 61.26, 1328
2026/09/28 20:20:25.507, 3, 100.33, 1328
2026/09/28 20:20:25.710, 0, 69.45, 1328
2026/09/28 20:20:25.713, 1, 47.06, 1328
2026/09/28 20:20:25.716, 2, 43.70, 1328
2026/09/28 20:20:25.722, 3, 54.51, 1328
2026/09/28 20:20:25.925, 0, 64.62, 1328
2026/09/28 20:20:25.928, 1, 70.67, 1328
2026/09/28 20:20:25.932, 2, 80.01, 1328
2026/09/28 20:20:25.935, 3, 63.84, 1328
2026/09/28 20:20:26.138, 0, 49.22, 1328
2026/09/28 20:20:26.141, 1, 52.09, 1328
2026/09/28 20:20:26.144, 2, 52.85, 1328
2026/09/28 20:20:26.147, 3, 76.80, 1328
2026/09/28 20:20:26.350, 0, 88.43, 1328
2026/09/28 20:20:26.353, 1, 54.50, 1328
2026/09/28 20:20:26.356, 2, 41.77, 1328
2026/09/28 20:20:26.362, 3, 50.41, 1328
2026/09/28 20:20:26.565, 0, 58.87, 1328
2026/09/28 20:20:26.567, 1, 62.26, 1328
2026/09/28 20:20:26.572, 2, 69.94, 1328
2026/09/28 20:20:26.575, 3, 82.39, 1328
2026/09/28 20:20:26.778, 0, 49.25, 1328
2026/09/28 20:20:26.780, 1, 48.75, 1328
2026/09/28 20:20:26.783, 2, 48.51, 1328
2026/09/28 20:20:26.786, 3, 66.52, 1328
2026/09/28 20:20:26.989, 0, 82.96, 1328
2026/09/28 20:20:26.992, 1, 78.29, 1328
2026/09/28 20:20:26.995, 2, 43.92, 1328
2026/09/28 20:20:26.998, 3, 48.72, 1328
2026/09/28 20:20:27.201, 0, 94.94, 1328
2026/09/28 20:20:27.201, 1, 64.11, 1328
2026/09/28 20:20:27.204, 2, 42.26, 1328
2026/09/28 20:20:27.205, 3, 49.44, 1328
2026/09/28 20:20:27.408, 0, 57.67, 1328
2026/09/28 20:20:27.411, 1, 63.71, 1328
2026/09/28 20:20:27.414, 2, 72.84, 1328
2026/09/28 20:20:27.417, 3, 78.29, 1328
2026/09/28 20:20:27.620, 0, 47.08, 1328
2026/09/28 20:20:27.622, 1, 49.47, 1328
2026/09/28 20:20:27.625, 2, 49.23, 1328
2026/09/28 20:20:27.628, 3, 67.49, 1328
2026/09/28 20:20:27.831, 0, 78.57, 1328
2026/09/28 20:20:27.836, 1, 81.85, 1328
2026/09/28 20:20:27.839, 2, 48.02, 1328
2026/09/28 20:20:27.842, 3, 47.99, 1328
2026/09/28 20:20:28.045, 0, 55.01, 1328
2026/09/28 20:20:28.048, 1, 59.78, 1328
2026/09/28 20:20:28.051, 2, 65.56, 1328
2026/09/28 20:20:28.054, 3, 90.22, 1328
2026/09/28 20:20:28.257, 0, 47.56, 1328
2026/09/28 20:20:28.260, 1, 48.75, 1328
2026/09/28 20:20:28.262, 2, 48.29, 1328
2026/09/28 20:20:28.266, 3, 65.32, 1328
2026/09/28 20:20:28.469, 0, 80.53, 1328
2026/09/28 20:20:28.472, 1, 82.68, 1328
2026/09/28 20:20:28.475, 2, 62.70, 1328
2026/09/28 20:20:28.481, 3, 45.85, 1328
2026/09/28 20:20:28.684, 0, 52.38, 1328
2026/09/28 20:20:28.687, 1, 55.72, 1328
2026/09/28 20:20:28.690, 2, 58.37, 1328
2026/09/28 20:20:28.693, 3, 91.96, 1328
2026/09/28 20:20:28.896, 0, 71.34, 1328
2026/09/28 20:20:28.899, 1, 47.03, 1328
2026/09/28 20:20:28.902, 2, 45.61, 1328
2026/09/28 20:20:28.905, 3, 58.33, 1328
2026/09/28 20:20:29.108, 0, 79.76, 1328
2026/09/28 20:20:29.111, 1, 83.58, 1328
2026/09/28 20:20:29.114, 2, 66.28, 1328
2026/09/28 20:20:29.121, 3, 45.10, 1328
2026/09/28 20:20:29.324, 0, 51.63, 1328
2026/09/28 20:20:29.327, 1, 55.02, 1328
2026/09/28 20:20:29.330, 2, 57.19, 1328
2026/09/28 20:20:29.333, 3, 89.32, 1328
2026/09/28 20:20:29.536, 0, 78.08, 1328
2026/09/28 20:20:29.539, 1, 46.09, 1328
2026/09/28 20:20:29.542, 2, 45.15, 1328
2026/09/28 20:20:29.545, 3, 56.64, 1328
2026/09/28 20:20:29.747, 0, 66.80, 1328
2026/09/28 20:20:29.751, 1, 76.65, 1328
2026/09/28 20:20:29.754, 2, 73.02, 1328
2026/09/28 20:20:29.756, 3, 45.58, 1328
2026/09/28 20:20:29.959, 0, 50.91, 1328
2026/09/28 20:20:29.962, 1, 54.72, 1328
2026/09/28 20:20:29.965, 2, 57.43, 1328
2026/09/28 20:20:29.968, 3, 88.37, 1328
2026/09/28 20:20:30.171, 0, 75.24, 1328
2026/09/28 20:20:30.175, 1, 46.58, 1328
2026/09/28 20:20:30.177, 2, 44.91, 1328
2026/09/28 20:20:30.180, 3, 57.85, 1328
2026/09/28 20:20:30.383, 0, 69.49, 1328
2026/09/28 20:20:30.386, 1, 78.82, 1328
2026/09/28 20:20:30.389, 2, 71.78, 1328
2026/09/28 20:20:30.392, 3, 45.35, 1328
2026/09/28 20:20:30.595, 0, 50.70, 1328
2026/09/28 20:20:30.598, 1, 54.51, 1328
2026/09/28 20:20:30.601, 2, 57.19, 1328
2026/09/28 20:20:30.604, 3, 89.13, 1328
2026/09/28 20:20:30.807, 0, 81.94, 1328
2026/09/28 20:20:30.811, 1, 45.87, 1328
2026/09/28 20:20:30.813, 2, 42.50, 1328
2026/09/28 20:20:30.819, 3, 52.31, 1328
2026/09/28 20:20:31.022, 0, 61.54, 1328
2026/09/28 20:20:31.025, 1, 66.53, 1328
2026/09/28 20:20:31.029, 2, 75.20, 1328
2026/09/28 20:20:31.032, 3, 75.60, 1328
2026/09/28 20:20:31.235, 0, 47.77, 1328
2026/09/28 20:20:31.238, 1, 49.69, 1328
2026/09/28 20:20:31.241, 2, 50.92, 1328
2026/09/28 20:20:31.244, 3, 71.31, 1328
2026/09/28 20:20:31.447, 0, 92.79, 1328
2026/09/28 20:20:31.450, 1, 62.67, 1328
2026/09/28 20:20:31.453, 2, 41.53, 1328
2026/09/28 20:20:31.459, 3, 48.72, 1328
2026/09/28 20:20:31.662, 0, 56.94, 1328
2026/09/28 20:20:31.665, 1, 58.88, 1328
2026/09/28 20:20:31.670, 2, 65.11, 1328
2026/09/28 20:20:31.673, 3, 98.12, 1328
2026/09/28 20:20:31.876, 0, 66.31, 1328
2026/09/28 20:20:31.879, 1, 47.54, 1328
2026/09/28 20:20:31.882, 2, 46.60, 1328
2026/09/28 20:20:31.885, 3, 61.70, 1328
2026/09/28 20:20:32.088, 0, 78.08, 1328
2026/09/28 20:20:32.091, 1, 83.82, 1328
2026/09/28 20:20:32.094, 2, 61.74, 1328
2026/09/28 20:20:32.099, 3, 46.06, 1328
2026/09/28 20:20:32.302, 0, 52.60, 1328
2026/09/28 20:20:32.305, 1, 57.65, 1328
2026/09/28 20:20:32.307, 2, 61.50, 1328
2026/09/28 20:20:32.310, 3, 100.11, 1328
2026/09/28 20:20:32.513, 0, 70.18, 1328
2026/09/28 20:20:32.517, 1, 47.30, 1328
2026/09/28 20:20:32.520, 2, 45.64, 1328
2026/09/28 20:20:32.523, 3, 59.30, 1328
2026/09/28 20:20:32.726, 0, 71.18, 1328
2026/09/28 20:20:32.729, 1, 76.65, 1328
2026/09/28 20:20:32.733, 2, 79.78, 1328
2026/09/28 20:20:32.738, 3, 57.61, 1328
2026/09/28 20:20:32.941, 0, 49.22, 1328
2026/09/28 20:20:32.944, 1, 52.57, 1328
2026/09/28 20:20:32.947, 2, 53.81, 1328
2026/09/28 20:20:32.950, 3, 79.70, 1328
2026/09/28 20:20:33.153, 0, 53.32, 1328
2026/09/28 20:20:33.156, 1, 48.51, 1328
2026/09/28 20:20:33.159, 2, 47.57, 1328
2026/09/28 20:20:33.161, 3, 63.15, 1328
2026/09/28 20:20:33.364, 0, 42.04, 1328
2026/09/28 20:20:33.367, 1, 42.26, 1328
2026/09/28 20:20:33.370, 2, 37.69, 1328
2026/09/28 20:20:33.373, 3, 39.82, 1328
2026/09/28 20:20:33.576, 0, 141.82, 1227
2026/09/28 20:20:33.579, 1, 41.75, 1328
2026/09/28 20:20:33.582, 2, 37.43, 1328
2026/09/28 20:20:33.585, 3, 39.07, 1328
2026/09/28 20:20:33.793, 0, 147.92, 1227
2026/09/28 20:20:33.796, 1, 41.51, 1328
2026/09/28 20:20:33.799, 2, 37.19, 1328
2026/09/28 20:20:33.801, 3, 39.09, 1328
2026/09/28 20:20:34.008, 0, 151.44, 1252
2026/09/28 20:20:34.011, 1, 41.51, 1328
2026/09/28 20:20:34.014, 2, 37.19, 1328
2026/09/28 20:20:34.017, 3, 39.07, 1328
2026/09/28 20:20:34.220, 0, 154.22, 1252
2026/09/28 20:20:34.229, 1, 41.51, 1328
2026/09/28 20:20:34.232, 2, 37.19, 1328
2026/09/28 20:20:34.237, 3, 38.83, 1328
2026/09/28 20:20:34.440, 0, 83.14, 1278
2026/09/28 20:20:34.448, 1, 141.27, 1328
2026/09/28 20:20:34.451, 2, 37.19, 1328
2026/09/28 20:20:34.457, 3, 38.82, 1328
2026/09/28 20:20:34.660, 0, 41.04, 1328
2026/09/28 20:20:34.663, 1, 156.82, 1240
2026/09/28 20:20:34.670, 2, 37.19, 1328
2026/09/28 20:20:34.673, 3, 38.83, 1328
2026/09/28 20:20:34.876, 0, 41.29, 1328
2026/09/28 20:20:34.879, 1, 151.29, 1278
2026/09/28 20:20:34.886, 2, 37.19, 1328
2026/09/28 20:20:34.888, 3, 38.83, 1328
2026/09/28 20:20:35.091, 0, 40.80, 1328
2026/09/28 20:20:35.094, 1, 149.85, 1252
2026/09/28 20:20:35.097, 2, 37.19, 1328
2026/09/28 20:20:35.100, 3, 38.85, 1328
2026/09/28 20:20:35.303, 0, 40.80, 1328
2026/09/28 20:20:35.307, 1, 66.57, 1290
2026/09/28 20:20:35.310, 2, 137.37, 1328
2026/09/28 20:20:35.313, 3, 38.85, 1328
2026/09/28 20:20:35.516, 0, 40.56, 1328
2026/09/28 20:20:35.523, 1, 41.02, 1328
2026/09/28 20:20:35.527, 2, 148.33, 1265
2026/09/28 20:20:35.531, 3, 38.86, 1328
2026/09/28 20:20:35.734, 0, 40.56, 1328
2026/09/28 20:20:35.736, 1, 42.02, 1328
2026/09/28 20:20:35.747, 2, 149.86, 1290
2026/09/28 20:20:35.750, 3, 38.85, 1328
2026/09/28 20:20:35.953, 0, 40.56, 1328
2026/09/28 20:20:35.956, 1, 41.76, 1328
2026/09/28 20:20:35.963, 2, 150.49, 1265
2026/09/28 20:20:35.966, 3, 38.85, 1328
2026/09/28 20:20:36.171, 0, 40.56, 1328
2026/09/28 20:20:36.174, 1, 41.72, 1328
2026/09/28 20:20:36.181, 2, 50.91, 1303
2026/09/28 20:20:36.184, 3, 165.52, 1328
2026/09/28 20:20:36.387, 0, 40.56, 1328
2026/09/28 20:20:36.394, 1, 41.75, 1328
2026/09/28 20:20:36.397, 2, 36.94, 1328
2026/09/28 20:20:36.400, 3, 150.99, 1215
2026/09/28 20:20:36.603, 0, 40.32, 1328
2026/09/28 20:20:36.606, 1, 41.51, 1328
2026/09/28 20:20:36.609, 2, 36.94, 1328
2026/09/28 20:20:36.612, 3, 147.87, 1252
2026/09/28 20:20:36.818, 0, 40.32, 1328
2026/09/28 20:20:36.823, 1, 41.75, 1328
2026/09/28 20:20:36.826, 2, 36.70, 1328
2026/09/28 20:20:36.829, 3, 151.44, 1265
2026/09/28 20:20:37.037, 0, 154.25, 1227
2026/09/28 20:20:37.049, 1, 41.50, 1328
2026/09/28 20:20:37.052, 2, 36.70, 1328
2026/09/28 20:20:37.056, 3, 38.85, 1328
2026/09/28 20:20:37.259, 0, 159.75, 1227
2026/09/28 20:20:37.269, 1, 41.51, 1328
2026/09/28 20:20:37.272, 2, 36.70, 1328
2026/09/28 20:20:37.276, 3, 38.59, 1328
2026/09/28 20:20:37.479, 0, 150.24, 1252
2026/09/28 20:20:37.487, 1, 41.51, 1328
2026/09/28 20:20:37.490, 2, 36.46, 1328
2026/09/28 20:20:37.496, 3, 38.37, 1328
2026/09/28 20:20:37.699, 0, 153.26, 1202
2026/09/28 20:20:37.710, 1, 41.75, 1328
2026/09/28 20:20:37.713, 2, 36.46, 1328
2026/09/28 20:20:37.716, 3, 38.37, 1328
2026/09/28 20:20:37.919, 0, 52.60, 1303
2026/09/28 20:20:37.928, 1, 164.39, 1328
2026/09/28 20:20:37.931, 2, 36.46, 1328
2026/09/28 20:20:37.935, 3, 38.35, 1328
2026/09/28 20:20:38.138, 0, 41.28, 1328
2026/09/28 20:20:38.143, 1, 143.94, 1240
2026/09/28 20:20:38.149, 2, 36.46, 1328
2026/09/28 20:20:38.152, 3, 38.13, 1328
2026/09/28 20:20:38.355, 0, 41.04, 1328
2026/09/28 20:20:38.358, 1, 148.99, 1278
2026/09/28 20:20:38.362, 2, 36.46, 1328
2026/09/28 20:20:38.365, 3, 38.11, 1328
2026/09/28 20:20:38.571, 0, 40.80, 1328
2026/09/28 20:20:38.574, 1, 143.22, 1252
2026/09/28 20:20:38.577, 2, 36.48, 1328
2026/09/28 20:20:38.580, 3, 38.13, 1328
2026/09/28 20:20:38.783, 0, 40.80, 1328
2026/09/28 20:20:38.786, 1, 42.48, 1316
2026/09/28 20:20:38.789, 2, 158.43, 1303
2026/09/28 20:20:38.802, 3, 38.13, 1328
2026/09/28 20:20:39.005, 0, 40.59, 1328
2026/09/28 20:20:39.008, 1, 42.49, 1328
2026/09/28 20:20:39.011, 2, 147.94, 1290
2026/09/28 20:20:39.020, 3, 38.13, 1328
2026/09/28 20:20:39.223, 0, 40.80, 1328
2026/09/28 20:20:39.226, 1, 41.99, 1328
2026/09/28 20:20:39.229, 2, 155.77, 1265
2026/09/28 20:20:39.240, 3, 38.13, 1328
2026/09/28 20:20:39.443, 0, 40.58, 1328
2026/09/28 20:20:39.446, 1, 41.78, 1328
2026/09/28 20:20:39.449, 2, 149.62, 1290
2026/09/28 20:20:39.456, 3, 38.13, 1328
2026/09/28 20:20:39.659, 0, 40.56, 1328
2026/09/28 20:20:39.663, 1, 41.75, 1328
2026/09/28 20:20:39.666, 2, 37.19, 1328
2026/09/28 20:20:39.676, 3, 141.93, 1227
2026/09/28 20:20:39.879, 0, 40.56, 1328
2026/09/28 20:20:39.882, 1, 41.51, 1328
2026/09/28 20:20:39.885, 2, 36.94, 1328
2026/09/28 20:20:39.888, 3, 142.90, 1227
2026/09/28 20:20:40.097, 0, 40.56, 1328
2026/09/28 20:20:40.102, 1, 41.51, 1328
2026/09/28 20:20:40.105, 2, 36.70, 1328
2026/09/28 20:20:40.108, 3, 143.38, 1227
2026/09/28 20:20:40.317, 0, 54.78, 1328
2026/09/28 20:20:40.322, 1, 41.51, 1328
2026/09/28 20:20:40.325, 2, 36.48, 1328
2026/09/28 20:20:40.328, 3, 47.75, 1303
2026/09/28 20:20:40.536, 0, 139.26, 1227
2026/09/28 20:20:40.539, 1, 41.51, 1328
2026/09/28 20:20:40.542, 2, 36.72, 1328
2026/09/28 20:20:40.544, 3, 38.83, 1328
2026/09/28 20:20:40.755, 0, 154.56, 1240
2026/09/28 20:20:40.758, 1, 41.51, 1328
2026/09/28 20:20:40.761, 2, 36.46, 1328
2026/09/28 20:20:40.764, 3, 38.37, 1328
2026/09/28 20:20:40.975, 0, 147.11, 1227
2026/09/28 20:20:40.978, 1, 41.75, 1328
2026/09/28 20:20:40.981, 2, 36.46, 1328
2026/09/28 20:20:40.984, 3, 38.35, 1328
2026/09/28 20:20:41.192, 0, 137.59, 1215
2026/09/28 20:20:41.195, 1, 41.51, 1328
2026/09/28 20:20:41.201, 2, 36.46, 1328
2026/09/28 20:20:41.209, 3, 38.37, 1328
2026/09/28 20:20:41.412, 0, 41.29, 1328
2026/09/28 20:20:41.414, 1, 159.93, 1278
2026/09/28 20:20:41.417, 2, 36.46, 1328
2026/09/28 20:20:41.420, 3, 38.35, 1328
2026/09/28 20:20:41.623, 0, 41.04, 1328
2026/09/28 20:20:41.627, 1, 149.63, 1278
2026/09/28 20:20:41.630, 2, 36.46, 1328
2026/09/28 20:20:41.635, 3, 38.11, 1328
2026/09/28 20:20:41.838, 0, 40.80, 1328
2026/09/28 20:20:41.842, 1, 154.92, 1252
2026/09/28 20:20:41.850, 2, 36.46, 1328
2026/09/28 20:20:41.855, 3, 38.11, 1328
2026/09/28 20:20:42.058, 0, 40.80, 1328
2026/09/28 20:20:42.062, 1, 44.40, 1303
2026/09/28 20:20:42.070, 2, 157.36, 1303
2026/09/28 20:20:42.083, 3, 38.13, 1328
2026/09/28 20:20:42.290, 0, 40.58, 1328
2026/09/28 20:20:42.293, 1, 42.26, 1328
2026/09/28 20:20:42.300, 2, 143.86, 1290
2026/09/28 20:20:42.303, 3, 38.13, 1328
2026/09/28 20:20:42.506, 0, 40.59, 1328
2026/09/28 20:20:42.509, 1, 42.26, 1328
2026/09/28 20:20:42.512, 2, 156.18, 1265
2026/09/28 20:20:42.520, 3, 38.13, 1328
2026/09/28 20:20:42.723, 0, 40.58, 1328
2026/09/28 20:20:42.726, 1, 41.76, 1328
2026/09/28 20:20:42.729, 2, 147.94, 1290
2026/09/28 20:20:42.738, 3, 38.13, 1328
2026/09/28 20:20:42.941, 0, 40.56, 1328
2026/09/28 20:20:42.944, 1, 41.75, 1328
2026/09/28 20:20:42.947, 2, 37.43, 1316
2026/09/28 20:20:42.950, 3, 148.10, 1240
2026/09/28 20:20:43.153, 0, 40.56, 1328
2026/09/28 20:20:43.156, 1, 41.51, 1328
2026/09/28 20:20:43.162, 2, 37.19, 1328
2026/09/28 20:20:43.164, 3, 144.10, 1227
2026/09/28 20:20:43.376, 0, 40.56, 1328
2026/09/28 20:20:43.381, 1, 41.75, 1328
2026/09/28 20:20:43.384, 2, 36.70, 1328
2026/09/28 20:20:43.387, 3, 143.62, 1227
2026/09/28 20:20:43.596, 0, 40.59, 1328
2026/09/28 20:20:43.601, 1, 41.53, 1328
2026/09/28 20:20:43.604, 2, 36.70, 1328
2026/09/28 20:20:43.607, 3, 49.92, 1290
2026/09/28 20:20:43.814, 0, 148.79, 1252
2026/09/28 20:20:43.817, 1, 41.75, 1328
2026/09/28 20:20:43.821, 2, 36.70, 1328
2026/09/28 20:20:43.826, 3, 38.37, 1328
2026/09/28 20:20:44.029, 0, 146.63, 1240
2026/09/28 20:20:44.032, 1, 41.51, 1328
2026/09/28 20:20:44.035, 2, 36.70, 1328
2026/09/28 20:20:44.038, 3, 38.35, 1328
2026/09/28 20:20:44.241, 0, 141.37, 1240
2026/09/28 20:20:44.246, 1, 41.51, 1328
2026/09/28 20:20:44.249, 2, 36.46, 1328
2026/09/28 20:20:44.255, 3, 38.37, 1328
2026/09/28 20:20:44.458, 0, 40.56, 1316
2026/09/28 20:20:44.466, 1, 134.90, 1252
2026/09/28 20:20:44.468, 2, 36.48, 1328
2026/09/28 20:20:44.471, 3, 38.13, 1328
2026/09/28 20:20:44.674, 0, 41.29, 1328
2026/09/28 20:20:44.677, 1, 156.33, 1227
2026/09/28 20:20:44.687, 2, 36.46, 1328
2026/09/28 20:20:44.690, 3, 38.13, 1328
2026/09/28 20:20:44.893, 0, 40.80, 1328
2026/09/28 20:20:44.896, 1, 140.84, 1240
2026/09/28 20:20:44.907, 2, 36.46, 1328
2026/09/28 20:20:44.910, 3, 38.13, 1328
2026/09/28 20:20:45.113, 0, 40.80, 1328
2026/09/28 20:20:45.116, 1, 140.34, 1252
2026/09/28 20:20:45.127, 2, 36.46, 1328
2026/09/28 20:20:45.130, 3, 38.13, 1328
2026/09/28 20:20:45.334, 0, 40.59, 1328
2026/09/28 20:20:45.340, 1, 41.29, 1328
2026/09/28 20:20:45.343, 2, 149.86, 1290
2026/09/28 20:20:45.346, 3, 38.13, 1328
2026/09/28 20:20:45.549, 0, 40.56, 1328
2026/09/28 20:20:45.552, 1, 42.26, 1328
2026/09/28 20:20:45.555, 2, 141.95, 1290
2026/09/28 20:20:45.560, 3, 38.13, 1328
2026/09/28 20:20:45.763, 0, 40.58, 1328
2026/09/28 20:20:45.766, 1, 42.01, 1328
2026/09/28 20:20:45.769, 2, 151.93, 1278
2026/09/28 20:20:45.779, 3, 38.13, 1328
2026/09/28 20:20:45.982, 0, 40.53, 1328
2026/09/28 20:20:45.986, 1, 41.74, 1328
2026/09/28 20:20:45.989, 2, 39.35, 1316
2026/09/28 20:20:45.998, 3, 160.00, 1278
2026/09/28 20:20:46.201, 0, 40.56, 1328
2026/09/28 20:20:46.204, 1, 41.75, 1328
2026/09/28 20:20:46.207, 2, 37.19, 1328
2026/09/28 20:20:46.214, 3, 143.13, 1252
2026/09/28 20:20:46.417, 0, 40.56, 1328
2026/09/28 20:20:46.420, 1, 41.51, 1328
2026/09/28 20:20:46.423, 2, 36.70, 1328
2026/09/28 20:20:46.426, 3, 149.30, 1265
2026/09/28 20:20:46.629, 0, 40.56, 1328
2026/09/28 20:20:46.635, 1, 41.51, 1328
2026/09/28 20:20:46.640, 2, 36.70, 1328
2026/09/28 20:20:46.643, 3, 136.50, 1240
2026/09/28 20:20:46.854, 0, 143.51, 1227
2026/09/28 20:20:46.864, 1, 41.51, 1328
2026/09/28 20:20:46.867, 2, 36.70, 1328
2026/09/28 20:20:46.870, 3, 38.61, 1328
2026/09/28 20:20:47.073, 0, 151.43, 1252
2026/09/28 20:20:47.076, 1, 41.51, 1328
2026/09/28 20:20:47.080, 2, 36.46, 1328
2026/09/28 20:20:47.083, 3, 38.61, 1328
2026/09/28 20:20:47.291, 0, 139.52, 1227
2026/09/28 20:20:47.294, 1, 41.51, 1328
2026/09/28 20:20:47.300, 2, 36.46, 1328
2026/09/28 20:20:47.308, 3, 38.37, 1328
2026/09/28 20:20:47.511, 0, 52.36, 1278
2026/09/28 20:20:47.514, 1, 163.45, 1290
2026/09/28 20:20:47.525, 2, 36.46, 1328
2026/09/28 20:20:47.534, 3, 38.35, 1328
2026/09/28 20:20:47.737, 0, 41.29, 1328
2026/09/28 20:20:47.740, 1, 140.10, 1265
2026/09/28 20:20:47.748, 2, 36.46, 1328
2026/09/28 20:20:47.753, 3, 38.35, 1328
2026/09/28 20:20:47.956, 0, 41.04, 1328
2026/09/28 20:20:47.960, 1, 161.13, 1252
2026/09/28 20:20:47.967, 2, 36.46, 1328
2026/09/28 20:20:47.973, 3, 38.13, 1328
2026/09/28 20:20:48.176, 0, 40.80, 1328
2026/09/28 20:20:48.180, 1, 149.87, 1278
2026/09/28 20:20:48.186, 2, 36.46, 1328
2026/09/28 20:20:48.189, 3, 37.87, 1328
2026/09/28 20:20:48.392, 0, 40.82, 1328
2026/09/28 20:20:48.400, 1, 41.05, 1316
2026/09/28 20:20:48.405, 2, 141.93, 1265
2026/09/28 20:20:48.407, 3, 37.89, 1328
2026/09/28 20:20:48.610, 0, 40.58, 1328
2026/09/28 20:20:48.613, 1, 42.50, 1328
2026/09/28 20:20:48.621, 2, 140.25, 1278
2026/09/28 20:20:48.624, 3, 38.13, 1328
2026/09/28 20:20:48.827, 0, 40.59, 1328
2026/09/28 20:20:48.830, 1, 42.02, 1328
2026/09/28 20:20:48.833, 2, 139.63, 1278
2026/09/28 20:20:48.840, 3, 37.89, 1328
2026/09/28 20:20:49.043, 0, 40.56, 1328
2026/09/28 20:20:49.046, 1, 41.99, 1328
2026/09/28 20:20:49.049, 2, 146.26, 1303
2026/09/28 20:20:49.058, 3, 38.13, 1328
2026/09/28 20:20:49.261, 0, 40.80, 1328
2026/09/28 20:20:49.264, 1, 41.75, 1328
2026/09/28 20:20:49.267, 2, 37.19, 1328
2026/09/28 20:20:49.274, 3, 148.32, 1278
2026/09/28 20:20:49.477, 0, 40.56, 1328
2026/09/28 20:20:49.480, 1, 41.51, 1328
2026/09/28 20:20:49.483, 2, 36.97, 1328
2026/09/28 20:20:49.486, 3, 157.59, 1215
2026/09/28 20:20:49.694, 0, 40.56, 1328
2026/09/28 20:20:49.699, 1, 41.51, 1328
2026/09/28 20:20:49.702, 2, 36.70, 1328
2026/09/28 20:20:49.704, 3, 160.47, 1227
2026/09/28 20:20:49.914, 0, 160.72, 1240
2026/09/28 20:20:49.927, 1, 41.51, 1328
2026/09/28 20:20:49.929, 2, 36.70, 1328
2026/09/28 20:20:49.933, 3, 38.61, 1316
2026/09/28 20:20:50.136, 0, 145.67, 1252
2026/09/28 20:20:50.144, 1, 41.51, 1328
2026/09/28 20:20:50.147, 2, 36.46, 1328
2026/09/28 20:20:50.153, 3, 38.61, 1328
2026/09/28 20:20:50.356, 0, 142.87, 1227
2026/09/28 20:20:50.360, 1, 41.75, 1328
2026/09/28 20:20:50.363, 2, 36.46, 1328
2026/09/28 20:20:50.366, 3, 38.37, 1328
2026/09/28 20:20:50.570, 0, 143.83, 1202
2026/09/28 20:20:50.573, 1, 41.75, 1328
2026/09/28 20:20:50.579, 2, 36.48, 1328
2026/09/28 20:20:50.586, 3, 38.13, 1328
2026/09/28 20:20:50.789, 0, 147.83, 1227
2026/09/28 20:20:50.792, 1, 41.75, 1328
2026/09/28 20:20:50.798, 2, 36.46, 1328
2026/09/28 20:20:50.804, 3, 38.13, 1328
2026/09/28 20:20:51.007, 0, 41.26, 1328
2026/09/28 20:20:51.010, 1, 149.13, 1278
2026/09/28 20:20:51.013, 2, 36.46, 1328
2026/09/28 20:20:51.016, 3, 38.11, 1328
2026/09/28 20:20:51.219, 0, 41.29, 1328
2026/09/28 20:20:51.222, 1, 145.38, 1240
2026/09/28 20:20:51.225, 2, 36.46, 1328
2026/09/28 20:20:51.228, 3, 38.13, 1328
2026/09/28 20:20:51.431, 0, 41.04, 1328
2026/09/28 20:20:51.434, 1, 141.85, 1227
2026/09/28 20:20:51.440, 2, 36.46, 1328
2026/09/28 20:20:51.443, 3, 38.13, 1328
2026/09/28 20:20:51.646, 0, 40.80, 1328
2026/09/28 20:20:51.649, 1, 163.05, 1278
2026/09/28 20:20:51.652, 2, 36.46, 1328
2026/09/28 20:20:51.655, 3, 38.11, 1328
2026/09/28 20:20:51.858, 0, 40.56, 1328
2026/09/28 20:20:51.862, 1, 41.29, 1328
2026/09/28 20:20:51.864, 2, 140.35, 1290
2026/09/28 20:20:51.867, 3, 38.13, 1328
2026/09/28 20:20:52.071, 0, 40.56, 1328
2026/09/28 20:20:52.078, 1, 42.23, 1328
2026/09/28 20:20:52.081, 2, 148.09, 1290
2026/09/28 20:20:52.084, 3, 38.13, 1328
2026/09/28 20:20:52.287, 0, 40.58, 1328
2026/09/28 20:20:52.290, 1, 42.23, 1328
2026/09/28 20:20:52.298, 2, 155.21, 1265
2026/09/28 20:20:52.301, 3, 38.13, 1328
2026/09/28 20:20:52.506, 0, 40.34, 1328
2026/09/28 20:20:52.509, 1, 42.01, 1328
2026/09/28 20:20:52.512, 2, 159.37, 1290
2026/09/28 20:20:52.520, 3, 38.13, 1328
2026/09/28 20:20:52.723, 0, 40.56, 1328
2026/09/28 20:20:52.726, 1, 41.75, 1328
2026/09/28 20:20:52.729, 2, 37.19, 1328
2026/09/28 20:20:52.732, 3, 142.90, 1265
2026/09/28 20:20:52.935, 0, 40.56, 1328
2026/09/28 20:20:52.938, 1, 41.75, 1328
2026/09/28 20:20:52.941, 2, 36.94, 1328
2026/09/28 20:20:52.944, 3, 149.12, 1265
2026/09/28 20:20:53.152, 0, 40.56, 1328
2026/09/28 20:20:53.158, 1, 41.99, 1328
2026/09/28 20:20:53.160, 2, 36.70, 1328
2026/09/28 20:20:53.163, 3, 142.18, 1252
2026/09/28 20:20:53.373, 0, 152.88, 1328
2026/09/28 20:20:53.378, 1, 41.50, 1328
2026/09/28 20:20:53.380, 2, 36.70, 1328
2026/09/28 20:20:53.383, 3, 40.76, 1316
2026/09/28 20:20:53.593, 0, 139.98, 1240
2026/09/28 20:20:53.603, 1, 41.75, 1328
2026/09/28 20:20:53.606, 2, 36.46, 1328
2026/09/28 20:20:53.612, 3, 38.61, 1328
2026/09/28 20:20:53.815, 0, 139.18, 1240
2026/09/28 20:20:53.823, 1, 41.51, 1328
2026/09/28 20:20:53.826, 2, 36.46, 1328
2026/09/28 20:20:53.831, 3, 38.37, 1328
2026/09/28 20:20:54.034, 0, 144.95, 1215
2026/09/28 20:20:54.042, 1, 41.51, 1328
2026/09/28 20:20:54.045, 2, 36.46, 1328
2026/09/28 20:20:54.048, 3, 38.13, 1328
2026/09/28 20:20:54.251, 0, 149.28, 1252
2026/09/28 20:20:54.254, 1, 41.51, 1328
2026/09/28 20:20:54.258, 2, 36.46, 1328
2026/09/28 20:20:54.260, 3, 38.11, 1328
2026/09/28 20:20:54.466, 0, 40.80, 1316
2026/09/28 20:20:54.468, 1, 144.90, 1252
2026/09/28 20:20:54.471, 2, 36.46, 1328
2026/09/28 20:20:54.475, 3, 38.13, 1328
2026/09/28 20:20:54.678, 0, 41.53, 1328
2026/09/28 20:20:54.682, 1, 146.82, 1265
2026/09/28 20:20:54.685, 2, 36.46, 1328
2026/09/28 20:20:54.691, 3, 38.11, 1328
2026/09/28 20:20:54.894, 0, 41.04, 1328
2026/09/28 20:20:54.897, 1, 151.30, 1265
2026/09/28 20:20:54.905, 2, 36.46, 1328
2026/09/28 20:20:54.911, 3, 38.13, 1328
2026/09/28 20:20:55.114, 0, 41.02, 1328
2026/09/28 20:20:55.117, 1, 144.90, 1252
2026/09/28 20:20:55.123, 2, 36.46, 1328
2026/09/28 20:20:55.126, 3, 38.11, 1328
2026/09/28 20:20:55.329, 0, 40.80, 1328
2026/09/28 20:20:55.337, 1, 41.51, 1328
2026/09/28 20:20:55.340, 2, 138.90, 1290
2026/09/28 20:20:55.343, 3, 37.89, 1328
2026/09/28 20:20:55.547, 0, 40.80, 1328
2026/09/28 20:20:55.550, 1, 42.50, 1328
2026/09/28 20:20:55.558, 2, 152.02, 1265
2026/09/28 20:20:55.561, 3, 38.13, 1328
2026/09/28 20:20:55.764, 0, 40.80, 1328
2026/09/28 20:20:55.767, 1, 42.02, 1328
2026/09/28 20:20:55.770, 2, 144.34, 1278
2026/09/28 20:20:55.777, 3, 38.13, 1328
2026/09/28 20:20:55.980, 0, 40.58, 1328
2026/09/28 20:20:55.983, 1, 41.78, 1328
2026/09/28 20:20:55.986, 2, 143.46, 1278
2026/09/28 20:20:55.996, 3, 38.13, 1328
2026/09/28 20:20:56.199, 0, 40.80, 1328
2026/09/28 20:20:56.203, 1, 41.75, 1328
2026/09/28 20:20:56.206, 2, 36.94, 1328
2026/09/28 20:20:56.213, 3, 149.04, 1265
2026/09/28 20:20:56.416, 0, 40.80, 1328
2026/09/28 20:20:56.419, 1, 41.75, 1328
2026/09/28 20:20:56.422, 2, 36.94, 1328
2026/09/28 20:20:56.425, 3, 141.45, 1252
2026/09/28 20:20:56.633, 0, 40.56, 1328
2026/09/28 20:20:56.637, 1, 41.75, 1328
2026/09/28 20:20:56.640, 2, 36.70, 1328
2026/09/28 20:20:56.643, 3, 140.97, 1252
2026/09/28 20:20:56.853, 0, 152.16, 1252
2026/09/28 20:20:56.861, 1, 41.75, 1328
2026/09/28 20:20:56.864, 2, 36.70, 1328
2026/09/28 20:20:56.867, 3, 38.37, 1328
2026/09/28 20:20:57.074, 0, 149.02, 1252
2026/09/28 20:20:57.080, 1, 41.75, 1328
2026/09/28 20:20:57.083, 2, 36.70, 1328
2026/09/28 20:20:57.086, 3, 38.59, 1328
2026/09/28 20:20:57.289, 0, 144.95, 1202
2026/09/28 20:20:57.292, 1, 41.75, 1328
2026/09/28 20:20:57.296, 2, 36.46, 1328
2026/09/28 20:20:57.299, 3, 38.37, 1328
2026/09/28 20:20:57.507, 0, 159.75, 1252
2026/09/28 20:20:57.510, 1, 41.51, 1328
2026/09/28 20:20:57.513, 2, 36.46, 1328
2026/09/28 20:20:57.515, 3, 38.13, 1328
2026/09/28 20:20:57.718, 0, 161.70, 1252
2026/09/28 20:20:57.723, 1, 41.50, 1328
2026/09/28 20:20:57.726, 2, 36.46, 1328
2026/09/28 20:20:57.730, 3, 38.13, 1328
2026/09/28 20:20:57.933, 0, 41.29, 1328
2026/09/28 20:20:57.938, 1, 139.61, 1290
2026/09/28 20:20:57.946, 2, 36.46, 1328
2026/09/28 20:20:57.950, 3, 38.13, 1328
2026/09/28 20:20:58.153, 0, 41.29, 1328
2026/09/28 20:20:58.158, 1, 145.86, 1240
2026/09/28 20:20:58.164, 2, 36.46, 1328
2026/09/28 20:20:58.169, 3, 38.13, 1328
2026/09/28 20:20:58.373, 0, 41.04, 1328
2026/09/28 20:20:58.378, 1, 141.54, 1227
2026/09/28 20:20:58.383, 2, 36.46, 1328
2026/09/28 20:20:58.389, 3, 38.13, 1328
2026/09/28 20:20:58.592, 0, 40.80, 1328
2026/09/28 20:20:58.598, 1, 156.58, 1227
2026/09/28 20:20:58.605, 2, 36.70, 1328
2026/09/28 20:20:58.609, 3, 38.13, 1328
2026/09/28 20:20:58.812, 0, 40.81, 1328
2026/09/28 20:20:58.818, 1, 41.51, 1328
2026/09/28 20:20:58.821, 2, 148.42, 1303
2026/09/28 20:20:58.824, 3, 38.13, 1328
2026/09/28 20:20:59.027, 0, 40.80, 1328
2026/09/28 20:20:59.030, 1, 42.24, 1328
2026/09/28 20:20:59.037, 2, 148.81, 1278
2026/09/28 20:20:59.040, 3, 38.13, 1328
2026/09/28 20:20:59.243, 0, 40.58, 1328
2026/09/28 20:20:59.246, 1, 42.02, 1328
2026/09/28 20:20:59.249, 2, 144.10, 1278
2026/09/28 20:20:59.256, 3, 38.13, 1328
2026/09/28 20:20:59.459, 0, 40.83, 1328
2026/09/28 20:20:59.462, 1, 42.02, 1328
2026/09/28 20:20:59.465, 2, 143.16, 1278
2026/09/28 20:20:59.475, 3, 38.13, 1328
2026/09/28 20:20:59.678, 0, 40.80, 1328
2026/09/28 20:20:59.680, 1, 41.75, 1328
2026/09/28 20:20:59.683, 2, 37.19, 1328
2026/09/28 20:20:59.689, 3, 148.18, 1265
2026/09/28 20:20:59.895, 0, 40.56, 1328
2026/09/28 20:20:59.898, 1, 41.51, 1328
2026/09/28 20:20:59.901, 2, 36.94, 1328
2026/09/28 20:20:59.904, 3, 146.66, 1240
2026/09/28 20:21:00.108, 0, 40.56, 1328
2026/09/28 20:21:00.113, 1, 41.51, 1328
2026/09/28 20:21:00.116, 2, 36.70, 1328
2026/09/28 20:21:00.119, 3, 147.38, 1240
2026/09/28 20:21:00.322, 0, 159.28, 1265
2026/09/28 20:21:00.325, 1, 41.51, 1328
2026/09/28 20:21:00.330, 2, 36.70, 1328
2026/09/28 20:21:00.333, 3, 38.61, 1316
2026/09/28 20:21:00.536, 0, 141.61, 1252
2026/09/28 20:21:00.541, 1, 41.75, 1328
2026/09/28 20:21:00.544, 2, 36.70, 1328
2026/09/28 20:21:00.549, 3, 38.61, 1328
2026/09/28 20:21:00.752, 0, 143.51, 1252
2026/09/28 20:21:00.763, 1, 41.51, 1328
2026/09/28 20:21:00.766, 2, 36.70, 1328
2026/09/28 20:21:00.769, 3, 38.37, 1328
2026/09/28 20:21:00.972, 0, 139.90, 1240
2026/09/28 20:21:00.983, 1, 41.51, 1328
2026/09/28 20:21:00.986, 2, 36.46, 1328
2026/09/28 20:21:00.989, 3, 38.37, 1328
2026/09/28 20:21:01.192, 0, 150.46, 1265
2026/09/28 20:21:01.198, 1, 41.51, 1328
2026/09/28 20:21:01.201, 2, 36.46, 1328
2026/09/28 20:21:01.204, 3, 38.13, 1328
2026/09/28 20:21:01.407, 0, 40.80, 1316
2026/09/28 20:21:01.410, 1, 145.07, 1278
2026/09/28 20:21:01.420, 2, 36.48, 1328
2026/09/28 20:21:01.427, 3, 38.35, 1328
2026/09/28 20:21:01.630, 0, 41.28, 1328
2026/09/28 20:21:01.633, 1, 149.23, 1252
2026/09/28 20:21:01.636, 2, 36.46, 1328
2026/09/28 20:21:01.639, 3, 38.11, 1328
2026/09/28 20:21:01.842, 0, 41.04, 1328
2026/09/28 20:21:01.845, 1, 151.54, 1252
2026/09/28 20:21:01.848, 2, 36.46, 1328
2026/09/28 20:21:01.850, 3, 38.13, 1328
2026/09/28 20:21:02.053, 0, 40.78, 1328
2026/09/28 20:21:02.058, 1, 148.41, 1265
2026/09/28 20:21:02.061, 2, 36.46, 1328
2026/09/28 20:21:02.064, 3, 38.11, 1328
2026/09/28 20:21:02.267, 0, 40.80, 1328
2026/09/28 20:21:02.272, 1, 41.51, 1328
2026/09/28 20:21:02.275, 2, 141.55, 1290
2026/09/28 20:21:02.278, 3, 38.13, 1328
2026/09/28 20:21:02.481, 0, 40.82, 1328
2026/09/28 20:21:02.484, 1, 42.24, 1328
2026/09/28 20:21:02.487, 2, 149.77, 1290
2026/09/28 20:21:02.494, 3, 38.13, 1328
2026/09/28 20:21:02.697, 0, 40.80, 1328
2026/09/28 20:21:02.700, 1, 42.01, 1328
2026/09/28 20:21:02.703, 2, 151.93, 1265
2026/09/28 20:21:02.713, 3, 37.89, 1328
2026/09/28 20:21:02.916, 0, 40.80, 1328
2026/09/28 20:21:02.919, 1, 42.00, 1328
2026/09/28 20:21:02.922, 2, 144.82, 1265
2026/09/28 20:21:02.929, 3, 38.13, 1328
2026/09/28 20:21:03.132, 0, 40.80, 1328
2026/09/28 20:21:03.137, 1, 41.75, 1328
2026/09/28 20:21:03.139, 2, 37.19, 1328
2026/09/28 20:21:03.142, 3, 150.74, 1278
2026/09/28 20:21:03.349, 0, 40.56, 1328
2026/09/28 20:21:03.351, 1, 41.75, 1328
2026/09/28 20:21:03.355, 2, 36.94, 1328
2026/09/28 20:21:03.358, 3, 146.98, 1240
2026/09/28 20:21:03.561, 0, 40.56, 1328
2026/09/28 20:21:03.564, 1, 41.75, 1328
2026/09/28 20:21:03.572, 2, 36.94, 1328
2026/09/28 20:21:03.575, 3, 152.90, 1227
2026/09/28 20:21:03.778, 0, 167.10, 1265
2026/09/28 20:21:03.782, 1, 41.73, 1328
2026/09/28 20:21:03.788, 2, 36.70, 1328
2026/09/28 20:21:03.791, 3, 38.59, 1316
2026/09/28 20:21:03.994, 0, 139.18, 1240
2026/09/28 20:21:04.002, 1, 41.73, 1328
2026/09/28 20:21:04.005, 2, 36.70, 1328
2026/09/28 20:21:04.008, 3, 38.59, 1328
2026/09/28 20:21:04.211, 0, 143.11, 1240
2026/09/28 20:21:04.222, 1, 41.51, 1328
2026/09/28 20:21:04.225, 2, 36.46, 1328
2026/09/28 20:21:04.228, 3, 38.37, 1328
2026/09/28 20:21:04.431, 0, 158.30, 1215
2026/09/28 20:21:04.442, 1, 41.51, 1328
2026/09/28 20:21:04.445, 2, 36.70, 1328
2026/09/28 20:21:04.448, 3, 38.37, 1328
2026/09/28 20:21:04.651, 0, 137.59, 1265
2026/09/28 20:21:04.662, 1, 41.75, 1328
2026/09/28 20:21:04.664, 2, 36.46, 1328
2026/09/28 20:21:04.668, 3, 38.13, 1328
2026/09/28 20:21:04.871, 0, 41.04, 1316
2026/09/28 20:21:04.881, 1, 147.47, 1265
2026/09/28 20:21:04.884, 2, 36.46, 1328
2026/09/28 20:21:04.888, 3, 38.11, 1328
2026/09/28 20:21:05.091, 0, 41.76, 1328
2026/09/28 20:21:05.096, 1, 152.74, 1252
2026/09/28 20:21:05.103, 2, 36.46, 1328
2026/09/28 20:21:05.108, 3, 38.13, 1328
2026/09/28 20:21:05.311, 0, 41.04, 1328
2026/09/28 20:21:05.316, 1, 149.15, 1278
2026/09/28 20:21:05.319, 2, 36.46, 1328
2026/09/28 20:21:05.322, 3, 38.13, 1328
2026/09/28 20:21:05.525, 0, 41.04, 1328
2026/09/28 20:21:05.528, 1, 147.30, 1252
2026/09/28 20:21:05.531, 2, 36.46, 1328
2026/09/28 20:21:05.533, 3, 38.11, 1328
2026/09/28 20:21:05.736, 0, 40.80, 1328
2026/09/28 20:21:05.741, 1, 81.71, 1265
2026/09/28 20:21:05.744, 2, 115.72, 1328
2026/09/28 20:21:05.748, 3, 38.13, 1328
2026/09/28 20:21:05.951, 0, 40.82, 1328
2026/09/28 20:21:05.956, 1, 41.53, 1328
2026/09/28 20:21:05.960, 2, 150.58, 1303
2026/09/28 20:21:05.963, 3, 38.13, 1328
2026/09/28 20:21:06.166, 0, 40.80, 1328
2026/09/28 20:21:06.176, 1, 42.26, 1328
2026/09/28 20:21:06.179, 2, 141.95, 1278
2026/09/28 20:21:06.182, 3, 37.89, 1328
2026/09/28 20:21:06.385, 0, 40.82, 1328
2026/09/28 20:21:06.388, 1, 42.02, 1328
2026/09/28 20:21:06.395, 2, 144.10, 1290
2026/09/28 20:21:06.398, 3, 38.13, 1328
2026/09/28 20:21:06.604, 0, 40.59, 1328
2026/09/28 20:21:06.607, 1, 41.78, 1328
2026/09/28 20:21:06.614, 2, 140.74, 1278
2026/09/28 20:21:06.617, 3, 38.13, 1328
2026/09/28 20:21:06.824, 0, 40.56, 1328
2026/09/28 20:21:06.827, 1, 41.75, 1328
2026/09/28 20:21:06.830, 2, 37.19, 1328
2026/09/28 20:21:06.833, 3, 152.18, 1278
2026/09/28 20:21:07.036, 0, 40.56, 1328
2026/09/28 20:21:07.040, 1, 41.75, 1328
2026/09/28 20:21:07.042, 2, 36.70, 1328
2026/09/28 20:21:07.048, 3, 145.54, 1240
2026/09/28 20:21:07.251, 0, 40.56, 1328
2026/09/28 20:21:07.256, 1, 41.75, 1328
2026/09/28 20:21:07.259, 2, 36.72, 1328
2026/09/28 20:21:07.262, 3, 160.47, 1240
2026/09/28 20:21:07.470, 0, 168.65, 1278
2026/09/28 20:21:07.481, 1, 41.75, 1328
2026/09/28 20:21:07.487, 2, 36.70, 1328
2026/09/28 20:21:07.490, 3, 39.09, 1316
2026/09/28 20:21:07.693, 0, 136.87, 1265
2026/09/28 20:21:07.701, 1, 41.51, 1328
2026/09/28 20:21:07.704, 2, 36.70, 1328
2026/09/28 20:21:07.707, 3, 38.59, 1328
2026/09/28 20:21:07.910, 0, 155.04, 1240
2026/09/28 20:21:07.919, 1, 41.75, 1328
2026/09/28 20:21:07.922, 2, 36.46, 1328
2026/09/28 20:21:07.928, 3, 38.37, 1328
2026/09/28 20:21:08.130, 0, 156.62, 1240
2026/09/28 20:21:08.140, 1, 41.75, 1328
2026/09/28 20:21:08.143, 2, 36.46, 1328
2026/09/28 20:21:08.147, 3, 38.35, 1328
2026/09/28 20:21:08.351, 0, 163.11, 1215
2026/09/28 20:21:08.361, 1, 41.75, 1328
2026/09/28 20:21:08.364, 2, 36.46, 1328
2026/09/28 20:21:08.367, 3, 38.13, 1328
2026/09/28 20:21:08.570, 0, 41.29, 1328
2026/09/28 20:21:08.575, 1, 134.42, 1290
2026/09/28 20:21:08.583, 2, 36.46, 1328
2026/09/28 20:21:08.587, 3, 38.13, 1328
2026/09/28 20:21:08.790, 0, 41.53, 1328
2026/09/28 20:21:08.795, 1, 145.86, 1240
2026/09/28 20:21:08.801, 2, 36.22, 1328
2026/09/28 20:21:08.804, 3, 38.13, 1328
2026/09/28 20:21:09.006, 0, 41.02, 1328
2026/09/28 20:21:09.009, 1, 157.29, 1227
2026/09/28 20:21:09.020, 2, 36.46, 1328
2026/09/28 20:21:09.023, 3, 38.11, 1328
2026/09/28 20:21:09.226, 0, 40.80, 1328
2026/09/28 20:21:09.229, 1, 160.65, 1252
2026/09/28 20:21:09.240, 2, 36.48, 1328
2026/09/28 20:21:09.243, 3, 37.89, 1328
2026/09/28 20:21:09.446, 0, 40.56, 1328
2026/09/28 20:21:09.450, 1, 41.53, 1328
2026/09/28 20:21:09.455, 2, 137.22, 1290
2026/09/28 20:21:09.457, 3, 38.13, 1328
2026/09/28 20:21:09.663, 0, 40.58, 1328
2026/09/28 20:21:09.666, 1, 42.50, 1328
2026/09/28 20:21:09.673, 2, 155.21, 1290
2026/09/28 20:21:09.676, 3, 38.13, 1328
2026/09/28 20:21:09.879, 0, 40.58, 1328
2026/09/28 20:21:09.882, 1, 42.24, 1328
2026/09/28 20:21:09.885, 2, 156.97, 1252
2026/09/28 20:21:09.892, 3, 37.89, 1328
2026/09/28 20:21:10.095, 0, 40.80, 1328
2026/09/28 20:21:10.098, 1, 41.99, 1328
2026/09/28 20:21:10.101, 2, 162.89, 1265
2026/09/28 20:21:10.112, 3, 37.89, 1328
2026/09/28 20:21:10.315, 0, 40.56, 1328
2026/09/28 20:21:10.318, 1, 41.75, 1328
2026/09/28 20:21:10.321, 2, 37.19, 1328
2026/09/28 20:21:10.326, 3, 138.49, 1278
2026/09/28 20:21:10.534, 0, 40.56, 1328
2026/09/28 20:21:10.537, 1, 41.75, 1328
2026/09/28 20:21:10.540, 2, 37.19, 1328
2026/09/28 20:21:10.543, 3, 161.19, 1240
2026/09/28 20:21:10.750, 0, 40.56, 1328
2026/09/28 20:21:10.754, 1, 41.75, 1328
2026/09/28 20:21:10.757, 2, 36.94, 1328
2026/09/28 20:21:10.760, 3, 141.21, 1252
2026/09/28 20:21:10.969, 0, 132.78, 1328
2026/09/28 20:21:10.974, 1, 41.76, 1328
2026/09/28 20:21:10.977, 2, 36.72, 1328
2026/09/28 20:21:10.979, 3, 41.97, 1316
2026/09/28 20:21:11.188, 0, 41.53, 1328
2026/09/28 20:21:11.194, 1, 43.69, 1328
2026/09/28 20:21:11.196, 2, 132.31, 1328
2026/09/28 20:21:11.199, 3, 38.85, 1328
2026/09/28 20:21:11.403, 0, 172.22, 1328
2026/09/28 20:21:11.406, 1, 41.99, 1328
2026/09/28 20:21:11.409, 2, 37.67, 1328
2026/09/28 20:21:11.412, 3, 39.80, 1328
2026/09/28 20:21:11.615, 0, 138.08, 1227
2026/09/28 20:21:11.619, 1, 41.75, 1328
2026/09/28 20:21:11.622, 2, 37.43, 1328
2026/09/28 20:21:11.625, 3, 39.09, 1328
2026/09/28 20:21:11.828, 0, 146.15, 1227
2026/09/28 20:21:11.835, 1, 41.51, 1328
2026/09/28 20:21:11.839, 2, 37.43, 1328
2026/09/28 20:21:11.842, 3, 38.85, 1328
2026/09/28 20:21:12.045, 0, 150.72, 1252
2026/09/28 20:21:12.047, 1, 41.75, 1328
2026/09/28 20:21:12.053, 2, 37.42, 1328
2026/09/28 20:21:12.061, 3, 38.83, 1328
2026/09/28 20:21:12.264, 0, 142.63, 1240
2026/09/28 20:21:12.267, 1, 41.75, 1328
2026/09/28 20:21:12.273, 2, 37.19, 1328
2026/09/28 20:21:12.281, 3, 38.85, 1328
2026/09/28 20:21:12.484, 0, 41.53, 1316
2026/09/28 20:21:12.487, 1, 146.82, 1252
2026/09/28 20:21:12.494, 2, 37.19, 1328
2026/09/28 20:21:12.500, 3, 38.83, 1328
2026/09/28 20:21:12.703, 0, 41.52, 1328
2026/09/28 20:21:12.706, 1, 155.86, 1265
2026/09/28 20:21:12.709, 2, 36.94, 1328
2026/09/28 20:21:12.712, 3, 38.83, 1328
2026/09/28 20:21:12.914, 0, 41.04, 1328
2026/09/28 20:21:12.917, 1, 153.53, 1290
2026/09/28 20:21:12.920, 2, 37.19, 1328
2026/09/28 20:21:12.924, 3, 38.59, 1328
2026/09/28 20:21:13.127, 0, 41.04, 1328
2026/09/28 20:21:13.134, 1, 142.26, 1252
2026/09/28 20:21:13.141, 2, 37.19, 1328
2026/09/28 20:21:13.144, 3, 38.61, 1328
2026/09/28 20:21:13.347, 0, 40.80, 1328
2026/09/28 20:21:13.353, 1, 42.72, 1316
2026/09/28 20:21:13.361, 2, 150.82, 1303
2026/09/28 20:21:13.365, 3, 38.85, 1328
2026/09/28 20:21:13.568, 0, 40.59, 1328
2026/09/28 20:21:13.573, 1, 42.50, 1328
2026/09/28 20:21:13.576, 2, 139.87, 1265
2026/09/28 20:21:13.579, 3, 38.86, 1328
2026/09/28 20:21:13.782, 0, 40.80, 1328
2026/09/28 20:21:13.785, 1, 42.26, 1328
2026/09/28 20:21:13.788, 2, 147.70, 1303
2026/09/28 20:21:13.791, 3, 38.61, 1328
2026/09/28 20:21:13.994, 0, 40.56, 1328
2026/09/28 20:21:13.997, 1, 41.99, 1328
2026/09/28 20:21:14.000, 2, 144.43, 1290
2026/09/28 20:21:14.008, 3, 38.86, 1328
2026/09/28 20:21:14.211, 0, 40.56, 1328
2026/09/28 20:21:14.214, 1, 41.99, 1328
2026/09/28 20:21:14.217, 2, 37.67, 1316
2026/09/28 20:21:14.219, 3, 156.40, 1252
2026/09/28 20:21:14.425, 0, 40.56, 1328
2026/09/28 20:21:14.428, 1, 41.75, 1328
2026/09/28 20:21:14.433, 2, 36.94, 1328
2026/09/28 20:21:14.435, 3, 147.85, 1252
2026/09/28 20:21:14.647, 0, 40.56, 1328
2026/09/28 20:21:14.653, 1, 41.75, 1328
2026/09/28 20:21:14.656, 2, 36.94, 1328
2026/09/28 20:21:14.659, 3, 149.07, 1265
2026/09/28 20:21:14.863, 0, 40.56, 1328
2026/09/28 20:21:14.868, 1, 41.75, 1328
2026/09/28 20:21:14.872, 2, 36.70, 1328
2026/09/28 20:21:14.875, 3, 145.46, 1252
2026/09/28 20:21:15.078, 0, 46.14, 1328
2026/09/28 20:21:15.081, 1, 62.24, 1328
2026/09/28 20:21:15.084, 2, 105.32, 1328
2026/09/28 20:21:15.087, 3, 45.82, 1328
2026/09/28 20:21:15.290, 0, 41.07, 1328
2026/09/28 20:21:15.293, 1, 41.78, 1328
2026/09/28 20:21:15.296, 2, 36.97, 1328
2026/09/28 20:21:15.299, 3, 38.64, 1328
2026/09/28 20:21:15.502, 0, 32.40, 1063
2026/09/28 20:21:15.511, 1, 33.59, 1063
2026/09/28 20:21:15.514, 2, 30.94, 1063
2026/09/28 20:21:15.517, 3, 33.34, 1063
2026/09/28 20:21:15.721, 0, 31.91, 1063
2026/09/28 20:21:15.724, 1, 33.13, 1063
2026/09/28 20:21:15.726, 2, 29.25, 1063
2026/09/28 20:21:15.730, 3, 30.93, 1063
2026/09/28 20:21:15.933, 0, 31.91, 1063
2026/09/28 20:21:15.939, 1, 33.10, 1063
2026/09/28 20:21:15.942, 2, 29.25, 1063
2026/09/28 20:21:15.948, 3, 30.44, 1063
2026/09/28 20:21:16.153, 0, 31.67, 1063
2026/09/28 20:21:16.156, 1, 33.10, 1063
2026/09/28 20:21:16.161, 2, 29.25, 1063
2026/09/28 20:21:16.164, 3, 30.44, 1063
2026/09/28 20:21:16.367, 0, 31.67, 1063
2026/09/28 20:21:16.370, 1, 33.10, 1063
2026/09/28 20:21:16.373, 2, 29.25, 1063
2026/09/28 20:21:16.376, 3, 30.20, 1063
2026/09/28 20:21:16.579, 0, 31.67, 1063
2026/09/28 20:21:16.583, 1, 33.11, 1063
2026/09/28 20:21:16.586, 2, 29.25, 1063
2026/09/28 20:21:16.589, 3, 30.20, 1063
2026/09/28 20:21:16.793, 0, 31.67, 1063
2026/09/28 20:21:16.796, 1, 32.86, 1063
2026/09/28 20:21:16.801, 2, 29.25, 1063
2026/09/28 20:21:16.804, 3, 30.20, 1063
2026/09/28 20:21:17.007, 0, 31.67, 1063
2026/09/28 20:21:17.010, 1, 33.10, 1063
2026/09/28 20:21:17.013, 2, 29.24, 1063
2026/09/28 20:21:17.016, 3, 30.20, 1063
2026/09/28 20:21:17.219, 0, 31.67, 1063
2026/09/28 20:21:17.222, 1, 33.11, 1063
2026/09/28 20:21:17.225, 2, 29.25, 1063
2026/09/28 20:21:17.228, 3, 30.20, 1063
2026/09/28 20:21:17.432, 0, 31.67, 1063
2026/09/28 20:21:17.435, 1, 32.87, 1063
2026/09/28 20:21:17.440, 2, 29.25, 1063
2026/09/28 20:21:17.443, 3, 30.20, 1063
2026/09/28 20:21:17.646, 0, 31.67, 1063
2026/09/28 20:21:17.649, 1, 32.88, 1063
2026/09/28 20:21:17.652, 2, 29.25, 1063
2026/09/28 20:21:17.655, 3, 30.20, 1063
2026/09/28 20:21:17.858, 0, 31.67, 1063
2026/09/28 20:21:17.861, 1, 33.13, 1063
2026/09/28 20:21:17.864, 2, 29.25, 1063
2026/09/28 20:21:17.867, 3, 30.20, 1063
2026/09/28 20:21:18.072, 0, 31.67, 1063
2026/09/28 20:21:18.075, 1, 32.86, 1063
2026/09/28 20:21:18.080, 2, 29.23, 1063
2026/09/28 20:21:18.083, 3, 30.18, 1063
2026/09/28 20:21:18.286, 0, 31.67, 1063
2026/09/28 20:21:18.291, 1, 32.88, 1063
2026/09/28 20:21:18.294, 2, 29.25, 1063
2026/09/28 20:21:18.297, 3, 30.20, 1063
2026/09/28 20:21:18.500, 0, 31.67, 1063
2026/09/28 20:21:18.503, 1, 32.88, 1063
2026/09/28 20:21:18.506, 2, 29.25, 1063
2026/09/28 20:21:18.509, 3, 30.20, 1063
2026/09/28 20:21:18.713, 0, 31.67, 1063
2026/09/28 20:21:18.716, 1, 32.88, 1063
2026/09/28 20:21:18.720, 2, 29.25, 1063
2026/09/28 20:21:18.723, 3, 30.20, 1063
2026/09/28 20:21:18.926, 0, 31.67, 1063
2026/09/28 20:21:18.932, 1, 32.88, 1063
2026/09/28 20:21:18.935, 2, 29.25, 1063
2026/09/28 20:21:18.938, 3, 30.20, 1063
2026/09/28 20:21:19.141, 0, 31.67, 1063
2026/09/28 20:21:19.144, 1, 32.86, 1063
2026/09/28 20:21:19.147, 2, 29.25, 1063
2026/09/28 20:21:19.149, 3, 30.20, 1063
2026/09/28 20:21:19.353, 0, 31.67, 1063
2026/09/28 20:21:19.356, 1, 32.88, 1063
2026/09/28 20:21:19.359, 2, 29.25, 1063
2026/09/28 20:21:19.362, 3, 30.20, 1063
2026/09/28 20:21:19.565, 0, 31.67, 1063
2026/09/28 20:21:19.571, 1, 32.88, 1063
2026/09/28 20:21:19.574, 2, 29.25, 1063
2026/09/28 20:21:19.577, 3, 30.20, 1063
2026/09/28 20:21:19.780, 0, 31.67, 1063
2026/09/28 20:21:19.783, 1, 32.88, 1063
2026/09/28 20:21:19.787, 2, 29.25, 1063
2026/09/28 20:21:19.790, 3, 30.20, 1063
2026/09/28 20:21:19.993, 0, 31.67, 1063
2026/09/28 20:21:19.996, 1, 32.87, 1063
2026/09/28 20:21:19.999, 2, 29.25, 1063
2026/09/28 20:21:20.006, 3, 30.20, 1063
2026/09/28 20:21:20.211, 0, 31.67, 1063
2026/09/28 20:21:20.214, 1, 32.87, 1063
2026/09/28 20:21:20.219, 2, 29.25, 1063
2026/09/28 20:21:20.222, 3, 30.20, 1063
2026/09/28 20:21:20.425, 0, 31.67, 1063
2026/09/28 20:21:20.431, 1, 32.87, 1063
2026/09/28 20:21:20.434, 2, 29.25, 1063
2026/09/28 20:21:20.437, 3, 30.20, 1063
2026/09/28 20:21:20.640, 0, 31.67, 1063
2026/09/28 20:21:20.643, 1, 32.88, 1063
2026/09/28 20:21:20.646, 2, 29.25, 1063
2026/09/28 20:21:20.649, 3, 30.20, 1063
2026/09/28 20:21:20.852, 0, 31.67, 1063
2026/09/28 20:21:20.855, 1, 32.88, 1063
2026/09/28 20:21:20.859, 2, 29.25, 1063
2026/09/28 20:21:20.862, 3, 30.20, 1063
2026/09/28 20:21:21.065, 0, 31.67, 1063
2026/09/28 20:21:21.071, 1, 32.86, 1063
2026/09/28 20:21:21.073, 2, 29.01, 1063
2026/09/28 20:21:21.076, 3, 30.20, 1063
2026/09/28 20:21:21.279, 0, 31.67, 1063
2026/09/28 20:21:21.282, 1, 32.88, 1063
2026/09/28 20:21:21.286, 2, 29.01, 1063
2026/09/28 20:21:21.289, 3, 30.20, 1063
2026/09/28 20:21:21.492, 0, 31.69, 1063
2026/09/28 20:21:21.495, 1, 32.88, 1063
2026/09/28 20:21:21.499, 2, 29.01, 1063
2026/09/28 20:21:21.505, 3, 30.20, 1063
2026/09/28 20:21:21.710, 0, 31.69, 1063
2026/09/28 20:21:21.713, 1, 32.87, 1063
2026/09/28 20:21:21.718, 2, 29.01, 1063
2026/09/28 20:21:21.724, 3, 30.20, 1063
2026/09/28 20:21:21.930, 0, 31.67, 1063
2026/09/28 20:21:21.933, 1, 32.88, 1063
2026/09/28 20:21:21.938, 2, 29.01, 1063
2026/09/28 20:21:21.944, 3, 30.20, 1063
2026/09/28 20:21:22.150, 0, 31.43, 1063
2026/09/28 20:21:22.152, 1, 32.86, 1063
2026/09/28 20:21:22.158, 2, 29.01, 1063
2026/09/28 20:21:22.164, 3, 30.20, 1063
2026/09/28 20:21:22.369, 0, 31.67, 1063
2026/09/28 20:21:22.372, 1, 32.88, 1063
2026/09/28 20:21:22.378, 2, 29.25, 1063
2026/09/28 20:21:22.384, 3, 30.20, 1063
2026/09/28 20:21:22.589, 0, 31.67, 1063
2026/09/28 20:21:22.593, 1, 32.88, 1063
2026/09/28 20:21:22.598, 2, 29.25, 1063
2026/09/28 20:21:22.604, 3, 30.20, 1063
2026/09/28 20:21:22.809, 0, 31.67, 1063
2026/09/28 20:21:22.812, 1, 32.88, 1063
2026/09/28 20:21:22.818, 2, 29.01, 1063
2026/09/28 20:21:22.824, 3, 30.20, 1063
2026/09/28 20:21:23.029, 0, 31.67, 1063
2026/09/28 20:21:23.032, 1, 32.87, 1063
2026/09/28 20:21:23.038, 2, 29.01, 1063
2026/09/28 20:21:23.043, 3, 30.20, 1063
2026/09/28 20:21:23.249, 0, 31.43, 1063
2026/09/28 20:21:23.252, 1, 32.88, 1063
2026/09/28 20:21:23.257, 2, 29.01, 1063
2026/09/28 20:21:23.263, 3, 30.20, 1063
2026/09/28 20:21:23.469, 0, 31.67, 1063
2026/09/28 20:21:23.472, 1, 32.88, 1063
2026/09/28 20:21:23.477, 2, 29.01, 1063
2026/09/28 20:21:23.483, 3, 30.20, 1063
2026/09/28 20:21:23.689, 0, 31.43, 1063
2026/09/28 20:21:23.692, 1, 32.88, 1063
2026/09/28 20:21:23.697, 2, 29.01, 1063
2026/09/28 20:21:23.703, 3, 30.20, 1063
2026/09/28 20:21:23.908, 0, 31.67, 1063
2026/09/28 20:21:23.911, 1, 32.87, 1063
2026/09/28 20:21:23.917, 2, 29.01, 1063
2026/09/28 20:21:23.923, 3, 30.20, 1063
2026/09/28 20:21:24.128, 0, 31.43, 1063
2026/09/28 20:21:24.131, 1, 32.86, 1063
2026/09/28 20:21:24.137, 2, 29.01, 1063
2026/09/28 20:21:24.143, 3, 30.20, 1063
2026/09/28 20:21:24.348, 0, 31.67, 1063
2026/09/28 20:21:24.351, 1, 32.88, 1063
2026/09/28 20:21:24.357, 2, 29.01, 1063
2026/09/28 20:21:24.363, 3, 30.20, 1063
2026/09/28 20:21:24.568, 0, 31.45, 1063
2026/09/28 20:21:24.571, 1, 32.86, 1063
2026/09/28 20:21:24.577, 2, 29.01, 1063
2026/09/28 20:21:24.583, 3, 30.20, 1063
2026/09/28 20:21:24.788, 0, 31.43, 1063
2026/09/28 20:21:24.791, 1, 32.88, 1063
2026/09/28 20:21:24.797, 2, 29.01, 1063
2026/09/28 20:21:24.803, 3, 30.20, 1063
2026/09/28 20:21:25.008, 0, 31.43, 1063
2026/09/28 20:21:25.011, 1, 32.86, 1063
2026/09/28 20:21:25.016, 2, 29.01, 1063
2026/09/28 20:21:25.019, 3, 30.20, 1063
2026/09/28 20:21:25.223, 0, 31.43, 1063
2026/09/28 20:21:25.226, 1, 32.87, 1063
2026/09/28 20:21:25.229, 2, 29.01, 1063
2026/09/28 20:21:25.232, 3, 30.20, 1063
2026/09/28 20:21:25.435, 0, 31.45, 1063
2026/09/28 20:21:25.438, 1, 32.88, 1063
2026/09/28 20:21:25.440, 2, 29.01, 1063
2026/09/28 20:21:25.445, 3, 30.20, 1063
2026/09/28 20:21:25.648, 0, 31.43, 1063
2026/09/28 20:21:25.651, 1, 32.87, 1063
2026/09/28 20:21:25.656, 2, 29.01, 1063
2026/09/28 20:21:25.659, 3, 30.20, 1063
2026/09/28 20:21:25.862, 0, 31.67, 1063
2026/09/28 20:21:25.865, 1, 32.87, 1063
2026/09/28 20:21:25.868, 2, 29.25, 1063
2026/09/28 20:21:25.871, 3, 30.20, 1063
2026/09/28 20:21:26.074, 0, 101.44, 1063
2026/09/28 20:21:26.077, 1, 32.84, 1063
2026/09/28 20:21:26.080, 2, 28.99, 1063
2026/09/28 20:21:26.083, 3, 30.18, 1063
2026/09/28 20:21:26.287, 0, 32.13, 1063
2026/09/28 20:21:26.290, 1, 98.77, 1063
2026/09/28 20:21:26.298, 2, 28.99, 1063
2026/09/28 20:21:26.301, 3, 30.18, 1063
2026/09/28 20:21:26.504, 0, 31.91, 1063
2026/09/28 20:21:26.509, 1, 33.09, 1063
2026/09/28 20:21:26.516, 2, 32.62, 1063
2026/09/28 20:21:26.518, 3, 94.62, 1063
2026/09/28 20:21:26.721, 0, 39.84, 1063
2026/09/28 20:21:26.724, 1, 69.47, 1063
2026/09/28 20:21:26.727, 2, 53.85, 1063
2026/09/28 20:21:26.734, 3, 30.18, 1063
2026/09/28 20:21:26.937, 0, 53.37, 1063
2026/09/28 20:21:26.940, 1, 62.02, 1063
2026/09/28 20:21:26.943, 2, 36.49, 1063
2026/09/28 20:21:26.946, 3, 34.53, 1063
2026/09/28 20:21:27.149, 0, 35.78, 1063
2026/09/28 20:21:27.152, 1, 40.09, 1063
2026/09/28 20:21:27.155, 2, 41.53, 1063
2026/09/28 20:21:27.158, 3, 62.19, 1063
2026/09/28 20:21:27.362, 0, 59.64, 1063
2026/09/28 20:21:27.365, 1, 53.58, 1063
2026/09/28 20:21:27.367, 2, 32.13, 1063
2026/09/28 20:21:27.370, 3, 35.74, 1063
2026/09/28 20:21:27.573, 0, 36.51, 1063
2026/09/28 20:21:27.576, 1, 40.81, 1063
2026/09/28 20:21:27.579, 2, 43.95, 1063
2026/09/28 20:21:27.582, 3, 62.92, 1063
2026/09/28 20:21:27.788, 0, 58.91, 1063
2026/09/28 20:21:27.791, 1, 58.38, 1063
2026/09/28 20:21:27.795, 2, 42.74, 1063
2026/09/28 20:21:27.801, 3, 34.05, 1063
2026/09/28 20:21:28.004, 0, 34.79, 1063
2026/09/28 20:21:28.009, 1, 36.95, 1063
2026/09/28 20:21:28.015, 2, 36.49, 1063
2026/09/28 20:21:28.018, 3, 48.75, 1063
2026/09/28 20:21:28.221, 0, 49.99, 1063
2026/09/28 20:21:28.224, 1, 62.99, 1063
2026/09/28 20:21:28.227, 2, 42.50, 1063
2026/09/28 20:21:28.230, 3, 34.05, 1063
2026/09/28 20:21:28.433, 0, 35.05, 1063
2026/09/28 20:21:28.436, 1, 38.40, 1063
2026/09/28 20:21:28.438, 2, 38.18, 1063
2026/09/28 20:21:28.443, 3, 49.96, 1063
2026/09/28 20:21:28.648, 0, 48.32, 1063
2026/09/28 20:21:28.651, 1, 59.37, 1063
2026/09/28 20:21:28.654, 2, 48.02, 1063
2026/09/28 20:21:28.657, 3, 33.57, 1063
2026/09/28 20:21:28.860, 0, 34.57, 1063
2026/09/28 20:21:28.863, 1, 37.70, 1063
2026/09/28 20:21:28.866, 2, 37.93, 1063
2026/09/28 20:21:28.869, 3, 52.37, 1063
2026/09/28 20:21:29.072, 0, 52.15, 1063
2026/09/28 20:21:29.075, 1, 63.43, 1063
2026/09/28 20:21:29.078, 2, 46.61, 1063
2026/09/28 20:21:29.084, 3, 33.33, 1063
2026/09/28 20:21:29.287, 0, 34.79, 1063
2026/09/28 20:21:29.290, 1, 37.67, 1063
2026/09/28 20:21:29.294, 2, 37.91, 1063
2026/09/28 20:21:29.297, 3, 53.58, 1063
2026/09/28 20:21:29.500, 0, 50.46, 1063
2026/09/28 20:21:29.503, 1, 63.68, 1063
2026/09/28 20:21:29.506, 2, 42.74, 1063
2026/09/28 20:21:29.509, 3, 34.03, 1063
2026/09/28 20:21:29.712, 0, 35.05, 1063
2026/09/28 20:21:29.715, 1, 38.64, 1063
2026/09/28 20:21:29.718, 2, 37.21, 1063
2026/09/28 20:21:29.724, 3, 49.96, 1063
2026/09/28 20:21:29.927, 0, 48.08, 1063
2026/09/28 20:21:29.930, 1, 55.51, 1063
2026/09/28 20:21:29.936, 2, 54.06, 1063
2026/09/28 20:21:29.939, 3, 33.09, 1063
2026/09/28 20:21:30.142, 0, 36.48, 1063
2026/09/28 20:21:30.147, 1, 36.71, 1063
2026/09/28 20:21:30.150, 2, 35.76, 1063
2026/09/28 20:21:30.153, 3, 47.30, 1063
2026/09/28 20:21:30.356, 0, 46.87, 1063
2026/09/28 20:21:30.359, 1, 58.65, 1063
2026/09/28 20:21:30.362, 2, 50.44, 1063
2026/09/28 20:21:30.365, 3, 33.33, 1063
2026/09/28 20:21:30.568, 0, 34.55, 1063
2026/09/28 20:21:30.571, 1, 37.45, 1063
2026/09/28 20:21:30.574, 2, 37.19, 1063
2026/09/28 20:21:30.577, 3, 51.16, 1063
2026/09/28 20:21:30.780, 0, 49.29, 1063
2026/09/28 20:21:30.783, 1, 60.79, 1063
2026/09/28 20:21:30.786, 2, 45.15, 1063
2026/09/28 20:21:30.789, 3, 33.80, 1063
2026/09/28 20:21:30.992, 0, 35.03, 1063
2026/09/28 20:21:30.995, 1, 36.95, 1063
2026/09/28 20:21:31.001, 2, 36.97, 1063
2026/09/28 20:21:31.004, 3, 49.45, 1063
2026/09/28 20:21:31.207, 0, 50.70, 1063
2026/09/28 20:21:31.210, 1, 63.92, 1063
2026/09/28 20:21:31.213, 2, 41.29, 1063
2026/09/28 20:21:31.216, 3, 34.27, 1063
2026/09/28 20:21:31.419, 0, 35.03, 1063
2026/09/28 20:21:31.422, 1, 38.40, 1063
2026/09/28 20:21:31.425, 2, 39.14, 1063
2026/09/28 20:21:31.428, 3, 55.72, 1063
2026/09/28 20:21:31.631, 0, 52.15, 1063
2026/09/28 20:21:31.634, 1, 62.02, 1063
2026/09/28 20:21:31.637, 2, 37.45, 1063
2026/09/28 20:21:31.640, 3, 33.81, 1063
2026/09/28 20:21:31.846, 0, 34.79, 1063
2026/09/28 20:21:31.849, 1, 37.68, 1063
2026/09/28 20:21:31.852, 2, 38.42, 1063
2026/09/28 20:21:31.855, 3, 53.06, 1063
2026/09/28 20:21:32.058, 0, 51.67, 1063
2026/09/28 20:21:32.061, 1, 59.85, 1063
2026/09/28 20:21:32.066, 2, 45.88, 1063
2026/09/28 20:21:32.069, 3, 33.56, 1063
2026/09/28 20:21:32.272, 0, 35.29, 1063
2026/09/28 20:21:32.275, 1, 38.88, 1063
2026/09/28 20:21:32.278, 2, 38.42, 1063
2026/09/28 20:21:32.283, 3, 55.50, 1063
2026/09/28 20:21:32.486, 0, 51.92, 1063
2026/09/28 20:21:32.489, 1, 64.17, 1063
2026/09/28 20:21:32.492, 2, 38.64, 1063
2026/09/28 20:21:32.495, 3, 34.29, 1063
2026/09/28 20:21:32.698, 0, 35.27, 1063
2026/09/28 20:21:32.701, 1, 38.88, 1063
2026/09/28 20:21:32.704, 2, 40.11, 1063
2026/09/28 20:21:32.707, 3, 58.89, 1063
2026/09/28 20:21:32.910, 0, 55.29, 1063
2026/09/28 20:21:32.913, 1, 58.62, 1063
2026/09/28 20:21:32.916, 2, 31.65, 1063
2026/09/28 20:21:32.919, 3, 35.26, 1063
2026/09/28 20:21:33.122, 0, 35.51, 1063
2026/09/28 20:21:33.125, 1, 38.16, 1063
2026/09/28 20:21:33.131, 2, 38.66, 1063
2026/09/28 20:21:33.134, 3, 55.27, 1063
2026/09/28 20:21:33.337, 0, 52.40, 1063
2026/09/28 20:21:33.340, 1, 62.47, 1063
2026/09/28 20:21:33.343, 2, 36.97, 1063
2026/09/28 20:21:33.346, 3, 34.29, 1063
2026/09/28 20:21:33.549, 0, 35.54, 1063
2026/09/28 20:21:33.552, 1, 39.61, 1063
2026/09/28 20:21:33.555, 2, 41.29, 1063
2026/09/28 20:21:33.558, 3, 62.95, 1063
2026/09/28 20:21:33.761, 0, 56.98, 1063
2026/09/28 20:21:33.765, 1, 57.20, 1063
2026/09/28 20:21:33.768, 2, 31.65, 1063
2026/09/28 20:21:33.771, 3, 35.48, 1063
2026/09/28 20:21:33.974, 0, 36.24, 1063
2026/09/28 20:21:33.977, 1, 40.57, 1063
2026/09/28 20:21:33.980, 2, 42.98, 1063
2026/09/28 20:21:33.983, 3, 62.47, 1063
2026/09/28 20:21:34.187, 0, 60.60, 1063
2026/09/28 20:21:34.191, 1, 52.37, 1063
2026/09/28 20:21:34.193, 2, 31.89, 1063
2026/09/28 20:21:34.196, 3, 35.96, 1063
2026/09/28 20:21:34.399, 0, 36.24, 1063
2026/09/28 20:21:34.405, 1, 40.57, 1063
2026/09/28 20:21:34.408, 2, 42.26, 1063
2026/09/28 20:21:34.411, 3, 67.53, 1063
2026/09/28 20:21:34.614, 0, 59.39, 1063
2026/09/28 20:21:34.617, 1, 52.13, 1063
2026/09/28 20:21:34.620, 2, 31.89, 1063
2026/09/28 20:21:34.623, 3, 36.44, 1063
2026/09/28 20:21:34.826, 0, 36.72, 1063
2026/09/28 20:21:34.829, 1, 40.81, 1063
2026/09/28 20:21:34.832, 2, 43.46, 1063
2026/09/28 20:21:34.835, 3, 69.71, 1063
2026/09/28 20:21:35.038, 0, 58.19, 1063
2026/09/28 20:21:35.044, 1, 55.99, 1063
2026/09/28 20:21:35.047, 2, 31.65, 1063
2026/09/28 20:21:35.050, 3, 35.24, 1063
2026/09/28 20:21:35.253, 0, 36.72, 1063
2026/09/28 20:21:35.256, 1, 41.29, 1063
2026/09/28 20:21:35.259, 2, 44.43, 1063
2026/09/28 20:21:35.262, 3, 70.87, 1063
2026/09/28 20:21:35.465, 0, 64.46, 1063
2026/09/28 20:21:35.468, 1, 52.13, 1063
2026/09/28 20:21:35.472, 2, 31.89, 1063
2026/09/28 20:21:35.476, 3, 36.44, 1063
2026/09/28 20:21:35.678, 0, 36.00, 1063
2026/09/28 20:21:35.684, 1, 39.61, 1063
2026/09/28 20:21:35.687, 2, 41.53, 1063
2026/09/28 20:21:35.690, 3, 59.09, 1063
2026/09/28 20:21:35.895, 0, 55.53, 1063
2026/09/28 20:21:35.898, 1, 58.40, 1063
2026/09/28 20:21:35.901, 2, 31.65, 1063
2026/09/28 20:21:35.904, 3, 35.25, 1063
2026/09/28 20:21:36.107, 0, 36.48, 1063
2026/09/28 20:21:36.110, 1, 40.33, 1063
2026/09/28 20:21:36.114, 2, 41.53, 1063
2026/09/28 20:21:36.117, 3, 65.09, 1063
2026/09/28 20:21:36.320, 0, 58.67, 1063
2026/09/28 20:21:36.324, 1, 53.58, 1063
2026/09/28 20:21:36.327, 2, 31.89, 1063
2026/09/28 20:21:36.330, 3, 35.98, 1063
2026/09/28 20:21:36.533, 0, 36.72, 1063
2026/09/28 20:21:36.536, 1, 41.06, 1063
2026/09/28 20:21:36.539, 2, 44.19, 1063
2026/09/28 20:21:36.541, 3, 69.90, 1063
2026/09/28 20:21:36.744, 0, 63.71, 1063
2026/09/28 20:21:36.747, 1, 53.58, 1063
2026/09/28 20:21:36.753, 2, 31.89, 1063
2026/09/28 20:21:36.755, 3, 35.24, 1063
2026/09/28 20:21:36.960, 0, 36.00, 1063
2026/09/28 20:21:36.964, 1, 40.09, 1063
2026/09/28 20:21:36.966, 2, 41.53, 1063
2026/09/28 20:21:36.969, 3, 64.60, 1063
2026/09/28 20:21:37.172, 0, 59.88, 1063
2026/09/28 20:21:37.175, 1, 53.10, 1063
2026/09/28 20:21:37.178, 2, 31.89, 1063
2026/09/28 20:21:37.181, 3, 35.74, 1063
2026/09/28 20:21:37.384, 0, 43.49, 1063
2026/09/28 20:21:37.387, 1, 48.75, 1063
2026/09/28 20:21:37.393, 2, 57.67, 1063
2026/09/28 20:21:37.396, 3, 55.48, 1063
2026/09/28 20:21:37.602, 0, 60.33, 1063
2026/09/28 20:21:37.607, 1, 40.82, 1063
2026/09/28 20:21:37.612, 2, 32.86, 1063
2026/09/28 20:21:37.615, 3, 37.91, 1063
2026/09/28 20:21:37.818, 0, 38.41, 1063
2026/09/28 20:21:37.821, 1, 43.71, 1063
2026/09/28 20:21:37.824, 2, 48.78, 1063
2026/09/28 20:21:37.828, 3, 61.26, 1063
2026/09/28 20:21:38.031, 0, 61.57, 1063
2026/09/28 20:21:38.034, 1, 35.01, 1063
2026/09/28 20:21:38.036, 2, 32.86, 1063
2026/09/28 20:21:38.040, 3, 38.39, 1063
2026/09/28 20:21:38.243, 0, 37.93, 1063
2026/09/28 20:21:38.249, 1, 43.22, 1063
2026/09/28 20:21:38.252, 2, 48.30, 1063
2026/09/28 20:21:38.255, 3, 60.51, 1063
2026/09/28 20:21:38.458, 0, 58.40, 1063
2026/09/28 20:21:38.461, 1, 35.01, 1063
2026/09/28 20:21:38.464, 2, 33.10, 1063
2026/09/28 20:21:38.467, 3, 39.34, 1063
2026/09/28 20:21:38.670, 0, 41.56, 1063
2026/09/28 20:21:38.673, 1, 48.53, 1063
2026/09/28 20:21:38.676, 2, 55.51, 1063
2026/09/28 20:21:38.680, 3, 51.16, 1063
2026/09/28 20:21:38.883, 0, 52.15, 1063
2026/09/28 20:21:38.886, 1, 35.27, 1063
2026/09/28 20:21:38.891, 2, 33.58, 1063
2026/09/28 20:21:38.894, 3, 40.31, 1063
2026/09/28 20:21:39.097, 0, 41.31, 1063
2026/09/28 20:21:39.100, 1, 48.75, 1063
2026/09/28 20:21:39.103, 2, 57.67, 1063
2026/09/28 20:21:39.106, 3, 48.76, 1063
2026/09/28 20:21:39.309, 0, 52.15, 1063
2026/09/28 20:21:39.315, 1, 35.50, 1063
2026/09/28 20:21:39.317, 2, 34.31, 1063
2026/09/28 20:21:39.320, 3, 42.02, 1063
2026/09/28 20:21:39.523, 0, 41.56, 1063
2026/09/28 20:21:39.526, 1, 46.61, 1063
2026/09/28 20:21:39.531, 2, 54.30, 1063
2026/09/28 20:21:39.534, 3, 53.07, 1063
2026/09/28 20:21:39.737, 0, 51.92, 1063
2026/09/28 20:21:39.740, 1, 35.50, 1063
2026/09/28 20:21:39.743, 2, 34.07, 1063
2026/09/28 20:21:39.746, 3, 42.24, 1063
2026/09/28 20:21:39.949, 0, 42.04, 1063
2026/09/28 20:21:39.952, 1, 49.99, 1063
2026/09/28 20:21:39.955, 2, 56.23, 1063
2026/09/28 20:21:39.959, 3, 49.23, 1063
2026/09/28 20:21:40.162, 0, 45.18, 1063
2026/09/28 20:21:40.165, 1, 35.50, 1063
2026/09/28 20:21:40.171, 2, 42.50, 1063
2026/09/28 20:21:40.171, 3, 66.53, 1063
2026/09/28 20:21:40.372, 0, 45.88, 1063
2026/09/28 20:21:40.375, 1, 56.96, 1063
2026/09/28 20:21:40.378, 2, 52.15, 1063
2026/09/28 20:21:40.381, 3, 33.08, 1063
2026/09/28 20:21:40.584, 0, 34.31, 1063
2026/09/28 20:21:40.587, 1, 36.73, 1063
2026/09/28 20:21:40.593, 2, 34.07, 1063
2026/09/28 20:21:40.599, 3, 42.98, 1063
2026/09/28 20:21:40.802, 0, 42.52, 1063
2026/09/28 20:21:40.805, 1, 47.33, 1063
2026/09/28 20:21:40.810, 2, 54.54, 1063
2026/09/28 20:21:40.813, 3, 51.40, 1063
2026/09/28 20:21:41.016, 0, 55.29, 1063
2026/09/28 20:21:41.021, 1, 35.26, 1063
2026/09/28 20:21:41.024, 2, 33.58, 1063
2026/09/28 20:21:41.028, 3, 40.30, 1063
2026/09/28 20:21:41.231, 0, 41.31, 1063
2026/09/28 20:21:41.234, 1, 48.54, 1063
2026/09/28 20:21:41.237, 2, 58.64, 1063
2026/09/28 20:21:41.239, 3, 48.75, 1063
2026/09/28 20:21:41.443, 0, 47.08, 1063
2026/09/28 20:21:41.446, 1, 35.76, 1063
2026/09/28 20:21:41.450, 2, 34.31, 1063
2026/09/28 20:21:41.453, 3, 42.26, 1063
2026/09/28 20:21:41.656, 0, 40.35, 1063
2026/09/28 20:21:41.661, 1, 47.58, 1063
2026/09/28 20:21:41.664, 2, 55.27, 1063
2026/09/28 20:21:41.667, 3, 51.13, 1063
2026/09/28 20:21:41.870, 0, 50.23, 1063
2026/09/28 20:21:41.873, 1, 35.52, 1063
2026/09/28 20:21:41.876, 2, 34.07, 1063
2026/09/28 20:21:41.879, 3, 42.74, 1063
2026/09/28 20:21:42.082, 0, 42.28, 1063
2026/09/28 20:21:42.085, 1, 47.33, 1063
2026/09/28 20:21:42.089, 2, 56.96, 1063
2026/09/28 20:21:42.092, 3, 48.99, 1063
2026/09/28 20:21:42.295, 0, 54.08, 1063
2026/09/28 20:21:42.300, 1, 35.50, 1063
2026/09/28 20:21:42.303, 2, 33.58, 1063
2026/09/28 20:21:42.306, 3, 41.51, 1063
2026/09/28 20:21:42.509, 0, 42.04, 1063
2026/09/28 20:21:42.512, 1, 50.71, 1063
2026/09/28 20:21:42.515, 2, 59.85, 1063
2026/09/28 20:21:42.518, 3, 44.64, 1063
2026/09/28 20:21:42.721, 0, 44.45, 1063
2026/09/28 20:21:42.724, 1, 35.74, 1063
2026/09/28 20:21:42.729, 2, 34.31, 1063
2026/09/28 20:21:42.732, 3, 42.98, 1063
2026/09/28 20:21:42.935, 0, 40.59, 1063
2026/09/28 20:21:42.940, 1, 47.81, 1063
2026/09/28 20:21:42.943, 2, 56.95, 1063
2026/09/28 20:21:42.946, 3, 48.27, 1063
2026/09/28 20:21:43.149, 0, 46.84, 1063
2026/09/28 20:21:43.152, 1, 36.00, 1063
2026/09/28 20:21:43.155, 2, 34.79, 1063
2026/09/28 20:21:43.158, 3, 43.68, 1063
2026/09/28 20:21:43.361, 0, 44.21, 1063
2026/09/28 20:21:43.364, 1, 50.71, 1063
2026/09/28 20:21:43.369, 2, 59.37, 1063
2026/09/28 20:21:43.372, 3, 42.96, 1063
2026/09/28 20:21:43.575, 0, 49.74, 1063
2026/09/28 20:21:43.579, 1, 35.74, 1063
2026/09/28 20:21:43.582, 2, 34.55, 1063
2026/09/28 20:21:43.585, 3, 42.96, 1063
2026/09/28 20:21:43.788, 0, 42.28, 1063
2026/09/28 20:21:43.791, 1, 50.71, 1063
2026/09/28 20:21:43.794, 2, 59.37, 1063
2026/09/28 20:21:43.797, 3, 39.82, 1063
2026/09/28 20:21:44.000, 0, 41.56, 1063
2026/09/28 20:21:44.003, 1, 35.74, 1063
2026/09/28 20:21:44.008, 2, 34.55, 1063
2026/09/28 20:21:44.011, 3, 42.72, 1063
2026/09/28 20:21:44.214, 0, 42.02, 1063
2026/09/28 20:21:44.219, 1, 51.16, 1063
2026/09/28 20:21:44.222, 2, 59.33, 1063
2026/09/28 20:21:44.225, 3, 43.20, 1063
2026/09/28 20:21:44.428, 0, 41.56, 1063
2026/09/28 20:21:44.431, 1, 36.47, 1063
2026/09/28 20:21:44.434, 2, 35.52, 1063
2026/09/28 20:21:44.437, 3, 46.09, 1063
2026/09/28 20:21:44.640, 0, 44.70, 1063
2026/09/28 20:21:44.643, 1, 50.44, 1063
2026/09/28 20:21:44.648, 2, 58.61, 1063
2026/09/28 20:21:44.651, 3, 41.29, 1063
2026/09/28 20:21:44.854, 0, 47.11, 1063
2026/09/28 20:21:44.859, 1, 35.74, 1063
2026/09/28 20:21:44.861, 2, 34.79, 1063
2026/09/28 20:21:44.864, 3, 43.68, 1063
2026/09/28 20:21:45.067, 0, 44.91, 1063
2026/09/28 20:21:45.070, 1, 33.10, 1063
2026/09/28 20:21:45.073, 2, 29.72, 1063
2026/09/28 20:21:45.076, 3, 30.43, 1063
2026/09/28 20:21:45.279, 0, 76.49, 1063
2026/09/28 20:21:45.282, 1, 70.92, 1063
2026/09/28 20:21:45.288, 2, 29.25, 1063
2026/09/28 20:21:45.291, 3, 29.95, 1063
2026/09/28 20:21:45.494, 0, 31.91, 1063
2026/09/28 20:21:45.498, 1, 35.76, 1063
2026/09/28 20:21:45.501, 2, 89.13, 1063
2026/09/28 20:21:45.504, 3, 30.18, 1063
2026/09/28 20:21:45.707, 0, 31.91, 1063
2026/09/28 20:21:45.710, 1, 32.86, 1063
2026/09/28 20:21:45.713, 2, 29.98, 1063
2026/09/28 20:21:45.716, 3, 101.60, 1063
2026/09/28 20:21:45.921, 0, 32.63, 1063
2026/09/28 20:21:45.924, 1, 36.72, 1063
2026/09/28 20:21:45.927, 2, 46.85, 1063
2026/09/28 20:21:45.931, 3, 73.68, 1063
2026/09/28 20:21:46.137, 0, 34.31, 1063
2026/09/28 20:21:46.140, 1, 37.68, 1063
2026/09/28 20:21:46.143, 2, 37.91, 1063
2026/09/28 20:21:46.146, 3, 53.31, 1063
2026/09/28 20:21:46.349, 0, 51.92, 1063
2026/09/28 20:21:46.352, 1, 63.44, 1063
2026/09/28 20:21:46.355, 2, 40.09, 1063
2026/09/28 20:21:46.358, 3, 34.53, 1063
2026/09/28 20:21:46.561, 0, 35.27, 1063
2026/09/28 20:21:46.564, 1, 38.88, 1063
2026/09/28 20:21:46.567, 2, 39.87, 1063
2026/09/28 20:21:46.570, 3, 59.09, 1063
2026/09/28 20:21:46.773, 0, 51.19, 1063
2026/09/28 20:21:46.778, 1, 63.43, 1063
2026/09/28 20:21:46.781, 2, 40.81, 1063
2026/09/28 20:21:46.784, 3, 34.29, 1063
2026/09/28 20:21:46.987, 0, 35.27, 1063
2026/09/28 20:21:46.990, 1, 39.12, 1063
2026/09/28 20:21:46.993, 2, 39.84, 1063
2026/09/28 20:21:46.996, 3, 59.09, 1063
2026/09/28 20:21:47.199, 0, 58.67, 1063
2026/09/28 20:21:47.202, 1, 57.92, 1063
2026/09/28 20:21:47.207, 2, 31.41, 1063
2026/09/28 20:21:47.210, 3, 35.25, 1063
2026/09/28 20:21:47.413, 0, 35.27, 1063
2026/09/28 20:21:47.418, 1, 38.88, 1063
2026/09/28 20:21:47.421, 2, 39.84, 1063
2026/09/28 20:21:47.424, 3, 58.64, 1063
2026/09/28 20:21:47.627, 0, 54.56, 1063
2026/09/28 20:21:47.630, 1, 59.13, 1063
2026/09/28 20:21:47.633, 2, 40.32, 1063
2026/09/28 20:21:47.638, 3, 34.29, 1063
2026/09/28 20:21:47.841, 0, 35.03, 1063
2026/09/28 20:21:47.844, 1, 38.40, 1063
2026/09/28 20:21:47.847, 2, 39.14, 1063
2026/09/28 20:21:47.850, 3, 50.89, 1063
2026/09/28 20:21:48.056, 0, 49.74, 1063
2026/09/28 20:21:48.059, 1, 63.19, 1063
2026/09/28 20:21:48.062, 2, 44.19, 1063
2026/09/28 20:21:48.065, 3, 33.81, 1063
2026/09/28 20:21:48.268, 0, 35.27, 1063
2026/09/28 20:21:48.271, 1, 38.64, 1063
2026/09/28 20:21:48.274, 2, 37.69, 1063
2026/09/28 20:21:48.280, 3, 52.61, 1063
2026/09/28 20:21:48.483, 0, 49.02, 1063
2026/09/28 20:21:48.486, 1, 61.54, 1063
2026/09/28 20:21:48.489, 2, 45.15, 1063
2026/09/28 20:21:48.492, 3, 33.56, 1063
2026/09/28 20:21:48.696, 0, 34.55, 1063
2026/09/28 20:21:48.699, 1, 37.44, 1063
2026/09/28 20:21:48.702, 2, 38.18, 1063
2026/09/28 20:21:48.705, 3, 52.34, 1063
2026/09/28 20:21:48.908, 0, 50.71, 1063
2026/09/28 20:21:48.911, 1, 63.71, 1063
2026/09/28 20:21:48.914, 2, 40.57, 1063
2026/09/28 20:21:48.917, 3, 34.29, 1063
2026/09/28 20:21:49.119, 0, 35.27, 1063
2026/09/28 20:21:49.123, 1, 38.64, 1063
2026/09/28 20:21:49.126, 2, 39.84, 1063
2026/09/28 20:21:49.129, 3, 58.88, 1063
2026/09/28 20:21:49.332, 0, 52.15, 1063
2026/09/28 20:21:49.338, 1, 63.19, 1063
2026/09/28 20:21:49.341, 2, 42.98, 1063
2026/09/28 20:21:49.345, 3, 34.05, 1063
2026/09/28 20:21:49.548, 0, 35.03, 1063
2026/09/28 20:21:49.551, 1, 38.15, 1063
2026/09/28 20:21:49.554, 2, 38.90, 1063
2026/09/28 20:21:49.557, 3, 55.50, 1063
2026/09/28 20:21:49.760, 0, 51.92, 1063
2026/09/28 20:21:49.763, 1, 61.75, 1063
2026/09/28 20:21:49.766, 2, 37.21, 1063
2026/09/28 20:21:49.768, 3, 34.78, 1063
2026/09/28 20:21:49.971, 0, 34.79, 1063
2026/09/28 20:21:49.977, 1, 37.92, 1063
2026/09/28 20:21:49.980, 2, 38.15, 1063
2026/09/28 20:21:49.983, 3, 54.05, 1063
2026/09/28 20:21:50.186, 0, 52.64, 1063
2026/09/28 20:21:50.189, 1, 60.33, 1063
2026/09/28 20:21:50.192, 2, 37.21, 1063
2026/09/28 20:21:50.195, 3, 34.77, 1063
2026/09/28 20:21:50.398, 0, 35.52, 1063
2026/09/28 20:21:50.401, 1, 38.88, 1063
2026/09/28 20:21:50.405, 2, 38.66, 1063
2026/09/28 20:21:50.410, 3, 55.72, 1063
2026/09/28 20:21:50.613, 0, 50.71, 1063
2026/09/28 20:21:50.617, 1, 62.48, 1063
2026/09/28 20:21:50.620, 2, 43.46, 1063
2026/09/28 20:21:50.623, 3, 33.80, 1063
2026/09/28 20:21:50.826, 0, 35.03, 1063
2026/09/28 20:21:50.829, 1, 37.92, 1063
2026/09/28 20:21:50.832, 2, 38.88, 1063
2026/09/28 20:21:50.835, 3, 55.24, 1063
2026/09/28 20:21:51.038, 0, 52.88, 1063
2026/09/28 20:21:51.041, 1, 61.98, 1063
2026/09/28 20:21:51.045, 2, 37.45, 1063
2026/09/28 20:21:51.048, 3, 34.27, 1063
2026/09/28 20:21:51.251, 0, 35.03, 1063
2026/09/28 20:21:51.256, 1, 38.16, 1063
2026/09/28 20:21:51.259, 2, 38.88, 1063
2026/09/28 20:21:51.262, 3, 56.44, 1063
2026/09/28 20:21:51.465, 0, 52.88, 1063
2026/09/28 20:21:51.468, 1, 61.03, 1063
2026/09/28 20:21:51.471, 2, 37.21, 1063
2026/09/28 20:21:51.474, 3, 34.77, 1063
2026/09/28 20:21:51.677, 0, 35.51, 1063
2026/09/28 20:21:51.680, 1, 38.40, 1063
2026/09/28 20:21:51.684, 2, 39.14, 1063
2026/09/28 20:21:51.687, 3, 57.41, 1063
2026/09/28 20:21:51.890, 0, 49.74, 1063
2026/09/28 20:21:51.896, 1, 62.51, 1063
2026/09/28 20:21:51.899, 2, 42.74, 1063
2026/09/28 20:21:51.902, 3, 34.05, 1063
2026/09/28 20:21:52.105, 0, 35.27, 1063
2026/09/28 20:21:52.108, 1, 38.40, 1063
2026/09/28 20:21:52.111, 2, 39.14, 1063
2026/09/28 20:21:52.114, 3, 56.68, 1063
2026/09/28 20:21:52.317, 0, 55.77, 1063
2026/09/28 20:21:52.320, 1, 60.09, 1063
2026/09/28 20:21:52.323, 2, 33.34, 1063
2026/09/28 20:21:52.326, 3, 34.77, 1063
2026/09/28 20:21:52.529, 0, 34.79, 1063
2026/09/28 20:21:52.536, 1, 38.16, 1063
2026/09/28 20:21:52.539, 2, 38.42, 1063
2026/09/28 20:21:52.541, 3, 54.03, 1063
2026/09/28 20:21:52.744, 0, 51.91, 1063
2026/09/28 20:21:52.747, 1, 64.17, 1063
2026/09/28 20:21:52.750, 2, 40.09, 1063
2026/09/28 20:21:52.753, 3, 34.29, 1063
2026/09/28 20:21:52.956, 0, 35.27, 1063
2026/09/28 20:21:52.959, 1, 38.88, 1063
2026/09/28 20:21:52.962, 2, 39.84, 1063
2026/09/28 20:21:52.965, 3, 58.84, 1063
2026/09/28 20:21:53.168, 0, 58.43, 1063
2026/09/28 20:21:53.171, 1, 54.54, 1063
2026/09/28 20:21:53.174, 2, 31.65, 1063
2026/09/28 20:21:53.177, 3, 35.50, 1063
2026/09/28 20:21:53.380, 0, 36.26, 1063
2026/09/28 20:21:53.383, 1, 40.57, 1063
2026/09/28 20:21:53.386, 2, 41.08, 1063
2026/09/28 20:21:53.391, 3, 60.30, 1063
2026/09/28 20:21:53.595, 0, 55.77, 1063
2026/09/28 20:21:53.598, 1, 56.72, 1063
2026/09/28 20:21:53.601, 2, 31.65, 1063
2026/09/28 20:21:53.604, 3, 35.50, 1063
2026/09/28 20:21:53.807, 0, 36.00, 1063
2026/09/28 20:21:53.810, 1, 39.84, 1063
2026/09/28 20:21:53.813, 2, 42.26, 1063
2026/09/28 20:21:53.815, 3, 67.05, 1063
2026/09/28 20:21:54.018, 0, 59.88, 1063
2026/09/28 20:21:54.021, 1, 51.65, 1063
2026/09/28 20:21:54.024, 2, 31.89, 1063
2026/09/28 20:21:54.027, 3, 36.20, 1063
2026/09/28 20:21:54.230, 0, 36.00, 1063
2026/09/28 20:21:54.235, 1, 40.33, 1063
2026/09/28 20:21:54.237, 2, 42.74, 1063
2026/09/28 20:21:54.240, 3, 66.81, 1063
2026/09/28 20:21:54.443, 0, 61.77, 1063
2026/09/28 20:21:54.446, 1, 50.20, 1063
2026/09/28 20:21:54.449, 2, 31.89, 1063
2026/09/28 20:21:54.453, 3, 35.98, 1063
2026/09/28 20:21:54.656, 0, 36.98, 1063
2026/09/28 20:21:54.659, 1, 41.78, 1063
2026/09/28 20:21:54.662, 2, 45.88, 1063
2026/09/28 20:21:54.664, 3, 65.80, 1063
2026/09/28 20:21:54.867, 0, 62.74, 1063
2026/09/28 20:21:54.870, 1, 38.14, 1063
2026/09/28 20:21:54.873, 2, 32.62, 1063
2026/09/28 20:21:54.876, 3, 37.92, 1063
2026/09/28 20:21:55.079, 0, 38.17, 1063
2026/09/28 20:21:55.082, 1, 44.43, 1063
2026/09/28 20:21:55.085, 2, 46.12, 1063
2026/09/28 20:21:55.091, 3, 66.53, 1063
2026/09/28 20:21:55.294, 0, 62.02, 1063
2026/09/28 20:21:55.297, 1, 37.19, 1063
2026/09/28 20:21:55.300, 2, 32.86, 1063
2026/09/28 20:21:55.303, 3, 38.64, 1063
2026/09/28 20:21:55.506, 0, 39.14, 1063
2026/09/28 20:21:55.509, 1, 45.40, 1063
2026/09/28 20:21:55.512, 2, 51.16, 1063
2026/09/28 20:21:55.515, 3, 56.68, 1063
2026/09/28 20:21:55.718, 0, 56.99, 1063
2026/09/28 20:21:55.721, 1, 35.28, 1063
2026/09/28 20:21:55.723, 2, 33.34, 1063
2026/09/28 20:21:55.726, 3, 40.55, 1063
2026/09/28 20:21:55.929, 0, 39.38, 1063
2026/09/28 20:21:55.934, 1, 42.99, 1063
2026/09/28 20:21:55.939, 2, 47.81, 1063
2026/09/28 20:21:55.942, 3, 60.77, 1063
2026/09/28 20:21:56.145, 0, 58.19, 1063
2026/09/28 20:21:56.149, 1, 35.02, 1063
2026/09/28 20:21:56.152, 2, 32.86, 1063
2026/09/28 20:21:56.155, 3, 38.40, 1063
2026/09/28 20:21:56.358, 0, 38.90, 1063
2026/09/28 20:21:56.361, 1, 44.92, 1063
2026/09/28 20:21:56.364, 2, 46.36, 1063
2026/09/28 20:21:56.370, 3, 64.64, 1063
2026/09/28 20:21:56.573, 0, 44.45, 1063
2026/09/28 20:21:56.576, 1, 36.25, 1063
2026/09/28 20:21:56.579, 2, 35.03, 1063
2026/09/28 20:21:56.582, 3, 45.13, 1063
2026/09/28 20:21:56.785, 0, 44.21, 1063
2026/09/28 20:21:56.788, 1, 53.37, 1063
2026/09/28 20:21:56.791, 2, 55.99, 1063
2026/09/28 20:21:56.794, 3, 43.20, 1063
2026/09/28 20:21:56.999, 0, 42.28, 1063
2026/09/28 20:21:57.002, 1, 36.22, 1063
2026/09/28 20:21:57.005, 2, 34.55, 1063
2026/09/28 20:21:57.010, 3, 43.44, 1063
2026/09/28 20:21:57.213, 0, 44.21, 1063
2026/09/28 20:21:57.216, 1, 54.06, 1063
2026/09/28 20:21:57.219, 2, 54.78, 1063
2026/09/28 20:21:57.222, 3, 32.84, 1063
2026/09/28 20:21:57.425, 0, 36.00, 1063
2026/09/28 20:21:57.428, 1, 36.97, 1063
2026/09/28 20:21:57.431, 2, 36.00, 1063
2026/09/28 20:21:57.434, 3, 48.75, 1063
2026/09/28 20:21:57.637, 0, 46.15, 1063
2026/09/28 20:21:57.640, 1, 57.44, 1063
2026/09/28 20:21:57.643, 2, 51.19, 1063
2026/09/28 20:21:57.646, 3, 33.33, 1063
2026/09/28 20:21:57.849, 0, 34.07, 1063
2026/09/28 20:21:57.852, 1, 36.95, 1063
2026/09/28 20:21:57.855, 2, 36.73, 1063
2026/09/28 20:21:57.858, 3, 45.61, 1063
2026/09/28 20:21:58.064, 0, 45.40, 1063
2026/09/28 20:21:58.067, 1, 55.75, 1063
2026/09/28 20:21:58.070, 2, 53.58, 1063
2026/09/28 20:21:58.073, 3, 32.84, 1063
2026/09/28 20:21:58.276, 0, 34.31, 1063
2026/09/28 20:21:58.279, 1, 37.19, 1063
2026/09/28 20:21:58.282, 2, 37.45, 1063
2026/09/28 20:21:58.285, 3, 50.92, 1063
2026/09/28 20:21:58.488, 0, 47.81, 1063
2026/09/28 20:21:58.492, 1, 59.13, 1063
2026/09/28 20:21:58.495, 2, 47.33, 1063
2026/09/28 20:21:58.498, 3, 33.81, 1063
2026/09/28 20:21:58.701, 0, 34.55, 1063
2026/09/28 20:21:58.704, 1, 37.68, 1063
2026/09/28 20:21:58.707, 2, 38.18, 1063
2026/09/28 20:21:58.710, 3, 54.06, 1063
2026/09/28 20:21:58.913, 0, 50.47, 1063
2026/09/28 20:21:58.916, 1, 63.43, 1063
2026/09/28 20:21:58.919, 2, 39.84, 1063
2026/09/28 20:21:58.921, 3, 34.05, 1063
2026/09/28 20:21:59.124, 0, 35.03, 1063
2026/09/28 20:21:59.128, 1, 37.92, 1063
2026/09/28 20:21:59.131, 2, 38.42, 1063
2026/09/28 20:21:59.134, 3, 55.48, 1063
2026/09/28 20:21:59.337, 0, 53.36, 1063
2026/09/28 20:21:59.340, 1, 60.31, 1063
2026/09/28 20:21:59.343, 2, 42.74, 1063
2026/09/28 20:21:59.348, 3, 33.80, 1063
2026/09/28 20:21:59.551, 0, 35.03, 1063
2026/09/28 20:21:59.554, 1, 37.93, 1063
2026/09/28 20:21:59.558, 2, 39.12, 1063
2026/09/28 20:21:59.561, 3, 56.96, 1063
2026/09/28 20:21:59.764, 0, 53.61, 1063
2026/09/28 20:21:59.767, 1, 60.33, 1063
2026/09/28 20:21:59.770, 2, 35.52, 1063
2026/09/28 20:21:59.773, 3, 34.76, 1063
2026/09/28 20:21:59.976, 0, 35.51, 1063
2026/09/28 20:21:59.979, 1, 39.12, 1063
2026/09/28 20:21:59.982, 2, 38.42, 1063
2026/09/28 20:21:59.988, 3, 55.24, 1063
2026/09/28 20:22:00.191, 0, 51.19, 1063
2026/09/28 20:22:00.196, 1, 64.17, 1063
2026/09/28 20:22:00.199, 2, 40.78, 1063
2026/09/28 20:22:00.202, 3, 34.29, 1063
2026/09/28 20:22:00.405, 0, 35.27, 1063
2026/09/28 20:22:00.408, 1, 38.40, 1063
2026/09/28 20:22:00.411, 2, 39.63, 1063
2026/09/28 20:22:00.414, 3, 57.65, 1063
2026/09/28 20:22:00.617, 0, 54.81, 1063
2026/09/28 20:22:00.620, 1, 59.13, 1063
2026/09/28 20:22:00.623, 2, 39.38, 1063
2026/09/28 20:22:00.627, 3, 34.29, 1063
2026/09/28 20:22:00.830, 0, 35.03, 1063
2026/09/28 20:22:00.834, 1, 37.91, 1063
2026/09/28 20:22:00.838, 2, 38.66, 1063
2026/09/28 20:22:00.841, 3, 55.24, 1063
2026/09/28 20:22:01.044, 0, 53.12, 1063
2026/09/28 20:22:01.047, 1, 61.98, 1063
2026/09/28 20:22:01.050, 2, 36.00, 1063
2026/09/28 20:22:01.052, 3, 34.51, 1063
2026/09/28 20:22:01.255, 0, 35.51, 1063
2026/09/28 20:22:01.260, 1, 39.36, 1063
2026/09/28 20:22:01.263, 2, 39.63, 1063
2026/09/28 20:22:01.267, 3, 57.16, 1063
2026/09/28 20:22:01.471, 0, 52.40, 1063
2026/09/28 20:22:01.474, 1, 61.51, 1063
2026/09/28 20:22:01.477, 2, 38.64, 1063
2026/09/28 20:22:01.480, 3, 34.53, 1063
2026/09/28 20:22:01.683, 0, 35.54, 1063
2026/09/28 20:22:01.686, 1, 39.12, 1063
2026/09/28 20:22:01.689, 2, 40.11, 1063
2026/09/28 20:22:01.692, 3, 60.82, 1063
2026/09/28 20:22:01.895, 0, 56.02, 1063
2026/09/28 20:22:01.898, 1, 57.92, 1063
2026/09/28 20:22:01.901, 2, 39.12, 1063
2026/09/28 20:22:01.907, 3, 34.05, 1063
2026/09/28 20:22:02.110, 0, 35.27, 1063
2026/09/28 20:22:02.113, 1, 38.40, 1063
2026/09/28 20:22:02.117, 2, 39.36, 1063
2026/09/28 20:22:02.120, 3, 57.16, 1063
2026/09/28 20:22:02.323, 0, 56.26, 1063
2026/09/28 20:22:02.326, 1, 57.92, 1063
2026/09/28 20:22:02.329, 2, 31.65, 1063
2026/09/28 20:22:02.332, 3, 35.49, 1063
2026/09/28 20:22:02.535, 0, 36.24, 1063
2026/09/28 20:22:02.538, 1, 40.33, 1063
2026/09/28 20:22:02.541, 2, 39.87, 1063
2026/09/28 20:22:02.546, 3, 60.06, 1063
2026/09/28 20:22:02.749, 0, 55.06, 1063
2026/09/28 20:22:02.752, 1, 61.27, 1063
2026/09/28 20:22:02.757, 2, 37.19, 1063
2026/09/28 20:22:02.760, 3, 34.53, 1063
2026/09/28 20:22:02.963, 0, 35.03, 1063
2026/09/28 20:22:02.968, 1, 38.15, 1063
2026/09/28 20:22:02.971, 2, 39.38, 1063
2026/09/28 20:22:02.973, 3, 56.92, 1063
2026/09/28 20:22:03.176, 0, 56.02, 1063
2026/09/28 20:22:03.180, 1, 57.43, 1063
2026/09/28 20:22:03.183, 2, 31.63, 1063
2026/09/28 20:22:03.186, 3, 35.00, 1063
2026/09/28 20:22:03.389, 0, 35.76, 1063
2026/09/28 20:22:03.392, 1, 38.64, 1063
2026/09/28 20:22:03.397, 2, 40.33, 1063
2026/09/28 20:22:03.399, 3, 58.61, 1063
2026/09/28 20:22:03.602, 0, 51.19, 1063
2026/09/28 20:22:03.608, 1, 62.27, 1063
2026/09/28 20:22:03.611, 2, 38.15, 1063
2026/09/28 20:22:03.614, 3, 34.29, 1063
2026/09/28 20:22:03.817, 0, 35.27, 1063
2026/09/28 20:22:03.820, 1, 38.64, 1063
2026/09/28 20:22:03.822, 2, 40.09, 1063
2026/09/28 20:22:03.825, 3, 58.61, 1063
2026/09/28 20:22:04.028, 0, 55.05, 1063
2026/09/28 20:22:04.031, 1, 61.74, 1063
2026/09/28 20:22:04.036, 2, 37.67, 1063
2026/09/28 20:22:04.039, 3, 34.53, 1063
2026/09/28 20:22:04.242, 0, 91.82, 1063
2026/09/28 20:22:04.248, 1, 32.86, 1063
2026/09/28 20:22:04.251, 2, 29.72, 1063
2026/09/28 20:22:04.254, 3, 30.43, 1063
2026/09/28 20:22:04.457, 0, 100.49, 1063
2026/09/28 20:22:04.460, 1, 32.85, 1063
2026/09/28 20:22:04.463, 2, 29.24, 1063
2026/09/28 20:22:04.466, 3, 30.18, 1063
2026/09/28 20:22:04.671, 0, 31.89, 1063
2026/09/28 20:22:04.674, 1, 97.32, 1063
2026/09/28 20:22:04.679, 2, 28.99, 1063
2026/09/28 20:22:04.685, 3, 30.18, 1063
2026/09/28 20:22:04.888, 0, 31.67, 1063
2026/09/28 20:22:04.891, 1, 33.10, 1063
2026/09/28 20:22:04.895, 2, 92.69, 1063
2026/09/28 20:22:04.898, 3, 30.20, 1063
2026/09/28 20:22:05.101, 0, 31.65, 1063
2026/09/28 20:22:05.107, 1, 32.60, 1063
2026/09/28 20:22:05.110, 2, 29.23, 1063
2026/09/28 20:22:05.113, 3, 100.64, 1063
2026/09/28 20:22:05.318, 0, 44.19, 1063
2026/09/28 20:22:05.321, 1, 35.74, 1063
2026/09/28 20:22:05.324, 2, 34.31, 1063
2026/09/28 20:22:05.327, 3, 44.40, 1063
2026/09/28 20:22:05.530, 0, 45.64, 1063
2026/09/28 20:22:05.533, 1, 55.51, 1063
2026/09/28 20:22:05.536, 2, 50.92, 1063
2026/09/28 20:22:05.539, 3, 33.09, 1063
2026/09/28 20:22:05.742, 0, 36.24, 1063
2026/09/28 20:22:05.747, 1, 36.46, 1063
2026/09/28 20:22:05.750, 2, 35.76, 1063
2026/09/28 20:22:05.753, 3, 46.58, 1063
2026/09/28 20:22:05.956, 0, 45.66, 1063
2026/09/28 20:22:05.959, 1, 55.99, 1063
2026/09/28 20:22:05.962, 2, 52.64, 1063
2026/09/28 20:22:05.965, 3, 33.09, 1063
2026/09/28 20:22:06.168, 0, 34.07, 1063
2026/09/28 20:22:06.171, 1, 36.95, 1063
2026/09/28 20:22:06.175, 2, 36.49, 1063
2026/09/28 20:22:06.178, 3, 49.69, 1063
2026/09/28 20:22:06.381, 0, 46.15, 1063
2026/09/28 20:22:06.387, 1, 56.96, 1063
2026/09/28 20:22:06.390, 2, 52.12, 1063
2026/09/28 20:22:06.393, 3, 33.09, 1063
2026/09/28 20:22:06.596, 0, 34.07, 1063
2026/09/28 20:22:06.599, 1, 36.97, 1063
2026/09/28 20:22:06.601, 2, 36.73, 1063
2026/09/28 20:22:06.604, 3, 49.69, 1063
2026/09/28 20:22:06.807, 0, 48.29, 1063
2026/09/28 20:22:06.810, 1, 58.16, 1063
2026/09/28 20:22:06.814, 2, 48.99, 1063
2026/09/28 20:22:06.817, 3, 33.33, 1063
2026/09/28 20:22:07.020, 0, 36.72, 1063
2026/09/28 20:22:07.026, 1, 36.71, 1063
2026/09/28 20:22:07.029, 2, 36.00, 1063
2026/09/28 20:22:07.032, 3, 47.54, 1063
2026/09/28 20:22:07.235, 0, 47.60, 1063
2026/09/28 20:22:07.238, 1, 59.13, 1063
2026/09/28 20:22:07.241, 2, 48.06, 1063
2026/09/28 20:22:07.244, 3, 33.33, 1063
2026/09/28 20:22:07.447, 0, 34.55, 1063
2026/09/28 20:22:07.450, 1, 37.44, 1063
2026/09/28 20:22:07.454, 2, 37.69, 1063
2026/09/28 20:22:07.458, 3, 50.68, 1063
2026/09/28 20:22:07.661, 0, 46.15, 1063
2026/09/28 20:22:07.666, 1, 55.99, 1063
2026/09/28 20:22:07.669, 2, 50.20, 1063
2026/09/28 20:22:07.672, 3, 33.09, 1063
2026/09/28 20:22:07.875, 0, 34.31, 1063
2026/09/28 20:22:07.878, 1, 37.45, 1063
2026/09/28 20:22:07.881, 2, 36.97, 1063
2026/09/28 20:22:07.884, 3, 50.91, 1063
2026/09/28 20:22:08.087, 0, 48.30, 1063
2026/09/28 20:22:08.090, 1, 60.33, 1063
2026/09/28 20:22:08.094, 2, 47.78, 1063
2026/09/28 20:22:08.097, 3, 33.55, 1063
2026/09/28 20:22:08.300, 0, 34.07, 1063
2026/09/28 20:22:08.306, 1, 36.95, 1063
2026/09/28 20:22:08.309, 2, 36.49, 1063
2026/09/28 20:22:08.312, 3, 49.72, 1063
2026/09/28 20:22:08.515, 0, 48.53, 1063
2026/09/28 20:22:08.518, 1, 61.06, 1063
2026/09/28 20:22:08.521, 2, 47.57, 1063
2026/09/28 20:22:08.524, 3, 33.81, 1063
2026/09/28 20:22:08.727, 0, 34.55, 1063
2026/09/28 20:22:08.730, 1, 37.44, 1063
2026/09/28 20:22:08.733, 2, 37.45, 1063
2026/09/28 20:22:08.736, 3, 52.61, 1063
2026/09/28 20:22:08.939, 0, 49.74, 1063
2026/09/28 20:22:08.942, 1, 62.26, 1063
2026/09/28 20:22:08.945, 2, 42.98, 1063
2026/09/28 20:22:08.948, 3, 33.80, 1063
2026/09/28 20:22:09.151, 0, 34.79, 1063
2026/09/28 20:22:09.154, 1, 37.91, 1063
2026/09/28 20:22:09.157, 2, 36.73, 1063
2026/09/28 20:22:09.163, 3, 50.92, 1063
2026/09/28 20:22:09.366, 0, 49.99, 1063
2026/09/28 20:22:09.369, 1, 62.24, 1063
2026/09/28 20:22:09.373, 2, 44.19, 1063
2026/09/28 20:22:09.376, 3, 33.81, 1063
2026/09/28 20:22:09.579, 0, 34.81, 1063
2026/09/28 20:22:09.582, 1, 37.92, 1063
2026/09/28 20:22:09.585, 2, 38.90, 1063
2026/09/28 20:22:09.588, 3, 55.50, 1063
2026/09/28 20:22:09.791, 0, 52.64, 1063
2026/09/28 20:22:09.794, 1, 62.27, 1063
2026/09/28 20:22:09.797, 2, 36.70, 1063
2026/09/28 20:22:09.800, 3, 34.05, 1063
2026/09/28 20:22:10.005, 0, 34.79, 1063
2026/09/28 20:22:10.008, 1, 37.44, 1063
2026/09/28 20:22:10.012, 2, 37.21, 1063
2026/09/28 20:22:10.015, 3, 51.62, 1063
2026/09/28 20:22:10.219, 0, 52.15, 1063
2026/09/28 20:22:10.222, 1, 61.51, 1063
2026/09/28 20:22:10.224, 2, 38.64, 1063
2026/09/28 20:22:10.227, 3, 34.29, 1063
2026/09/28 20:22:10.430, 0, 35.27, 1063
2026/09/28 20:22:10.433, 1, 38.88, 1063
2026/09/28 20:22:10.436, 2, 40.09, 1063
2026/09/28 20:22:10.439, 3, 53.55, 1063
2026/09/28 20:22:10.645, 0, 50.95, 1063
2026/09/28 20:22:10.648, 1, 60.82, 1063
2026/09/28 20:22:10.652, 2, 45.15, 1063
2026/09/28 20:22:10.655, 3, 33.80, 1063
2026/09/28 20:22:10.858, 0, 34.79, 1063
2026/09/28 20:22:10.861, 1, 37.92, 1063
2026/09/28 20:22:10.864, 2, 36.49, 1063
2026/09/28 20:22:10.870, 3, 48.75, 1063
2026/09/28 20:22:11.074, 0, 47.33, 1063
2026/09/28 20:22:11.077, 1, 59.13, 1063
2026/09/28 20:22:11.080, 2, 48.02, 1063
2026/09/28 20:22:11.083, 3, 33.57, 1063
2026/09/28 20:22:11.286, 0, 35.03, 1063
2026/09/28 20:22:11.289, 1, 37.92, 1063
2026/09/28 20:22:11.292, 2, 38.18, 1063
2026/09/28 20:22:11.295, 3, 54.99, 1063
2026/09/28 20:22:11.498, 0, 51.67, 1063
2026/09/28 20:22:11.501, 1, 61.98, 1063
2026/09/28 20:22:11.504, 2, 39.60, 1063
2026/09/28 20:22:11.507, 3, 34.29, 1063
2026/09/28 20:22:11.709, 0, 35.27, 1063
2026/09/28 20:22:11.712, 1, 38.88, 1063
2026/09/28 20:22:11.715, 2, 39.87, 1063
2026/09/28 20:22:11.718, 3, 58.82, 1063
2026/09/28 20:22:11.921, 0, 53.84, 1063
2026/09/28 20:22:11.925, 1, 60.33, 1063
2026/09/28 20:22:11.928, 2, 34.55, 1063
2026/09/28 20:22:11.931, 3, 34.53, 1063
2026/09/28 20:22:12.134, 0, 35.76, 1063
2026/09/28 20:22:12.137, 1, 39.36, 1063
2026/09/28 20:22:12.140, 2, 41.77, 1063
2026/09/28 20:22:12.143, 3, 63.40, 1063
2026/09/28 20:22:12.346, 0, 61.57, 1063
2026/09/28 20:22:12.349, 1, 50.20, 1063
2026/09/28 20:22:12.352, 2, 31.89, 1063
2026/09/28 20:22:12.355, 3, 36.44, 1063
2026/09/28 20:22:12.558, 0, 36.72, 1063
2026/09/28 20:22:12.561, 1, 41.29, 1063
2026/09/28 20:22:12.563, 2, 44.92, 1063
2026/09/28 20:22:12.566, 3, 69.18, 1063
2026/09/28 20:22:12.769, 0, 65.40, 1063
2026/09/28 20:22:12.772, 1, 46.36, 1063
2026/09/28 20:22:12.775, 2, 31.89, 1063
2026/09/28 20:22:12.780, 3, 35.50, 1063
2026/09/28 20:22:12.985, 0, 36.02, 1063
2026/09/28 20:22:12.988, 1, 40.33, 1063
2026/09/28 20:22:12.991, 2, 42.98, 1063
2026/09/28 20:22:12.994, 3, 66.53, 1063
2026/09/28 20:22:13.197, 0, 57.22, 1063
2026/09/28 20:22:13.204, 1, 36.71, 1063
2026/09/28 20:22:13.205, 2, 31.89, 1063
2026/09/28 20:22:13.208, 3, 36.22, 1063
2026/09/28 20:22:13.411, 0, 36.74, 1063
2026/09/28 20:22:13.414, 1, 41.54, 1063
2026/09/28 20:22:13.417, 2, 43.22, 1063
2026/09/28 20:22:13.421, 3, 67.28, 1063
2026/09/28 20:22:13.625, 0, 61.08, 1063
2026/09/28 20:22:13.628, 1, 49.96, 1063
2026/09/28 20:22:13.631, 2, 31.89, 1063
2026/09/28 20:22:13.634, 3, 36.44, 1063
2026/09/28 20:22:13.837, 0, 36.72, 1063
2026/09/28 20:22:13.840, 1, 41.53, 1063
2026/09/28 20:22:13.843, 2, 44.67, 1063
2026/09/28 20:22:13.845, 3, 68.46, 1063
2026/09/28 20:22:14.048, 0, 65.15, 1063
2026/09/28 20:22:14.052, 1, 43.68, 1063
2026/09/28 20:22:14.055, 2, 31.65, 1063
2026/09/28 20:22:14.061, 3, 35.01, 1063
2026/09/28 20:22:14.265, 0, 36.72, 1063
2026/09/28 20:22:14.268, 1, 40.33, 1063
2026/09/28 20:22:14.272, 2, 42.98, 1063
2026/09/28 20:22:14.275, 3, 65.57, 1063
2026/09/28 20:22:14.478, 0, 56.51, 1063
2026/09/28 20:22:14.484, 1, 58.16, 1063
2026/09/28 20:22:14.486, 2, 31.65, 1063
2026/09/28 20:22:14.489, 3, 35.49, 1063
2026/09/28 20:22:14.692, 0, 36.00, 1063
2026/09/28 20:22:14.695, 1, 39.85, 1063
2026/09/28 20:22:14.698, 2, 41.80, 1063
2026/09/28 20:22:14.701, 3, 66.09, 1063
2026/09/28 20:22:14.904, 0, 60.81, 1063
2026/09/28 20:22:14.907, 1, 52.13, 1063
2026/09/28 20:22:14.910, 2, 31.89, 1063
2026/09/28 20:22:14.913, 3, 36.22, 1063
2026/09/28 20:22:15.116, 0, 37.21, 1063
2026/09/28 20:22:15.119, 1, 41.78, 1063
2026/09/28 20:22:15.122, 2, 45.64, 1063
2026/09/28 20:22:15.125, 3, 66.77, 1063
2026/09/28 20:22:15.328, 0, 62.77, 1063
2026/09/28 20:22:15.331, 1, 45.88, 1063
2026/09/28 20:22:15.336, 2, 31.89, 1063
2026/09/28 20:22:15.341, 3, 36.22, 1063
2026/09/28 20:22:15.544, 0, 40.83, 1063
2026/09/28 20:22:15.547, 1, 48.05, 1063
2026/09/28 20:22:15.550, 2, 56.72, 1063
2026/09/28 20:22:15.553, 3, 47.78, 1063
2026/09/28 20:22:15.756, 0, 47.57, 1063
2026/09/28 20:22:15.759, 1, 35.50, 1063
2026/09/28 20:22:15.762, 2, 34.55, 1063
2026/09/28 20:22:15.765, 3, 42.74, 1063
2026/09/28 20:22:15.968, 0, 42.76, 1063
2026/09/28 20:22:15.971, 1, 50.71, 1063
2026/09/28 20:22:15.974, 2, 59.33, 1063
2026/09/28 20:22:15.976, 3, 41.27, 1063
2026/09/28 20:22:16.179, 0, 35.76, 1063
2026/09/28 20:22:16.183, 1, 36.22, 1063
2026/09/28 20:22:16.186, 2, 35.76, 1063
2026/09/28 20:22:16.189, 3, 46.34, 1063
2026/09/28 20:22:16.392, 0, 45.66, 1063
2026/09/28 20:22:16.395, 1, 51.19, 1063
2026/09/28 20:22:16.401, 2, 57.92, 1063
2026/09/28 20:22:16.404, 3, 40.31, 1063
2026/09/28 20:22:16.607, 0, 41.07, 1063
2026/09/28 20:22:16.610, 1, 36.25, 1063
2026/09/28 20:22:16.613, 2, 35.52, 1063
2026/09/28 20:22:16.615, 3, 46.09, 1063
2026/09/28 20:22:16.818, 0, 44.21, 1063
2026/09/28 20:22:16.822, 1, 53.85, 1063
2026/09/28 20:22:16.825, 2, 54.54, 1063
2026/09/28 20:22:16.828, 3, 32.84, 1063
2026/09/28 20:22:17.031, 0, 34.07, 1063
2026/09/28 20:22:17.034, 1, 36.95, 1063
2026/09/28 20:22:17.037, 2, 35.76, 1063
2026/09/28 20:22:17.041, 3, 47.54, 1063
2026/09/28 20:22:17.244, 0, 47.56, 1063
2026/09/28 20:22:17.247, 1, 59.82, 1063
2026/09/28 20:22:17.250, 2, 47.09, 1063
2026/09/28 20:22:17.253, 3, 33.57, 1063
2026/09/28 20:22:17.456, 0, 34.07, 1063
2026/09/28 20:22:17.462, 1, 36.25, 1063
2026/09/28 20:22:17.466, 2, 36.00, 1063
2026/09/28 20:22:17.469, 3, 47.31, 1063
2026/09/28 20:22:17.672, 0, 45.40, 1063
2026/09/28 20:22:17.675, 1, 56.23, 1063
2026/09/28 20:22:17.678, 2, 52.61, 1063
2026/09/28 20:22:17.681, 3, 33.09, 1063
2026/09/28 20:22:17.884, 0, 34.07, 1063
2026/09/28 20:22:17.887, 1, 36.95, 1063
2026/09/28 20:22:17.890, 2, 36.73, 1063
2026/09/28 20:22:17.893, 3, 50.68, 1063
2026/09/28 20:22:18.096, 0, 46.61, 1063
2026/09/28 20:22:18.101, 1, 53.37, 1063
2026/09/28 20:22:18.106, 2, 56.23, 1063
2026/09/28 20:22:18.109, 3, 34.51, 1063
2026/09/28 20:22:18.312, 0, 34.07, 1063
2026/09/28 20:22:18.315, 1, 36.97, 1063
2026/09/28 20:22:18.318, 2, 36.49, 1063
2026/09/28 20:22:18.321, 3, 48.51, 1063
2026/09/28 20:22:18.525, 0, 51.19, 1063
2026/09/28 20:22:18.528, 1, 62.24, 1063
2026/09/28 20:22:18.531, 2, 40.11, 1063
2026/09/28 20:22:18.534, 3, 34.29, 1063
2026/09/28 20:22:18.737, 0, 34.81, 1063
2026/09/28 20:22:18.741, 1, 37.44, 1063
2026/09/28 20:22:18.746, 2, 37.69, 1063
2026/09/28 20:22:18.749, 3, 52.61, 1063
2026/09/28 20:22:18.952, 0, 48.78, 1063
2026/09/28 20:22:18.956, 1, 60.57, 1063
2026/09/28 20:22:18.959, 2, 45.16, 1063
2026/09/28 20:22:18.962, 3, 33.08, 1063
2026/09/28 20:22:19.167, 0, 34.31, 1063
2026/09/28 20:22:19.170, 1, 37.44, 1063
2026/09/28 20:22:19.173, 2, 37.45, 1063
2026/09/28 20:22:19.176, 3, 52.10, 1063
2026/09/28 20:22:19.379, 0, 49.74, 1063
2026/09/28 20:22:19.382, 1, 61.75, 1063
2026/09/28 20:22:19.386, 2, 43.46, 1063
2026/09/28 20:22:19.389, 3, 34.05, 1063
2026/09/28 20:22:19.592, 0, 34.57, 1063
2026/09/28 20:22:19.595, 1, 38.15, 1063
2026/09/28 20:22:19.598, 2, 38.66, 1063
2026/09/28 20:22:19.601, 3, 55.48, 1063
2026/09/28 20:22:19.804, 0, 53.36, 1063
2026/09/28 20:22:19.806, 1, 62.02, 1063
2026/09/28 20:22:19.809, 2, 37.21, 1063
2026/09/28 20:22:19.812, 3, 34.53, 1063
2026/09/28 20:22:20.015, 0, 34.79, 1063
2026/09/28 20:22:20.020, 1, 37.43, 1063
2026/09/28 20:22:20.026, 2, 37.45, 1063
2026/09/28 20:22:20.029, 3, 52.37, 1063
2026/09/28 20:22:20.232, 0, 51.91, 1063
2026/09/28 20:22:20.235, 1, 62.47, 1063
2026/09/28 20:22:20.238, 2, 38.39, 1063
2026/09/28 20:22:20.241, 3, 34.29, 1063
2026/09/28 20:22:20.444, 0, 35.51, 1063
2026/09/28 20:22:20.447, 1, 38.88, 1063
2026/09/28 20:22:20.449, 2, 40.81, 1063
2026/09/28 20:22:20.452, 3, 60.75, 1063
2026/09/28 20:22:20.656, 0, 53.60, 1063
2026/09/28 20:22:20.660, 1, 62.22, 1063
2026/09/28 20:22:20.666, 2, 44.91, 1063
2026/09/28 20:22:20.669, 3, 34.03, 1063
2026/09/28 20:22:20.872, 0, 34.79, 1063
2026/09/28 20:22:20.875, 1, 37.92, 1063
2026/09/28 20:22:20.878, 2, 38.88, 1063
2026/09/28 20:22:20.881, 3, 55.24, 1063
2026/09/28 20:22:21.084, 0, 53.12, 1063
2026/09/28 20:22:21.087, 1, 60.54, 1063
2026/09/28 20:22:21.090, 2, 36.94, 1063
2026/09/28 20:22:21.093, 3, 33.80, 1063
2026/09/28 20:22:21.299, 0, 35.03, 1063
2026/09/28 20:22:21.302, 1, 38.16, 1063
2026/09/28 20:22:21.306, 2, 38.88, 1063
2026/09/28 20:22:21.309, 3, 55.48, 1063
2026/09/28 20:22:21.512, 0, 52.16, 1063
2026/09/28 20:22:21.515, 1, 61.78, 1063
2026/09/28 20:22:21.517, 2, 38.15, 1063
2026/09/28 20:22:21.520, 3, 34.53, 1063
2026/09/28 20:22:21.723, 0, 35.27, 1063
2026/09/28 20:22:21.726, 1, 38.88, 1063
2026/09/28 20:22:21.729, 2, 40.35, 1063
2026/09/28 20:22:21.732, 3, 60.54, 1063
2026/09/28 20:22:21.935, 0, 50.47, 1063
2026/09/28 20:22:21.941, 1, 62.72, 1063
2026/09/28 20:22:21.945, 2, 43.22, 1063
2026/09/28 20:22:21.948, 3, 33.79, 1063
2026/09/28 20:22:22.151, 0, 35.27, 1063
2026/09/28 20:22:22.154, 1, 38.88, 1063
2026/09/28 20:22:22.157, 2, 39.84, 1063
2026/09/28 20:22:22.160, 3, 58.37, 1063
2026/09/28 20:22:22.363, 0, 56.26, 1063
2026/09/28 20:22:22.366, 1, 58.65, 1063
2026/09/28 20:22:22.369, 2, 31.65, 1063
2026/09/28 20:22:22.372, 3, 35.26, 1063
2026/09/28 20:22:22.575, 0, 35.76, 1063
2026/09/28 20:22:22.578, 1, 39.60, 1063
2026/09/28 20:22:22.581, 2, 42.01, 1063
2026/09/28 20:22:22.585, 3, 62.95, 1063
2026/09/28 20:22:22.788, 0, 59.61, 1063
2026/09/28 20:22:22.791, 1, 53.82, 1063
2026/09/28 20:22:22.794, 2, 31.65, 1063
2026/09/28 20:22:22.798, 3, 35.49, 1063
2026/09/28 20:22:23.001, 0, 35.27, 1063
2026/09/28 20:22:23.007, 1, 38.64, 1063
2026/09/28 20:22:23.010, 2, 40.11, 1063
2026/09/28 20:22:23.013, 3, 58.85, 1063
2026/09/28 20:22:23.216, 0, 60.12, 1063
2026/09/28 20:22:23.219, 1, 60.31, 1063
2026/09/28 20:22:23.225, 2, 34.31, 1063
2026/09/28 20:22:23.228, 3, 34.53, 1063
2026/09/28 20:22:23.431, 0, 35.51, 1063
2026/09/28 20:22:23.433, 1, 39.37, 1063
2026/09/28 20:22:23.436, 2, 41.32, 1063
2026/09/28 20:22:23.439, 3, 62.71, 1063
2026/09/28 20:22:23.642, 0, 108.63, 1063
2026/09/28 20:22:23.645, 1, 32.84, 1063
2026/09/28 20:22:23.648, 2, 29.72, 1063
2026/09/28 20:22:23.651, 3, 30.18, 1063
2026/09/28 20:22:23.859, 0, 106.94, 1063
2026/09/28 20:22:23.862, 1, 32.62, 1063
2026/09/28 20:22:23.865, 2, 28.99, 1063
2026/09/28 20:22:23.868, 3, 30.18, 1063
2026/09/28 20:22:24.071, 0, 36.97, 1063
2026/09/28 20:22:24.075, 1, 97.27, 1063
2026/09/28 20:22:24.078, 2, 29.01, 1063
2026/09/28 20:22:24.081, 3, 30.18, 1063
2026/09/28 20:22:24.284, 0, 32.13, 1063
2026/09/28 20:22:24.287, 1, 101.85, 1063
2026/09/28 20:22:24.290, 2, 28.99, 1063
2026/09/28 20:22:24.293, 3, 30.18, 1063
2026/09/28 20:22:24.499, 0, 31.67, 1063
2026/09/28 20:22:24.502, 1, 33.59, 1063
2026/09/28 20:22:24.507, 2, 95.59, 1063
2026/09/28 20:22:24.510, 3, 29.95, 1063
2026/09/28 20:22:24.713, 0, 31.67, 1063
2026/09/28 20:22:24.716, 1, 33.10, 1063
2026/09/28 20:22:24.721, 2, 102.08, 1063
2026/09/28 20:22:24.724, 3, 29.95, 1063
2026/09/28 20:22:24.927, 0, 31.65, 1063
2026/09/28 20:22:24.930, 1, 32.84, 1063
2026/09/28 20:22:24.933, 2, 29.72, 1063
2026/09/28 20:22:24.939, 3, 103.46, 1063
2026/09/28 20:22:25.144, 0, 31.41, 1063
2026/09/28 20:22:25.147, 1, 32.86, 1063
2026/09/28 20:22:25.150, 2, 28.99, 1063
2026/09/28 20:22:25.153, 3, 105.38, 1063
2026/09/28 20:22:25.361, 0, 45.42, 1063
2026/09/28 20:22:25.364, 1, 55.51, 1063
2026/09/28 20:22:25.367, 2, 48.75, 1063
2026/09/28 20:22:25.370, 3, 31.88, 1063
2026/09/28 20:22:25.573, 0, 33.85, 1063
2026/09/28 20:22:25.577, 1, 35.99, 1063
2026/09/28 20:22:25.583, 2, 35.03, 1063
2026/09/28 20:22:25.587, 3, 44.65, 1063
2026/09/28 20:22:25.790, 0, 42.76, 1063
2026/09/28 20:22:25.793, 1, 51.65, 1063
2026/09/28 20:22:25.796, 2, 57.92, 1063
2026/09/28 20:22:25.799, 3, 38.64, 1063
2026/09/28 20:22:26.002, 0, 39.63, 1063
2026/09/28 20:22:26.005, 1, 36.49, 1063
2026/09/28 20:22:26.008, 2, 35.52, 1063
2026/09/28 20:22:26.011, 3, 46.34, 1063
2026/09/28 20:22:26.214, 0, 46.84, 1063
2026/09/28 20:22:26.217, 1, 52.85, 1063
2026/09/28 20:22:26.223, 2, 56.23, 1063
2026/09/28 20:22:26.226, 3, 35.47, 1063
2026/09/28 20:22:26.429, 0, 38.41, 1063
2026/09/28 20:22:26.432, 1, 36.47, 1063
2026/09/28 20:22:26.435, 2, 35.76, 1063
2026/09/28 20:22:26.438, 3, 47.30, 1063
2026/09/28 20:22:26.641, 0, 45.42, 1063
2026/09/28 20:22:26.644, 1, 55.75, 1063
2026/09/28 20:22:26.647, 2, 52.64, 1063
2026/09/28 20:22:26.650, 3, 33.33, 1063
2026/09/28 20:22:26.853, 0, 34.07, 1063
2026/09/28 20:22:26.856, 1, 36.71, 1063
2026/09/28 20:22:26.859, 2, 36.73, 1063
2026/09/28 20:22:26.862, 3, 49.72, 1063
2026/09/28 20:22:27.065, 0, 47.81, 1063
2026/09/28 20:22:27.068, 1, 59.61, 1063
2026/09/28 20:22:27.071, 2, 51.92, 1063
2026/09/28 20:22:27.076, 3, 32.83, 1063
2026/09/28 20:22:27.279, 0, 34.31, 1063
2026/09/28 20:22:27.282, 1, 37.43, 1063
2026/09/28 20:22:27.285, 2, 36.97, 1063
2026/09/28 20:22:27.288, 3, 50.92, 1063
2026/09/28 20:22:27.491, 0, 46.15, 1063
2026/09/28 20:22:27.496, 1, 58.65, 1063
2026/09/28 20:22:27.499, 2, 49.99, 1063
2026/09/28 20:22:27.501, 3, 33.33, 1063
2026/09/28 20:22:27.704, 0, 34.07, 1063
2026/09/28 20:22:27.707, 1, 37.43, 1063
2026/09/28 20:22:27.710, 2, 36.00, 1063
2026/09/28 20:22:27.716, 3, 47.30, 1063
2026/09/28 20:22:27.919, 0, 45.66, 1063
2026/09/28 20:22:27.922, 1, 57.20, 1063
2026/09/28 20:22:27.925, 2, 49.95, 1063
2026/09/28 20:22:27.927, 3, 33.08, 1063
2026/09/28 20:22:28.130, 0, 34.07, 1063
2026/09/28 20:22:28.135, 1, 36.95, 1063
2026/09/28 20:22:28.138, 2, 36.49, 1063
2026/09/28 20:22:28.141, 3, 49.47, 1063
2026/09/28 20:22:28.344, 0, 48.05, 1063
2026/09/28 20:22:28.347, 1, 62.02, 1063
2026/09/28 20:22:28.350, 2, 50.44, 1063
2026/09/28 20:22:28.355, 3, 33.08, 1063
2026/09/28 20:22:28.558, 0, 34.07, 1063
2026/09/28 20:22:28.561, 1, 37.19, 1063
2026/09/28 20:22:28.564, 2, 37.21, 1063
2026/09/28 20:22:28.567, 3, 51.17, 1063
2026/09/28 20:22:28.770, 0, 45.66, 1063
2026/09/28 20:22:28.775, 1, 56.47, 1063
2026/09/28 20:22:28.778, 2, 50.68, 1063
2026/09/28 20:22:28.781, 3, 32.84, 1063
2026/09/28 20:22:28.984, 0, 34.07, 1063
2026/09/28 20:22:28.987, 1, 36.95, 1063
2026/09/28 20:22:28.990, 2, 36.00, 1063
2026/09/28 20:22:28.995, 3, 47.28, 1063
2026/09/28 20:22:29.198, 0, 104.35, 1063
2026/09/28 20:22:29.199, 1, 32.86, 1063
2026/09/28 20:22:29.202, 2, 29.48, 1063
2026/09/28 20:22:29.206, 3, 30.18, 1063
2026/09/28 20:22:29.409, 0, 104.59, 1063
2026/09/28 20:22:29.417, 1, 32.60, 1063
2026/09/28 20:22:29.421, 2, 28.99, 1063
2026/09/28 20:22:29.424, 3, 30.18, 1063
2026/09/28 20:22:29.627, 0, 32.13, 1063
2026/09/28 20:22:29.630, 1, 103.35, 1063
2026/09/28 20:22:29.633, 2, 28.99, 1063
2026/09/28 20:22:29.636, 3, 30.18, 1063
2026/09/28 20:22:29.841, 0, 31.89, 1063
2026/09/28 20:22:29.844, 1, 99.01, 1063
2026/09/28 20:22:29.847, 2, 40.54, 1063
2026/09/28 20:22:29.850, 3, 29.94, 1063
2026/09/28 20:22:30.055, 0, 31.90, 1063
2026/09/28 20:22:30.058, 1, 32.85, 1063
2026/09/28 20:22:30.061, 2, 100.16, 1063
2026/09/28 20:22:30.064, 3, 30.18, 1063
2026/09/28 20:22:30.267, 0, 31.65, 1063
2026/09/28 20:22:30.270, 1, 32.86, 1063
2026/09/28 20:22:30.273, 2, 29.72, 1063
2026/09/28 20:22:30.278, 3, 101.78, 1063
2026/09/28 20:22:30.481, 0, 31.91, 1063
2026/09/28 20:22:30.484, 1, 32.86, 1063
2026/09/28 20:22:30.487, 2, 29.25, 1063
2026/09/28 20:22:30.490, 3, 39.84, 1063
2026/09/28 20:22:30.697, 0, 36.74, 1063
2026/09/28 20:22:30.700, 1, 41.78, 1063
2026/09/28 20:22:30.703, 2, 45.64, 1063
2026/09/28 20:22:30.706, 3, 67.50, 1063
2026/09/28 20:22:30.909, 0, 63.22, 1063
2026/09/28 20:22:30.914, 1, 57.68, 1063
2026/09/28 20:22:30.920, 2, 31.41, 1063
2026/09/28 20:22:30.923, 3, 35.49, 1063
2026/09/28 20:22:31.126, 0, 36.00, 1063
2026/09/28 20:22:31.130, 1, 40.09, 1063
2026/09/28 20:22:31.132, 2, 42.74, 1063
2026/09/28 20:22:31.135, 3, 64.60, 1063
2026/09/28 20:22:31.338, 0, 63.02, 1063
2026/09/28 20:22:31.341, 1, 48.75, 1063
2026/09/28 20:22:31.344, 2, 31.89, 1063
2026/09/28 20:22:31.347, 3, 36.71, 1063
2026/09/28 20:22:31.550, 0, 36.48, 1063
2026/09/28 20:22:31.554, 1, 39.60, 1063
2026/09/28 20:22:31.560, 2, 41.78, 1063
2026/09/28 20:22:31.563, 3, 64.15, 1063
2026/09/28 20:22:31.766, 0, 59.64, 1063
2026/09/28 20:22:31.769, 1, 53.82, 1063
2026/09/28 20:22:31.772, 2, 31.65, 1063
2026/09/28 20:22:31.775, 3, 35.74, 1063
2026/09/28 20:22:31.978, 0, 36.24, 1063
2026/09/28 20:22:31.981, 1, 40.57, 1063
2026/09/28 20:22:31.984, 2, 43.22, 1063
2026/09/28 20:22:31.987, 3, 69.18, 1063
2026/09/28 20:22:32.190, 0, 65.16, 1063
2026/09/28 20:22:32.194, 1, 53.58, 1063
2026/09/28 20:22:32.200, 2, 31.65, 1063
2026/09/28 20:22:32.203, 3, 35.48, 1063
2026/09/28 20:22:32.406, 0, 36.25, 1063
2026/09/28 20:22:32.409, 1, 40.81, 1063
2026/09/28 20:22:32.412, 2, 41.05, 1063
2026/09/28 20:22:32.417, 3, 62.19, 1063
2026/09/28 20:22:32.620, 0, 57.46, 1063
2026/09/28 20:22:32.623, 1, 55.27, 1063
2026/09/28 20:22:32.626, 2, 31.65, 1063
2026/09/28 20:22:32.629, 3, 34.77, 1063
2026/09/28 20:22:32.834, 0, 35.51, 1063
2026/09/28 20:22:32.837, 1, 39.37, 1063
2026/09/28 20:22:32.840, 2, 40.81, 1063
2026/09/28 20:22:32.843, 3, 62.47, 1063
2026/09/28 20:22:33.046, 0, 58.43, 1063
2026/09/28 20:22:33.049, 1, 54.54, 1063
2026/09/28 20:22:33.052, 2, 31.65, 1063
2026/09/28 20:22:33.055, 3, 35.72, 1063
2026/09/28 20:22:33.258, 0, 36.97, 1063
2026/09/28 20:22:33.261, 1, 41.54, 1063
2026/09/28 20:22:33.264, 2, 45.16, 1063
2026/09/28 20:22:33.266, 3, 67.73, 1063
2026/09/28 20:22:33.469, 0, 62.99, 1063
2026/09/28 20:22:33.474, 1, 54.78, 1063
2026/09/28 20:22:33.479, 2, 31.65, 1063
2026/09/28 20:22:33.482, 3, 35.74, 1063
2026/09/28 20:22:33.685, 0, 36.24, 1063
2026/09/28 20:22:33.688, 1, 40.33, 1063
2026/09/28 20:22:33.691, 2, 43.01, 1063
2026/09/28 20:22:33.694, 3, 68.94, 1063
2026/09/28 20:22:33.897, 0, 62.05, 1063
2026/09/28 20:22:33.900, 1, 48.54, 1063
2026/09/28 20:22:33.902, 2, 31.89, 1063
2026/09/28 20:22:33.905, 3, 36.68, 1063
2026/09/28 20:22:34.108, 0, 36.48, 1063
2026/09/28 20:22:34.113, 1, 39.84, 1063
2026/09/28 20:22:34.118, 2, 41.53, 1063
2026/09/28 20:22:34.121, 3, 64.12, 1063
2026/09/28 20:22:34.324, 0, 61.57, 1063
2026/09/28 20:22:34.327, 1, 50.44, 1063
2026/09/28 20:22:34.330, 2, 32.13, 1063
2026/09/28 20:22:34.333, 3, 36.46, 1063
2026/09/28 20:22:34.536, 0, 36.72, 1063
2026/09/28 20:22:34.539, 1, 41.53, 1063
2026/09/28 20:22:34.542, 2, 45.40, 1063
2026/09/28 20:22:34.545, 3, 69.18, 1063
2026/09/28 20:22:34.748, 0, 62.29, 1063
2026/09/28 20:22:34.753, 1, 55.51, 1063
2026/09/28 20:22:34.758, 2, 31.65, 1063
2026/09/28 20:22:34.761, 3, 35.74, 1063
2026/09/28 20:22:34.964, 0, 36.24, 1063
2026/09/28 20:22:34.967, 1, 40.33, 1063
2026/09/28 20:22:34.970, 2, 43.22, 1063
2026/09/28 20:22:34.973, 3, 69.22, 1063
2026/09/28 20:22:35.175, 0, 65.63, 1063
2026/09/28 20:22:35.179, 1, 43.22, 1063
2026/09/28 20:22:35.181, 2, 32.13, 1063
2026/09/28 20:22:35.184, 3, 36.95, 1063
2026/09/28 20:22:35.388, 0, 36.97, 1063
2026/09/28 20:22:35.393, 1, 40.33, 1063
2026/09/28 20:22:35.398, 2, 42.50, 1063
2026/09/28 20:22:35.400, 3, 67.50, 1063
2026/09/28 20:22:35.604, 0, 61.08, 1063
2026/09/28 20:22:35.607, 1, 50.68, 1063
2026/09/28 20:22:35.610, 2, 31.89, 1063
2026/09/28 20:22:35.612, 3, 36.46, 1063
2026/09/28 20:22:35.815, 0, 36.72, 1063
2026/09/28 20:22:35.818, 1, 41.30, 1063
2026/09/28 20:22:35.821, 2, 44.92, 1063
2026/09/28 20:22:35.824, 3, 68.94, 1063
2026/09/28 20:22:36.027, 0, 61.57, 1063
2026/09/28 20:22:36.032, 1, 56.72, 1063
2026/09/28 20:22:36.037, 2, 31.65, 1063
2026/09/28 20:22:36.040, 3, 35.50, 1063
2026/09/28 20:22:36.243, 0, 36.48, 1063
2026/09/28 20:22:36.246, 1, 40.57, 1063
2026/09/28 20:22:36.250, 2, 43.95, 1063
2026/09/28 20:22:36.253, 3, 68.91, 1063
2026/09/28 20:22:36.456, 0, 64.71, 1063
2026/09/28 20:22:36.459, 1, 48.51, 1063
2026/09/28 20:22:36.461, 2, 32.13, 1063
2026/09/28 20:22:36.464, 3, 36.68, 1063
2026/09/28 20:22:36.667, 0, 36.73, 1063
2026/09/28 20:22:36.672, 1, 41.06, 1063
2026/09/28 20:22:36.676, 2, 43.71, 1063
2026/09/28 20:22:36.678, 3, 69.70, 1063
2026/09/28 20:22:36.881, 0, 64.22, 1063
2026/09/28 20:22:36.884, 1, 48.30, 1063
2026/09/28 20:22:36.887, 2, 31.89, 1063
2026/09/28 20:22:36.891, 3, 36.46, 1063
2026/09/28 20:22:37.094, 0, 37.21, 1063
2026/09/28 20:22:37.097, 1, 40.82, 1063
2026/09/28 20:22:37.102, 2, 44.19, 1063
2026/09/28 20:22:37.105, 3, 68.94, 1063
2026/09/28 20:22:37.308, 0, 65.16, 1063
2026/09/28 20:22:37.312, 1, 47.33, 1063
2026/09/28 20:22:37.315, 2, 32.13, 1063
2026/09/28 20:22:37.317, 3, 36.68, 1063
2026/09/28 20:22:37.520, 0, 37.45, 1063
2026/09/28 20:22:37.523, 1, 42.50, 1063
2026/09/28 20:22:37.526, 2, 43.46, 1063
2026/09/28 20:22:37.531, 3, 70.42, 1063
2026/09/28 20:22:37.734, 0, 63.95, 1063
2026/09/28 20:22:37.737, 1, 47.57, 1063
2026/09/28 20:22:37.740, 2, 32.13, 1063
2026/09/28 20:22:37.743, 3, 36.93, 1063
2026/09/28 20:22:37.946, 0, 36.72, 1063
2026/09/28 20:22:37.951, 1, 41.06, 1063
2026/09/28 20:22:37.954, 2, 44.43, 1063
2026/09/28 20:22:37.957, 3, 69.18, 1063
2026/09/28 20:22:38.160, 0, 63.70, 1063
2026/09/28 20:22:38.163, 1, 43.46, 1063
2026/09/28 20:22:38.166, 2, 31.89, 1063
2026/09/28 20:22:38.171, 3, 36.46, 1063
2026/09/28 20:22:38.374, 0, 37.45, 1063
2026/09/28 20:22:38.377, 1, 42.26, 1063
2026/09/28 20:22:38.380, 2, 46.36, 1063
2026/09/28 20:22:38.383, 3, 64.88, 1063
2026/09/28 20:22:38.586, 0, 64.19, 1063
2026/09/28 20:22:38.591, 1, 47.33, 1063
2026/09/28 20:22:38.594, 2, 31.89, 1063
2026/09/28 20:22:38.597, 3, 36.69, 1063
2026/09/28 20:22:38.800, 0, 37.45, 1063
2026/09/28 20:22:38.803, 1, 42.02, 1063
2026/09/28 20:22:38.805, 2, 42.98, 1063
2026/09/28 20:22:38.811, 3, 69.22, 1063
2026/09/28 20:22:39.014, 0, 62.05, 1063
2026/09/28 20:22:39.017, 1, 49.72, 1063
2026/09/28 20:22:39.020, 2, 32.13, 1063
2026/09/28 20:22:39.023, 3, 36.70, 1063
2026/09/28 20:22:39.226, 0, 36.97, 1063
2026/09/28 20:22:39.230, 1, 42.02, 1063
2026/09/28 20:22:39.233, 2, 45.15, 1063
2026/09/28 20:22:39.236, 3, 67.26, 1063
2026/09/28 20:22:39.439, 0, 61.78, 1063
2026/09/28 20:22:39.442, 1, 37.91, 1063
2026/09/28 20:22:39.445, 2, 31.89, 1063
2026/09/28 20:22:39.451, 3, 36.22, 1063
2026/09/28 20:22:39.654, 0, 37.69, 1063
2026/09/28 20:22:39.658, 1, 42.98, 1063
2026/09/28 20:22:39.661, 2, 47.57, 1063
2026/09/28 20:22:39.664, 3, 61.26, 1063
2026/09/28 20:22:39.867, 0, 62.29, 1063
2026/09/28 20:22:39.870, 1, 41.78, 1063
2026/09/28 20:22:39.874, 2, 32.38, 1063
2026/09/28 20:22:39.877, 3, 37.41, 1063
2026/09/28 20:22:40.080, 0, 38.17, 1063
2026/09/28 20:22:40.083, 1, 43.46, 1063
2026/09/28 20:22:40.086, 2, 47.09, 1063
2026/09/28 20:22:40.091, 3, 62.92, 1063
2026/09/28 20:22:40.294, 0, 36.97, 1063
2026/09/28 20:22:40.297, 1, 36.49, 1063
2026/09/28 20:22:40.300, 2, 35.52, 1063
2026/09/28 20:22:40.303, 3, 47.54, 1063
2026/09/28 20:22:40.506, 0, 44.21, 1063
2026/09/28 20:22:40.510, 1, 50.47, 1063
2026/09/28 20:22:40.515, 2, 59.37, 1063
2026/09/28 20:22:40.518, 3, 40.55, 1063
2026/09/28 20:22:40.721, 0, 42.28, 1063
2026/09/28 20:22:40.724, 1, 36.22, 1063
2026/09/28 20:22:40.727, 2, 34.79, 1063
2026/09/28 20:22:40.730, 3, 42.72, 1063
2026/09/28 20:22:40.935, 0, 42.52, 1063
2026/09/28 20:22:40.938, 1, 51.67, 1063
2026/09/28 20:22:40.941, 2, 58.12, 1063
2026/09/28 20:22:40.943, 3, 39.34, 1063
2026/09/28 20:22:41.146, 0, 36.72, 1063
2026/09/28 20:22:41.149, 1, 35.74, 1063
2026/09/28 20:22:41.155, 2, 34.79, 1063
2026/09/28 20:22:41.158, 3, 44.17, 1063
2026/09/28 20:22:41.361, 0, 43.97, 1063
2026/09/28 20:22:41.364, 1, 53.34, 1063
2026/09/28 20:22:41.367, 2, 55.99, 1063
2026/09/28 20:22:41.370, 3, 36.93, 1063
2026/09/28 20:22:41.573, 0, 36.98, 1063
2026/09/28 20:22:41.576, 1, 36.49, 1063
2026/09/28 20:22:41.579, 2, 35.76, 1063
2026/09/28 20:22:41.582, 3, 47.06, 1063
2026/09/28 20:22:41.785, 0, 44.21, 1063
2026/09/28 20:22:41.789, 1, 49.99, 1063
2026/09/28 20:22:41.795, 2, 59.12, 1063
2026/09/28 20:22:41.798, 3, 44.41, 1063
2026/09/28 20:22:42.001, 0, 42.26, 1063
2026/09/28 20:22:42.004, 1, 36.00, 1063
2026/09/28 20:22:42.007, 2, 35.03, 1063
2026/09/28 20:22:42.010, 3, 45.37, 1063
2026/09/28 20:22:42.213, 0, 56.98, 1063
2026/09/28 20:22:42.215, 1, 62.96, 1063
2026/09/28 20:22:42.216, 2, 42.77, 1063
2026/09/28 20:22:42.219, 3, 33.56, 1063
2026/09/28 20:22:42.422, 0, 34.07, 1063
2026/09/28 20:22:42.429, 1, 36.73, 1063
2026/09/28 20:22:42.432, 2, 36.97, 1063
2026/09/28 20:22:42.435, 3, 49.96, 1063
2026/09/28 20:22:42.638, 0, 47.81, 1063
2026/09/28 20:22:42.641, 1, 60.82, 1063
2026/09/28 20:22:42.643, 2, 54.06, 1063
2026/09/28 20:22:42.650, 3, 34.51, 1063
2026/09/28 20:22:42.853, 0, 34.07, 1063
2026/09/28 20:22:42.856, 1, 36.95, 1063
2026/09/28 20:22:42.859, 2, 36.24, 1063
2026/09/28 20:22:42.861, 3, 46.34, 1063
2026/09/28 20:22:43.065, 0, 45.87, 1063
2026/09/28 20:22:43.069, 1, 50.23, 1063
2026/09/28 20:22:43.075, 2, 59.37, 1063
2026/09/28 20:22:43.078, 3, 41.99, 1063
2026/09/28 20:22:43.281, 0, 37.45, 1063
2026/09/28 20:22:43.284, 1, 36.25, 1063
2026/09/28 20:22:43.287, 2, 35.52, 1063
2026/09/28 20:22:43.290, 3, 47.30, 1063
2026/09/28 20:22:43.493, 0, 45.64, 1063
2026/09/28 20:22:43.496, 1, 56.26, 1063
2026/09/28 20:22:43.499, 2, 51.92, 1063
2026/09/28 20:22:43.502, 3, 37.65, 1063
2026/09/28 20:22:43.707, 0, 38.41, 1063
2026/09/28 20:22:43.710, 1, 36.00, 1063
2026/09/28 20:22:43.715, 2, 34.79, 1063
2026/09/28 20:22:43.718, 3, 44.40, 1063
2026/09/28 20:22:43.921, 0, 43.49, 1063
2026/09/28 20:22:43.924, 1, 52.88, 1063
2026/09/28 20:22:43.927, 2, 54.78, 1063
2026/09/28 20:22:43.929, 3, 35.50, 1063
2026/09/28 20:22:44.132, 0, 33.82, 1063
2026/09/28 20:22:44.136, 1, 36.70, 1063
2026/09/28 20:22:44.138, 2, 36.49, 1063
2026/09/28 20:22:44.141, 3, 48.26, 1063
2026/09/28 20:22:44.345, 0, 44.45, 1063
2026/09/28 20:22:44.351, 1, 53.34, 1063
2026/09/28 20:22:44.354, 2, 56.23, 1063
2026/09/28 20:22:44.357, 3, 35.50, 1063
2026/09/28 20:22:44.560, 0, 36.24, 1063
2026/09/28 20:22:44.563, 1, 36.47, 1063
2026/09/28 20:22:44.566, 2, 36.00, 1063
2026/09/28 20:22:44.569, 3, 47.06, 1063
2026/09/28 20:22:44.772, 0, 45.90, 1063
2026/09/28 20:22:44.775, 1, 56.96, 1063
2026/09/28 20:22:44.778, 2, 51.19, 1063
2026/09/28 20:22:44.781, 3, 33.09, 1063
2026/09/28 20:22:44.984, 0, 34.09, 1063
2026/09/28 20:22:44.987, 1, 37.21, 1063
2026/09/28 20:22:44.990, 2, 37.21, 1063
2026/09/28 20:22:44.993, 3, 50.92, 1063
2026/09/28 20:22:45.196, 0, 57.70, 1063
2026/09/28 20:22:45.196, 1, 58.40, 1063
2026/09/28 20:22:45.199, 2, 31.41, 1063
2026/09/28 20:22:45.202, 3, 34.05, 1063
2026/09/28 20:22:45.408, 0, 35.04, 1063
2026/09/28 20:22:45.411, 1, 38.42, 1063
2026/09/28 20:22:45.414, 2, 39.36, 1063
2026/09/28 20:22:45.417, 3, 56.68, 1063
2026/09/28 20:22:45.620, 0, 53.84, 1063
2026/09/28 20:22:45.623, 1, 60.09, 1063
2026/09/28 20:22:45.626, 2, 34.07, 1063
2026/09/28 20:22:45.629, 3, 34.53, 1063
2026/09/28 20:22:45.832, 0, 35.03, 1063
2026/09/28 20:22:45.837, 1, 38.16, 1063
2026/09/28 20:22:45.840, 2, 39.36, 1063
2026/09/28 20:22:45.843, 3, 53.78, 1063
2026/09/28 20:22:46.047, 0, 51.67, 1063
2026/09/28 20:22:46.050, 1, 62.01, 1063
2026/09/28 20:22:46.053, 2, 38.64, 1063
2026/09/28 20:22:46.056, 3, 34.29, 1063
2026/09/28 20:22:46.259, 0, 35.76, 1063
2026/09/28 20:22:46.262, 1, 39.37, 1063
2026/09/28 20:22:46.265, 2, 41.32, 1063
2026/09/28 20:22:46.268, 3, 62.44, 1063
2026/09/28 20:22:46.471, 0, 58.43, 1063
2026/09/28 20:22:46.474, 1, 53.10, 1063
2026/09/28 20:22:46.477, 2, 31.65, 1063
2026/09/28 20:22:46.480, 3, 35.98, 1063
2026/09/28 20:22:46.683, 0, 36.26, 1063
2026/09/28 20:22:46.686, 1, 40.81, 1063
2026/09/28 20:22:46.689, 2, 44.19, 1063
2026/09/28 20:22:46.692, 3, 69.42, 1063
2026/09/28 20:22:46.895, 0, 99.28, 1063
2026/09/28 20:22:46.898, 1, 33.10, 1063
2026/09/28 20:22:46.901, 2, 29.48, 1063
2026/09/28 20:22:46.907, 3, 30.43, 1063
2026/09/28 20:22:47.112, 0, 33.34, 1063
2026/09/28 20:22:47.115, 1, 95.88, 1063
2026/09/28 20:22:47.118, 2, 28.99, 1063
2026/09/28 20:22:47.121, 3, 29.94, 1063
2026/09/28 20:22:47.327, 0, 31.66, 1063
2026/09/28 20:22:47.330, 1, 32.86, 1063
2026/09/28 20:22:47.333, 2, 92.02, 1063
2026/09/28 20:22:47.336, 3, 29.95, 1063
2026/09/28 20:22:47.539, 0, 31.65, 1063
2026/09/28 20:22:47.545, 1, 32.85, 1063
2026/09/28 20:22:47.550, 2, 29.48, 1063
2026/09/28 20:22:47.553, 3, 98.17, 1063
2026/09/28 20:22:47.756, 0, 36.24, 1063
2026/09/28 20:22:47.759, 1, 40.60, 1063
2026/09/28 20:22:47.762, 2, 40.81, 1063
2026/09/28 20:22:47.766, 3, 64.64, 1063
2026/09/28 20:22:47.969, 0, 61.57, 1063
2026/09/28 20:22:47.972, 1, 49.26, 1063
2026/09/28 20:22:47.975, 2, 31.89, 1063
2026/09/28 20:22:47.978, 3, 36.46, 1063
2026/09/28 20:22:48.181, 0, 36.48, 1063
2026/09/28 20:22:48.185, 1, 41.29, 1063
2026/09/28 20:22:48.188, 2, 44.67, 1063
2026/09/28 20:22:48.191, 3, 67.25, 1063
2026/09/28 20:22:48.394, 0, 63.75, 1063
2026/09/28 20:22:48.397, 1, 43.22, 1063
2026/09/28 20:22:48.400, 2, 31.89, 1063
2026/09/28 20:22:48.406, 3, 36.46, 1063
2026/09/28 20:22:48.609, 0, 36.48, 1063
2026/09/28 20:22:48.612, 1, 41.54, 1063
2026/09/28 20:22:48.615, 2, 43.95, 1063
2026/09/28 20:22:48.618, 3, 70.91, 1063
2026/09/28 20:22:48.821, 0, 64.22, 1063
2026/09/28 20:22:48.824, 1, 46.36, 1063
2026/09/28 20:22:48.827, 2, 32.13, 1063
2026/09/28 20:22:48.830, 3, 36.95, 1063
2026/09/28 20:22:49.033, 0, 37.21, 1063
2026/09/28 20:22:49.036, 1, 42.26, 1063
2026/09/28 20:22:49.039, 2, 47.08, 1063
2026/09/28 20:22:49.042, 3, 62.92, 1063
2026/09/28 20:22:49.245, 0, 59.64, 1063
2026/09/28 20:22:49.248, 1, 37.19, 1063
2026/09/28 20:22:49.252, 2, 32.86, 1063
2026/09/28 20:22:49.255, 3, 38.64, 1063
2026/09/28 20:22:49.458, 0, 36.97, 1063
2026/09/28 20:22:49.464, 1, 42.26, 1063
2026/09/28 20:22:49.467, 2, 45.88, 1063
2026/09/28 20:22:49.470, 3, 64.12, 1063
2026/09/28 20:22:49.673, 0, 63.46, 1063
2026/09/28 20:22:49.676, 1, 40.57, 1063
2026/09/28 20:22:49.679, 2, 32.62, 1063
2026/09/28 20:22:49.682, 3, 37.92, 1063
2026/09/28 20:22:49.885, 0, 38.17, 1063
2026/09/28 20:22:49.888, 1, 43.23, 1063
2026/09/28 20:22:49.891, 2, 48.05, 1063
2026/09/28 20:22:49.894, 3, 59.81, 1063
2026/09/28 20:22:50.097, 0, 65.40, 1063
2026/09/28 20:22:50.104, 1, 46.10, 1063
2026/09/28 20:22:50.107, 2, 31.89, 1063
2026/09/28 20:22:50.110, 3, 36.92, 1063
2026/09/28 20:22:50.313, 0, 37.93, 1063
2026/09/28 20:22:50.316, 1, 43.23, 1063
2026/09/28 20:22:50.319, 2, 48.05, 1063
2026/09/28 20:22:50.322, 3, 61.26, 1063
2026/09/28 20:22:50.525, 0, 60.09, 1063
2026/09/28 20:22:50.528, 1, 37.43, 1063
2026/09/28 20:22:50.531, 2, 32.86, 1063
2026/09/28 20:22:50.534, 3, 38.86, 1063
2026/09/28 20:22:50.737, 0, 40.59, 1063
2026/09/28 20:22:50.740, 1, 47.33, 1063
2026/09/28 20:22:50.743, 2, 55.27, 1063
2026/09/28 20:22:50.746, 3, 49.21, 1063
2026/09/28 20:22:50.949, 0, 50.23, 1063
2026/09/28 20:22:50.952, 1, 35.52, 1063
2026/09/28 20:22:50.955, 2, 34.31, 1063
2026/09/28 20:22:50.958, 3, 42.48, 1063
2026/09/28 20:22:51.161, 0, 43.01, 1063
2026/09/28 20:22:51.164, 1, 52.37, 1063
2026/09/28 20:22:51.167, 2, 57.20, 1063
2026/09/28 20:22:51.170, 3, 38.86, 1063
2026/09/28 20:22:51.373, 0, 37.94, 1063
2026/09/28 20:22:51.376, 1, 36.47, 1063
2026/09/28 20:22:51.378, 2, 34.55, 1063
2026/09/28 20:22:51.384, 3, 43.20, 1063
2026/09/28 20:22:51.587, 0, 42.04, 1063
2026/09/28 20:22:51.590, 1, 51.89, 1063
2026/09/28 20:22:51.593, 2, 58.40, 1063
2026/09/28 20:22:51.596, 3, 38.88, 1063
2026/09/28 20:22:51.799, 0, 42.28, 1063
2026/09/28 20:22:51.803, 1, 35.76, 1063
2026/09/28 20:22:51.806, 2, 34.79, 1063
2026/09/28 20:22:51.809, 3, 45.13, 1063
2026/09/28 20:22:52.012, 0, 43.97, 1063
2026/09/28 20:22:52.015, 1, 53.13, 1063
2026/09/28 20:22:52.018, 2, 55.50, 1063
2026/09/28 20:22:52.021, 3, 35.24, 1063
2026/09/28 20:22:52.224, 0, 34.79, 1063
2026/09/28 20:22:52.225, 1, 36.95, 1063
2026/09/28 20:22:52.230, 2, 36.49, 1063
2026/09/28 20:22:52.233, 3, 49.45, 1063
2026/09/28 20:22:52.436, 0, 47.81, 1063
2026/09/28 20:22:52.439, 1, 59.61, 1063
2026/09/28 20:22:52.442, 2, 46.85, 1063
2026/09/28 20:22:52.445, 3, 33.81, 1063
2026/09/28 20:22:52.648, 0, 34.79, 1063
2026/09/28 20:22:52.651, 1, 37.94, 1063
2026/09/28 20:22:52.654, 2, 37.93, 1063
2026/09/28 20:22:52.656, 3, 53.58, 1063
2026/09/28 20:22:52.859, 0, 50.95, 1063
2026/09/28 20:22:52.863, 1, 63.44, 1063
2026/09/28 20:22:52.866, 2, 39.60, 1063
2026/09/28 20:22:52.868, 3, 34.05, 1063
2026/09/28 20:22:53.071, 0, 35.03, 1063
2026/09/28 20:22:53.074, 1, 38.40, 1063
2026/09/28 20:22:53.077, 2, 37.67, 1063
2026/09/28 20:22:53.083, 3, 50.89, 1063
2026/09/28 20:22:53.286, 0, 51.68, 1063
2026/09/28 20:22:53.289, 1, 62.96, 1063
2026/09/28 20:22:53.292, 2, 37.45, 1063
2026/09/28 20:22:53.295, 3, 34.53, 1063
2026/09/28 20:22:53.498, 0, 34.81, 1063
2026/09/28 20:22:53.502, 1, 38.40, 1063
2026/09/28 20:22:53.505, 2, 39.14, 1063
2026/09/28 20:22:53.508, 3, 56.96, 1063
2026/09/28 20:22:53.711, 0, 53.36, 1063
2026/09/28 20:22:53.714, 1, 60.58, 1063
2026/09/28 20:22:53.717, 2, 45.40, 1063
2026/09/28 20:22:53.723, 3, 33.81, 1063
2026/09/28 20:22:53.926, 0, 34.55, 1063
2026/09/28 20:22:53.929, 1, 37.92, 1063
2026/09/28 20:22:53.932, 2, 38.42, 1063
2026/09/28 20:22:53.935, 3, 55.24, 1063
2026/09/28 20:22:54.138, 0, 50.70, 1063
2026/09/28 20:22:54.142, 1, 57.20, 1063
2026/09/28 20:22:54.149, 2, 49.71, 1063
2026/09/28 20:22:54.152, 3, 33.09, 1063
2026/09/28 20:22:54.355, 0, 34.55, 1063
2026/09/28 20:22:54.358, 1, 37.68, 1063
2026/09/28 20:22:54.360, 2, 36.49, 1063
2026/09/28 20:22:54.365, 3, 49.47, 1063
2026/09/28 20:22:54.568, 0, 47.81, 1063
2026/09/28 20:22:54.571, 1, 60.09, 1063
2026/09/28 20:22:54.574, 2, 47.81, 1063
2026/09/28 20:22:54.577, 3, 32.86, 1063
2026/09/28 20:22:54.782, 0, 34.08, 1063
2026/09/28 20:22:54.785, 1, 36.70, 1063
2026/09/28 20:22:54.788, 2, 36.73, 1063
2026/09/28 20:22:54.791, 3, 49.69, 1063
2026/09/28 20:22:54.994, 0, 47.84, 1063
2026/09/28 20:22:54.997, 1, 60.09, 1063
2026/09/28 20:22:55.000, 2, 47.81, 1063
2026/09/28 20:22:55.003, 3, 33.81, 1063
2026/09/28 20:22:55.206, 0, 34.79, 1063
2026/09/28 20:22:55.210, 1, 37.91, 1063
2026/09/28 20:22:55.213, 2, 38.64, 1063
2026/09/28 20:22:55.216, 3, 53.82, 1063
2026/09/28 20:22:55.419, 0, 50.95, 1063
2026/09/28 20:22:55.422, 1, 59.61, 1063
2026/09/28 20:22:55.428, 2, 47.78, 1063
2026/09/28 20:22:55.431, 3, 33.57, 1063
2026/09/28 20:22:55.634, 0, 34.57, 1063
2026/09/28 20:22:55.637, 1, 37.45, 1063
2026/09/28 20:22:55.640, 2, 37.93, 1063
2026/09/28 20:22:55.643, 3, 53.55, 1063
2026/09/28 20:22:55.846, 0, 50.71, 1063
2026/09/28 20:22:55.849, 1, 63.68, 1063
2026/09/28 20:22:55.851, 2, 40.81, 1063
2026/09/28 20:22:55.854, 3, 34.05, 1063
2026/09/28 20:22:56.057, 0, 34.55, 1063
2026/09/28 20:22:56.062, 1, 36.95, 1063
2026/09/28 20:22:56.068, 2, 35.76, 1063
2026/09/28 20:22:56.073, 3, 46.58, 1063
2026/09/28 20:22:56.276, 0, 43.97, 1063
2026/09/28 20:22:56.282, 1, 49.50, 1063
2026/09/28 20:22:56.288, 2, 58.40, 1063
2026/09/28 20:22:56.291, 3, 45.61, 1063
2026/09/28 20:22:56.494, 0, 44.21, 1063
2026/09/28 20:22:56.497, 1, 35.76, 1063
2026/09/28 20:22:56.499, 2, 34.79, 1063
2026/09/28 20:22:56.502, 3, 44.19, 1063
2026/09/28 20:22:56.705, 0, 43.25, 1063
2026/09/28 20:22:56.709, 1, 51.92, 1063
2026/09/28 20:22:56.712, 2, 57.92, 1063
2026/09/28 20:22:56.715, 3, 40.07, 1063
2026/09/28 20:22:56.918, 0, 37.21, 1063
2026/09/28 20:22:56.922, 1, 35.50, 1063
2026/09/28 20:22:56.928, 2, 34.55, 1063
2026/09/28 20:22:56.931, 3, 42.74, 1063
2026/09/28 20:22:57.134, 0, 42.76, 1063
2026/09/28 20:22:57.137, 1, 51.40, 1063
2026/09/28 20:22:57.140, 2, 56.92, 1063
2026/09/28 20:22:57.143, 3, 40.31, 1063
2026/09/28 20:22:57.346, 0, 38.41, 1063
2026/09/28 20:22:57.349, 1, 36.22, 1063
2026/09/28 20:22:57.352, 2, 35.52, 1063
2026/09/28 20:22:57.355, 3, 47.31, 1063
2026/09/28 20:22:57.558, 0, 45.18, 1063
2026/09/28 20:22:57.561, 1, 50.71, 1063
2026/09/28 20:22:57.567, 2, 59.61, 1063
2026/09/28 20:22:57.570, 3, 40.31, 1063
2026/09/28 20:22:57.773, 0, 41.56, 1063
2026/09/28 20:22:57.776, 1, 36.25, 1063
2026/09/28 20:22:57.779, 2, 35.03, 1063
2026/09/28 20:22:57.782, 3, 45.39, 1063
2026/09/28 20:22:57.985, 0, 44.45, 1063
2026/09/28 20:22:57.988, 1, 54.54, 1063
2026/09/28 20:22:57.991, 2, 54.78, 1063
2026/09/28 20:22:57.993, 3, 32.84, 1063
2026/09/28 20:22:58.196, 0, 33.82, 1063
2026/09/28 20:22:58.201, 1, 36.00, 1063
2026/09/28 20:22:58.207, 2, 34.79, 1063
2026/09/28 20:22:58.210, 3, 44.41, 1063
2026/09/28 20:22:58.413, 0, 43.73, 1063
2026/09/28 20:22:58.416, 1, 53.34, 1063
2026/09/28 20:22:58.419, 2, 56.23, 1063
2026/09/28 20:22:58.422, 3, 37.17, 1063
2026/09/28 20:22:58.625, 0, 35.76, 1063
2026/09/28 20:22:58.628, 1, 39.61, 1063
2026/09/28 20:22:58.631, 2, 41.56, 1063
2026/09/28 20:22:58.634, 3, 65.08, 1063
2026/09/28 20:22:58.837, 0, 58.43, 1063
2026/09/28 20:22:58.840, 1, 55.27, 1063
2026/09/28 20:22:58.843, 2, 31.65, 1063
2026/09/28 20:22:58.846, 3, 35.74, 1063
2026/09/28 20:22:59.049, 0, 36.24, 1063
2026/09/28 20:22:59.052, 1, 40.81, 1063
2026/09/28 20:22:59.055, 2, 41.05, 1063
2026/09/28 20:22:59.061, 3, 62.19, 1063
2026/09/28 20:22:59.264, 0, 61.77, 1063
2026/09/28 20:22:59.267, 1, 52.13, 1063
2026/09/28 20:22:59.270, 2, 31.89, 1063
2026/09/28 20:22:59.273, 3, 35.74, 1063
2026/09/28 20:22:59.476, 0, 36.48, 1063
2026/09/28 20:22:59.480, 1, 40.57, 1063
2026/09/28 20:22:59.483, 2, 42.98, 1063
2026/09/28 20:22:59.486, 3, 69.22, 1063
2026/09/28 20:22:59.689, 0, 63.51, 1063
2026/09/28 20:22:59.692, 1, 49.26, 1063
2026/09/28 20:22:59.695, 2, 31.65, 1063
2026/09/28 20:22:59.701, 3, 35.50, 1063
2026/09/28 20:22:59.904, 0, 35.76, 1063
2026/09/28 20:22:59.907, 1, 38.16, 1063
2026/09/28 20:22:59.913, 2, 39.38, 1063
2026/09/28 20:22:59.916, 3, 54.06, 1063
2026/09/28 20:23:00.121, 0, 51.91, 1063
2026/09/28 20:23:00.124, 1, 61.99, 1063
2026/09/28 20:23:00.127, 2, 37.43, 1063
2026/09/28 20:23:00.130, 3, 34.29, 1063
2026/09/28 20:23:00.334, 0, 34.55, 1063
2026/09/28 20:23:00.340, 1, 37.70, 1063
2026/09/28 20:23:00.343, 2, 38.15, 1063
2026/09/28 20:23:00.346, 3, 53.82, 1063
2026/09/28 20:23:00.549, 0, 51.19, 1063
2026/09/28 20:23:00.551, 1, 60.58, 1063
2026/09/28 20:23:00.556, 2, 49.50, 1063
2026/09/28 20:23:00.561, 3, 33.33, 1063
2026/09/28 20:23:00.764, 0, 34.33, 1063
2026/09/28 20:23:00.767, 1, 37.45, 1063
2026/09/28 20:23:00.769, 2, 37.69, 1063
2026/09/28 20:23:00.772, 3, 52.59, 1063
2026/09/28 20:23:00.975, 0, 48.78, 1063
2026/09/28 20:23:00.979, 1, 61.54, 1063
2026/09/28 20:23:00.982, 2, 44.43, 1063
2026/09/28 20:23:00.985, 3, 33.80, 1063
2026/09/28 20:23:01.188, 0, 34.79, 1063
2026/09/28 20:23:01.191, 1, 38.16, 1063
2026/09/28 20:23:01.194, 2, 38.66, 1063
2026/09/28 20:23:01.197, 3, 53.82, 1063
2026/09/28 20:23:01.401, 0, 51.67, 1063
2026/09/28 20:23:01.404, 1, 63.43, 1063
2026/09/28 20:23:01.407, 2, 39.84, 1063
2026/09/28 20:23:01.410, 3, 34.05, 1063
2026/09/28 20:23:01.613, 0, 34.79, 1063
2026/09/28 20:23:01.619, 1, 37.45, 1063
2026/09/28 20:23:01.623, 2, 37.93, 1063
2026/09/28 20:23:01.626, 3, 54.06, 1063
2026/09/28 20:23:01.829, 0, 49.99, 1063
2026/09/28 20:23:01.832, 1, 64.20, 1063
2026/09/28 20:23:01.835, 2, 48.02, 1063
2026/09/28 20:23:01.840, 3, 33.33, 1063
2026/09/28 20:23:02.043, 0, 34.08, 1063
2026/09/28 20:23:02.046, 1, 37.44, 1063
2026/09/28 20:23:02.049, 2, 37.45, 1063
2026/09/28 20:23:02.052, 3, 52.58, 1063
2026/09/28 20:23:02.255, 0, 53.36, 1063
2026/09/28 20:23:02.258, 1, 60.82, 1063
2026/09/28 20:23:02.264, 2, 46.61, 1063
2026/09/28 20:23:02.267, 3, 33.79, 1063
2026/09/28 20:23:02.470, 0, 34.55, 1063
2026/09/28 20:23:02.473, 1, 37.70, 1063
2026/09/28 20:23:02.476, 2, 37.21, 1063
2026/09/28 20:23:02.481, 3, 51.38, 1063
2026/09/28 20:23:02.684, 0, 48.53, 1063
2026/09/28 20:23:02.687, 1, 63.47, 1063
2026/09/28 20:23:02.689, 2, 43.95, 1063
2026/09/28 20:23:02.692, 3, 33.81, 1063
2026/09/28 20:23:02.895, 0, 34.81, 1063
2026/09/28 20:23:02.898, 1, 37.19, 1063
2026/09/28 20:23:02.904, 2, 36.97, 1063
2026/09/28 20:23:02.907, 3, 51.14, 1063
2026/09/28 20:23:03.110, 0, 49.49, 1063
2026/09/28 20:23:03.113, 1, 62.99, 1063
2026/09/28 20:23:03.116, 2, 46.36, 1063
2026/09/28 20:23:03.120, 3, 33.57, 1063
2026/09/28 20:23:03.324, 0, 34.55, 1063
2026/09/28 20:23:03.327, 1, 37.92, 1063
2026/09/28 20:23:03.330, 2, 38.42, 1063
2026/09/28 20:23:03.333, 3, 55.24, 1063
2026/09/28 20:23:03.536, 0, 52.15, 1063
2026/09/28 20:23:03.539, 1, 60.82, 1063
2026/09/28 20:23:03.544, 2, 45.15, 1063
2026/09/28 20:23:03.547, 3, 33.81, 1063
2026/09/28 20:23:03.750, 0, 34.55, 1063
2026/09/28 20:23:03.753, 1, 37.91, 1063
2026/09/28 20:23:03.756, 2, 37.93, 1063
2026/09/28 20:23:03.759, 3, 52.58, 1063
2026/09/28 20:23:03.963, 0, 50.94, 1063
2026/09/28 20:23:03.966, 1, 63.68, 1063
2026/09/28 20:23:03.968, 2, 39.60, 1063
2026/09/28 20:23:03.971, 3, 34.05, 1063
2026/09/28 20:23:04.174, 0, 35.27, 1063
2026/09/28 20:23:04.177, 1, 38.88, 1063
2026/09/28 20:23:04.180, 2, 40.11, 1063
2026/09/28 20:23:04.183, 3, 54.03, 1063
2026/09/28 20:23:04.389, 0, 52.64, 1063
2026/09/28 20:23:04.392, 1, 60.82, 1063
2026/09/28 20:23:04.395, 2, 42.26, 1063
2026/09/28 20:23:04.399, 3, 34.05, 1063
2026/09/28 20:23:04.602, 0, 35.06, 1063
2026/09/28 20:23:04.605, 1, 38.64, 1063
2026/09/28 20:23:04.608, 2, 40.11, 1063
2026/09/28 20:23:04.611, 3, 58.34, 1063
2026/09/28 20:23:04.814, 0, 54.81, 1063
2026/09/28 20:23:04.817, 1, 58.40, 1063
2026/09/28 20:23:04.820, 2, 34.07, 1063
2026/09/28 20:23:04.823, 3, 35.01, 1063
2026/09/28 20:23:05.025, 0, 36.00, 1063
2026/09/28 20:23:05.028, 1, 40.33, 1063
2026/09/28 20:23:05.031, 2, 42.50, 1063
2026/09/28 20:23:05.034, 3, 67.26, 1063
2026/09/28 20:23:05.237, 0, 64.95, 1063
2026/09/28 20:23:05.242, 1, 48.54, 1063
2026/09/28 20:23:05.245, 2, 34.31, 1063
2026/09/28 20:23:05.245, 3, 37.65, 1063
2026/09/28 20:23:05.449, 0, 38.17, 1063
2026/09/28 20:23:05.452, 1, 43.22, 1063
2026/09/28 20:23:05.455, 2, 47.09, 1063
2026/09/28 20:23:05.458, 3, 61.51, 1063
2026/09/28 20:23:05.661, 0, 63.02, 1063
2026/09/28 20:23:05.664, 1, 36.22, 1063
2026/09/28 20:23:05.667, 2, 32.62, 1063
2026/09/28 20:23:05.670, 3, 38.64, 1063
2026/09/28 20:23:05.873, 0, 38.66, 1063
2026/09/28 20:23:05.876, 1, 44.92, 1063
2026/09/28 20:23:05.879, 2, 50.92, 1063
2026/09/28 20:23:05.882, 3, 57.16, 1063
2026/09/28 20:23:06.085, 0, 109.83, 1063
2026/09/28 20:23:06.088, 1, 32.60, 1063
2026/09/28 20:23:06.091, 2, 29.23, 1063
2026/09/28 20:23:06.094, 3, 30.18, 1063
2026/09/28 20:23:06.298, 0, 108.39, 1063
2026/09/28 20:23:06.301, 1, 32.60, 1063
2026/09/28 20:23:06.304, 2, 28.99, 1063
2026/09/28 20:23:06.307, 3, 30.18, 1063
2026/09/28 20:23:06.510, 0, 113.68, 1063
2026/09/28 20:23:06.514, 1, 32.62, 1063
2026/09/28 20:23:06.517, 2, 28.99, 1063
2026/09/28 20:23:06.520, 3, 30.18, 1063
2026/09/28 20:23:06.725, 0, 108.63, 1063
2026/09/28 20:23:06.727, 1, 32.60, 1063
2026/09/28 20:23:06.730, 2, 28.99, 1063
2026/09/28 20:23:06.733, 3, 30.18, 1063
2026/09/28 20:23:06.938, 0, 115.13, 1063
2026/09/28 20:23:06.941, 1, 32.62, 1063
2026/09/28 20:23:06.944, 2, 28.99, 1063
2026/09/28 20:23:06.947, 3, 30.18, 1063
2026/09/28 20:23:07.150, 0, 108.62, 1063
2026/09/28 20:23:07.153, 1, 32.60, 1063
2026/09/28 20:23:07.156, 2, 28.99, 1063
2026/09/28 20:23:07.159, 3, 30.18, 1063
2026/09/28 20:23:07.364, 0, 32.37, 1063
2026/09/28 20:23:07.367, 1, 108.58, 1063
2026/09/28 20:23:07.370, 2, 29.01, 1063
2026/09/28 20:23:07.373, 3, 30.18, 1063
2026/09/28 20:23:07.577, 0, 32.13, 1063
2026/09/28 20:23:07.582, 1, 118.62, 1063
2026/09/28 20:23:07.587, 2, 28.99, 1063
2026/09/28 20:23:07.590, 3, 30.18, 1063
2026/09/28 20:23:07.793, 0, 31.89, 1063
2026/09/28 20:23:07.796, 1, 106.00, 1063
2026/09/28 20:23:07.799, 2, 29.01, 1063
2026/09/28 20:23:07.802, 3, 29.94, 1063
2026/09/28 20:23:08.005, 0, 31.89, 1063
2026/09/28 20:23:08.008, 1, 111.23, 1063
2026/09/28 20:23:08.011, 2, 28.99, 1063
2026/09/28 20:23:08.017, 3, 29.94, 1063
2026/09/28 20:23:08.220, 0, 31.67, 1063
2026/09/28 20:23:08.228, 1, 33.59, 1063
2026/09/28 20:23:08.231, 2, 97.50, 1063
2026/09/28 20:23:08.237, 3, 29.95, 1063
2026/09/28 20:23:08.442, 0, 31.66, 1063
2026/09/28 20:23:08.448, 1, 33.10, 1063
2026/09/28 20:23:08.451, 2, 103.29, 1063
2026/09/28 20:23:08.459, 3, 29.95, 1063
2026/09/28 20:23:08.662, 0, 31.43, 1063
2026/09/28 20:23:08.669, 1, 32.86, 1063
2026/09/28 20:23:08.671, 2, 100.88, 1063
2026/09/28 20:23:08.679, 3, 29.95, 1063
2026/09/28 20:23:08.882, 0, 31.43, 1063
2026/09/28 20:23:08.885, 1, 32.86, 1063
2026/09/28 20:23:08.888, 2, 103.77, 1063
2026/09/28 20:23:08.891, 3, 29.95, 1063
2026/09/28 20:23:09.097, 0, 31.41, 1063
2026/09/28 20:23:09.100, 1, 32.62, 1063
2026/09/28 20:23:09.103, 2, 111.89, 1063
2026/09/28 20:23:09.106, 3, 29.95, 1063
2026/09/28 20:23:09.309, 0, 31.41, 1063
2026/09/28 20:23:09.312, 1, 32.60, 1063
2026/09/28 20:23:09.315, 2, 29.72, 1063
2026/09/28 20:23:09.317, 3, 108.28, 1063
2026/09/28 20:23:09.522, 0, 31.41, 1063
2026/09/28 20:23:09.525, 1, 32.60, 1063
2026/09/28 20:23:09.528, 2, 29.23, 1063
2026/09/28 20:23:09.531, 3, 114.53, 1063
2026/09/28 20:23:09.740, 0, 31.41, 1063
2026/09/28 20:23:09.743, 1, 32.60, 1063
2026/09/28 20:23:09.746, 2, 28.99, 1063
2026/09/28 20:23:09.749, 3, 106.60, 1063
2026/09/28 20:23:09.952, 0, 31.41, 1063
2026/09/28 20:23:09.955, 1, 32.60, 1063
2026/09/28 20:23:09.960, 2, 28.99, 1063
2026/09/28 20:23:09.963, 3, 115.97, 1063
2026/09/28 20:23:10.166, 0, 112.24, 1063
2026/09/28 20:23:10.176, 1, 32.62, 1063
2026/09/28 20:23:10.181, 2, 28.99, 1063
2026/09/28 20:23:10.184, 3, 30.67, 1063
2026/09/28 20:23:10.387, 0, 109.83, 1063
2026/09/28 20:23:10.396, 1, 32.60, 1063
2026/09/28 20:23:10.401, 2, 28.99, 1063
2026/09/28 20:23:10.404, 3, 30.43, 1063
2026/09/28 20:23:10.607, 0, 116.81, 1063
2026/09/28 20:23:10.617, 1, 32.60, 1063
2026/09/28 20:23:10.621, 2, 28.99, 1063
2026/09/28 20:23:10.624, 3, 30.18, 1063
2026/09/28 20:23:10.827, 0, 108.63, 1063
2026/09/28 20:23:10.830, 1, 32.60, 1063
2026/09/28 20:23:10.833, 2, 28.99, 1063
2026/09/28 20:23:10.836, 3, 30.18, 1063
2026/09/28 20:23:11.041, 0, 109.34, 1063
2026/09/28 20:23:11.044, 1, 32.60, 1063
2026/09/28 20:23:11.047, 2, 28.99, 1063
2026/09/28 20:23:11.050, 3, 29.94, 1063
2026/09/28 20:23:11.255, 0, 32.62, 1063
2026/09/28 20:23:11.258, 1, 112.14, 1063
2026/09/28 20:23:11.264, 2, 28.99, 1063
2026/09/28 20:23:11.267, 3, 29.94, 1063
2026/09/28 20:23:11.470, 0, 32.15, 1063
2026/09/28 20:23:11.475, 1, 110.51, 1063
2026/09/28 20:23:11.483, 2, 29.01, 1063
2026/09/28 20:23:11.486, 3, 29.95, 1063
2026/09/28 20:23:11.689, 0, 31.89, 1063
2026/09/28 20:23:11.695, 1, 105.75, 1063
2026/09/28 20:23:11.703, 2, 28.99, 1063
2026/09/28 20:23:11.706, 3, 29.95, 1063
2026/09/28 20:23:11.909, 0, 31.65, 1063
2026/09/28 20:23:11.915, 1, 107.62, 1063
2026/09/28 20:23:11.924, 2, 28.99, 1063
2026/09/28 20:23:11.926, 3, 29.95, 1063
2026/09/28 20:23:12.129, 0, 31.65, 1063
2026/09/28 20:23:12.135, 1, 68.01, 1063
2026/09/28 20:23:12.142, 2, 78.10, 1063
2026/09/28 20:23:12.146, 3, 29.95, 1063
2026/09/28 20:23:12.349, 0, 31.67, 1063
2026/09/28 20:23:12.355, 1, 33.10, 1063
2026/09/28 20:23:12.362, 2, 100.16, 1063
2026/09/28 20:23:12.365, 3, 29.95, 1063
2026/09/28 20:23:12.568, 0, 31.43, 1063
2026/09/28 20:23:12.571, 1, 32.86, 1063
2026/09/28 20:23:12.574, 2, 107.14, 1063
2026/09/28 20:23:12.579, 3, 29.95, 1063
2026/09/28 20:23:12.782, 0, 31.43, 1063
2026/09/28 20:23:12.785, 1, 32.86, 1063
2026/09/28 20:23:12.788, 2, 110.43, 1063
2026/09/28 20:23:12.791, 3, 29.95, 1063
2026/09/28 20:23:12.994, 0, 31.43, 1063
2026/09/28 20:23:12.997, 1, 32.62, 1063
2026/09/28 20:23:13.000, 2, 103.53, 1063
2026/09/28 20:23:13.003, 3, 29.95, 1063
2026/09/28 20:23:13.206, 0, 31.41, 1063
2026/09/28 20:23:13.209, 1, 32.60, 1063
2026/09/28 20:23:13.214, 2, 29.96, 1063
2026/09/28 20:23:13.219, 3, 114.94, 1063
2026/09/28 20:23:13.422, 0, 31.42, 1063
2026/09/28 20:23:13.425, 1, 32.60, 1063
2026/09/28 20:23:13.429, 2, 29.48, 1063
2026/09/28 20:23:13.434, 3, 106.11, 1063
2026/09/28 20:23:13.639, 0, 31.41, 1063
2026/09/28 20:23:13.642, 1, 32.60, 1063
2026/09/28 20:23:13.645, 2, 29.23, 1063
2026/09/28 20:23:13.648, 3, 109.48, 1063
2026/09/28 20:23:13.857, 0, 31.41, 1063
2026/09/28 20:23:13.860, 1, 32.60, 1063
2026/09/28 20:23:13.862, 2, 28.99, 1063
2026/09/28 20:23:13.865, 3, 106.42, 1063
2026/09/28 20:23:14.068, 0, 112.24, 1063
2026/09/28 20:23:14.077, 1, 32.62, 1063
2026/09/28 20:23:14.080, 2, 29.01, 1063
2026/09/28 20:23:14.083, 3, 30.67, 1063
2026/09/28 20:23:14.286, 0, 110.31, 1063
2026/09/28 20:23:14.297, 1, 32.60, 1063
2026/09/28 20:23:14.300, 2, 28.99, 1063
2026/09/28 20:23:14.303, 3, 30.43, 1063
2026/09/28 20:23:14.506, 0, 111.04, 1063
2026/09/28 20:23:14.509, 1, 32.60, 1063
2026/09/28 20:23:14.511, 2, 28.99, 1063
2026/09/28 20:23:14.514, 3, 30.18, 1063
2026/09/28 20:23:14.719, 0, 117.05, 1063
2026/09/28 20:23:14.722, 1, 32.60, 1063
2026/09/28 20:23:14.725, 2, 28.99, 1063
2026/09/28 20:23:14.728, 3, 30.18, 1063
2026/09/28 20:23:14.933, 0, 122.52, 1063
2026/09/28 20:23:14.938, 1, 32.60, 1063
2026/09/28 20:23:14.941, 2, 28.99, 1063
2026/09/28 20:23:14.944, 3, 29.94, 1063
2026/09/28 20:23:15.147, 0, 32.37, 1063
2026/09/28 20:23:15.150, 1, 104.72, 1063
2026/09/28 20:23:15.153, 2, 28.99, 1063
2026/09/28 20:23:15.156, 3, 30.18, 1063
2026/09/28 20:23:15.360, 0, 32.13, 1063
2026/09/28 20:23:15.362, 1, 105.03, 1063
2026/09/28 20:23:15.365, 2, 28.99, 1063
2026/09/28 20:23:15.368, 3, 29.94, 1063
2026/09/28 20:23:15.573, 0, 31.89, 1063
2026/09/28 20:23:15.576, 1, 108.81, 1063
2026/09/28 20:23:15.581, 2, 28.99, 1063
2026/09/28 20:23:15.584, 3, 29.95, 1063
2026/09/28 20:23:15.787, 0, 31.89, 1063
2026/09/28 20:23:15.790, 1, 106.66, 1063
2026/09/28 20:23:15.793, 2, 28.99, 1063
2026/09/28 20:23:15.796, 3, 29.94, 1063
2026/09/28 20:23:15.999, 0, 31.67, 1063
2026/09/28 20:23:16.002, 1, 34.07, 1063
2026/09/28 20:23:16.005, 2, 97.81, 1063
2026/09/28 20:23:16.008, 3, 29.95, 1063
2026/09/28 20:23:16.212, 0, 31.43, 1063
2026/09/28 20:23:16.217, 1, 33.10, 1063
2026/09/28 20:23:16.220, 2, 106.11, 1063
2026/09/28 20:23:16.223, 3, 29.95, 1063
2026/09/28 20:23:16.426, 0, 31.67, 1063
2026/09/28 20:23:16.429, 1, 32.86, 1063
2026/09/28 20:23:16.432, 2, 100.64, 1063
2026/09/28 20:23:16.437, 3, 29.95, 1063
2026/09/28 20:23:16.640, 0, 31.42, 1063
2026/09/28 20:23:16.643, 1, 32.86, 1063
2026/09/28 20:23:16.646, 2, 101.36, 1063
2026/09/28 20:23:16.649, 3, 29.95, 1063
2026/09/28 20:23:16.852, 0, 31.42, 1063
2026/09/28 20:23:16.855, 1, 32.86, 1063
2026/09/28 20:23:16.858, 2, 108.10, 1063
2026/09/28 20:23:16.863, 3, 29.95, 1063
2026/09/28 20:23:17.066, 0, 31.41, 1063
2026/09/28 20:23:17.069, 1, 32.60, 1063
2026/09/28 20:23:17.072, 2, 29.48, 1063
2026/09/28 20:23:17.079, 3, 108.03, 1063
2026/09/28 20:23:17.282, 0, 31.41, 1063
2026/09/28 20:23:17.285, 1, 32.60, 1063
2026/09/28 20:23:17.288, 2, 29.23, 1063
2026/09/28 20:23:17.291, 3, 108.51, 1063
2026/09/28 20:23:17.496, 0, 31.41, 1063
2026/09/28 20:23:17.499, 1, 32.60, 1063
2026/09/28 20:23:17.502, 2, 29.23, 1063
2026/09/28 20:23:17.505, 3, 117.82, 1063
2026/09/28 20:23:17.708, 0, 31.41, 1063
2026/09/28 20:23:17.713, 1, 32.60, 1063
2026/09/28 20:23:17.719, 2, 28.99, 1063
2026/09/28 20:23:17.722, 3, 106.60, 1063
2026/09/28 20:23:17.925, 0, 116.74, 1063
2026/09/28 20:23:17.928, 1, 32.60, 1063
2026/09/28 20:23:17.931, 2, 28.99, 1063
2026/09/28 20:23:17.934, 3, 30.43, 1063
2026/09/28 20:23:18.139, 0, 117.22, 1063
2026/09/28 20:23:18.143, 1, 32.60, 1063
2026/09/28 20:23:18.145, 2, 28.99, 1063
2026/09/28 20:23:18.148, 3, 30.41, 1063
2026/09/28 20:23:18.352, 0, 109.35, 1063
2026/09/28 20:23:18.356, 1, 32.60, 1063
2026/09/28 20:23:18.359, 2, 28.99, 1063
2026/09/28 20:23:18.365, 3, 30.18, 1063
2026/09/28 20:23:18.568, 0, 113.93, 1063
2026/09/28 20:23:18.576, 1, 32.60, 1063
2026/09/28 20:23:18.579, 2, 28.99, 1063
2026/09/28 20:23:18.582, 3, 30.18, 1063
2026/09/28 20:23:18.785, 0, 32.37, 1063
2026/09/28 20:23:18.788, 1, 108.77, 1063
2026/09/28 20:23:18.791, 2, 28.99, 1063
2026/09/28 20:23:18.794, 3, 30.18, 1063
2026/09/28 20:23:18.997, 0, 32.13, 1063
2026/09/28 20:23:19.000, 1, 112.19, 1063
2026/09/28 20:23:19.003, 2, 28.99, 1063
2026/09/28 20:23:19.008, 3, 30.18, 1063
2026/09/28 20:23:19.212, 0, 31.89, 1063
2026/09/28 20:23:19.217, 1, 104.24, 1063
2026/09/28 20:23:19.220, 2, 28.99, 1063
2026/09/28 20:23:19.223, 3, 29.94, 1063
2026/09/28 20:23:19.427, 0, 31.89, 1063
2026/09/28 20:23:19.432, 1, 104.98, 1063
2026/09/28 20:23:19.439, 2, 29.01, 1063
2026/09/28 20:23:19.442, 3, 29.94, 1063
2026/09/28 20:23:19.645, 0, 31.67, 1063
2026/09/28 20:23:19.648, 1, 33.59, 1063
2026/09/28 20:23:19.651, 2, 104.25, 1063
2026/09/28 20:23:19.654, 3, 29.95, 1063
2026/09/28 20:23:19.857, 0, 31.67, 1063
2026/09/28 20:23:19.859, 1, 33.10, 1063
2026/09/28 20:23:19.862, 2, 106.11, 1063
2026/09/28 20:23:19.865, 3, 29.95, 1063
2026/09/28 20:23:20.068, 0, 31.65, 1063
2026/09/28 20:23:20.072, 1, 32.86, 1063
2026/09/28 20:23:20.077, 2, 101.36, 1063
2026/09/28 20:23:20.080, 3, 29.95, 1063
2026/09/28 20:23:20.283, 0, 31.67, 1063
2026/09/28 20:23:20.286, 1, 32.62, 1063
2026/09/28 20:23:20.289, 2, 106.11, 1063
2026/09/28 20:23:20.294, 3, 29.95, 1063
2026/09/28 20:23:20.497, 0, 31.67, 1063
2026/09/28 20:23:20.500, 1, 32.62, 1063
2026/09/28 20:23:20.503, 2, 55.03, 1063
2026/09/28 20:23:20.506, 3, 94.13, 1063
2026/09/28 20:23:20.712, 0, 31.65, 1063
2026/09/28 20:23:20.715, 1, 32.60, 1063
2026/09/28 20:23:20.718, 2, 29.48, 1063
2026/09/28 20:23:20.721, 3, 107.08, 1063
2026/09/28 20:23:20.924, 0, 31.41, 1063
2026/09/28 20:23:20.927, 1, 32.60, 1063
2026/09/28 20:23:20.930, 2, 29.23, 1063
2026/09/28 20:23:20.933, 3, 113.08, 1063
2026/09/28 20:23:21.138, 0, 31.65, 1063
2026/09/28 20:23:21.141, 1, 32.60, 1063
2026/09/28 20:23:21.144, 2, 28.99, 1063
2026/09/28 20:23:21.147, 3, 110.68, 1063
2026/09/28 20:23:21.355, 0, 82.72, 1063
2026/09/28 20:23:21.358, 1, 32.62, 1063
2026/09/28 20:23:21.361, 2, 28.99, 1063
2026/09/28 20:23:21.364, 3, 35.98, 1063
2026/09/28 20:23:21.567, 0, 108.87, 1063
2026/09/28 20:23:21.574, 1, 32.62, 1063
2026/09/28 20:23:21.579, 2, 28.99, 1063
2026/09/28 20:23:21.582, 3, 30.43, 1063
2026/09/28 20:23:21.785, 0, 119.94, 1063
2026/09/28 20:23:21.795, 1, 32.60, 1063
2026/09/28 20:23:21.800, 2, 28.99, 1063
2026/09/28 20:23:21.803, 3, 30.18, 1063
2026/09/28 20:23:22.006, 0, 114.88, 1063
2026/09/28 20:23:22.015, 1, 32.62, 1063
2026/09/28 20:23:22.021, 2, 29.01, 1063
2026/09/28 20:23:22.024, 3, 29.94, 1063
2026/09/28 20:23:22.227, 0, 111.51, 1063
2026/09/28 20:23:22.234, 1, 32.62, 1063
2026/09/28 20:23:22.238, 2, 28.75, 1063
2026/09/28 20:23:22.241, 3, 29.94, 1063
2026/09/28 20:23:22.444, 0, 32.37, 1063
2026/09/28 20:23:22.447, 1, 104.74, 1063
2026/09/28 20:23:22.450, 2, 28.75, 1063
2026/09/28 20:23:22.453, 3, 29.94, 1063
2026/09/28 20:23:22.656, 0, 31.89, 1063
2026/09/28 20:23:22.659, 1, 112.43, 1063
2026/09/28 20:23:22.667, 2, 28.99, 1063
2026/09/28 20:23:22.672, 3, 29.95, 1063
2026/09/28 20:23:22.875, 0, 31.65, 1063
2026/09/28 20:23:22.878, 1, 109.49, 1063
2026/09/28 20:23:22.881, 2, 28.99, 1063
2026/09/28 20:23:22.884, 3, 29.94, 1063
2026/09/28 20:23:23.087, 0, 31.65, 1063
2026/09/28 20:23:23.091, 1, 105.21, 1063
2026/09/28 20:23:23.094, 2, 28.99, 1063
2026/09/28 20:23:23.096, 3, 29.94, 1063
2026/09/28 20:23:23.299, 0, 31.67, 1063
2026/09/28 20:23:23.302, 1, 33.59, 1063
2026/09/28 20:23:23.309, 2, 101.84, 1063
2026/09/28 20:23:23.315, 3, 29.95, 1063
2026/09/28 20:23:23.518, 0, 31.67, 1063
2026/09/28 20:23:23.521, 1, 33.10, 1063
2026/09/28 20:23:23.524, 2, 106.11, 1063
2026/09/28 20:23:23.527, 3, 29.96, 1063
2026/09/28 20:23:23.731, 0, 31.67, 1063
2026/09/28 20:23:23.735, 1, 32.86, 1063
2026/09/28 20:23:23.737, 2, 101.12, 1063
2026/09/28 20:23:23.740, 3, 29.96, 1063
2026/09/28 20:23:23.943, 0, 31.67, 1063
2026/09/28 20:23:23.946, 1, 32.86, 1063
2026/09/28 20:23:23.950, 2, 106.66, 1063
2026/09/28 20:23:23.955, 3, 29.96, 1063
2026/09/28 20:23:24.158, 0, 31.43, 1063
2026/09/28 20:23:24.162, 1, 32.86, 1063
2026/09/28 20:23:24.164, 2, 67.77, 1063
2026/09/28 20:23:24.167, 3, 66.04, 1063
2026/09/28 20:23:24.370, 0, 31.65, 1063
2026/09/28 20:23:24.373, 1, 32.60, 1063
2026/09/28 20:23:24.376, 2, 29.48, 1063
2026/09/28 20:23:24.379, 3, 105.63, 1063
2026/09/28 20:23:24.582, 0, 31.65, 1063
2026/09/28 20:23:24.586, 1, 32.60, 1063
2026/09/28 20:23:24.592, 2, 29.23, 1063
2026/09/28 20:23:24.597, 3, 112.37, 1063
2026/09/28 20:23:24.800, 0, 31.65, 1063
2026/09/28 20:23:24.803, 1, 32.60, 1063
2026/09/28 20:23:24.805, 2, 28.99, 1063
2026/09/28 20:23:24.811, 3, 106.18, 1063
2026/09/28 20:23:25.016, 0, 31.43, 1063
2026/09/28 20:23:25.019, 1, 32.62, 1063
2026/09/28 20:23:25.022, 2, 29.01, 1063
2026/09/28 20:23:25.025, 3, 45.16, 1063
2026/09/28 20:23:25.228, 0, 122.04, 1063
2026/09/28 20:23:25.234, 1, 32.60, 1063
2026/09/28 20:23:25.237, 2, 28.99, 1063
2026/09/28 20:23:25.240, 3, 30.43, 1063
2026/09/28 20:23:25.443, 0, 107.90, 1063
2026/09/28 20:23:25.446, 1, 32.62, 1063
2026/09/28 20:23:25.452, 2, 28.99, 1063
2026/09/28 20:23:25.457, 3, 30.18, 1063
2026/09/28 20:23:25.660, 0, 111.75, 1063
2026/09/28 20:23:25.663, 1, 32.60, 1063
2026/09/28 20:23:25.666, 2, 29.01, 1063
2026/09/28 20:23:25.671, 3, 30.18, 1063
2026/09/28 20:23:25.877, 0, 118.91, 1063
2026/09/28 20:23:25.880, 1, 32.60, 1063
2026/09/28 20:23:25.883, 2, 28.99, 1063
2026/09/28 20:23:25.886, 3, 29.94, 1063
2026/09/28 20:23:26.089, 0, 111.03, 1063
2026/09/28 20:23:26.092, 1, 32.60, 1063
2026/09/28 20:23:26.095, 2, 29.01, 1063
2026/09/28 20:23:26.098, 3, 29.94, 1063
2026/09/28 20:23:26.301, 0, 32.37, 1063
2026/09/28 20:23:26.304, 1, 102.81, 1063
2026/09/28 20:23:26.307, 2, 28.99, 1063
2026/09/28 20:23:26.311, 3, 29.94, 1063
2026/09/28 20:23:26.517, 0, 32.13, 1063
2026/09/28 20:23:26.520, 1, 106.66, 1063
2026/09/28 20:23:26.523, 2, 28.99, 1063
2026/09/28 20:23:26.526, 3, 29.94, 1063
2026/09/28 20:23:26.729, 0, 31.89, 1063
2026/09/28 20:23:26.732, 1, 112.18, 1063
2026/09/28 20:23:26.737, 2, 29.01, 1063
2026/09/28 20:23:26.740, 3, 29.94, 1063
2026/09/28 20:23:26.943, 0, 31.65, 1063
2026/09/28 20:23:26.949, 1, 105.51, 1063
2026/09/28 20:23:26.955, 2, 28.75, 1063
2026/09/28 20:23:26.958, 3, 29.95, 1063
2026/09/28 20:23:27.161, 0, 31.66, 1063
2026/09/28 20:23:27.164, 1, 44.19, 1063
2026/09/28 20:23:27.167, 2, 95.57, 1063
2026/09/28 20:23:27.170, 3, 29.95, 1063
2026/09/28 20:23:27.373, 0, 31.43, 1063
2026/09/28 20:23:27.376, 1, 33.35, 1063
2026/09/28 20:23:27.379, 2, 101.60, 1063
2026/09/28 20:23:27.382, 3, 29.95, 1063
2026/09/28 20:23:27.585, 0, 31.42, 1063
2026/09/28 20:23:27.588, 1, 32.86, 1063
2026/09/28 20:23:27.594, 2, 110.93, 1063
2026/09/28 20:23:27.597, 3, 29.95, 1063
2026/09/28 20:23:27.800, 0, 31.42, 1063
2026/09/28 20:23:27.803, 1, 32.86, 1063
2026/09/28 20:23:27.806, 2, 101.36, 1063
2026/09/28 20:23:27.812, 3, 29.95, 1063
2026/09/28 20:23:28.015, 0, 31.43, 1063
2026/09/28 20:23:28.018, 1, 32.62, 1063
2026/09/28 20:23:28.021, 2, 103.77, 1063
2026/09/28 20:23:28.024, 3, 29.95, 1063
2026/09/28 20:23:28.227, 0, 31.41, 1063
2026/09/28 20:23:28.232, 1, 32.62, 1063
2026/09/28 20:23:28.235, 2, 30.20, 1063
2026/09/28 20:23:28.238, 3, 105.15, 1063
2026/09/28 20:23:28.441, 0, 31.41, 1063
2026/09/28 20:23:28.444, 1, 32.62, 1063
2026/09/28 20:23:28.447, 2, 29.23, 1063
2026/09/28 20:23:28.452, 3, 111.17, 1063
2026/09/28 20:23:28.655, 0, 31.41, 1063
2026/09/28 20:23:28.658, 1, 32.62, 1063
2026/09/28 20:23:28.661, 2, 29.23, 1063
2026/09/28 20:23:28.664, 3, 106.35, 1063
2026/09/28 20:23:28.870, 0, 31.41, 1063
2026/09/28 20:23:28.873, 1, 32.60, 1063
2026/09/28 20:23:28.876, 2, 28.99, 1063
2026/09/28 20:23:28.879, 3, 117.58, 1063
2026/09/28 20:23:29.082, 0, 102.85, 1063
2026/09/28 20:23:29.085, 1, 32.60, 1063
2026/09/28 20:23:29.088, 2, 28.99, 1063
2026/09/28 20:23:29.093, 3, 32.58, 1063
2026/09/28 20:23:29.298, 0, 113.68, 1063
2026/09/28 20:23:29.301, 1, 32.62, 1063
2026/09/28 20:23:29.304, 2, 28.99, 1063
2026/09/28 20:23:29.309, 3, 30.43, 1063
2026/09/28 20:23:29.512, 0, 107.90, 1063
2026/09/28 20:23:29.516, 1, 32.62, 1063
2026/09/28 20:23:29.519, 2, 28.99, 1063
2026/09/28 20:23:29.522, 3, 30.18, 1063
2026/09/28 20:23:29.725, 0, 110.80, 1063
2026/09/28 20:23:29.728, 1, 32.62, 1063
2026/09/28 20:23:29.731, 2, 29.01, 1063
2026/09/28 20:23:29.734, 3, 30.18, 1063
2026/09/28 20:23:29.939, 0, 109.35, 1063
2026/09/28 20:23:29.942, 1, 32.62, 1063
2026/09/28 20:23:29.945, 2, 28.99, 1063
2026/09/28 20:23:29.948, 3, 30.18, 1063
2026/09/28 20:23:30.151, 0, 113.68, 1063
2026/09/28 20:23:30.161, 1, 32.60, 1063
2026/09/28 20:23:30.164, 2, 28.99, 1063
2026/09/28 20:23:30.168, 3, 29.95, 1063
2026/09/28 20:23:30.371, 0, 32.37, 1063
2026/09/28 20:23:30.378, 1, 103.04, 1063
2026/09/28 20:23:30.380, 2, 28.99, 1063
2026/09/28 20:23:30.383, 3, 29.95, 1063
2026/09/28 20:23:30.589, 0, 31.89, 1063
2026/09/28 20:23:30.593, 1, 118.38, 1063
2026/09/28 20:23:30.596, 2, 28.99, 1063
2026/09/28 20:23:30.599, 3, 29.94, 1063
2026/09/28 20:23:30.802, 0, 31.89, 1063
2026/09/28 20:23:30.805, 1, 105.70, 1063
2026/09/28 20:23:30.813, 2, 28.99, 1063
2026/09/28 20:23:30.816, 3, 29.94, 1063
2026/09/28 20:23:31.019, 0, 31.65, 1063
2026/09/28 20:23:31.022, 1, 109.06, 1063
2026/09/28 20:23:31.025, 2, 29.01, 1063
2026/09/28 20:23:31.028, 3, 29.94, 1063
2026/09/28 20:23:31.231, 0, 31.66, 1063
2026/09/28 20:23:31.234, 1, 34.07, 1063
2026/09/28 20:23:31.237, 2, 97.27, 1063
2026/09/28 20:23:31.240, 3, 29.95, 1063
2026/09/28 20:23:31.444, 0, 31.67, 1063
2026/09/28 20:23:31.446, 1, 33.10, 1063
2026/09/28 20:23:31.450, 2, 105.21, 1063
2026/09/28 20:23:31.453, 3, 29.96, 1063
2026/09/28 20:23:31.656, 0, 31.67, 1063
2026/09/28 20:23:31.659, 1, 32.86, 1063
2026/09/28 20:23:31.661, 2, 105.20, 1063
2026/09/28 20:23:31.670, 3, 29.96, 1063
2026/09/28 20:23:31.873, 0, 31.42, 1063
2026/09/28 20:23:31.876, 1, 32.86, 1063
2026/09/28 20:23:31.879, 2, 100.88, 1063
2026/09/28 20:23:31.882, 3, 29.95, 1063
2026/09/28 20:23:32.087, 0, 31.65, 1063
2026/09/28 20:23:32.090, 1, 32.62, 1063
2026/09/28 20:23:32.093, 2, 106.18, 1063
2026/09/28 20:23:32.096, 3, 29.95, 1063
2026/09/28 20:23:32.299, 0, 31.65, 1063
2026/09/28 20:23:32.302, 1, 32.60, 1063
2026/09/28 20:23:32.305, 2, 29.72, 1063
2026/09/28 20:23:32.310, 3, 108.04, 1063
2026/09/28 20:23:32.513, 0, 31.41, 1063
2026/09/28 20:23:32.516, 1, 32.60, 1063
2026/09/28 20:23:32.519, 2, 29.23, 1063
2026/09/28 20:23:32.522, 3, 106.60, 1063
2026/09/28 20:23:32.730, 0, 31.65, 1063
2026/09/28 20:23:32.733, 1, 32.60, 1063
2026/09/28 20:23:32.736, 2, 28.99, 1063
2026/09/28 20:23:32.739, 3, 118.31, 1063
2026/09/28 20:23:32.942, 0, 31.65, 1063
2026/09/28 20:23:32.945, 1, 32.62, 1063
2026/09/28 20:23:32.951, 2, 28.99, 1063
2026/09/28 20:23:32.954, 3, 106.35, 1063
2026/09/28 20:23:33.157, 0, 113.44, 1063
2026/09/28 20:23:33.160, 1, 32.60, 1063
2026/09/28 20:23:33.163, 2, 28.99, 1063
2026/09/28 20:23:33.166, 3, 30.43, 1063
2026/09/28 20:23:33.371, 0, 110.07, 1063
2026/09/28 20:23:33.374, 1, 32.60, 1063
2026/09/28 20:23:33.377, 2, 28.99, 1063
2026/09/28 20:23:33.380, 3, 30.18, 1063
2026/09/28 20:23:33.586, 0, 121.55, 1063
2026/09/28 20:23:33.590, 1, 32.60, 1063
2026/09/28 20:23:33.592, 2, 28.99, 1063
2026/09/28 20:23:33.595, 3, 30.18, 1063
2026/09/28 20:23:33.798, 0, 111.75, 1063
2026/09/28 20:23:33.801, 1, 32.60, 1063
2026/09/28 20:23:33.804, 2, 28.99, 1063
2026/09/28 20:23:33.807, 3, 29.95, 1063
2026/09/28 20:23:34.012, 0, 110.80, 1063
2026/09/28 20:23:34.015, 1, 32.60, 1063
2026/09/28 20:23:34.018, 2, 28.99, 1063
2026/09/28 20:23:34.021, 3, 30.18, 1063
2026/09/28 20:23:34.226, 0, 33.58, 1063
2026/09/28 20:23:34.229, 1, 103.29, 1063
2026/09/28 20:23:34.232, 2, 28.99, 1063
2026/09/28 20:23:34.235, 3, 29.94, 1063
2026/09/28 20:23:34.438, 0, 32.37, 1063
2026/09/28 20:23:34.441, 1, 110.50, 1063
2026/09/28 20:23:34.444, 2, 28.99, 1063
2026/09/28 20:23:34.447, 3, 29.94, 1063
2026/09/28 20:23:34.650, 0, 32.13, 1063
2026/09/28 20:23:34.653, 1, 104.01, 1063
2026/09/28 20:23:34.656, 2, 28.99, 1063
2026/09/28 20:23:34.659, 3, 29.94, 1063
2026/09/28 20:23:34.866, 0, 31.89, 1063
2026/09/28 20:23:34.869, 1, 108.35, 1063
2026/09/28 20:23:34.873, 2, 28.99, 1063
2026/09/28 20:23:34.877, 3, 29.95, 1063
2026/09/28 20:23:35.080, 0, 31.89, 1063
2026/09/28 20:23:35.085, 1, 105.70, 1063
2026/09/28 20:23:35.089, 2, 28.99, 1063
2026/09/28 20:23:35.092, 3, 29.94, 1063
2026/09/28 20:23:35.295, 0, 31.67, 1063
2026/09/28 20:23:35.298, 1, 33.35, 1063
2026/09/28 20:23:35.300, 2, 102.08, 1063
2026/09/28 20:23:35.308, 3, 29.95, 1063
2026/09/28 20:23:35.511, 0, 31.42, 1063
2026/09/28 20:23:35.514, 1, 33.10, 1063
2026/09/28 20:23:35.517, 2, 106.18, 1063
2026/09/28 20:23:35.520, 3, 29.95, 1063
2026/09/28 20:23:35.725, 0, 31.67, 1063
2026/09/28 20:23:35.728, 1, 32.86, 1063
2026/09/28 20:23:35.731, 2, 102.56, 1063
2026/09/28 20:23:35.734, 3, 29.95, 1063
2026/09/28 20:23:35.937, 0, 31.42, 1063
2026/09/28 20:23:35.940, 1, 32.86, 1063
2026/09/28 20:23:35.943, 2, 107.14, 1063
2026/09/28 20:23:35.948, 3, 29.95, 1063
2026/09/28 20:23:36.151, 0, 31.41, 1063
2026/09/28 20:23:36.154, 1, 32.86, 1063
2026/09/28 20:23:36.158, 2, 100.88, 1063
2026/09/28 20:23:36.161, 3, 29.95, 1063
2026/09/28 20:23:36.365, 0, 31.41, 1063
2026/09/28 20:23:36.368, 1, 32.86, 1063
2026/09/28 20:23:36.371, 2, 29.72, 1063
2026/09/28 20:23:36.374, 3, 108.04, 1063
2026/09/28 20:23:36.577, 0, 31.41, 1063
2026/09/28 20:23:36.580, 1, 32.60, 1063
2026/09/28 20:23:36.583, 2, 29.25, 1063
2026/09/28 20:23:36.588, 3, 106.11, 1063
2026/09/28 20:23:36.792, 0, 31.41, 1063
2026/09/28 20:23:36.795, 1, 32.60, 1063
2026/09/28 20:23:36.798, 2, 28.99, 1063
2026/09/28 20:23:36.801, 3, 111.16, 1063
2026/09/28 20:23:37.008, 0, 31.42, 1063
2026/09/28 20:23:37.011, 1, 32.62, 1063
2026/09/28 20:23:37.014, 2, 28.99, 1063
2026/09/28 20:23:37.017, 3, 106.35, 1063
2026/09/28 20:23:37.220, 0, 110.31, 1063
2026/09/28 20:23:37.228, 1, 32.60, 1063
2026/09/28 20:23:37.231, 2, 28.99, 1063
2026/09/28 20:23:37.234, 3, 30.43, 1063
2026/09/28 20:23:37.437, 0, 107.66, 1063
2026/09/28 20:23:37.440, 1, 32.62, 1063
2026/09/28 20:23:37.443, 2, 29.01, 1063
2026/09/28 20:23:37.446, 3, 30.18, 1063
2026/09/28 20:23:37.649, 0, 117.53, 1063
2026/09/28 20:23:37.652, 1, 32.60, 1063
2026/09/28 20:23:37.655, 2, 29.01, 1063
2026/09/28 20:23:37.657, 3, 30.18, 1063
2026/09/28 20:23:37.860, 0, 111.75, 1063
2026/09/28 20:23:37.868, 1, 32.62, 1063
2026/09/28 20:23:37.871, 2, 28.99, 1063
2026/09/28 20:23:37.874, 3, 29.95, 1063
2026/09/28 20:23:38.077, 0, 106.46, 1063
2026/09/28 20:23:38.080, 1, 32.60, 1063
2026/09/28 20:23:38.083, 2, 28.99, 1063
2026/09/28 20:23:38.086, 3, 29.94, 1063
2026/09/28 20:23:38.291, 0, 32.86, 1063
2026/09/28 20:23:38.294, 1, 104.26, 1063
2026/09/28 20:23:38.297, 2, 28.99, 1063
2026/09/28 20:23:38.300, 3, 29.94, 1063
2026/09/28 20:23:38.504, 0, 32.13, 1063
2026/09/28 20:23:38.509, 1, 105.27, 1063
2026/09/28 20:23:38.512, 2, 28.99, 1063
2026/09/28 20:23:38.515, 3, 29.94, 1063
2026/09/28 20:23:38.718, 0, 31.89, 1063
2026/09/28 20:23:38.721, 1, 108.10, 1063
2026/09/28 20:23:38.729, 2, 28.99, 1063
2026/09/28 20:23:38.731, 3, 29.94, 1063
2026/09/28 20:23:38.934, 0, 31.89, 1063
2026/09/28 20:23:38.937, 1, 106.43, 1063
2026/09/28 20:23:38.940, 2, 28.99, 1063
2026/09/28 20:23:38.946, 3, 29.94, 1063
2026/09/28 20:23:39.151, 0, 31.65, 1063
2026/09/28 20:23:39.154, 1, 112.18, 1063
2026/09/28 20:23:39.157, 2, 28.99, 1063
2026/09/28 20:23:39.160, 3, 29.94, 1063
2026/09/28 20:23:39.363, 0, 31.67, 1063
2026/09/28 20:23:39.366, 1, 33.35, 1063
2026/09/28 20:23:39.371, 2, 101.11, 1063
2026/09/28 20:23:39.374, 3, 29.95, 1063
2026/09/28 20:23:39.577, 0, 31.67, 1063
2026/09/28 20:23:39.580, 1, 33.10, 1063
2026/09/28 20:23:39.585, 2, 103.29, 1063
2026/09/28 20:23:39.593, 3, 29.95, 1063
2026/09/28 20:23:39.796, 0, 31.66, 1063
2026/09/28 20:23:39.799, 1, 32.86, 1063
2026/09/28 20:23:39.802, 2, 114.05, 1063
2026/09/28 20:23:39.805, 3, 29.95, 1063
2026/09/28 20:23:40.008, 0, 31.43, 1063
2026/09/28 20:23:40.011, 1, 32.86, 1063
2026/09/28 20:23:40.016, 2, 102.08, 1063
2026/09/28 20:23:40.018, 3, 29.70, 1063
2026/09/28 20:23:40.224, 0, 31.65, 1063
2026/09/28 20:23:40.227, 1, 32.84, 1063
2026/09/28 20:23:40.230, 2, 32.86, 1063
2026/09/28 20:23:40.235, 3, 105.63, 1063
2026/09/28 20:23:40.438, 0, 31.41, 1063
2026/09/28 20:23:40.444, 1, 32.60, 1063
2026/09/28 20:23:40.449, 2, 29.48, 1063
2026/09/28 20:23:40.454, 3, 114.94, 1063
2026/09/28 20:23:40.657, 0, 31.65, 1063
2026/09/28 20:23:40.660, 1, 32.60, 1063
2026/09/28 20:23:40.667, 2, 29.23, 1063
2026/09/28 20:23:40.670, 3, 106.59, 1063
2026/09/28 20:23:40.873, 0, 31.42, 1063
2026/09/28 20:23:40.876, 1, 32.62, 1063
2026/09/28 20:23:40.879, 2, 28.99, 1063
2026/09/28 20:23:40.882, 3, 120.47, 1063
2026/09/28 20:23:41.087, 0, 57.67, 1063
2026/09/28 20:23:41.090, 1, 32.60, 1063
2026/09/28 20:23:41.093, 2, 28.99, 1063
2026/09/28 20:23:41.098, 3, 34.51, 1063
2026/09/28 20:23:41.306, 0, 123.07, 1063
2026/09/28 20:23:41.309, 1, 32.60, 1063
2026/09/28 20:23:41.312, 2, 28.99, 1063
2026/09/28 20:23:41.315, 3, 30.43, 1063
2026/09/28 20:23:41.518, 0, 113.44, 1063
2026/09/28 20:23:41.527, 1, 32.60, 1063
2026/09/28 20:23:41.530, 2, 28.99, 1063
2026/09/28 20:23:41.533, 3, 30.18, 1063
2026/09/28 20:23:41.736, 0, 108.87, 1063
2026/09/28 20:23:41.739, 1, 32.60, 1063
2026/09/28 20:23:41.744, 2, 29.01, 1063
2026/09/28 20:23:41.749, 3, 29.95, 1063
2026/09/28 20:23:41.952, 0, 114.83, 1063
2026/09/28 20:23:41.955, 1, 32.62, 1063
2026/09/28 20:23:41.959, 2, 29.01, 1063
2026/09/28 20:23:41.962, 3, 30.18, 1063
2026/09/28 20:23:42.165, 0, 110.55, 1063
2026/09/28 20:23:42.168, 1, 32.60, 1063
2026/09/28 20:23:42.171, 2, 29.01, 1063
2026/09/28 20:23:42.173, 3, 29.95, 1063
2026/09/28 20:23:42.376, 0, 32.86, 1063
2026/09/28 20:23:42.380, 1, 104.79, 1063
2026/09/28 20:23:42.387, 2, 28.99, 1063
2026/09/28 20:23:42.390, 3, 29.94, 1063
2026/09/28 20:23:42.595, 0, 32.37, 1063
2026/09/28 20:23:42.598, 1, 107.86, 1063
2026/09/28 20:23:42.605, 2, 28.99, 1063
2026/09/28 20:23:42.608, 3, 29.94, 1063
2026/09/28 20:23:42.811, 0, 31.89, 1063
2026/09/28 20:23:42.814, 1, 106.24, 1063
2026/09/28 20:23:42.817, 2, 29.01, 1063
2026/09/28 20:23:42.820, 3, 29.94, 1063
2026/09/28 20:23:43.023, 0, 31.89, 1063
2026/09/28 20:23:43.028, 1, 114.83, 1063
2026/09/28 20:23:43.031, 2, 28.99, 1063
2026/09/28 20:23:43.034, 3, 29.94, 1063
2026/09/28 20:23:43.237, 0, 31.65, 1063
2026/09/28 20:23:43.243, 1, 107.62, 1063
2026/09/28 20:23:43.248, 2, 28.99, 1063
2026/09/28 20:23:43.251, 3, 29.94, 1063
2026/09/28 20:23:43.455, 0, 31.67, 1063
2026/09/28 20:23:43.458, 1, 33.83, 1063
2026/09/28 20:23:43.460, 2, 97.50, 1063
2026/09/28 20:23:43.463, 3, 29.95, 1063
2026/09/28 20:23:43.666, 0, 31.67, 1063
2026/09/28 20:23:43.669, 1, 33.10, 1063
2026/09/28 20:23:43.672, 2, 112.12, 1063
2026/09/28 20:23:43.675, 3, 29.95, 1063
2026/09/28 20:23:43.878, 0, 31.67, 1063
2026/09/28 20:23:43.882, 1, 32.86, 1063
2026/09/28 20:23:43.888, 2, 101.12, 1063
2026/09/28 20:23:43.891, 3, 29.95, 1063
2026/09/28 20:23:44.095, 0, 31.67, 1063
2026/09/28 20:23:44.098, 1, 32.86, 1063
2026/09/28 20:23:44.103, 2, 109.48, 1063
2026/09/28 20:23:44.106, 3, 29.95, 1063
2026/09/28 20:23:44.309, 0, 31.67, 1063
2026/09/28 20:23:44.312, 1, 32.86, 1063
2026/09/28 20:23:44.315, 2, 103.04, 1063
2026/09/28 20:23:44.320, 3, 29.95, 1063
2026/09/28 20:23:44.523, 0, 31.67, 1063
2026/09/28 20:23:44.526, 1, 32.62, 1063
2026/09/28 20:23:44.531, 2, 30.20, 1063
2026/09/28 20:23:44.534, 3, 111.64, 1063
2026/09/28 20:23:44.737, 0, 31.41, 1063
2026/09/28 20:23:44.741, 1, 32.60, 1063
2026/09/28 20:23:44.745, 2, 29.23, 1063
2026/09/28 20:23:44.747, 3, 108.76, 1063
2026/09/28 20:23:44.950, 0, 31.41, 1063
2026/09/28 20:23:44.953, 1, 32.60, 1063
2026/09/28 20:23:44.956, 2, 29.23, 1063
2026/09/28 20:23:44.960, 3, 106.11, 1063
2026/09/28 20:23:45.165, 0, 31.41, 1063
2026/09/28 20:23:45.168, 1, 32.60, 1063
2026/09/28 20:23:45.174, 2, 28.99, 1063
2026/09/28 20:23:45.180, 3, 114.70, 1063
2026/09/28 20:23:45.386, 0, 86.58, 1063
2026/09/28 20:23:45.389, 1, 32.85, 1063
2026/09/28 20:23:45.392, 2, 29.01, 1063
2026/09/28 20:23:45.396, 3, 34.05, 1063
2026/09/28 20:23:45.599, 0, 113.20, 1063
2026/09/28 20:23:45.604, 1, 32.62, 1063
2026/09/28 20:23:45.607, 2, 28.99, 1063
2026/09/28 20:23:45.610, 3, 30.43, 1063
2026/09/28 20:23:45.813, 0, 107.90, 1063
2026/09/28 20:23:45.816, 1, 32.60, 1063
2026/09/28 20:23:45.819, 2, 28.99, 1063
2026/09/28 20:23:45.822, 3, 30.18, 1063
2026/09/28 20:23:46.027, 0, 110.31, 1063
2026/09/28 20:23:46.030, 1, 32.60, 1063
2026/09/28 20:23:46.033, 2, 28.99, 1063
2026/09/28 20:23:46.036, 3, 30.18, 1063
2026/09/28 20:23:46.242, 0, 120.11, 1063
2026/09/28 20:23:46.246, 1, 32.60, 1063
2026/09/28 20:23:46.249, 2, 28.99, 1063
2026/09/28 20:23:46.252, 3, 29.94, 1063
2026/09/28 20:23:46.455, 0, 109.59, 1063
2026/09/28 20:23:46.464, 1, 32.60, 1063
2026/09/28 20:23:46.467, 2, 28.99, 1063
2026/09/28 20:23:46.469, 3, 29.94, 1063
2026/09/28 20:23:46.672, 0, 32.37, 1063
2026/09/28 20:23:46.676, 1, 102.56, 1063
2026/09/28 20:23:46.683, 2, 28.99, 1063
2026/09/28 20:23:46.686, 3, 29.94, 1063
2026/09/28 20:23:46.889, 0, 32.13, 1063
2026/09/28 20:23:46.892, 1, 110.50, 1063
2026/09/28 20:23:46.895, 2, 28.99, 1063
2026/09/28 20:23:46.899, 3, 29.94, 1063
2026/09/28 20:23:47.103, 0, 31.89, 1063
2026/09/28 20:23:47.106, 1, 110.74, 1063
2026/09/28 20:23:47.109, 2, 28.99, 1063
2026/09/28 20:23:47.112, 3, 29.94, 1063
2026/09/28 20:23:47.315, 0, 31.89, 1063
2026/09/28 20:23:47.320, 1, 105.51, 1063
2026/09/28 20:23:47.325, 2, 28.99, 1063
2026/09/28 20:23:47.328, 3, 29.95, 1063
2026/09/28 20:23:47.531, 0, 31.67, 1063
2026/09/28 20:23:47.534, 1, 44.67, 1063
2026/09/28 20:23:47.537, 2, 95.15, 1063
2026/09/28 20:23:47.540, 3, 29.95, 1063
2026/09/28 20:23:47.745, 0, 31.67, 1063
2026/09/28 20:23:47.748, 1, 33.10, 1063
2026/09/28 20:23:47.751, 2, 102.32, 1063
2026/09/28 20:23:47.754, 3, 29.95, 1063
2026/09/28 20:23:47.957, 0, 31.91, 1063
2026/09/28 20:23:47.962, 1, 32.86, 1063
2026/09/28 20:23:47.964, 2, 114.29, 1063
2026/09/28 20:23:47.967, 3, 29.95, 1063
2026/09/28 20:23:48.170, 0, 31.43, 1063
2026/09/28 20:23:48.174, 1, 32.86, 1063
2026/09/28 20:23:48.177, 2, 100.88, 1063
2026/09/28 20:23:48.182, 3, 29.95, 1063
2026/09/28 20:23:48.388, 0, 31.43, 1063
2026/09/28 20:23:48.391, 1, 32.86, 1063
2026/09/28 20:23:48.394, 2, 102.81, 1063
2026/09/28 20:23:48.401, 3, 29.95, 1063
2026/09/28 20:23:48.605, 0, 31.41, 1063
2026/09/28 20:23:48.608, 1, 32.84, 1063
2026/09/28 20:23:48.611, 2, 30.20, 1063
2026/09/28 20:23:48.614, 3, 106.83, 1063
2026/09/28 20:23:48.817, 0, 31.65, 1063
2026/09/28 20:23:48.820, 1, 32.60, 1063
2026/09/28 20:23:48.823, 2, 29.23, 1063
2026/09/28 20:23:48.826, 3, 110.93, 1063
2026/09/28 20:23:49.034, 0, 31.41, 1063
2026/09/28 20:23:49.039, 1, 32.62, 1063
2026/09/28 20:23:49.043, 2, 29.23, 1063
2026/09/28 20:23:49.046, 3, 108.52, 1063
2026/09/28 20:23:49.254, 0, 31.41, 1063
2026/09/28 20:23:49.259, 1, 32.60, 1063
2026/09/28 20:23:49.263, 2, 29.23, 1063
2026/09/28 20:23:49.266, 3, 112.84, 1063
2026/09/28 20:23:49.469, 0, 88.74, 1063
2026/09/28 20:23:49.472, 1, 32.86, 1063
2026/09/28 20:23:49.475, 2, 28.99, 1063
2026/09/28 20:23:49.480, 3, 32.36, 1063
2026/09/28 20:23:49.683, 0, 31.67, 1063
2026/09/28 20:23:49.686, 1, 49.99, 1063
2026/09/28 20:23:49.689, 2, 74.96, 1063
2026/09/28 20:23:49.692, 3, 30.43, 1063
2026/09/28 20:23:49.896, 0, 31.67, 1063
2026/09/28 20:23:49.899, 1, 32.86, 1063
2026/09/28 20:23:49.903, 2, 29.72, 1063
2026/09/28 20:23:49.906, 3, 59.09, 1063
2026/09/28 20:23:50.108, 0, 110.31, 1063
2026/09/28 20:23:50.112, 1, 32.84, 1063
2026/09/28 20:23:50.115, 2, 28.99, 1063
2026/09/28 20:23:50.118, 3, 30.18, 1063
2026/09/28 20:23:50.323, 0, 109.83, 1063
2026/09/28 20:23:50.326, 1, 32.85, 1063
2026/09/28 20:23:50.329, 2, 28.99, 1063
2026/09/28 20:23:50.332, 3, 30.18, 1063
2026/09/28 20:23:50.535, 0, 120.59, 1063
2026/09/28 20:23:50.543, 1, 32.60, 1063
2026/09/28 20:23:50.546, 2, 28.99, 1063
2026/09/28 20:23:50.549, 3, 30.18, 1063
2026/09/28 20:23:50.752, 0, 115.12, 1063
2026/09/28 20:23:50.755, 1, 32.60, 1063
2026/09/28 20:23:50.758, 2, 28.99, 1063
2026/09/28 20:23:50.761, 3, 29.95, 1063
2026/09/28 20:23:50.966, 0, 108.87, 1063
2026/09/28 20:23:50.969, 1, 32.62, 1063
2026/09/28 20:23:50.972, 2, 28.99, 1063
2026/09/28 20:23:50.977, 3, 29.94, 1063
2026/09/28 20:23:51.180, 0, 38.90, 1063
2026/09/28 20:23:51.184, 1, 104.24, 1063
2026/09/28 20:23:51.187, 2, 28.99, 1063
2026/09/28 20:23:51.190, 3, 29.94, 1063
2026/09/28 20:23:51.393, 0, 32.37, 1063
2026/09/28 20:23:51.396, 1, 109.30, 1063
2026/09/28 20:23:51.403, 2, 28.99, 1063
2026/09/28 20:23:51.406, 3, 29.70, 1063
2026/09/28 20:23:51.609, 0, 32.13, 1063
2026/09/28 20:23:51.612, 1, 105.46, 1063
2026/09/28 20:23:51.615, 2, 28.99, 1063
2026/09/28 20:23:51.617, 3, 29.95, 1063
2026/09/28 20:23:51.820, 0, 31.89, 1063
2026/09/28 20:23:51.825, 1, 117.65, 1063
2026/09/28 20:23:51.828, 2, 28.99, 1063
2026/09/28 20:23:51.831, 3, 29.94, 1063
2026/09/28 20:23:52.034, 0, 31.65, 1063
2026/09/28 20:23:52.037, 1, 106.22, 1063
2026/09/28 20:23:52.042, 2, 28.99, 1063
2026/09/28 20:23:52.045, 3, 29.95, 1063
2026/09/28 20:23:52.248, 0, 31.67, 1063
2026/09/28 20:23:52.251, 1, 33.59, 1063
2026/09/28 20:23:52.257, 2, 109.24, 1063
2026/09/28 20:23:52.262, 3, 29.95, 1063
2026/09/28 20:23:52.465, 0, 31.67, 1063
2026/09/28 20:23:52.468, 1, 33.35, 1063
2026/09/28 20:23:52.471, 2, 103.53, 1063
2026/09/28 20:23:52.479, 3, 29.95, 1063
2026/09/28 20:23:52.682, 0, 31.66, 1063
2026/09/28 20:23:52.685, 1, 33.10, 1063
2026/09/28 20:23:52.688, 2, 95.39, 1063
2026/09/28 20:23:52.691, 3, 29.95, 1063
2026/09/28 20:23:52.897, 0, 31.65, 1063
2026/09/28 20:23:52.900, 1, 32.86, 1063
2026/09/28 20:23:52.903, 2, 106.60, 1063
2026/09/28 20:23:52.906, 3, 29.95, 1063
2026/09/28 20:23:53.109, 0, 31.65, 1063
2026/09/28 20:23:53.112, 1, 32.85, 1063
2026/09/28 20:23:53.115, 2, 105.69, 1063
2026/09/28 20:23:53.120, 3, 29.95, 1063
2026/09/28 20:23:53.323, 0, 31.67, 1063
2026/09/28 20:23:53.326, 1, 32.84, 1063
2026/09/28 20:23:53.329, 2, 29.72, 1063
2026/09/28 20:23:53.332, 3, 101.36, 1063
2026/09/28 20:23:53.540, 0, 31.65, 1063
2026/09/28 20:23:53.543, 1, 32.85, 1063
2026/09/28 20:23:53.546, 2, 29.48, 1063
2026/09/28 20:23:53.548, 3, 108.51, 1063
2026/09/28 20:23:53.751, 0, 31.65, 1063
2026/09/28 20:23:53.754, 1, 32.84, 1063
2026/09/28 20:23:53.763, 2, 29.23, 1063
2026/09/28 20:23:53.766, 3, 111.64, 1063
2026/09/28 20:23:53.969, 0, 31.65, 1063
2026/09/28 20:23:53.974, 1, 32.84, 1063
2026/09/28 20:23:53.980, 2, 28.99, 1063
2026/09/28 20:23:53.985, 3, 106.11, 1063
2026/09/28 20:23:54.188, 0, 56.47, 1063
2026/09/28 20:23:54.191, 1, 66.60, 1063
2026/09/28 20:23:54.194, 2, 28.99, 1063
2026/09/28 20:23:54.197, 3, 30.43, 1063
2026/09/28 20:23:54.400, 0, 31.67, 1063
2026/09/28 20:23:54.403, 1, 32.64, 1063
2026/09/28 20:23:54.406, 2, 29.50, 1063
2026/09/28 20:23:54.409, 3, 30.20, 1063
2026/09/28 20:23:54.612, 0, 31.67, 1063
2026/09/28 20:23:54.615, 1, 32.64, 1063
2026/09/28 20:23:54.620, 2, 29.01, 1063
2026/09/28 20:23:54.623, 3, 30.20, 1063
2026/09/28 20:23:54.826, 0, 33.36, 1063
2026/09/28 20:23:54.829, 1, 34.32, 1063
2026/09/28 20:23:54.832, 2, 30.46, 1063
2026/09/28 20:23:54.835, 3, 31.41, 1063
2026/09/28 20:23:55.038, 0, 33.36, 1063
2026/09/28 20:23:55.041, 1, 34.31, 1063
2026/09/28 20:23:55.044, 2, 30.70, 1063
2026/09/28 20:23:55.046, 3, 31.89, 1063
2026/09/28 20:23:55.249, 0, 33.36, 1063
2026/09/28 20:23:55.255, 1, 34.56, 1063
2026/09/28 20:23:55.260, 2, 30.69, 1063
2026/09/28 20:23:55.263, 3, 31.89, 1063
2026/09/28 20:23:55.466, 0, 32.15, 1063
2026/09/28 20:23:55.502, 1, 32.87, 1063
2026/09/28 20:23:55.505, 2, 29.01, 1063
2026/09/28 20:23:55.508, 3, 29.97, 1063
2026/09/28 20:23:55.711, 0, 31.45, 1063
2026/09/28 20:23:55.715, 1, 32.64, 1063
2026/09/28 20:23:55.719, 2, 29.01, 1063
2026/09/28 20:23:55.722, 3, 29.97, 1063
2026/09/28 20:23:55.925, 0, 31.43, 1063
2026/09/28 20:23:55.929, 1, 32.64, 1063
2026/09/28 20:23:55.931, 2, 28.77, 1063
2026/09/28 20:23:55.934, 3, 29.96, 1063
2026/09/28 20:23:56.137, 0, 31.43, 1063
2026/09/28 20:23:56.174, 1, 32.62, 1063
2026/09/28 20:23:56.179, 2, 28.77, 1063
2026/09/28 20:23:56.183, 3, 29.96, 1063
2026/09/28 20:23:56.386, 0, 31.43, 1063
2026/09/28 20:23:56.415, 1, 32.64, 1063
2026/09/28 20:23:56.419, 2, 29.01, 1063
2026/09/28 20:23:56.422, 3, 29.97, 1063
2026/09/28 20:23:56.626, 0, 31.43, 1063
2026/09/28 20:23:56.648, 1, 32.64, 1063
2026/09/28 20:23:56.652, 2, 28.77, 1063
2026/09/28 20:23:56.655, 3, 29.96, 1063
2026/09/28 20:23:56.858, 0, 31.43, 1063
2026/09/28 20:23:56.886, 1, 32.64, 1063
2026/09/28 20:23:56.889, 2, 28.77, 1063
2026/09/28 20:23:56.893, 3, 29.96, 1063
2026/09/28 20:23:57.096, 0, 31.43, 1063
2026/09/28 20:23:57.099, 1, 32.62, 1063
2026/09/28 20:23:57.102, 2, 28.77, 1063
2026/09/28 20:23:57.106, 3, 29.96, 1063
2026/09/28 20:23:57.309, 0, 31.43, 1063
2026/09/28 20:23:57.314, 1, 32.64, 1063
2026/09/28 20:23:57.319, 2, 28.77, 1063
2026/09/28 20:23:57.322, 3, 29.96, 1063
2026/09/28 20:23:57.525, 0, 31.43, 1063
2026/09/28 20:23:57.528, 1, 32.64, 1063
2026/09/28 20:23:57.531, 2, 28.77, 1063
2026/09/28 20:23:57.533, 3, 29.97, 1063
2026/09/28 20:23:57.736, 0, 31.43, 1063
2026/09/28 20:23:57.739, 1, 32.40, 1063
2026/09/28 20:23:57.742, 2, 28.77, 1063
2026/09/28 20:23:57.745, 3, 29.96, 1063
2026/09/28 20:23:57.948, 0, 31.43, 1063
2026/09/28 20:23:57.953, 1, 32.64, 1063
2026/09/28 20:23:57.958, 2, 28.77, 1063
2026/09/28 20:23:57.961, 3, 29.97, 1063
2026/09/28 20:23:58.164, 0, 31.43, 1063
2026/09/28 20:23:58.167, 1, 32.38, 1063
2026/09/28 20:23:58.170, 2, 28.77, 1063
2026/09/28 20:23:58.173, 3, 29.96, 1063
2026/09/28 20:23:58.376, 0, 31.43, 1063
2026/09/28 20:23:58.379, 1, 32.64, 1063
2026/09/28 20:23:58.382, 2, 28.77, 1063
2026/09/28 20:23:58.385, 3, 29.97, 1063
2026/09/28 20:23:58.588, 0, 31.43, 1063
2026/09/28 20:23:58.593, 1, 32.64, 1063
2026/09/28 20:23:58.598, 2, 28.77, 1063
2026/09/28 20:23:58.601, 3, 29.97, 1063
2026/09/28 20:23:58.804, 0, 31.43, 1063
2026/09/28 20:23:58.807, 1, 32.62, 1063
2026/09/28 20:23:58.810, 2, 28.77, 1063
2026/09/28 20:23:58.812, 3, 29.97, 1063
2026/09/28 20:23:59.015, 0, 31.43, 1063
2026/09/28 20:23:59.018, 1, 32.40, 1063
2026/09/28 20:23:59.021, 2, 28.77, 1063
2026/09/28 20:23:59.024, 3, 29.97, 1063
2026/09/28 20:23:59.227, 0, 31.43, 1063
2026/09/28 20:23:59.233, 1, 32.62, 1063
2026/09/28 20:23:59.237, 2, 28.77, 1063
2026/09/28 20:23:59.240, 3, 29.97, 1063
2026/09/28 20:23:59.444, 0, 31.43, 1063
2026/09/28 20:23:59.447, 1, 32.38, 1063
2026/09/28 20:23:59.449, 2, 28.77, 1063
2026/09/28 20:23:59.452, 3, 29.97, 1063
2026/09/28 20:23:59.655, 0, 32.40, 1063
2026/09/28 20:23:59.658, 1, 32.62, 1063
2026/09/28 20:23:59.661, 2, 28.77, 1063
2026/09/28 20:23:59.664, 3, 29.97, 1063
2026/09/28 20:23:59.867, 0, 32.64, 1063
2026/09/28 20:23:59.873, 1, 32.62, 1063
2026/09/28 20:23:59.877, 2, 28.77, 1063
2026/09/28 20:23:59.880, 3, 29.96, 1063
2026/09/28 20:24:00.083, 0, 32.40, 1063
2026/09/28 20:24:00.086, 1, 32.62, 1063
2026/09/28 20:24:00.090, 2, 28.77, 1063
2026/09/28 20:24:00.093, 3, 29.72, 1063
2026/09/28 20:24:00.296, 0, 32.40, 1063
2026/09/28 20:24:00.299, 1, 32.38, 1063
2026/09/28 20:24:00.301, 2, 28.77, 1063
2026/09/28 20:24:00.304, 3, 29.96, 1063
2026/09/28 20:24:00.507, 0, 32.15, 1063
2026/09/28 20:24:00.513, 1, 32.38, 1063
2026/09/28 20:24:00.517, 2, 28.77, 1063
2026/09/28 20:24:00.520, 3, 29.72, 1063
2026/09/28 20:24:00.723, 0, 32.15, 1063
2026/09/28 20:24:00.726, 1, 32.62, 1063
2026/09/28 20:24:00.729, 2, 28.77, 1063
2026/09/28 20:24:00.733, 3, 29.96, 1063
2026/09/28 20:24:00.936, 0, 32.15, 1063
2026/09/28 20:24:00.939, 1, 32.64, 1063
2026/09/28 20:24:00.942, 2, 28.77, 1063
2026/09/28 20:24:00.945, 3, 29.72, 1063
2026/09/28 20:24:01.148, 0, 32.15, 1063
2026/09/28 20:24:01.152, 1, 32.62, 1063
2026/09/28 20:24:01.157, 2, 28.77, 1063
2026/09/28 20:24:01.159, 3, 29.48, 1063
2026/09/28 20:24:01.362, 0, 32.15, 1063
2026/09/28 20:24:01.365, 1, 32.38, 1063
2026/09/28 20:24:01.368, 2, 28.77, 1063
2026/09/28 20:24:01.371, 3, 29.72, 1063
2026/09/28 20:24:01.574, 0, 32.15, 1063
2026/09/28 20:24:01.577, 1, 32.40, 1063
2026/09/28 20:24:01.580, 2, 28.77, 1063
2026/09/28 20:24:01.583, 3, 29.96, 1063
2026/09/28 20:24:01.786, 0, 32.15, 1063
2026/09/28 20:24:01.792, 1, 32.64, 1063
2026/09/28 20:24:01.796, 2, 28.77, 1063
2026/09/28 20:24:01.799, 3, 29.48, 1063
2026/09/28 20:24:02.002, 0, 32.40, 1063
2026/09/28 20:24:02.005, 1, 32.62, 1063
2026/09/28 20:24:02.008, 2, 28.77, 1063
2026/09/28 20:24:02.011, 3, 29.72, 1063
2026/09/28 20:24:02.214, 0, 31.43, 1063
2026/09/28 20:24:02.217, 1, 33.35, 1063
2026/09/28 20:24:02.220, 2, 28.77, 1063
2026/09/28 20:24:02.223, 3, 29.72, 1063
2026/09/28 20:24:02.426, 0, 31.43, 1063
2026/09/28 20:24:02.432, 1, 33.35, 1063
2026/09/28 20:24:02.436, 2, 28.77, 1063
2026/09/28 20:24:02.440, 3, 29.96, 1063
2026/09/28 20:24:02.643, 0, 31.43, 1063
2026/09/28 20:24:02.646, 1, 33.36, 1063
2026/09/28 20:24:02.649, 2, 28.77, 1063
2026/09/28 20:24:02.652, 3, 29.96, 1063
2026/09/28 20:24:02.855, 0, 31.43, 1063
2026/09/28 20:24:02.858, 1, 33.35, 1063
2026/09/28 20:24:02.861, 2, 28.77, 1063
2026/09/28 20:24:02.864, 3, 29.96, 1063
2026/09/28 20:24:03.067, 0, 31.43, 1063
2026/09/28 20:24:03.072, 1, 33.35, 1063
2026/09/28 20:24:03.076, 2, 28.77, 1063
2026/09/28 20:24:03.079, 3, 29.72, 1063
2026/09/28 20:24:03.282, 0, 31.43, 1063
2026/09/28 20:24:03.284, 1, 33.35, 1063
2026/09/28 20:24:03.288, 2, 28.77, 1063
2026/09/28 20:24:03.291, 3, 29.96, 1063
2026/09/28 20:24:03.494, 0, 31.43, 1063
2026/09/28 20:24:03.496, 1, 33.35, 1063
2026/09/28 20:24:03.499, 2, 28.77, 1063
2026/09/28 20:24:03.504, 3, 29.72, 1063
2026/09/28 20:24:03.707, 0, 31.43, 1063
2026/09/28 20:24:03.711, 1, 33.35, 1063
2026/09/28 20:24:03.715, 2, 28.77, 1063
2026/09/28 20:24:03.718, 3, 29.72, 1063
2026/09/28 20:24:03.921, 0, 31.43, 1063
2026/09/28 20:24:03.924, 1, 33.59, 1063
2026/09/28 20:24:03.927, 2, 28.77, 1063
2026/09/28 20:24:03.930, 3, 29.72, 1063
2026/09/28 20:24:04.133, 0, 31.43, 1063
2026/09/28 20:24:04.136, 1, 33.35, 1063
2026/09/28 20:24:04.139, 2, 28.77, 1063
2026/09/28 20:24:04.142, 3, 29.72, 1063
2026/09/28 20:24:04.345, 0, 31.43, 1063
2026/09/28 20:24:04.351, 1, 33.59, 1063
2026/09/28 20:24:04.355, 2, 28.77, 1063
2026/09/28 20:24:04.357, 3, 29.72, 1063
2026/09/28 20:24:04.561, 0, 31.43, 1063
2026/09/28 20:24:04.564, 1, 32.62, 1063
2026/09/28 20:24:04.567, 2, 29.98, 1063
2026/09/28 20:24:04.570, 3, 29.72, 1063
2026/09/28 20:24:04.773, 0, 31.43, 1063
2026/09/28 20:24:04.776, 1, 32.62, 1063
2026/09/28 20:24:04.779, 2, 29.96, 1063
2026/09/28 20:24:04.782, 3, 29.72, 1063
2026/09/28 20:24:04.985, 0, 31.43, 1063
2026/09/28 20:24:04.990, 1, 32.38, 1063
2026/09/28 20:24:04.994, 2, 29.98, 1063
2026/09/28 20:24:04.997, 3, 29.96, 1063
2026/09/28 20:24:05.200, 0, 31.43, 1063
2026/09/28 20:24:05.203, 1, 32.38, 1063
2026/09/28 20:24:05.206, 2, 29.98, 1063
2026/09/28 20:24:05.209, 3, 29.72, 1063
2026/09/28 20:24:05.413, 0, 31.43, 1063
2026/09/28 20:24:05.416, 1, 32.40, 1063
2026/09/28 20:24:05.419, 2, 29.98, 1063
2026/09/28 20:24:05.422, 3, 29.72, 1063
2026/09/28 20:24:05.625, 0, 31.43, 1063
2026/09/28 20:24:05.630, 1, 32.38, 1063
2026/09/28 20:24:05.633, 2, 29.98, 1063
2026/09/28 20:24:05.636, 3, 29.48, 1063
2026/09/28 20:24:05.839, 0, 31.43, 1063
2026/09/28 20:24:05.842, 1, 32.62, 1063
2026/09/28 20:24:05.845, 2, 29.74, 1063
2026/09/28 20:24:05.848, 3, 29.72, 1063
2026/09/28 20:24:06.052, 0, 31.43, 1063
2026/09/28 20:24:06.055, 1, 32.62, 1063
2026/09/28 20:24:06.058, 2, 29.74, 1063
2026/09/28 20:24:06.061, 3, 29.48, 1063
2026/09/28 20:24:06.265, 0, 31.43, 1063
2026/09/28 20:24:06.270, 1, 32.38, 1063
2026/09/28 20:24:06.273, 2, 29.98, 1063
2026/09/28 20:24:06.276, 3, 29.70, 1063
2026/09/28 20:24:06.479, 0, 31.43, 1063
2026/09/28 20:24:06.482, 1, 32.38, 1063
2026/09/28 20:24:06.485, 2, 28.77, 1063
2026/09/28 20:24:06.488, 3, 30.67, 1063
2026/09/28 20:24:06.692, 0, 31.43, 1063
2026/09/28 20:24:06.695, 1, 32.64, 1063
2026/09/28 20:24:06.702, 2, 28.77, 1063
2026/09/28 20:24:06.706, 3, 30.93, 1063
2026/09/28 20:24:06.912, 0, 31.43, 1063
2026/09/28 20:24:06.915, 1, 32.62, 1063
2026/09/28 20:24:06.918, 2, 28.77, 1063
2026/09/28 20:24:06.921, 3, 30.93, 1063
2026/09/28 20:24:07.124, 0, 31.43, 1063
2026/09/28 20:24:07.129, 1, 32.62, 1063
2026/09/28 20:24:07.132, 2, 28.77, 1063
2026/09/28 20:24:07.135, 3, 30.69, 1063
2026/09/28 20:24:07.338, 0, 31.43, 1063
2026/09/28 20:24:07.341, 1, 32.62, 1063
2026/09/28 20:24:07.344, 2, 28.77, 1063
2026/09/28 20:24:07.347, 3, 30.69, 1063
2026/09/28 20:24:07.552, 0, 31.43, 1063
2026/09/28 20:24:07.555, 1, 32.38, 1063
2026/09/28 20:24:07.557, 2, 28.77, 1063
2026/09/28 20:24:07.560, 3, 30.67, 1063
2026/09/28 20:24:07.763, 0, 31.19, 1063
2026/09/28 20:24:07.769, 1, 32.38, 1063
2026/09/28 20:24:07.772, 2, 28.77, 1063
2026/09/28 20:24:07.775, 3, 30.69, 1063
2026/09/28 20:24:07.978, 0, 31.43, 1063
2026/09/28 20:24:07.981, 1, 32.38, 1063
2026/09/28 20:24:07.984, 2, 28.77, 1063
2026/09/28 20:24:07.987, 3, 30.69, 1063
2026/09/28 20:24:08.191, 0, 31.19, 1063
2026/09/28 20:24:08.194, 1, 32.62, 1063
2026/09/28 20:24:08.197, 2, 28.77, 1063
2026/09/28 20:24:08.200, 3, 30.93, 1063
2026/09/28 20:24:08.403, 0, 31.19, 1063
2026/09/28 20:24:08.408, 1, 32.64, 1063
2026/09/28 20:24:08.411, 2, 28.77, 1063
2026/09/28 20:24:08.414, 3, 29.72, 1063
2026/09/28 20:24:08.617, 0, 31.43, 1063
2026/09/28 20:24:08.620, 1, 32.40, 1063
2026/09/28 20:24:08.623, 2, 28.77, 1063
2026/09/28 20:24:08.626, 3, 29.72, 1063
2026/09/28 20:24:08.831, 0, 31.19, 1063
2026/09/28 20:24:08.834, 1, 32.64, 1063
2026/09/28 20:24:08.837, 2, 28.77, 1063
2026/09/28 20:24:08.840, 3, 29.48, 1063
2026/09/28 20:24:09.043, 0, 31.19, 1063
2026/09/28 20:24:09.048, 1, 32.40, 1063
2026/09/28 20:24:09.051, 2, 28.77, 1063
2026/09/28 20:24:09.054, 3, 29.72, 1063
2026/09/28 20:24:09.257, 0, 100.97, 1063
2026/09/28 20:24:09.260, 1, 32.38, 1063
2026/09/28 20:24:09.263, 2, 29.01, 1063
2026/09/28 20:24:09.268, 3, 29.70, 1063
2026/09/28 20:24:09.472, 0, 105.98, 1063
2026/09/28 20:24:09.475, 1, 32.62, 1063
2026/09/28 20:24:09.478, 2, 28.75, 1063
2026/09/28 20:24:09.481, 3, 29.95, 1063
2026/09/28 20:24:09.684, 0, 31.65, 1063
2026/09/28 20:24:09.687, 1, 106.18, 1063
2026/09/28 20:24:09.693, 2, 28.99, 1063
2026/09/28 20:24:09.696, 3, 29.70, 1063
2026/09/28 20:24:09.899, 0, 31.67, 1063
2026/09/28 20:24:09.902, 1, 32.86, 1063
2026/09/28 20:24:09.905, 2, 100.63, 1063
2026/09/28 20:24:09.908, 3, 29.70, 1063
2026/09/28 20:24:10.111, 0, 32.13, 1063
2026/09/28 20:24:10.114, 1, 33.08, 1063
2026/09/28 20:24:10.117, 2, 29.96, 1063
2026/09/28 20:24:10.120, 3, 104.17, 1063
2026/09/28 20:24:10.323, 0, 31.43, 1063
2026/09/28 20:24:10.327, 1, 32.62, 1063
2026/09/28 20:24:10.331, 2, 29.01, 1063
2026/09/28 20:24:10.333, 3, 30.93, 1063
2026/09/28 20:24:10.539, 0, 31.43, 1063
2026/09/28 20:24:10.542, 1, 32.62, 1063
2026/09/28 20:24:10.545, 2, 29.01, 1063
2026/09/28 20:24:10.548, 3, 29.72, 1063
2026/09/28 20:24:10.751, 0, 31.43, 1063
2026/09/28 20:24:10.754, 1, 32.62, 1063
2026/09/28 20:24:10.757, 2, 28.77, 1063
2026/09/28 20:24:10.759, 3, 29.96, 1063
2026/09/28 20:24:10.962, 0, 31.43, 1063
2026/09/28 20:24:10.967, 1, 32.38, 1063
2026/09/28 20:24:10.971, 2, 28.77, 1063
2026/09/28 20:24:10.973, 3, 29.72, 1063
2026/09/28 20:24:11.179, 0, 31.19, 1063
2026/09/28 20:24:11.182, 1, 32.62, 1063
2026/09/28 20:24:11.185, 2, 28.77, 1063
2026/09/28 20:24:11.188, 3, 29.72, 1063
2026/09/28 20:24:11.391, 0, 31.45, 1063
2026/09/28 20:24:11.394, 1, 32.38, 1063
2026/09/28 20:24:11.397, 2, 28.77, 1063
2026/09/28 20:24:11.400, 3, 29.97, 1063
2026/09/28 20:24:11.603, 0, 31.20, 1063
2026/09/28 20:24:11.606, 1, 32.64, 1063
2026/09/28 20:24:11.611, 2, 28.77, 1063
2026/09/28 20:24:11.614, 3, 29.72, 1063
2026/09/28 20:24:11.817, 0, 31.43, 1063
2026/09/28 20:24:11.820, 1, 32.64, 1063
2026/09/28 20:24:11.823, 2, 28.77, 1063
2026/09/28 20:24:11.826, 3, 29.72, 1063
2026/09/28 20:24:12.029, 0, 31.19, 1063
2026/09/28 20:24:12.032, 1, 32.40, 1063
2026/09/28 20:24:12.035, 2, 28.77, 1063
2026/09/28 20:24:12.038, 3, 29.48, 1063
2026/09/28 20:24:12.241, 0, 31.43, 1063
2026/09/28 20:24:12.246, 1, 32.62, 1063
2026/09/28 20:24:12.250, 2, 28.77, 1063
2026/09/28 20:24:12.253, 3, 29.48, 1063
2026/09/28 20:24:12.456, 0, 31.20, 1063
2026/09/28 20:24:12.460, 1, 32.64, 1063
2026/09/28 20:24:12.463, 2, 28.77, 1063
2026/09/28 20:24:12.465, 3, 29.48, 1063
2026/09/28 20:24:12.669, 0, 31.19, 1063
2026/09/28 20:24:12.672, 1, 32.64, 1063
2026/09/28 20:24:12.674, 2, 28.77, 1063
2026/09/28 20:24:12.677, 3, 29.48, 1063
2026/09/28 20:24:12.880, 0, 31.19, 1063
2026/09/28 20:24:12.883, 1, 32.40, 1063
2026/09/28 20:24:12.886, 2, 28.77, 1063
2026/09/28 20:24:12.889, 3, 29.48, 1063
2026/09/28 20:24:13.092, 0, 31.19, 1063
2026/09/28 20:24:13.095, 1, 32.38, 1063
2026/09/28 20:24:13.098, 2, 28.77, 1063
2026/09/28 20:24:13.103, 3, 29.72, 1063
2026/09/28 20:24:13.308, 0, 31.43, 1063
2026/09/28 20:24:13.311, 1, 32.62, 1063
2026/09/28 20:24:13.314, 2, 28.77, 1063
2026/09/28 20:24:13.317, 3, 29.72, 1063
2026/09/28 20:24:13.520, 0, 31.19, 1063
2026/09/28 20:24:13.523, 1, 32.40, 1063
2026/09/28 20:24:13.526, 2, 28.77, 1063
2026/09/28 20:24:13.530, 3, 29.72, 1063
2026/09/28 20:24:13.733, 0, 31.19, 1063
2026/09/28 20:24:13.736, 1, 32.62, 1063
2026/09/28 20:24:13.739, 2, 28.77, 1063
2026/09/28 20:24:13.743, 3, 29.72, 1063
2026/09/28 20:24:13.948, 0, 31.45, 1063
2026/09/28 20:24:13.952, 1, 32.38, 1063
2026/09/28 20:24:13.955, 2, 28.77, 1063
2026/09/28 20:24:13.958, 3, 29.72, 1063
2026/09/28 20:24:14.161, 0, 31.20, 1063
2026/09/28 20:24:14.164, 1, 32.40, 1063
2026/09/28 20:24:14.170, 2, 28.77, 1063
2026/09/28 20:24:14.172, 3, 29.72, 1063
2026/09/28 20:24:14.375, 0, 31.19, 1063
2026/09/28 20:24:14.379, 1, 32.40, 1063
2026/09/28 20:24:14.381, 2, 28.77, 1063
2026/09/28 20:24:14.384, 3, 29.72, 1063
2026/09/28 20:24:14.587, 0, 31.19, 1063
2026/09/28 20:24:14.590, 1, 32.40, 1063
2026/09/28 20:24:14.593, 2, 28.77, 1063
2026/09/28 20:24:14.596, 3, 29.72, 1063
2026/09/28 20:24:14.799, 0, 31.20, 1063
2026/09/28 20:24:14.802, 1, 32.40, 1063
2026/09/28 20:24:14.805, 2, 28.77, 1063
2026/09/28 20:24:14.808, 3, 29.72, 1063
2026/09/28 20:24:15.011, 0, 31.19, 1063
2026/09/28 20:24:15.018, 1, 32.16, 1063
2026/09/28 20:24:15.021, 2, 28.77, 1063
2026/09/28 20:24:15.024, 3, 29.72, 1063
2026/09/28 20:24:15.227, 0, 31.19, 1063
2026/09/28 20:24:15.230, 1, 32.64, 1063
2026/09/28 20:24:15.233, 2, 28.77, 1063
2026/09/28 20:24:15.236, 3, 29.48, 1063
2026/09/28 20:24:15.439, 0, 31.19, 1063
2026/09/28 20:24:15.442, 1, 32.38, 1063
2026/09/28 20:24:15.442, 2, 28.77, 1063
2026/09/28 20:24:15.445, 3, 29.72, 1063
2026/09/28 20:24:15.649, 0, 31.19, 1063
2026/09/28 20:24:15.652, 1, 32.40, 1063
2026/09/28 20:24:15.655, 2, 28.77, 1063
2026/09/28 20:24:15.658, 3, 29.48, 1063
2026/09/28 20:24:15.861, 0, 31.19, 1063
2026/09/28 20:24:15.864, 1, 32.38, 1063
2026/09/28 20:24:15.868, 2, 28.77, 1063
2026/09/28 20:24:15.871, 3, 29.48, 1063
2026/09/28 20:24:16.074, 0, 31.19, 1063
2026/09/28 20:24:16.077, 1, 32.40, 1063
2026/09/28 20:24:16.080, 2, 28.77, 1063
2026/09/28 20:24:16.083, 3, 29.48, 1063
2026/09/28 20:24:16.287, 0, 31.19, 1063
2026/09/28 20:24:16.289, 1, 32.38, 1063
2026/09/28 20:24:16.290, 2, 28.77, 1063
2026/09/28 20:24:16.293, 3, 29.48, 1063
2026/09/28 20:24:16.496, 0, 31.19, 1063
2026/09/28 20:24:16.499, 1, 32.40, 1063
2026/09/28 20:24:16.502, 2, 28.77, 1063
2026/09/28 20:24:16.505, 3, 29.72, 1063
2026/09/28 20:24:16.708, 0, 31.19, 1063
2026/09/28 20:24:16.711, 1, 32.38, 1063
2026/09/28 20:24:16.714, 2, 28.77, 1063
2026/09/28 20:24:16.717, 3, 30.91, 1063
2026/09/28 20:24:16.920, 0, 31.19, 1063
2026/09/28 20:24:16.924, 1, 32.38, 1063
2026/09/28 20:24:16.928, 2, 28.75, 1063
2026/09/28 20:24:16.931, 3, 30.69, 1063
2026/09/28 20:24:17.134, 0, 31.19, 1063
2026/09/28 20:24:17.137, 1, 32.38, 1063
2026/09/28 20:24:17.140, 2, 28.75, 1063
2026/09/28 20:24:17.143, 3, 29.70, 1063
2026/09/28 20:24:17.346, 0, 31.19, 1063
2026/09/28 20:24:17.349, 1, 32.40, 1063
2026/09/28 20:24:17.352, 2, 28.77, 1063
2026/09/28 20:24:17.355, 3, 29.48, 1063
2026/09/28 20:24:17.558, 0, 31.19, 1063
2026/09/28 20:24:17.563, 1, 32.38, 1063
2026/09/28 20:24:17.567, 2, 28.77, 1063
2026/09/28 20:24:17.570, 3, 29.48, 1063
2026/09/28 20:24:17.773, 0, 31.20, 1063
2026/09/28 20:24:17.776, 1, 32.40, 1063
2026/09/28 20:24:17.779, 2, 28.77, 1063
2026/09/28 20:24:17.782, 3, 29.72, 1063
2026/09/28 20:24:17.986, 0, 31.19, 1063
2026/09/28 20:24:17.989, 1, 32.40, 1063
2026/09/28 20:24:17.992, 2, 28.77, 1063
2026/09/28 20:24:17.995, 3, 29.72, 1063
2026/09/28 20:24:18.198, 0, 31.19, 1063
2026/09/28 20:24:18.203, 1, 32.38, 1063
2026/09/28 20:24:18.207, 2, 28.77, 1063
2026/09/28 20:24:18.210, 3, 29.72, 1063
2026/09/28 20:24:18.413, 0, 56.02, 1063
2026/09/28 20:24:18.416, 1, 61.78, 1063
2026/09/28 20:24:18.419, 2, 28.77, 1063
2026/09/28 20:24:18.422, 3, 29.70, 1063
2026/09/28 20:24:18.625, 0, 31.43, 1063
2026/09/28 20:24:18.628, 1, 32.62, 1063
2026/09/28 20:24:18.631, 2, 88.89, 1063
2026/09/28 20:24:18.634, 3, 29.95, 1063
2026/09/28 20:24:18.837, 0, 31.43, 1063
2026/09/28 20:24:18.842, 1, 32.40, 1063
2026/09/28 20:24:18.847, 2, 29.01, 1063
2026/09/28 20:24:18.850, 3, 30.69, 1063
2026/09/28 20:24:19.053, 0, 31.43, 1063
2026/09/28 20:24:19.056, 1, 32.38, 1063
2026/09/28 20:24:19.059, 2, 28.77, 1063
2026/09/28 20:24:19.062, 3, 29.97, 1063
2026/09/28 20:24:19.265, 0, 31.42, 1063
2026/09/28 20:24:19.268, 1, 32.38, 1063
2026/09/28 20:24:19.271, 2, 28.75, 1063
2026/09/28 20:24:19.274, 3, 31.41, 1063
2026/09/28 20:24:19.477, 0, 33.12, 1063
2026/09/28 20:24:19.482, 1, 34.31, 1063
2026/09/28 20:24:19.486, 2, 30.22, 1063
2026/09/28 20:24:19.489, 3, 31.41, 1063
2026/09/28 20:24:19.692, 0, 33.36, 1063
2026/09/28 20:24:19.695, 1, 34.31, 1063
2026/09/28 20:24:19.698, 2, 30.46, 1063
2026/09/28 20:24:19.701, 3, 31.41, 1063
2026/09/28 20:24:19.904, 0, 33.12, 1063
2026/09/28 20:24:19.907, 1, 34.31, 1063
2026/09/28 20:24:19.910, 2, 30.69, 1063
2026/09/28 20:24:19.913, 3, 31.41, 1063
2026/09/28 20:24:20.116, 0, 31.67, 1063
2026/09/28 20:24:20.136, 1, 32.38, 1063
2026/09/28 20:24:20.138, 2, 28.77, 1063
2026/09/28 20:24:20.141, 3, 29.72, 1063
2026/09/28 20:24:20.344, 0, 31.19, 1063
2026/09/28 20:24:20.347, 1, 32.40, 1063
2026/09/28 20:24:20.350, 2, 28.77, 1063
2026/09/28 20:24:20.353, 3, 29.72, 1063
2026/09/28 20:24:20.556, 0, 31.20, 1063
2026/09/28 20:24:20.561, 1, 32.40, 1063
2026/09/28 20:24:20.566, 2, 28.77, 1063
2026/09/28 20:24:20.569, 3, 29.72, 1063
