CMAKE_BUILD_TYPE=Release
-- Warning: ccache not found - consider installing it for faster compilation or disable this warning with GGML_CCACHE=OFF
-- CMAKE_SYSTEM_PROCESSOR: x86_64
-- GGML_SYSTEM_ARCH: x86
-- Including CPU backend
-- x86 detected
-- Adding CPU backend variant ggml-cpu: -march=native 
-- CUDA Toolkit found
-- Using CMAKE_CUDA_ARCHITECTURES=60 CMAKE_CUDA_ARCHITECTURES_NATIVE=60-real
-- Could NOT find NCCL (missing: NCCL_LIBRARY NCCL_INCLUDE_DIR) 
-- Warning: NCCL not found, performance for multiple CUDA GPUs will be suboptimal
-- CUDA host compiler is GNU 13.4.0
-- Including CUDA backend
-- ggml version: 0.15.3
-- ggml commit:  b88daada9
-- Could NOT find OpenSSL, try to set the path to OpenSSL root folder in the system variable OPENSSL_ROOT_DIR (missing: OPENSSL_CRYPTO_LIBRARY OPENSSL_INCLUDE_DIR) 
CMake Warning at vendor/cpp-httplib/CMakeLists.txt:152 (message):
  OpenSSL not found, HTTPS support disabled


-- Generating embedded license file for target: llama-app
-- Configuring done (4.1s)
-- Generating done (1.3s)
-- Build files have been written to: /home/mark/buun_vbr/build
[  0%] Built target sha256
[  0%] Built target sha1
[  0%] Built target llama-minicpmv-cli
[  0%] Built target llama-llava-cli
[  1%] Built target xxhash
[  1%] Built target llama-qwen2vl-cli
[  2%] Built target llama-gemma3-cli
[  3%] Built target llama-ui-embed
[  3%] Building CXX object common/CMakeFiles/llama-common-base.dir/build-info.cpp.o
[  3%] Provisioning UI assets
[  3%] Built target cpp-httplib
-- UI: npm output up-to-date, skipping build
[  3%] Linking CXX static library libllama-common-base.a
[  3%] Built target llama-common-base
[  3%] Building CXX object ggml/src/CMakeFiles/ggml-base.dir/ggml.cpp.o
[  3%] Building C object ggml/src/CMakeFiles/ggml-base.dir/ggml.c.o
[  3%] Building C object ggml/src/CMakeFiles/ggml-base.dir/ggml-alloc.c.o
[  3%] Building CXX object ggml/src/CMakeFiles/ggml-base.dir/ggml-backend-meta.cpp.o
[  3%] Building CXX object ggml/src/CMakeFiles/ggml-base.dir/ggml-backend.cpp.o
[  4%] Building CXX object ggml/src/CMakeFiles/ggml-base.dir/ggml-opt.cpp.o
[  4%] Building CXX object ggml/src/CMakeFiles/ggml-base.dir/ggml-threading.cpp.o
[  4%] Building C object ggml/src/CMakeFiles/ggml-base.dir/ggml-quants.c.o
[  4%] Building C object ggml/src/CMakeFiles/ggml-base.dir/ggml-turbo-quant.c.o
[  4%] Building CXX object ggml/src/CMakeFiles/ggml-base.dir/ggml-turbo-meansub.cpp.o
[  4%] Building CXX object ggml/src/CMakeFiles/ggml-base.dir/gguf.cpp.o
-- UI: gzip compression applied (/home/mark/buun_vbr/build/tools/ui/dist/_gzip)
[  4%] Built target llama-ui-assets
[  4%] Built target llama-ui
[  4%] Linking CXX shared library ../../bin/libggml-base.so
[  4%] Built target ggml-base
[  4%] Building CXX object ggml/src/CMakeFiles/ggml-cpu.dir/ggml-cpu/repack.cpp.o
[  4%] Building C object ggml/src/CMakeFiles/ggml-cpu.dir/ggml-cpu/ggml-cpu.c.o
[  4%] Building CXX object ggml/src/CMakeFiles/ggml-cpu.dir/ggml-cpu/ggml-cpu.cpp.o
[  4%] Building CXX object ggml/src/CMakeFiles/ggml-cpu.dir/ggml-cpu/traits.cpp.o
[  4%] Building CXX object ggml/src/CMakeFiles/ggml-cpu.dir/ggml-cpu/amx/amx.cpp.o
[  4%] Building CXX object ggml/src/CMakeFiles/ggml-cpu.dir/ggml-cpu/amx/mmq.cpp.o
[  4%] Building CXX object ggml/src/CMakeFiles/ggml-cpu.dir/ggml-cpu/binary-ops.cpp.o
[  4%] Building CXX object ggml/src/CMakeFiles/ggml-cpu.dir/ggml-cpu/unary-ops.cpp.o
[  4%] Building CXX object ggml/src/CMakeFiles/ggml-cpu.dir/ggml-cpu/ops.cpp.o
[  4%] Building CXX object ggml/src/CMakeFiles/ggml-cpu.dir/ggml-cpu/vec.cpp.o
[  4%] Building C object ggml/src/CMakeFiles/ggml-cpu.dir/ggml-cpu/arch/x86/quants.c.o
[  4%] Building CXX object ggml/src/CMakeFiles/ggml-cpu.dir/ggml-cpu/arch/x86/repack.cpp.o
/home/mark/buun_vbr/ggml/src/ggml-cpu/ops.cpp: In function ‘void ggml_compute_forward_clamp(const ggml_compute_params*, ggml_tensor*)’:
/home/mark/buun_vbr/ggml/src/ggml-cpu/ops.cpp:5676:12: warning: enumeration value ‘GGML_TYPE_TURBO3_TCQ’ not handled in switch [-Wswitch]
 5676 |     switch (src0->type) {
      |            ^
/home/mark/buun_vbr/ggml/src/ggml-cpu/ops.cpp:5676:12: warning: enumeration value ‘GGML_TYPE_TURBO2_TCQ’ not handled in switch [-Wswitch]
/home/mark/buun_vbr/ggml/src/ggml-cpu/ops.cpp:5676:12: warning: enumeration value ‘GGML_TYPE_TURBO1’ not handled in switch [-Wswitch]
/home/mark/buun_vbr/ggml/src/ggml-cpu/ops.cpp:5676:12: warning: enumeration value ‘GGML_TYPE_TURBO1_NSN’ not handled in switch [-Wswitch]
/home/mark/buun_vbr/ggml/src/ggml-cpu/ops.cpp:5676:12: warning: enumeration value ‘GGML_TYPE_TURBO1_CQ’ not handled in switch [-Wswitch]
/home/mark/buun_vbr/ggml/src/ggml-cpu/ops.cpp:5676:12: warning: enumeration value ‘GGML_TYPE_TURBO1_TCQ’ not handled in switch [-Wswitch]
/home/mark/buun_vbr/ggml/src/ggml-cpu/ops.cpp: In function ‘void ggml_compute_forward_ssm_conv_tree_f32(const ggml_compute_params*, ggml_tensor*)’:
/home/mark/buun_vbr/ggml/src/ggml-cpu/ops.cpp:9557:15: warning: unused variable ‘ncs’ [-Wunused-variable]
 9557 |     const int ncs = src0->ne[0]; // d_conv - 1 + n_t
      |               ^~~
[  4%] Building CUDA object ggml/src/ggml-cuda/CMakeFiles/ggml-cuda.dir/acc.cu.o
[  4%] Building CUDA object ggml/src/ggml-cuda/CMakeFiles/ggml-cuda.dir/add-id.cu.o
[  4%] Building CUDA object ggml/src/ggml-cuda/CMakeFiles/ggml-cuda.dir/allreduce.cu.o
[  4%] Building CUDA object ggml/src/ggml-cuda/CMakeFiles/ggml-cuda.dir/arange.cu.o
[  4%] Building CUDA object ggml/src/ggml-cuda/CMakeFiles/ggml-cuda.dir/argmax.cu.o
[  4%] Building CUDA object ggml/src/ggml-cuda/CMakeFiles/ggml-cuda.dir/argsort.cu.o
[  4%] Building CUDA object ggml/src/ggml-cuda/CMakeFiles/ggml-cuda.dir/binbcast.cu.o
[  4%] Building CUDA object ggml/src/ggml-cuda/CMakeFiles/ggml-cuda.dir/clamp.cu.o
[  4%] Building CUDA object ggml/src/ggml-cuda/CMakeFiles/ggml-cuda.dir/col2im-1d.cu.o
[  5%] Building CUDA object ggml/src/ggml-cuda/CMakeFiles/ggml-cuda.dir/concat.cu.o
[  5%] Building CUDA object ggml/src/ggml-cuda/CMakeFiles/ggml-cuda.dir/conv-transpose-1d.cu.o
[  6%] Linking CXX shared library ../../bin/libggml-cpu.so
[  7%] Built target ggml-cpu
[  7%] Building CUDA object ggml/src/ggml-cuda/CMakeFiles/ggml-cuda.dir/conv2d-dw.cu.o
[  7%] Building CUDA object ggml/src/ggml-cuda/CMakeFiles/ggml-cuda.dir/conv2d-transpose.cu.o
[  7%] Building CUDA object ggml/src/ggml-cuda/CMakeFiles/ggml-cuda.dir/conv2d.cu.o
[  7%] Building CUDA object ggml/src/ggml-cuda/CMakeFiles/ggml-cuda.dir/convert.cu.o
[  7%] Building CUDA object ggml/src/ggml-cuda/CMakeFiles/ggml-cuda.dir/count-equal.cu.o
[  7%] Building CUDA object ggml/src/ggml-cuda/CMakeFiles/ggml-cuda.dir/cpy.cu.o
[  7%] Building CUDA object ggml/src/ggml-cuda/CMakeFiles/ggml-cuda.dir/cross-entropy-loss.cu.o
[  7%] Building CUDA object ggml/src/ggml-cuda/CMakeFiles/ggml-cuda.dir/cross-ring-interleave.cu.o
[  7%] Building CUDA object ggml/src/ggml-cuda/CMakeFiles/ggml-cuda.dir/cumsum.cu.o
[  8%] Building CUDA object ggml/src/ggml-cuda/CMakeFiles/ggml-cuda.dir/diag.cu.o
/home/mark/buun_vbr/ggml/src/ggml-cuda/cross-ring-interleave.cu:50:18: warning: no previous declaration for ‘void* dflash_cross_ring_gpu_alloc(int, int, int)’ [-Wmissing-declarations]
   50 | extern "C" void * dflash_cross_ring_gpu_alloc(int n_layers, int n_embd, int ring_size) {
      |                  ^~~~~~~~~~~~~~~~~~~~~~~~~~~
/home/mark/buun_vbr/ggml/src/ggml-cuda/cross-ring-interleave.cu:104:17: warning: no previous declaration for ‘void dflash_cross_ring_gpu_free(void*)’ [-Wmissing-declarations]
  104 | extern "C" void dflash_cross_ring_gpu_free(void * handle) {
      |                 ^~~~~~~~~~~~~~~~~~~~~~~~~~
/home/mark/buun_vbr/ggml/src/ggml-cuda/cross-ring-interleave.cu:134:17: warning: no previous declaration for ‘void dflash_cross_ring_gpu_write(void*, int, int, const float*, int, int)’ [-Wmissing-declarations]
  134 | extern "C" void dflash_cross_ring_gpu_write(
      |                 ^~~~~~~~~~~~~~~~~~~~~~~~~~~
/home/mark/buun_vbr/ggml/src/ggml-cuda/cross-ring-interleave.cu:174:17: warning: no previous declaration for ‘void dflash_cross_ring_gpu_write_d2d(void*, int, int, const void*, int, int)’ [-Wmissing-declarations]
  174 | extern "C" void dflash_cross_ring_gpu_write_d2d(
      |                 ^~~~~~~~~~~~~~~~~~~~~~~~~~~~~~~
/home/mark/buun_vbr/ggml/src/ggml-cuda/cross-ring-interleave.cu:204:17: warning: no previous declaration for ‘void dflash_cross_ring_gpu_read(void*, int, int, float*, int, int)’ [-Wmissing-declarations]
  204 | extern "C" void dflash_cross_ring_gpu_read(
      |                 ^~~~~~~~~~~~~~~~~~~~~~~~~~
/home/mark/buun_vbr/ggml/src/ggml-cuda/cross-ring-interleave.cu:225:25: warning: no previous declaration for ‘const float* dflash_cross_ring_gpu_interleave(void*, int, int, int)’ [-Wmissing-declarations]
  225 | extern "C" const float * dflash_cross_ring_gpu_interleave(
      |                         ^~~~~~~~~~~~~~~~~~~~~~~~~~~~~~~~
[  8%] Building CUDA object ggml/src/ggml-cuda/CMakeFiles/ggml-cuda.dir/diagmask.cu.o
[  8%] Building CUDA object ggml/src/ggml-cuda/CMakeFiles/ggml-cuda.dir/fattn-tile.cu.o
[  8%] Building CUDA object ggml/src/ggml-cuda/CMakeFiles/ggml-cuda.dir/fattn-wmma-f16.cu.o
[  8%] Building CUDA object ggml/src/ggml-cuda/CMakeFiles/ggml-cuda.dir/fattn.cu.o
[  8%] Building CUDA object ggml/src/ggml-cuda/CMakeFiles/ggml-cuda.dir/fill.cu.o
[  8%] Building CUDA object ggml/src/ggml-cuda/CMakeFiles/ggml-cuda.dir/fwht.cu.o
[  8%] Building CUDA object ggml/src/ggml-cuda/CMakeFiles/ggml-cuda.dir/gated_delta_net.cu.o
[  8%] Building CUDA object ggml/src/ggml-cuda/CMakeFiles/ggml-cuda.dir/getrows.cu.o
[  8%] Building CUDA object ggml/src/ggml-cuda/CMakeFiles/ggml-cuda.dir/ggml-cuda.cu.o
[  8%] Building CUDA object ggml/src/ggml-cuda/CMakeFiles/ggml-cuda.dir/gla.cu.o
[  9%] Building CUDA object ggml/src/ggml-cuda/CMakeFiles/ggml-cuda.dir/im2col.cu.o
[  9%] Building CUDA object ggml/src/ggml-cuda/CMakeFiles/ggml-cuda.dir/mean.cu.o
[  9%] Building CUDA object ggml/src/ggml-cuda/CMakeFiles/ggml-cuda.dir/mmf.cu.o
[  9%] Building CUDA object ggml/src/ggml-cuda/CMakeFiles/ggml-cuda.dir/mmid.cu.o
/home/mark/buun_vbr/ggml/src/ggml-cuda/gated_delta_net.cu: In function ‘void ggml_cuda_op_gated_delta_net_tree(ggml_backend_cuda_context&, ggml_tensor*)’:
/home/mark/buun_vbr/ggml/src/ggml-cuda/gated_delta_net.cu:333:6: warning: function might be candidate for attribute ‘noreturn’ [-Wsuggest-attribute=noreturn]
  333 | void ggml_cuda_op_gated_delta_net_tree(ggml_backend_cuda_context & ctx, ggml_tensor * dst) {
      |      ^~~~~~~~~~~~~~~~~~~~~~~~~~~~~~~~~
[  9%] Building CUDA object ggml/src/ggml-cuda/CMakeFiles/ggml-cuda.dir/mmq.cu.o
[  9%] Building CUDA object ggml/src/ggml-cuda/CMakeFiles/ggml-cuda.dir/mmvf.cu.o
[  9%] Building CUDA object ggml/src/ggml-cuda/CMakeFiles/ggml-cuda.dir/mmvq.cu.o
[  9%] Building CUDA object ggml/src/ggml-cuda/CMakeFiles/ggml-cuda.dir/norm.cu.o
[  9%] Building CUDA object ggml/src/ggml-cuda/CMakeFiles/ggml-cuda.dir/opt-step-adamw.cu.o
[  9%] Building CUDA object ggml/src/ggml-cuda/CMakeFiles/ggml-cuda.dir/opt-step-sgd.cu.o
[  9%] Building CUDA object ggml/src/ggml-cuda/CMakeFiles/ggml-cuda.dir/out-prod.cu.o
[ 10%] Building CUDA object ggml/src/ggml-cuda/CMakeFiles/ggml-cuda.dir/pad.cu.o
/home/mark/buun_vbr/ggml/src/ggml-cuda/norm.cu: In function ‘void rms_norm_mul_f32_cuda(const float*, const float*, const float*, float*, int, int, int, int, int64_t, int64_t, int64_t, int64_t, int64_t, int64_t, uint32_t, uint32_t, uint32_t, uint32_t, int64_t, int64_t, int64_t, uint32_t, uint32_t, uint32_t, uint32_t, float, cudaStream_t)’:
/home/mark/buun_vbr/ggml/src/ggml-cuda/norm.cu:454:111: warning: comparison of integer expressions of different signedness: ‘const uint32_t’ {aka ‘const unsigned int’} and ‘const int’ [-Wsign-compare]
  454 |     if (add == nullptr && mul_nrows == 1 && mul_nchannels == 1 && mul_nsamples == 1 && mul_ncols == ncols) {
      |                                                                                                     ~~~~~~~~  ^       
[ 10%] Building CUDA object ggml/src/ggml-cuda/CMakeFiles/ggml-cuda.dir/pad_reflect_1d.cu.o
[ 10%] Building CUDA object ggml/src/ggml-cuda/CMakeFiles/ggml-cuda.dir/pool2d.cu.o
[ 10%] Building CUDA object ggml/src/ggml-cuda/CMakeFiles/ggml-cuda.dir/quantize.cu.o
[ 10%] Building CUDA object ggml/src/ggml-cuda/CMakeFiles/ggml-cuda.dir/roll.cu.o
[ 10%] Building CUDA object ggml/src/ggml-cuda/CMakeFiles/ggml-cuda.dir/rope.cu.o
[ 10%] Building CUDA object ggml/src/ggml-cuda/CMakeFiles/ggml-cuda.dir/scale.cu.o
[ 10%] Building CUDA object ggml/src/ggml-cuda/CMakeFiles/ggml-cuda.dir/set-rows.cu.o
[ 10%] Building CUDA object ggml/src/ggml-cuda/CMakeFiles/ggml-cuda.dir/set.cu.o
[ 10%] Building CUDA object ggml/src/ggml-cuda/CMakeFiles/ggml-cuda.dir/snake.cu.o
[ 11%] Building CUDA object ggml/src/ggml-cuda/CMakeFiles/ggml-cuda.dir/softcap.cu.o
[ 11%] Building CUDA object ggml/src/ggml-cuda/CMakeFiles/ggml-cuda.dir/softmax.cu.o
[ 11%] Building CUDA object ggml/src/ggml-cuda/CMakeFiles/ggml-cuda.dir/solve_tri.cu.o
[ 11%] Building CUDA object ggml/src/ggml-cuda/CMakeFiles/ggml-cuda.dir/ssm-conv.cu.o
[ 11%] Building CUDA object ggml/src/ggml-cuda/CMakeFiles/ggml-cuda.dir/ssm-scan.cu.o
[ 11%] Building CUDA object ggml/src/ggml-cuda/CMakeFiles/ggml-cuda.dir/sum.cu.o
[ 11%] Building CUDA object ggml/src/ggml-cuda/CMakeFiles/ggml-cuda.dir/sumrows.cu.o
[ 11%] Building CUDA object ggml/src/ggml-cuda/CMakeFiles/ggml-cuda.dir/top-k.cu.o
[ 11%] Building CUDA object ggml/src/ggml-cuda/CMakeFiles/ggml-cuda.dir/topk-moe.cu.o
[ 11%] Building CUDA object ggml/src/ggml-cuda/CMakeFiles/ggml-cuda.dir/tri.cu.o
[ 11%] Building CUDA object ggml/src/ggml-cuda/CMakeFiles/ggml-cuda.dir/tsembd.cu.o
[ 11%] Building CUDA object ggml/src/ggml-cuda/CMakeFiles/ggml-cuda.dir/turbo-wht.cu.o
[ 11%] Building CUDA object ggml/src/ggml-cuda/CMakeFiles/ggml-cuda.dir/unary.cu.o
[ 11%] Building CUDA object ggml/src/ggml-cuda/CMakeFiles/ggml-cuda.dir/upscale.cu.o
[ 11%] Building CUDA object ggml/src/ggml-cuda/CMakeFiles/ggml-cuda.dir/vbr-transcode.cu.o
[ 11%] Building CUDA object ggml/src/ggml-cuda/CMakeFiles/ggml-cuda.dir/vbr-vmm.cu.o
[ 11%] Building CUDA object ggml/src/ggml-cuda/CMakeFiles/ggml-cuda.dir/wkv.cu.o
[ 11%] Building CUDA object ggml/src/ggml-cuda/CMakeFiles/ggml-cuda.dir/template-instances/fattn-tile-instance-dkq112-dv112.cu.o
[ 11%] Building CUDA object ggml/src/ggml-cuda/CMakeFiles/ggml-cuda.dir/template-instances/fattn-tile-instance-dkq128-dv128.cu.o
/home/mark/buun_vbr/ggml/src/ggml-cuda/vbr-transcode.cu:107:6: warning: no previous declaration for ‘void ggml_cuda_vbr_kv_transcode(ggml_backend_cuda_context&, const ggml_vbr_transcode_params*)’ [-Wmissing-declarations]
  107 | void ggml_cuda_vbr_kv_transcode(ggml_backend_cuda_context & ctx,
      |      ^~~~~~~~~~~~~~~~~~~~~~~~~~
[ 11%] Building CUDA object ggml/src/ggml-cuda/CMakeFiles/ggml-cuda.dir/template-instances/fattn-tile-instance-dkq192-dv128.cu.o
[ 11%] Building CUDA object ggml/src/ggml-cuda/CMakeFiles/ggml-cuda.dir/template-instances/fattn-tile-instance-dkq256-dv256.cu.o
[ 12%] Building CUDA object ggml/src/ggml-cuda/CMakeFiles/ggml-cuda.dir/template-instances/fattn-tile-instance-dkq320-dv256.cu.o
[ 12%] Building CUDA object ggml/src/ggml-cuda/CMakeFiles/ggml-cuda.dir/template-instances/fattn-tile-instance-dkq40-dv40.cu.o
[ 12%] Building CUDA object ggml/src/ggml-cuda/CMakeFiles/ggml-cuda.dir/template-instances/fattn-tile-instance-dkq512-dv512.cu.o
[ 12%] Building CUDA object ggml/src/ggml-cuda/CMakeFiles/ggml-cuda.dir/template-instances/fattn-tile-instance-dkq576-dv512.cu.o
[ 12%] Building CUDA object ggml/src/ggml-cuda/CMakeFiles/ggml-cuda.dir/template-instances/fattn-tile-instance-dkq64-dv64.cu.o
[ 12%] Building CUDA object ggml/src/ggml-cuda/CMakeFiles/ggml-cuda.dir/template-instances/fattn-tile-instance-dkq72-dv72.cu.o
[ 12%] Building CUDA object ggml/src/ggml-cuda/CMakeFiles/ggml-cuda.dir/template-instances/fattn-tile-instance-dkq80-dv80.cu.o
[ 12%] Building CUDA object ggml/src/ggml-cuda/CMakeFiles/ggml-cuda.dir/template-instances/fattn-tile-instance-dkq96-dv96.cu.o
[ 12%] Building CUDA object ggml/src/ggml-cuda/CMakeFiles/ggml-cuda.dir/template-instances/fattn-mma-f16-instance-ncols1_1-ncols2_16.cu.o
[ 12%] Building CUDA object ggml/src/ggml-cuda/CMakeFiles/ggml-cuda.dir/template-instances/fattn-mma-f16-instance-ncols1_1-ncols2_32.cu.o
[ 12%] Building CUDA object ggml/src/ggml-cuda/CMakeFiles/ggml-cuda.dir/template-instances/fattn-mma-f16-instance-ncols1_1-ncols2_8.cu.o
[ 13%] Building CUDA object ggml/src/ggml-cuda/CMakeFiles/ggml-cuda.dir/template-instances/fattn-mma-f16-instance-ncols1_16-ncols2_1.cu.o
[ 13%] Building CUDA object ggml/src/ggml-cuda/CMakeFiles/ggml-cuda.dir/template-instances/fattn-mma-f16-instance-ncols1_16-ncols2_2.cu.o
[ 13%] Building CUDA object ggml/src/ggml-cuda/CMakeFiles/ggml-cuda.dir/template-instances/fattn-mma-f16-instance-ncols1_16-ncols2_4.cu.o
[ 13%] Building CUDA object ggml/src/ggml-cuda/CMakeFiles/ggml-cuda.dir/template-instances/fattn-mma-f16-instance-ncols1_2-ncols2_16.cu.o
[ 13%] Building CUDA object ggml/src/ggml-cuda/CMakeFiles/ggml-cuda.dir/template-instances/fattn-mma-f16-instance-ncols1_2-ncols2_32.cu.o
[ 13%] Building CUDA object ggml/src/ggml-cuda/CMakeFiles/ggml-cuda.dir/template-instances/fattn-mma-f16-instance-ncols1_2-ncols2_4.cu.o
[ 13%] Building CUDA object ggml/src/ggml-cuda/CMakeFiles/ggml-cuda.dir/template-instances/fattn-mma-f16-instance-ncols1_2-ncols2_8.cu.o
[ 13%] Building CUDA object ggml/src/ggml-cuda/CMakeFiles/ggml-cuda.dir/template-instances/fattn-mma-f16-instance-ncols1_32-ncols2_1.cu.o
[ 13%] Building CUDA object ggml/src/ggml-cuda/CMakeFiles/ggml-cuda.dir/template-instances/fattn-mma-f16-instance-ncols1_32-ncols2_2.cu.o
[ 13%] Building CUDA object ggml/src/ggml-cuda/CMakeFiles/ggml-cuda.dir/template-instances/fattn-mma-f16-instance-ncols1_4-ncols2_16.cu.o
[ 14%] Building CUDA object ggml/src/ggml-cuda/CMakeFiles/ggml-cuda.dir/template-instances/fattn-mma-f16-instance-ncols1_4-ncols2_2.cu.o
[ 14%] Building CUDA object ggml/src/ggml-cuda/CMakeFiles/ggml-cuda.dir/template-instances/fattn-mma-f16-instance-ncols1_4-ncols2_4.cu.o
[ 14%] Building CUDA object ggml/src/ggml-cuda/CMakeFiles/ggml-cuda.dir/template-instances/fattn-mma-f16-instance-ncols1_4-ncols2_8.cu.o
[ 14%] Building CUDA object ggml/src/ggml-cuda/CMakeFiles/ggml-cuda.dir/template-instances/fattn-mma-f16-instance-ncols1_64-ncols2_1.cu.o
[ 14%] Building CUDA object ggml/src/ggml-cuda/CMakeFiles/ggml-cuda.dir/template-instances/fattn-mma-f16-instance-ncols1_8-ncols2_1.cu.o
[ 14%] Building CUDA object ggml/src/ggml-cuda/CMakeFiles/ggml-cuda.dir/template-instances/fattn-mma-f16-instance-ncols1_8-ncols2_2.cu.o
[ 14%] Building CUDA object ggml/src/ggml-cuda/CMakeFiles/ggml-cuda.dir/template-instances/fattn-mma-f16-instance-ncols1_8-ncols2_4.cu.o
[ 14%] Building CUDA object ggml/src/ggml-cuda/CMakeFiles/ggml-cuda.dir/template-instances/fattn-mma-f16-instance-ncols1_8-ncols2_8.cu.o
[ 14%] Building CUDA object ggml/src/ggml-cuda/CMakeFiles/ggml-cuda.dir/template-instances/fattn-mma-turbo-f16k_turbo8v-instance-dkq256-ncols1_1-ncols2_8.cu.o
[ 14%] Building CUDA object ggml/src/ggml-cuda/CMakeFiles/ggml-cuda.dir/template-instances/fattn-mma-turbo-f16k_turbo8v-instance-dkq256-ncols1_16-ncols2_1.cu.o
[ 14%] Building CUDA object ggml/src/ggml-cuda/CMakeFiles/ggml-cuda.dir/template-instances/fattn-mma-turbo-f16k_turbo8v-instance-dkq256-ncols1_16-ncols2_2.cu.o
[ 15%] Building CUDA object ggml/src/ggml-cuda/CMakeFiles/ggml-cuda.dir/template-instances/fattn-mma-turbo-f16k_turbo8v-instance-dkq256-ncols1_16-ncols2_4.cu.o
/home/mark/buun_vbr/ggml/src/ggml-cuda/template-instances/../fattn-mma-turbo.cuh(29): warning #177-D: variable "nstages" was declared but never referenced
      constexpr int nstages = 0;
                    ^

Remark: The warnings can be suppressed with "-diag-suppress <warning-number>"

/home/mark/buun_vbr/ggml/src/ggml-cuda/set-rows.cu:717:17: warning: no previous declaration for ‘void ggml_cuda_ragged_set_window(int)’ [-Wmissing-declarations]
  717 | extern "C" void ggml_cuda_ragged_set_window(int window) {
      |                 ^~~~~~~~~~~~~~~~~~~~~~~~~~~
/home/mark/buun_vbr/ggml/src/ggml-cuda/template-instances/../fattn-mma-turbo.cuh(29): warning #177-D: variable "nstages" was declared but never referenced
      constexpr int nstages = 0;
                    ^

Remark: The warnings can be suppressed with "-diag-suppress <warning-number>"

[ 15%] Building CUDA object ggml/src/ggml-cuda/CMakeFiles/ggml-cuda.dir/template-instances/fattn-mma-turbo-f16k_turbo8v-instance-dkq256-ncols1_2-ncols2_4.cu.o
/home/mark/buun_vbr/ggml/src/ggml-cuda/template-instances/../fattn-mma-turbo.cuh(29): warning #177-D: variable "nstages" was declared but never referenced
      constexpr int nstages = 0;
                    ^

Remark: The warnings can be suppressed with "-diag-suppress <warning-number>"

[ 15%] Building CUDA object ggml/src/ggml-cuda/CMakeFiles/ggml-cuda.dir/template-instances/fattn-mma-turbo-f16k_turbo8v-instance-dkq256-ncols1_2-ncols2_8.cu.o
[ 15%] Building CUDA object ggml/src/ggml-cuda/CMakeFiles/ggml-cuda.dir/template-instances/fattn-mma-turbo-f16k_turbo8v-instance-dkq256-ncols1_32-ncols2_1.cu.o
/home/mark/buun_vbr/ggml/src/ggml-cuda/template-instances/../fattn-mma-turbo.cuh(29): warning #177-D: variable "nstages" was declared but never referenced
      constexpr int nstages = 0;
                    ^

Remark: The warnings can be suppressed with "-diag-suppress <warning-number>"

[ 15%] Building CUDA object ggml/src/ggml-cuda/CMakeFiles/ggml-cuda.dir/template-instances/fattn-mma-turbo-f16k_turbo8v-instance-dkq256-ncols1_32-ncols2_2.cu.o
[ 15%] Building CUDA object ggml/src/ggml-cuda/CMakeFiles/ggml-cuda.dir/template-instances/fattn-mma-turbo-f16k_turbo8v-instance-dkq256-ncols1_4-ncols2_2.cu.o
[ 15%] Building CUDA object ggml/src/ggml-cuda/CMakeFiles/ggml-cuda.dir/template-instances/fattn-mma-turbo-f16k_turbo8v-instance-dkq256-ncols1_4-ncols2_4.cu.o
[ 15%] Building CUDA object ggml/src/ggml-cuda/CMakeFiles/ggml-cuda.dir/template-instances/fattn-mma-turbo-f16k_turbo8v-instance-dkq256-ncols1_4-ncols2_8.cu.o
[ 15%] Building CUDA object ggml/src/ggml-cuda/CMakeFiles/ggml-cuda.dir/template-instances/fattn-mma-turbo-f16k_turbo8v-instance-dkq256-ncols1_64-ncols2_1.cu.o
[ 15%] Building CUDA object ggml/src/ggml-cuda/CMakeFiles/ggml-cuda.dir/template-instances/fattn-mma-turbo-f16k_turbo8v-instance-dkq256-ncols1_8-ncols2_1.cu.o
/home/mark/buun_vbr/ggml/src/ggml-cuda/template-instances/../fattn-mma-turbo.cuh(29): warning #177-D: variable "nstages" was declared but never referenced
      constexpr int nstages = 0;
                    ^

Remark: The warnings can be suppressed with "-diag-suppress <warning-number>"

[ 15%] Building CUDA object ggml/src/ggml-cuda/CMakeFiles/ggml-cuda.dir/template-instances/fattn-mma-turbo-f16k_turbo8v-instance-dkq256-ncols1_8-ncols2_2.cu.o
/home/mark/buun_vbr/ggml/src/ggml-cuda/template-instances/../fattn-mma-turbo.cuh(29): warning #177-D: variable "nstages" was declared but never referenced
      constexpr int nstages = 0;
                    ^

Remark: The warnings can be suppressed with "-diag-suppress <warning-number>"

/home/mark/buun_vbr/ggml/src/ggml-cuda/template-instances/../fattn-mma-turbo.cuh(29): warning #177-D: variable "nstages" was declared but never referenced
      constexpr int nstages = 0;
                    ^

Remark: The warnings can be suppressed with "-diag-suppress <warning-number>"

[ 16%] Building CUDA object ggml/src/ggml-cuda/CMakeFiles/ggml-cuda.dir/template-instances/fattn-mma-turbo-f16k_turbo8v-instance-dkq256-ncols1_8-ncols2_4.cu.o
/home/mark/buun_vbr/ggml/src/ggml-cuda/template-instances/../fattn-mma-turbo.cuh(29): warning #177-D: variable "nstages" was declared but never referenced
      constexpr int nstages = 0;
                    ^

Remark: The warnings can be suppressed with "-diag-suppress <warning-number>"

/home/mark/buun_vbr/ggml/src/ggml-cuda/template-instances/../fattn-mma-turbo.cuh(29): warning #177-D: variable "nstages" was declared but never referenced
      constexpr int nstages = 0;
                    ^

Remark: The warnings can be suppressed with "-diag-suppress <warning-number>"

/home/mark/buun_vbr/ggml/src/ggml-cuda/template-instances/../fattn-mma-turbo.cuh(29): warning #177-D: variable "nstages" was declared but never referenced
      constexpr int nstages = 0;
                    ^

Remark: The warnings can be suppressed with "-diag-suppress <warning-number>"

/home/mark/buun_vbr/ggml/src/ggml-cuda/template-instances/../fattn-mma-turbo.cuh(29): warning #177-D: variable "nstages" was declared but never referenced
      constexpr int nstages = 0;
                    ^

Remark: The warnings can be suppressed with "-diag-suppress <warning-number>"

/home/mark/buun_vbr/ggml/src/ggml-cuda/template-instances/../fattn-mma-turbo.cuh(29): warning #177-D: variable "nstages" was declared but never referenced
      constexpr int nstages = 0;
                    ^

Remark: The warnings can be suppressed with "-diag-suppress <warning-number>"

[ 16%] Building CUDA object ggml/src/ggml-cuda/CMakeFiles/ggml-cuda.dir/template-instances/fattn-mma-turbo-f16k_turbo8v-instance-dkq256-ncols1_8-ncols2_8.cu.o
[ 16%] Building CUDA object ggml/src/ggml-cuda/CMakeFiles/ggml-cuda.dir/template-instances/fattn-mma-turbo-instance-dkq128-ncols1_1-ncols2_8.cu.o
[ 16%] Building CUDA object ggml/src/ggml-cuda/CMakeFiles/ggml-cuda.dir/template-instances/fattn-mma-turbo-instance-dkq128-ncols1_16-ncols2_1.cu.o
/home/mark/buun_vbr/ggml/src/ggml-cuda/template-instances/../fattn-mma-turbo.cuh(29): warning #177-D: variable "nstages" was declared but never referenced
      constexpr int nstages = 0;
                    ^

Remark: The warnings can be suppressed with "-diag-suppress <warning-number>"

/home/mark/buun_vbr/ggml/src/ggml-cuda/template-instances/../fattn-mma-turbo.cuh(29): warning #177-D: variable "nstages" was declared but never referenced
      constexpr int nstages = 0;
                    ^

Remark: The warnings can be suppressed with "-diag-suppress <warning-number>"

[ 16%] Building CUDA object ggml/src/ggml-cuda/CMakeFiles/ggml-cuda.dir/template-instances/fattn-mma-turbo-instance-dkq128-ncols1_16-ncols2_2.cu.o
[ 16%] Building CUDA object ggml/src/ggml-cuda/CMakeFiles/ggml-cuda.dir/template-instances/fattn-mma-turbo-instance-dkq128-ncols1_16-ncols2_4.cu.o
[ 16%] Building CUDA object ggml/src/ggml-cuda/CMakeFiles/ggml-cuda.dir/template-instances/fattn-mma-turbo-instance-dkq128-ncols1_2-ncols2_4.cu.o
/home/mark/buun_vbr/ggml/src/ggml-cuda/template-instances/../fattn-mma-turbo.cuh(29): warning #177-D: variable "nstages" was declared but never referenced
      constexpr int nstages = 0;
                    ^

Remark: The warnings can be suppressed with "-diag-suppress <warning-number>"

[ 16%] Building CUDA object ggml/src/ggml-cuda/CMakeFiles/ggml-cuda.dir/template-instances/fattn-mma-turbo-instance-dkq128-ncols1_2-ncols2_8.cu.o
[ 16%] Building CUDA object ggml/src/ggml-cuda/CMakeFiles/ggml-cuda.dir/template-instances/fattn-mma-turbo-instance-dkq128-ncols1_32-ncols2_1.cu.o
[ 16%] Building CUDA object ggml/src/ggml-cuda/CMakeFiles/ggml-cuda.dir/template-instances/fattn-mma-turbo-instance-dkq128-ncols1_32-ncols2_2.cu.o
/home/mark/buun_vbr/ggml/src/ggml-cuda/template-instances/../fattn-mma-turbo.cuh(29): warning #177-D: variable "nstages" was declared but never referenced
      constexpr int nstages = 0;
                    ^

Remark: The warnings can be suppressed with "-diag-suppress <warning-number>"

[ 17%] Building CUDA object ggml/src/ggml-cuda/CMakeFiles/ggml-cuda.dir/template-instances/fattn-mma-turbo-instance-dkq128-ncols1_4-ncols2_2.cu.o
/home/mark/buun_vbr/ggml/src/ggml-cuda/template-instances/../fattn-mma-turbo.cuh(29): warning #177-D: variable "nstages" was declared but never referenced
      constexpr int nstages = 0;
                    ^

Remark: The warnings can be suppressed with "-diag-suppress <warning-number>"

/home/mark/buun_vbr/ggml/src/ggml-cuda/template-instances/../fattn-mma-turbo.cuh(29): warning #177-D: variable "nstages" was declared but never referenced
      constexpr int nstages = 0;
                    ^

Remark: The warnings can be suppressed with "-diag-suppress <warning-number>"

[ 17%] Building CUDA object ggml/src/ggml-cuda/CMakeFiles/ggml-cuda.dir/template-instances/fattn-mma-turbo-instance-dkq128-ncols1_4-ncols2_4.cu.o
/home/mark/buun_vbr/ggml/src/ggml-cuda/template-instances/../fattn-mma-turbo.cuh(29): warning #177-D: variable "nstages" was declared but never referenced
      constexpr int nstages = 0;
                    ^

Remark: The warnings can be suppressed with "-diag-suppress <warning-number>"

/home/mark/buun_vbr/ggml/src/ggml-cuda/template-instances/../fattn-mma-turbo.cuh(29): warning #177-D: variable "nstages" was declared but never referenced
      constexpr int nstages = 0;
                    ^

Remark: The warnings can be suppressed with "-diag-suppress <warning-number>"

/home/mark/buun_vbr/ggml/src/ggml-cuda/template-instances/../fattn-mma-turbo.cuh(29): warning #177-D: variable "nstages" was declared but never referenced
      constexpr int nstages = 0;
                    ^

Remark: The warnings can be suppressed with "-diag-suppress <warning-number>"

/home/mark/buun_vbr/ggml/src/ggml-cuda/template-instances/../fattn-mma-turbo.cuh(29): warning #177-D: variable "nstages" was declared but never referenced
      constexpr int nstages = 0;
                    ^

Remark: The warnings can be suppressed with "-diag-suppress <warning-number>"

[ 17%] Building CUDA object ggml/src/ggml-cuda/CMakeFiles/ggml-cuda.dir/template-instances/fattn-mma-turbo-instance-dkq128-ncols1_4-ncols2_8.cu.o
/home/mark/buun_vbr/ggml/src/ggml-cuda/template-instances/../fattn-mma-turbo.cuh(29): warning #177-D: variable "nstages" was declared but never referenced
      constexpr int nstages = 0;
                    ^

Remark: The warnings can be suppressed with "-diag-suppress <warning-number>"

[ 17%] Building CUDA object ggml/src/ggml-cuda/CMakeFiles/ggml-cuda.dir/template-instances/fattn-mma-turbo-instance-dkq128-ncols1_64-ncols2_1.cu.o
[ 17%] Building CUDA object ggml/src/ggml-cuda/CMakeFiles/ggml-cuda.dir/template-instances/fattn-mma-turbo-instance-dkq128-ncols1_8-ncols2_1.cu.o
/home/mark/buun_vbr/ggml/src/ggml-cuda/template-instances/../fattn-mma-turbo.cuh(29): warning #177-D: variable "nstages" was declared but never referenced
      constexpr int nstages = 0;
                    ^

Remark: The warnings can be suppressed with "-diag-suppress <warning-number>"

/home/mark/buun_vbr/ggml/src/ggml-cuda/template-instances/../fattn-mma-turbo.cuh(29): warning #177-D: variable "nstages" was declared but never referenced
      constexpr int nstages = 0;
                    ^

Remark: The warnings can be suppressed with "-diag-suppress <warning-number>"

[ 17%] Building CUDA object ggml/src/ggml-cuda/CMakeFiles/ggml-cuda.dir/template-instances/fattn-mma-turbo-instance-dkq128-ncols1_8-ncols2_2.cu.o
[ 17%] Building CUDA object ggml/src/ggml-cuda/CMakeFiles/ggml-cuda.dir/template-instances/fattn-mma-turbo-instance-dkq128-ncols1_8-ncols2_4.cu.o
[ 17%] Building CUDA object ggml/src/ggml-cuda/CMakeFiles/ggml-cuda.dir/template-instances/fattn-mma-turbo-instance-dkq128-ncols1_8-ncols2_8.cu.o
[ 17%] Building CUDA object ggml/src/ggml-cuda/CMakeFiles/ggml-cuda.dir/template-instances/fattn-mma-turbo-instance-dkq256-ncols1_1-ncols2_8.cu.o
/home/mark/buun_vbr/ggml/src/ggml-cuda/template-instances/../fattn-mma-turbo.cuh(29): warning #177-D: variable "nstages" was declared but never referenced
      constexpr int nstages = 0;
                    ^

Remark: The warnings can be suppressed with "-diag-suppress <warning-number>"

[ 17%] Building CUDA object ggml/src/ggml-cuda/CMakeFiles/ggml-cuda.dir/template-instances/fattn-mma-turbo-instance-dkq256-ncols1_16-ncols2_1.cu.o
/home/mark/buun_vbr/ggml/src/ggml-cuda/template-instances/../fattn-mma-turbo.cuh(29): warning #177-D: variable "nstages" was declared but never referenced
      constexpr int nstages = 0;
                    ^

Remark: The warnings can be suppressed with "-diag-suppress <warning-number>"

[ 17%] Building CUDA object ggml/src/ggml-cuda/CMakeFiles/ggml-cuda.dir/template-instances/fattn-mma-turbo-instance-dkq256-ncols1_16-ncols2_2.cu.o
/home/mark/buun_vbr/ggml/src/ggml-cuda/template-instances/../fattn-mma-turbo.cuh(29): warning #177-D: variable "nstages" was declared but never referenced
      constexpr int nstages = 0;
                    ^

Remark: The warnings can be suppressed with "-diag-suppress <warning-number>"

[ 18%] Building CUDA object ggml/src/ggml-cuda/CMakeFiles/ggml-cuda.dir/template-instances/fattn-mma-turbo-instance-dkq256-ncols1_16-ncols2_4.cu.o
/home/mark/buun_vbr/ggml/src/ggml-cuda/template-instances/../fattn-mma-turbo.cuh(29): warning #177-D: variable "nstages" was declared but never referenced
      constexpr int nstages = 0;
                    ^

Remark: The warnings can be suppressed with "-diag-suppress <warning-number>"

[ 18%] Building CUDA object ggml/src/ggml-cuda/CMakeFiles/ggml-cuda.dir/template-instances/fattn-mma-turbo-instance-dkq256-ncols1_2-ncols2_4.cu.o
/home/mark/buun_vbr/ggml/src/ggml-cuda/template-instances/../fattn-mma-turbo.cuh(29): warning #177-D: variable "nstages" was declared but never referenced
      constexpr int nstages = 0;
                    ^

Remark: The warnings can be suppressed with "-diag-suppress <warning-number>"

/home/mark/buun_vbr/ggml/src/ggml-cuda/template-instances/../fattn-mma-turbo.cuh(29): warning #177-D: variable "nstages" was declared but never referenced
      constexpr int nstages = 0;
                    ^

Remark: The warnings can be suppressed with "-diag-suppress <warning-number>"

/home/mark/buun_vbr/ggml/src/ggml-cuda/template-instances/../fattn-mma-turbo.cuh(29): warning #177-D: variable "nstages" was declared but never referenced
      constexpr int nstages = 0;
                    ^

Remark: The warnings can be suppressed with "-diag-suppress <warning-number>"

/home/mark/buun_vbr/ggml/src/ggml-cuda/template-instances/../fattn-mma-turbo.cuh(29): warning #177-D: variable "nstages" was declared but never referenced
      constexpr int nstages = 0;
                    ^

Remark: The warnings can be suppressed with "-diag-suppress <warning-number>"

[ 18%] Building CUDA object ggml/src/ggml-cuda/CMakeFiles/ggml-cuda.dir/template-instances/fattn-mma-turbo-instance-dkq256-ncols1_2-ncols2_8.cu.o
/home/mark/buun_vbr/ggml/src/ggml-cuda/template-instances/../fattn-mma-turbo.cuh(29): warning #177-D: variable "nstages" was declared but never referenced
      constexpr int nstages = 0;
                    ^

Remark: The warnings can be suppressed with "-diag-suppress <warning-number>"

[ 18%] Building CUDA object ggml/src/ggml-cuda/CMakeFiles/ggml-cuda.dir/template-instances/fattn-mma-turbo-instance-dkq256-ncols1_32-ncols2_1.cu.o
[ 18%] Building CUDA object ggml/src/ggml-cuda/CMakeFiles/ggml-cuda.dir/template-instances/fattn-mma-turbo-instance-dkq256-ncols1_32-ncols2_2.cu.o
/home/mark/buun_vbr/ggml/src/ggml-cuda/template-instances/../fattn-mma-turbo.cuh(29): warning #177-D: variable "nstages" was declared but never referenced
      constexpr int nstages = 0;
                    ^

Remark: The warnings can be suppressed with "-diag-suppress <warning-number>"

/home/mark/buun_vbr/ggml/src/ggml-cuda/template-instances/../fattn-mma-turbo.cuh(29): warning #177-D: variable "nstages" was declared but never referenced
      constexpr int nstages = 0;
                    ^

Remark: The warnings can be suppressed with "-diag-suppress <warning-number>"

[ 18%] Building CUDA object ggml/src/ggml-cuda/CMakeFiles/ggml-cuda.dir/template-instances/fattn-mma-turbo-instance-dkq256-ncols1_4-ncols2_2.cu.o
[ 18%] Building CUDA object ggml/src/ggml-cuda/CMakeFiles/ggml-cuda.dir/template-instances/fattn-mma-turbo-instance-dkq256-ncols1_4-ncols2_4.cu.o
[ 18%] Building CUDA object ggml/src/ggml-cuda/CMakeFiles/ggml-cuda.dir/template-instances/fattn-mma-turbo-instance-dkq256-ncols1_4-ncols2_8.cu.o
[ 18%] Building CUDA object ggml/src/ggml-cuda/CMakeFiles/ggml-cuda.dir/template-instances/fattn-mma-turbo-instance-dkq256-ncols1_64-ncols2_1.cu.o
/home/mark/buun_vbr/ggml/src/ggml-cuda/template-instances/../fattn-mma-turbo.cuh(29): warning #177-D: variable "nstages" was declared but never referenced
      constexpr int nstages = 0;
                    ^

Remark: The warnings can be suppressed with "-diag-suppress <warning-number>"

[ 18%] Building CUDA object ggml/src/ggml-cuda/CMakeFiles/ggml-cuda.dir/template-instances/fattn-mma-turbo-instance-dkq256-ncols1_8-ncols2_1.cu.o
/home/mark/buun_vbr/ggml/src/ggml-cuda/template-instances/../fattn-mma-turbo.cuh(29): warning #177-D: variable "nstages" was declared but never referenced
      constexpr int nstages = 0;
                    ^

Remark: The warnings can be suppressed with "-diag-suppress <warning-number>"

/home/mark/buun_vbr/ggml/src/ggml-cuda/template-instances/../fattn-mma-turbo.cuh(29): warning #177-D: variable "nstages" was declared but never referenced
      constexpr int nstages = 0;
                    ^

Remark: The warnings can be suppressed with "-diag-suppress <warning-number>"

[ 18%] Building CUDA object ggml/src/ggml-cuda/CMakeFiles/ggml-cuda.dir/template-instances/fattn-mma-turbo-instance-dkq256-ncols1_8-ncols2_2.cu.o
[ 19%] Building CUDA object ggml/src/ggml-cuda/CMakeFiles/ggml-cuda.dir/template-instances/fattn-mma-turbo-instance-dkq256-ncols1_8-ncols2_4.cu.o
/home/mark/buun_vbr/ggml/src/ggml-cuda/template-instances/../fattn-mma-turbo.cuh(29): warning #177-D: variable "nstages" was declared but never referenced
      constexpr int nstages = 0;
                    ^

Remark: The warnings can be suppressed with "-diag-suppress <warning-number>"

/home/mark/buun_vbr/ggml/src/ggml-cuda/template-instances/../fattn-mma-turbo.cuh(29): warning #177-D: variable "nstages" was declared but never referenced
      constexpr int nstages = 0;
                    ^

Remark: The warnings can be suppressed with "-diag-suppress <warning-number>"

[ 19%] Building CUDA object ggml/src/ggml-cuda/CMakeFiles/ggml-cuda.dir/template-instances/fattn-mma-turbo-instance-dkq256-ncols1_8-ncols2_8.cu.o
/home/mark/buun_vbr/ggml/src/ggml-cuda/template-instances/../fattn-mma-turbo.cuh(29): warning #177-D: variable "nstages" was declared but never referenced
      constexpr int nstages = 0;
                    ^

Remark: The warnings can be suppressed with "-diag-suppress <warning-number>"

/home/mark/buun_vbr/ggml/src/ggml-cuda/template-instances/../fattn-mma-turbo.cuh(29): warning #177-D: variable "nstages" was declared but never referenced
      constexpr int nstages = 0;
                    ^

Remark: The warnings can be suppressed with "-diag-suppress <warning-number>"

/home/mark/buun_vbr/ggml/src/ggml-cuda/template-instances/../fattn-mma-turbo.cuh(29): warning #177-D: variable "nstages" was declared but never referenced
      constexpr int nstages = 0;
                    ^

Remark: The warnings can be suppressed with "-diag-suppress <warning-number>"

[ 19%] Building CUDA object ggml/src/ggml-cuda/CMakeFiles/ggml-cuda.dir/template-instances/fattn-mma-turbo-turbo1_tcq-instance-dkq128-ncols1_1-ncols2_8.cu.o
[ 19%] Building CUDA object ggml/src/ggml-cuda/CMakeFiles/ggml-cuda.dir/template-instances/fattn-mma-turbo-turbo1_tcq-instance-dkq128-ncols1_16-ncols2_1.cu.o
/home/mark/buun_vbr/ggml/src/ggml-cuda/template-instances/../fattn-mma-turbo.cuh(29): warning #177-D: variable "nstages" was declared but never referenced
      constexpr int nstages = 0;
                    ^

Remark: The warnings can be suppressed with "-diag-suppress <warning-number>"

[ 19%] Building CUDA object ggml/src/ggml-cuda/CMakeFiles/ggml-cuda.dir/template-instances/fattn-mma-turbo-turbo1_tcq-instance-dkq128-ncols1_16-ncols2_2.cu.o
/home/mark/buun_vbr/ggml/src/ggml-cuda/template-instances/../fattn-mma-turbo.cuh(29): warning #177-D: variable "nstages" was declared but never referenced
      constexpr int nstages = 0;
                    ^

Remark: The warnings can be suppressed with "-diag-suppress <warning-number>"

/home/mark/buun_vbr/ggml/src/ggml-cuda/template-instances/../fattn-mma-turbo.cuh(29): warning #177-D: variable "nstages" was declared but never referenced
      constexpr int nstages = 0;
                    ^

Remark: The warnings can be suppressed with "-diag-suppress <warning-number>"

[ 19%] Building CUDA object ggml/src/ggml-cuda/CMakeFiles/ggml-cuda.dir/template-instances/fattn-mma-turbo-turbo1_tcq-instance-dkq128-ncols1_16-ncols2_4.cu.o
[ 19%] Building CUDA object ggml/src/ggml-cuda/CMakeFiles/ggml-cuda.dir/template-instances/fattn-mma-turbo-turbo1_tcq-instance-dkq128-ncols1_2-ncols2_4.cu.o
[ 19%] Building CUDA object ggml/src/ggml-cuda/CMakeFiles/ggml-cuda.dir/template-instances/fattn-mma-turbo-turbo1_tcq-instance-dkq128-ncols1_2-ncols2_8.cu.o
[ 19%] Building CUDA object ggml/src/ggml-cuda/CMakeFiles/ggml-cuda.dir/template-instances/fattn-mma-turbo-turbo1_tcq-instance-dkq128-ncols1_32-ncols2_1.cu.o
/home/mark/buun_vbr/ggml/src/ggml-cuda/template-instances/../fattn-mma-turbo.cuh(29): warning #177-D: variable "nstages" was declared but never referenced
      constexpr int nstages = 0;
                    ^

Remark: The warnings can be suppressed with "-diag-suppress <warning-number>"

[ 19%] Building CUDA object ggml/src/ggml-cuda/CMakeFiles/ggml-cuda.dir/template-instances/fattn-mma-turbo-turbo1_tcq-instance-dkq128-ncols1_32-ncols2_2.cu.o
/home/mark/buun_vbr/ggml/src/ggml-cuda/template-instances/../fattn-mma-turbo.cuh(29): warning #177-D: variable "nstages" was declared but never referenced
      constexpr int nstages = 0;
                    ^

Remark: The warnings can be suppressed with "-diag-suppress <warning-number>"

/home/mark/buun_vbr/ggml/src/ggml-cuda/template-instances/../fattn-mma-turbo.cuh(29): warning #177-D: variable "nstages" was declared but never referenced
      constexpr int nstages = 0;
                    ^

Remark: The warnings can be suppressed with "-diag-suppress <warning-number>"

[ 19%] Building CUDA object ggml/src/ggml-cuda/CMakeFiles/ggml-cuda.dir/template-instances/fattn-mma-turbo-turbo1_tcq-instance-dkq128-ncols1_4-ncols2_2.cu.o
[ 20%] Building CUDA object ggml/src/ggml-cuda/CMakeFiles/ggml-cuda.dir/template-instances/fattn-mma-turbo-turbo1_tcq-instance-dkq128-ncols1_4-ncols2_4.cu.o
/home/mark/buun_vbr/ggml/src/ggml-cuda/template-instances/../fattn-mma-turbo.cuh(29): warning #177-D: variable "nstages" was declared but never referenced
      constexpr int nstages = 0;
                    ^

Remark: The warnings can be suppressed with "-diag-suppress <warning-number>"

/home/mark/buun_vbr/ggml/src/ggml-cuda/template-instances/../fattn-mma-turbo.cuh(29): warning #177-D: variable "nstages" was declared but never referenced
      constexpr int nstages = 0;
                    ^

Remark: The warnings can be suppressed with "-diag-suppress <warning-number>"

/home/mark/buun_vbr/ggml/src/ggml-cuda/template-instances/../fattn-mma-turbo.cuh(29): warning #177-D: variable "nstages" was declared but never referenced
      constexpr int nstages = 0;
                    ^

Remark: The warnings can be suppressed with "-diag-suppress <warning-number>"

[ 20%] Building CUDA object ggml/src/ggml-cuda/CMakeFiles/ggml-cuda.dir/template-instances/fattn-mma-turbo-turbo1_tcq-instance-dkq128-ncols1_4-ncols2_8.cu.o
/home/mark/buun_vbr/ggml/src/ggml-cuda/template-instances/../fattn-mma-turbo.cuh(29): warning #177-D: variable "nstages" was declared but never referenced
      constexpr int nstages = 0;
                    ^

Remark: The warnings can be suppressed with "-diag-suppress <warning-number>"

/home/mark/buun_vbr/ggml/src/ggml-cuda/template-instances/../fattn-mma-turbo.cuh(29): warning #177-D: variable "nstages" was declared but never referenced
      constexpr int nstages = 0;
                    ^

Remark: The warnings can be suppressed with "-diag-suppress <warning-number>"

[ 20%] Building CUDA object ggml/src/ggml-cuda/CMakeFiles/ggml-cuda.dir/template-instances/fattn-mma-turbo-turbo1_tcq-instance-dkq128-ncols1_64-ncols2_1.cu.o
[ 20%] Building CUDA object ggml/src/ggml-cuda/CMakeFiles/ggml-cuda.dir/template-instances/fattn-mma-turbo-turbo1_tcq-instance-dkq128-ncols1_8-ncols2_1.cu.o
/home/mark/buun_vbr/ggml/src/ggml-cuda/template-instances/../fattn-mma-turbo.cuh(29): warning #177-D: variable "nstages" was declared but never referenced
      constexpr int nstages = 0;
                    ^

Remark: The warnings can be suppressed with "-diag-suppress <warning-number>"

[ 20%] Building CUDA object ggml/src/ggml-cuda/CMakeFiles/ggml-cuda.dir/template-instances/fattn-mma-turbo-turbo1_tcq-instance-dkq128-ncols1_8-ncols2_2.cu.o
/home/mark/buun_vbr/ggml/src/ggml-cuda/template-instances/../fattn-mma-turbo.cuh(29): warning #177-D: variable "nstages" was declared but never referenced
      constexpr int nstages = 0;
                    ^

Remark: The warnings can be suppressed with "-diag-suppress <warning-number>"

/home/mark/buun_vbr/ggml/src/ggml-cuda/template-instances/../fattn-mma-turbo.cuh(29): warning #177-D: variable "nstages" was declared but never referenced
      constexpr int nstages = 0;
                    ^

Remark: The warnings can be suppressed with "-diag-suppress <warning-number>"

[ 20%] Building CUDA object ggml/src/ggml-cuda/CMakeFiles/ggml-cuda.dir/template-instances/fattn-mma-turbo-turbo1_tcq-instance-dkq128-ncols1_8-ncols2_4.cu.o
[ 20%] Building CUDA object ggml/src/ggml-cuda/CMakeFiles/ggml-cuda.dir/template-instances/fattn-mma-turbo-turbo1_tcq-instance-dkq128-ncols1_8-ncols2_8.cu.o
[ 20%] Building CUDA object ggml/src/ggml-cuda/CMakeFiles/ggml-cuda.dir/template-instances/fattn-mma-turbo-turbo1_tcq-instance-dkq256-ncols1_1-ncols2_8.cu.o
[ 20%] Building CUDA object ggml/src/ggml-cuda/CMakeFiles/ggml-cuda.dir/template-instances/fattn-mma-turbo-turbo1_tcq-instance-dkq256-ncols1_16-ncols2_1.cu.o
/home/mark/buun_vbr/ggml/src/ggml-cuda/template-instances/../fattn-mma-turbo.cuh(29): warning #177-D: variable "nstages" was declared but never referenced
      constexpr int nstages = 0;
                    ^

Remark: The warnings can be suppressed with "-diag-suppress <warning-number>"

[ 20%] Building CUDA object ggml/src/ggml-cuda/CMakeFiles/ggml-cuda.dir/template-instances/fattn-mma-turbo-turbo1_tcq-instance-dkq256-ncols1_16-ncols2_2.cu.o
/home/mark/buun_vbr/ggml/src/ggml-cuda/template-instances/../fattn-mma-turbo.cuh(29): warning #177-D: variable "nstages" was declared but never referenced
      constexpr int nstages = 0;
                    ^

Remark: The warnings can be suppressed with "-diag-suppress <warning-number>"

/home/mark/buun_vbr/ggml/src/ggml-cuda/template-instances/../fattn-mma-turbo.cuh(29): warning #177-D: variable "nstages" was declared but never referenced
      constexpr int nstages = 0;
                    ^

Remark: The warnings can be suppressed with "-diag-suppress <warning-number>"

[ 21%] Building CUDA object ggml/src/ggml-cuda/CMakeFiles/ggml-cuda.dir/template-instances/fattn-mma-turbo-turbo1_tcq-instance-dkq256-ncols1_16-ncols2_4.cu.o
[ 21%] Building CUDA object ggml/src/ggml-cuda/CMakeFiles/ggml-cuda.dir/template-instances/fattn-mma-turbo-turbo1_tcq-instance-dkq256-ncols1_2-ncols2_4.cu.o
/home/mark/buun_vbr/ggml/src/ggml-cuda/template-instances/../fattn-mma-turbo.cuh(29): warning #177-D: variable "nstages" was declared but never referenced
      constexpr int nstages = 0;
                    ^

Remark: The warnings can be suppressed with "-diag-suppress <warning-number>"

/home/mark/buun_vbr/ggml/src/ggml-cuda/template-instances/../fattn-mma-turbo.cuh(29): warning #177-D: variable "nstages" was declared but never referenced
      constexpr int nstages = 0;
                    ^

Remark: The warnings can be suppressed with "-diag-suppress <warning-number>"

/home/mark/buun_vbr/ggml/src/ggml-cuda/template-instances/../fattn-mma-turbo.cuh(29): warning #177-D: variable "nstages" was declared but never referenced
      constexpr int nstages = 0;
                    ^

Remark: The warnings can be suppressed with "-diag-suppress <warning-number>"

[ 21%] Building CUDA object ggml/src/ggml-cuda/CMakeFiles/ggml-cuda.dir/template-instances/fattn-mma-turbo-turbo1_tcq-instance-dkq256-ncols1_2-ncols2_8.cu.o
/home/mark/buun_vbr/ggml/src/ggml-cuda/template-instances/../fattn-mma-turbo.cuh(29): warning #177-D: variable "nstages" was declared but never referenced
      constexpr int nstages = 0;
                    ^

Remark: The warnings can be suppressed with "-diag-suppress <warning-number>"

[ 21%] Building CUDA object ggml/src/ggml-cuda/CMakeFiles/ggml-cuda.dir/template-instances/fattn-mma-turbo-turbo1_tcq-instance-dkq256-ncols1_32-ncols2_1.cu.o
/home/mark/buun_vbr/ggml/src/ggml-cuda/template-instances/../fattn-mma-turbo.cuh(29): warning #177-D: variable "nstages" was declared but never referenced
      constexpr int nstages = 0;
                    ^

Remark: The warnings can be suppressed with "-diag-suppress <warning-number>"

[ 21%] Building CUDA object ggml/src/ggml-cuda/CMakeFiles/ggml-cuda.dir/template-instances/fattn-mma-turbo-turbo1_tcq-instance-dkq256-ncols1_32-ncols2_2.cu.o
/home/mark/buun_vbr/ggml/src/ggml-cuda/template-instances/../fattn-mma-turbo.cuh(29): warning #177-D: variable "nstages" was declared but never referenced
      constexpr int nstages = 0;
                    ^

Remark: The warnings can be suppressed with "-diag-suppress <warning-number>"

[ 21%] Building CUDA object ggml/src/ggml-cuda/CMakeFiles/ggml-cuda.dir/template-instances/fattn-mma-turbo-turbo1_tcq-instance-dkq256-ncols1_4-ncols2_2.cu.o
/home/mark/buun_vbr/ggml/src/ggml-cuda/template-instances/../fattn-mma-turbo.cuh(29): warning #177-D: variable "nstages" was declared but never referenced
      constexpr int nstages = 0;
                    ^

Remark: The warnings can be suppressed with "-diag-suppress <warning-number>"

/home/mark/buun_vbr/ggml/src/ggml-cuda/template-instances/../fattn-mma-turbo.cuh(29): warning #177-D: variable "nstages" was declared but never referenced
      constexpr int nstages = 0;
                    ^

Remark: The warnings can be suppressed with "-diag-suppress <warning-number>"

[ 21%] Building CUDA object ggml/src/ggml-cuda/CMakeFiles/ggml-cuda.dir/template-instances/fattn-mma-turbo-turbo1_tcq-instance-dkq256-ncols1_4-ncols2_4.cu.o
[ 21%] Building CUDA object ggml/src/ggml-cuda/CMakeFiles/ggml-cuda.dir/template-instances/fattn-mma-turbo-turbo1_tcq-instance-dkq256-ncols1_4-ncols2_8.cu.o
[ 21%] Building CUDA object ggml/src/ggml-cuda/CMakeFiles/ggml-cuda.dir/template-instances/fattn-mma-turbo-turbo1_tcq-instance-dkq256-ncols1_64-ncols2_1.cu.o
[ 21%] Building CUDA object ggml/src/ggml-cuda/CMakeFiles/ggml-cuda.dir/template-instances/fattn-mma-turbo-turbo1_tcq-instance-dkq256-ncols1_8-ncols2_1.cu.o
/home/mark/buun_vbr/ggml/src/ggml-cuda/template-instances/../fattn-mma-turbo.cuh(29): warning #177-D: variable "nstages" was declared but never referenced
      constexpr int nstages = 0;
                    ^

Remark: The warnings can be suppressed with "-diag-suppress <warning-number>"

/home/mark/buun_vbr/ggml/src/ggml-cuda/template-instances/../fattn-mma-turbo.cuh(29): warning #177-D: variable "nstages" was declared but never referenced
      constexpr int nstages = 0;
                    ^

Remark: The warnings can be suppressed with "-diag-suppress <warning-number>"

[ 21%] Building CUDA object ggml/src/ggml-cuda/CMakeFiles/ggml-cuda.dir/template-instances/fattn-mma-turbo-turbo1_tcq-instance-dkq256-ncols1_8-ncols2_2.cu.o
/home/mark/buun_vbr/ggml/src/ggml-cuda/template-instances/../fattn-mma-turbo.cuh(29): warning #177-D: variable "nstages" was declared but never referenced
      constexpr int nstages = 0;
                    ^

Remark: The warnings can be suppressed with "-diag-suppress <warning-number>"

[ 22%] Building CUDA object ggml/src/ggml-cuda/CMakeFiles/ggml-cuda.dir/template-instances/fattn-mma-turbo-turbo1_tcq-instance-dkq256-ncols1_8-ncols2_4.cu.o
[ 22%] Building CUDA object ggml/src/ggml-cuda/CMakeFiles/ggml-cuda.dir/template-instances/fattn-mma-turbo-turbo1_tcq-instance-dkq256-ncols1_8-ncols2_8.cu.o
/home/mark/buun_vbr/ggml/src/ggml-cuda/template-instances/../fattn-mma-turbo.cuh(29): warning #177-D: variable "nstages" was declared but never referenced
      constexpr int nstages = 0;
                    ^

Remark: The warnings can be suppressed with "-diag-suppress <warning-number>"

/home/mark/buun_vbr/ggml/src/ggml-cuda/template-instances/../fattn-mma-turbo.cuh(29): warning #177-D: variable "nstages" was declared but never referenced
      constexpr int nstages = 0;
                    ^

Remark: The warnings can be suppressed with "-diag-suppress <warning-number>"

[ 22%] Building CUDA object ggml/src/ggml-cuda/CMakeFiles/ggml-cuda.dir/template-instances/fattn-mma-turbo-turbo1tcqk_turbo2tcqv-instance-dkq256-ncols1_1-ncols2_8.cu.o
[ 22%] Building CUDA object ggml/src/ggml-cuda/CMakeFiles/ggml-cuda.dir/template-instances/fattn-mma-turbo-turbo1tcqk_turbo2tcqv-instance-dkq256-ncols1_16-ncols2_1.cu.o
/home/mark/buun_vbr/ggml/src/ggml-cuda/template-instances/../fattn-mma-turbo.cuh(29): warning #177-D: variable "nstages" was declared but never referenced
      constexpr int nstages = 0;
                    ^

Remark: The warnings can be suppressed with "-diag-suppress <warning-number>"

/home/mark/buun_vbr/ggml/src/ggml-cuda/template-instances/../fattn-mma-turbo.cuh(29): warning #177-D: variable "nstages" was declared but never referenced
      constexpr int nstages = 0;
                    ^

Remark: The warnings can be suppressed with "-diag-suppress <warning-number>"

/home/mark/buun_vbr/ggml/src/ggml-cuda/template-instances/../fattn-mma-turbo.cuh(29): warning #177-D: variable "nstages" was declared but never referenced
      constexpr int nstages = 0;
                    ^

Remark: The warnings can be suppressed with "-diag-suppress <warning-number>"

[ 22%] Building CUDA object ggml/src/ggml-cuda/CMakeFiles/ggml-cuda.dir/template-instances/fattn-mma-turbo-turbo1tcqk_turbo2tcqv-instance-dkq256-ncols1_16-ncols2_2.cu.o
/home/mark/buun_vbr/ggml/src/ggml-cuda/template-instances/../fattn-mma-turbo.cuh(29): warning #177-D: variable "nstages" was declared but never referenced
      constexpr int nstages = 0;
                    ^

Remark: The warnings can be suppressed with "-diag-suppress <warning-number>"

[ 22%] Building CUDA object ggml/src/ggml-cuda/CMakeFiles/ggml-cuda.dir/template-instances/fattn-mma-turbo-turbo1tcqk_turbo2tcqv-instance-dkq256-ncols1_16-ncols2_4.cu.o
/home/mark/buun_vbr/ggml/src/ggml-cuda/template-instances/../fattn-mma-turbo.cuh(29): warning #177-D: variable "nstages" was declared but never referenced
      constexpr int nstages = 0;
                    ^

Remark: The warnings can be suppressed with "-diag-suppress <warning-number>"

/home/mark/buun_vbr/ggml/src/ggml-cuda/template-instances/../fattn-mma-turbo.cuh(29): warning #177-D: variable "nstages" was declared but never referenced
      constexpr int nstages = 0;
                    ^

Remark: The warnings can be suppressed with "-diag-suppress <warning-number>"

[ 22%] Building CUDA object ggml/src/ggml-cuda/CMakeFiles/ggml-cuda.dir/template-instances/fattn-mma-turbo-turbo1tcqk_turbo2tcqv-instance-dkq256-ncols1_2-ncols2_4.cu.o
[ 22%] Building CUDA object ggml/src/ggml-cuda/CMakeFiles/ggml-cuda.dir/template-instances/fattn-mma-turbo-turbo1tcqk_turbo2tcqv-instance-dkq256-ncols1_2-ncols2_8.cu.o
[ 22%] Building CUDA object ggml/src/ggml-cuda/CMakeFiles/ggml-cuda.dir/template-instances/fattn-mma-turbo-turbo1tcqk_turbo2tcqv-instance-dkq256-ncols1_32-ncols2_1.cu.o
[ 22%] Building CUDA object ggml/src/ggml-cuda/CMakeFiles/ggml-cuda.dir/template-instances/fattn-mma-turbo-turbo1tcqk_turbo2tcqv-instance-dkq256-ncols1_32-ncols2_2.cu.o
[ 22%] Building CUDA object ggml/src/ggml-cuda/CMakeFiles/ggml-cuda.dir/template-instances/fattn-mma-turbo-turbo1tcqk_turbo2tcqv-instance-dkq256-ncols1_4-ncols2_2.cu.o
/home/mark/buun_vbr/ggml/src/ggml-cuda/template-instances/../fattn-mma-turbo.cuh(29): warning #177-D: variable "nstages" was declared but never referenced
      constexpr int nstages = 0;
                    ^

Remark: The warnings can be suppressed with "-diag-suppress <warning-number>"

/home/mark/buun_vbr/ggml/src/ggml-cuda/template-instances/../fattn-mma-turbo.cuh(29): warning #177-D: variable "nstages" was declared but never referenced
      constexpr int nstages = 0;
                    ^

Remark: The warnings can be suppressed with "-diag-suppress <warning-number>"

/home/mark/buun_vbr/ggml/src/ggml-cuda/template-instances/../fattn-mma-turbo.cuh(29): warning #177-D: variable "nstages" was declared but never referenced
      constexpr int nstages = 0;
                    ^

Remark: The warnings can be suppressed with "-diag-suppress <warning-number>"

[ 23%] Building CUDA object ggml/src/ggml-cuda/CMakeFiles/ggml-cuda.dir/template-instances/fattn-mma-turbo-turbo1tcqk_turbo2tcqv-instance-dkq256-ncols1_4-ncols2_4.cu.o
[ 23%] Building CUDA object ggml/src/ggml-cuda/CMakeFiles/ggml-cuda.dir/template-instances/fattn-mma-turbo-turbo1tcqk_turbo2tcqv-instance-dkq256-ncols1_4-ncols2_8.cu.o
/home/mark/buun_vbr/ggml/src/ggml-cuda/template-instances/../fattn-mma-turbo.cuh(29): warning #177-D: variable "nstages" was declared but never referenced
      constexpr int nstages = 0;
                    ^

Remark: The warnings can be suppressed with "-diag-suppress <warning-number>"

/home/mark/buun_vbr/ggml/src/ggml-cuda/template-instances/../fattn-mma-turbo.cuh(29): warning #177-D: variable "nstages" was declared but never referenced
      constexpr int nstages = 0;
                    ^

Remark: The warnings can be suppressed with "-diag-suppress <warning-number>"

[ 23%] Building CUDA object ggml/src/ggml-cuda/CMakeFiles/ggml-cuda.dir/template-instances/fattn-mma-turbo-turbo1tcqk_turbo2tcqv-instance-dkq256-ncols1_64-ncols2_1.cu.o
/home/mark/buun_vbr/ggml/src/ggml-cuda/template-instances/../fattn-mma-turbo.cuh(29): warning #177-D: variable "nstages" was declared but never referenced
      constexpr int nstages = 0;
                    ^

Remark: The warnings can be suppressed with "-diag-suppress <warning-number>"

/home/mark/buun_vbr/ggml/src/ggml-cuda/template-instances/../fattn-mma-turbo.cuh(29): warning #177-D: variable "nstages" was declared but never referenced
      constexpr int nstages = 0;
                    ^

Remark: The warnings can be suppressed with "-diag-suppress <warning-number>"

/home/mark/buun_vbr/ggml/src/ggml-cuda/template-instances/../fattn-mma-turbo.cuh(29): warning #177-D: variable "nstages" was declared but never referenced
      constexpr int nstages = 0;
                    ^

Remark: The warnings can be suppressed with "-diag-suppress <warning-number>"

[ 23%] Building CUDA object ggml/src/ggml-cuda/CMakeFiles/ggml-cuda.dir/template-instances/fattn-mma-turbo-turbo1tcqk_turbo2tcqv-instance-dkq256-ncols1_8-ncols2_1.cu.o
/home/mark/buun_vbr/ggml/src/ggml-cuda/template-instances/../fattn-mma-turbo.cuh(29): warning #177-D: variable "nstages" was declared but never referenced
      constexpr int nstages = 0;
                    ^

Remark: The warnings can be suppressed with "-diag-suppress <warning-number>"

[ 23%] Building CUDA object ggml/src/ggml-cuda/CMakeFiles/ggml-cuda.dir/template-instances/fattn-mma-turbo-turbo1tcqk_turbo2tcqv-instance-dkq256-ncols1_8-ncols2_2.cu.o
[ 23%] Building CUDA object ggml/src/ggml-cuda/CMakeFiles/ggml-cuda.dir/template-instances/fattn-mma-turbo-turbo1tcqk_turbo2tcqv-instance-dkq256-ncols1_8-ncols2_4.cu.o
/home/mark/buun_vbr/ggml/src/ggml-cuda/template-instances/../fattn-mma-turbo.cuh(29): warning #177-D: variable "nstages" was declared but never referenced
      constexpr int nstages = 0;
                    ^

Remark: The warnings can be suppressed with "-diag-suppress <warning-number>"

/home/mark/buun_vbr/ggml/src/ggml-cuda/template-instances/../fattn-mma-turbo.cuh(29): warning #177-D: variable "nstages" was declared but never referenced
      constexpr int nstages = 0;
                    ^

Remark: The warnings can be suppressed with "-diag-suppress <warning-number>"

[ 23%] Building CUDA object ggml/src/ggml-cuda/CMakeFiles/ggml-cuda.dir/template-instances/fattn-mma-turbo-turbo1tcqk_turbo2tcqv-instance-dkq256-ncols1_8-ncols2_8.cu.o
[ 23%] Building CUDA object ggml/src/ggml-cuda/CMakeFiles/ggml-cuda.dir/template-instances/fattn-mma-turbo-turbo2_0-instance-dkq128-ncols1_1-ncols2_8.cu.o
[ 23%] Building CUDA object ggml/src/ggml-cuda/CMakeFiles/ggml-cuda.dir/template-instances/fattn-mma-turbo-turbo2_0-instance-dkq128-ncols1_16-ncols2_1.cu.o
[ 23%] Building CUDA object ggml/src/ggml-cuda/CMakeFiles/ggml-cuda.dir/template-instances/fattn-mma-turbo-turbo2_0-instance-dkq128-ncols1_16-ncols2_4.cu.o
[ 23%] Building CUDA object ggml/src/ggml-cuda/CMakeFiles/ggml-cuda.dir/template-instances/fattn-mma-turbo-turbo2_0-instance-dkq128-ncols1_16-ncols2_2.cu.o
/home/mark/buun_vbr/ggml/src/ggml-cuda/template-instances/../fattn-mma-turbo.cuh(29): warning #177-D: variable "nstages" was declared but never referenced
      constexpr int nstages = 0;
                    ^

Remark: The warnings can be suppressed with "-diag-suppress <warning-number>"

/home/mark/buun_vbr/ggml/src/ggml-cuda/template-instances/../fattn-mma-turbo.cuh(29): warning #177-D: variable "nstages" was declared but never referenced
      constexpr int nstages = 0;
                    ^

Remark: The warnings can be suppressed with "-diag-suppress <warning-number>"

/home/mark/buun_vbr/ggml/src/ggml-cuda/template-instances/../fattn-mma-turbo.cuh(29): warning #177-D: variable "nstages" was declared but never referenced
      constexpr int nstages = 0;
                    ^

Remark: The warnings can be suppressed with "-diag-suppress <warning-number>"

[ 24%] Building CUDA object ggml/src/ggml-cuda/CMakeFiles/ggml-cuda.dir/template-instances/fattn-mma-turbo-turbo2_0-instance-dkq128-ncols1_2-ncols2_4.cu.o
[ 24%] Building CUDA object ggml/src/ggml-cuda/CMakeFiles/ggml-cuda.dir/template-instances/fattn-mma-turbo-turbo2_0-instance-dkq128-ncols1_2-ncols2_8.cu.o
/home/mark/buun_vbr/ggml/src/ggml-cuda/template-instances/../fattn-mma-turbo.cuh(29): warning #177-D: variable "nstages" was declared but never referenced
      constexpr int nstages = 0;
                    ^

Remark: The warnings can be suppressed with "-diag-suppress <warning-number>"

/home/mark/buun_vbr/ggml/src/ggml-cuda/template-instances/../fattn-mma-turbo.cuh(29): warning #177-D: variable "nstages" was declared but never referenced
      constexpr int nstages = 0;
                    ^

Remark: The warnings can be suppressed with "-diag-suppress <warning-number>"

/home/mark/buun_vbr/ggml/src/ggml-cuda/template-instances/../fattn-mma-turbo.cuh(29): warning #177-D: variable "nstages" was declared but never referenced
      constexpr int nstages = 0;
                    ^

Remark: The warnings can be suppressed with "-diag-suppress <warning-number>"

[ 24%] Building CUDA object ggml/src/ggml-cuda/CMakeFiles/ggml-cuda.dir/template-instances/fattn-mma-turbo-turbo2_0-instance-dkq128-ncols1_32-ncols2_1.cu.o
/home/mark/buun_vbr/ggml/src/ggml-cuda/template-instances/../fattn-mma-turbo.cuh(29): warning #177-D: variable "nstages" was declared but never referenced
      constexpr int nstages = 0;
                    ^

Remark: The warnings can be suppressed with "-diag-suppress <warning-number>"

/home/mark/buun_vbr/ggml/src/ggml-cuda/template-instances/../fattn-mma-turbo.cuh(29): warning #177-D: variable "nstages" was declared but never referenced
      constexpr int nstages = 0;
                    ^

Remark: The warnings can be suppressed with "-diag-suppress <warning-number>"

/home/mark/buun_vbr/ggml/src/ggml-cuda/template-instances/../fattn-mma-turbo.cuh(29): warning #177-D: variable "nstages" was declared but never referenced
      constexpr int nstages = 0;
                    ^

Remark: The warnings can be suppressed with "-diag-suppress <warning-number>"

[ 24%] Building CUDA object ggml/src/ggml-cuda/CMakeFiles/ggml-cuda.dir/template-instances/fattn-mma-turbo-turbo2_0-instance-dkq128-ncols1_32-ncols2_2.cu.o
[ 24%] Building CUDA object ggml/src/ggml-cuda/CMakeFiles/ggml-cuda.dir/template-instances/fattn-mma-turbo-turbo2_0-instance-dkq128-ncols1_4-ncols2_2.cu.o
[ 24%] Building CUDA object ggml/src/ggml-cuda/CMakeFiles/ggml-cuda.dir/template-instances/fattn-mma-turbo-turbo2_0-instance-dkq128-ncols1_4-ncols2_4.cu.o
/home/mark/buun_vbr/ggml/src/ggml-cuda/template-instances/../fattn-mma-turbo.cuh(29): warning #177-D: variable "nstages" was declared but never referenced
      constexpr int nstages = 0;
                    ^

Remark: The warnings can be suppressed with "-diag-suppress <warning-number>"

/home/mark/buun_vbr/ggml/src/ggml-cuda/template-instances/../fattn-mma-turbo.cuh(29): warning #177-D: variable "nstages" was declared but never referenced
      constexpr int nstages = 0;
                    ^

Remark: The warnings can be suppressed with "-diag-suppress <warning-number>"

[ 24%] Building CUDA object ggml/src/ggml-cuda/CMakeFiles/ggml-cuda.dir/template-instances/fattn-mma-turbo-turbo2_0-instance-dkq128-ncols1_4-ncols2_8.cu.o
[ 24%] Building CUDA object ggml/src/ggml-cuda/CMakeFiles/ggml-cuda.dir/template-instances/fattn-mma-turbo-turbo2_0-instance-dkq128-ncols1_64-ncols2_1.cu.o
[ 24%] Building CUDA object ggml/src/ggml-cuda/CMakeFiles/ggml-cuda.dir/template-instances/fattn-mma-turbo-turbo2_0-instance-dkq128-ncols1_8-ncols2_1.cu.o
[ 24%] Building CUDA object ggml/src/ggml-cuda/CMakeFiles/ggml-cuda.dir/template-instances/fattn-mma-turbo-turbo2_0-instance-dkq128-ncols1_8-ncols2_2.cu.o
[ 25%] Building CUDA object ggml/src/ggml-cuda/CMakeFiles/ggml-cuda.dir/template-instances/fattn-mma-turbo-turbo2_0-instance-dkq128-ncols1_8-ncols2_4.cu.o
/home/mark/buun_vbr/ggml/src/ggml-cuda/template-instances/../fattn-mma-turbo.cuh(29): warning #177-D: variable "nstages" was declared but never referenced
      constexpr int nstages = 0;
                    ^

Remark: The warnings can be suppressed with "-diag-suppress <warning-number>"

/home/mark/buun_vbr/ggml/src/ggml-cuda/template-instances/../fattn-mma-turbo.cuh(29): warning #177-D: variable "nstages" was declared but never referenced
      constexpr int nstages = 0;
                    ^

Remark: The warnings can be suppressed with "-diag-suppress <warning-number>"

/home/mark/buun_vbr/ggml/src/ggml-cuda/template-instances/../fattn-mma-turbo.cuh(29): warning #177-D: variable "nstages" was declared but never referenced
      constexpr int nstages = 0;
                    ^

Remark: The warnings can be suppressed with "-diag-suppress <warning-number>"

[ 25%] Building CUDA object ggml/src/ggml-cuda/CMakeFiles/ggml-cuda.dir/template-instances/fattn-mma-turbo-turbo2_0-instance-dkq128-ncols1_8-ncols2_8.cu.o
[ 25%] Building CUDA object ggml/src/ggml-cuda/CMakeFiles/ggml-cuda.dir/template-instances/fattn-mma-turbo-turbo2_0-instance-dkq256-ncols1_1-ncols2_8.cu.o
/home/mark/buun_vbr/ggml/src/ggml-cuda/template-instances/../fattn-mma-turbo.cuh(29): warning #177-D: variable "nstages" was declared but never referenced
      constexpr int nstages = 0;
                    ^

Remark: The warnings can be suppressed with "-diag-suppress <warning-number>"

/home/mark/buun_vbr/ggml/src/ggml-cuda/template-instances/../fattn-mma-turbo.cuh(29): warning #177-D: variable "nstages" was declared but never referenced
      constexpr int nstages = 0;
                    ^

Remark: The warnings can be suppressed with "-diag-suppress <warning-number>"

/home/mark/buun_vbr/ggml/src/ggml-cuda/template-instances/../fattn-mma-turbo.cuh(29): warning #177-D: variable "nstages" was declared but never referenced
      constexpr int nstages = 0;
                    ^

Remark: The warnings can be suppressed with "-diag-suppress <warning-number>"

[ 25%] Building CUDA object ggml/src/ggml-cuda/CMakeFiles/ggml-cuda.dir/template-instances/fattn-mma-turbo-turbo2_0-instance-dkq256-ncols1_16-ncols2_1.cu.o
/home/mark/buun_vbr/ggml/src/ggml-cuda/template-instances/../fattn-mma-turbo.cuh(29): warning #177-D: variable "nstages" was declared but never referenced
      constexpr int nstages = 0;
                    ^

Remark: The warnings can be suppressed with "-diag-suppress <warning-number>"

/home/mark/buun_vbr/ggml/src/ggml-cuda/template-instances/../fattn-mma-turbo.cuh(29): warning #177-D: variable "nstages" was declared but never referenced
      constexpr int nstages = 0;
                    ^

Remark: The warnings can be suppressed with "-diag-suppress <warning-number>"

/home/mark/buun_vbr/ggml/src/ggml-cuda/template-instances/../fattn-mma-turbo.cuh(29): warning #177-D: variable "nstages" was declared but never referenced
      constexpr int nstages = 0;
                    ^

Remark: The warnings can be suppressed with "-diag-suppress <warning-number>"

[ 25%] Building CUDA object ggml/src/ggml-cuda/CMakeFiles/ggml-cuda.dir/template-instances/fattn-mma-turbo-turbo2_0-instance-dkq256-ncols1_16-ncols2_2.cu.o
[ 25%] Building CUDA object ggml/src/ggml-cuda/CMakeFiles/ggml-cuda.dir/template-instances/fattn-mma-turbo-turbo2_0-instance-dkq256-ncols1_16-ncols2_4.cu.o
[ 25%] Building CUDA object ggml/src/ggml-cuda/CMakeFiles/ggml-cuda.dir/template-instances/fattn-mma-turbo-turbo2_0-instance-dkq256-ncols1_2-ncols2_4.cu.o
/home/mark/buun_vbr/ggml/src/ggml-cuda/template-instances/../fattn-mma-turbo.cuh(29): warning #177-D: variable "nstages" was declared but never referenced
      constexpr int nstages = 0;
                    ^

Remark: The warnings can be suppressed with "-diag-suppress <warning-number>"

/home/mark/buun_vbr/ggml/src/ggml-cuda/template-instances/../fattn-mma-turbo.cuh(29): warning #177-D: variable "nstages" was declared but never referenced
      constexpr int nstages = 0;
                    ^

Remark: The warnings can be suppressed with "-diag-suppress <warning-number>"

[ 25%] Building CUDA object ggml/src/ggml-cuda/CMakeFiles/ggml-cuda.dir/template-instances/fattn-mma-turbo-turbo2_0-instance-dkq256-ncols1_2-ncols2_8.cu.o
[ 25%] Building CUDA object ggml/src/ggml-cuda/CMakeFiles/ggml-cuda.dir/template-instances/fattn-mma-turbo-turbo2_0-instance-dkq256-ncols1_32-ncols2_1.cu.o
[ 25%] Building CUDA object ggml/src/ggml-cuda/CMakeFiles/ggml-cuda.dir/template-instances/fattn-mma-turbo-turbo2_0-instance-dkq256-ncols1_32-ncols2_2.cu.o
[ 25%] Building CUDA object ggml/src/ggml-cuda/CMakeFiles/ggml-cuda.dir/template-instances/fattn-mma-turbo-turbo2_0-instance-dkq256-ncols1_4-ncols2_2.cu.o
[ 26%] Building CUDA object ggml/src/ggml-cuda/CMakeFiles/ggml-cuda.dir/template-instances/fattn-mma-turbo-turbo2_0-instance-dkq256-ncols1_4-ncols2_4.cu.o
/home/mark/buun_vbr/ggml/src/ggml-cuda/template-instances/../fattn-mma-turbo.cuh(29): warning #177-D: variable "nstages" was declared but never referenced
      constexpr int nstages = 0;
                    ^

Remark: The warnings can be suppressed with "-diag-suppress <warning-number>"

/home/mark/buun_vbr/ggml/src/ggml-cuda/template-instances/../fattn-mma-turbo.cuh(29): warning #177-D: variable "nstages" was declared but never referenced
      constexpr int nstages = 0;
                    ^

Remark: The warnings can be suppressed with "-diag-suppress <warning-number>"

/home/mark/buun_vbr/ggml/src/ggml-cuda/template-instances/../fattn-mma-turbo.cuh(29): warning #177-D: variable "nstages" was declared but never referenced
      constexpr int nstages = 0;
                    ^

Remark: The warnings can be suppressed with "-diag-suppress <warning-number>"

[ 26%] Building CUDA object ggml/src/ggml-cuda/CMakeFiles/ggml-cuda.dir/template-instances/fattn-mma-turbo-turbo2_0-instance-dkq256-ncols1_4-ncols2_8.cu.o
[ 26%] Building CUDA object ggml/src/ggml-cuda/CMakeFiles/ggml-cuda.dir/template-instances/fattn-mma-turbo-turbo2_0-instance-dkq256-ncols1_64-ncols2_1.cu.o
/home/mark/buun_vbr/ggml/src/ggml-cuda/template-instances/../fattn-mma-turbo.cuh(29): warning #177-D: variable "nstages" was declared but never referenced
      constexpr int nstages = 0;
                    ^

Remark: The warnings can be suppressed with "-diag-suppress <warning-number>"

/home/mark/buun_vbr/ggml/src/ggml-cuda/template-instances/../fattn-mma-turbo.cuh(29): warning #177-D: variable "nstages" was declared but never referenced
      constexpr int nstages = 0;
                    ^

Remark: The warnings can be suppressed with "-diag-suppress <warning-number>"

/home/mark/buun_vbr/ggml/src/ggml-cuda/template-instances/../fattn-mma-turbo.cuh(29): warning #177-D: variable "nstages" was declared but never referenced
      constexpr int nstages = 0;
                    ^

Remark: The warnings can be suppressed with "-diag-suppress <warning-number>"

/home/mark/buun_vbr/ggml/src/ggml-cuda/template-instances/../fattn-mma-turbo.cuh(29): warning #177-D: variable "nstages" was declared but never referenced
      constexpr int nstages = 0;
                    ^

Remark: The warnings can be suppressed with "-diag-suppress <warning-number>"

[ 26%] Building CUDA object ggml/src/ggml-cuda/CMakeFiles/ggml-cuda.dir/template-instances/fattn-mma-turbo-turbo2_0-instance-dkq256-ncols1_8-ncols2_1.cu.o
/home/mark/buun_vbr/ggml/src/ggml-cuda/template-instances/../fattn-mma-turbo.cuh(29): warning #177-D: variable "nstages" was declared but never referenced
      constexpr int nstages = 0;
                    ^

Remark: The warnings can be suppressed with "-diag-suppress <warning-number>"

/home/mark/buun_vbr/ggml/src/ggml-cuda/template-instances/../fattn-mma-turbo.cuh(29): warning #177-D: variable "nstages" was declared but never referenced
      constexpr int nstages = 0;
                    ^

Remark: The warnings can be suppressed with "-diag-suppress <warning-number>"

[ 26%] Building CUDA object ggml/src/ggml-cuda/CMakeFiles/ggml-cuda.dir/template-instances/fattn-mma-turbo-turbo2_0-instance-dkq256-ncols1_8-ncols2_2.cu.o
[ 26%] Building CUDA object ggml/src/ggml-cuda/CMakeFiles/ggml-cuda.dir/template-instances/fattn-mma-turbo-turbo2_0-instance-dkq256-ncols1_8-ncols2_4.cu.o
[ 26%] Building CUDA object ggml/src/ggml-cuda/CMakeFiles/ggml-cuda.dir/template-instances/fattn-mma-turbo-turbo2_0-instance-dkq256-ncols1_8-ncols2_8.cu.o
/home/mark/buun_vbr/ggml/src/ggml-cuda/template-instances/../fattn-mma-turbo.cuh(29): warning #177-D: variable "nstages" was declared but never referenced
      constexpr int nstages = 0;
                    ^

Remark: The warnings can be suppressed with "-diag-suppress <warning-number>"

[ 26%] Building CUDA object ggml/src/ggml-cuda/CMakeFiles/ggml-cuda.dir/template-instances/fattn-mma-turbo-turbo2_tcq-instance-dkq128-ncols1_1-ncols2_8.cu.o
/home/mark/buun_vbr/ggml/src/ggml-cuda/template-instances/../fattn-mma-turbo.cuh(29): warning #177-D: variable "nstages" was declared but never referenced
      constexpr int nstages = 0;
                    ^

Remark: The warnings can be suppressed with "-diag-suppress <warning-number>"

[ 26%] Building CUDA object ggml/src/ggml-cuda/CMakeFiles/ggml-cuda.dir/template-instances/fattn-mma-turbo-turbo2_tcq-instance-dkq128-ncols1_16-ncols2_1.cu.o
[ 26%] Building CUDA object ggml/src/ggml-cuda/CMakeFiles/ggml-cuda.dir/template-instances/fattn-mma-turbo-turbo2_tcq-instance-dkq128-ncols1_16-ncols2_2.cu.o
[ 26%] Building CUDA object ggml/src/ggml-cuda/CMakeFiles/ggml-cuda.dir/template-instances/fattn-mma-turbo-turbo2_tcq-instance-dkq128-ncols1_16-ncols2_4.cu.o
[ 27%] Building CUDA object ggml/src/ggml-cuda/CMakeFiles/ggml-cuda.dir/template-instances/fattn-mma-turbo-turbo2_tcq-instance-dkq128-ncols1_2-ncols2_4.cu.o
/home/mark/buun_vbr/ggml/src/ggml-cuda/template-instances/../fattn-mma-turbo.cuh(29): warning #177-D: variable "nstages" was declared but never referenced
      constexpr int nstages = 0;
                    ^

Remark: The warnings can be suppressed with "-diag-suppress <warning-number>"

/home/mark/buun_vbr/ggml/src/ggml-cuda/template-instances/../fattn-mma-turbo.cuh(29): warning #177-D: variable "nstages" was declared but never referenced
      constexpr int nstages = 0;
                    ^

Remark: The warnings can be suppressed with "-diag-suppress <warning-number>"

/home/mark/buun_vbr/ggml/src/ggml-cuda/template-instances/../fattn-mma-turbo.cuh(29): warning #177-D: variable "nstages" was declared but never referenced
      constexpr int nstages = 0;
                    ^

Remark: The warnings can be suppressed with "-diag-suppress <warning-number>"

[ 27%] Building CUDA object ggml/src/ggml-cuda/CMakeFiles/ggml-cuda.dir/template-instances/fattn-mma-turbo-turbo2_tcq-instance-dkq128-ncols1_2-ncols2_8.cu.o
[ 27%] Building CUDA object ggml/src/ggml-cuda/CMakeFiles/ggml-cuda.dir/template-instances/fattn-mma-turbo-turbo2_tcq-instance-dkq128-ncols1_32-ncols2_1.cu.o
/home/mark/buun_vbr/ggml/src/ggml-cuda/template-instances/../fattn-mma-turbo.cuh(29): warning #177-D: variable "nstages" was declared but never referenced
      constexpr int nstages = 0;
                    ^

Remark: The warnings can be suppressed with "-diag-suppress <warning-number>"

/home/mark/buun_vbr/ggml/src/ggml-cuda/template-instances/../fattn-mma-turbo.cuh(29): warning #177-D: variable "nstages" was declared but never referenced
      constexpr int nstages = 0;
                    ^

Remark: The warnings can be suppressed with "-diag-suppress <warning-number>"

/home/mark/buun_vbr/ggml/src/ggml-cuda/template-instances/../fattn-mma-turbo.cuh(29): warning #177-D: variable "nstages" was declared but never referenced
      constexpr int nstages = 0;
                    ^

Remark: The warnings can be suppressed with "-diag-suppress <warning-number>"

[ 27%] Building CUDA object ggml/src/ggml-cuda/CMakeFiles/ggml-cuda.dir/template-instances/fattn-mma-turbo-turbo2_tcq-instance-dkq128-ncols1_32-ncols2_2.cu.o
/home/mark/buun_vbr/ggml/src/ggml-cuda/template-instances/../fattn-mma-turbo.cuh(29): warning #177-D: variable "nstages" was declared but never referenced
      constexpr int nstages = 0;
                    ^

Remark: The warnings can be suppressed with "-diag-suppress <warning-number>"

/home/mark/buun_vbr/ggml/src/ggml-cuda/template-instances/../fattn-mma-turbo.cuh(29): warning #177-D: variable "nstages" was declared but never referenced
      constexpr int nstages = 0;
                    ^

Remark: The warnings can be suppressed with "-diag-suppress <warning-number>"

/home/mark/buun_vbr/ggml/src/ggml-cuda/template-instances/../fattn-mma-turbo.cuh(29): warning #177-D: variable "nstages" was declared but never referenced
      constexpr int nstages = 0;
                    ^

Remark: The warnings can be suppressed with "-diag-suppress <warning-number>"

[ 27%] Building CUDA object ggml/src/ggml-cuda/CMakeFiles/ggml-cuda.dir/template-instances/fattn-mma-turbo-turbo2_tcq-instance-dkq128-ncols1_4-ncols2_2.cu.o
[ 27%] Building CUDA object ggml/src/ggml-cuda/CMakeFiles/ggml-cuda.dir/template-instances/fattn-mma-turbo-turbo2_tcq-instance-dkq128-ncols1_4-ncols2_4.cu.o
[ 27%] Building CUDA object ggml/src/ggml-cuda/CMakeFiles/ggml-cuda.dir/template-instances/fattn-mma-turbo-turbo2_tcq-instance-dkq128-ncols1_4-ncols2_8.cu.o
[ 27%] Building CUDA object ggml/src/ggml-cuda/CMakeFiles/ggml-cuda.dir/template-instances/fattn-mma-turbo-turbo2_tcq-instance-dkq128-ncols1_64-ncols2_1.cu.o
/home/mark/buun_vbr/ggml/src/ggml-cuda/template-instances/../fattn-mma-turbo.cuh(29): warning #177-D: variable "nstages" was declared but never referenced
      constexpr int nstages = 0;
                    ^

Remark: The warnings can be suppressed with "-diag-suppress <warning-number>"

/home/mark/buun_vbr/ggml/src/ggml-cuda/template-instances/../fattn-mma-turbo.cuh(29): warning #177-D: variable "nstages" was declared but never referenced
      constexpr int nstages = 0;
                    ^

Remark: The warnings can be suppressed with "-diag-suppress <warning-number>"

[ 27%] Building CUDA object ggml/src/ggml-cuda/CMakeFiles/ggml-cuda.dir/template-instances/fattn-mma-turbo-turbo2_tcq-instance-dkq128-ncols1_8-ncols2_1.cu.o
[ 27%] Building CUDA object ggml/src/ggml-cuda/CMakeFiles/ggml-cuda.dir/template-instances/fattn-mma-turbo-turbo2_tcq-instance-dkq128-ncols1_8-ncols2_2.cu.o
[ 28%] Building CUDA object ggml/src/ggml-cuda/CMakeFiles/ggml-cuda.dir/template-instances/fattn-mma-turbo-turbo2_tcq-instance-dkq128-ncols1_8-ncols2_4.cu.o
[ 28%] Building CUDA object ggml/src/ggml-cuda/CMakeFiles/ggml-cuda.dir/template-instances/fattn-mma-turbo-turbo2_tcq-instance-dkq128-ncols1_8-ncols2_8.cu.o
/home/mark/buun_vbr/ggml/src/ggml-cuda/template-instances/../fattn-mma-turbo.cuh(29): warning #177-D: variable "nstages" was declared but never referenced
      constexpr int nstages = 0;
                    ^

Remark: The warnings can be suppressed with "-diag-suppress <warning-number>"

/home/mark/buun_vbr/ggml/src/ggml-cuda/template-instances/../fattn-mma-turbo.cuh(29): warning #177-D: variable "nstages" was declared but never referenced
      constexpr int nstages = 0;
                    ^

Remark: The warnings can be suppressed with "-diag-suppress <warning-number>"

/home/mark/buun_vbr/ggml/src/ggml-cuda/template-instances/../fattn-mma-turbo.cuh(29): warning #177-D: variable "nstages" was declared but never referenced
      constexpr int nstages = 0;
                    ^

Remark: The warnings can be suppressed with "-diag-suppress <warning-number>"

[ 28%] Building CUDA object ggml/src/ggml-cuda/CMakeFiles/ggml-cuda.dir/template-instances/fattn-mma-turbo-turbo2_tcq-instance-dkq256-ncols1_1-ncols2_8.cu.o
[ 28%] Building CUDA object ggml/src/ggml-cuda/CMakeFiles/ggml-cuda.dir/template-instances/fattn-mma-turbo-turbo2_tcq-instance-dkq256-ncols1_16-ncols2_1.cu.o
/home/mark/buun_vbr/ggml/src/ggml-cuda/template-instances/../fattn-mma-turbo.cuh(29): warning #177-D: variable "nstages" was declared but never referenced
      constexpr int nstages = 0;
                    ^

Remark: The warnings can be suppressed with "-diag-suppress <warning-number>"

/home/mark/buun_vbr/ggml/src/ggml-cuda/template-instances/../fattn-mma-turbo.cuh(29): warning #177-D: variable "nstages" was declared but never referenced
      constexpr int nstages = 0;
                    ^

Remark: The warnings can be suppressed with "-diag-suppress <warning-number>"

/home/mark/buun_vbr/ggml/src/ggml-cuda/template-instances/../fattn-mma-turbo.cuh(29): warning #177-D: variable "nstages" was declared but never referenced
      constexpr int nstages = 0;
                    ^

Remark: The warnings can be suppressed with "-diag-suppress <warning-number>"

/home/mark/buun_vbr/ggml/src/ggml-cuda/template-instances/../fattn-mma-turbo.cuh(29): warning #177-D: variable "nstages" was declared but never referenced
      constexpr int nstages = 0;
                    ^

Remark: The warnings can be suppressed with "-diag-suppress <warning-number>"

[ 28%] Building CUDA object ggml/src/ggml-cuda/CMakeFiles/ggml-cuda.dir/template-instances/fattn-mma-turbo-turbo2_tcq-instance-dkq256-ncols1_16-ncols2_2.cu.o
/home/mark/buun_vbr/ggml/src/ggml-cuda/template-instances/../fattn-mma-turbo.cuh(29): warning #177-D: variable "nstages" was declared but never referenced
      constexpr int nstages = 0;
                    ^

Remark: The warnings can be suppressed with "-diag-suppress <warning-number>"

/home/mark/buun_vbr/ggml/src/ggml-cuda/template-instances/../fattn-mma-turbo.cuh(29): warning #177-D: variable "nstages" was declared but never referenced
      constexpr int nstages = 0;
                    ^

Remark: The warnings can be suppressed with "-diag-suppress <warning-number>"

[ 28%] Building CUDA object ggml/src/ggml-cuda/CMakeFiles/ggml-cuda.dir/template-instances/fattn-mma-turbo-turbo2_tcq-instance-dkq256-ncols1_16-ncols2_4.cu.o
[ 28%] Building CUDA object ggml/src/ggml-cuda/CMakeFiles/ggml-cuda.dir/template-instances/fattn-mma-turbo-turbo2_tcq-instance-dkq256-ncols1_2-ncols2_4.cu.o
[ 28%] Building CUDA object ggml/src/ggml-cuda/CMakeFiles/ggml-cuda.dir/template-instances/fattn-mma-turbo-turbo2_tcq-instance-dkq256-ncols1_2-ncols2_8.cu.o
[ 28%] Building CUDA object ggml/src/ggml-cuda/CMakeFiles/ggml-cuda.dir/template-instances/fattn-mma-turbo-turbo2_tcq-instance-dkq256-ncols1_32-ncols2_1.cu.o
/home/mark/buun_vbr/ggml/src/ggml-cuda/template-instances/../fattn-mma-turbo.cuh(29): warning #177-D: variable "nstages" was declared but never referenced
      constexpr int nstages = 0;
                    ^

Remark: The warnings can be suppressed with "-diag-suppress <warning-number>"

/home/mark/buun_vbr/ggml/src/ggml-cuda/template-instances/../fattn-mma-turbo.cuh(29): warning #177-D: variable "nstages" was declared but never referenced
      constexpr int nstages = 0;
                    ^

Remark: The warnings can be suppressed with "-diag-suppress <warning-number>"

[ 28%] Building CUDA object ggml/src/ggml-cuda/CMakeFiles/ggml-cuda.dir/template-instances/fattn-mma-turbo-turbo2_tcq-instance-dkq256-ncols1_32-ncols2_2.cu.o
[ 28%] Building CUDA object ggml/src/ggml-cuda/CMakeFiles/ggml-cuda.dir/template-instances/fattn-mma-turbo-turbo2_tcq-instance-dkq256-ncols1_4-ncols2_2.cu.o
[ 29%] Building CUDA object ggml/src/ggml-cuda/CMakeFiles/ggml-cuda.dir/template-instances/fattn-mma-turbo-turbo2_tcq-instance-dkq256-ncols1_4-ncols2_4.cu.o
[ 29%] Building CUDA object ggml/src/ggml-cuda/CMakeFiles/ggml-cuda.dir/template-instances/fattn-mma-turbo-turbo2_tcq-instance-dkq256-ncols1_4-ncols2_8.cu.o
/home/mark/buun_vbr/ggml/src/ggml-cuda/template-instances/../fattn-mma-turbo.cuh(29): warning #177-D: variable "nstages" was declared but never referenced
      constexpr int nstages = 0;
                    ^

Remark: The warnings can be suppressed with "-diag-suppress <warning-number>"

/home/mark/buun_vbr/ggml/src/ggml-cuda/template-instances/../fattn-mma-turbo.cuh(29): warning #177-D: variable "nstages" was declared but never referenced
      constexpr int nstages = 0;
                    ^

Remark: The warnings can be suppressed with "-diag-suppress <warning-number>"

/home/mark/buun_vbr/ggml/src/ggml-cuda/template-instances/../fattn-mma-turbo.cuh(29): warning #177-D: variable "nstages" was declared but never referenced
      constexpr int nstages = 0;
                    ^

Remark: The warnings can be suppressed with "-diag-suppress <warning-number>"

[ 29%] Building CUDA object ggml/src/ggml-cuda/CMakeFiles/ggml-cuda.dir/template-instances/fattn-mma-turbo-turbo2_tcq-instance-dkq256-ncols1_64-ncols2_1.cu.o
[ 29%] Building CUDA object ggml/src/ggml-cuda/CMakeFiles/ggml-cuda.dir/template-instances/fattn-mma-turbo-turbo2_tcq-instance-dkq256-ncols1_8-ncols2_1.cu.o
/home/mark/buun_vbr/ggml/src/ggml-cuda/template-instances/../fattn-mma-turbo.cuh(29): warning #177-D: variable "nstages" was declared but never referenced
      constexpr int nstages = 0;
                    ^

Remark: The warnings can be suppressed with "-diag-suppress <warning-number>"

/home/mark/buun_vbr/ggml/src/ggml-cuda/template-instances/../fattn-mma-turbo.cuh(29): warning #177-D: variable "nstages" was declared but never referenced
      constexpr int nstages = 0;
                    ^

Remark: The warnings can be suppressed with "-diag-suppress <warning-number>"

/home/mark/buun_vbr/ggml/src/ggml-cuda/template-instances/../fattn-mma-turbo.cuh(29): warning #177-D: variable "nstages" was declared but never referenced
      constexpr int nstages = 0;
                    ^

Remark: The warnings can be suppressed with "-diag-suppress <warning-number>"

/home/mark/buun_vbr/ggml/src/ggml-cuda/template-instances/../fattn-mma-turbo.cuh(29): warning #177-D: variable "nstages" was declared but never referenced
      constexpr int nstages = 0;
                    ^

Remark: The warnings can be suppressed with "-diag-suppress <warning-number>"

/home/mark/buun_vbr/ggml/src/ggml-cuda/template-instances/../fattn-mma-turbo.cuh(29): warning #177-D: variable "nstages" was declared but never referenced
      constexpr int nstages = 0;
                    ^

Remark: The warnings can be suppressed with "-diag-suppress <warning-number>"

/home/mark/buun_vbr/ggml/src/ggml-cuda/template-instances/../fattn-mma-turbo.cuh(29): warning #177-D: variable "nstages" was declared but never referenced
      constexpr int nstages = 0;
                    ^

Remark: The warnings can be suppressed with "-diag-suppress <warning-number>"

[ 29%] Building CUDA object ggml/src/ggml-cuda/CMakeFiles/ggml-cuda.dir/template-instances/fattn-mma-turbo-turbo2_tcq-instance-dkq256-ncols1_8-ncols2_2.cu.o
[ 29%] Building CUDA object ggml/src/ggml-cuda/CMakeFiles/ggml-cuda.dir/template-instances/fattn-mma-turbo-turbo2_tcq-instance-dkq256-ncols1_8-ncols2_4.cu.o
[ 29%] Building CUDA object ggml/src/ggml-cuda/CMakeFiles/ggml-cuda.dir/template-instances/fattn-mma-turbo-turbo2_tcq-instance-dkq256-ncols1_8-ncols2_8.cu.o
[ 29%] Building CUDA object ggml/src/ggml-cuda/CMakeFiles/ggml-cuda.dir/template-instances/fattn-mma-turbo-turbo2tcqk_turbo1tcqv-instance-dkq256-ncols1_1-ncols2_8.cu.o
[ 29%] Building CUDA object ggml/src/ggml-cuda/CMakeFiles/ggml-cuda.dir/template-instances/fattn-mma-turbo-turbo2tcqk_turbo1tcqv-instance-dkq256-ncols1_16-ncols2_1.cu.o
/home/mark/buun_vbr/ggml/src/ggml-cuda/template-instances/../fattn-mma-turbo.cuh(29): warning #177-D: variable "nstages" was declared but never referenced
      constexpr int nstages = 0;
                    ^

Remark: The warnings can be suppressed with "-diag-suppress <warning-number>"

/home/mark/buun_vbr/ggml/src/ggml-cuda/template-instances/../fattn-mma-turbo.cuh(29): warning #177-D: variable "nstages" was declared but never referenced
      constexpr int nstages = 0;
                    ^

Remark: The warnings can be suppressed with "-diag-suppress <warning-number>"

[ 29%] Building CUDA object ggml/src/ggml-cuda/CMakeFiles/ggml-cuda.dir/template-instances/fattn-mma-turbo-turbo2tcqk_turbo1tcqv-instance-dkq256-ncols1_16-ncols2_2.cu.o
[ 29%] Building CUDA object ggml/src/ggml-cuda/CMakeFiles/ggml-cuda.dir/template-instances/fattn-mma-turbo-turbo2tcqk_turbo1tcqv-instance-dkq256-ncols1_16-ncols2_4.cu.o
[ 30%] Building CUDA object ggml/src/ggml-cuda/CMakeFiles/ggml-cuda.dir/template-instances/fattn-mma-turbo-turbo2tcqk_turbo1tcqv-instance-dkq256-ncols1_2-ncols2_4.cu.o
[ 30%] Building CUDA object ggml/src/ggml-cuda/CMakeFiles/ggml-cuda.dir/template-instances/fattn-mma-turbo-turbo2tcqk_turbo1tcqv-instance-dkq256-ncols1_2-ncols2_8.cu.o
/home/mark/buun_vbr/ggml/src/ggml-cuda/template-instances/../fattn-mma-turbo.cuh(29): warning #177-D: variable "nstages" was declared but never referenced
      constexpr int nstages = 0;
                    ^

Remark: The warnings can be suppressed with "-diag-suppress <warning-number>"

/home/mark/buun_vbr/ggml/src/ggml-cuda/template-instances/../fattn-mma-turbo.cuh(29): warning #177-D: variable "nstages" was declared but never referenced
      constexpr int nstages = 0;
                    ^

Remark: The warnings can be suppressed with "-diag-suppress <warning-number>"

/home/mark/buun_vbr/ggml/src/ggml-cuda/template-instances/../fattn-mma-turbo.cuh(29): warning #177-D: variable "nstages" was declared but never referenced
      constexpr int nstages = 0;
                    ^

Remark: The warnings can be suppressed with "-diag-suppress <warning-number>"

[ 30%] Building CUDA object ggml/src/ggml-cuda/CMakeFiles/ggml-cuda.dir/template-instances/fattn-mma-turbo-turbo2tcqk_turbo1tcqv-instance-dkq256-ncols1_32-ncols2_1.cu.o
/home/mark/buun_vbr/ggml/src/ggml-cuda/template-instances/../fattn-mma-turbo.cuh(29): warning #177-D: variable "nstages" was declared but never referenced
      constexpr int nstages = 0;
                    ^

Remark: The warnings can be suppressed with "-diag-suppress <warning-number>"

[ 30%] Building CUDA object ggml/src/ggml-cuda/CMakeFiles/ggml-cuda.dir/template-instances/fattn-mma-turbo-turbo2tcqk_turbo1tcqv-instance-dkq256-ncols1_32-ncols2_2.cu.o
/home/mark/buun_vbr/ggml/src/ggml-cuda/template-instances/../fattn-mma-turbo.cuh(29): warning #177-D: variable "nstages" was declared but never referenced
      constexpr int nstages = 0;
                    ^

Remark: The warnings can be suppressed with "-diag-suppress <warning-number>"

/home/mark/buun_vbr/ggml/src/ggml-cuda/template-instances/../fattn-mma-turbo.cuh(29): warning #177-D: variable "nstages" was declared but never referenced
      constexpr int nstages = 0;
                    ^

Remark: The warnings can be suppressed with "-diag-suppress <warning-number>"

/home/mark/buun_vbr/ggml/src/ggml-cuda/template-instances/../fattn-mma-turbo.cuh(29): warning #177-D: variable "nstages" was declared but never referenced
      constexpr int nstages = 0;
                    ^

Remark: The warnings can be suppressed with "-diag-suppress <warning-number>"

/home/mark/buun_vbr/ggml/src/ggml-cuda/template-instances/../fattn-mma-turbo.cuh(29): warning #177-D: variable "nstages" was declared but never referenced
      constexpr int nstages = 0;
                    ^

Remark: The warnings can be suppressed with "-diag-suppress <warning-number>"

/home/mark/buun_vbr/ggml/src/ggml-cuda/template-instances/../fattn-mma-turbo.cuh(29): warning #177-D: variable "nstages" was declared but never referenced
      constexpr int nstages = 0;
                    ^

Remark: The warnings can be suppressed with "-diag-suppress <warning-number>"

[ 30%] Building CUDA object ggml/src/ggml-cuda/CMakeFiles/ggml-cuda.dir/template-instances/fattn-mma-turbo-turbo2tcqk_turbo1tcqv-instance-dkq256-ncols1_4-ncols2_2.cu.o
[ 30%] Building CUDA object ggml/src/ggml-cuda/CMakeFiles/ggml-cuda.dir/template-instances/fattn-mma-turbo-turbo2tcqk_turbo1tcqv-instance-dkq256-ncols1_4-ncols2_4.cu.o
[ 30%] Building CUDA object ggml/src/ggml-cuda/CMakeFiles/ggml-cuda.dir/template-instances/fattn-mma-turbo-turbo2tcqk_turbo1tcqv-instance-dkq256-ncols1_4-ncols2_8.cu.o
[ 30%] Building CUDA object ggml/src/ggml-cuda/CMakeFiles/ggml-cuda.dir/template-instances/fattn-mma-turbo-turbo2tcqk_turbo1tcqv-instance-dkq256-ncols1_64-ncols2_1.cu.o
[ 30%] Building CUDA object ggml/src/ggml-cuda/CMakeFiles/ggml-cuda.dir/template-instances/fattn-mma-turbo-turbo2tcqk_turbo1tcqv-instance-dkq256-ncols1_8-ncols2_1.cu.o
/home/mark/buun_vbr/ggml/src/ggml-cuda/template-instances/../fattn-mma-turbo.cuh(29): warning #177-D: variable "nstages" was declared but never referenced
      constexpr int nstages = 0;
                    ^

Remark: The warnings can be suppressed with "-diag-suppress <warning-number>"

/home/mark/buun_vbr/ggml/src/ggml-cuda/template-instances/../fattn-mma-turbo.cuh(29): warning #177-D: variable "nstages" was declared but never referenced
      constexpr int nstages = 0;
                    ^

Remark: The warnings can be suppressed with "-diag-suppress <warning-number>"

[ 30%] Building CUDA object ggml/src/ggml-cuda/CMakeFiles/ggml-cuda.dir/template-instances/fattn-mma-turbo-turbo2tcqk_turbo1tcqv-instance-dkq256-ncols1_8-ncols2_2.cu.o
[ 30%] Building CUDA object ggml/src/ggml-cuda/CMakeFiles/ggml-cuda.dir/template-instances/fattn-mma-turbo-turbo2tcqk_turbo1tcqv-instance-dkq256-ncols1_8-ncols2_4.cu.o
[ 31%] Building CUDA object ggml/src/ggml-cuda/CMakeFiles/ggml-cuda.dir/template-instances/fattn-mma-turbo-turbo2tcqk_turbo1tcqv-instance-dkq256-ncols1_8-ncols2_8.cu.o
[ 31%] Building CUDA object ggml/src/ggml-cuda/CMakeFiles/ggml-cuda.dir/template-instances/fattn-mma-turbo-turbo2tcqk_turbo3tcqv-instance-dkq256-ncols1_1-ncols2_8.cu.o
/home/mark/buun_vbr/ggml/src/ggml-cuda/template-instances/../fattn-mma-turbo.cuh(29): warning #177-D: variable "nstages" was declared but never referenced
      constexpr int nstages = 0;
                    ^

Remark: The warnings can be suppressed with "-diag-suppress <warning-number>"

/home/mark/buun_vbr/ggml/src/ggml-cuda/template-instances/../fattn-mma-turbo.cuh(29): warning #177-D: variable "nstages" was declared but never referenced
      constexpr int nstages = 0;
                    ^

Remark: The warnings can be suppressed with "-diag-suppress <warning-number>"

/home/mark/buun_vbr/ggml/src/ggml-cuda/template-instances/../fattn-mma-turbo.cuh(29): warning #177-D: variable "nstages" was declared but never referenced
      constexpr int nstages = 0;
                    ^

Remark: The warnings can be suppressed with "-diag-suppress <warning-number>"

[ 31%] Building CUDA object ggml/src/ggml-cuda/CMakeFiles/ggml-cuda.dir/template-instances/fattn-mma-turbo-turbo2tcqk_turbo3tcqv-instance-dkq256-ncols1_16-ncols2_1.cu.o
/home/mark/buun_vbr/ggml/src/ggml-cuda/template-instances/../fattn-mma-turbo.cuh(29): warning #177-D: variable "nstages" was declared but never referenced
      constexpr int nstages = 0;
                    ^

Remark: The warnings can be suppressed with "-diag-suppress <warning-number>"

[ 31%] Building CUDA object ggml/src/ggml-cuda/CMakeFiles/ggml-cuda.dir/template-instances/fattn-mma-turbo-turbo2tcqk_turbo3tcqv-instance-dkq256-ncols1_16-ncols2_2.cu.o
/home/mark/buun_vbr/ggml/src/ggml-cuda/template-instances/../fattn-mma-turbo.cuh(29): warning #177-D: variable "nstages" was declared but never referenced
      constexpr int nstages = 0;
                    ^

Remark: The warnings can be suppressed with "-diag-suppress <warning-number>"

/home/mark/buun_vbr/ggml/src/ggml-cuda/template-instances/../fattn-mma-turbo.cuh(29): warning #177-D: variable "nstages" was declared but never referenced
      constexpr int nstages = 0;
                    ^

Remark: The warnings can be suppressed with "-diag-suppress <warning-number>"

/home/mark/buun_vbr/ggml/src/ggml-cuda/template-instances/../fattn-mma-turbo.cuh(29): warning #177-D: variable "nstages" was declared but never referenced
      constexpr int nstages = 0;
                    ^

Remark: The warnings can be suppressed with "-diag-suppress <warning-number>"

[ 31%] Building CUDA object ggml/src/ggml-cuda/CMakeFiles/ggml-cuda.dir/template-instances/fattn-mma-turbo-turbo2tcqk_turbo3tcqv-instance-dkq256-ncols1_16-ncols2_4.cu.o
/home/mark/buun_vbr/ggml/src/ggml-cuda/template-instances/../fattn-mma-turbo.cuh(29): warning #177-D: variable "nstages" was declared but never referenced
      constexpr int nstages = 0;
                    ^

Remark: The warnings can be suppressed with "-diag-suppress <warning-number>"

/home/mark/buun_vbr/ggml/src/ggml-cuda/template-instances/../fattn-mma-turbo.cuh(29): warning #177-D: variable "nstages" was declared but never referenced
      constexpr int nstages = 0;
                    ^

Remark: The warnings can be suppressed with "-diag-suppress <warning-number>"

[ 31%] Building CUDA object ggml/src/ggml-cuda/CMakeFiles/ggml-cuda.dir/template-instances/fattn-mma-turbo-turbo2tcqk_turbo3tcqv-instance-dkq256-ncols1_2-ncols2_4.cu.o
[ 31%] Building CUDA object ggml/src/ggml-cuda/CMakeFiles/ggml-cuda.dir/template-instances/fattn-mma-turbo-turbo2tcqk_turbo3tcqv-instance-dkq256-ncols1_2-ncols2_8.cu.o
[ 31%] Building CUDA object ggml/src/ggml-cuda/CMakeFiles/ggml-cuda.dir/template-instances/fattn-mma-turbo-turbo2tcqk_turbo3tcqv-instance-dkq256-ncols1_32-ncols2_1.cu.o
[ 31%] Building CUDA object ggml/src/ggml-cuda/CMakeFiles/ggml-cuda.dir/template-instances/fattn-mma-turbo-turbo2tcqk_turbo3tcqv-instance-dkq256-ncols1_32-ncols2_2.cu.o
/home/mark/buun_vbr/ggml/src/ggml-cuda/template-instances/../fattn-mma-turbo.cuh(29): warning #177-D: variable "nstages" was declared but never referenced
      constexpr int nstages = 0;
                    ^

Remark: The warnings can be suppressed with "-diag-suppress <warning-number>"

/home/mark/buun_vbr/ggml/src/ggml-cuda/template-instances/../fattn-mma-turbo.cuh(29): warning #177-D: variable "nstages" was declared but never referenced
      constexpr int nstages = 0;
                    ^

Remark: The warnings can be suppressed with "-diag-suppress <warning-number>"

[ 31%] Building CUDA object ggml/src/ggml-cuda/CMakeFiles/ggml-cuda.dir/template-instances/fattn-mma-turbo-turbo2tcqk_turbo3tcqv-instance-dkq256-ncols1_4-ncols2_2.cu.o
[ 32%] Building CUDA object ggml/src/ggml-cuda/CMakeFiles/ggml-cuda.dir/template-instances/fattn-mma-turbo-turbo2tcqk_turbo3tcqv-instance-dkq256-ncols1_4-ncols2_4.cu.o
[ 32%] Building CUDA object ggml/src/ggml-cuda/CMakeFiles/ggml-cuda.dir/template-instances/fattn-mma-turbo-turbo2tcqk_turbo3tcqv-instance-dkq256-ncols1_4-ncols2_8.cu.o
[ 32%] Building CUDA object ggml/src/ggml-cuda/CMakeFiles/ggml-cuda.dir/template-instances/fattn-mma-turbo-turbo2tcqk_turbo3tcqv-instance-dkq256-ncols1_64-ncols2_1.cu.o
/home/mark/buun_vbr/ggml/src/ggml-cuda/template-instances/../fattn-mma-turbo.cuh(29): warning #177-D: variable "nstages" was declared but never referenced
      constexpr int nstages = 0;
                    ^

Remark: The warnings can be suppressed with "-diag-suppress <warning-number>"

/home/mark/buun_vbr/ggml/src/ggml-cuda/template-instances/../fattn-mma-turbo.cuh(29): warning #177-D: variable "nstages" was declared but never referenced
      constexpr int nstages = 0;
                    ^

Remark: The warnings can be suppressed with "-diag-suppress <warning-number>"

/home/mark/buun_vbr/ggml/src/ggml-cuda/template-instances/../fattn-mma-turbo.cuh(29): warning #177-D: variable "nstages" was declared but never referenced
      constexpr int nstages = 0;
                    ^

Remark: The warnings can be suppressed with "-diag-suppress <warning-number>"

[ 32%] Building CUDA object ggml/src/ggml-cuda/CMakeFiles/ggml-cuda.dir/template-instances/fattn-mma-turbo-turbo2tcqk_turbo3tcqv-instance-dkq256-ncols1_8-ncols2_1.cu.o
/home/mark/buun_vbr/ggml/src/ggml-cuda/template-instances/../fattn-mma-turbo.cuh(29): warning #177-D: variable "nstages" was declared but never referenced
      constexpr int nstages = 0;
                    ^

Remark: The warnings can be suppressed with "-diag-suppress <warning-number>"

[ 32%] Building CUDA object ggml/src/ggml-cuda/CMakeFiles/ggml-cuda.dir/template-instances/fattn-mma-turbo-turbo2tcqk_turbo3tcqv-instance-dkq256-ncols1_8-ncols2_2.cu.o
/home/mark/buun_vbr/ggml/src/ggml-cuda/template-instances/../fattn-mma-turbo.cuh(29): warning #177-D: variable "nstages" was declared but never referenced
      constexpr int nstages = 0;
                    ^

Remark: The warnings can be suppressed with "-diag-suppress <warning-number>"

/home/mark/buun_vbr/ggml/src/ggml-cuda/template-instances/../fattn-mma-turbo.cuh(29): warning #177-D: variable "nstages" was declared but never referenced
      constexpr int nstages = 0;
                    ^

Remark: The warnings can be suppressed with "-diag-suppress <warning-number>"

/home/mark/buun_vbr/ggml/src/ggml-cuda/template-instances/../fattn-mma-turbo.cuh(29): warning #177-D: variable "nstages" was declared but never referenced
      constexpr int nstages = 0;
                    ^

Remark: The warnings can be suppressed with "-diag-suppress <warning-number>"

/home/mark/buun_vbr/ggml/src/ggml-cuda/template-instances/../fattn-mma-turbo.cuh(29): warning #177-D: variable "nstages" was declared but never referenced
      constexpr int nstages = 0;
                    ^

Remark: The warnings can be suppressed with "-diag-suppress <warning-number>"

/home/mark/buun_vbr/ggml/src/ggml-cuda/template-instances/../fattn-mma-turbo.cuh(29): warning #177-D: variable "nstages" was declared but never referenced
      constexpr int nstages = 0;
                    ^

Remark: The warnings can be suppressed with "-diag-suppress <warning-number>"

[ 32%] Building CUDA object ggml/src/ggml-cuda/CMakeFiles/ggml-cuda.dir/template-instances/fattn-mma-turbo-turbo2tcqk_turbo3tcqv-instance-dkq256-ncols1_8-ncols2_4.cu.o
[ 32%] Building CUDA object ggml/src/ggml-cuda/CMakeFiles/ggml-cuda.dir/template-instances/fattn-mma-turbo-turbo2tcqk_turbo3tcqv-instance-dkq256-ncols1_8-ncols2_8.cu.o
[ 32%] Building CUDA object ggml/src/ggml-cuda/CMakeFiles/ggml-cuda.dir/template-instances/fattn-mma-turbo-turbo3_0-instance-dkq128-ncols1_1-ncols2_8.cu.o
[ 32%] Building CUDA object ggml/src/ggml-cuda/CMakeFiles/ggml-cuda.dir/template-instances/fattn-mma-turbo-turbo3_0-instance-dkq128-ncols1_16-ncols2_1.cu.o
/home/mark/buun_vbr/ggml/src/ggml-cuda/template-instances/../fattn-mma-turbo.cuh(29): warning #177-D: variable "nstages" was declared but never referenced
      constexpr int nstages = 0;
                    ^

Remark: The warnings can be suppressed with "-diag-suppress <warning-number>"

[ 32%] Building CUDA object ggml/src/ggml-cuda/CMakeFiles/ggml-cuda.dir/template-instances/fattn-mma-turbo-turbo3_0-instance-dkq128-ncols1_16-ncols2_2.cu.o
[ 32%] Building CUDA object ggml/src/ggml-cuda/CMakeFiles/ggml-cuda.dir/template-instances/fattn-mma-turbo-turbo3_0-instance-dkq128-ncols1_16-ncols2_4.cu.o
[ 33%] Building CUDA object ggml/src/ggml-cuda/CMakeFiles/ggml-cuda.dir/template-instances/fattn-mma-turbo-turbo3_0-instance-dkq128-ncols1_2-ncols2_4.cu.o
/home/mark/buun_vbr/ggml/src/ggml-cuda/template-instances/../fattn-mma-turbo.cuh(29): warning #177-D: variable "nstages" was declared but never referenced
      constexpr int nstages = 0;
                    ^

Remark: The warnings can be suppressed with "-diag-suppress <warning-number>"

[ 33%] Building CUDA object ggml/src/ggml-cuda/CMakeFiles/ggml-cuda.dir/template-instances/fattn-mma-turbo-turbo3_0-instance-dkq128-ncols1_2-ncols2_8.cu.o
[ 33%] Building CUDA object ggml/src/ggml-cuda/CMakeFiles/ggml-cuda.dir/template-instances/fattn-mma-turbo-turbo3_0-instance-dkq128-ncols1_32-ncols2_1.cu.o
/home/mark/buun_vbr/ggml/src/ggml-cuda/template-instances/../fattn-mma-turbo.cuh(29): warning #177-D: variable "nstages" was declared but never referenced
      constexpr int nstages = 0;
                    ^

Remark: The warnings can be suppressed with "-diag-suppress <warning-number>"

/home/mark/buun_vbr/ggml/src/ggml-cuda/template-instances/../fattn-mma-turbo.cuh(29): warning #177-D: variable "nstages" was declared but never referenced
      constexpr int nstages = 0;
                    ^

Remark: The warnings can be suppressed with "-diag-suppress <warning-number>"

/home/mark/buun_vbr/ggml/src/ggml-cuda/template-instances/../fattn-mma-turbo.cuh(29): warning #177-D: variable "nstages" was declared but never referenced
      constexpr int nstages = 0;
                    ^

Remark: The warnings can be suppressed with "-diag-suppress <warning-number>"

[ 33%] Building CUDA object ggml/src/ggml-cuda/CMakeFiles/ggml-cuda.dir/template-instances/fattn-mma-turbo-turbo3_0-instance-dkq128-ncols1_32-ncols2_2.cu.o
/home/mark/buun_vbr/ggml/src/ggml-cuda/template-instances/../fattn-mma-turbo.cuh(29): warning #177-D: variable "nstages" was declared but never referenced
      constexpr int nstages = 0;
                    ^

Remark: The warnings can be suppressed with "-diag-suppress <warning-number>"

[ 33%] Building CUDA object ggml/src/ggml-cuda/CMakeFiles/ggml-cuda.dir/template-instances/fattn-mma-turbo-turbo3_0-instance-dkq128-ncols1_4-ncols2_2.cu.o
/home/mark/buun_vbr/ggml/src/ggml-cuda/template-instances/../fattn-mma-turbo.cuh(29): warning #177-D: variable "nstages" was declared but never referenced
      constexpr int nstages = 0;
                    ^

Remark: The warnings can be suppressed with "-diag-suppress <warning-number>"

/home/mark/buun_vbr/ggml/src/ggml-cuda/template-instances/../fattn-mma-turbo.cuh(29): warning #177-D: variable "nstages" was declared but never referenced
      constexpr int nstages = 0;
                    ^

Remark: The warnings can be suppressed with "-diag-suppress <warning-number>"

/home/mark/buun_vbr/ggml/src/ggml-cuda/template-instances/../fattn-mma-turbo.cuh(29): warning #177-D: variable "nstages" was declared but never referenced
      constexpr int nstages = 0;
                    ^

Remark: The warnings can be suppressed with "-diag-suppress <warning-number>"

/home/mark/buun_vbr/ggml/src/ggml-cuda/template-instances/../fattn-mma-turbo.cuh(29): warning #177-D: variable "nstages" was declared but never referenced
      constexpr int nstages = 0;
                    ^

Remark: The warnings can be suppressed with "-diag-suppress <warning-number>"

[ 33%] Building CUDA object ggml/src/ggml-cuda/CMakeFiles/ggml-cuda.dir/template-instances/fattn-mma-turbo-turbo3_0-instance-dkq128-ncols1_4-ncols2_4.cu.o
/home/mark/buun_vbr/ggml/src/ggml-cuda/template-instances/../fattn-mma-turbo.cuh(29): warning #177-D: variable "nstages" was declared but never referenced
      constexpr int nstages = 0;
                    ^

Remark: The warnings can be suppressed with "-diag-suppress <warning-number>"

[ 33%] Building CUDA object ggml/src/ggml-cuda/CMakeFiles/ggml-cuda.dir/template-instances/fattn-mma-turbo-turbo3_0-instance-dkq128-ncols1_4-ncols2_8.cu.o
[ 33%] Building CUDA object ggml/src/ggml-cuda/CMakeFiles/ggml-cuda.dir/template-instances/fattn-mma-turbo-turbo3_0-instance-dkq128-ncols1_64-ncols2_1.cu.o
[ 33%] Building CUDA object ggml/src/ggml-cuda/CMakeFiles/ggml-cuda.dir/template-instances/fattn-mma-turbo-turbo3_0-instance-dkq128-ncols1_8-ncols2_1.cu.o
[ 33%] Building CUDA object ggml/src/ggml-cuda/CMakeFiles/ggml-cuda.dir/template-instances/fattn-mma-turbo-turbo3_0-instance-dkq128-ncols1_8-ncols2_2.cu.o
/home/mark/buun_vbr/ggml/src/ggml-cuda/template-instances/../fattn-mma-turbo.cuh(29): warning #177-D: variable "nstages" was declared but never referenced
      constexpr int nstages = 0;
                    ^

Remark: The warnings can be suppressed with "-diag-suppress <warning-number>"

[ 33%] Building CUDA object ggml/src/ggml-cuda/CMakeFiles/ggml-cuda.dir/template-instances/fattn-mma-turbo-turbo3_0-instance-dkq128-ncols1_8-ncols2_4.cu.o
[ 34%] Building CUDA object ggml/src/ggml-cuda/CMakeFiles/ggml-cuda.dir/template-instances/fattn-mma-turbo-turbo3_0-instance-dkq128-ncols1_8-ncols2_8.cu.o
[ 34%] Building CUDA object ggml/src/ggml-cuda/CMakeFiles/ggml-cuda.dir/template-instances/fattn-mma-turbo-turbo3_0-instance-dkq256-ncols1_1-ncols2_8.cu.o
/home/mark/buun_vbr/ggml/src/ggml-cuda/template-instances/../fattn-mma-turbo.cuh(29): warning #177-D: variable "nstages" was declared but never referenced
      constexpr int nstages = 0;
                    ^

Remark: The warnings can be suppressed with "-diag-suppress <warning-number>"

[ 34%] Building CUDA object ggml/src/ggml-cuda/CMakeFiles/ggml-cuda.dir/template-instances/fattn-mma-turbo-turbo3_0-instance-dkq256-ncols1_16-ncols2_1.cu.o
/home/mark/buun_vbr/ggml/src/ggml-cuda/template-instances/../fattn-mma-turbo.cuh(29): warning #177-D: variable "nstages" was declared but never referenced
      constexpr int nstages = 0;
                    ^

Remark: The warnings can be suppressed with "-diag-suppress <warning-number>"

/home/mark/buun_vbr/ggml/src/ggml-cuda/template-instances/../fattn-mma-turbo.cuh(29): warning #177-D: variable "nstages" was declared but never referenced
      constexpr int nstages = 0;
                    ^

Remark: The warnings can be suppressed with "-diag-suppress <warning-number>"

/home/mark/buun_vbr/ggml/src/ggml-cuda/template-instances/../fattn-mma-turbo.cuh(29): warning #177-D: variable "nstages" was declared but never referenced
      constexpr int nstages = 0;
                    ^

Remark: The warnings can be suppressed with "-diag-suppress <warning-number>"

[ 34%] Building CUDA object ggml/src/ggml-cuda/CMakeFiles/ggml-cuda.dir/template-instances/fattn-mma-turbo-turbo3_0-instance-dkq256-ncols1_16-ncols2_2.cu.o
/home/mark/buun_vbr/ggml/src/ggml-cuda/template-instances/../fattn-mma-turbo.cuh(29): warning #177-D: variable "nstages" was declared but never referenced
      constexpr int nstages = 0;
                    ^

Remark: The warnings can be suppressed with "-diag-suppress <warning-number>"

[ 34%] Building CUDA object ggml/src/ggml-cuda/CMakeFiles/ggml-cuda.dir/template-instances/fattn-mma-turbo-turbo3_0-instance-dkq256-ncols1_16-ncols2_4.cu.o
/home/mark/buun_vbr/ggml/src/ggml-cuda/template-instances/../fattn-mma-turbo.cuh(29): warning #177-D: variable "nstages" was declared but never referenced
      constexpr int nstages = 0;
                    ^

Remark: The warnings can be suppressed with "-diag-suppress <warning-number>"

/home/mark/buun_vbr/ggml/src/ggml-cuda/template-instances/../fattn-mma-turbo.cuh(29): warning #177-D: variable "nstages" was declared but never referenced
      constexpr int nstages = 0;
                    ^

Remark: The warnings can be suppressed with "-diag-suppress <warning-number>"

/home/mark/buun_vbr/ggml/src/ggml-cuda/template-instances/../fattn-mma-turbo.cuh(29): warning #177-D: variable "nstages" was declared but never referenced
      constexpr int nstages = 0;
                    ^

Remark: The warnings can be suppressed with "-diag-suppress <warning-number>"

/home/mark/buun_vbr/ggml/src/ggml-cuda/template-instances/../fattn-mma-turbo.cuh(29): warning #177-D: variable "nstages" was declared but never referenced
      constexpr int nstages = 0;
                    ^

Remark: The warnings can be suppressed with "-diag-suppress <warning-number>"

[ 34%] Building CUDA object ggml/src/ggml-cuda/CMakeFiles/ggml-cuda.dir/template-instances/fattn-mma-turbo-turbo3_0-instance-dkq256-ncols1_2-ncols2_4.cu.o
[ 34%] Building CUDA object ggml/src/ggml-cuda/CMakeFiles/ggml-cuda.dir/template-instances/fattn-mma-turbo-turbo3_0-instance-dkq256-ncols1_2-ncols2_8.cu.o
[ 34%] Building CUDA object ggml/src/ggml-cuda/CMakeFiles/ggml-cuda.dir/template-instances/fattn-mma-turbo-turbo3_0-instance-dkq256-ncols1_32-ncols2_1.cu.o
/home/mark/buun_vbr/ggml/src/ggml-cuda/template-instances/../fattn-mma-turbo.cuh(29): warning #177-D: variable "nstages" was declared but never referenced
      constexpr int nstages = 0;
                    ^

Remark: The warnings can be suppressed with "-diag-suppress <warning-number>"

[ 34%] Building CUDA object ggml/src/ggml-cuda/CMakeFiles/ggml-cuda.dir/template-instances/fattn-mma-turbo-turbo3_0-instance-dkq256-ncols1_32-ncols2_2.cu.o
[ 34%] Building CUDA object ggml/src/ggml-cuda/CMakeFiles/ggml-cuda.dir/template-instances/fattn-mma-turbo-turbo3_0-instance-dkq256-ncols1_4-ncols2_2.cu.o
/home/mark/buun_vbr/ggml/src/ggml-cuda/template-instances/../fattn-mma-turbo.cuh(29): warning #177-D: variable "nstages" was declared but never referenced
      constexpr int nstages = 0;
                    ^

Remark: The warnings can be suppressed with "-diag-suppress <warning-number>"

[ 34%] Building CUDA object ggml/src/ggml-cuda/CMakeFiles/ggml-cuda.dir/template-instances/fattn-mma-turbo-turbo3_0-instance-dkq256-ncols1_4-ncols2_4.cu.o
[ 35%] Building CUDA object ggml/src/ggml-cuda/CMakeFiles/ggml-cuda.dir/template-instances/fattn-mma-turbo-turbo3_0-instance-dkq256-ncols1_4-ncols2_8.cu.o
[ 35%] Building CUDA object ggml/src/ggml-cuda/CMakeFiles/ggml-cuda.dir/template-instances/fattn-mma-turbo-turbo3_0-instance-dkq256-ncols1_64-ncols2_1.cu.o
/home/mark/buun_vbr/ggml/src/ggml-cuda/template-instances/../fattn-mma-turbo.cuh(29): warning #177-D: variable "nstages" was declared but never referenced
      constexpr int nstages = 0;
                    ^

Remark: The warnings can be suppressed with "-diag-suppress <warning-number>"

[ 35%] Building CUDA object ggml/src/ggml-cuda/CMakeFiles/ggml-cuda.dir/template-instances/fattn-mma-turbo-turbo3_0-instance-dkq256-ncols1_8-ncols2_1.cu.o
/home/mark/buun_vbr/ggml/src/ggml-cuda/template-instances/../fattn-mma-turbo.cuh(29): warning #177-D: variable "nstages" was declared but never referenced
      constexpr int nstages = 0;
                    ^

Remark: The warnings can be suppressed with "-diag-suppress <warning-number>"

/home/mark/buun_vbr/ggml/src/ggml-cuda/template-instances/../fattn-mma-turbo.cuh(29): warning #177-D: variable "nstages" was declared but never referenced
      constexpr int nstages = 0;
                    ^

Remark: The warnings can be suppressed with "-diag-suppress <warning-number>"

/home/mark/buun_vbr/ggml/src/ggml-cuda/template-instances/../fattn-mma-turbo.cuh(29): warning #177-D: variable "nstages" was declared but never referenced
      constexpr int nstages = 0;
                    ^

Remark: The warnings can be suppressed with "-diag-suppress <warning-number>"

[ 35%] Building CUDA object ggml/src/ggml-cuda/CMakeFiles/ggml-cuda.dir/template-instances/fattn-mma-turbo-turbo3_0-instance-dkq256-ncols1_8-ncols2_2.cu.o
/home/mark/buun_vbr/ggml/src/ggml-cuda/template-instances/../fattn-mma-turbo.cuh(29): warning #177-D: variable "nstages" was declared but never referenced
      constexpr int nstages = 0;
                    ^

Remark: The warnings can be suppressed with "-diag-suppress <warning-number>"

/home/mark/buun_vbr/ggml/src/ggml-cuda/template-instances/../fattn-mma-turbo.cuh(29): warning #177-D: variable "nstages" was declared but never referenced
      constexpr int nstages = 0;
                    ^

Remark: The warnings can be suppressed with "-diag-suppress <warning-number>"

[ 35%] Building CUDA object ggml/src/ggml-cuda/CMakeFiles/ggml-cuda.dir/template-instances/fattn-mma-turbo-turbo3_0-instance-dkq256-ncols1_8-ncols2_4.cu.o
/home/mark/buun_vbr/ggml/src/ggml-cuda/template-instances/../fattn-mma-turbo.cuh(29): warning #177-D: variable "nstages" was declared but never referenced
      constexpr int nstages = 0;
                    ^

Remark: The warnings can be suppressed with "-diag-suppress <warning-number>"

/home/mark/buun_vbr/ggml/src/ggml-cuda/template-instances/../fattn-mma-turbo.cuh(29): warning #177-D: variable "nstages" was declared but never referenced
      constexpr int nstages = 0;
                    ^

Remark: The warnings can be suppressed with "-diag-suppress <warning-number>"

/home/mark/buun_vbr/ggml/src/ggml-cuda/template-instances/../fattn-mma-turbo.cuh(29): warning #177-D: variable "nstages" was declared but never referenced
      constexpr int nstages = 0;
                    ^

Remark: The warnings can be suppressed with "-diag-suppress <warning-number>"

[ 35%] Building CUDA object ggml/src/ggml-cuda/CMakeFiles/ggml-cuda.dir/template-instances/fattn-mma-turbo-turbo3_0-instance-dkq256-ncols1_8-ncols2_8.cu.o
[ 35%] Building CUDA object ggml/src/ggml-cuda/CMakeFiles/ggml-cuda.dir/template-instances/fattn-mma-turbo-turbo3_tcq-instance-dkq128-ncols1_1-ncols2_8.cu.o
/home/mark/buun_vbr/ggml/src/ggml-cuda/template-instances/../fattn-mma-turbo.cuh(29): warning #177-D: variable "nstages" was declared but never referenced
      constexpr int nstages = 0;
                    ^

Remark: The warnings can be suppressed with "-diag-suppress <warning-number>"

[ 35%] Building CUDA object ggml/src/ggml-cuda/CMakeFiles/ggml-cuda.dir/template-instances/fattn-mma-turbo-turbo3_tcq-instance-dkq128-ncols1_16-ncols2_1.cu.o
[ 35%] Building CUDA object ggml/src/ggml-cuda/CMakeFiles/ggml-cuda.dir/template-instances/fattn-mma-turbo-turbo3_tcq-instance-dkq128-ncols1_16-ncols2_2.cu.o
[ 35%] Building CUDA object ggml/src/ggml-cuda/CMakeFiles/ggml-cuda.dir/template-instances/fattn-mma-turbo-turbo3_tcq-instance-dkq128-ncols1_16-ncols2_4.cu.o
/home/mark/buun_vbr/ggml/src/ggml-cuda/template-instances/../fattn-mma-turbo.cuh(29): warning #177-D: variable "nstages" was declared but never referenced
      constexpr int nstages = 0;
                    ^

Remark: The warnings can be suppressed with "-diag-suppress <warning-number>"

[ 36%] Building CUDA object ggml/src/ggml-cuda/CMakeFiles/ggml-cuda.dir/template-instances/fattn-mma-turbo-turbo3_tcq-instance-dkq128-ncols1_2-ncols2_4.cu.o
[ 36%] Building CUDA object ggml/src/ggml-cuda/CMakeFiles/ggml-cuda.dir/template-instances/fattn-mma-turbo-turbo3_tcq-instance-dkq128-ncols1_2-ncols2_8.cu.o
[ 36%] Building CUDA object ggml/src/ggml-cuda/CMakeFiles/ggml-cuda.dir/template-instances/fattn-mma-turbo-turbo3_tcq-instance-dkq128-ncols1_32-ncols2_1.cu.o
[ 36%] Building CUDA object ggml/src/ggml-cuda/CMakeFiles/ggml-cuda.dir/template-instances/fattn-mma-turbo-turbo3_tcq-instance-dkq128-ncols1_32-ncols2_2.cu.o
/home/mark/buun_vbr/ggml/src/ggml-cuda/template-instances/../fattn-mma-turbo.cuh(29): warning #177-D: variable "nstages" was declared but never referenced
      constexpr int nstages = 0;
                    ^

Remark: The warnings can be suppressed with "-diag-suppress <warning-number>"

/home/mark/buun_vbr/ggml/src/ggml-cuda/template-instances/../fattn-mma-turbo.cuh(29): warning #177-D: variable "nstages" was declared but never referenced
      constexpr int nstages = 0;
                    ^

Remark: The warnings can be suppressed with "-diag-suppress <warning-number>"

/home/mark/buun_vbr/ggml/src/ggml-cuda/template-instances/../fattn-mma-turbo.cuh(29): warning #177-D: variable "nstages" was declared but never referenced
      constexpr int nstages = 0;
                    ^

Remark: The warnings can be suppressed with "-diag-suppress <warning-number>"

/home/mark/buun_vbr/ggml/src/ggml-cuda/template-instances/../fattn-mma-turbo.cuh(29): warning #177-D: variable "nstages" was declared but never referenced
      constexpr int nstages = 0;
                    ^

Remark: The warnings can be suppressed with "-diag-suppress <warning-number>"

[ 36%] Building CUDA object ggml/src/ggml-cuda/CMakeFiles/ggml-cuda.dir/template-instances/fattn-mma-turbo-turbo3_tcq-instance-dkq128-ncols1_4-ncols2_2.cu.o
/home/mark/buun_vbr/ggml/src/ggml-cuda/template-instances/../fattn-mma-turbo.cuh(29): warning #177-D: variable "nstages" was declared but never referenced
      constexpr int nstages = 0;
                    ^

Remark: The warnings can be suppressed with "-diag-suppress <warning-number>"

/home/mark/buun_vbr/ggml/src/ggml-cuda/template-instances/../fattn-mma-turbo.cuh(29): warning #177-D: variable "nstages" was declared but never referenced
      constexpr int nstages = 0;
                    ^

Remark: The warnings can be suppressed with "-diag-suppress <warning-number>"

[ 36%] Building CUDA object ggml/src/ggml-cuda/CMakeFiles/ggml-cuda.dir/template-instances/fattn-mma-turbo-turbo3_tcq-instance-dkq128-ncols1_4-ncols2_4.cu.o
/home/mark/buun_vbr/ggml/src/ggml-cuda/template-instances/../fattn-mma-turbo.cuh(29): warning #177-D: variable "nstages" was declared but never referenced
      constexpr int nstages = 0;
                    ^

Remark: The warnings can be suppressed with "-diag-suppress <warning-number>"

/home/mark/buun_vbr/ggml/src/ggml-cuda/template-instances/../fattn-mma-turbo.cuh(29): warning #177-D: variable "nstages" was declared but never referenced
      constexpr int nstages = 0;
                    ^

Remark: The warnings can be suppressed with "-diag-suppress <warning-number>"

/home/mark/buun_vbr/ggml/src/ggml-cuda/template-instances/../fattn-mma-turbo.cuh(29): warning #177-D: variable "nstages" was declared but never referenced
      constexpr int nstages = 0;
                    ^

Remark: The warnings can be suppressed with "-diag-suppress <warning-number>"

[ 36%] Building CUDA object ggml/src/ggml-cuda/CMakeFiles/ggml-cuda.dir/template-instances/fattn-mma-turbo-turbo3_tcq-instance-dkq128-ncols1_4-ncols2_8.cu.o
/home/mark/buun_vbr/ggml/src/ggml-cuda/template-instances/../fattn-mma-turbo.cuh(29): warning #177-D: variable "nstages" was declared but never referenced
      constexpr int nstages = 0;
                    ^

Remark: The warnings can be suppressed with "-diag-suppress <warning-number>"

[ 36%] Building CUDA object ggml/src/ggml-cuda/CMakeFiles/ggml-cuda.dir/template-instances/fattn-mma-turbo-turbo3_tcq-instance-dkq128-ncols1_64-ncols2_1.cu.o
[ 36%] Building CUDA object ggml/src/ggml-cuda/CMakeFiles/ggml-cuda.dir/template-instances/fattn-mma-turbo-turbo3_tcq-instance-dkq128-ncols1_8-ncols2_1.cu.o
[ 36%] Building CUDA object ggml/src/ggml-cuda/CMakeFiles/ggml-cuda.dir/template-instances/fattn-mma-turbo-turbo3_tcq-instance-dkq128-ncols1_8-ncols2_2.cu.o
[ 36%] Building CUDA object ggml/src/ggml-cuda/CMakeFiles/ggml-cuda.dir/template-instances/fattn-mma-turbo-turbo3_tcq-instance-dkq128-ncols1_8-ncols2_4.cu.o
/home/mark/buun_vbr/ggml/src/ggml-cuda/template-instances/../fattn-mma-turbo.cuh(29): warning #177-D: variable "nstages" was declared but never referenced
      constexpr int nstages = 0;
                    ^

Remark: The warnings can be suppressed with "-diag-suppress <warning-number>"

[ 37%] Building CUDA object ggml/src/ggml-cuda/CMakeFiles/ggml-cuda.dir/template-instances/fattn-mma-turbo-turbo3_tcq-instance-dkq128-ncols1_8-ncols2_8.cu.o
[ 37%] Building CUDA object ggml/src/ggml-cuda/CMakeFiles/ggml-cuda.dir/template-instances/fattn-mma-turbo-turbo3_tcq-instance-dkq256-ncols1_1-ncols2_8.cu.o
[ 37%] Building CUDA object ggml/src/ggml-cuda/CMakeFiles/ggml-cuda.dir/template-instances/fattn-mma-turbo-turbo3_tcq-instance-dkq256-ncols1_16-ncols2_1.cu.o
[ 37%] Building CUDA object ggml/src/ggml-cuda/CMakeFiles/ggml-cuda.dir/template-instances/fattn-mma-turbo-turbo3_tcq-instance-dkq256-ncols1_16-ncols2_2.cu.o
/home/mark/buun_vbr/ggml/src/ggml-cuda/template-instances/../fattn-mma-turbo.cuh(29): warning #177-D: variable "nstages" was declared but never referenced
      constexpr int nstages = 0;
                    ^

Remark: The warnings can be suppressed with "-diag-suppress <warning-number>"

/home/mark/buun_vbr/ggml/src/ggml-cuda/template-instances/../fattn-mma-turbo.cuh(29): warning #177-D: variable "nstages" was declared but never referenced
      constexpr int nstages = 0;
                    ^

Remark: The warnings can be suppressed with "-diag-suppress <warning-number>"

/home/mark/buun_vbr/ggml/src/ggml-cuda/template-instances/../fattn-mma-turbo.cuh(29): warning #177-D: variable "nstages" was declared but never referenced
      constexpr int nstages = 0;
                    ^

Remark: The warnings can be suppressed with "-diag-suppress <warning-number>"

/home/mark/buun_vbr/ggml/src/ggml-cuda/template-instances/../fattn-mma-turbo.cuh(29): warning #177-D: variable "nstages" was declared but never referenced
      constexpr int nstages = 0;
                    ^

Remark: The warnings can be suppressed with "-diag-suppress <warning-number>"

[ 37%] Building CUDA object ggml/src/ggml-cuda/CMakeFiles/ggml-cuda.dir/template-instances/fattn-mma-turbo-turbo3_tcq-instance-dkq256-ncols1_16-ncols2_4.cu.o
/home/mark/buun_vbr/ggml/src/ggml-cuda/template-instances/../fattn-mma-turbo.cuh(29): warning #177-D: variable "nstages" was declared but never referenced
      constexpr int nstages = 0;
                    ^

Remark: The warnings can be suppressed with "-diag-suppress <warning-number>"

/home/mark/buun_vbr/ggml/src/ggml-cuda/template-instances/../fattn-mma-turbo.cuh(29): warning #177-D: variable "nstages" was declared but never referenced
      constexpr int nstages = 0;
                    ^

Remark: The warnings can be suppressed with "-diag-suppress <warning-number>"

/home/mark/buun_vbr/ggml/src/ggml-cuda/template-instances/../fattn-mma-turbo.cuh(29): warning #177-D: variable "nstages" was declared but never referenced
      constexpr int nstages = 0;
                    ^

Remark: The warnings can be suppressed with "-diag-suppress <warning-number>"

[ 37%] Building CUDA object ggml/src/ggml-cuda/CMakeFiles/ggml-cuda.dir/template-instances/fattn-mma-turbo-turbo3_tcq-instance-dkq256-ncols1_2-ncols2_4.cu.o
/home/mark/buun_vbr/ggml/src/ggml-cuda/template-instances/../fattn-mma-turbo.cuh(29): warning #177-D: variable "nstages" was declared but never referenced
      constexpr int nstages = 0;
                    ^

Remark: The warnings can be suppressed with "-diag-suppress <warning-number>"

/home/mark/buun_vbr/ggml/src/ggml-cuda/template-instances/../fattn-mma-turbo.cuh(29): warning #177-D: variable "nstages" was declared but never referenced
      constexpr int nstages = 0;
                    ^

Remark: The warnings can be suppressed with "-diag-suppress <warning-number>"

/home/mark/buun_vbr/ggml/src/ggml-cuda/template-instances/../fattn-mma-turbo.cuh(29): warning #177-D: variable "nstages" was declared but never referenced
      constexpr int nstages = 0;
                    ^

Remark: The warnings can be suppressed with "-diag-suppress <warning-number>"

[ 37%] Building CUDA object ggml/src/ggml-cuda/CMakeFiles/ggml-cuda.dir/template-instances/fattn-mma-turbo-turbo3_tcq-instance-dkq256-ncols1_2-ncols2_8.cu.o
[ 37%] Building CUDA object ggml/src/ggml-cuda/CMakeFiles/ggml-cuda.dir/template-instances/fattn-mma-turbo-turbo3_tcq-instance-dkq256-ncols1_32-ncols2_1.cu.o
[ 37%] Building CUDA object ggml/src/ggml-cuda/CMakeFiles/ggml-cuda.dir/template-instances/fattn-mma-turbo-turbo3_tcq-instance-dkq256-ncols1_32-ncols2_2.cu.o
[ 37%] Building CUDA object ggml/src/ggml-cuda/CMakeFiles/ggml-cuda.dir/template-instances/fattn-mma-turbo-turbo3_tcq-instance-dkq256-ncols1_4-ncols2_2.cu.o
[ 37%] Building CUDA object ggml/src/ggml-cuda/CMakeFiles/ggml-cuda.dir/template-instances/fattn-mma-turbo-turbo3_tcq-instance-dkq256-ncols1_4-ncols2_4.cu.o
/home/mark/buun_vbr/ggml/src/ggml-cuda/template-instances/../fattn-mma-turbo.cuh(29): warning #177-D: variable "nstages" was declared but never referenced
      constexpr int nstages = 0;
                    ^

Remark: The warnings can be suppressed with "-diag-suppress <warning-number>"

[ 38%] Building CUDA object ggml/src/ggml-cuda/CMakeFiles/ggml-cuda.dir/template-instances/fattn-mma-turbo-turbo3_tcq-instance-dkq256-ncols1_4-ncols2_8.cu.o
[ 38%] Building CUDA object ggml/src/ggml-cuda/CMakeFiles/ggml-cuda.dir/template-instances/fattn-mma-turbo-turbo3_tcq-instance-dkq256-ncols1_64-ncols2_1.cu.o
[ 38%] Building CUDA object ggml/src/ggml-cuda/CMakeFiles/ggml-cuda.dir/template-instances/fattn-mma-turbo-turbo3_tcq-instance-dkq256-ncols1_8-ncols2_1.cu.o
[ 38%] Building CUDA object ggml/src/ggml-cuda/CMakeFiles/ggml-cuda.dir/template-instances/fattn-mma-turbo-turbo3_tcq-instance-dkq256-ncols1_8-ncols2_2.cu.o
/home/mark/buun_vbr/ggml/src/ggml-cuda/template-instances/../fattn-mma-turbo.cuh(29): warning #177-D: variable "nstages" was declared but never referenced
      constexpr int nstages = 0;
                    ^

Remark: The warnings can be suppressed with "-diag-suppress <warning-number>"

/home/mark/buun_vbr/ggml/src/ggml-cuda/template-instances/../fattn-mma-turbo.cuh(29): warning #177-D: variable "nstages" was declared but never referenced
      constexpr int nstages = 0;
                    ^

Remark: The warnings can be suppressed with "-diag-suppress <warning-number>"

/home/mark/buun_vbr/ggml/src/ggml-cuda/template-instances/../fattn-mma-turbo.cuh(29): warning #177-D: variable "nstages" was declared but never referenced
      constexpr int nstages = 0;
                    ^

Remark: The warnings can be suppressed with "-diag-suppress <warning-number>"

/home/mark/buun_vbr/ggml/src/ggml-cuda/template-instances/../fattn-mma-turbo.cuh(29): warning #177-D: variable "nstages" was declared but never referenced
      constexpr int nstages = 0;
                    ^

Remark: The warnings can be suppressed with "-diag-suppress <warning-number>"

/home/mark/buun_vbr/ggml/src/ggml-cuda/template-instances/../fattn-mma-turbo.cuh(29): warning #177-D: variable "nstages" was declared but never referenced
      constexpr int nstages = 0;
                    ^

Remark: The warnings can be suppressed with "-diag-suppress <warning-number>"

[ 38%] Building CUDA object ggml/src/ggml-cuda/CMakeFiles/ggml-cuda.dir/template-instances/fattn-mma-turbo-turbo3_tcq-instance-dkq256-ncols1_8-ncols2_4.cu.o
/home/mark/buun_vbr/ggml/src/ggml-cuda/template-instances/../fattn-mma-turbo.cuh(29): warning #177-D: variable "nstages" was declared but never referenced
      constexpr int nstages = 0;
                    ^

Remark: The warnings can be suppressed with "-diag-suppress <warning-number>"

/home/mark/buun_vbr/ggml/src/ggml-cuda/template-instances/../fattn-mma-turbo.cuh(29): warning #177-D: variable "nstages" was declared but never referenced
      constexpr int nstages = 0;
                    ^

Remark: The warnings can be suppressed with "-diag-suppress <warning-number>"

/home/mark/buun_vbr/ggml/src/ggml-cuda/template-instances/../fattn-mma-turbo.cuh(29): warning #177-D: variable "nstages" was declared but never referenced
      constexpr int nstages = 0;
                    ^

Remark: The warnings can be suppressed with "-diag-suppress <warning-number>"

[ 38%] Building CUDA object ggml/src/ggml-cuda/CMakeFiles/ggml-cuda.dir/template-instances/fattn-mma-turbo-turbo3_tcq-instance-dkq256-ncols1_8-ncols2_8.cu.o
/home/mark/buun_vbr/ggml/src/ggml-cuda/template-instances/../fattn-mma-turbo.cuh(29): warning #177-D: variable "nstages" was declared but never referenced
      constexpr int nstages = 0;
                    ^

Remark: The warnings can be suppressed with "-diag-suppress <warning-number>"

/home/mark/buun_vbr/ggml/src/ggml-cuda/template-instances/../fattn-mma-turbo.cuh(29): warning #177-D: variable "nstages" was declared but never referenced
      constexpr int nstages = 0;
                    ^

Remark: The warnings can be suppressed with "-diag-suppress <warning-number>"

[ 38%] Building CUDA object ggml/src/ggml-cuda/CMakeFiles/ggml-cuda.dir/template-instances/fattn-mma-turbo-turbo3tcqk_turbo2tcqv-instance-dkq256-ncols1_1-ncols2_8.cu.o
[ 38%] Building CUDA object ggml/src/ggml-cuda/CMakeFiles/ggml-cuda.dir/template-instances/fattn-mma-turbo-turbo3tcqk_turbo2tcqv-instance-dkq256-ncols1_16-ncols2_1.cu.o
[ 38%] Building CUDA object ggml/src/ggml-cuda/CMakeFiles/ggml-cuda.dir/template-instances/fattn-mma-turbo-turbo3tcqk_turbo2tcqv-instance-dkq256-ncols1_16-ncols2_2.cu.o
[ 38%] Building CUDA object ggml/src/ggml-cuda/CMakeFiles/ggml-cuda.dir/template-instances/fattn-mma-turbo-turbo3tcqk_turbo2tcqv-instance-dkq256-ncols1_16-ncols2_4.cu.o
[ 38%] Building CUDA object ggml/src/ggml-cuda/CMakeFiles/ggml-cuda.dir/template-instances/fattn-mma-turbo-turbo3tcqk_turbo2tcqv-instance-dkq256-ncols1_2-ncols2_4.cu.o
/home/mark/buun_vbr/ggml/src/ggml-cuda/template-instances/../fattn-mma-turbo.cuh(29): warning #177-D: variable "nstages" was declared but never referenced
      constexpr int nstages = 0;
                    ^

Remark: The warnings can be suppressed with "-diag-suppress <warning-number>"

[ 39%] Building CUDA object ggml/src/ggml-cuda/CMakeFiles/ggml-cuda.dir/template-instances/fattn-mma-turbo-turbo3tcqk_turbo2tcqv-instance-dkq256-ncols1_2-ncols2_8.cu.o
[ 39%] Building CUDA object ggml/src/ggml-cuda/CMakeFiles/ggml-cuda.dir/template-instances/fattn-mma-turbo-turbo3tcqk_turbo2tcqv-instance-dkq256-ncols1_32-ncols2_1.cu.o
[ 39%] Building CUDA object ggml/src/ggml-cuda/CMakeFiles/ggml-cuda.dir/template-instances/fattn-mma-turbo-turbo3tcqk_turbo2tcqv-instance-dkq256-ncols1_32-ncols2_2.cu.o
[ 39%] Building CUDA object ggml/src/ggml-cuda/CMakeFiles/ggml-cuda.dir/template-instances/fattn-mma-turbo-turbo3tcqk_turbo2tcqv-instance-dkq256-ncols1_4-ncols2_2.cu.o
/home/mark/buun_vbr/ggml/src/ggml-cuda/template-instances/../fattn-mma-turbo.cuh(29): warning #177-D: variable "nstages" was declared but never referenced
      constexpr int nstages = 0;
                    ^

Remark: The warnings can be suppressed with "-diag-suppress <warning-number>"

/home/mark/buun_vbr/ggml/src/ggml-cuda/template-instances/../fattn-mma-turbo.cuh(29): warning #177-D: variable "nstages" was declared but never referenced
      constexpr int nstages = 0;
                    ^

Remark: The warnings can be suppressed with "-diag-suppress <warning-number>"

/home/mark/buun_vbr/ggml/src/ggml-cuda/template-instances/../fattn-mma-turbo.cuh(29): warning #177-D: variable "nstages" was declared but never referenced
      constexpr int nstages = 0;
                    ^

Remark: The warnings can be suppressed with "-diag-suppress <warning-number>"

/home/mark/buun_vbr/ggml/src/ggml-cuda/template-instances/../fattn-mma-turbo.cuh(29): warning #177-D: variable "nstages" was declared but never referenced
      constexpr int nstages = 0;
                    ^

Remark: The warnings can be suppressed with "-diag-suppress <warning-number>"

/home/mark/buun_vbr/ggml/src/ggml-cuda/template-instances/../fattn-mma-turbo.cuh(29): warning #177-D: variable "nstages" was declared but never referenced
      constexpr int nstages = 0;
                    ^

Remark: The warnings can be suppressed with "-diag-suppress <warning-number>"

[ 39%] Building CUDA object ggml/src/ggml-cuda/CMakeFiles/ggml-cuda.dir/template-instances/fattn-mma-turbo-turbo3tcqk_turbo2tcqv-instance-dkq256-ncols1_4-ncols2_4.cu.o
/home/mark/buun_vbr/ggml/src/ggml-cuda/template-instances/../fattn-mma-turbo.cuh(29): warning #177-D: variable "nstages" was declared but never referenced
      constexpr int nstages = 0;
                    ^

Remark: The warnings can be suppressed with "-diag-suppress <warning-number>"

/home/mark/buun_vbr/ggml/src/ggml-cuda/template-instances/../fattn-mma-turbo.cuh(29): warning #177-D: variable "nstages" was declared but never referenced
      constexpr int nstages = 0;
                    ^

Remark: The warnings can be suppressed with "-diag-suppress <warning-number>"

/home/mark/buun_vbr/ggml/src/ggml-cuda/template-instances/../fattn-mma-turbo.cuh(29): warning #177-D: variable "nstages" was declared but never referenced
      constexpr int nstages = 0;
                    ^

Remark: The warnings can be suppressed with "-diag-suppress <warning-number>"

[ 39%] Building CUDA object ggml/src/ggml-cuda/CMakeFiles/ggml-cuda.dir/template-instances/fattn-mma-turbo-turbo3tcqk_turbo2tcqv-instance-dkq256-ncols1_4-ncols2_8.cu.o
/home/mark/buun_vbr/ggml/src/ggml-cuda/template-instances/../fattn-mma-turbo.cuh(29): warning #177-D: variable "nstages" was declared but never referenced
      constexpr int nstages = 0;
                    ^

Remark: The warnings can be suppressed with "-diag-suppress <warning-number>"

/home/mark/buun_vbr/ggml/src/ggml-cuda/template-instances/../fattn-mma-turbo.cuh(29): warning #177-D: variable "nstages" was declared but never referenced
      constexpr int nstages = 0;
                    ^

Remark: The warnings can be suppressed with "-diag-suppress <warning-number>"

[ 39%] Building CUDA object ggml/src/ggml-cuda/CMakeFiles/ggml-cuda.dir/template-instances/fattn-mma-turbo-turbo3tcqk_turbo2tcqv-instance-dkq256-ncols1_64-ncols2_1.cu.o
[ 39%] Building CUDA object ggml/src/ggml-cuda/CMakeFiles/ggml-cuda.dir/template-instances/fattn-mma-turbo-turbo3tcqk_turbo2tcqv-instance-dkq256-ncols1_8-ncols2_1.cu.o
[ 39%] Building CUDA object ggml/src/ggml-cuda/CMakeFiles/ggml-cuda.dir/template-instances/fattn-mma-turbo-turbo3tcqk_turbo2tcqv-instance-dkq256-ncols1_8-ncols2_2.cu.o
[ 39%] Building CUDA object ggml/src/ggml-cuda/CMakeFiles/ggml-cuda.dir/template-instances/fattn-mma-turbo-turbo3tcqk_turbo2tcqv-instance-dkq256-ncols1_8-ncols2_4.cu.o
[ 40%] Building CUDA object ggml/src/ggml-cuda/CMakeFiles/ggml-cuda.dir/template-instances/fattn-mma-turbo-turbo3tcqk_turbo2tcqv-instance-dkq256-ncols1_8-ncols2_8.cu.o
[ 40%] Building CUDA object ggml/src/ggml-cuda/CMakeFiles/ggml-cuda.dir/template-instances/fattn-mma-turbo-turbo3tcqk_turbo4v-instance-dkq256-ncols1_1-ncols2_8.cu.o
/home/mark/buun_vbr/ggml/src/ggml-cuda/template-instances/../fattn-mma-turbo.cuh(29): warning #177-D: variable "nstages" was declared but never referenced
      constexpr int nstages = 0;
                    ^

Remark: The warnings can be suppressed with "-diag-suppress <warning-number>"

[ 40%] Building CUDA object ggml/src/ggml-cuda/CMakeFiles/ggml-cuda.dir/template-instances/fattn-mma-turbo-turbo3tcqk_turbo4v-instance-dkq256-ncols1_16-ncols2_1.cu.o
[ 40%] Building CUDA object ggml/src/ggml-cuda/CMakeFiles/ggml-cuda.dir/template-instances/fattn-mma-turbo-turbo3tcqk_turbo4v-instance-dkq256-ncols1_16-ncols2_2.cu.o
[ 40%] Building CUDA object ggml/src/ggml-cuda/CMakeFiles/ggml-cuda.dir/template-instances/fattn-mma-turbo-turbo3tcqk_turbo4v-instance-dkq256-ncols1_16-ncols2_4.cu.o
/home/mark/buun_vbr/ggml/src/ggml-cuda/template-instances/../fattn-mma-turbo.cuh(29): warning #177-D: variable "nstages" was declared but never referenced
      constexpr int nstages = 0;
                    ^

Remark: The warnings can be suppressed with "-diag-suppress <warning-number>"

/home/mark/buun_vbr/ggml/src/ggml-cuda/template-instances/../fattn-mma-turbo.cuh(29): warning #177-D: variable "nstages" was declared but never referenced
      constexpr int nstages = 0;
                    ^

Remark: The warnings can be suppressed with "-diag-suppress <warning-number>"

/home/mark/buun_vbr/ggml/src/ggml-cuda/template-instances/../fattn-mma-turbo.cuh(29): warning #177-D: variable "nstages" was declared but never referenced
      constexpr int nstages = 0;
                    ^

Remark: The warnings can be suppressed with "-diag-suppress <warning-number>"

/home/mark/buun_vbr/ggml/src/ggml-cuda/template-instances/../fattn-mma-turbo.cuh(29): warning #177-D: variable "nstages" was declared but never referenced
      constexpr int nstages = 0;
                    ^

Remark: The warnings can be suppressed with "-diag-suppress <warning-number>"

/home/mark/buun_vbr/ggml/src/ggml-cuda/template-instances/../fattn-mma-turbo.cuh(29): warning #177-D: variable "nstages" was declared but never referenced
      constexpr int nstages = 0;
                    ^

Remark: The warnings can be suppressed with "-diag-suppress <warning-number>"

[ 40%] Building CUDA object ggml/src/ggml-cuda/CMakeFiles/ggml-cuda.dir/template-instances/fattn-mma-turbo-turbo3tcqk_turbo4v-instance-dkq256-ncols1_2-ncols2_4.cu.o
/home/mark/buun_vbr/ggml/src/ggml-cuda/template-instances/../fattn-mma-turbo.cuh(29): warning #177-D: variable "nstages" was declared but never referenced
      constexpr int nstages = 0;
                    ^

Remark: The warnings can be suppressed with "-diag-suppress <warning-number>"

/home/mark/buun_vbr/ggml/src/ggml-cuda/template-instances/../fattn-mma-turbo.cuh(29): warning #177-D: variable "nstages" was declared but never referenced
      constexpr int nstages = 0;
                    ^

Remark: The warnings can be suppressed with "-diag-suppress <warning-number>"

[ 40%] Building CUDA object ggml/src/ggml-cuda/CMakeFiles/ggml-cuda.dir/template-instances/fattn-mma-turbo-turbo3tcqk_turbo4v-instance-dkq256-ncols1_2-ncols2_8.cu.o
/home/mark/buun_vbr/ggml/src/ggml-cuda/template-instances/../fattn-mma-turbo.cuh(29): warning #177-D: variable "nstages" was declared but never referenced
      constexpr int nstages = 0;
                    ^

Remark: The warnings can be suppressed with "-diag-suppress <warning-number>"

/home/mark/buun_vbr/ggml/src/ggml-cuda/template-instances/../fattn-mma-turbo.cuh(29): warning #177-D: variable "nstages" was declared but never referenced
      constexpr int nstages = 0;
                    ^

Remark: The warnings can be suppressed with "-diag-suppress <warning-number>"

/home/mark/buun_vbr/ggml/src/ggml-cuda/template-instances/../fattn-mma-turbo.cuh(29): warning #177-D: variable "nstages" was declared but never referenced
      constexpr int nstages = 0;
                    ^

Remark: The warnings can be suppressed with "-diag-suppress <warning-number>"

[ 40%] Building CUDA object ggml/src/ggml-cuda/CMakeFiles/ggml-cuda.dir/template-instances/fattn-mma-turbo-turbo3tcqk_turbo4v-instance-dkq256-ncols1_32-ncols2_1.cu.o
[ 40%] Building CUDA object ggml/src/ggml-cuda/CMakeFiles/ggml-cuda.dir/template-instances/fattn-mma-turbo-turbo3tcqk_turbo4v-instance-dkq256-ncols1_32-ncols2_2.cu.o
[ 40%] Building CUDA object ggml/src/ggml-cuda/CMakeFiles/ggml-cuda.dir/template-instances/fattn-mma-turbo-turbo3tcqk_turbo4v-instance-dkq256-ncols1_4-ncols2_2.cu.o
[ 40%] Building CUDA object ggml/src/ggml-cuda/CMakeFiles/ggml-cuda.dir/template-instances/fattn-mma-turbo-turbo3tcqk_turbo4v-instance-dkq256-ncols1_4-ncols2_4.cu.o
[ 41%] Building CUDA object ggml/src/ggml-cuda/CMakeFiles/ggml-cuda.dir/template-instances/fattn-mma-turbo-turbo3tcqk_turbo4v-instance-dkq256-ncols1_4-ncols2_8.cu.o
/home/mark/buun_vbr/ggml/src/ggml-cuda/template-instances/../fattn-mma-turbo.cuh(29): warning #177-D: variable "nstages" was declared but never referenced
      constexpr int nstages = 0;
                    ^

Remark: The warnings can be suppressed with "-diag-suppress <warning-number>"

[ 41%] Building CUDA object ggml/src/ggml-cuda/CMakeFiles/ggml-cuda.dir/template-instances/fattn-mma-turbo-turbo3tcqk_turbo4v-instance-dkq256-ncols1_64-ncols2_1.cu.o
[ 41%] Building CUDA object ggml/src/ggml-cuda/CMakeFiles/ggml-cuda.dir/template-instances/fattn-mma-turbo-turbo3tcqk_turbo4v-instance-dkq256-ncols1_8-ncols2_1.cu.o
[ 41%] Building CUDA object ggml/src/ggml-cuda/CMakeFiles/ggml-cuda.dir/template-instances/fattn-mma-turbo-turbo3tcqk_turbo4v-instance-dkq256-ncols1_8-ncols2_2.cu.o
[ 41%] Building CUDA object ggml/src/ggml-cuda/CMakeFiles/ggml-cuda.dir/template-instances/fattn-mma-turbo-turbo3tcqk_turbo4v-instance-dkq256-ncols1_8-ncols2_4.cu.o
/home/mark/buun_vbr/ggml/src/ggml-cuda/template-instances/../fattn-mma-turbo.cuh(29): warning #177-D: variable "nstages" was declared but never referenced
      constexpr int nstages = 0;
                    ^

Remark: The warnings can be suppressed with "-diag-suppress <warning-number>"

/home/mark/buun_vbr/ggml/src/ggml-cuda/template-instances/../fattn-mma-turbo.cuh(29): warning #177-D: variable "nstages" was declared but never referenced
      constexpr int nstages = 0;
                    ^

Remark: The warnings can be suppressed with "-diag-suppress <warning-number>"

/home/mark/buun_vbr/ggml/src/ggml-cuda/template-instances/../fattn-mma-turbo.cuh(29): warning #177-D: variable "nstages" was declared but never referenced
      constexpr int nstages = 0;
                    ^

Remark: The warnings can be suppressed with "-diag-suppress <warning-number>"

/home/mark/buun_vbr/ggml/src/ggml-cuda/template-instances/../fattn-mma-turbo.cuh(29): warning #177-D: variable "nstages" was declared but never referenced
      constexpr int nstages = 0;
                    ^

Remark: The warnings can be suppressed with "-diag-suppress <warning-number>"

[ 41%] Building CUDA object ggml/src/ggml-cuda/CMakeFiles/ggml-cuda.dir/template-instances/fattn-mma-turbo-turbo3tcqk_turbo4v-instance-dkq256-ncols1_8-ncols2_8.cu.o
/home/mark/buun_vbr/ggml/src/ggml-cuda/template-instances/../fattn-mma-turbo.cuh(29): warning #177-D: variable "nstages" was declared but never referenced
      constexpr int nstages = 0;
                    ^

Remark: The warnings can be suppressed with "-diag-suppress <warning-number>"

/home/mark/buun_vbr/ggml/src/ggml-cuda/template-instances/../fattn-mma-turbo.cuh(29): warning #177-D: variable "nstages" was declared but never referenced
      constexpr int nstages = 0;
                    ^

Remark: The warnings can be suppressed with "-diag-suppress <warning-number>"

/home/mark/buun_vbr/ggml/src/ggml-cuda/template-instances/../fattn-mma-turbo.cuh(29): warning #177-D: variable "nstages" was declared but never referenced
      constexpr int nstages = 0;
                    ^

Remark: The warnings can be suppressed with "-diag-suppress <warning-number>"

[ 41%] Building CUDA object ggml/src/ggml-cuda/CMakeFiles/ggml-cuda.dir/template-instances/fattn-mma-turbo-turbo4k_turbo3tcqv-instance-dkq256-ncols1_1-ncols2_8.cu.o
/home/mark/buun_vbr/ggml/src/ggml-cuda/template-instances/../fattn-mma-turbo.cuh(29): warning #177-D: variable "nstages" was declared but never referenced
      constexpr int nstages = 0;
                    ^

Remark: The warnings can be suppressed with "-diag-suppress <warning-number>"

/home/mark/buun_vbr/ggml/src/ggml-cuda/template-instances/../fattn-mma-turbo.cuh(29): warning #177-D: variable "nstages" was declared but never referenced
      constexpr int nstages = 0;
                    ^

Remark: The warnings can be suppressed with "-diag-suppress <warning-number>"

/home/mark/buun_vbr/ggml/src/ggml-cuda/template-instances/../fattn-mma-turbo.cuh(29): warning #177-D: variable "nstages" was declared but never referenced
      constexpr int nstages = 0;
                    ^

Remark: The warnings can be suppressed with "-diag-suppress <warning-number>"

[ 41%] Building CUDA object ggml/src/ggml-cuda/CMakeFiles/ggml-cuda.dir/template-instances/fattn-mma-turbo-turbo4k_turbo3tcqv-instance-dkq256-ncols1_16-ncols2_1.cu.o
[ 41%] Building CUDA object ggml/src/ggml-cuda/CMakeFiles/ggml-cuda.dir/template-instances/fattn-mma-turbo-turbo4k_turbo3tcqv-instance-dkq256-ncols1_16-ncols2_2.cu.o
[ 41%] Building CUDA object ggml/src/ggml-cuda/CMakeFiles/ggml-cuda.dir/template-instances/fattn-mma-turbo-turbo4k_turbo3tcqv-instance-dkq256-ncols1_16-ncols2_4.cu.o
[ 41%] Building CUDA object ggml/src/ggml-cuda/CMakeFiles/ggml-cuda.dir/template-instances/fattn-mma-turbo-turbo4k_turbo3tcqv-instance-dkq256-ncols1_2-ncols2_4.cu.o
[ 42%] Building CUDA object ggml/src/ggml-cuda/CMakeFiles/ggml-cuda.dir/template-instances/fattn-mma-turbo-turbo4k_turbo3tcqv-instance-dkq256-ncols1_2-ncols2_8.cu.o
/home/mark/buun_vbr/ggml/src/ggml-cuda/template-instances/../fattn-mma-turbo.cuh(29): warning #177-D: variable "nstages" was declared but never referenced
      constexpr int nstages = 0;
                    ^

Remark: The warnings can be suppressed with "-diag-suppress <warning-number>"

[ 42%] Building CUDA object ggml/src/ggml-cuda/CMakeFiles/ggml-cuda.dir/template-instances/fattn-mma-turbo-turbo4k_turbo3tcqv-instance-dkq256-ncols1_32-ncols2_1.cu.o
[ 42%] Building CUDA object ggml/src/ggml-cuda/CMakeFiles/ggml-cuda.dir/template-instances/fattn-mma-turbo-turbo4k_turbo3tcqv-instance-dkq256-ncols1_32-ncols2_2.cu.o
[ 42%] Building CUDA object ggml/src/ggml-cuda/CMakeFiles/ggml-cuda.dir/template-instances/fattn-mma-turbo-turbo4k_turbo3tcqv-instance-dkq256-ncols1_4-ncols2_2.cu.o
[ 42%] Building CUDA object ggml/src/ggml-cuda/CMakeFiles/ggml-cuda.dir/template-instances/fattn-mma-turbo-turbo4k_turbo3tcqv-instance-dkq256-ncols1_4-ncols2_4.cu.o
/home/mark/buun_vbr/ggml/src/ggml-cuda/template-instances/../fattn-mma-turbo.cuh(29): warning #177-D: variable "nstages" was declared but never referenced
      constexpr int nstages = 0;
                    ^

Remark: The warnings can be suppressed with "-diag-suppress <warning-number>"

/home/mark/buun_vbr/ggml/src/ggml-cuda/template-instances/../fattn-mma-turbo.cuh(29): warning #177-D: variable "nstages" was declared but never referenced
      constexpr int nstages = 0;
                    ^

Remark: The warnings can be suppressed with "-diag-suppress <warning-number>"

/home/mark/buun_vbr/ggml/src/ggml-cuda/template-instances/../fattn-mma-turbo.cuh(29): warning #177-D: variable "nstages" was declared but never referenced
      constexpr int nstages = 0;
                    ^

Remark: The warnings can be suppressed with "-diag-suppress <warning-number>"

/home/mark/buun_vbr/ggml/src/ggml-cuda/template-instances/../fattn-mma-turbo.cuh(29): warning #177-D: variable "nstages" was declared but never referenced
      constexpr int nstages = 0;
                    ^

Remark: The warnings can be suppressed with "-diag-suppress <warning-number>"

[ 42%] Building CUDA object ggml/src/ggml-cuda/CMakeFiles/ggml-cuda.dir/template-instances/fattn-mma-turbo-turbo4k_turbo3tcqv-instance-dkq256-ncols1_4-ncols2_8.cu.o
/home/mark/buun_vbr/ggml/src/ggml-cuda/template-instances/../fattn-mma-turbo.cuh(29): warning #177-D: variable "nstages" was declared but never referenced
      constexpr int nstages = 0;
                    ^

Remark: The warnings can be suppressed with "-diag-suppress <warning-number>"

/home/mark/buun_vbr/ggml/src/ggml-cuda/template-instances/../fattn-mma-turbo.cuh(29): warning #177-D: variable "nstages" was declared but never referenced
      constexpr int nstages = 0;
                    ^

Remark: The warnings can be suppressed with "-diag-suppress <warning-number>"

/home/mark/buun_vbr/ggml/src/ggml-cuda/template-instances/../fattn-mma-turbo.cuh(29): warning #177-D: variable "nstages" was declared but never referenced
      constexpr int nstages = 0;
                    ^

Remark: The warnings can be suppressed with "-diag-suppress <warning-number>"

/home/mark/buun_vbr/ggml/src/ggml-cuda/template-instances/../fattn-mma-turbo.cuh(29): warning #177-D: variable "nstages" was declared but never referenced
      constexpr int nstages = 0;
                    ^

Remark: The warnings can be suppressed with "-diag-suppress <warning-number>"

[ 42%] Building CUDA object ggml/src/ggml-cuda/CMakeFiles/ggml-cuda.dir/template-instances/fattn-mma-turbo-turbo4k_turbo3tcqv-instance-dkq256-ncols1_64-ncols2_1.cu.o
/home/mark/buun_vbr/ggml/src/ggml-cuda/template-instances/../fattn-mma-turbo.cuh(29): warning #177-D: variable "nstages" was declared but never referenced
      constexpr int nstages = 0;
                    ^

Remark: The warnings can be suppressed with "-diag-suppress <warning-number>"

/home/mark/buun_vbr/ggml/src/ggml-cuda/template-instances/../fattn-mma-turbo.cuh(29): warning #177-D: variable "nstages" was declared but never referenced
      constexpr int nstages = 0;
                    ^

Remark: The warnings can be suppressed with "-diag-suppress <warning-number>"

[ 42%] Building CUDA object ggml/src/ggml-cuda/CMakeFiles/ggml-cuda.dir/template-instances/fattn-mma-turbo-turbo4k_turbo3tcqv-instance-dkq256-ncols1_8-ncols2_1.cu.o
[ 42%] Building CUDA object ggml/src/ggml-cuda/CMakeFiles/ggml-cuda.dir/template-instances/fattn-mma-turbo-turbo4k_turbo3tcqv-instance-dkq256-ncols1_8-ncols2_2.cu.o
[ 42%] Building CUDA object ggml/src/ggml-cuda/CMakeFiles/ggml-cuda.dir/template-instances/fattn-mma-turbo-turbo4k_turbo3tcqv-instance-dkq256-ncols1_8-ncols2_4.cu.o
[ 43%] Building CUDA object ggml/src/ggml-cuda/CMakeFiles/ggml-cuda.dir/template-instances/fattn-mma-turbo-turbo4k_turbo3tcqv-instance-dkq256-ncols1_8-ncols2_8.cu.o
[ 43%] Building CUDA object ggml/src/ggml-cuda/CMakeFiles/ggml-cuda.dir/template-instances/fattn-mma-turbo-turbo4k_turbo8v-instance-dkq256-ncols1_1-ncols2_8.cu.o
/home/mark/buun_vbr/ggml/src/ggml-cuda/template-instances/../fattn-mma-turbo.cuh(29): warning #177-D: variable "nstages" was declared but never referenced
      constexpr int nstages = 0;
                    ^

Remark: The warnings can be suppressed with "-diag-suppress <warning-number>"

[ 43%] Building CUDA object ggml/src/ggml-cuda/CMakeFiles/ggml-cuda.dir/template-instances/fattn-mma-turbo-turbo4k_turbo8v-instance-dkq256-ncols1_16-ncols2_1.cu.o
[ 43%] Building CUDA object ggml/src/ggml-cuda/CMakeFiles/ggml-cuda.dir/template-instances/fattn-mma-turbo-turbo4k_turbo8v-instance-dkq256-ncols1_16-ncols2_2.cu.o
[ 43%] Building CUDA object ggml/src/ggml-cuda/CMakeFiles/ggml-cuda.dir/template-instances/fattn-mma-turbo-turbo4k_turbo8v-instance-dkq256-ncols1_16-ncols2_4.cu.o
[ 43%] Building CUDA object ggml/src/ggml-cuda/CMakeFiles/ggml-cuda.dir/template-instances/fattn-mma-turbo-turbo4k_turbo8v-instance-dkq256-ncols1_2-ncols2_4.cu.o
/home/mark/buun_vbr/ggml/src/ggml-cuda/template-instances/../fattn-mma-turbo.cuh(29): warning #177-D: variable "nstages" was declared but never referenced
      constexpr int nstages = 0;
                    ^

Remark: The warnings can be suppressed with "-diag-suppress <warning-number>"

/home/mark/buun_vbr/ggml/src/ggml-cuda/template-instances/../fattn-mma-turbo.cuh(29): warning #177-D: variable "nstages" was declared but never referenced
      constexpr int nstages = 0;
                    ^

Remark: The warnings can be suppressed with "-diag-suppress <warning-number>"

/home/mark/buun_vbr/ggml/src/ggml-cuda/template-instances/../fattn-mma-turbo.cuh(29): warning #177-D: variable "nstages" was declared but never referenced
      constexpr int nstages = 0;
                    ^

Remark: The warnings can be suppressed with "-diag-suppress <warning-number>"

/home/mark/buun_vbr/ggml/src/ggml-cuda/template-instances/../fattn-mma-turbo.cuh(29): warning #177-D: variable "nstages" was declared but never referenced
      constexpr int nstages = 0;
                    ^

Remark: The warnings can be suppressed with "-diag-suppress <warning-number>"

/home/mark/buun_vbr/ggml/src/ggml-cuda/template-instances/../fattn-mma-turbo.cuh(29): warning #177-D: variable "nstages" was declared but never referenced
      constexpr int nstages = 0;
                    ^

Remark: The warnings can be suppressed with "-diag-suppress <warning-number>"

[ 43%] Building CUDA object ggml/src/ggml-cuda/CMakeFiles/ggml-cuda.dir/template-instances/fattn-mma-turbo-turbo4k_turbo8v-instance-dkq256-ncols1_2-ncols2_8.cu.o
/home/mark/buun_vbr/ggml/src/ggml-cuda/template-instances/../fattn-mma-turbo.cuh(29): warning #177-D: variable "nstages" was declared but never referenced
      constexpr int nstages = 0;
                    ^

Remark: The warnings can be suppressed with "-diag-suppress <warning-number>"

/home/mark/buun_vbr/ggml/src/ggml-cuda/template-instances/../fattn-mma-turbo.cuh(29): warning #177-D: variable "nstages" was declared but never referenced
      constexpr int nstages = 0;
                    ^

Remark: The warnings can be suppressed with "-diag-suppress <warning-number>"

/home/mark/buun_vbr/ggml/src/ggml-cuda/template-instances/../fattn-mma-turbo.cuh(29): warning #177-D: variable "nstages" was declared but never referenced
      constexpr int nstages = 0;
                    ^

Remark: The warnings can be suppressed with "-diag-suppress <warning-number>"

/home/mark/buun_vbr/ggml/src/ggml-cuda/template-instances/../fattn-mma-turbo.cuh(29): warning #177-D: variable "nstages" was declared but never referenced
      constexpr int nstages = 0;
                    ^

Remark: The warnings can be suppressed with "-diag-suppress <warning-number>"

[ 43%] Building CUDA object ggml/src/ggml-cuda/CMakeFiles/ggml-cuda.dir/template-instances/fattn-mma-turbo-turbo4k_turbo8v-instance-dkq256-ncols1_32-ncols2_1.cu.o
/home/mark/buun_vbr/ggml/src/ggml-cuda/template-instances/../fattn-mma-turbo.cuh(29): warning #177-D: variable "nstages" was declared but never referenced
      constexpr int nstages = 0;
                    ^

Remark: The warnings can be suppressed with "-diag-suppress <warning-number>"

[ 43%] Building CUDA object ggml/src/ggml-cuda/CMakeFiles/ggml-cuda.dir/template-instances/fattn-mma-turbo-turbo4k_turbo8v-instance-dkq256-ncols1_32-ncols2_2.cu.o
[ 43%] Building CUDA object ggml/src/ggml-cuda/CMakeFiles/ggml-cuda.dir/template-instances/fattn-mma-turbo-turbo4k_turbo8v-instance-dkq256-ncols1_4-ncols2_2.cu.o
[ 43%] Building CUDA object ggml/src/ggml-cuda/CMakeFiles/ggml-cuda.dir/template-instances/fattn-mma-turbo-turbo4k_turbo8v-instance-dkq256-ncols1_4-ncols2_4.cu.o
[ 44%] Building CUDA object ggml/src/ggml-cuda/CMakeFiles/ggml-cuda.dir/template-instances/fattn-mma-turbo-turbo4k_turbo8v-instance-dkq256-ncols1_4-ncols2_8.cu.o
[ 44%] Building CUDA object ggml/src/ggml-cuda/CMakeFiles/ggml-cuda.dir/template-instances/fattn-mma-turbo-turbo4k_turbo8v-instance-dkq256-ncols1_64-ncols2_1.cu.o
[ 44%] Building CUDA object ggml/src/ggml-cuda/CMakeFiles/ggml-cuda.dir/template-instances/fattn-mma-turbo-turbo4k_turbo8v-instance-dkq256-ncols1_8-ncols2_1.cu.o
/home/mark/buun_vbr/ggml/src/ggml-cuda/template-instances/../fattn-mma-turbo.cuh(29): warning #177-D: variable "nstages" was declared but never referenced
      constexpr int nstages = 0;
                    ^

Remark: The warnings can be suppressed with "-diag-suppress <warning-number>"

[ 44%] Building CUDA object ggml/src/ggml-cuda/CMakeFiles/ggml-cuda.dir/template-instances/fattn-mma-turbo-turbo4k_turbo8v-instance-dkq256-ncols1_8-ncols2_2.cu.o
[ 44%] Building CUDA object ggml/src/ggml-cuda/CMakeFiles/ggml-cuda.dir/template-instances/fattn-mma-turbo-turbo4k_turbo8v-instance-dkq256-ncols1_8-ncols2_4.cu.o
[ 44%] Building CUDA object ggml/src/ggml-cuda/CMakeFiles/ggml-cuda.dir/template-instances/fattn-mma-turbo-turbo4k_turbo8v-instance-dkq256-ncols1_8-ncols2_8.cu.o
/home/mark/buun_vbr/ggml/src/ggml-cuda/template-instances/../fattn-mma-turbo.cuh(29): warning #177-D: variable "nstages" was declared but never referenced
      constexpr int nstages = 0;
                    ^

Remark: The warnings can be suppressed with "-diag-suppress <warning-number>"

/home/mark/buun_vbr/ggml/src/ggml-cuda/template-instances/../fattn-mma-turbo.cuh(29): warning #177-D: variable "nstages" was declared but never referenced
      constexpr int nstages = 0;
                    ^

Remark: The warnings can be suppressed with "-diag-suppress <warning-number>"

/home/mark/buun_vbr/ggml/src/ggml-cuda/template-instances/../fattn-mma-turbo.cuh(29): warning #177-D: variable "nstages" was declared but never referenced
      constexpr int nstages = 0;
                    ^

Remark: The warnings can be suppressed with "-diag-suppress <warning-number>"

/home/mark/buun_vbr/ggml/src/ggml-cuda/template-instances/../fattn-mma-turbo.cuh(29): warning #177-D: variable "nstages" was declared but never referenced
      constexpr int nstages = 0;
                    ^

Remark: The warnings can be suppressed with "-diag-suppress <warning-number>"

/home/mark/buun_vbr/ggml/src/ggml-cuda/template-instances/../fattn-mma-turbo.cuh(29): warning #177-D: variable "nstages" was declared but never referenced
      constexpr int nstages = 0;
                    ^

Remark: The warnings can be suppressed with "-diag-suppress <warning-number>"

[ 44%] Building CUDA object ggml/src/ggml-cuda/CMakeFiles/ggml-cuda.dir/template-instances/fattn-mma-turbo-turbo8_0-instance-dkq128-ncols1_1-ncols2_8.cu.o
/home/mark/buun_vbr/ggml/src/ggml-cuda/template-instances/../fattn-mma-turbo.cuh(29): warning #177-D: variable "nstages" was declared but never referenced
      constexpr int nstages = 0;
                    ^

Remark: The warnings can be suppressed with "-diag-suppress <warning-number>"

/home/mark/buun_vbr/ggml/src/ggml-cuda/template-instances/../fattn-mma-turbo.cuh(29): warning #177-D: variable "nstages" was declared but never referenced
      constexpr int nstages = 0;
                    ^

Remark: The warnings can be suppressed with "-diag-suppress <warning-number>"

/home/mark/buun_vbr/ggml/src/ggml-cuda/template-instances/../fattn-mma-turbo.cuh(29): warning #177-D: variable "nstages" was declared but never referenced
      constexpr int nstages = 0;
                    ^

Remark: The warnings can be suppressed with "-diag-suppress <warning-number>"

[ 44%] Building CUDA object ggml/src/ggml-cuda/CMakeFiles/ggml-cuda.dir/template-instances/fattn-mma-turbo-turbo8_0-instance-dkq128-ncols1_16-ncols2_1.cu.o
/home/mark/buun_vbr/ggml/src/ggml-cuda/template-instances/../fattn-mma-turbo.cuh(29): warning #177-D: variable "nstages" was declared but never referenced
      constexpr int nstages = 0;
                    ^

Remark: The warnings can be suppressed with "-diag-suppress <warning-number>"

/home/mark/buun_vbr/ggml/src/ggml-cuda/template-instances/../fattn-mma-turbo.cuh(29): warning #177-D: variable "nstages" was declared but never referenced
      constexpr int nstages = 0;
                    ^

Remark: The warnings can be suppressed with "-diag-suppress <warning-number>"

[ 44%] Building CUDA object ggml/src/ggml-cuda/CMakeFiles/ggml-cuda.dir/template-instances/fattn-mma-turbo-turbo8_0-instance-dkq128-ncols1_16-ncols2_2.cu.o
[ 44%] Building CUDA object ggml/src/ggml-cuda/CMakeFiles/ggml-cuda.dir/template-instances/fattn-mma-turbo-turbo8_0-instance-dkq128-ncols1_16-ncols2_4.cu.o
[ 44%] Building CUDA object ggml/src/ggml-cuda/CMakeFiles/ggml-cuda.dir/template-instances/fattn-mma-turbo-turbo8_0-instance-dkq128-ncols1_2-ncols2_4.cu.o
[ 45%] Building CUDA object ggml/src/ggml-cuda/CMakeFiles/ggml-cuda.dir/template-instances/fattn-mma-turbo-turbo8_0-instance-dkq128-ncols1_2-ncols2_8.cu.o
[ 45%] Building CUDA object ggml/src/ggml-cuda/CMakeFiles/ggml-cuda.dir/template-instances/fattn-mma-turbo-turbo8_0-instance-dkq128-ncols1_32-ncols2_1.cu.o
[ 45%] Building CUDA object ggml/src/ggml-cuda/CMakeFiles/ggml-cuda.dir/template-instances/fattn-mma-turbo-turbo8_0-instance-dkq128-ncols1_32-ncols2_2.cu.o
/home/mark/buun_vbr/ggml/src/ggml-cuda/template-instances/../fattn-mma-turbo.cuh(29): warning #177-D: variable "nstages" was declared but never referenced
      constexpr int nstages = 0;
                    ^

Remark: The warnings can be suppressed with "-diag-suppress <warning-number>"

[ 45%] Building CUDA object ggml/src/ggml-cuda/CMakeFiles/ggml-cuda.dir/template-instances/fattn-mma-turbo-turbo8_0-instance-dkq128-ncols1_4-ncols2_2.cu.o
[ 45%] Building CUDA object ggml/src/ggml-cuda/CMakeFiles/ggml-cuda.dir/template-instances/fattn-mma-turbo-turbo8_0-instance-dkq128-ncols1_4-ncols2_4.cu.o
[ 45%] Building CUDA object ggml/src/ggml-cuda/CMakeFiles/ggml-cuda.dir/template-instances/fattn-mma-turbo-turbo8_0-instance-dkq128-ncols1_4-ncols2_8.cu.o
/home/mark/buun_vbr/ggml/src/ggml-cuda/template-instances/../fattn-mma-turbo.cuh(29): warning #177-D: variable "nstages" was declared but never referenced
      constexpr int nstages = 0;
                    ^

Remark: The warnings can be suppressed with "-diag-suppress <warning-number>"

/home/mark/buun_vbr/ggml/src/ggml-cuda/template-instances/../fattn-mma-turbo.cuh(29): warning #177-D: variable "nstages" was declared but never referenced
      constexpr int nstages = 0;
                    ^

Remark: The warnings can be suppressed with "-diag-suppress <warning-number>"

/home/mark/buun_vbr/ggml/src/ggml-cuda/template-instances/../fattn-mma-turbo.cuh(29): warning #177-D: variable "nstages" was declared but never referenced
      constexpr int nstages = 0;
                    ^

Remark: The warnings can be suppressed with "-diag-suppress <warning-number>"

/home/mark/buun_vbr/ggml/src/ggml-cuda/template-instances/../fattn-mma-turbo.cuh(29): warning #177-D: variable "nstages" was declared but never referenced
      constexpr int nstages = 0;
                    ^

Remark: The warnings can be suppressed with "-diag-suppress <warning-number>"

/home/mark/buun_vbr/ggml/src/ggml-cuda/template-instances/../fattn-mma-turbo.cuh(29): warning #177-D: variable "nstages" was declared but never referenced
      constexpr int nstages = 0;
                    ^

Remark: The warnings can be suppressed with "-diag-suppress <warning-number>"

[ 45%] Building CUDA object ggml/src/ggml-cuda/CMakeFiles/ggml-cuda.dir/template-instances/fattn-mma-turbo-turbo8_0-instance-dkq128-ncols1_64-ncols2_1.cu.o
/home/mark/buun_vbr/ggml/src/ggml-cuda/template-instances/../fattn-mma-turbo.cuh(29): warning #177-D: variable "nstages" was declared but never referenced
      constexpr int nstages = 0;
                    ^

Remark: The warnings can be suppressed with "-diag-suppress <warning-number>"

/home/mark/buun_vbr/ggml/src/ggml-cuda/template-instances/../fattn-mma-turbo.cuh(29): warning #177-D: variable "nstages" was declared but never referenced
      constexpr int nstages = 0;
                    ^

Remark: The warnings can be suppressed with "-diag-suppress <warning-number>"

[ 45%] Building CUDA object ggml/src/ggml-cuda/CMakeFiles/ggml-cuda.dir/template-instances/fattn-mma-turbo-turbo8_0-instance-dkq128-ncols1_8-ncols2_1.cu.o
/home/mark/buun_vbr/ggml/src/ggml-cuda/template-instances/../fattn-mma-turbo.cuh(29): warning #177-D: variable "nstages" was declared but never referenced
      constexpr int nstages = 0;
                    ^

Remark: The warnings can be suppressed with "-diag-suppress <warning-number>"

/home/mark/buun_vbr/ggml/src/ggml-cuda/template-instances/../fattn-mma-turbo.cuh(29): warning #177-D: variable "nstages" was declared but never referenced
      constexpr int nstages = 0;
                    ^

Remark: The warnings can be suppressed with "-diag-suppress <warning-number>"

/home/mark/buun_vbr/ggml/src/ggml-cuda/template-instances/../fattn-mma-turbo.cuh(29): warning #177-D: variable "nstages" was declared but never referenced
      constexpr int nstages = 0;
                    ^

Remark: The warnings can be suppressed with "-diag-suppress <warning-number>"

[ 45%] Building CUDA object ggml/src/ggml-cuda/CMakeFiles/ggml-cuda.dir/template-instances/fattn-mma-turbo-turbo8_0-instance-dkq128-ncols1_8-ncols2_2.cu.o
[ 45%] Building CUDA object ggml/src/ggml-cuda/CMakeFiles/ggml-cuda.dir/template-instances/fattn-mma-turbo-turbo8_0-instance-dkq128-ncols1_8-ncols2_4.cu.o
[ 45%] Building CUDA object ggml/src/ggml-cuda/CMakeFiles/ggml-cuda.dir/template-instances/fattn-mma-turbo-turbo8_0-instance-dkq128-ncols1_8-ncols2_8.cu.o
[ 46%] Building CUDA object ggml/src/ggml-cuda/CMakeFiles/ggml-cuda.dir/template-instances/fattn-mma-turbo-turbo8_0-instance-dkq256-ncols1_1-ncols2_8.cu.o
[ 46%] Building CUDA object ggml/src/ggml-cuda/CMakeFiles/ggml-cuda.dir/template-instances/fattn-mma-turbo-turbo8_0-instance-dkq256-ncols1_16-ncols2_1.cu.o
[ 46%] Building CUDA object ggml/src/ggml-cuda/CMakeFiles/ggml-cuda.dir/template-instances/fattn-mma-turbo-turbo8_0-instance-dkq256-ncols1_16-ncols2_2.cu.o
/home/mark/buun_vbr/ggml/src/ggml-cuda/template-instances/../fattn-mma-turbo.cuh(29): warning #177-D: variable "nstages" was declared but never referenced
      constexpr int nstages = 0;
                    ^

Remark: The warnings can be suppressed with "-diag-suppress <warning-number>"

[ 46%] Building CUDA object ggml/src/ggml-cuda/CMakeFiles/ggml-cuda.dir/template-instances/fattn-mma-turbo-turbo8_0-instance-dkq256-ncols1_16-ncols2_4.cu.o
[ 46%] Building CUDA object ggml/src/ggml-cuda/CMakeFiles/ggml-cuda.dir/template-instances/fattn-mma-turbo-turbo8_0-instance-dkq256-ncols1_2-ncols2_4.cu.o
[ 46%] Building CUDA object ggml/src/ggml-cuda/CMakeFiles/ggml-cuda.dir/template-instances/fattn-mma-turbo-turbo8_0-instance-dkq256-ncols1_2-ncols2_8.cu.o
/home/mark/buun_vbr/ggml/src/ggml-cuda/template-instances/../fattn-mma-turbo.cuh(29): warning #177-D: variable "nstages" was declared but never referenced
      constexpr int nstages = 0;
                    ^

Remark: The warnings can be suppressed with "-diag-suppress <warning-number>"

/home/mark/buun_vbr/ggml/src/ggml-cuda/template-instances/../fattn-mma-turbo.cuh(29): warning #177-D: variable "nstages" was declared but never referenced
      constexpr int nstages = 0;
                    ^

Remark: The warnings can be suppressed with "-diag-suppress <warning-number>"

/home/mark/buun_vbr/ggml/src/ggml-cuda/template-instances/../fattn-mma-turbo.cuh(29): warning #177-D: variable "nstages" was declared but never referenced
      constexpr int nstages = 0;
                    ^

Remark: The warnings can be suppressed with "-diag-suppress <warning-number>"

/home/mark/buun_vbr/ggml/src/ggml-cuda/template-instances/../fattn-mma-turbo.cuh(29): warning #177-D: variable "nstages" was declared but never referenced
      constexpr int nstages = 0;
                    ^

Remark: The warnings can be suppressed with "-diag-suppress <warning-number>"

/home/mark/buun_vbr/ggml/src/ggml-cuda/template-instances/../fattn-mma-turbo.cuh(29): warning #177-D: variable "nstages" was declared but never referenced
      constexpr int nstages = 0;
                    ^

Remark: The warnings can be suppressed with "-diag-suppress <warning-number>"

/home/mark/buun_vbr/ggml/src/ggml-cuda/template-instances/../fattn-mma-turbo.cuh(29): warning #177-D: variable "nstages" was declared but never referenced
      constexpr int nstages = 0;
                    ^

Remark: The warnings can be suppressed with "-diag-suppress <warning-number>"

[ 46%] Building CUDA object ggml/src/ggml-cuda/CMakeFiles/ggml-cuda.dir/template-instances/fattn-mma-turbo-turbo8_0-instance-dkq256-ncols1_32-ncols2_1.cu.o
/home/mark/buun_vbr/ggml/src/ggml-cuda/template-instances/../fattn-mma-turbo.cuh(29): warning #177-D: variable "nstages" was declared but never referenced
      constexpr int nstages = 0;
                    ^

Remark: The warnings can be suppressed with "-diag-suppress <warning-number>"

[ 46%] Building CUDA object ggml/src/ggml-cuda/CMakeFiles/ggml-cuda.dir/template-instances/fattn-mma-turbo-turbo8_0-instance-dkq256-ncols1_32-ncols2_2.cu.o
/home/mark/buun_vbr/ggml/src/ggml-cuda/template-instances/../fattn-mma-turbo.cuh(29): warning #177-D: variable "nstages" was declared but never referenced
      constexpr int nstages = 0;
                    ^

Remark: The warnings can be suppressed with "-diag-suppress <warning-number>"

/home/mark/buun_vbr/ggml/src/ggml-cuda/template-instances/../fattn-mma-turbo.cuh(29): warning #177-D: variable "nstages" was declared but never referenced
      constexpr int nstages = 0;
                    ^

Remark: The warnings can be suppressed with "-diag-suppress <warning-number>"

/home/mark/buun_vbr/ggml/src/ggml-cuda/template-instances/../fattn-mma-turbo.cuh(29): warning #177-D: variable "nstages" was declared but never referenced
      constexpr int nstages = 0;
                    ^

Remark: The warnings can be suppressed with "-diag-suppress <warning-number>"

[ 46%] Building CUDA object ggml/src/ggml-cuda/CMakeFiles/ggml-cuda.dir/template-instances/fattn-mma-turbo-turbo8_0-instance-dkq256-ncols1_4-ncols2_2.cu.o
[ 46%] Building CUDA object ggml/src/ggml-cuda/CMakeFiles/ggml-cuda.dir/template-instances/fattn-mma-turbo-turbo8_0-instance-dkq256-ncols1_4-ncols2_4.cu.o
[ 47%] Building CUDA object ggml/src/ggml-cuda/CMakeFiles/ggml-cuda.dir/template-instances/fattn-mma-turbo-turbo8_0-instance-dkq256-ncols1_4-ncols2_8.cu.o
[ 47%] Building CUDA object ggml/src/ggml-cuda/CMakeFiles/ggml-cuda.dir/template-instances/fattn-mma-turbo-turbo8_0-instance-dkq256-ncols1_64-ncols2_1.cu.o
[ 47%] Building CUDA object ggml/src/ggml-cuda/CMakeFiles/ggml-cuda.dir/template-instances/fattn-mma-turbo-turbo8_0-instance-dkq256-ncols1_8-ncols2_1.cu.o
[ 47%] Building CUDA object ggml/src/ggml-cuda/CMakeFiles/ggml-cuda.dir/template-instances/fattn-mma-turbo-turbo8_0-instance-dkq256-ncols1_8-ncols2_2.cu.o
/home/mark/buun_vbr/ggml/src/ggml-cuda/template-instances/../fattn-mma-turbo.cuh(29): warning #177-D: variable "nstages" was declared but never referenced
      constexpr int nstages = 0;
                    ^

Remark: The warnings can be suppressed with "-diag-suppress <warning-number>"

[ 47%] Building CUDA object ggml/src/ggml-cuda/CMakeFiles/ggml-cuda.dir/template-instances/fattn-mma-turbo-turbo8_0-instance-dkq256-ncols1_8-ncols2_4.cu.o
[ 47%] Building CUDA object ggml/src/ggml-cuda/CMakeFiles/ggml-cuda.dir/template-instances/fattn-mma-turbo-turbo8_0-instance-dkq256-ncols1_8-ncols2_8.cu.o
[ 47%] Building CUDA object ggml/src/ggml-cuda/CMakeFiles/ggml-cuda.dir/template-instances/fattn-mma-turbo-turbo8k_f16v-instance-dkq256-ncols1_1-ncols2_8.cu.o
/home/mark/buun_vbr/ggml/src/ggml-cuda/template-instances/../fattn-mma-turbo.cuh(29): warning #177-D: variable "nstages" was declared but never referenced
      constexpr int nstages = 0;
                    ^

Remark: The warnings can be suppressed with "-diag-suppress <warning-number>"

/home/mark/buun_vbr/ggml/src/ggml-cuda/template-instances/../fattn-mma-turbo.cuh(29): warning #177-D: variable "nstages" was declared but never referenced
      constexpr int nstages = 0;
                    ^

Remark: The warnings can be suppressed with "-diag-suppress <warning-number>"

/home/mark/buun_vbr/ggml/src/ggml-cuda/template-instances/../fattn-mma-turbo.cuh(29): warning #177-D: variable "nstages" was declared but never referenced
      constexpr int nstages = 0;
                    ^

Remark: The warnings can be suppressed with "-diag-suppress <warning-number>"

/home/mark/buun_vbr/ggml/src/ggml-cuda/template-instances/../fattn-mma-turbo.cuh(29): warning #177-D: variable "nstages" was declared but never referenced
      constexpr int nstages = 0;
                    ^

Remark: The warnings can be suppressed with "-diag-suppress <warning-number>"

/home/mark/buun_vbr/ggml/src/ggml-cuda/template-instances/../fattn-mma-turbo.cuh(29): warning #177-D: variable "nstages" was declared but never referenced
      constexpr int nstages = 0;
                    ^

Remark: The warnings can be suppressed with "-diag-suppress <warning-number>"

[ 47%] Building CUDA object ggml/src/ggml-cuda/CMakeFiles/ggml-cuda.dir/template-instances/fattn-mma-turbo-turbo8k_f16v-instance-dkq256-ncols1_16-ncols2_1.cu.o
/home/mark/buun_vbr/ggml/src/ggml-cuda/template-instances/../fattn-mma-turbo.cuh(29): warning #177-D: variable "nstages" was declared but never referenced
      constexpr int nstages = 0;
                    ^

Remark: The warnings can be suppressed with "-diag-suppress <warning-number>"

/home/mark/buun_vbr/ggml/src/ggml-cuda/template-instances/../fattn-mma-turbo.cuh(29): warning #177-D: variable "nstages" was declared but never referenced
      constexpr int nstages = 0;
                    ^

Remark: The warnings can be suppressed with "-diag-suppress <warning-number>"

[ 47%] Building CUDA object ggml/src/ggml-cuda/CMakeFiles/ggml-cuda.dir/template-instances/fattn-mma-turbo-turbo8k_f16v-instance-dkq256-ncols1_16-ncols2_2.cu.o
/home/mark/buun_vbr/ggml/src/ggml-cuda/template-instances/../fattn-mma-turbo.cuh(29): warning #177-D: variable "nstages" was declared but never referenced
      constexpr int nstages = 0;
                    ^

Remark: The warnings can be suppressed with "-diag-suppress <warning-number>"

/home/mark/buun_vbr/ggml/src/ggml-cuda/template-instances/../fattn-mma-turbo.cuh(29): warning #177-D: variable "nstages" was declared but never referenced
      constexpr int nstages = 0;
                    ^

Remark: The warnings can be suppressed with "-diag-suppress <warning-number>"

[ 47%] Building CUDA object ggml/src/ggml-cuda/CMakeFiles/ggml-cuda.dir/template-instances/fattn-mma-turbo-turbo8k_f16v-instance-dkq256-ncols1_16-ncols2_4.cu.o
/home/mark/buun_vbr/ggml/src/ggml-cuda/template-instances/../fattn-mma-turbo.cuh(29): warning #177-D: variable "nstages" was declared but never referenced
      constexpr int nstages = 0;
                    ^

Remark: The warnings can be suppressed with "-diag-suppress <warning-number>"

[ 47%] Building CUDA object ggml/src/ggml-cuda/CMakeFiles/ggml-cuda.dir/template-instances/fattn-mma-turbo-turbo8k_f16v-instance-dkq256-ncols1_2-ncols2_4.cu.o
[ 48%] Building CUDA object ggml/src/ggml-cuda/CMakeFiles/ggml-cuda.dir/template-instances/fattn-mma-turbo-turbo8k_f16v-instance-dkq256-ncols1_2-ncols2_8.cu.o
[ 48%] Building CUDA object ggml/src/ggml-cuda/CMakeFiles/ggml-cuda.dir/template-instances/fattn-mma-turbo-turbo8k_f16v-instance-dkq256-ncols1_32-ncols2_1.cu.o
[ 48%] Building CUDA object ggml/src/ggml-cuda/CMakeFiles/ggml-cuda.dir/template-instances/fattn-mma-turbo-turbo8k_f16v-instance-dkq256-ncols1_32-ncols2_2.cu.o
[ 48%] Building CUDA object ggml/src/ggml-cuda/CMakeFiles/ggml-cuda.dir/template-instances/fattn-mma-turbo-turbo8k_f16v-instance-dkq256-ncols1_4-ncols2_2.cu.o
/home/mark/buun_vbr/ggml/src/ggml-cuda/template-instances/../fattn-mma-turbo.cuh(29): warning #177-D: variable "nstages" was declared but never referenced
      constexpr int nstages = 0;
                    ^

Remark: The warnings can be suppressed with "-diag-suppress <warning-number>"

[ 48%] Building CUDA object ggml/src/ggml-cuda/CMakeFiles/ggml-cuda.dir/template-instances/fattn-mma-turbo-turbo8k_f16v-instance-dkq256-ncols1_4-ncols2_4.cu.o
[ 48%] Building CUDA object ggml/src/ggml-cuda/CMakeFiles/ggml-cuda.dir/template-instances/fattn-mma-turbo-turbo8k_f16v-instance-dkq256-ncols1_4-ncols2_8.cu.o
[ 48%] Building CUDA object ggml/src/ggml-cuda/CMakeFiles/ggml-cuda.dir/template-instances/fattn-mma-turbo-turbo8k_f16v-instance-dkq256-ncols1_64-ncols2_1.cu.o
/home/mark/buun_vbr/ggml/src/ggml-cuda/template-instances/../fattn-mma-turbo.cuh(29): warning #177-D: variable "nstages" was declared but never referenced
      constexpr int nstages = 0;
                    ^

Remark: The warnings can be suppressed with "-diag-suppress <warning-number>"

/home/mark/buun_vbr/ggml/src/ggml-cuda/template-instances/../fattn-mma-turbo.cuh(29): warning #177-D: variable "nstages" was declared but never referenced
      constexpr int nstages = 0;
                    ^

Remark: The warnings can be suppressed with "-diag-suppress <warning-number>"

/home/mark/buun_vbr/ggml/src/ggml-cuda/template-instances/../fattn-mma-turbo.cuh(29): warning #177-D: variable "nstages" was declared but never referenced
      constexpr int nstages = 0;
                    ^

Remark: The warnings can be suppressed with "-diag-suppress <warning-number>"

/home/mark/buun_vbr/ggml/src/ggml-cuda/template-instances/../fattn-mma-turbo.cuh(29): warning #177-D: variable "nstages" was declared but never referenced
      constexpr int nstages = 0;
                    ^

Remark: The warnings can be suppressed with "-diag-suppress <warning-number>"

[ 48%] Building CUDA object ggml/src/ggml-cuda/CMakeFiles/ggml-cuda.dir/template-instances/fattn-mma-turbo-turbo8k_f16v-instance-dkq256-ncols1_8-ncols2_1.cu.o
/home/mark/buun_vbr/ggml/src/ggml-cuda/template-instances/../fattn-mma-turbo.cuh(29): warning #177-D: variable "nstages" was declared but never referenced
      constexpr int nstages = 0;
                    ^

Remark: The warnings can be suppressed with "-diag-suppress <warning-number>"

/home/mark/buun_vbr/ggml/src/ggml-cuda/template-instances/../fattn-mma-turbo.cuh(29): warning #177-D: variable "nstages" was declared but never referenced
      constexpr int nstages = 0;
                    ^

Remark: The warnings can be suppressed with "-diag-suppress <warning-number>"

/home/mark/buun_vbr/ggml/src/ggml-cuda/template-instances/../fattn-mma-turbo.cuh(29): warning #177-D: variable "nstages" was declared but never referenced
      constexpr int nstages = 0;
                    ^

Remark: The warnings can be suppressed with "-diag-suppress <warning-number>"

[ 48%] Building CUDA object ggml/src/ggml-cuda/CMakeFiles/ggml-cuda.dir/template-instances/fattn-mma-turbo-turbo8k_f16v-instance-dkq256-ncols1_8-ncols2_2.cu.o
/home/mark/buun_vbr/ggml/src/ggml-cuda/template-instances/../fattn-mma-turbo.cuh(29): warning #177-D: variable "nstages" was declared but never referenced
      constexpr int nstages = 0;
                    ^

Remark: The warnings can be suppressed with "-diag-suppress <warning-number>"

[ 48%] Building CUDA object ggml/src/ggml-cuda/CMakeFiles/ggml-cuda.dir/template-instances/fattn-mma-turbo-turbo8k_f16v-instance-dkq256-ncols1_8-ncols2_4.cu.o
/home/mark/buun_vbr/ggml/src/ggml-cuda/template-instances/../fattn-mma-turbo.cuh(29): warning #177-D: variable "nstages" was declared but never referenced
      constexpr int nstages = 0;
                    ^

Remark: The warnings can be suppressed with "-diag-suppress <warning-number>"

/home/mark/buun_vbr/ggml/src/ggml-cuda/template-instances/../fattn-mma-turbo.cuh(29): warning #177-D: variable "nstages" was declared but never referenced
      constexpr int nstages = 0;
                    ^

Remark: The warnings can be suppressed with "-diag-suppress <warning-number>"

[ 48%] Building CUDA object ggml/src/ggml-cuda/CMakeFiles/ggml-cuda.dir/template-instances/fattn-mma-turbo-turbo8k_f16v-instance-dkq256-ncols1_8-ncols2_8.cu.o
[ 49%] Building CUDA object ggml/src/ggml-cuda/CMakeFiles/ggml-cuda.dir/template-instances/fattn-mma-turbo-turbo8k_turbo4v-instance-dkq256-ncols1_1-ncols2_8.cu.o
[ 49%] Building CUDA object ggml/src/ggml-cuda/CMakeFiles/ggml-cuda.dir/template-instances/fattn-mma-turbo-turbo8k_turbo4v-instance-dkq256-ncols1_16-ncols2_1.cu.o
[ 49%] Building CUDA object ggml/src/ggml-cuda/CMakeFiles/ggml-cuda.dir/template-instances/fattn-mma-turbo-turbo8k_turbo4v-instance-dkq256-ncols1_16-ncols2_2.cu.o
/home/mark/buun_vbr/ggml/src/ggml-cuda/template-instances/../fattn-mma-turbo.cuh(29): warning #177-D: variable "nstages" was declared but never referenced
      constexpr int nstages = 0;
                    ^

Remark: The warnings can be suppressed with "-diag-suppress <warning-number>"

[ 49%] Building CUDA object ggml/src/ggml-cuda/CMakeFiles/ggml-cuda.dir/template-instances/fattn-mma-turbo-turbo8k_turbo4v-instance-dkq256-ncols1_16-ncols2_4.cu.o
[ 49%] Building CUDA object ggml/src/ggml-cuda/CMakeFiles/ggml-cuda.dir/template-instances/fattn-mma-turbo-turbo8k_turbo4v-instance-dkq256-ncols1_2-ncols2_4.cu.o
[ 49%] Building CUDA object ggml/src/ggml-cuda/CMakeFiles/ggml-cuda.dir/template-instances/fattn-mma-turbo-turbo8k_turbo4v-instance-dkq256-ncols1_2-ncols2_8.cu.o
[ 49%] Building CUDA object ggml/src/ggml-cuda/CMakeFiles/ggml-cuda.dir/template-instances/fattn-mma-turbo-turbo8k_turbo4v-instance-dkq256-ncols1_32-ncols2_1.cu.o
/home/mark/buun_vbr/ggml/src/ggml-cuda/template-instances/../fattn-mma-turbo.cuh(29): warning #177-D: variable "nstages" was declared but never referenced
      constexpr int nstages = 0;
                    ^

Remark: The warnings can be suppressed with "-diag-suppress <warning-number>"

/home/mark/buun_vbr/ggml/src/ggml-cuda/template-instances/../fattn-mma-turbo.cuh(29): warning #177-D: variable "nstages" was declared but never referenced
      constexpr int nstages = 0;
                    ^

Remark: The warnings can be suppressed with "-diag-suppress <warning-number>"

/home/mark/buun_vbr/ggml/src/ggml-cuda/template-instances/../fattn-mma-turbo.cuh(29): warning #177-D: variable "nstages" was declared but never referenced
      constexpr int nstages = 0;
                    ^

Remark: The warnings can be suppressed with "-diag-suppress <warning-number>"

/home/mark/buun_vbr/ggml/src/ggml-cuda/template-instances/../fattn-mma-turbo.cuh(29): warning #177-D: variable "nstages" was declared but never referenced
      constexpr int nstages = 0;
                    ^

Remark: The warnings can be suppressed with "-diag-suppress <warning-number>"

[ 49%] Building CUDA object ggml/src/ggml-cuda/CMakeFiles/ggml-cuda.dir/template-instances/fattn-mma-turbo-turbo8k_turbo4v-instance-dkq256-ncols1_32-ncols2_2.cu.o
/home/mark/buun_vbr/ggml/src/ggml-cuda/template-instances/../fattn-mma-turbo.cuh(29): warning #177-D: variable "nstages" was declared but never referenced
      constexpr int nstages = 0;
                    ^

Remark: The warnings can be suppressed with "-diag-suppress <warning-number>"

/home/mark/buun_vbr/ggml/src/ggml-cuda/template-instances/../fattn-mma-turbo.cuh(29): warning #177-D: variable "nstages" was declared but never referenced
      constexpr int nstages = 0;
                    ^

Remark: The warnings can be suppressed with "-diag-suppress <warning-number>"

/home/mark/buun_vbr/ggml/src/ggml-cuda/template-instances/../fattn-mma-turbo.cuh(29): warning #177-D: variable "nstages" was declared but never referenced
      constexpr int nstages = 0;
                    ^

Remark: The warnings can be suppressed with "-diag-suppress <warning-number>"

[ 49%] Building CUDA object ggml/src/ggml-cuda/CMakeFiles/ggml-cuda.dir/template-instances/fattn-mma-turbo-turbo8k_turbo4v-instance-dkq256-ncols1_4-ncols2_2.cu.o
/home/mark/buun_vbr/ggml/src/ggml-cuda/template-instances/../fattn-mma-turbo.cuh(29): warning #177-D: variable "nstages" was declared but never referenced
      constexpr int nstages = 0;
                    ^

Remark: The warnings can be suppressed with "-diag-suppress <warning-number>"

/home/mark/buun_vbr/ggml/src/ggml-cuda/template-instances/../fattn-mma-turbo.cuh(29): warning #177-D: variable "nstages" was declared but never referenced
      constexpr int nstages = 0;
                    ^

Remark: The warnings can be suppressed with "-diag-suppress <warning-number>"

[ 49%] Building CUDA object ggml/src/ggml-cuda/CMakeFiles/ggml-cuda.dir/template-instances/fattn-mma-turbo-turbo8k_turbo4v-instance-dkq256-ncols1_4-ncols2_4.cu.o
[ 49%] Building CUDA object ggml/src/ggml-cuda/CMakeFiles/ggml-cuda.dir/template-instances/fattn-mma-turbo-turbo8k_turbo4v-instance-dkq256-ncols1_4-ncols2_8.cu.o
/home/mark/buun_vbr/ggml/src/ggml-cuda/template-instances/../fattn-mma-turbo.cuh(29): warning #177-D: variable "nstages" was declared but never referenced
      constexpr int nstages = 0;
                    ^

Remark: The warnings can be suppressed with "-diag-suppress <warning-number>"

[ 50%] Building CUDA object ggml/src/ggml-cuda/CMakeFiles/ggml-cuda.dir/template-instances/fattn-mma-turbo-turbo8k_turbo4v-instance-dkq256-ncols1_64-ncols2_1.cu.o
[ 50%] Building CUDA object ggml/src/ggml-cuda/CMakeFiles/ggml-cuda.dir/template-instances/fattn-mma-turbo-turbo8k_turbo4v-instance-dkq256-ncols1_8-ncols2_1.cu.o
[ 50%] Building CUDA object ggml/src/ggml-cuda/CMakeFiles/ggml-cuda.dir/template-instances/fattn-mma-turbo-turbo8k_turbo4v-instance-dkq256-ncols1_8-ncols2_2.cu.o
/home/mark/buun_vbr/ggml/src/ggml-cuda/template-instances/../fattn-mma-turbo.cuh(29): warning #177-D: variable "nstages" was declared but never referenced
      constexpr int nstages = 0;
                    ^

Remark: The warnings can be suppressed with "-diag-suppress <warning-number>"

[ 50%] Building CUDA object ggml/src/ggml-cuda/CMakeFiles/ggml-cuda.dir/template-instances/fattn-mma-turbo-turbo8k_turbo4v-instance-dkq256-ncols1_8-ncols2_4.cu.o
[ 50%] Building CUDA object ggml/src/ggml-cuda/CMakeFiles/ggml-cuda.dir/template-instances/fattn-mma-turbo-turbo8k_turbo4v-instance-dkq256-ncols1_8-ncols2_8.cu.o
[ 50%] Building CUDA object ggml/src/ggml-cuda/CMakeFiles/ggml-cuda.dir/template-instances/mmq-instance-iq1_s.cu.o
[ 50%] Building CUDA object ggml/src/ggml-cuda/CMakeFiles/ggml-cuda.dir/template-instances/mmq-instance-iq2_s.cu.o
/home/mark/buun_vbr/ggml/src/ggml-cuda/template-instances/../fattn-mma-turbo.cuh(29): warning #177-D: variable "nstages" was declared but never referenced
      constexpr int nstages = 0;
                    ^

Remark: The warnings can be suppressed with "-diag-suppress <warning-number>"

/home/mark/buun_vbr/ggml/src/ggml-cuda/template-instances/../fattn-mma-turbo.cuh(29): warning #177-D: variable "nstages" was declared but never referenced
      constexpr int nstages = 0;
                    ^

Remark: The warnings can be suppressed with "-diag-suppress <warning-number>"

/home/mark/buun_vbr/ggml/src/ggml-cuda/template-instances/../fattn-mma-turbo.cuh(29): warning #177-D: variable "nstages" was declared but never referenced
      constexpr int nstages = 0;
                    ^

Remark: The warnings can be suppressed with "-diag-suppress <warning-number>"

/home/mark/buun_vbr/ggml/src/ggml-cuda/template-instances/../fattn-mma-turbo.cuh(29): warning #177-D: variable "nstages" was declared but never referenced
      constexpr int nstages = 0;
                    ^

Remark: The warnings can be suppressed with "-diag-suppress <warning-number>"

[ 50%] Building CUDA object ggml/src/ggml-cuda/CMakeFiles/ggml-cuda.dir/template-instances/mmq-instance-iq2_xs.cu.o
/home/mark/buun_vbr/ggml/src/ggml-cuda/template-instances/../fattn-mma-turbo.cuh(29): warning #177-D: variable "nstages" was declared but never referenced
      constexpr int nstages = 0;
                    ^

Remark: The warnings can be suppressed with "-diag-suppress <warning-number>"

/home/mark/buun_vbr/ggml/src/ggml-cuda/template-instances/../fattn-mma-turbo.cuh(29): warning #177-D: variable "nstages" was declared but never referenced
      constexpr int nstages = 0;
                    ^

Remark: The warnings can be suppressed with "-diag-suppress <warning-number>"

/home/mark/buun_vbr/ggml/src/ggml-cuda/template-instances/../fattn-mma-turbo.cuh(29): warning #177-D: variable "nstages" was declared but never referenced
      constexpr int nstages = 0;
                    ^

Remark: The warnings can be suppressed with "-diag-suppress <warning-number>"

[ 50%] Building CUDA object ggml/src/ggml-cuda/CMakeFiles/ggml-cuda.dir/template-instances/mmq-instance-iq2_xxs.cu.o
/home/mark/buun_vbr/ggml/src/ggml-cuda/template-instances/../fattn-mma-turbo.cuh(29): warning #177-D: variable "nstages" was declared but never referenced
      constexpr int nstages = 0;
                    ^

Remark: The warnings can be suppressed with "-diag-suppress <warning-number>"

[ 50%] Building CUDA object ggml/src/ggml-cuda/CMakeFiles/ggml-cuda.dir/template-instances/mmq-instance-iq3_s.cu.o
[ 51%] Building CUDA object ggml/src/ggml-cuda/CMakeFiles/ggml-cuda.dir/template-instances/mmq-instance-iq3_xxs.cu.o
[ 51%] Building CUDA object ggml/src/ggml-cuda/CMakeFiles/ggml-cuda.dir/template-instances/mmq-instance-iq4_nl.cu.o
[ 51%] Building CUDA object ggml/src/ggml-cuda/CMakeFiles/ggml-cuda.dir/template-instances/mmq-instance-iq4_xs.cu.o
[ 51%] Building CUDA object ggml/src/ggml-cuda/CMakeFiles/ggml-cuda.dir/template-instances/mmq-instance-mxfp4.cu.o
[ 51%] Building CUDA object ggml/src/ggml-cuda/CMakeFiles/ggml-cuda.dir/template-instances/mmq-instance-nvfp4.cu.o
[ 51%] Building CUDA object ggml/src/ggml-cuda/CMakeFiles/ggml-cuda.dir/template-instances/mmq-instance-q1_0.cu.o
[ 51%] Building CUDA object ggml/src/ggml-cuda/CMakeFiles/ggml-cuda.dir/template-instances/mmq-instance-q2_k.cu.o
[ 51%] Building CUDA object ggml/src/ggml-cuda/CMakeFiles/ggml-cuda.dir/template-instances/mmq-instance-q3_k.cu.o
[ 51%] Building CUDA object ggml/src/ggml-cuda/CMakeFiles/ggml-cuda.dir/template-instances/mmq-instance-q4_0.cu.o
[ 51%] Building CUDA object ggml/src/ggml-cuda/CMakeFiles/ggml-cuda.dir/template-instances/mmq-instance-q4_1.cu.o
[ 51%] Building CUDA object ggml/src/ggml-cuda/CMakeFiles/ggml-cuda.dir/template-instances/mmq-instance-q4_k.cu.o
[ 52%] Building CUDA object ggml/src/ggml-cuda/CMakeFiles/ggml-cuda.dir/template-instances/mmq-instance-q5_0.cu.o
[ 52%] Building CUDA object ggml/src/ggml-cuda/CMakeFiles/ggml-cuda.dir/template-instances/mmq-instance-q5_1.cu.o
[ 52%] Building CUDA object ggml/src/ggml-cuda/CMakeFiles/ggml-cuda.dir/template-instances/mmq-instance-q5_k.cu.o
[ 52%] Building CUDA object ggml/src/ggml-cuda/CMakeFiles/ggml-cuda.dir/template-instances/mmq-instance-q6_k.cu.o
[ 52%] Building CUDA object ggml/src/ggml-cuda/CMakeFiles/ggml-cuda.dir/template-instances/mmq-instance-q8_0.cu.o
[ 52%] Building CUDA object ggml/src/ggml-cuda/CMakeFiles/ggml-cuda.dir/template-instances/mmf-instance-ncols_1.cu.o
[ 52%] Building CUDA object ggml/src/ggml-cuda/CMakeFiles/ggml-cuda.dir/template-instances/mmf-instance-ncols_10.cu.o
[ 52%] Building CUDA object ggml/src/ggml-cuda/CMakeFiles/ggml-cuda.dir/template-instances/mmf-instance-ncols_11.cu.o
[ 52%] Building CUDA object ggml/src/ggml-cuda/CMakeFiles/ggml-cuda.dir/template-instances/mmf-instance-ncols_12.cu.o
[ 52%] Building CUDA object ggml/src/ggml-cuda/CMakeFiles/ggml-cuda.dir/template-instances/mmf-instance-ncols_13.cu.o
[ 52%] Building CUDA object ggml/src/ggml-cuda/CMakeFiles/ggml-cuda.dir/template-instances/mmf-instance-ncols_14.cu.o
[ 53%] Building CUDA object ggml/src/ggml-cuda/CMakeFiles/ggml-cuda.dir/template-instances/mmf-instance-ncols_15.cu.o
[ 53%] Building CUDA object ggml/src/ggml-cuda/CMakeFiles/ggml-cuda.dir/template-instances/mmf-instance-ncols_16.cu.o
[ 53%] Building CUDA object ggml/src/ggml-cuda/CMakeFiles/ggml-cuda.dir/template-instances/mmf-instance-ncols_2.cu.o
[ 53%] Building CUDA object ggml/src/ggml-cuda/CMakeFiles/ggml-cuda.dir/template-instances/mmf-instance-ncols_3.cu.o
[ 53%] Building CUDA object ggml/src/ggml-cuda/CMakeFiles/ggml-cuda.dir/template-instances/mmf-instance-ncols_4.cu.o
[ 53%] Building CUDA object ggml/src/ggml-cuda/CMakeFiles/ggml-cuda.dir/template-instances/mmf-instance-ncols_5.cu.o
[ 53%] Building CUDA object ggml/src/ggml-cuda/CMakeFiles/ggml-cuda.dir/template-instances/mmf-instance-ncols_6.cu.o
[ 53%] Building CUDA object ggml/src/ggml-cuda/CMakeFiles/ggml-cuda.dir/template-instances/mmf-instance-ncols_7.cu.o
[ 53%] Building CUDA object ggml/src/ggml-cuda/CMakeFiles/ggml-cuda.dir/template-instances/mmf-instance-ncols_8.cu.o
[ 53%] Building CUDA object ggml/src/ggml-cuda/CMakeFiles/ggml-cuda.dir/template-instances/mmf-instance-ncols_9.cu.o
[ 54%] Building CUDA object ggml/src/ggml-cuda/CMakeFiles/ggml-cuda.dir/template-instances/fattn-vec-instance-q4_0-q4_0.cu.o
[ 54%] Building CUDA object ggml/src/ggml-cuda/CMakeFiles/ggml-cuda.dir/template-instances/fattn-vec-instance-q8_0-q8_0.cu.o
[ 54%] Building CUDA object ggml/src/ggml-cuda/CMakeFiles/ggml-cuda.dir/template-instances/fattn-vec-instance-bf16-f16.cu.o
[ 54%] Building CUDA object ggml/src/ggml-cuda/CMakeFiles/ggml-cuda.dir/template-instances/fattn-vec-instance-f16-f16.cu.o
[ 54%] Building CUDA object ggml/src/ggml-cuda/CMakeFiles/ggml-cuda.dir/template-instances/fattn-vec-instance-bf16-bf16.cu.o
[ 54%] Building CUDA object ggml/src/ggml-cuda/CMakeFiles/ggml-cuda.dir/template-instances/fattn-vec-instance-q8_0-turbo2_0.cu.o
[ 54%] Building CUDA object ggml/src/ggml-cuda/CMakeFiles/ggml-cuda.dir/template-instances/fattn-vec-instance-turbo2_0-q8_0.cu.o
[ 54%] Building CUDA object ggml/src/ggml-cuda/CMakeFiles/ggml-cuda.dir/template-instances/fattn-vec-instance-turbo2_0-turbo2_0.cu.o
[ 54%] Building CUDA object ggml/src/ggml-cuda/CMakeFiles/ggml-cuda.dir/template-instances/fattn-vec-instance-turbo2_0-turbo3_0.cu.o
[ 54%] Building CUDA object ggml/src/ggml-cuda/CMakeFiles/ggml-cuda.dir/template-instances/fattn-vec-instance-turbo3_0-turbo2_0.cu.o
[ 54%] Building CUDA object ggml/src/ggml-cuda/CMakeFiles/ggml-cuda.dir/template-instances/fattn-vec-instance-q8_0-turbo3_0.cu.o
[ 55%] Building CUDA object ggml/src/ggml-cuda/CMakeFiles/ggml-cuda.dir/template-instances/fattn-vec-instance-turbo3_0-q8_0.cu.o
[ 55%] Building CUDA object ggml/src/ggml-cuda/CMakeFiles/ggml-cuda.dir/template-instances/fattn-vec-instance-turbo3_0-turbo3_0.cu.o
[ 55%] Building CUDA object ggml/src/ggml-cuda/CMakeFiles/ggml-cuda.dir/template-instances/fattn-vec-instance-turbo3_0-turbo4_0.cu.o
[ 55%] Building CUDA object ggml/src/ggml-cuda/CMakeFiles/ggml-cuda.dir/template-instances/fattn-vec-instance-turbo4_0-turbo3_0.cu.o
[ 55%] Building CUDA object ggml/src/ggml-cuda/CMakeFiles/ggml-cuda.dir/template-instances/fattn-vec-instance-q8_0-turbo4_0.cu.o
[ 55%] Building CUDA object ggml/src/ggml-cuda/CMakeFiles/ggml-cuda.dir/template-instances/fattn-vec-instance-turbo4_0-q8_0.cu.o
[ 55%] Building CUDA object ggml/src/ggml-cuda/CMakeFiles/ggml-cuda.dir/template-instances/fattn-vec-instance-turbo4_0-turbo4_0.cu.o
[ 55%] Linking CUDA shared library ../../../bin/libggml-cuda.so
[ 56%] Built target ggml-cuda
[ 56%] Building CXX object ggml/src/CMakeFiles/ggml.dir/ggml-backend-reg.cpp.o
[ 56%] Linking CXX shared library ../../bin/libggml.so
[ 56%] Built target ggml
[ 56%] Linking CXX executable ../../bin/llama-gguf
[ 56%] Linking CXX executable ../../bin/llama-gguf-hash
[ 56%] Built target llama-gguf
[ 56%] Built target llama-gguf-hash
[ 56%] Building CXX object src/CMakeFiles/llama.dir/llama.cpp.o
[ 56%] Building CXX object src/CMakeFiles/llama.dir/llama-arch.cpp.o
[ 56%] Building CXX object src/CMakeFiles/llama.dir/llama-adapter.cpp.o
[ 57%] Building CXX object src/CMakeFiles/llama.dir/llama-batch.cpp.o
[ 57%] Building CXX object src/CMakeFiles/llama.dir/llama-chat.cpp.o
[ 57%] Building CXX object src/CMakeFiles/llama.dir/llama-context.cpp.o
[ 57%] Building CXX object src/CMakeFiles/llama.dir/llama-cparams.cpp.o
[ 57%] Building CXX object src/CMakeFiles/llama.dir/llama-grammar.cpp.o
[ 57%] Building CXX object src/CMakeFiles/llama.dir/llama-hparams.cpp.o
[ 57%] Building CXX object src/CMakeFiles/llama.dir/llama-graph.cpp.o
[ 57%] Building CXX object src/CMakeFiles/llama.dir/llama-impl.cpp.o
[ 57%] Building CXX object src/CMakeFiles/llama.dir/llama-kv-cache.cpp.o
[ 57%] Building CXX object src/CMakeFiles/llama.dir/llama-kv-cache-iswa.cpp.o
[ 58%] Building CXX object src/CMakeFiles/llama.dir/llama-kv-cache-dsa.cpp.o
[ 58%] Building CXX object src/CMakeFiles/llama.dir/llama-kv-cache-dsv4.cpp.o
[ 58%] Building CXX object src/CMakeFiles/llama.dir/llama-memory.cpp.o
/home/mark/buun_vbr/src/llama-context.cpp: In member function ‘int llama_context::decode(const llama_batch&)’:
/home/mark/buun_vbr/src/llama-context.cpp:3854:72: warning: comparison of integer expressions of different signedness: ‘uint32_t’ {aka ‘unsigned int’} and ‘int32_t’ {aka ‘int’} [-Wsign-compare]
 3854 |             if (!cparams.logits_all && !warned_logits_all && n_outputs > (int32_t)cparams.n_seq_max) {
      |                                                              ~~~~~~~~~~^~~~~~~~~~~~~~~~~~~~~~~~~~~~
/home/mark/buun_vbr/src/llama-kv-cache.cpp: In lambda function:
/home/mark/buun_vbr/src/llama-kv-cache.cpp:1098:16: warning: cast from type ‘const std::function<ggml_backend_buffer*(long unsigned int, ggml_context*)>*’ to type ‘void*’ casts away qualifiers [-Wcast-qual]
 1098 |             }, (void *) &alloc_one);
      |                ^~~~~~~~~~~~~~~~~~~
[ 58%] Building CXX object src/CMakeFiles/llama.dir/llama-memory-hybrid.cpp.o
[ 58%] Building CXX object src/CMakeFiles/llama.dir/llama-memory-hybrid-iswa.cpp.o
[ 58%] Building CXX object src/CMakeFiles/llama.dir/llama-memory-recurrent.cpp.o
[ 58%] Building CXX object src/CMakeFiles/llama.dir/llama-model-loader.cpp.o
[ 58%] Building CXX object src/CMakeFiles/llama.dir/llama-model-saver.cpp.o
[ 58%] Building CXX object src/CMakeFiles/llama.dir/llama-model.cpp.o
[ 59%] Building CXX object src/CMakeFiles/llama.dir/llama-quant.cpp.o
[ 59%] Building CXX object src/CMakeFiles/llama.dir/llama-sampler.cpp.o
[ 59%] Building CXX object src/CMakeFiles/llama.dir/llama-vocab.cpp.o
[ 59%] Building CXX object src/CMakeFiles/llama.dir/models/afmoe.cpp.o
[ 59%] Building CXX object src/CMakeFiles/llama.dir/models/apertus.cpp.o
[ 59%] Building CXX object src/CMakeFiles/llama.dir/models/arcee.cpp.o
[ 59%] Building CXX object src/CMakeFiles/llama.dir/models/arctic.cpp.o
[ 59%] Building CXX object src/CMakeFiles/llama.dir/models/arwkv7.cpp.o
[ 59%] Building CXX object src/CMakeFiles/llama.dir/models/baichuan.cpp.o
[ 60%] Building CXX object src/CMakeFiles/llama.dir/models/bailingmoe.cpp.o
[ 60%] Building CXX object src/CMakeFiles/llama.dir/models/bailingmoe2.cpp.o
[ 60%] Building CXX object src/CMakeFiles/llama.dir/models/bert.cpp.o
[ 60%] Building CXX object src/CMakeFiles/llama.dir/models/bitnet.cpp.o
[ 60%] Building CXX object src/CMakeFiles/llama.dir/models/bloom.cpp.o
[ 60%] Building CXX object src/CMakeFiles/llama.dir/models/chameleon.cpp.o
[ 60%] Building CXX object src/CMakeFiles/llama.dir/models/chatglm.cpp.o
[ 60%] Building CXX object src/CMakeFiles/llama.dir/models/codeshell.cpp.o
[ 60%] Building CXX object src/CMakeFiles/llama.dir/models/cogvlm.cpp.o
[ 60%] Building CXX object src/CMakeFiles/llama.dir/models/cohere2.cpp.o
[ 60%] Building CXX object src/CMakeFiles/llama.dir/models/cohere2moe.cpp.o
[ 61%] Building CXX object src/CMakeFiles/llama.dir/models/command-r.cpp.o
[ 61%] Building CXX object src/CMakeFiles/llama.dir/models/dbrx.cpp.o
[ 61%] Building CXX object src/CMakeFiles/llama.dir/models/deci.cpp.o
[ 61%] Building CXX object src/CMakeFiles/llama.dir/models/deepseek.cpp.o
[ 61%] Building CXX object src/CMakeFiles/llama.dir/models/deepseek2.cpp.o
[ 61%] Building CXX object src/CMakeFiles/llama.dir/models/deepseek2ocr.cpp.o
[ 61%] Building CXX object src/CMakeFiles/llama.dir/models/deepseek32.cpp.o
[ 61%] Building CXX object src/CMakeFiles/llama.dir/models/deepseek4.cpp.o
[ 61%] Building CXX object src/CMakeFiles/llama.dir/models/delta-net-base.cpp.o
[ 61%] Building CXX object src/CMakeFiles/llama.dir/models/dflash.cpp.o
[ 61%] Building CXX object src/CMakeFiles/llama.dir/models/dflash_draft.cpp.o
[ 62%] Building CXX object src/CMakeFiles/llama.dir/models/dots1.cpp.o
[ 62%] Building CXX object src/CMakeFiles/llama.dir/models/dream.cpp.o
[ 62%] Building CXX object src/CMakeFiles/llama.dir/models/eagle3.cpp.o
[ 62%] Building CXX object src/CMakeFiles/llama.dir/models/ernie4-5-moe.cpp.o
/home/mark/buun_vbr/src/models/dflash_draft.cpp: In member function ‘virtual void llama_model_dflash_draft::load_arch_tensors(llama_model_loader&)’:
/home/mark/buun_vbr/src/models/dflash_draft.cpp:39:71: warning: unused parameter ‘ml’ [-Wunused-parameter]
   39 | void llama_model_dflash_draft::load_arch_tensors(llama_model_loader & ml) {
      |                                                  ~~~~~~~~~~~~~~~~~~~~~^~
[ 62%] Building CXX object src/CMakeFiles/llama.dir/models/ernie4-5.cpp.o
/home/mark/buun_vbr/src/models/dflash_draft.cpp: In member function ‘virtual void llm_graph_input_dflash::set_input(const llama_ubatch*)’:
/home/mark/buun_vbr/src/models/dflash_draft.cpp:155:23: warning: variable ‘src_n_enc’ set but not used [-Wunused-but-set-variable]
  155 |         int64_t       src_n_enc  = 0;
      |                       ^~~~~~~~~
[ 62%] Building CXX object src/CMakeFiles/llama.dir/models/eurobert.cpp.o
[ 62%] Building CXX object src/CMakeFiles/llama.dir/models/exaone-moe.cpp.o
[ 62%] Building CXX object src/CMakeFiles/llama.dir/models/exaone.cpp.o
[ 62%] Building CXX object src/CMakeFiles/llama.dir/models/exaone4.cpp.o
[ 62%] Building CXX object src/CMakeFiles/llama.dir/models/falcon-h1.cpp.o
[ 63%] Building CXX object src/CMakeFiles/llama.dir/models/falcon.cpp.o
[ 63%] Building CXX object src/CMakeFiles/llama.dir/models/gemma-embedding.cpp.o
[ 63%] Building CXX object src/CMakeFiles/llama.dir/models/gemma.cpp.o
[ 63%] Building CXX object src/CMakeFiles/llama.dir/models/gemma2.cpp.o
[ 63%] Building CXX object src/CMakeFiles/llama.dir/models/gemma3.cpp.o
[ 63%] Building CXX object src/CMakeFiles/llama.dir/models/gemma3n.cpp.o
[ 63%] Building CXX object src/CMakeFiles/llama.dir/models/gemma4-assistant.cpp.o
[ 63%] Building CXX object src/CMakeFiles/llama.dir/models/gemma4.cpp.o
[ 63%] Building CXX object src/CMakeFiles/llama.dir/models/gemma4_dflash_draft.cpp.o
[ 63%] Building CXX object src/CMakeFiles/llama.dir/models/glm-dsa.cpp.o
[ 63%] Building CXX object src/CMakeFiles/llama.dir/models/glm4-moe.cpp.o
[ 64%] Building CXX object src/CMakeFiles/llama.dir/models/glm4.cpp.o
[ 64%] Building CXX object src/CMakeFiles/llama.dir/models/gpt2.cpp.o
[ 64%] Building CXX object src/CMakeFiles/llama.dir/models/gptneox.cpp.o
[ 64%] Building CXX object src/CMakeFiles/llama.dir/models/granite-hybrid.cpp.o
[ 64%] Building CXX object src/CMakeFiles/llama.dir/models/granite-moe.cpp.o
[ 64%] Building CXX object src/CMakeFiles/llama.dir/models/granite.cpp.o
/home/mark/buun_vbr/src/models/gemma4_dflash_draft.cpp: In member function ‘virtual void llama_model_gemma4_dflash_draft::load_arch_tensors(llama_model_loader&)’:
/home/mark/buun_vbr/src/models/gemma4_dflash_draft.cpp:64:78: warning: unused parameter ‘ml’ [-Wunused-parameter]
   64 | void llama_model_gemma4_dflash_draft::load_arch_tensors(llama_model_loader & ml) {
      |                                                         ~~~~~~~~~~~~~~~~~~~~~^~
/home/mark/buun_vbr/src/models/gemma4_dflash_draft.cpp: In member function ‘virtual void llm_graph_input_gemma4_dflash::set_input(const llama_ubatch*)’:
/home/mark/buun_vbr/src/models/gemma4_dflash_draft.cpp:170:23: warning: variable ‘src_n_enc’ set but not used [-Wunused-but-set-variable]
  170 |         int64_t       src_n_enc  = 0;
      |                       ^~~~~~~~~
[ 64%] Building CXX object src/CMakeFiles/llama.dir/models/grok.cpp.o
[ 64%] Building CXX object src/CMakeFiles/llama.dir/models/grovemoe.cpp.o
[ 64%] Building CXX object src/CMakeFiles/llama.dir/models/hunyuan-dense.cpp.o
[ 64%] Building CXX object src/CMakeFiles/llama.dir/models/hunyuan-moe.cpp.o
[ 64%] Building CXX object src/CMakeFiles/llama.dir/models/hunyuan-vl.cpp.o
[ 65%] Building CXX object src/CMakeFiles/llama.dir/models/internlm2.cpp.o
[ 65%] Building CXX object src/CMakeFiles/llama.dir/models/jais.cpp.o
[ 65%] Building CXX object src/CMakeFiles/llama.dir/models/jais2.cpp.o
[ 65%] Building CXX object src/CMakeFiles/llama.dir/models/jamba.cpp.o
[ 65%] Building CXX object src/CMakeFiles/llama.dir/models/jina-bert-v2.cpp.o
[ 65%] Building CXX object src/CMakeFiles/llama.dir/models/jina-bert-v3.cpp.o
[ 65%] Building CXX object src/CMakeFiles/llama.dir/models/kimi-linear.cpp.o
[ 65%] Building CXX object src/CMakeFiles/llama.dir/models/lfm2.cpp.o
[ 65%] Building CXX object src/CMakeFiles/llama.dir/models/lfm2moe.cpp.o
[ 65%] Building CXX object src/CMakeFiles/llama.dir/models/llada-moe.cpp.o
[ 66%] Building CXX object src/CMakeFiles/llama.dir/models/llada.cpp.o
[ 66%] Building CXX object src/CMakeFiles/llama.dir/models/llama-embed.cpp.o
[ 66%] Building CXX object src/CMakeFiles/llama.dir/models/llama.cpp.o
[ 66%] Building CXX object src/CMakeFiles/llama.dir/models/llama4.cpp.o
[ 66%] Building CXX object src/CMakeFiles/llama.dir/models/maincoder.cpp.o
[ 66%] Building CXX object src/CMakeFiles/llama.dir/models/mamba-base.cpp.o
[ 66%] Building CXX object src/CMakeFiles/llama.dir/models/mamba.cpp.o
[ 66%] Building CXX object src/CMakeFiles/llama.dir/models/mamba2.cpp.o
[ 66%] Building CXX object src/CMakeFiles/llama.dir/models/mellum.cpp.o
[ 66%] Building CXX object src/CMakeFiles/llama.dir/models/mimo2.cpp.o
[ 66%] Building CXX object src/CMakeFiles/llama.dir/models/minicpm.cpp.o
[ 67%] Building CXX object src/CMakeFiles/llama.dir/models/minicpm3.cpp.o
[ 67%] Building CXX object src/CMakeFiles/llama.dir/models/minimax-m2.cpp.o
[ 67%] Building CXX object src/CMakeFiles/llama.dir/models/mistral3.cpp.o
[ 67%] Building CXX object src/CMakeFiles/llama.dir/models/mistral4.cpp.o
[ 67%] Building CXX object src/CMakeFiles/llama.dir/models/modern-bert.cpp.o
[ 67%] Building CXX object src/CMakeFiles/llama.dir/models/mpt.cpp.o
[ 67%] Building CXX object src/CMakeFiles/llama.dir/models/nemotron-h-moe.cpp.o
[ 67%] Building CXX object src/CMakeFiles/llama.dir/models/nemotron-h.cpp.o
[ 67%] Building CXX object src/CMakeFiles/llama.dir/models/nemotron.cpp.o
[ 67%] Building CXX object src/CMakeFiles/llama.dir/models/neo-bert.cpp.o
[ 67%] Building CXX object src/CMakeFiles/llama.dir/models/nomic-bert-moe.cpp.o
[ 68%] Building CXX object src/CMakeFiles/llama.dir/models/nomic-bert.cpp.o
[ 68%] Building CXX object src/CMakeFiles/llama.dir/models/olmo.cpp.o
[ 68%] Building CXX object src/CMakeFiles/llama.dir/models/olmo2.cpp.o
[ 68%] Building CXX object src/CMakeFiles/llama.dir/models/olmoe.cpp.o
[ 68%] Building CXX object src/CMakeFiles/llama.dir/models/openai-moe.cpp.o
[ 68%] Building CXX object src/CMakeFiles/llama.dir/models/openelm.cpp.o
[ 68%] Building CXX object src/CMakeFiles/llama.dir/models/orion.cpp.o
[ 68%] Building CXX object src/CMakeFiles/llama.dir/models/paddleocr.cpp.o
[ 68%] Building CXX object src/CMakeFiles/llama.dir/models/pangu-embed.cpp.o
[ 68%] Building CXX object src/CMakeFiles/llama.dir/models/phi2.cpp.o
[ 68%] Building CXX object src/CMakeFiles/llama.dir/models/phi3.cpp.o
[ 69%] Building CXX object src/CMakeFiles/llama.dir/models/phimoe.cpp.o
[ 69%] Building CXX object src/CMakeFiles/llama.dir/models/plamo.cpp.o
[ 69%] Building CXX object src/CMakeFiles/llama.dir/models/plamo2.cpp.o
[ 69%] Building CXX object src/CMakeFiles/llama.dir/models/plamo3.cpp.o
[ 69%] Building CXX object src/CMakeFiles/llama.dir/models/plm.cpp.o
[ 69%] Building CXX object src/CMakeFiles/llama.dir/models/qwen.cpp.o
[ 69%] Building CXX object src/CMakeFiles/llama.dir/models/qwen2.cpp.o
[ 69%] Building CXX object src/CMakeFiles/llama.dir/models/qwen2moe.cpp.o
[ 69%] Building CXX object src/CMakeFiles/llama.dir/models/qwen2vl.cpp.o
[ 69%] Building CXX object src/CMakeFiles/llama.dir/models/qwen3.cpp.o
[ 70%] Building CXX object src/CMakeFiles/llama.dir/models/qwen35.cpp.o
[ 70%] Building CXX object src/CMakeFiles/llama.dir/models/qwen35moe.cpp.o
[ 70%] Building CXX object src/CMakeFiles/llama.dir/models/qwen3moe.cpp.o
[ 70%] Building CXX object src/CMakeFiles/llama.dir/models/qwen3next.cpp.o
[ 70%] Building CXX object src/CMakeFiles/llama.dir/models/qwen3vl.cpp.o
[ 70%] Building CXX object src/CMakeFiles/llama.dir/models/qwen3vlmoe.cpp.o
[ 70%] Building CXX object src/CMakeFiles/llama.dir/models/refact.cpp.o
[ 70%] Building CXX object src/CMakeFiles/llama.dir/models/rnd1.cpp.o
[ 70%] Building CXX object src/CMakeFiles/llama.dir/models/rwkv6-base.cpp.o
[ 70%] Building CXX object src/CMakeFiles/llama.dir/models/rwkv6.cpp.o
[ 70%] Building CXX object src/CMakeFiles/llama.dir/models/rwkv6qwen2.cpp.o
[ 71%] Building CXX object src/CMakeFiles/llama.dir/models/rwkv7-base.cpp.o
[ 71%] Building CXX object src/CMakeFiles/llama.dir/models/rwkv7.cpp.o
[ 71%] Building CXX object src/CMakeFiles/llama.dir/models/seed-oss.cpp.o
[ 71%] Building CXX object src/CMakeFiles/llama.dir/models/smallthinker.cpp.o
[ 71%] Building CXX object src/CMakeFiles/llama.dir/models/smollm3.cpp.o
[ 71%] Building CXX object src/CMakeFiles/llama.dir/models/stablelm.cpp.o
[ 71%] Building CXX object src/CMakeFiles/llama.dir/models/starcoder.cpp.o
[ 71%] Building CXX object src/CMakeFiles/llama.dir/models/starcoder2.cpp.o
[ 71%] Building CXX object src/CMakeFiles/llama.dir/models/step35.cpp.o
[ 71%] Building CXX object src/CMakeFiles/llama.dir/models/t5.cpp.o
[ 71%] Building CXX object src/CMakeFiles/llama.dir/models/t5encoder.cpp.o
[ 72%] Building CXX object src/CMakeFiles/llama.dir/models/talkie.cpp.o
[ 72%] Building CXX object src/CMakeFiles/llama.dir/models/wavtokenizer-dec.cpp.o
[ 72%] Building CXX object src/CMakeFiles/llama.dir/models/xverse.cpp.o
[ 72%] Linking CXX shared library ../bin/libllama.so
[ 72%] Built target llama
[ 72%] Building CXX object examples/simple-chat/CMakeFiles/llama-simple-chat.dir/simple-chat.cpp.o
[ 72%] Building C object tests/CMakeFiles/test-c.dir/test-c.c.o
[ 72%] Building CXX object examples/simple/CMakeFiles/llama-simple.dir/simple.cpp.o
[ 72%] Linking C executable ../bin/test-c
[ 72%] Built target test-c
[ 72%] Building CXX object common/CMakeFiles/llama-common.dir/arg.cpp.o
[ 72%] Building CXX object common/CMakeFiles/llama-common.dir/chat-peg-parser.cpp.o
[ 72%] Building CXX object common/CMakeFiles/llama-common.dir/chat-auto-parser-generator.cpp.o
[ 72%] Building CXX object common/CMakeFiles/llama-common.dir/chat-auto-parser-helpers.cpp.o
[ 72%] Building CXX object common/CMakeFiles/llama-common.dir/chat-diff-analyzer.cpp.o
[ 72%] Building CXX object common/CMakeFiles/llama-common.dir/chat.cpp.o
[ 72%] Building CXX object tools/mtmd/CMakeFiles/mtmd.dir/mtmd.cpp.o
[ 72%] Building CXX object tools/mtmd/CMakeFiles/mtmd.dir/mtmd-image.cpp.o
[ 72%] Building CXX object tools/mtmd/CMakeFiles/mtmd.dir/mtmd-audio.cpp.o
[ 72%] Building CXX object tools/mtmd/CMakeFiles/mtmd.dir/mtmd-helper.cpp.o
[ 72%] Linking CXX executable ../../bin/llama-simple
[ 72%] Built target llama-simple
[ 72%] Building CXX object tools/mtmd/CMakeFiles/mtmd.dir/clip.cpp.o
[ 72%] Linking CXX executable ../../bin/llama-simple-chat
[ 72%] Built target llama-simple-chat
[ 72%] Building CXX object common/CMakeFiles/llama-common.dir/common.cpp.o
[ 72%] Building CXX object common/CMakeFiles/llama-common.dir/console.cpp.o
[ 72%] Building CXX object common/CMakeFiles/llama-common.dir/debug.cpp.o
[ 72%] Building CXX object tools/mtmd/CMakeFiles/mtmd.dir/models/cogvlm.cpp.o
[ 72%] Building CXX object tools/mtmd/CMakeFiles/mtmd.dir/models/conformer.cpp.o
[ 72%] Building CXX object common/CMakeFiles/llama-common.dir/download.cpp.o
[ 72%] Building CXX object tools/mtmd/CMakeFiles/mtmd.dir/models/dotsocr.cpp.o
[ 73%] Building CXX object common/CMakeFiles/llama-common.dir/fit.cpp.o
[ 74%] Building CXX object tools/mtmd/CMakeFiles/mtmd.dir/models/exaone4_5.cpp.o
/home/mark/buun_vbr/common/fit.cpp: In function ‘void common_params_fit_impl(const char*, llama_model_params*, llama_context_params*, float*, llama_model_tensor_buft_override*, size_t*, uint32_t, ggml_log_level, ggml_type, ggml_type)’:
/home/mark/buun_vbr/common/fit.cpp:301:10: warning: variable ‘sum_context_bytes’ set but not used [-Wunused-but-set-variable]
  301 |     auto sum_context_bytes = [&](const dmds_t & dmds) {
      |          ^~~~~~~~~~~~~~~~~
[ 74%] Building CXX object tools/mtmd/CMakeFiles/mtmd.dir/models/gemma4a.cpp.o
[ 74%] Building CXX object tools/mtmd/CMakeFiles/mtmd.dir/models/gemma4v.cpp.o
[ 74%] Building CXX object tools/mtmd/CMakeFiles/mtmd.dir/models/gemma4ua.cpp.o
[ 74%] Building CXX object tools/mtmd/CMakeFiles/mtmd.dir/models/gemma4uv.cpp.o
[ 74%] Building CXX object tools/mtmd/CMakeFiles/mtmd.dir/models/glm4v.cpp.o
[ 74%] Building CXX object common/CMakeFiles/llama-common.dir/hf-cache.cpp.o
[ 74%] Building CXX object tools/mtmd/CMakeFiles/mtmd.dir/models/granite-speech.cpp.o
[ 74%] Building CXX object common/CMakeFiles/llama-common.dir/imatrix-loader.cpp.o
[ 74%] Building CXX object common/CMakeFiles/llama-common.dir/json-schema-to-grammar.cpp.o
[ 74%] Building CXX object common/CMakeFiles/llama-common.dir/llguidance.cpp.o
[ 74%] Building CXX object tools/mtmd/CMakeFiles/mtmd.dir/models/granite4-vision.cpp.o
[ 74%] Building CXX object common/CMakeFiles/llama-common.dir/log.cpp.o
[ 74%] Building CXX object tools/mtmd/CMakeFiles/mtmd.dir/models/hunyuanvl.cpp.o
[ 74%] Building CXX object tools/mtmd/CMakeFiles/mtmd.dir/models/internvl.cpp.o
[ 75%] Building CXX object tools/mtmd/CMakeFiles/mtmd.dir/models/kimivl.cpp.o
[ 75%] Building CXX object common/CMakeFiles/llama-common.dir/ngram-cache.cpp.o
[ 75%] Building CXX object common/CMakeFiles/llama-common.dir/ngram-map.cpp.o
[ 75%] Building CXX object tools/mtmd/CMakeFiles/mtmd.dir/models/kimik25.cpp.o
[ 75%] Building CXX object common/CMakeFiles/llama-common.dir/peg-parser.cpp.o
[ 75%] Building CXX object tools/mtmd/CMakeFiles/mtmd.dir/models/nemotron-v2-vl.cpp.o
[ 75%] Building CXX object tools/mtmd/CMakeFiles/mtmd.dir/models/llama4.cpp.o
[ 75%] Building CXX object common/CMakeFiles/llama-common.dir/preset.cpp.o
[ 76%] Building CXX object common/CMakeFiles/llama-common.dir/reasoning-budget.cpp.o
[ 76%] Building CXX object common/CMakeFiles/llama-common.dir/sampling.cpp.o
[ 76%] Building CXX object common/CMakeFiles/llama-common.dir/speculative.cpp.o
[ 76%] Building CXX object tools/mtmd/CMakeFiles/mtmd.dir/models/llava.cpp.o
[ 76%] Building CXX object tools/mtmd/CMakeFiles/mtmd.dir/models/minicpmv.cpp.o
/home/mark/buun_vbr/common/speculative.cpp: In function ‘llama_context* common_speculative_create_ctx_dft(const common_params_speculative&, int)’:
/home/mark/buun_vbr/common/speculative.cpp:3917:25: warning: ‘void llama_set_warmup(llama_context*, bool)’ is deprecated: user code should do warmup runs manually [TAG_LLAMA_GRAPH_NO_WARMUP] [-Wdeprecated-declarations]
 3917 |         llama_set_warmup(ctx_dft, true);
      |         ~~~~~~~~~~~~~~~~^~~~~~~~~~~~~~~
In file included from /home/mark/buun_vbr/common/speculative.h:3,
                 from /home/mark/buun_vbr/common/speculative.cpp:1:
/home/mark/buun_vbr/src/../include/llama.h:1061:31: note: declared here
 1061 |     DEPRECATED(LLAMA_API void llama_set_warmup(struct llama_context * ctx, bool warmup),
      |                               ^~~~~~~~~~~~~~~~
/home/mark/buun_vbr/src/../include/llama.h:30:36: note: in definition of macro ‘DEPRECATED’
   30 | #    define DEPRECATED(func, hint) func __attribute__((deprecated(hint)))
      |                                    ^~~~
/home/mark/buun_vbr/common/speculative.cpp:3929:25: warning: ‘void llama_set_warmup(llama_context*, bool)’ is deprecated: user code should do warmup runs manually [TAG_LLAMA_GRAPH_NO_WARMUP] [-Wdeprecated-declarations]
 3929 |         llama_set_warmup(ctx_dft, false);
      |         ~~~~~~~~~~~~~~~~^~~~~~~~~~~~~~~~
/home/mark/buun_vbr/src/../include/llama.h:1061:31: note: declared here
 1061 |     DEPRECATED(LLAMA_API void llama_set_warmup(struct llama_context * ctx, bool warmup),
      |                               ^~~~~~~~~~~~~~~~
/home/mark/buun_vbr/src/../include/llama.h:30:36: note: in definition of macro ‘DEPRECATED’
   30 | #    define DEPRECATED(func, hint) func __attribute__((deprecated(hint)))
      |                                    ^~~~
[ 76%] Building CXX object tools/mtmd/CMakeFiles/mtmd.dir/models/paddleocr.cpp.o
[ 76%] Building CXX object tools/mtmd/CMakeFiles/mtmd.dir/models/pixtral.cpp.o
[ 76%] Building CXX object tools/mtmd/CMakeFiles/mtmd.dir/models/qwen2vl.cpp.o
[ 76%] Building CXX object tools/mtmd/CMakeFiles/mtmd.dir/models/qwen3vl.cpp.o
[ 76%] Building CXX object tools/mtmd/CMakeFiles/mtmd.dir/models/mimovl.cpp.o
[ 77%] Building CXX object tools/mtmd/CMakeFiles/mtmd.dir/models/qwen3a.cpp.o
[ 77%] Building CXX object tools/mtmd/CMakeFiles/mtmd.dir/models/step3vl.cpp.o
[ 77%] Building CXX object tools/mtmd/CMakeFiles/mtmd.dir/models/siglip.cpp.o
[ 77%] Building CXX object tools/mtmd/CMakeFiles/mtmd.dir/models/whisper-enc.cpp.o
[ 77%] Building CXX object tools/mtmd/CMakeFiles/mtmd.dir/models/deepseekocr.cpp.o
[ 77%] Building CXX object tools/mtmd/CMakeFiles/mtmd.dir/models/deepseekocr2.cpp.o
[ 77%] Building CXX object tools/mtmd/CMakeFiles/mtmd.dir/models/mobilenetv5.cpp.o
[ 77%] Building CXX object tools/mtmd/CMakeFiles/mtmd.dir/models/youtuvl.cpp.o
[ 77%] Building CXX object tools/mtmd/CMakeFiles/mtmd.dir/models/yasa2.cpp.o
[ 77%] Linking CXX shared library ../../bin/libmtmd.so
[ 77%] Built target mtmd
[ 78%] Linking CXX shared library ../bin/libllama-common.so
[ 78%] Built target llama-common
[ 78%] Building CXX object tests/CMakeFiles/test-tokenizer-0.dir/test-tokenizer-0.cpp.o
[ 78%] Building CXX object tests/CMakeFiles/test-json-schema-to-grammar.dir/test-json-schema-to-grammar.cpp.o
[ 78%] Building CXX object tests/CMakeFiles/test-tokenizer-1-spm.dir/test-tokenizer-1-spm.cpp.o
[ 78%] Building CXX object tests/CMakeFiles/test-gbnf-validator.dir/test-gbnf-validator.cpp.o
[ 78%] Building CXX object tests/CMakeFiles/test-grammar-parser.dir/test-grammar-parser.cpp.o
[ 79%] Building CXX object tests/CMakeFiles/test-grammar-integration.dir/test-grammar-integration.cpp.o
[ 79%] Building CXX object tests/CMakeFiles/test-sampling.dir/test-sampling.cpp.o
[ 79%] Building CXX object tests/CMakeFiles/test-llama-grammar.dir/test-llama-grammar.cpp.o
[ 79%] Building CXX object tests/CMakeFiles/test-tokenizer-1-bpe.dir/test-tokenizer-1-bpe.cpp.o
[ 79%] Building CXX object tests/CMakeFiles/test-quantize-stats.dir/test-quantize-stats.cpp.o
[ 79%] Building CXX object tools/server/CMakeFiles/server-context.dir/server-chat.cpp.o
[ 79%] Building CXX object tests/CMakeFiles/test-reasoning-budget.dir/test-reasoning-budget.cpp.o
[ 79%] Linking CXX executable ../bin/test-gbnf-validator
[ 79%] Linking CXX executable ../bin/test-reasoning-budget
[ 79%] Linking CXX executable ../bin/test-tokenizer-1-spm
[ 79%] Built target test-gbnf-validator
[ 79%] Linking CXX executable ../bin/test-tokenizer-1-bpe
[ 79%] Building CXX object tests/CMakeFiles/test-llama-archs.dir/test-llama-archs.cpp.o
[ 79%] Built target test-reasoning-budget
[ 80%] Building CXX object tools/server/CMakeFiles/server-context.dir/server-task.cpp.o
[ 80%] Built target test-tokenizer-1-spm
[ 80%] Building CXX object tools/server/CMakeFiles/server-context.dir/server-queue.cpp.o
[ 80%] Built target test-tokenizer-1-bpe
[ 80%] Building CXX object tools/server/CMakeFiles/server-context.dir/server-common.cpp.o
[ 80%] Linking CXX executable ../bin/test-grammar-parser
[ 80%] Built target test-grammar-parser
[ 80%] Building CXX object tools/server/CMakeFiles/server-context.dir/server-context.cpp.o
[ 80%] Linking CXX executable ../bin/test-sampling
[ 80%] Linking CXX executable ../bin/test-llama-grammar
[ 80%] Linking CXX executable ../bin/test-tokenizer-0
[ 80%] Built target test-llama-grammar
[ 80%] Building CXX object tools/server/CMakeFiles/server-context.dir/server-stream.cpp.o
[ 80%] Built target test-sampling
[ 80%] Building CXX object tools/server/CMakeFiles/server-context.dir/server-tools.cpp.o
[ 80%] Built target test-tokenizer-0
[ 80%] Building CXX object tools/server/CMakeFiles/server-context.dir/server-schema.cpp.o
[ 80%] Linking CXX executable ../bin/test-llama-archs
[ 80%] Built target test-llama-archs
[ 80%] Building CXX object tests/CMakeFiles/test-chat-peg-parser.dir/test-chat-peg-parser.cpp.o
/home/mark/buun_vbr/tools/server/server-context.cpp: In member function ‘int server_slot::get_n_draft_max() const’:
/home/mark/buun_vbr/tools/server/server-context.cpp:487:19: warning: unused variable ‘n_draft_min’ [-Wunused-variable]
  487 |         const int n_draft_min = common_speculative_n_min(get_spec(), task->params.speculative);
      |                   ^~~~~~~~~~~
[ 80%] Linking CXX executable ../bin/test-quantize-stats
[ 80%] Linking CXX executable ../bin/test-grammar-integration
[ 80%] Built target test-quantize-stats
[ 80%] Built target test-grammar-integration
[ 80%] Building CXX object tests/CMakeFiles/test-chat-auto-parser.dir/test-chat-auto-parser.cpp.o
[ 80%] Building CXX object tests/CMakeFiles/test-jinja.dir/test-jinja.cpp.o
[ 81%] Linking CXX executable ../bin/test-json-schema-to-grammar
[ 81%] Building CXX object tests/CMakeFiles/test-arg-parser.dir/test-arg-parser.cpp.o
[ 81%] Building CXX object tests/CMakeFiles/test-chat-template.dir/test-chat-template.cpp.o
[ 81%] Building CXX object tests/CMakeFiles/test-thread-safety.dir/test-thread-safety.cpp.o
[ 81%] Linking CXX executable ../bin/test-log
[ 81%] Built target test-json-schema-to-grammar
[ 81%] Building CXX object tests/CMakeFiles/test-peg-parser.dir/peg-parser/test-basic.cpp.o
[ 81%] Building CXX object tests/CMakeFiles/test-opt.dir/test-opt.cpp.o
[ 81%] Building CXX object tests/CMakeFiles/test-gguf.dir/test-gguf.cpp.o
[ 81%] Built target test-log
[ 81%] Building CXX object tests/CMakeFiles/test-backend-ops.dir/test-backend-ops.cpp.o
[ 81%] Building CXX object tests/CMakeFiles/test-model-load-cancel.dir/test-model-load-cancel.cpp.o
[ 81%] Linking CXX executable ../bin/test-model-load-cancel
[ 82%] Built target test-model-load-cancel
[ 83%] Building CXX object tests/CMakeFiles/test-peg-parser.dir/peg-parser/test-gbnf-generation.cpp.o
[ 83%] Linking CXX executable ../bin/test-thread-safety
[ 83%] Built target test-thread-safety
[ 83%] Building CXX object tests/CMakeFiles/test-peg-parser.dir/peg-parser/test-json-parser.cpp.o
[ 83%] Linking CXX executable ../bin/test-opt
[ 83%] Built target test-opt
[ 83%] Building CXX object tests/CMakeFiles/test-peg-parser.dir/peg-parser/test-json-serialization.cpp.o
[ 83%] Linking CXX executable ../bin/test-arg-parser
[ 83%] Built target test-arg-parser
[ 83%] Linking CXX executable ../bin/test-gguf
[ 83%] Building CXX object tests/CMakeFiles/test-peg-parser.dir/peg-parser/test-python-dict-parser.cpp.o
[ 83%] Linking CXX executable ../bin/test-chat-peg-parser
[ 83%] Built target test-gguf
[ 83%] Building CXX object tests/CMakeFiles/test-peg-parser.dir/peg-parser/test-unicode.cpp.o
[ 83%] Built target test-chat-peg-parser
[ 83%] Building CXX object tests/CMakeFiles/test-peg-parser.dir/test-peg-parser.cpp.o
[ 83%] Linking CXX executable ../bin/test-chat-auto-parser
[ 83%] Built target test-chat-auto-parser
[ 83%] Building CXX object tests/CMakeFiles/test-autorelease.dir/test-autorelease.cpp.o
[ 83%] Linking CXX executable ../bin/test-autorelease
[ 83%] Built target test-autorelease
[ 83%] Building CXX object tests/CMakeFiles/test-backend-sampler.dir/test-backend-sampler.cpp.o
[ 83%] Building CXX object tests/CMakeFiles/test-state-restore-fragmented.dir/test-state-restore-fragmented.cpp.o
[ 83%] Building CXX object tests/CMakeFiles/test-recurrent-state-rollback.dir/test-recurrent-state-rollback.cpp.o
[ 84%] Linking CXX executable ../bin/test-state-restore-fragmented
[ 84%] Linking CXX executable ../bin/test-chat-template
[ 84%] Built target test-state-restore-fragmented
[ 84%] Building CXX object tests/CMakeFiles/test-save-load-state.dir/test-save-load-state.cpp.o
[ 84%] Built target test-chat-template
[ 84%] Linking CXX static library libserver-context.a
[ 84%] Building CXX object tests/CMakeFiles/test-barrier.dir/test-barrier.cpp.o
[ 84%] Built target server-context
[ 84%] Building CXX object tests/CMakeFiles/test-quantize-fns.dir/test-quantize-fns.cpp.o
[ 85%] Building CXX object tests/CMakeFiles/test-rope.dir/test-rope.cpp.o
[ 86%] Building CXX object tests/CMakeFiles/test-quantize-perf.dir/test-quantize-perf.cpp.o
[ 86%] Linking CXX executable ../bin/test-barrier
[ 86%] Linking CXX executable ../bin/test-backend-sampler
[ 87%] Building CXX object tests/CMakeFiles/test-col2im-1d.dir/test-col2im-1d.cpp.o
[ 87%] Built target test-barrier
[ 87%] Building C object tests/CMakeFiles/test-mtmd-c-api.dir/test-mtmd-c-api.c.o
[ 87%] Built target test-backend-sampler
[ 87%] Linking CXX executable ../bin/test-mtmd-c-api
[ 88%] Building CXX object tests/CMakeFiles/test-alloc.dir/test-alloc.cpp.o
[ 88%] Linking CXX executable ../bin/test-rope
[ 88%] Building CXX object tests/CMakeFiles/test-export-graph-ops.dir/test-export-graph-ops.cpp.o
[ 88%] Linking CXX executable ../bin/test-quantize-fns
[ 88%] Built target test-mtmd-c-api
[ 88%] Built target test-rope
[ 88%] Building CXX object examples/batched/CMakeFiles/llama-batched.dir/batched.cpp.o
[ 88%] Linking CXX executable ../bin/test-col2im-1d
[ 88%] Building CXX object examples/debug/CMakeFiles/llama-debug.dir/debug.cpp.o
[ 88%] Built target test-quantize-fns
[ 88%] Building CXX object examples/embedding/CMakeFiles/llama-embedding.dir/embedding.cpp.o
[ 88%] Linking CXX executable ../bin/test-recurrent-state-rollback
[ 88%] Built target test-col2im-1d
[ 89%] Building CXX object examples/eval-callback/CMakeFiles/llama-eval-callback.dir/eval-callback.cpp.o
[ 89%] Built target test-recurrent-state-rollback
[ 89%] Building CXX object examples/idle/CMakeFiles/llama-idle.dir/idle.cpp.o
[ 89%] Linking CXX executable ../bin/test-save-load-state
[ 89%] Linking CXX executable ../bin/test-alloc
[ 89%] Built target test-save-load-state
[ 89%] Built target test-alloc
[ 89%] Linking CXX executable ../bin/test-peg-parser
[ 89%] Building CXX object examples/lookahead/CMakeFiles/llama-lookahead.dir/lookahead.cpp.o
[ 89%] Building CXX object examples/lookup/CMakeFiles/llama-lookup.dir/lookup.cpp.o
[ 89%] Built target test-peg-parser
[ 89%] Building CXX object examples/lookup/CMakeFiles/llama-lookup-create.dir/lookup-create.cpp.o
[ 89%] Linking CXX executable ../bin/test-quantize-perf
[ 89%] Linking CXX executable ../bin/test-jinja
[ 89%] Built target test-quantize-perf
[ 90%] Building CXX object examples/lookup/CMakeFiles/llama-lookup-merge.dir/lookup-merge.cpp.o
[ 90%] Linking CXX executable ../../bin/llama-eval-callback
[ 90%] Built target test-jinja
[ 90%] Building CXX object examples/lookup/CMakeFiles/llama-lookup-stats.dir/lookup-stats.cpp.o
[ 90%] Linking CXX executable ../../bin/llama-batched
[ 90%] Built target llama-eval-callback
[ 90%] Building CXX object examples/parallel/CMakeFiles/llama-parallel.dir/parallel.cpp.o
[ 90%] Built target llama-batched
[ 90%] Building CXX object examples/passkey/CMakeFiles/llama-passkey.dir/passkey.cpp.o
[ 91%] Linking CXX executable ../../bin/llama-idle
[ 91%] Linking CXX executable ../bin/test-export-graph-ops
[ 91%] Linking CXX executable ../../bin/llama-embedding
[ 91%] Built target llama-idle
[ 91%] Building CXX object examples/retrieval/CMakeFiles/llama-retrieval.dir/retrieval.cpp.o
[ 91%] Built target test-export-graph-ops
[ 91%] Building CXX object examples/speculative/CMakeFiles/llama-speculative.dir/speculative.cpp.o
[ 91%] Built target llama-embedding
[ 91%] Building CXX object examples/speculative-simple/CMakeFiles/llama-speculative-simple.dir/speculative-simple.cpp.o
[ 91%] Linking CXX executable ../../bin/llama-lookup-merge
[ 91%] Built target llama-lookup-merge
[ 91%] Building CXX object examples/gen-docs/CMakeFiles/llama-gen-docs.dir/gen-docs.cpp.o
[ 91%] Linking CXX executable ../../bin/llama-lookup
[ 91%] Linking CXX executable ../../bin/llama-lookup-create
[ 91%] Built target llama-lookup
[ 91%] Building CXX object examples/training/CMakeFiles/llama-finetune.dir/finetune.cpp.o
[ 91%] Built target llama-lookup-create
[ 91%] Building CXX object examples/diffusion/CMakeFiles/llama-diffusion.dir/diffusion.cpp.o
[ 91%] Linking CXX executable ../../bin/llama-lookahead
[ 91%] Built target llama-lookahead
[ 91%] Building CXX object examples/convert-llama2c-to-ggml/CMakeFiles/llama-convert-llama2c-to-ggml.dir/convert-llama2c-to-ggml.cpp.o
[ 91%] Linking CXX executable ../../bin/llama-lookup-stats
[ 91%] Built target llama-lookup-stats
[ 91%] Building CXX object pocs/vdot/CMakeFiles/llama-vdot.dir/vdot.cpp.o
[ 91%] Linking CXX executable ../../bin/llama-passkey
[ 91%] Built target llama-passkey
[ 92%] Linking CXX executable ../../bin/llama-parallel
[ 92%] Building CXX object pocs/vdot/CMakeFiles/llama-q8dot.dir/q8dot.cpp.o
[ 92%] Built target llama-parallel
[ 92%] Building CXX object tools/batched-bench/CMakeFiles/llama-batched-bench-impl.dir/batched-bench.cpp.o
[ 92%] Linking CXX executable ../../bin/llama-gen-docs
[ 92%] Linking CXX executable ../../bin/llama-vdot
[ 92%] Built target llama-gen-docs
[ 92%] Building CXX object tools/gguf-split/CMakeFiles/llama-gguf-split.dir/gguf-split.cpp.o
[ 92%] Built target llama-vdot
[ 92%] Linking CXX static library libllama-diffusion.a
[ 92%] Building CXX object tools/imatrix/CMakeFiles/llama-imatrix.dir/imatrix.cpp.o
[ 92%] Linking CXX executable ../../bin/llama-finetune
[ 92%] Built target llama-diffusion
[ 92%] Building CXX object tools/llama-bench/CMakeFiles/llama-bench-impl.dir/llama-bench.cpp.o
[ 92%] Linking CXX executable ../../bin/llama-q8dot
[ 92%] Linking CXX executable ../../bin/llama-retrieval
[ 92%] Built target llama-finetune
[ 92%] Building CXX object tools/completion/CMakeFiles/llama-completion-impl.dir/completion.cpp.o
[ 92%] Built target llama-q8dot
[ 92%] Building CXX object tools/perplexity/CMakeFiles/llama-perplexity-impl.dir/perplexity.cpp.o
[ 92%] Built target llama-retrieval
[ 93%] Building CXX object tools/quantize/CMakeFiles/llama-quantize-impl.dir/quantize.cpp.o
[ 94%] Linking CXX executable ../../bin/llama-speculative-simple
[ 94%] Linking CXX executable ../../bin/llama-convert-llama2c-to-ggml
[ 94%] Built target llama-speculative-simple
[ 94%] Building CXX object tools/cli/CMakeFiles/llama-cli-impl.dir/cli.cpp.o
[ 94%] Linking CXX executable ../../bin/llama-speculative
[ 94%] Built target llama-convert-llama2c-to-ggml
[ 94%] Building CXX object tools/server/CMakeFiles/llama-server-impl.dir/server-http.cpp.o
[ 94%] Built target llama-speculative
[ 94%] Building CXX object tools/server/CMakeFiles/llama-server-impl.dir/server-models.cpp.o
[ 94%] Linking CXX executable ../../bin/llama-debug
[ 94%] Linking CXX executable ../../bin/llama-gguf-split
[ 94%] Built target llama-debug
[ 94%] Built target llama-gguf-split
[ 95%] Building CXX object tools/server/CMakeFiles/llama-server-impl.dir/server.cpp.o
[ 95%] Building CXX object tools/tokenize/CMakeFiles/llama-tokenize.dir/tokenize.cpp.o
[ 95%] Linking CXX shared library ../../bin/libllama-batched-bench-impl.so
[ 95%] Built target llama-batched-bench-impl
[ 95%] Building CXX object tools/parser/CMakeFiles/llama-debug-template-parser.dir/debug-template-parser.cpp.o
[ 95%] Linking CXX executable ../../bin/llama-tokenize
[ 95%] Built target llama-tokenize
[ 95%] Building CXX object tools/parser/CMakeFiles/llama-template-analysis.dir/template-analysis.cpp.o
[ 95%] Linking CXX shared library ../../bin/libllama-quantize-impl.so
[ 95%] Built target llama-quantize-impl
[ 95%] Building CXX object tools/tts/CMakeFiles/llama-tts.dir/tts.cpp.o
[ 95%] Linking CXX shared library ../../bin/libllama-completion-impl.so
[ 95%] Built target llama-completion-impl
[ 95%] Building CXX object tools/mtmd/CMakeFiles/llama-mtmd-cli.dir/mtmd-cli.cpp.o
[ 95%] Linking CXX shared library ../../bin/libllama-perplexity-impl.so
[ 95%] Built target llama-perplexity-impl
[ 95%] Building CXX object tools/mtmd/CMakeFiles/llama-mtmd-debug.dir/debug/mtmd-debug.cpp.o
[ 95%] Linking CXX executable ../../bin/llama-debug-template-parser
[ 95%] Linking CXX executable ../../bin/llama-mtmd-debug
[ 95%] Built target llama-debug-template-parser
[ 95%] Built target llama-mtmd-debug
[ 95%] Building CXX object tools/cvector-generator/CMakeFiles/llama-cvector-generator.dir/cvector-generator.cpp.o
[ 95%] Building CXX object tools/export-lora/CMakeFiles/llama-export-lora.dir/export-lora.cpp.o
[ 95%] Linking CXX executable ../../bin/llama-imatrix
[ 95%] Linking CXX executable ../../bin/llama-mtmd-cli
[ 95%] Built target llama-mtmd-cli
[ 95%] Built target llama-imatrix
[ 95%] Building CXX object tools/results/CMakeFiles/llama-results.dir/results.cpp.o
[ 95%] Building CXX object tools/fit-params/CMakeFiles/llama-fit-params-impl.dir/fit-params.cpp.o
[ 95%] Linking CXX executable ../../bin/llama-template-analysis
[ 95%] Built target llama-template-analysis
[ 95%] Building CXX object tests/CMakeFiles/test-chat.dir/test-chat.cpp.o
[ 96%] Linking CXX shared library ../../bin/libllama-cli-impl.so
[ 96%] Built target llama-cli-impl
[ 96%] Building CXX object examples/diffusion/CMakeFiles/llama-diffusion-cli.dir/diffusion-cli.cpp.o
[ 96%] Linking CXX shared library ../../bin/libllama-fit-params-impl.so
[ 96%] Built target llama-fit-params-impl
[ 97%] Linking CXX executable ../../bin/llama-batched-bench
[ 97%] Linking CXX executable ../../bin/llama-results
[ 97%] Built target llama-batched-bench
[ 97%] Linking CXX executable ../../bin/llama-completion
[ 97%] Built target llama-results
[ 97%] Built target llama-completion
[ 97%] Linking CXX executable ../../bin/llama-perplexity
[ 97%] Linking CXX executable ../../bin/llama-quantize
[ 97%] Built target llama-perplexity
[ 97%] Linking CXX executable ../../bin/llama-cli
[ 97%] Linking CXX executable ../../bin/llama-export-lora
[ 97%] Built target llama-quantize
[ 97%] Linking CXX executable ../../bin/llama-fit-params
[ 97%] Built target llama-cli
[ 97%] Built target llama-export-lora
[ 97%] Built target llama-fit-params
[ 98%] Linking CXX executable ../../bin/llama-cvector-generator
[ 98%] Built target llama-cvector-generator
[ 98%] Linking CXX shared library ../../bin/libllama-bench-impl.so
[ 98%] Built target llama-bench-impl
[ 98%] Linking CXX executable ../../bin/llama-bench
[ 98%] Built target llama-bench
[ 98%] Linking CXX executable ../../bin/llama-diffusion-cli
[ 98%] Linking CXX executable ../../bin/llama-tts
[ 98%] Built target llama-diffusion-cli
[ 98%] Built target llama-tts
[ 99%] Linking CXX executable ../bin/test-backend-ops
[ 99%] Built target test-backend-ops
[ 99%] Linking CXX shared library ../../bin/libllama-server-impl.so
[ 99%] Built target llama-server-impl
[ 99%] Linking CXX executable ../../bin/llama-server
[ 99%] Building CXX object app/CMakeFiles/llama-app.dir/__/license.cpp.o
[ 99%] Building CXX object app/CMakeFiles/llama-app.dir/download.cpp.o
[ 99%] Built target llama-server
[ 99%] Linking CXX executable ../bin/llama
[ 99%] Built target llama-app
[100%] Linking CXX executable ../bin/test-chat
[100%] Built target test-chat
