Downloading Qwen3.6-27B-Q4_K_M.gguf...

07/13 01:59:53 [[1;32mNOTICE[0m] Downloading 1 item(s)

07/13 01:59:53 [[1;32mNOTICE[0m] CUID#7 - Redirecting to https://us.aws.cdn.hf.co/xet-bridge-us/69e8d95a774da603695c1447/b19cb928ecb64efcc512c6adfa5a82ae1c6af668d855b3ae713d7226adeef93f?X-Xet-Cas-Uid=public&response-content-disposition=inline%3B+filename*%3DUTF-8%27%27Qwen3.6-27B-Q4_K_M.gguf%3B+filename%3D%22Qwen3.6-27B-Q4_K_M.gguf%22%3B&user_id=public&Expires=1783911593&Policy=eyJTdGF0ZW1lbnQiOlt7IlJlc291cmNlIjoiaHR0cHM6Ly91cy5hd3MuY2RuLmhmLmNvL3hldC1icmlkZ2UtdXMvNjllOGQ5NWE3NzRkYTYwMzY5NWMxNDQ3L2IxOWNiOTI4ZWNiNjRlZmNjNTEyYzZhZGZhNWE4MmFlMWM2YWY2NjhkODU1YjNhZTcxM2Q3MjI2YWRlZWY5M2ZcXD9YLVhldC1DYXMtVWlkPXB1YmxpYyZyZXNwb25zZS1jb250ZW50LWRpc3Bvc2l0aW9uPWlubGluZSUzQitmaWxlbmFtZSUyQSUzRFVURi04JTI3JTI3UXdlbjMuNi0yN0ItUTRfS19NLmdndWYlM0IrZmlsZW5hbWUlM0QlMjJRd2VuMy42LTI3Qi1RNF9LX00uZ2d1ZiUyMiUzQiZ1c2VyX2lkPXB1YmxpYyIsIkNvbmRpdGlvbiI6eyJEYXRlTGVzc1RoYW4iOnsiRXBvY2hUaW1lIjoxNzgzOTExNTkzfX19XX0_&Signature=MEUCIGmRZPyiPyoIA8H13Sb9-wbH52jcYV%7ECOvhKbwj10BkLAiEA0xEpuYFG9nGLHVLeKgsqwxYmO4fUL2gnMAd05Cp007U_&Key-Pair-Id=01KAYHXK2CBJSW0YZTMNXK9W1M

07/13 01:59:54 [[1;32mNOTICE[0m] CUID#10 - Redirecting to https://us.aws.cdn.hf.co/xet-bridge-us/69e8d95a774da603695c1447/b19cb928ecb64efcc512c6adfa5a82ae1c6af668d855b3ae713d7226adeef93f?response-content-disposition=inline%3B+filename*%3DUTF-8%27%27Qwen3.6-27B-Q4_K_M.gguf%3B+filename%3D%22Qwen3.6-27B-Q4_K_M.gguf%22%3B&user_id=public&X-Xet-Cas-Uid=public&Expires=1783911594&Policy=eyJTdGF0ZW1lbnQiOlt7IlJlc291cmNlIjoiaHR0cHM6Ly91cy5hd3MuY2RuLmhmLmNvL3hldC1icmlkZ2UtdXMvNjllOGQ5NWE3NzRkYTYwMzY5NWMxNDQ3L2IxOWNiOTI4ZWNiNjRlZmNjNTEyYzZhZGZhNWE4MmFlMWM2YWY2NjhkODU1YjNhZTcxM2Q3MjI2YWRlZWY5M2ZcXD9yZXNwb25zZS1jb250ZW50LWRpc3Bvc2l0aW9uPWlubGluZSUzQitmaWxlbmFtZSUyQSUzRFVURi04JTI3JTI3UXdlbjMuNi0yN0ItUTRfS19NLmdndWYlM0IrZmlsZW5hbWUlM0QlMjJRd2VuMy42LTI3Qi1RNF9LX00uZ2d1ZiUyMiUzQiZ1c2VyX2lkPXB1YmxpYyZYLVhldC1DYXMtVWlkPXB1YmxpYyIsIkNvbmRpdGlvbiI6eyJEYXRlTGVzc1RoYW4iOnsiRXBvY2hUaW1lIjoxNzgzOTExNTk0fSwiQnl0ZVJhbmdlIjp7IkV4cGVjdGVkSGVhZGVyIjoiYnl0ZXM9ODI3NDMxMzIxNi05MzA5MjU3NzI3In19fV19&Signature=MEYCIQDoGaHY1AU%7EHW0EqpTHjtD1Mm15StxeVa5XJ9%7EJurdZ5AIhANfvrpAcP%7ErAosjMdTrcxNs3dS69BQkVPNT3dvdHs%7EwZ&Key-Pair-Id=01KAYHXK2CBJSW0YZTMNXK9W1M

07/13 01:59:54 [[1;32mNOTICE[0m] CUID#11 - Redirecting to https://us.aws.cdn.hf.co/xet-bridge-us/69e8d95a774da603695c1447/b19cb928ecb64efcc512c6adfa5a82ae1c6af668d855b3ae713d7226adeef93f?X-Xet-Cas-Uid=public&response-content-disposition=inline%3B+filename*%3DUTF-8%27%27Qwen3.6-27B-Q4_K_M.gguf%3B+filename%3D%22Qwen3.6-27B-Q4_K_M.gguf%22%3B&user_id=public&Expires=1783911594&Policy=eyJTdGF0ZW1lbnQiOlt7IlJlc291cmNlIjoiaHR0cHM6Ly91cy5hd3MuY2RuLmhmLmNvL3hldC1icmlkZ2UtdXMvNjllOGQ5NWE3NzRkYTYwMzY5NWMxNDQ3L2IxOWNiOTI4ZWNiNjRlZmNjNTEyYzZhZGZhNWE4MmFlMWM2YWY2NjhkODU1YjNhZTcxM2Q3MjI2YWRlZWY5M2ZcXD9YLVhldC1DYXMtVWlkPXB1YmxpYyZyZXNwb25zZS1jb250ZW50LWRpc3Bvc2l0aW9uPWlubGluZSUzQitmaWxlbmFtZSUyQSUzRFVURi04JTI3JTI3UXdlbjMuNi0yN0ItUTRfS19NLmdndWYlM0IrZmlsZW5hbWUlM0QlMjJRd2VuMy42LTI3Qi1RNF9LX00uZ2d1ZiUyMiUzQiZ1c2VyX2lkPXB1YmxpYyIsIkNvbmRpdGlvbiI6eyJEYXRlTGVzc1RoYW4iOnsiRXBvY2hUaW1lIjoxNzgzOTExNTk0fSwiQnl0ZVJhbmdlIjp7IkV4cGVjdGVkSGVhZGVyIjoiYnl0ZXM9NDEzNzY4MDg5Ni01MTcyNjI1NDA3In19fV19&Signature=MEUCIH7t%7Eyce28FoqW-KzwgX%7EtpWuybrrLXk5WwHSzaMXYacAiEA%7E2cT1vSc9Cub0RrGjMjiRoniDmAIqBtwUDs0k-0K6wE_&Key-Pair-Id=01KAYHXK2CBJSW0YZTMNXK9W1M

07/13 01:59:54 [[1;32mNOTICE[0m] CUID#15 - Redirecting to https://us.aws.cdn.hf.co/xet-bridge-us/69e8d95a774da603695c1447/b19cb928ecb64efcc512c6adfa5a82ae1c6af668d855b3ae713d7226adeef93f?X-Xet-Cas-Uid=public&user_id=public&response-content-disposition=inline%3B+filename*%3DUTF-8%27%27Qwen3.6-27B-Q4_K_M.gguf%3B+filename%3D%22Qwen3.6-27B-Q4_K_M.gguf%22%3B&Expires=1783911594&Policy=eyJTdGF0ZW1lbnQiOlt7IlJlc291cmNlIjoiaHR0cHM6Ly91cy5hd3MuY2RuLmhmLmNvL3hldC1icmlkZ2UtdXMvNjllOGQ5NWE3NzRkYTYwMzY5NWMxNDQ3L2IxOWNiOTI4ZWNiNjRlZmNjNTEyYzZhZGZhNWE4MmFlMWM2YWY2NjhkODU1YjNhZTcxM2Q3MjI2YWRlZWY5M2ZcXD9YLVhldC1DYXMtVWlkPXB1YmxpYyZ1c2VyX2lkPXB1YmxpYyZyZXNwb25zZS1jb250ZW50LWRpc3Bvc2l0aW9uPWlubGluZSUzQitmaWxlbmFtZSUyQSUzRFVURi04JTI3JTI3UXdlbjMuNi0yN0ItUTRfS19NLmdndWYlM0IrZmlsZW5hbWUlM0QlMjJRd2VuMy42LTI3Qi1RNF9LX00uZ2d1ZiUyMiUzQiIsIkNvbmRpdGlvbiI6eyJEYXRlTGVzc1RoYW4iOnsiRXBvY2hUaW1lIjoxNzgzOTExNTk0fSwiQnl0ZVJhbmdlIjp7IkV4cGVjdGVkSGVhZGVyIjoiYnl0ZXM9MTAzNDMxNTM2NjQtMTEzNzcwNDk1OTkifX19XX0_&Signature=MEUCIHCvbzAhDE24V2LL8Q%7EEuG2PA-9P5VUbZTwEKtMC2aP%7EAiEA04CG3hNIjZpizPpj45-uht4KwWxSiOQGwYwJjndQnj4_&Key-Pair-Id=01KAYHXK2CBJSW0YZTMNXK9W1M

07/13 01:59:54 [[1;32mNOTICE[0m] CUID#22 - Redirecting to https://us.aws.cdn.hf.co/xet-bridge-us/69e8d95a774da603695c1447/b19cb928ecb64efcc512c6adfa5a82ae1c6af668d855b3ae713d7226adeef93f?response-content-disposition=inline%3B+filename*%3DUTF-8%27%27Qwen3.6-27B-Q4_K_M.gguf%3B+filename%3D%22Qwen3.6-27B-Q4_K_M.gguf%22%3B&user_id=public&X-Xet-Cas-Uid=public&Expires=1783911594&Policy=eyJTdGF0ZW1lbnQiOlt7IlJlc291cmNlIjoiaHR0cHM6Ly91cy5hd3MuY2RuLmhmLmNvL3hldC1icmlkZ2UtdXMvNjllOGQ5NWE3NzRkYTYwMzY5NWMxNDQ3L2IxOWNiOTI4ZWNiNjRlZmNjNTEyYzZhZGZhNWE4MmFlMWM2YWY2NjhkODU1YjNhZTcxM2Q3MjI2YWRlZWY5M2ZcXD9yZXNwb25zZS1jb250ZW50LWRpc3Bvc2l0aW9uPWlubGluZSUzQitmaWxlbmFtZSUyQSUzRFVURi04JTI3JTI3UXdlbjMuNi0yN0ItUTRfS19NLmdndWYlM0IrZmlsZW5hbWUlM0QlMjJRd2VuMy42LTI3Qi1RNF9LX00uZ2d1ZiUyMiUzQiZ1c2VyX2lkPXB1YmxpYyZYLVhldC1DYXMtVWlkPXB1YmxpYyIsIkNvbmRpdGlvbiI6eyJEYXRlTGVzc1RoYW4iOnsiRXBvY2hUaW1lIjoxNzgzOTExNTk0fSwiQnl0ZVJhbmdlIjp7IkV4cGVjdGVkSGVhZGVyIjoiYnl0ZXM9MTEzNzcwNDk2MDAtMTI0MTA5NDU1MzUifX19XX0_&Signature=MEUCIQCcwnWuh1JJzsr0kNARL3vMOcU2XUe9rLNXg5ZBfweXtwIgeuxJdvsO0h0lFlgVhBJlud%7EMMM0RkZvXjnQO%7EHKhpnc_&Key-Pair-Id=01KAYHXK2CBJSW0YZTMNXK9W1M

07/13 01:59:54 [[1;32mNOTICE[0m] CUID#24 - Redirecting to https://us.aws.cdn.hf.co/xet-bridge-us/69e8d95a774da603695c1447/b19cb928ecb64efcc512c6adfa5a82ae1c6af668d855b3ae713d7226adeef93f?user_id=public&X-Xet-Cas-Uid=public&response-content-disposition=inline%3B+filename*%3DUTF-8%27%27Qwen3.6-27B-Q4_K_M.gguf%3B+filename%3D%22Qwen3.6-27B-Q4_K_M.gguf%22%3B&Expires=1783911594&Policy=eyJTdGF0ZW1lbnQiOlt7IlJlc291cmNlIjoiaHR0cHM6Ly91cy5hd3MuY2RuLmhmLmNvL3hldC1icmlkZ2UtdXMvNjllOGQ5NWE3NzRkYTYwMzY5NWMxNDQ3L2IxOWNiOTI4ZWNiNjRlZmNjNTEyYzZhZGZhNWE4MmFlMWM2YWY2NjhkODU1YjNhZTcxM2Q3MjI2YWRlZWY5M2ZcXD91c2VyX2lkPXB1YmxpYyZYLVhldC1DYXMtVWlkPXB1YmxpYyZyZXNwb25zZS1jb250ZW50LWRpc3Bvc2l0aW9uPWlubGluZSUzQitmaWxlbmFtZSUyQSUzRFVURi04JTI3JTI3UXdlbjMuNi0yN0ItUTRfS19NLmdndWYlM0IrZmlsZW5hbWUlM0QlMjJRd2VuMy42LTI3Qi1RNF9LX00uZ2d1ZiUyMiUzQiIsIkNvbmRpdGlvbiI6eyJEYXRlTGVzc1RoYW4iOnsiRXBvY2hUaW1lIjoxNzgzOTExNTk0fSwiQnl0ZVJhbmdlIjp7IkV4cGVjdGVkSGVhZGVyIjoiYnl0ZXM9MTU1MTM2ODE5MjAtMTY1NDczOTg3ODMifX19XX0_&Signature=MEUCIEFq3H8Azxjp3MubcVMnUyqBXQSxRqwFNhMD73uQHphWAiEA--W2RhTE528vlM%7EaDkt2IrLwHtkcJYBUtLVLwQznotU_&Key-Pair-Id=01KAYHXK2CBJSW0YZTMNXK9W1M

07/13 01:59:54 [[1;32mNOTICE[0m] CUID#13 - Redirecting to https://us.aws.cdn.hf.co/xet-bridge-us/69e8d95a774da603695c1447/b19cb928ecb64efcc512c6adfa5a82ae1c6af668d855b3ae713d7226adeef93f?X-Xet-Cas-Uid=public&user_id=public&response-content-disposition=inline%3B+filename*%3DUTF-8%27%27Qwen3.6-27B-Q4_K_M.gguf%3B+filename%3D%22Qwen3.6-27B-Q4_K_M.gguf%22%3B&Expires=1783911594&Policy=eyJTdGF0ZW1lbnQiOlt7IlJlc291cmNlIjoiaHR0cHM6Ly91cy5hd3MuY2RuLmhmLmNvL3hldC1icmlkZ2UtdXMvNjllOGQ5NWE3NzRkYTYwMzY5NWMxNDQ3L2IxOWNiOTI4ZWNiNjRlZmNjNTEyYzZhZGZhNWE4MmFlMWM2YWY2NjhkODU1YjNhZTcxM2Q3MjI2YWRlZWY5M2ZcXD9YLVhldC1DYXMtVWlkPXB1YmxpYyZ1c2VyX2lkPXB1YmxpYyZyZXNwb25zZS1jb250ZW50LWRpc3Bvc2l0aW9uPWlubGluZSUzQitmaWxlbmFtZSUyQSUzRFVURi04JTI3JTI3UXdlbjMuNi0yN0ItUTRfS19NLmdndWYlM0IrZmlsZW5hbWUlM0QlMjJRd2VuMy42LTI3Qi1RNF9LX00uZ2d1ZiUyMiUzQiIsIkNvbmRpdGlvbiI6eyJEYXRlTGVzc1RoYW4iOnsiRXBvY2hUaW1lIjoxNzgzOTExNTk0fSwiQnl0ZVJhbmdlIjp7IkV4cGVjdGVkSGVhZGVyIjoiYnl0ZXM9MjA2ODg0MDQ0OC0zMTAzNzg0OTU5In19fV19&Signature=MEYCIQCONH3d8V7sS029pC4iekHTA3zoMOjHIebvuobAtMcvuwIhALmulOwsreZPq-wXwoSdsYlm-U5mHM86QZF7p2bM0jZt&Key-Pair-Id=01KAYHXK2CBJSW0YZTMNXK9W1M

07/13 01:59:54 [[1;32mNOTICE[0m] CUID#14 - Redirecting to https://us.aws.cdn.hf.co/xet-bridge-us/69e8d95a774da603695c1447/b19cb928ecb64efcc512c6adfa5a82ae1c6af668d855b3ae713d7226adeef93f?X-Xet-Cas-Uid=public&response-content-disposition=inline%3B+filename*%3DUTF-8%27%27Qwen3.6-27B-Q4_K_M.gguf%3B+filename%3D%22Qwen3.6-27B-Q4_K_M.gguf%22%3B&user_id=public&Expires=1783911594&Policy=eyJTdGF0ZW1lbnQiOlt7IlJlc291cmNlIjoiaHR0cHM6Ly91cy5hd3MuY2RuLmhmLmNvL3hldC1icmlkZ2UtdXMvNjllOGQ5NWE3NzRkYTYwMzY5NWMxNDQ3L2IxOWNiOTI4ZWNiNjRlZmNjNTEyYzZhZGZhNWE4MmFlMWM2YWY2NjhkODU1YjNhZTcxM2Q3MjI2YWRlZWY5M2ZcXD9YLVhldC1DYXMtVWlkPXB1YmxpYyZyZXNwb25zZS1jb250ZW50LWRpc3Bvc2l0aW9uPWlubGluZSUzQitmaWxlbmFtZSUyQSUzRFVURi04JTI3JTI3UXdlbjMuNi0yN0ItUTRfS19NLmdndWYlM0IrZmlsZW5hbWUlM0QlMjJRd2VuMy42LTI3Qi1RNF9LX00uZ2d1ZiUyMiUzQiZ1c2VyX2lkPXB1YmxpYyIsIkNvbmRpdGlvbiI6eyJEYXRlTGVzc1RoYW4iOnsiRXBvY2hUaW1lIjoxNzgzOTExNTk0fSwiQnl0ZVJhbmdlIjp7IkV4cGVjdGVkSGVhZGVyIjoiYnl0ZXM9NjIwNjUyMTM0NC03MjQwNDE3Mjc5In19fV19&Signature=MEUCIFu%7EW68LsPTzz9OP3CuHUJobGmJOi7LN2RdEiUmdYyWjAiEA-4VnJSTMVZfQJqJPUoR4%7EawmmczYGSD2fkEk8diXixc_&Key-Pair-Id=01KAYHXK2CBJSW0YZTMNXK9W1M

07/13 01:59:54 [[1;32mNOTICE[0m] CUID#17 - Redirecting to https://us.aws.cdn.hf.co/xet-bridge-us/69e8d95a774da603695c1447/b19cb928ecb64efcc512c6adfa5a82ae1c6af668d855b3ae713d7226adeef93f?X-Xet-Cas-Uid=public&user_id=public&response-content-disposition=inline%3B+filename*%3DUTF-8%27%27Qwen3.6-27B-Q4_K_M.gguf%3B+filename%3D%22Qwen3.6-27B-Q4_K_M.gguf%22%3B&Expires=1783911594&Policy=eyJTdGF0ZW1lbnQiOlt7IlJlc291cmNlIjoiaHR0cHM6Ly91cy5hd3MuY2RuLmhmLmNvL3hldC1icmlkZ2UtdXMvNjllOGQ5NWE3NzRkYTYwMzY5NWMxNDQ3L2IxOWNiOTI4ZWNiNjRlZmNjNTEyYzZhZGZhNWE4MmFlMWM2YWY2NjhkODU1YjNhZTcxM2Q3MjI2YWRlZWY5M2ZcXD9YLVhldC1DYXMtVWlkPXB1YmxpYyZ1c2VyX2lkPXB1YmxpYyZyZXNwb25zZS1jb250ZW50LWRpc3Bvc2l0aW9uPWlubGluZSUzQitmaWxlbmFtZSUyQSUzRFVURi04JTI3JTI3UXdlbjMuNi0yN0ItUTRfS19NLmdndWYlM0IrZmlsZW5hbWUlM0QlMjJRd2VuMy42LTI3Qi1RNF9LX00uZ2d1ZiUyMiUzQiIsIkNvbmRpdGlvbiI6eyJEYXRlTGVzc1RoYW4iOnsiRXBvY2hUaW1lIjoxNzgzOTExNTk0fSwiQnl0ZVJhbmdlIjp7IkV4cGVjdGVkSGVhZGVyIjoiYnl0ZXM9MTAzNDk0NDUxMi0yMDY4ODQwNDQ3In19fV19&Signature=MEUCIQChYwPDLOMzwgVKm3pRR5gLgNnxDi%7EBjNKwpC0doZFPTgIgabHilROWJ68tdZkuCArXdf9EZUPfHzZK00hvIer-Bwc_&Key-Pair-Id=01KAYHXK2CBJSW0YZTMNXK9W1M

07/13 01:59:54 [[1;32mNOTICE[0m] CUID#16 - Redirecting to https://us.aws.cdn.hf.co/xet-bridge-us/69e8d95a774da603695c1447/b19cb928ecb64efcc512c6adfa5a82ae1c6af668d855b3ae713d7226adeef93f?user_id=public&X-Xet-Cas-Uid=public&response-content-disposition=inline%3B+filename*%3DUTF-8%27%27Qwen3.6-27B-Q4_K_M.gguf%3B+filename%3D%22Qwen3.6-27B-Q4_K_M.gguf%22%3B&Expires=1783911594&Policy=eyJTdGF0ZW1lbnQiOlt7IlJlc291cmNlIjoiaHR0cHM6Ly91cy5hd3MuY2RuLmhmLmNvL3hldC1icmlkZ2UtdXMvNjllOGQ5NWE3NzRkYTYwMzY5NWMxNDQ3L2IxOWNiOTI4ZWNiNjRlZmNjNTEyYzZhZGZhNWE4MmFlMWM2YWY2NjhkODU1YjNhZTcxM2Q3MjI2YWRlZWY5M2ZcXD91c2VyX2lkPXB1YmxpYyZYLVhldC1DYXMtVWlkPXB1YmxpYyZyZXNwb25zZS1jb250ZW50LWRpc3Bvc2l0aW9uPWlubGluZSUzQitmaWxlbmFtZSUyQSUzRFVURi04JTI3JTI3UXdlbjMuNi0yN0ItUTRfS19NLmdndWYlM0IrZmlsZW5hbWUlM0QlMjJRd2VuMy42LTI3Qi1RNF9LX00uZ2d1ZiUyMiUzQiIsIkNvbmRpdGlvbiI6eyJEYXRlTGVzc1RoYW4iOnsiRXBvY2hUaW1lIjoxNzgzOTExNTk0fSwiQnl0ZVJhbmdlIjp7IkV4cGVjdGVkSGVhZGVyIjoiYnl0ZXM9MTQ0Nzk3ODU5ODQtMTU1MTM2ODE5MTkifX19XX0_&Signature=MEQCIGnYWY9wEerVab24GtefI%7E7uHyzdbZfZmgy-Fwz%7EQluWAiBFC%7EaSNk9uHhN-w98WDCsbFm-mJBogUt1qxLgk0Manfg__&Key-Pair-Id=01KAYHXK2CBJSW0YZTMNXK9W1M

07/13 01:59:54 [[1;32mNOTICE[0m] CUID#21 - Redirecting to https://us.aws.cdn.hf.co/xet-bridge-us/69e8d95a774da603695c1447/b19cb928ecb64efcc512c6adfa5a82ae1c6af668d855b3ae713d7226adeef93f?X-Xet-Cas-Uid=public&user_id=public&response-content-disposition=inline%3B+filename*%3DUTF-8%27%27Qwen3.6-27B-Q4_K_M.gguf%3B+filename%3D%22Qwen3.6-27B-Q4_K_M.gguf%22%3B&Expires=1783911594&Policy=eyJTdGF0ZW1lbnQiOlt7IlJlc291cmNlIjoiaHR0cHM6Ly91cy5hd3MuY2RuLmhmLmNvL3hldC1icmlkZ2UtdXMvNjllOGQ5NWE3NzRkYTYwMzY5NWMxNDQ3L2IxOWNiOTI4ZWNiNjRlZmNjNTEyYzZhZGZhNWE4MmFlMWM2YWY2NjhkODU1YjNhZTcxM2Q3MjI2YWRlZWY5M2ZcXD9YLVhldC1DYXMtVWlkPXB1YmxpYyZ1c2VyX2lkPXB1YmxpYyZyZXNwb25zZS1jb250ZW50LWRpc3Bvc2l0aW9uPWlubGluZSUzQitmaWxlbmFtZSUyQSUzRFVURi04JTI3JTI3UXdlbjMuNi0yN0ItUTRfS19NLmdndWYlM0IrZmlsZW5hbWUlM0QlMjJRd2VuMy42LTI3Qi1RNF9LX00uZ2d1ZiUyMiUzQiIsIkNvbmRpdGlvbiI6eyJEYXRlTGVzc1RoYW4iOnsiRXBvY2hUaW1lIjoxNzgzOTExNTk0fSwiQnl0ZVJhbmdlIjp7IkV4cGVjdGVkSGVhZGVyIjoiYnl0ZXM9OTMwOTI1NzcyOC0xMDM0MzE1MzY2MyJ9fX1dfQ__&Signature=MEQCIFQ-t0DQ0xkS%7ExLU7kTaycljhbCCjyJI3YqdO%7ETElLwTAiBJCH2jgENdXD-bmOFwx7YQVTeGrDXnQqgYTkTxyAWKbQ__&Key-Pair-Id=01KAYHXK2CBJSW0YZTMNXK9W1M

07/13 01:59:54 [[1;32mNOTICE[0m] CUID#20 - Redirecting to https://us.aws.cdn.hf.co/xet-bridge-us/69e8d95a774da603695c1447/b19cb928ecb64efcc512c6adfa5a82ae1c6af668d855b3ae713d7226adeef93f?X-Xet-Cas-Uid=public&response-content-disposition=inline%3B+filename*%3DUTF-8%27%27Qwen3.6-27B-Q4_K_M.gguf%3B+filename%3D%22Qwen3.6-27B-Q4_K_M.gguf%22%3B&user_id=public&Expires=1783911594&Policy=eyJTdGF0ZW1lbnQiOlt7IlJlc291cmNlIjoiaHR0cHM6Ly91cy5hd3MuY2RuLmhmLmNvL3hldC1icmlkZ2UtdXMvNjllOGQ5NWE3NzRkYTYwMzY5NWMxNDQ3L2IxOWNiOTI4ZWNiNjRlZmNjNTEyYzZhZGZhNWE4MmFlMWM2YWY2NjhkODU1YjNhZTcxM2Q3MjI2YWRlZWY5M2ZcXD9YLVhldC1DYXMtVWlkPXB1YmxpYyZyZXNwb25zZS1jb250ZW50LWRpc3Bvc2l0aW9uPWlubGluZSUzQitmaWxlbmFtZSUyQSUzRFVURi04JTI3JTI3UXdlbjMuNi0yN0ItUTRfS19NLmdndWYlM0IrZmlsZW5hbWUlM0QlMjJRd2VuMy42LTI3Qi1RNF9LX00uZ2d1ZiUyMiUzQiZ1c2VyX2lkPXB1YmxpYyIsIkNvbmRpdGlvbiI6eyJEYXRlTGVzc1RoYW4iOnsiRXBvY2hUaW1lIjoxNzgzOTExNTk0fSwiQnl0ZVJhbmdlIjp7IkV4cGVjdGVkSGVhZGVyIjoiYnl0ZXM9NzI0MDQxNzI4MC04Mjc0MzEzMjE1In19fV19&Signature=MEUCIH1BL0WvnLK-XKQlRAmAcUx4CFUtzjbPo4Wj5NQz1VN9AiEAkwsj3dhz7%7Ez2c1F2D8PTKigpY%7Ep6hBEGCKqvG3ea5jQ_&Key-Pair-Id=01KAYHXK2CBJSW0YZTMNXK9W1M

07/13 01:59:54 [[1;32mNOTICE[0m] CUID#19 - Redirecting to https://us.aws.cdn.hf.co/xet-bridge-us/69e8d95a774da603695c1447/b19cb928ecb64efcc512c6adfa5a82ae1c6af668d855b3ae713d7226adeef93f?X-Xet-Cas-Uid=public&response-content-disposition=inline%3B+filename*%3DUTF-8%27%27Qwen3.6-27B-Q4_K_M.gguf%3B+filename%3D%22Qwen3.6-27B-Q4_K_M.gguf%22%3B&user_id=public&Expires=1783911594&Policy=eyJTdGF0ZW1lbnQiOlt7IlJlc291cmNlIjoiaHR0cHM6Ly91cy5hd3MuY2RuLmhmLmNvL3hldC1icmlkZ2UtdXMvNjllOGQ5NWE3NzRkYTYwMzY5NWMxNDQ3L2IxOWNiOTI4ZWNiNjRlZmNjNTEyYzZhZGZhNWE4MmFlMWM2YWY2NjhkODU1YjNhZTcxM2Q3MjI2YWRlZWY5M2ZcXD9YLVhldC1DYXMtVWlkPXB1YmxpYyZyZXNwb25zZS1jb250ZW50LWRpc3Bvc2l0aW9uPWlubGluZSUzQitmaWxlbmFtZSUyQSUzRFVURi04JTI3JTI3UXdlbjMuNi0yN0ItUTRfS19NLmdndWYlM0IrZmlsZW5hbWUlM0QlMjJRd2VuMy42LTI3Qi1RNF9LX00uZ2d1ZiUyMiUzQiZ1c2VyX2lkPXB1YmxpYyIsIkNvbmRpdGlvbiI6eyJEYXRlTGVzc1RoYW4iOnsiRXBvY2hUaW1lIjoxNzgzOTExNTk0fSwiQnl0ZVJhbmdlIjp7IkV4cGVjdGVkSGVhZGVyIjoiYnl0ZXM9NTE3MjYyNTQwOC02MjA2NTIxMzQzIn19fV19&Signature=MEUCIDsTOq2PGZeNGjXoqSJ%7Eq7kkKuZ5fM7pz5eqqO9vVy75AiEAgSlP9PVoaVjvmI1gn5vbhnlRFTXsTCS6gYvzMS%7Eyloc_&Key-Pair-Id=01KAYHXK2CBJSW0YZTMNXK9W1M

07/13 01:59:54 [[1;32mNOTICE[0m] CUID#18 - Redirecting to https://us.aws.cdn.hf.co/xet-bridge-us/69e8d95a774da603695c1447/b19cb928ecb64efcc512c6adfa5a82ae1c6af668d855b3ae713d7226adeef93f?X-Xet-Cas-Uid=public&user_id=public&response-content-disposition=inline%3B+filename*%3DUTF-8%27%27Qwen3.6-27B-Q4_K_M.gguf%3B+filename%3D%22Qwen3.6-27B-Q4_K_M.gguf%22%3B&Expires=1783911594&Policy=eyJTdGF0ZW1lbnQiOlt7IlJlc291cmNlIjoiaHR0cHM6Ly91cy5hd3MuY2RuLmhmLmNvL3hldC1icmlkZ2UtdXMvNjllOGQ5NWE3NzRkYTYwMzY5NWMxNDQ3L2IxOWNiOTI4ZWNiNjRlZmNjNTEyYzZhZGZhNWE4MmFlMWM2YWY2NjhkODU1YjNhZTcxM2Q3MjI2YWRlZWY5M2ZcXD9YLVhldC1DYXMtVWlkPXB1YmxpYyZ1c2VyX2lkPXB1YmxpYyZyZXNwb25zZS1jb250ZW50LWRpc3Bvc2l0aW9uPWlubGluZSUzQitmaWxlbmFtZSUyQSUzRFVURi04JTI3JTI3UXdlbjMuNi0yN0ItUTRfS19NLmdndWYlM0IrZmlsZW5hbWUlM0QlMjJRd2VuMy42LTI3Qi1RNF9LX00uZ2d1ZiUyMiUzQiIsIkNvbmRpdGlvbiI6eyJEYXRlTGVzc1RoYW4iOnsiRXBvY2hUaW1lIjoxNzgzOTExNTk0fSwiQnl0ZVJhbmdlIjp7IkV4cGVjdGVkSGVhZGVyIjoiYnl0ZXM9MzEwMzc4NDk2MC00MTM3NjgwODk1In19fV19&Signature=MEUCIA15y9y8P4k2yqLcd-IERhv5zvkbKbZ-zhUOJdVTz8dlAiEA%7EnqJIJiIwhRWJMxhA6F9Trk6BQRKDcPnDEb0UF8h7eE_&Key-Pair-Id=01KAYHXK2CBJSW0YZTMNXK9W1M

07/13 01:59:54 [[1;32mNOTICE[0m] CUID#23 - Redirecting to https://us.aws.cdn.hf.co/xet-bridge-us/69e8d95a774da603695c1447/b19cb928ecb64efcc512c6adfa5a82ae1c6af668d855b3ae713d7226adeef93f?response-content-disposition=inline%3B+filename*%3DUTF-8%27%27Qwen3.6-27B-Q4_K_M.gguf%3B+filename%3D%22Qwen3.6-27B-Q4_K_M.gguf%22%3B&user_id=public&X-Xet-Cas-Uid=public&Expires=1783911594&Policy=eyJTdGF0ZW1lbnQiOlt7IlJlc291cmNlIjoiaHR0cHM6Ly91cy5hd3MuY2RuLmhmLmNvL3hldC1icmlkZ2UtdXMvNjllOGQ5NWE3NzRkYTYwMzY5NWMxNDQ3L2IxOWNiOTI4ZWNiNjRlZmNjNTEyYzZhZGZhNWE4MmFlMWM2YWY2NjhkODU1YjNhZTcxM2Q3MjI2YWRlZWY5M2ZcXD9yZXNwb25zZS1jb250ZW50LWRpc3Bvc2l0aW9uPWlubGluZSUzQitmaWxlbmFtZSUyQSUzRFVURi04JTI3JTI3UXdlbjMuNi0yN0ItUTRfS19NLmdndWYlM0IrZmlsZW5hbWUlM0QlMjJRd2VuMy42LTI3Qi1RNF9LX00uZ2d1ZiUyMiUzQiZ1c2VyX2lkPXB1YmxpYyZYLVhldC1DYXMtVWlkPXB1YmxpYyIsIkNvbmRpdGlvbiI6eyJEYXRlTGVzc1RoYW4iOnsiRXBvY2hUaW1lIjoxNzgzOTExNTk0fSwiQnl0ZVJhbmdlIjp7IkV4cGVjdGVkSGVhZGVyIjoiYnl0ZXM9MTM0NDU4OTAwNDgtMTQ0Nzk3ODU5ODMifX19XX0_&Signature=MEQCIB87dKX-OGYRj5ewiDXuZJtH6RdP1qeWL6ydCdCDDknuAiAz1htTOGW187EM48w1eeP4PIUK9kuxeakKN3UBf64IwQ__&Key-Pair-Id=01KAYHXK2CBJSW0YZTMNXK9W1M

07/13 01:59:54 [[1;32mNOTICE[0m] CUID#16 - Redirecting to https://us.aws.cdn.hf.co/xet-bridge-us/69e8d95a774da603695c1447/b19cb928ecb64efcc512c6adfa5a82ae1c6af668d855b3ae713d7226adeef93f?user_id=public&X-Xet-Cas-Uid=public&response-content-disposition=inline%3B+filename*%3DUTF-8%27%27Qwen3.6-27B-Q4_K_M.gguf%3B+filename%3D%22Qwen3.6-27B-Q4_K_M.gguf%22%3B&Expires=1783911594&Policy=eyJTdGF0ZW1lbnQiOlt7IlJlc291cmNlIjoiaHR0cHM6Ly91cy5hd3MuY2RuLmhmLmNvL3hldC1icmlkZ2UtdXMvNjllOGQ5NWE3NzRkYTYwMzY5NWMxNDQ3L2IxOWNiOTI4ZWNiNjRlZmNjNTEyYzZhZGZhNWE4MmFlMWM2YWY2NjhkODU1YjNhZTcxM2Q3MjI2YWRlZWY5M2ZcXD91c2VyX2lkPXB1YmxpYyZYLVhldC1DYXMtVWlkPXB1YmxpYyZyZXNwb25zZS1jb250ZW50LWRpc3Bvc2l0aW9uPWlubGluZSUzQitmaWxlbmFtZSUyQSUzRFVURi04JTI3JTI3UXdlbjMuNi0yN0ItUTRfS19NLmdndWYlM0IrZmlsZW5hbWUlM0QlMjJRd2VuMy42LTI3Qi1RNF9LX00uZ2d1ZiUyMiUzQiIsIkNvbmRpdGlvbiI6eyJEYXRlTGVzc1RoYW4iOnsiRXBvY2hUaW1lIjoxNzgzOTExNTk0fSwiQnl0ZVJhbmdlIjp7IkV4cGVjdGVkSGVhZGVyIjoiYnl0ZXM9MTQ0Nzk3ODU5ODQtMTU1MTM2ODE5MTkifX19XX0_&Signature=MEQCIGnYWY9wEerVab24GtefI%7E7uHyzdbZfZmgy-Fwz%7EQluWAiBFC%7EaSNk9uHhN-w98WDCsbFm-mJBogUt1qxLgk0Manfg__&Key-Pair-Id=01KAYHXK2CBJSW0YZTMNXK9W1M

07/13 01:59:54 [[1;32mNOTICE[0m] CUID#12 - Redirecting to https://us.aws.cdn.hf.co/xet-bridge-us/69e8d95a774da603695c1447/b19cb928ecb64efcc512c6adfa5a82ae1c6af668d855b3ae713d7226adeef93f?user_id=public&X-Xet-Cas-Uid=public&response-content-disposition=inline%3B+filename*%3DUTF-8%27%27Qwen3.6-27B-Q4_K_M.gguf%3B+filename%3D%22Qwen3.6-27B-Q4_K_M.gguf%22%3B&Expires=1783911594&Policy=eyJTdGF0ZW1lbnQiOlt7IlJlc291cmNlIjoiaHR0cHM6Ly91cy5hd3MuY2RuLmhmLmNvL3hldC1icmlkZ2UtdXMvNjllOGQ5NWE3NzRkYTYwMzY5NWMxNDQ3L2IxOWNiOTI4ZWNiNjRlZmNjNTEyYzZhZGZhNWE4MmFlMWM2YWY2NjhkODU1YjNhZTcxM2Q3MjI2YWRlZWY5M2ZcXD91c2VyX2lkPXB1YmxpYyZYLVhldC1DYXMtVWlkPXB1YmxpYyZyZXNwb25zZS1jb250ZW50LWRpc3Bvc2l0aW9uPWlubGluZSUzQitmaWxlbmFtZSUyQSUzRFVURi04JTI3JTI3UXdlbjMuNi0yN0ItUTRfS19NLmdndWYlM0IrZmlsZW5hbWUlM0QlMjJRd2VuMy42LTI3Qi1RNF9LX00uZ2d1ZiUyMiUzQiIsIkNvbmRpdGlvbiI6eyJEYXRlTGVzc1RoYW4iOnsiRXBvY2hUaW1lIjoxNzgzOTExNTk0fSwiQnl0ZVJhbmdlIjp7IkV4cGVjdGVkSGVhZGVyIjoiYnl0ZXM9MTI0MTA5NDU1MzYtMTM0NDU4OTAwNDcifX19XX0_&Signature=MEUCIQDEQRMmki9PStsNpvychyxekPwWHTWthQl71sl84T53fwIgDr3P4Y5Hy0LigrBrX5go7-VGdWTw1EDcaSIWU50QbrE_&Key-Pair-Id=01KAYHXK2CBJSW0YZTMNXK9W1M

07/13 01:59:54 [[1;31mERROR[0m] CUID#20 - Download aborted. URI=https://huggingface.co/lmstudio-community/Qwen3.6-27B-GGUF/resolve/main/Qwen3.6-27B-Q4_K_M.gguf
Exception: [AbstractCommand.cc:351] errorCode=22 URI=https://us.aws.cdn.hf.co/xet-bridge-us/69e8d95a774da603695c1447/b19cb928ecb64efcc512c6adfa5a82ae1c6af668d855b3ae713d7226adeef93f?X-Xet-Cas-Uid=public&response-content-disposition=inline%3B+filename*%3DUTF-8%27%27Qwen3.6-27B-Q4_K_M.gguf%3B+filename%3D%22Qwen3.6-27B-Q4_K_M.gguf%22%3B&user_id=public&Expires=1783911594&Policy=eyJTdGF0ZW1lbnQiOlt7IlJlc291cmNlIjoiaHR0cHM6Ly91cy5hd3MuY2RuLmhmLmNvL3hldC1icmlkZ2UtdXMvNjllOGQ5NWE3NzRkYTYwMzY5NWMxNDQ3L2IxOWNiOTI4ZWNiNjRlZmNjNTEyYzZhZGZhNWE4MmFlMWM2YWY2NjhkODU1YjNhZTcxM2Q3MjI2YWRlZWY5M2ZcXD9YLVhldC1DYXMtVWlkPXB1YmxpYyZyZXNwb25zZS1jb250ZW50LWRpc3Bvc2l0aW9uPWlubGluZSUzQitmaWxlbmFtZSUyQSUzRFVURi04JTI3JTI3UXdlbjMuNi0yN0ItUTRfS19NLmdndWYlM0IrZmlsZW5hbWUlM0QlMjJRd2VuMy42LTI3Qi1RNF9LX00uZ2d1ZiUyMiUzQiZ1c2VyX2lkPXB1YmxpYyIsIkNvbmRpdGlvbiI6eyJEYXRlTGVzc1RoYW4iOnsiRXBvY2hUaW1lIjoxNzgzOTExNTk0fSwiQnl0ZVJhbmdlIjp7IkV4cGVjdGVkSGVhZGVyIjoiYnl0ZXM9NzI0MDQxNzI4MC04Mjc0MzEzMjE1In19fV19&Signature=MEUCIH1BL0WvnLK-XKQlRAmAcUx4CFUtzjbPo4Wj5NQz1VN9AiEAkwsj3dhz7%7Ez2c1F2D8PTKigpY%7Ep6hBEGCKqvG3ea5jQ_&Key-Pair-Id=01KAYHXK2CBJSW0YZTMNXK9W1M
  -> [HttpSkipResponseCommand.cc:239] errorCode=22 The response status is not successful. status=403

07/13 01:59:54 [[1;31mERROR[0m] CUID#14 - Download aborted. URI=https://huggingface.co/lmstudio-community/Qwen3.6-27B-GGUF/resolve/main/Qwen3.6-27B-Q4_K_M.gguf
Exception: [AbstractCommand.cc:351] errorCode=22 URI=https://us.aws.cdn.hf.co/xet-bridge-us/69e8d95a774da603695c1447/b19cb928ecb64efcc512c6adfa5a82ae1c6af668d855b3ae713d7226adeef93f?X-Xet-Cas-Uid=public&response-content-disposition=inline%3B+filename*%3DUTF-8%27%27Qwen3.6-27B-Q4_K_M.gguf%3B+filename%3D%22Qwen3.6-27B-Q4_K_M.gguf%22%3B&user_id=public&Expires=1783911594&Policy=eyJTdGF0ZW1lbnQiOlt7IlJlc291cmNlIjoiaHR0cHM6Ly91cy5hd3MuY2RuLmhmLmNvL3hldC1icmlkZ2UtdXMvNjllOGQ5NWE3NzRkYTYwMzY5NWMxNDQ3L2IxOWNiOTI4ZWNiNjRlZmNjNTEyYzZhZGZhNWE4MmFlMWM2YWY2NjhkODU1YjNhZTcxM2Q3MjI2YWRlZWY5M2ZcXD9YLVhldC1DYXMtVWlkPXB1YmxpYyZyZXNwb25zZS1jb250ZW50LWRpc3Bvc2l0aW9uPWlubGluZSUzQitmaWxlbmFtZSUyQSUzRFVURi04JTI3JTI3UXdlbjMuNi0yN0ItUTRfS19NLmdndWYlM0IrZmlsZW5hbWUlM0QlMjJRd2VuMy42LTI3Qi1RNF9LX00uZ2d1ZiUyMiUzQiZ1c2VyX2lkPXB1YmxpYyIsIkNvbmRpdGlvbiI6eyJEYXRlTGVzc1RoYW4iOnsiRXBvY2hUaW1lIjoxNzgzOTExNTk0fSwiQnl0ZVJhbmdlIjp7IkV4cGVjdGVkSGVhZGVyIjoiYnl0ZXM9NjIwNjUyMTM0NC03MjQwNDE3Mjc5In19fV19&Signature=MEUCIFu%7EW68LsPTzz9OP3CuHUJobGmJOi7LN2RdEiUmdYyWjAiEA-4VnJSTMVZfQJqJPUoR4%7EawmmczYGSD2fkEk8diXixc_&Key-Pair-Id=01KAYHXK2CBJSW0YZTMNXK9W1M
  -> [HttpSkipResponseCommand.cc:239] errorCode=22 The response status is not successful. status=403

07/13 01:59:54 [[1;31mERROR[0m] CUID#13 - Download aborted. URI=https://huggingface.co/lmstudio-community/Qwen3.6-27B-GGUF/resolve/main/Qwen3.6-27B-Q4_K_M.gguf
Exception: [AbstractCommand.cc:351] errorCode=22 URI=https://us.aws.cdn.hf.co/xet-bridge-us/69e8d95a774da603695c1447/b19cb928ecb64efcc512c6adfa5a82ae1c6af668d855b3ae713d7226adeef93f?X-Xet-Cas-Uid=public&user_id=public&response-content-disposition=inline%3B+filename*%3DUTF-8%27%27Qwen3.6-27B-Q4_K_M.gguf%3B+filename%3D%22Qwen3.6-27B-Q4_K_M.gguf%22%3B&Expires=1783911594&Policy=eyJTdGF0ZW1lbnQiOlt7IlJlc291cmNlIjoiaHR0cHM6Ly91cy5hd3MuY2RuLmhmLmNvL3hldC1icmlkZ2UtdXMvNjllOGQ5NWE3NzRkYTYwMzY5NWMxNDQ3L2IxOWNiOTI4ZWNiNjRlZmNjNTEyYzZhZGZhNWE4MmFlMWM2YWY2NjhkODU1YjNhZTcxM2Q3MjI2YWRlZWY5M2ZcXD9YLVhldC1DYXMtVWlkPXB1YmxpYyZ1c2VyX2lkPXB1YmxpYyZyZXNwb25zZS1jb250ZW50LWRpc3Bvc2l0aW9uPWlubGluZSUzQitmaWxlbmFtZSUyQSUzRFVURi04JTI3JTI3UXdlbjMuNi0yN0ItUTRfS19NLmdndWYlM0IrZmlsZW5hbWUlM0QlMjJRd2VuMy42LTI3Qi1RNF9LX00uZ2d1ZiUyMiUzQiIsIkNvbmRpdGlvbiI6eyJEYXRlTGVzc1RoYW4iOnsiRXBvY2hUaW1lIjoxNzgzOTExNTk0fSwiQnl0ZVJhbmdlIjp7IkV4cGVjdGVkSGVhZGVyIjoiYnl0ZXM9MjA2ODg0MDQ0OC0zMTAzNzg0OTU5In19fV19&Signature=MEYCIQCONH3d8V7sS029pC4iekHTA3zoMOjHIebvuobAtMcvuwIhALmulOwsreZPq-wXwoSdsYlm-U5mHM86QZF7p2bM0jZt&Key-Pair-Id=01KAYHXK2CBJSW0YZTMNXK9W1M
  -> [HttpSkipResponseCommand.cc:239] errorCode=22 The response status is not successful. status=403

07/13 01:59:54 [[1;31mERROR[0m] CUID#18 - Download aborted. URI=https://huggingface.co/lmstudio-community/Qwen3.6-27B-GGUF/resolve/main/Qwen3.6-27B-Q4_K_M.gguf
Exception: [AbstractCommand.cc:351] errorCode=22 URI=https://us.aws.cdn.hf.co/xet-bridge-us/69e8d95a774da603695c1447/b19cb928ecb64efcc512c6adfa5a82ae1c6af668d855b3ae713d7226adeef93f?X-Xet-Cas-Uid=public&user_id=public&response-content-disposition=inline%3B+filename*%3DUTF-8%27%27Qwen3.6-27B-Q4_K_M.gguf%3B+filename%3D%22Qwen3.6-27B-Q4_K_M.gguf%22%3B&Expires=1783911594&Policy=eyJTdGF0ZW1lbnQiOlt7IlJlc291cmNlIjoiaHR0cHM6Ly91cy5hd3MuY2RuLmhmLmNvL3hldC1icmlkZ2UtdXMvNjllOGQ5NWE3NzRkYTYwMzY5NWMxNDQ3L2IxOWNiOTI4ZWNiNjRlZmNjNTEyYzZhZGZhNWE4MmFlMWM2YWY2NjhkODU1YjNhZTcxM2Q3MjI2YWRlZWY5M2ZcXD9YLVhldC1DYXMtVWlkPXB1YmxpYyZ1c2VyX2lkPXB1YmxpYyZyZXNwb25zZS1jb250ZW50LWRpc3Bvc2l0aW9uPWlubGluZSUzQitmaWxlbmFtZSUyQSUzRFVURi04JTI3JTI3UXdlbjMuNi0yN0ItUTRfS19NLmdndWYlM0IrZmlsZW5hbWUlM0QlMjJRd2VuMy42LTI3Qi1RNF9LX00uZ2d1ZiUyMiUzQiIsIkNvbmRpdGlvbiI6eyJEYXRlTGVzc1RoYW4iOnsiRXBvY2hUaW1lIjoxNzgzOTExNTk0fSwiQnl0ZVJhbmdlIjp7IkV4cGVjdGVkSGVhZGVyIjoiYnl0ZXM9MzEwMzc4NDk2MC00MTM3NjgwODk1In19fV19&Signature=MEUCIA15y9y8P4k2yqLcd-IERhv5zvkbKbZ-zhUOJdVTz8dlAiEA%7EnqJIJiIwhRWJMxhA6F9Trk6BQRKDcPnDEb0UF8h7eE_&Key-Pair-Id=01KAYHXK2CBJSW0YZTMNXK9W1M
  -> [HttpSkipResponseCommand.cc:239] errorCode=22 The response status is not successful. status=403

07/13 01:59:54 [[1;31mERROR[0m] CUID#17 - Download aborted. URI=https://huggingface.co/lmstudio-community/Qwen3.6-27B-GGUF/resolve/main/Qwen3.6-27B-Q4_K_M.gguf
Exception: [AbstractCommand.cc:351] errorCode=22 URI=https://us.aws.cdn.hf.co/xet-bridge-us/69e8d95a774da603695c1447/b19cb928ecb64efcc512c6adfa5a82ae1c6af668d855b3ae713d7226adeef93f?X-Xet-Cas-Uid=public&user_id=public&response-content-disposition=inline%3B+filename*%3DUTF-8%27%27Qwen3.6-27B-Q4_K_M.gguf%3B+filename%3D%22Qwen3.6-27B-Q4_K_M.gguf%22%3B&Expires=1783911594&Policy=eyJTdGF0ZW1lbnQiOlt7IlJlc291cmNlIjoiaHR0cHM6Ly91cy5hd3MuY2RuLmhmLmNvL3hldC1icmlkZ2UtdXMvNjllOGQ5NWE3NzRkYTYwMzY5NWMxNDQ3L2IxOWNiOTI4ZWNiNjRlZmNjNTEyYzZhZGZhNWE4MmFlMWM2YWY2NjhkODU1YjNhZTcxM2Q3MjI2YWRlZWY5M2ZcXD9YLVhldC1DYXMtVWlkPXB1YmxpYyZ1c2VyX2lkPXB1YmxpYyZyZXNwb25zZS1jb250ZW50LWRpc3Bvc2l0aW9uPWlubGluZSUzQitmaWxlbmFtZSUyQSUzRFVURi04JTI3JTI3UXdlbjMuNi0yN0ItUTRfS19NLmdndWYlM0IrZmlsZW5hbWUlM0QlMjJRd2VuMy42LTI3Qi1RNF9LX00uZ2d1ZiUyMiUzQiIsIkNvbmRpdGlvbiI6eyJEYXRlTGVzc1RoYW4iOnsiRXBvY2hUaW1lIjoxNzgzOTExNTk0fSwiQnl0ZVJhbmdlIjp7IkV4cGVjdGVkSGVhZGVyIjoiYnl0ZXM9MTAzNDk0NDUxMi0yMDY4ODQwNDQ3In19fV19&Signature=MEUCIQChYwPDLOMzwgVKm3pRR5gLgNnxDi%7EBjNKwpC0doZFPTgIgabHilROWJ68tdZkuCArXdf9EZUPfHzZK00hvIer-Bwc_&Key-Pair-Id=01KAYHXK2CBJSW0YZTMNXK9W1M
  -> [HttpSkipResponseCommand.cc:239] errorCode=22 The response status is not successful. status=403
[#4a767a 80KiB/15GiB(0%) CN:11 DL:841KiB ETA:5h19m57s]
[#4a767a 62MiB/15GiB(0%) CN:11 DL:57MiB ETA:4m32s]
[#4a767a 163MiB/15GiB(1%) CN:11 DL:78MiB ETA:3m18s]
[#4a767a 267MiB/15GiB(1%) CN:11 DL:87MiB ETA:2m58s]
[#4a767a 375MiB/15GiB(2%) CN:11 DL:92MiB ETA:2m46s]
[#4a767a 489MiB/15GiB(3%) CN:11 DL:96MiB ETA:2m38s]
[#4a767a 596MiB/15GiB(3%) CN:11 DL:98MiB ETA:2m34s]
[#4a767a 706MiB/15GiB(4%) CN:11 DL:100MiB ETA:2m30s]
[#4a767a 815MiB/15GiB(5%) CN:11 DL:101MiB ETA:2m27s]
[#4a767a 0.9GiB/15GiB(5%) CN:11 DL:102MiB ETA:2m24s]
[#4a767a 1.0GiB/15GiB(6%) CN:11 DL:109MiB ETA:2m14s]
[#4a767a 1.0GiB/15GiB(7%) CN:11 DL:106MiB ETA:2m17s]
[#4a767a 1.2GiB/15GiB(7%) CN:11 DL:108MiB ETA:2m13s]
[#4a767a 1.3GiB/15GiB(8%) CN:11 DL:110MiB ETA:2m10s]
[#4a767a 1.4GiB/15GiB(9%) CN:11 DL:109MiB ETA:2m10s]
[#4a767a 1.5GiB/15GiB(9%) CN:11 DL:108MiB ETA:2m10s]
[#4a767a 1.6GiB/15GiB(10%) CN:11 DL:109MiB ETA:2m9s]
[#4a767a 1.7GiB/15GiB(11%) CN:11 DL:107MiB ETA:2m10s]
[#4a767a 1.8GiB/15GiB(12%) CN:11 DL:108MiB ETA:2m7s]
[#4a767a 1.9GiB/15GiB(12%) CN:11 DL:106MiB ETA:2m9s]
[#4a767a 2.0GiB/15GiB(13%) CN:11 DL:107MiB ETA:2m7s]
[#4a767a 2.1GiB/15GiB(14%) CN:11 DL:111MiB ETA:2m1s]
[#4a767a 2.2GiB/15GiB(14%) CN:11 DL:109MiB ETA:2m2s]
[#4a767a 2.3GiB/15GiB(15%) CN:11 DL:108MiB ETA:2m3s]
[#4a767a 2.4GiB/15GiB(16%) CN:11 DL:108MiB ETA:2m2s]
[#4a767a 2.5GiB/15GiB(16%) CN:11 DL:109MiB ETA:2m]
[#4a767a 2.6GiB/15GiB(17%) CN:11 DL:108MiB ETA:1m59s]
[#4a767a 2.7GiB/15GiB(18%) CN:11 DL:109MiB ETA:1m57s]
[#4a767a 2.8GiB/15GiB(18%) CN:11 DL:107MiB ETA:1m59s]
[#4a767a 3.0GiB/15GiB(19%) CN:11 DL:111MiB ETA:1m54s]
[#4a767a 3.1GiB/15GiB(20%) CN:11 DL:110MiB ETA:1m54s]
[#4a767a 3.2GiB/15GiB(21%) CN:11 DL:110MiB ETA:1m52s]
[#4a767a 3.3GiB/15GiB(21%) CN:11 DL:107MiB ETA:1m54s]
[#4a767a 3.4GiB/15GiB(22%) CN:11 DL:106MiB ETA:1m55s]
[#4a767a 3.5GiB/15GiB(22%) CN:11 DL:106MiB ETA:1m54s]
[#4a767a 3.5GiB/15GiB(23%) CN:11 DL:101MiB ETA:1m59s]
[#4a767a 3.6GiB/15GiB(23%) CN:11 DL:96MiB ETA:2m5s]
[#4a767a 3.7GiB/15GiB(24%) CN:11 DL:97MiB ETA:2m2s]
[#4a767a 3.8GiB/15GiB(24%) CN:11 DL:94MiB ETA:2m5s]
[#4a767a 3.9GiB/15GiB(25%) CN:11 DL:92MiB ETA:2m7s]
[#4a767a 4.0GiB/15GiB(26%) CN:11 DL:90MiB ETA:2m8s]
[#4a767a 4.1GiB/15GiB(26%) CN:11 DL:90MiB ETA:2m7s]
[#4a767a 4.2GiB/15GiB(27%) CN:11 DL:92MiB ETA:2m4s]
[#4a767a 4.3GiB/15GiB(27%) CN:11 DL:91MiB ETA:2m4s]
[#4a767a 4.3GiB/15GiB(28%) CN:11 DL:91MiB ETA:2m3s]
[#4a767a 4.5GiB/15GiB(29%) CN:11 DL:96MiB ETA:1m56s]
[#4a767a 4.5GiB/15GiB(29%) CN:11 DL:96MiB ETA:1m54s]
[#4a767a 4.6GiB/15GiB(30%) CN:11 DL:94MiB ETA:1m56s]
[#4a767a 4.7GiB/15GiB(30%) CN:11 DL:92MiB ETA:1m57s]
[#4a767a 4.8GiB/15GiB(31%) CN:11 DL:92MiB ETA:1m57s]
[#4a767a 4.9GiB/15GiB(31%) CN:11 DL:90MiB ETA:1m58s]
[#4a767a 4.9GiB/15GiB(32%) CN:11 DL:89MiB ETA:1m59s]
[#4a767a 5.0GiB/15GiB(32%) CN:11 DL:82MiB ETA:2m8s]
[#4a767a 5.0GiB/15GiB(32%) CN:11 DL:78MiB ETA:2m14s]
[#4a767a 5.1GiB/15GiB(33%) CN:11 DL:74MiB ETA:2m21s]
[#4a767a 5.1GiB/15GiB(33%) CN:11 DL:68MiB ETA:2m33s]
[#4a767a 5.2GiB/15GiB(33%) CN:11 DL:65MiB ETA:2m39s]
[#4a767a 5.2GiB/15GiB(34%) CN:11 DL:62MiB ETA:2m44s]
[#4a767a 5.3GiB/15GiB(34%) CN:11 DL:63MiB ETA:2m41s]
[#4a767a 5.4GiB/15GiB(35%) CN:11 DL:63MiB ETA:2m42s]
 *** Download Progress Summary as of Mon Jul 13 02:00:54 2026 *** 
===============================================================================
[#4a767a 5.4GiB/15GiB(35%) CN:11 DL:56MiB ETA:3m]
FILE: /home/mark/AI/Models/Qwen 3.6/27B/Qwen3.6-27B-Q4_K_M.gguf
-------------------------------------------------------------------------------

[#4a767a 5.4GiB/15GiB(35%) CN:11 DL:56MiB ETA:3m]
[#4a767a 5.5GiB/15GiB(35%) CN:11 DL:55MiB ETA:3m2s]
[#4a767a 5.5GiB/15GiB(36%) CN:11 DL:56MiB ETA:2m57s]
[#4a767a 5.6GiB/15GiB(36%) CN:11 DL:57MiB ETA:2m53s]
[#4a767a 5.6GiB/15GiB(36%) CN:11 DL:56MiB ETA:2m56s]
[#4a767a 5.7GiB/15GiB(37%) CN:11 DL:56MiB ETA:2m54s]
[#4a767a 5.7GiB/15GiB(37%) CN:11 DL:54MiB ETA:3m1s]
[#4a767a 5.8GiB/15GiB(37%) CN:11 DL:53MiB ETA:3m4s]
[#4a767a 5.8GiB/15GiB(38%) CN:11 DL:50MiB ETA:3m12s]
[#4a767a 5.9GiB/15GiB(38%) CN:11 DL:52MiB ETA:3m3s]
[#4a767a 6.0GiB/15GiB(39%) CN:11 DL:56MiB ETA:2m49s]
[#4a767a 6.0GiB/15GiB(39%) CN:11 DL:59MiB ETA:2m39s]
[#4a767a 6.1GiB/15GiB(39%) CN:11 DL:57MiB ETA:2m45s]
[#4a767a 6.1GiB/15GiB(40%) CN:11 DL:57MiB ETA:2m44s]
[#4a767a 6.2GiB/15GiB(40%) CN:11 DL:57MiB ETA:2m43s]
[#4a767a 6.2GiB/15GiB(40%) CN:11 DL:60MiB ETA:2m34s]
[#4a767a 6.3GiB/15GiB(41%) CN:11 DL:66MiB ETA:2m19s]
[#4a767a 6.4GiB/15GiB(41%) CN:11 DL:67MiB ETA:2m16s]
[#4a767a 6.4GiB/15GiB(42%) CN:11 DL:65MiB ETA:2m20s]
[#4a767a 6.5GiB/15GiB(42%) CN:11 DL:59MiB ETA:2m32s]
[#4a767a 6.6GiB/15GiB(42%) CN:11 DL:60MiB ETA:2m28s]
[#4a767a 6.7GiB/15GiB(43%) CN:11 DL:64MiB ETA:2m18s]
[#4a767a 6.8GiB/15GiB(44%) CN:11 DL:69MiB ETA:2m6s]
[#4a767a 6.8GiB/15GiB(44%) CN:11 DL:72MiB ETA:2m]
[#4a767a 6.9GiB/15GiB(44%) CN:11 DL:70MiB ETA:2m2s]
[#4a767a 6.9GiB/15GiB(45%) CN:11 DL:68MiB ETA:2m7s]
[#4a767a 6.9GiB/15GiB(45%) CN:11 DL:61MiB ETA:2m19s]
[#4a767a 7.0GiB/15GiB(45%) CN:11 DL:59MiB ETA:2m24s]
[#4a767a 7.0GiB/15GiB(45%) CN:11 DL:59MiB ETA:2m22s]
[#4a767a 7.1GiB/15GiB(46%) CN:11 DL:60MiB ETA:2m19s]
[#4a767a 7.2GiB/15GiB(46%) CN:11 DL:60MiB ETA:2m18s]
[#4a767a 7.2GiB/15GiB(47%) CN:11 DL:55MiB ETA:2m31s]
[#4a767a 7.2GiB/15GiB(47%) CN:11 DL:49MiB ETA:2m48s]
[#4a767a 7.3GiB/15GiB(47%) CN:11 DL:45MiB ETA:3m]
[#4a767a 7.3GiB/15GiB(47%) CN:11 DL:46MiB ETA:2m55s]
[#4a767a 7.3GiB/15GiB(47%) CN:11 DL:45MiB ETA:3m]
[#4a767a 7.4GiB/15GiB(48%) CN:11 DL:44MiB ETA:3m3s]
[#4a767a 7.4GiB/15GiB(48%) CN:11 DL:43MiB ETA:3m5s]
[#4a767a 7.4GiB/15GiB(48%) CN:11 DL:43MiB ETA:3m8s]
[#4a767a 7.5GiB/15GiB(48%) CN:11 DL:39MiB ETA:3m26s]
[#4a767a 7.5GiB/15GiB(48%) CN:11 DL:33MiB ETA:3m57s]
[#4a767a 7.5GiB/15GiB(49%) CN:11 DL:33MiB ETA:3m59s]
[#4a767a 7.6GiB/15GiB(49%) CN:11 DL:33MiB ETA:3m56s]
[#4a767a 7.6GiB/15GiB(49%) CN:11 DL:33MiB ETA:3m59s]
[#4a767a 7.6GiB/15GiB(49%) CN:11 DL:33MiB ETA:3m59s]
[#4a767a 7.7GiB/15GiB(50%) CN:11 DL:32MiB ETA:3m59s]
[#4a767a 7.7GiB/15GiB(50%) CN:11 DL:31MiB ETA:4m6s]
[#4a767a 7.7GiB/15GiB(50%) CN:11 DL:31MiB ETA:4m8s]
[#4a767a 7.7GiB/15GiB(50%) CN:11 DL:31MiB ETA:4m7s]
[#4a767a 7.8GiB/15GiB(50%) CN:11 DL:33MiB ETA:3m53s]
[#4a767a 7.8GiB/15GiB(51%) CN:11 DL:32MiB ETA:3m57s]
[#4a767a 7.8GiB/15GiB(51%) CN:11 DL:32MiB ETA:3m56s]
[#4a767a 7.9GiB/15GiB(51%) CN:11 DL:31MiB ETA:4m2s]
[#4a767a 7.9GiB/15GiB(51%) CN:11 DL:31MiB ETA:4m6s]
[#4a767a 7.9GiB/15GiB(51%) CN:11 DL:30MiB ETA:4m8s]
[#4a767a 7.9GiB/15GiB(51%) CN:11 DL:30MiB ETA:4m12s]
[#4a767a 8.0GiB/15GiB(52%) CN:11 DL:30MiB ETA:4m6s]
[#4a767a 8.0GiB/15GiB(52%) CN:11 DL:33MiB ETA:3m45s]
[#4a767a 8.1GiB/15GiB(53%) CN:11 DL:39MiB ETA:3m6s]
[#4a767a 8.1GiB/15GiB(53%) CN:11 DL:38MiB ETA:3m13s]
[#4a767a 8.2GiB/15GiB(53%) CN:11 DL:37MiB ETA:3m16s]
 *** Download Progress Summary as of Mon Jul 13 02:01:55 2026 *** 
===============================================================================
[#4a767a 8.2GiB/15GiB(53%) CN:11 DL:40MiB ETA:2m59s]
FILE: /home/mark/AI/Models/Qwen 3.6/27B/Qwen3.6-27B-Q4_K_M.gguf
-------------------------------------------------------------------------------

[#4a767a 8.2GiB/15GiB(53%) CN:11 DL:40MiB ETA:2m59s]
[#4a767a 8.3GiB/15GiB(54%) CN:11 DL:43MiB ETA:2m46s]
[#4a767a 8.4GiB/15GiB(54%) CN:11 DL:50MiB ETA:2m22s]
[#4a767a 8.4GiB/15GiB(55%) CN:11 DL:54MiB ETA:2m11s]
[#4a767a 8.5GiB/15GiB(55%) CN:11 DL:52MiB ETA:2m13s]
[#4a767a 8.5GiB/15GiB(55%) CN:11 DL:48MiB ETA:2m24s]
[#4a767a 8.5GiB/15GiB(55%) CN:11 DL:42MiB ETA:2m44s]
[#4a767a 8.5GiB/15GiB(55%) CN:11 DL:42MiB ETA:2m42s]
[#4a767a 8.6GiB/15GiB(55%) CN:11 DL:43MiB ETA:2m41s]
[#4a767a 8.6GiB/15GiB(56%) CN:11 DL:40MiB ETA:2m51s]
[#4a767a 8.7GiB/15GiB(56%) CN:11 DL:41MiB ETA:2m44s]
[#4a767a 8.7GiB/15GiB(56%) CN:11 DL:43MiB ETA:2m37s]
[#4a767a 8.7GiB/15GiB(57%) CN:11 DL:36MiB ETA:3m3s]
[#4a767a 8.8GiB/15GiB(57%) CN:11 DL:34MiB ETA:3m15s]
[#4a767a 8.8GiB/15GiB(57%) CN:11 DL:34MiB ETA:3m14s]
[#4a767a 8.8GiB/15GiB(57%) CN:11 DL:34MiB ETA:3m16s]
[#4a767a 8.8GiB/15GiB(57%) CN:11 DL:33MiB ETA:3m21s]
[#4a767a 8.9GiB/15GiB(57%) CN:11 DL:33MiB ETA:3m17s]
[#4a767a 8.9GiB/15GiB(57%) CN:11 DL:32MiB ETA:3m25s]
[#4a767a 8.9GiB/15GiB(58%) CN:11 DL:26MiB ETA:4m6s]
[#4a767a 8.9GiB/15GiB(58%) CN:11 DL:24MiB ETA:4m34s]
[#4a767a 9.0GiB/15GiB(58%) CN:11 DL:23MiB ETA:4m37s]
[#4a767a 9.0GiB/15GiB(58%) CN:11 DL:23MiB ETA:4m32s]
[#4a767a 9.0GiB/15GiB(58%) CN:11 DL:24MiB ETA:4m25s]
[#4a767a 9.0GiB/15GiB(58%) CN:11 DL:24MiB ETA:4m23s]
[#4a767a 9.0GiB/15GiB(59%) CN:11 DL:24MiB ETA:4m24s]
[#4a767a 9.1GiB/15GiB(59%) CN:11 DL:23MiB ETA:4m37s]
[#4a767a 9.1GiB/15GiB(59%) CN:11 DL:23MiB ETA:4m36s]
[#4a767a 9.1GiB/15GiB(59%) CN:11 DL:23MiB ETA:4m37s]
[#4a767a 9.1GiB/15GiB(59%) CN:11 DL:24MiB ETA:4m22s]
[#4a767a 9.2GiB/15GiB(59%) CN:11 DL:23MiB ETA:4m28s]
[#4a767a 9.2GiB/15GiB(59%) CN:11 DL:24MiB ETA:4m14s]
[#4a767a 9.2GiB/15GiB(60%) CN:11 DL:24MiB ETA:4m15s]
[#4a767a 9.2GiB/15GiB(60%) CN:11 DL:23MiB ETA:4m28s]
[#4a767a 9.3GiB/15GiB(60%) CN:11 DL:23MiB ETA:4m26s]

07/13 02:02:29 [[1;31mERROR[0m] CUID#24 - Download aborted. URI=https://huggingface.co/lmstudio-community/Qwen3.6-27B-GGUF/resolve/main/Qwen3.6-27B-Q4_K_M.gguf
Exception: [AbstractCommand.cc:351] errorCode=22 URI=https://us.aws.cdn.hf.co/xet-bridge-us/69e8d95a774da603695c1447/b19cb928ecb64efcc512c6adfa5a82ae1c6af668d855b3ae713d7226adeef93f?user_id=public&X-Xet-Cas-Uid=public&response-content-disposition=inline%3B+filename*%3DUTF-8%27%27Qwen3.6-27B-Q4_K_M.gguf%3B+filename%3D%22Qwen3.6-27B-Q4_K_M.gguf%22%3B&Expires=1783911594&Policy=eyJTdGF0ZW1lbnQiOlt7IlJlc291cmNlIjoiaHR0cHM6Ly91cy5hd3MuY2RuLmhmLmNvL3hldC1icmlkZ2UtdXMvNjllOGQ5NWE3NzRkYTYwMzY5NWMxNDQ3L2IxOWNiOTI4ZWNiNjRlZmNjNTEyYzZhZGZhNWE4MmFlMWM2YWY2NjhkODU1YjNhZTcxM2Q3MjI2YWRlZWY5M2ZcXD91c2VyX2lkPXB1YmxpYyZYLVhldC1DYXMtVWlkPXB1YmxpYyZyZXNwb25zZS1jb250ZW50LWRpc3Bvc2l0aW9uPWlubGluZSUzQitmaWxlbmFtZSUyQSUzRFVURi04JTI3JTI3UXdlbjMuNi0yN0ItUTRfS19NLmdndWYlM0IrZmlsZW5hbWUlM0QlMjJRd2VuMy42LTI3Qi1RNF9LX00uZ2d1ZiUyMiUzQiIsIkNvbmRpdGlvbiI6eyJEYXRlTGVzc1RoYW4iOnsiRXBvY2hUaW1lIjoxNzgzOTExNTk0fSwiQnl0ZVJhbmdlIjp7IkV4cGVjdGVkSGVhZGVyIjoiYnl0ZXM9MTU1MTM2ODE5MjAtMTY1NDczOTg3ODMifX19XX0_&Signature=MEUCIEFq3H8Azxjp3MubcVMnUyqBXQSxRqwFNhMD73uQHphWAiEA--W2RhTE528vlM%7EaDkt2IrLwHtkcJYBUtLVLwQznotU_&Key-Pair-Id=01KAYHXK2CBJSW0YZTMNXK9W1M
  -> [HttpSkipResponseCommand.cc:239] errorCode=22 The response status is not successful. status=403
[#4a767a 9.3GiB/15GiB(60%) CN:10 DL:23MiB ETA:4m26s]

07/13 02:02:30 [[1;31mERROR[0m] CUID#16 - Download aborted. URI=https://huggingface.co/lmstudio-community/Qwen3.6-27B-GGUF/resolve/main/Qwen3.6-27B-Q4_K_M.gguf
Exception: [AbstractCommand.cc:351] errorCode=22 URI=https://us.aws.cdn.hf.co/xet-bridge-us/69e8d95a774da603695c1447/b19cb928ecb64efcc512c6adfa5a82ae1c6af668d855b3ae713d7226adeef93f?user_id=public&X-Xet-Cas-Uid=public&response-content-disposition=inline%3B+filename*%3DUTF-8%27%27Qwen3.6-27B-Q4_K_M.gguf%3B+filename%3D%22Qwen3.6-27B-Q4_K_M.gguf%22%3B&Expires=1783911594&Policy=eyJTdGF0ZW1lbnQiOlt7IlJlc291cmNlIjoiaHR0cHM6Ly91cy5hd3MuY2RuLmhmLmNvL3hldC1icmlkZ2UtdXMvNjllOGQ5NWE3NzRkYTYwMzY5NWMxNDQ3L2IxOWNiOTI4ZWNiNjRlZmNjNTEyYzZhZGZhNWE4MmFlMWM2YWY2NjhkODU1YjNhZTcxM2Q3MjI2YWRlZWY5M2ZcXD91c2VyX2lkPXB1YmxpYyZYLVhldC1DYXMtVWlkPXB1YmxpYyZyZXNwb25zZS1jb250ZW50LWRpc3Bvc2l0aW9uPWlubGluZSUzQitmaWxlbmFtZSUyQSUzRFVURi04JTI3JTI3UXdlbjMuNi0yN0ItUTRfS19NLmdndWYlM0IrZmlsZW5hbWUlM0QlMjJRd2VuMy42LTI3Qi1RNF9LX00uZ2d1ZiUyMiUzQiIsIkNvbmRpdGlvbiI6eyJEYXRlTGVzc1RoYW4iOnsiRXBvY2hUaW1lIjoxNzgzOTExNTk0fSwiQnl0ZVJhbmdlIjp7IkV4cGVjdGVkSGVhZGVyIjoiYnl0ZXM9MTQ0Nzk3ODU5ODQtMTU1MTM2ODE5MTkifX19XX0_&Signature=MEQCIGnYWY9wEerVab24GtefI%7E7uHyzdbZfZmgy-Fwz%7EQluWAiBFC%7EaSNk9uHhN-w98WDCsbFm-mJBogUt1qxLgk0Manfg__&Key-Pair-Id=01KAYHXK2CBJSW0YZTMNXK9W1M
  -> [HttpSkipResponseCommand.cc:239] errorCode=22 The response status is not successful. status=403
[#4a767a 9.3GiB/15GiB(60%) CN:9 DL:25MiB ETA:4m7s]
[#4a767a 9.3GiB/15GiB(60%) CN:9 DL:24MiB ETA:4m8s]

07/13 02:02:33 [[1;31mERROR[0m] CUID#10 - Download aborted. URI=https://huggingface.co/lmstudio-community/Qwen3.6-27B-GGUF/resolve/main/Qwen3.6-27B-Q4_K_M.gguf
Exception: [AbstractCommand.cc:351] errorCode=22 URI=https://us.aws.cdn.hf.co/xet-bridge-us/69e8d95a774da603695c1447/b19cb928ecb64efcc512c6adfa5a82ae1c6af668d855b3ae713d7226adeef93f?response-content-disposition=inline%3B+filename*%3DUTF-8%27%27Qwen3.6-27B-Q4_K_M.gguf%3B+filename%3D%22Qwen3.6-27B-Q4_K_M.gguf%22%3B&user_id=public&X-Xet-Cas-Uid=public&Expires=1783911594&Policy=eyJTdGF0ZW1lbnQiOlt7IlJlc291cmNlIjoiaHR0cHM6Ly91cy5hd3MuY2RuLmhmLmNvL3hldC1icmlkZ2UtdXMvNjllOGQ5NWE3NzRkYTYwMzY5NWMxNDQ3L2IxOWNiOTI4ZWNiNjRlZmNjNTEyYzZhZGZhNWE4MmFlMWM2YWY2NjhkODU1YjNhZTcxM2Q3MjI2YWRlZWY5M2ZcXD9yZXNwb25zZS1jb250ZW50LWRpc3Bvc2l0aW9uPWlubGluZSUzQitmaWxlbmFtZSUyQSUzRFVURi04JTI3JTI3UXdlbjMuNi0yN0ItUTRfS19NLmdndWYlM0IrZmlsZW5hbWUlM0QlMjJRd2VuMy42LTI3Qi1RNF9LX00uZ2d1ZiUyMiUzQiZ1c2VyX2lkPXB1YmxpYyZYLVhldC1DYXMtVWlkPXB1YmxpYyIsIkNvbmRpdGlvbiI6eyJEYXRlTGVzc1RoYW4iOnsiRXBvY2hUaW1lIjoxNzgzOTExNTk0fSwiQnl0ZVJhbmdlIjp7IkV4cGVjdGVkSGVhZGVyIjoiYnl0ZXM9ODI3NDMxMzIxNi05MzA5MjU3NzI3In19fV19&Signature=MEYCIQDoGaHY1AU%7EHW0EqpTHjtD1Mm15StxeVa5XJ9%7EJurdZ5AIhANfvrpAcP%7ErAosjMdTrcxNs3dS69BQkVPNT3dvdHs%7EwZ&Key-Pair-Id=01KAYHXK2CBJSW0YZTMNXK9W1M
  -> [HttpSkipResponseCommand.cc:239] errorCode=22 The response status is not successful. status=403
[#4a767a 9.3GiB/15GiB(60%) CN:8 DL:23MiB ETA:4m19s]
[#4a767a 9.4GiB/15GiB(61%) CN:8 DL:22MiB ETA:4m35s]
[#4a767a 9.4GiB/15GiB(61%) CN:8 DL:21MiB ETA:4m45s]
[#4a767a 9.4GiB/15GiB(61%) CN:8 DL:19MiB ETA:5m9s]
[#4a767a 9.4GiB/15GiB(61%) CN:8 DL:18MiB ETA:5m28s]
[#4a767a 9.4GiB/15GiB(61%) CN:8 DL:18MiB ETA:5m34s]
[#4a767a 9.4GiB/15GiB(61%) CN:8 DL:17MiB ETA:5m51s]
[#4a767a 9.4GiB/15GiB(61%) CN:8 DL:16MiB ETA:6m11s]
[#4a767a 9.5GiB/15GiB(61%) CN:8 DL:15MiB ETA:6m28s]
[#4a767a 9.5GiB/15GiB(61%) CN:8 DL:15MiB ETA:6m42s]
[#4a767a 9.5GiB/15GiB(61%) CN:8 DL:15MiB ETA:6m37s]
[#4a767a 9.5GiB/15GiB(61%) CN:8 DL:14MiB ETA:6m53s]
[#4a767a 9.5GiB/15GiB(62%) CN:8 DL:14MiB ETA:7m4s]
[#4a767a 9.5GiB/15GiB(62%) CN:8 DL:14MiB ETA:6m47s]
[#4a767a 9.6GiB/15GiB(62%) CN:8 DL:16MiB ETA:5m52s]
[#4a767a 9.6GiB/15GiB(62%) CN:8 DL:17MiB ETA:5m29s]
[#4a767a 9.6GiB/15GiB(62%) CN:8 DL:20MiB ETA:4m50s]
[#4a767a 9.6GiB/15GiB(62%) CN:8 DL:20MiB ETA:4m49s]
[#4a767a 9.7GiB/15GiB(63%) CN:8 DL:20MiB ETA:4m38s]
[#4a767a 9.7GiB/15GiB(63%) CN:8 DL:23MiB ETA:4m10s]
[#4a767a 9.7GiB/15GiB(63%) CN:8 DL:24MiB ETA:3m56s]
[#4a767a 9.7GiB/15GiB(63%) CN:8 DL:25MiB ETA:3m48s]
 *** Download Progress Summary as of Mon Jul 13 02:02:55 2026 *** 
===============================================================================
[#4a767a 9.8GiB/15GiB(63%) CN:8 DL:25MiB ETA:3m43s]
FILE: /home/mark/AI/Models/Qwen 3.6/27B/Qwen3.6-27B-Q4_K_M.gguf
-------------------------------------------------------------------------------

[#4a767a 9.8GiB/15GiB(63%) CN:8 DL:25MiB ETA:3m43s]
[#4a767a 9.8GiB/15GiB(63%) CN:8 DL:24MiB ETA:3m52s]
[#4a767a 9.8GiB/15GiB(63%) CN:8 DL:25MiB ETA:3m38s]
[#4a767a 9.9GiB/15GiB(64%) CN:8 DL:30MiB ETA:3m2s]
[#4a767a 9.9GiB/15GiB(64%) CN:8 DL:31MiB ETA:2m54s]
[#4a767a 9.9GiB/15GiB(64%) CN:8 DL:32MiB ETA:2m52s]
[#4a767a 10GiB/15GiB(64%) CN:8 DL:30MiB ETA:3m]
[#4a767a 10GiB/15GiB(65%) CN:8 DL:30MiB ETA:3m1s]
[#4a767a 10GiB/15GiB(65%) CN:8 DL:31MiB ETA:2m53s]

07/13 02:03:04 [[1;31mERROR[0m] CUID#21 - Download aborted. URI=https://huggingface.co/lmstudio-community/Qwen3.6-27B-GGUF/resolve/main/Qwen3.6-27B-Q4_K_M.gguf
Exception: [AbstractCommand.cc:351] errorCode=22 URI=https://us.aws.cdn.hf.co/xet-bridge-us/69e8d95a774da603695c1447/b19cb928ecb64efcc512c6adfa5a82ae1c6af668d855b3ae713d7226adeef93f?X-Xet-Cas-Uid=public&user_id=public&response-content-disposition=inline%3B+filename*%3DUTF-8%27%27Qwen3.6-27B-Q4_K_M.gguf%3B+filename%3D%22Qwen3.6-27B-Q4_K_M.gguf%22%3B&Expires=1783911594&Policy=eyJTdGF0ZW1lbnQiOlt7IlJlc291cmNlIjoiaHR0cHM6Ly91cy5hd3MuY2RuLmhmLmNvL3hldC1icmlkZ2UtdXMvNjllOGQ5NWE3NzRkYTYwMzY5NWMxNDQ3L2IxOWNiOTI4ZWNiNjRlZmNjNTEyYzZhZGZhNWE4MmFlMWM2YWY2NjhkODU1YjNhZTcxM2Q3MjI2YWRlZWY5M2ZcXD9YLVhldC1DYXMtVWlkPXB1YmxpYyZ1c2VyX2lkPXB1YmxpYyZyZXNwb25zZS1jb250ZW50LWRpc3Bvc2l0aW9uPWlubGluZSUzQitmaWxlbmFtZSUyQSUzRFVURi04JTI3JTI3UXdlbjMuNi0yN0ItUTRfS19NLmdndWYlM0IrZmlsZW5hbWUlM0QlMjJRd2VuMy42LTI3Qi1RNF9LX00uZ2d1ZiUyMiUzQiIsIkNvbmRpdGlvbiI6eyJEYXRlTGVzc1RoYW4iOnsiRXBvY2hUaW1lIjoxNzgzOTExNTk0fSwiQnl0ZVJhbmdlIjp7IkV4cGVjdGVkSGVhZGVyIjoiYnl0ZXM9OTMwOTI1NzcyOC0xMDM0MzE1MzY2MyJ9fX1dfQ__&Signature=MEQCIFQ-t0DQ0xkS%7ExLU7kTaycljhbCCjyJI3YqdO%7ETElLwTAiBJCH2jgENdXD-bmOFwx7YQVTeGrDXnQqgYTkTxyAWKbQ__&Key-Pair-Id=01KAYHXK2CBJSW0YZTMNXK9W1M
  -> [HttpSkipResponseCommand.cc:239] errorCode=22 The response status is not successful. status=403
[#4a767a 10GiB/15GiB(65%) CN:7 DL:36MiB ETA:2m26s]
[#4a767a 10GiB/15GiB(65%) CN:7 DL:35MiB ETA:2m29s]
[#4a767a 10GiB/15GiB(66%) CN:7 DL:38MiB ETA:2m18s]
[#4a767a 10GiB/15GiB(66%) CN:7 DL:35MiB ETA:2m29s]
[#4a767a 10GiB/15GiB(66%) CN:7 DL:29MiB ETA:2m56s]
[#4a767a 10GiB/15GiB(66%) CN:7 DL:31MiB ETA:2m48s]
[#4a767a 10GiB/15GiB(66%) CN:7 DL:32MiB ETA:2m39s]
[#4a767a 10GiB/15GiB(67%) CN:7 DL:34MiB ETA:2m30s]
[#4a767a 10GiB/15GiB(67%) CN:7 DL:36MiB ETA:2m22s]
[#4a767a 10GiB/15GiB(67%) CN:7 DL:33MiB ETA:2m32s]
[#4a767a 10GiB/15GiB(67%) CN:7 DL:36MiB ETA:2m18s]

07/13 02:03:14 [[1;31mERROR[0m] CUID#15 - Download aborted. URI=https://huggingface.co/lmstudio-community/Qwen3.6-27B-GGUF/resolve/main/Qwen3.6-27B-Q4_K_M.gguf
Exception: [AbstractCommand.cc:351] errorCode=22 URI=https://us.aws.cdn.hf.co/xet-bridge-us/69e8d95a774da603695c1447/b19cb928ecb64efcc512c6adfa5a82ae1c6af668d855b3ae713d7226adeef93f?X-Xet-Cas-Uid=public&user_id=public&response-content-disposition=inline%3B+filename*%3DUTF-8%27%27Qwen3.6-27B-Q4_K_M.gguf%3B+filename%3D%22Qwen3.6-27B-Q4_K_M.gguf%22%3B&Expires=1783911594&Policy=eyJTdGF0ZW1lbnQiOlt7IlJlc291cmNlIjoiaHR0cHM6Ly91cy5hd3MuY2RuLmhmLmNvL3hldC1icmlkZ2UtdXMvNjllOGQ5NWE3NzRkYTYwMzY5NWMxNDQ3L2IxOWNiOTI4ZWNiNjRlZmNjNTEyYzZhZGZhNWE4MmFlMWM2YWY2NjhkODU1YjNhZTcxM2Q3MjI2YWRlZWY5M2ZcXD9YLVhldC1DYXMtVWlkPXB1YmxpYyZ1c2VyX2lkPXB1YmxpYyZyZXNwb25zZS1jb250ZW50LWRpc3Bvc2l0aW9uPWlubGluZSUzQitmaWxlbmFtZSUyQSUzRFVURi04JTI3JTI3UXdlbjMuNi0yN0ItUTRfS19NLmdndWYlM0IrZmlsZW5hbWUlM0QlMjJRd2VuMy42LTI3Qi1RNF9LX00uZ2d1ZiUyMiUzQiIsIkNvbmRpdGlvbiI6eyJEYXRlTGVzc1RoYW4iOnsiRXBvY2hUaW1lIjoxNzgzOTExNTk0fSwiQnl0ZVJhbmdlIjp7IkV4cGVjdGVkSGVhZGVyIjoiYnl0ZXM9MTAzNDMxNTM2NjQtMTEzNzcwNDk1OTkifX19XX0_&Signature=MEUCIHCvbzAhDE24V2LL8Q%7EEuG2PA-9P5VUbZTwEKtMC2aP%7EAiEA04CG3hNIjZpizPpj45-uht4KwWxSiOQGwYwJjndQnj4_&Key-Pair-Id=01KAYHXK2CBJSW0YZTMNXK9W1M
  -> [HttpSkipResponseCommand.cc:239] errorCode=22 The response status is not successful. status=403
[#4a767a 10GiB/15GiB(68%) CN:6 DL:39MiB ETA:2m4s]

07/13 02:03:16 [[1;31mERROR[0m] CUID#23 - Download aborted. URI=https://huggingface.co/lmstudio-community/Qwen3.6-27B-GGUF/resolve/main/Qwen3.6-27B-Q4_K_M.gguf
Exception: [AbstractCommand.cc:351] errorCode=22 URI=https://us.aws.cdn.hf.co/xet-bridge-us/69e8d95a774da603695c1447/b19cb928ecb64efcc512c6adfa5a82ae1c6af668d855b3ae713d7226adeef93f?response-content-disposition=inline%3B+filename*%3DUTF-8%27%27Qwen3.6-27B-Q4_K_M.gguf%3B+filename%3D%22Qwen3.6-27B-Q4_K_M.gguf%22%3B&user_id=public&X-Xet-Cas-Uid=public&Expires=1783911594&Policy=eyJTdGF0ZW1lbnQiOlt7IlJlc291cmNlIjoiaHR0cHM6Ly91cy5hd3MuY2RuLmhmLmNvL3hldC1icmlkZ2UtdXMvNjllOGQ5NWE3NzRkYTYwMzY5NWMxNDQ3L2IxOWNiOTI4ZWNiNjRlZmNjNTEyYzZhZGZhNWE4MmFlMWM2YWY2NjhkODU1YjNhZTcxM2Q3MjI2YWRlZWY5M2ZcXD9yZXNwb25zZS1jb250ZW50LWRpc3Bvc2l0aW9uPWlubGluZSUzQitmaWxlbmFtZSUyQSUzRFVURi04JTI3JTI3UXdlbjMuNi0yN0ItUTRfS19NLmdndWYlM0IrZmlsZW5hbWUlM0QlMjJRd2VuMy42LTI3Qi1RNF9LX00uZ2d1ZiUyMiUzQiZ1c2VyX2lkPXB1YmxpYyZYLVhldC1DYXMtVWlkPXB1YmxpYyIsIkNvbmRpdGlvbiI6eyJEYXRlTGVzc1RoYW4iOnsiRXBvY2hUaW1lIjoxNzgzOTExNTk0fSwiQnl0ZVJhbmdlIjp7IkV4cGVjdGVkSGVhZGVyIjoiYnl0ZXM9MTM0NDU4OTAwNDgtMTQ0Nzk3ODU5ODMifX19XX0_&Signature=MEQCIB87dKX-OGYRj5ewiDXuZJtH6RdP1qeWL6ydCdCDDknuAiAz1htTOGW187EM48w1eeP4PIUK9kuxeakKN3UBf64IwQ__&Key-Pair-Id=01KAYHXK2CBJSW0YZTMNXK9W1M
  -> [HttpSkipResponseCommand.cc:239] errorCode=22 The response status is not successful. status=403
[#4a767a 10GiB/15GiB(68%) CN:5 DL:39MiB ETA:2m4s]
[#4a767a 10GiB/15GiB(68%) CN:5 DL:40MiB ETA:2m2s]
[#4a767a 10GiB/15GiB(68%) CN:5 DL:40MiB ETA:2m2s]
[#4a767a 10GiB/15GiB(69%) CN:5 DL:41MiB ETA:1m58s]
[#4a767a 10GiB/15GiB(69%) CN:5 DL:40MiB ETA:1m59s]

07/13 02:03:20 [[1;31mERROR[0m] CUID#12 - Download aborted. URI=https://huggingface.co/lmstudio-community/Qwen3.6-27B-GGUF/resolve/main/Qwen3.6-27B-Q4_K_M.gguf
Exception: [AbstractCommand.cc:351] errorCode=22 URI=https://us.aws.cdn.hf.co/xet-bridge-us/69e8d95a774da603695c1447/b19cb928ecb64efcc512c6adfa5a82ae1c6af668d855b3ae713d7226adeef93f?user_id=public&X-Xet-Cas-Uid=public&response-content-disposition=inline%3B+filename*%3DUTF-8%27%27Qwen3.6-27B-Q4_K_M.gguf%3B+filename%3D%22Qwen3.6-27B-Q4_K_M.gguf%22%3B&Expires=1783911594&Policy=eyJTdGF0ZW1lbnQiOlt7IlJlc291cmNlIjoiaHR0cHM6Ly91cy5hd3MuY2RuLmhmLmNvL3hldC1icmlkZ2UtdXMvNjllOGQ5NWE3NzRkYTYwMzY5NWMxNDQ3L2IxOWNiOTI4ZWNiNjRlZmNjNTEyYzZhZGZhNWE4MmFlMWM2YWY2NjhkODU1YjNhZTcxM2Q3MjI2YWRlZWY5M2ZcXD91c2VyX2lkPXB1YmxpYyZYLVhldC1DYXMtVWlkPXB1YmxpYyZyZXNwb25zZS1jb250ZW50LWRpc3Bvc2l0aW9uPWlubGluZSUzQitmaWxlbmFtZSUyQSUzRFVURi04JTI3JTI3UXdlbjMuNi0yN0ItUTRfS19NLmdndWYlM0IrZmlsZW5hbWUlM0QlMjJRd2VuMy42LTI3Qi1RNF9LX00uZ2d1ZiUyMiUzQiIsIkNvbmRpdGlvbiI6eyJEYXRlTGVzc1RoYW4iOnsiRXBvY2hUaW1lIjoxNzgzOTExNTk0fSwiQnl0ZVJhbmdlIjp7IkV4cGVjdGVkSGVhZGVyIjoiYnl0ZXM9MTI0MTA5NDU1MzYtMTM0NDU4OTAwNDcifX19XX0_&Signature=MEUCIQDEQRMmki9PStsNpvychyxekPwWHTWthQl71sl84T53fwIgDr3P4Y5Hy0LigrBrX5go7-VGdWTw1EDcaSIWU50QbrE_&Key-Pair-Id=01KAYHXK2CBJSW0YZTMNXK9W1M
  -> [HttpSkipResponseCommand.cc:239] errorCode=22 The response status is not successful. status=403
[#4a767a 10GiB/15GiB(69%) CN:4 DL:37MiB ETA:2m9s]
[#4a767a 10GiB/15GiB(69%) CN:4 DL:33MiB ETA:2m23s]
[#4a767a 10GiB/15GiB(69%) CN:4 DL:28MiB ETA:2m48s]
[#4a767a 10GiB/15GiB(69%) CN:4 DL:23MiB ETA:3m25s]
[#4a767a 10GiB/15GiB(69%) CN:4 DL:19MiB ETA:4m6s]
[#4a767a 10GiB/15GiB(69%) CN:4 DL:17MiB ETA:4m39s]
[#4a767a 10GiB/15GiB(69%) CN:4 DL:15MiB ETA:5m7s]
[#4a767a 10GiB/15GiB(69%) CN:4 DL:12MiB ETA:6m17s]
[#4a767a 10GiB/15GiB(69%) CN:4 DL:10MiB ETA:7m38s]
[#4a767a 10GiB/15GiB(70%) CN:4 DL:9.6MiB ETA:8m8s]
[#4a767a 10GiB/15GiB(70%) CN:4 DL:10MiB ETA:7m44s]
[#4a767a 10GiB/15GiB(70%) CN:4 DL:9.6MiB ETA:8m8s]
[#4a767a 10GiB/15GiB(70%) CN:4 DL:9.2MiB ETA:8m29s]
[#4a767a 10GiB/15GiB(70%) CN:4 DL:8.7MiB ETA:8m57s]
[#4a767a 10GiB/15GiB(70%) CN:4 DL:9.1MiB ETA:8m35s]
[#4a767a 10GiB/15GiB(70%) CN:4 DL:10MiB ETA:7m16s]
[#4a767a 10GiB/15GiB(70%) CN:4 DL:11MiB ETA:6m47s]
[#4a767a 10GiB/15GiB(70%) CN:4 DL:11MiB ETA:6m26s]
[#4a767a 10GiB/15GiB(70%) CN:4 DL:14MiB ETA:5m17s]
[#4a767a 10GiB/15GiB(70%) CN:4 DL:15MiB ETA:5m]
[#4a767a 10GiB/15GiB(71%) CN:4 DL:16MiB ETA:4m38s]
[#4a767a 10GiB/15GiB(71%) CN:4 DL:16MiB ETA:4m29s]
[#4a767a 10GiB/15GiB(71%) CN:4 DL:17MiB ETA:4m19s]
[#4a767a 10GiB/15GiB(71%) CN:4 DL:16MiB ETA:4m27s]

07/13 02:03:45 [[1;31mERROR[0m] CUID#11 - Download aborted. URI=https://huggingface.co/lmstudio-community/Qwen3.6-27B-GGUF/resolve/main/Qwen3.6-27B-Q4_K_M.gguf
Exception: [AbstractCommand.cc:351] errorCode=22 URI=https://us.aws.cdn.hf.co/xet-bridge-us/69e8d95a774da603695c1447/b19cb928ecb64efcc512c6adfa5a82ae1c6af668d855b3ae713d7226adeef93f?X-Xet-Cas-Uid=public&response-content-disposition=inline%3B+filename*%3DUTF-8%27%27Qwen3.6-27B-Q4_K_M.gguf%3B+filename%3D%22Qwen3.6-27B-Q4_K_M.gguf%22%3B&user_id=public&Expires=1783911594&Policy=eyJTdGF0ZW1lbnQiOlt7IlJlc291cmNlIjoiaHR0cHM6Ly91cy5hd3MuY2RuLmhmLmNvL3hldC1icmlkZ2UtdXMvNjllOGQ5NWE3NzRkYTYwMzY5NWMxNDQ3L2IxOWNiOTI4ZWNiNjRlZmNjNTEyYzZhZGZhNWE4MmFlMWM2YWY2NjhkODU1YjNhZTcxM2Q3MjI2YWRlZWY5M2ZcXD9YLVhldC1DYXMtVWlkPXB1YmxpYyZyZXNwb25zZS1jb250ZW50LWRpc3Bvc2l0aW9uPWlubGluZSUzQitmaWxlbmFtZSUyQSUzRFVURi04JTI3JTI3UXdlbjMuNi0yN0ItUTRfS19NLmdndWYlM0IrZmlsZW5hbWUlM0QlMjJRd2VuMy42LTI3Qi1RNF9LX00uZ2d1ZiUyMiUzQiZ1c2VyX2lkPXB1YmxpYyIsIkNvbmRpdGlvbiI6eyJEYXRlTGVzc1RoYW4iOnsiRXBvY2hUaW1lIjoxNzgzOTExNTk0fSwiQnl0ZVJhbmdlIjp7IkV4cGVjdGVkSGVhZGVyIjoiYnl0ZXM9NDEzNzY4MDg5Ni01MTcyNjI1NDA3In19fV19&Signature=MEUCIH7t%7Eyce28FoqW-KzwgX%7EtpWuybrrLXk5WwHSzaMXYacAiEA%7E2cT1vSc9Cub0RrGjMjiRoniDmAIqBtwUDs0k-0K6wE_&Key-Pair-Id=01KAYHXK2CBJSW0YZTMNXK9W1M
  -> [HttpSkipResponseCommand.cc:239] errorCode=22 The response status is not successful. status=403
[#4a767a 10GiB/15GiB(71%) CN:3 DL:15MiB ETA:4m52s]
[#4a767a 11GiB/15GiB(71%) CN:3 DL:14MiB ETA:5m11s]

07/13 02:03:47 [[1;31mERROR[0m] CUID#19 - Download aborted. URI=https://huggingface.co/lmstudio-community/Qwen3.6-27B-GGUF/resolve/main/Qwen3.6-27B-Q4_K_M.gguf
Exception: [AbstractCommand.cc:351] errorCode=22 URI=https://us.aws.cdn.hf.co/xet-bridge-us/69e8d95a774da603695c1447/b19cb928ecb64efcc512c6adfa5a82ae1c6af668d855b3ae713d7226adeef93f?X-Xet-Cas-Uid=public&response-content-disposition=inline%3B+filename*%3DUTF-8%27%27Qwen3.6-27B-Q4_K_M.gguf%3B+filename%3D%22Qwen3.6-27B-Q4_K_M.gguf%22%3B&user_id=public&Expires=1783911594&Policy=eyJTdGF0ZW1lbnQiOlt7IlJlc291cmNlIjoiaHR0cHM6Ly91cy5hd3MuY2RuLmhmLmNvL3hldC1icmlkZ2UtdXMvNjllOGQ5NWE3NzRkYTYwMzY5NWMxNDQ3L2IxOWNiOTI4ZWNiNjRlZmNjNTEyYzZhZGZhNWE4MmFlMWM2YWY2NjhkODU1YjNhZTcxM2Q3MjI2YWRlZWY5M2ZcXD9YLVhldC1DYXMtVWlkPXB1YmxpYyZyZXNwb25zZS1jb250ZW50LWRpc3Bvc2l0aW9uPWlubGluZSUzQitmaWxlbmFtZSUyQSUzRFVURi04JTI3JTI3UXdlbjMuNi0yN0ItUTRfS19NLmdndWYlM0IrZmlsZW5hbWUlM0QlMjJRd2VuMy42LTI3Qi1RNF9LX00uZ2d1ZiUyMiUzQiZ1c2VyX2lkPXB1YmxpYyIsIkNvbmRpdGlvbiI6eyJEYXRlTGVzc1RoYW4iOnsiRXBvY2hUaW1lIjoxNzgzOTExNTk0fSwiQnl0ZVJhbmdlIjp7IkV4cGVjdGVkSGVhZGVyIjoiYnl0ZXM9NTE3MjYyNTQwOC02MjA2NTIxMzQzIn19fV19&Signature=MEUCIDsTOq2PGZeNGjXoqSJ%7Eq7kkKuZ5fM7pz5eqqO9vVy75AiEAgSlP9PVoaVjvmI1gn5vbhnlRFTXsTCS6gYvzMS%7Eyloc_&Key-Pair-Id=01KAYHXK2CBJSW0YZTMNXK9W1M
  -> [HttpSkipResponseCommand.cc:239] errorCode=22 The response status is not successful. status=403
[#4a767a 11GiB/15GiB(71%) CN:2 DL:13MiB ETA:5m44s]
[#4a767a 11GiB/15GiB(71%) CN:2 DL:9.5MiB ETA:7m53s]
[#4a767a 11GiB/15GiB(71%) CN:2 DL:7.1MiB ETA:10m28s]
[#4a767a 11GiB/15GiB(71%) CN:2 DL:5.9MiB ETA:12m31s]
[#4a767a 11GiB/15GiB(71%) CN:2 DL:4.6MiB ETA:15m56s]
[#4a767a 11GiB/15GiB(71%) CN:2 DL:3.9MiB ETA:19m11s]
 *** Download Progress Summary as of Mon Jul 13 02:03:55 2026 *** 
===============================================================================
[#4a767a 11GiB/15GiB(71%) CN:2 DL:2.8MiB ETA:26m]
FILE: /home/mark/AI/Models/Qwen 3.6/27B/Qwen3.6-27B-Q4_K_M.gguf
-------------------------------------------------------------------------------

[#4a767a 11GiB/15GiB(71%) CN:2 DL:2.8MiB ETA:26m]
[#4a767a 11GiB/15GiB(71%) CN:2 DL:2.8MiB ETA:25m48s]
[#4a767a 11GiB/15GiB(71%) CN:2 DL:2.9MiB ETA:25m1s]
[#4a767a 11GiB/15GiB(71%) CN:2 DL:3.0MiB ETA:24m9s]
[#4a767a 11GiB/15GiB(71%) CN:2 DL:3.0MiB ETA:24m14s]
[#4a767a 11GiB/15GiB(71%) CN:2 DL:5.1MiB ETA:14m19s]
[#4a767a 11GiB/15GiB(71%) CN:2 DL:6.6MiB ETA:11m2s]
[#4a767a 11GiB/15GiB(72%) CN:2 DL:10MiB ETA:7m15s]

07/13 02:04:05 [[1;31mERROR[0m] CUID#22 - Download aborted. URI=https://huggingface.co/lmstudio-community/Qwen3.6-27B-GGUF/resolve/main/Qwen3.6-27B-Q4_K_M.gguf
Exception: [AbstractCommand.cc:351] errorCode=22 URI=https://us.aws.cdn.hf.co/xet-bridge-us/69e8d95a774da603695c1447/b19cb928ecb64efcc512c6adfa5a82ae1c6af668d855b3ae713d7226adeef93f?response-content-disposition=inline%3B+filename*%3DUTF-8%27%27Qwen3.6-27B-Q4_K_M.gguf%3B+filename%3D%22Qwen3.6-27B-Q4_K_M.gguf%22%3B&user_id=public&X-Xet-Cas-Uid=public&Expires=1783911594&Policy=eyJTdGF0ZW1lbnQiOlt7IlJlc291cmNlIjoiaHR0cHM6Ly91cy5hd3MuY2RuLmhmLmNvL3hldC1icmlkZ2UtdXMvNjllOGQ5NWE3NzRkYTYwMzY5NWMxNDQ3L2IxOWNiOTI4ZWNiNjRlZmNjNTEyYzZhZGZhNWE4MmFlMWM2YWY2NjhkODU1YjNhZTcxM2Q3MjI2YWRlZWY5M2ZcXD9yZXNwb25zZS1jb250ZW50LWRpc3Bvc2l0aW9uPWlubGluZSUzQitmaWxlbmFtZSUyQSUzRFVURi04JTI3JTI3UXdlbjMuNi0yN0ItUTRfS19NLmdndWYlM0IrZmlsZW5hbWUlM0QlMjJRd2VuMy42LTI3Qi1RNF9LX00uZ2d1ZiUyMiUzQiZ1c2VyX2lkPXB1YmxpYyZYLVhldC1DYXMtVWlkPXB1YmxpYyIsIkNvbmRpdGlvbiI6eyJEYXRlTGVzc1RoYW4iOnsiRXBvY2hUaW1lIjoxNzgzOTExNTk0fSwiQnl0ZVJhbmdlIjp7IkV4cGVjdGVkSGVhZGVyIjoiYnl0ZXM9MTEzNzcwNDk2MDAtMTI0MTA5NDU1MzUifX19XX0_&Signature=MEUCIQCcwnWuh1JJzsr0kNARL3vMOcU2XUe9rLNXg5ZBfweXtwIgeuxJdvsO0h0lFlgVhBJlud%7EMMM0RkZvXjnQO%7EHKhpnc_&Key-Pair-Id=01KAYHXK2CBJSW0YZTMNXK9W1M
  -> [HttpSkipResponseCommand.cc:239] errorCode=22 The response status is not successful. status=403
[#4a767a 11GiB/15GiB(72%) CN:1 DL:17MiB ETA:4m9s]
[#4a767a 11GiB/15GiB(72%) CN:1 DL:16MiB ETA:4m18s]
[#4a767a 11GiB/15GiB(72%) CN:1 DL:15MiB ETA:4m32s]
[#4a767a 11GiB/15GiB(72%) CN:1 DL:17MiB ETA:4m8s]
[#4a767a 11GiB/15GiB(72%) CN:1 DL:14MiB ETA:5m1s]
[#4a767a 11GiB/15GiB(72%) CN:1 DL:11MiB ETA:6m10s]
[#4a767a 11GiB/15GiB(72%) CN:1 DL:0.9MiB ETA:1h13m27s]
[#4a767a 11GiB/15GiB(72%) CN:1 DL:757KiB ETA:1h37m17s]
[#4a767a 11GiB/15GiB(72%) CN:1 DL:841KiB ETA:1h27m29s]
[#4a767a 11GiB/15GiB(72%) CN:1 DL:0.9MiB ETA:1h17m34s]
[#4a767a 11GiB/15GiB(72%) CN:1 DL:1.0MiB ETA:1h8m52s]
[#4a767a 11GiB/15GiB(72%) CN:1 DL:1.0MiB ETA:1h5m28s]
[#4a767a 11GiB/15GiB(72%) CN:1 DL:0.9MiB ETA:1h13m12s]
[#4a767a 11GiB/15GiB(72%) CN:1 DL:1.0MiB ETA:1h8m34s]
[#4a767a 11GiB/15GiB(72%) CN:1 DL:0.9MiB ETA:1h18m37s]
[#4a767a 11GiB/15GiB(72%) CN:1 DL:1.0MiB ETA:1h10m31s]
[#4a767a 11GiB/15GiB(72%) CN:1 DL:1.1MiB ETA:1h33s]
[#4a767a 11GiB/15GiB(72%) CN:1 DL:1.2MiB ETA:58m16s]
[#4a767a 11GiB/15GiB(72%) CN:1 DL:1.4MiB ETA:51m1s]
[#4a767a 11GiB/15GiB(72%) CN:1 DL:1.3MiB ETA:53m44s]
[#4a767a 11GiB/15GiB(72%) CN:1 DL:1.6MiB ETA:43m41s]
[#4a767a 11GiB/15GiB(72%) CN:1 DL:1.5MiB ETA:45m24s]
[#4a767a 11GiB/15GiB(72%) CN:1 DL:1.3MiB ETA:52m38s]
[#4a767a 11GiB/15GiB(72%) CN:1 DL:1.2MiB ETA:58m13s]
[#4a767a 11GiB/15GiB(72%) CN:1 DL:1.0MiB ETA:1h9m29s]
[#4a767a 11GiB/15GiB(72%) CN:1 DL:0.9MiB ETA:1h11m32s]
[#4a767a 11GiB/15GiB(72%) CN:1 DL:583KiB ETA:2h5m16s]
[#4a767a 11GiB/15GiB(72%) CN:1 DL:529KiB ETA:2h18m3s]
[#4a767a 11GiB/15GiB(72%) CN:1 DL:414KiB ETA:2h56m20s]
[#4a767a 11GiB/15GiB(72%) CN:1 DL:377KiB ETA:3h13m34s]
[#4a767a 11GiB/15GiB(72%) CN:1 DL:366KiB ETA:3h19m34s]
[#4a767a 11GiB/15GiB(72%) CN:1 DL:483KiB ETA:2h31m10s]
[#4a767a 11GiB/15GiB(72%) CN:1 DL:589KiB ETA:2h3m49s]
[#4a767a 11GiB/15GiB(72%) CN:1 DL:861KiB ETA:1h24m46s]
 *** Download Progress Summary as of Mon Jul 13 02:04:56 2026 *** 
===============================================================================
[#4a767a 11GiB/15GiB(72%) CN:1 DL:834KiB ETA:1h27m29s]
FILE: /home/mark/AI/Models/Qwen 3.6/27B/Qwen3.6-27B-Q4_K_M.gguf
-------------------------------------------------------------------------------

[#4a767a 11GiB/15GiB(72%) CN:1 DL:834KiB ETA:1h27m29s]
[#4a767a 11GiB/15GiB(72%) CN:1 DL:801KiB ETA:1h31m1s]
[#4a767a 11GiB/15GiB(72%) CN:1 DL:0.9MiB ETA:1h14m30s]
[#4a767a 11GiB/15GiB(72%) CN:1 DL:1.0MiB ETA:1h7m29s]
[#4a767a 11GiB/15GiB(72%) CN:1 DL:836KiB ETA:1h27m10s]
[#4a767a 11GiB/15GiB(72%) CN:1 DL:859KiB ETA:1h24m46s]
[#4a767a 11GiB/15GiB(72%) CN:1 DL:1.0MiB ETA:1h7m48s]
[#4a767a 11GiB/15GiB(72%) CN:1 DL:0.9MiB ETA:1h18m52s]
[#4a767a 11GiB/15GiB(73%) CN:1 DL:2.9MiB ETA:24m12s]
[#4a767a 11GiB/15GiB(73%) CN:1 DL:4.3MiB ETA:16m5s]
[#4a767a 11GiB/15GiB(73%) CN:1 DL:4.8MiB ETA:14m35s]
[#4a767a 11GiB/15GiB(73%) CN:1 DL:5.8MiB ETA:12m3s]
[#4a767a 11GiB/15GiB(73%) CN:1 DL:12MiB ETA:5m45s]
[#4a767a 11GiB/15GiB(73%) CN:1 DL:17MiB ETA:3m59s]
[#4a767a 11GiB/15GiB(74%) CN:1 DL:19MiB ETA:3m35s]
[#4a767a 11GiB/15GiB(74%) CN:1 DL:21MiB ETA:3m14s]
[#4a767a 11GiB/15GiB(74%) CN:1 DL:19MiB ETA:3m34s]
[#4a767a 11GiB/15GiB(74%) CN:1 DL:17MiB ETA:3m54s]
[#4a767a 11GiB/15GiB(74%) CN:1 DL:16MiB ETA:4m4s]
[#4a767a 11GiB/15GiB(74%) CN:1 DL:16MiB ETA:4m7s]
[#4a767a 11GiB/15GiB(74%) CN:1 DL:16MiB ETA:4m8s]
[#4a767a 11GiB/15GiB(74%) CN:1 DL:11MiB ETA:5m42s]
[#4a767a 11GiB/15GiB(74%) CN:1 DL:6.2MiB ETA:10m47s]
[#4a767a 11GiB/15GiB(74%) CN:1 DL:5.8MiB ETA:11m29s]
[#4a767a 11GiB/15GiB(74%) CN:1 DL:5.7MiB ETA:11m45s]
[#4a767a 11GiB/15GiB(74%) CN:1 DL:5.9MiB ETA:11m22s]
[#4a767a 11GiB/15GiB(74%) CN:1 DL:5.6MiB ETA:11m54s]
[#4a767a 11GiB/15GiB(74%) CN:1 DL:5.4MiB ETA:12m20s]
[#4a767a 11GiB/15GiB(74%) CN:1 DL:5.7MiB ETA:11m32s]
[#4a767a 11GiB/15GiB(74%) CN:1 DL:5.3MiB ETA:12m35s]
[#4a767a 11GiB/15GiB(74%) CN:1 DL:4.7MiB ETA:14m6s]
[#4a767a 11GiB/15GiB(74%) CN:1 DL:4.7MiB ETA:13m59s]
[#4a767a 11GiB/15GiB(74%) CN:1 DL:4.5MiB ETA:14m36s]
[#4a767a 11GiB/15GiB(74%) CN:1 DL:4.3MiB ETA:15m24s]
[#4a767a 11GiB/15GiB(74%) CN:1 DL:4.9MiB ETA:13m23s]
[#4a767a 11GiB/15GiB(74%) CN:1 DL:5.2MiB ETA:12m38s]
[#4a767a 11GiB/15GiB(75%) CN:1 DL:12MiB ETA:5m8s]
[#4a767a 11GiB/15GiB(75%) CN:1 DL:15MiB ETA:4m2s]
[#4a767a 11GiB/15GiB(75%) CN:1 DL:16MiB ETA:4m]
[#4a767a 11GiB/15GiB(75%) CN:1 DL:16MiB ETA:3m56s]
[#4a767a 11GiB/15GiB(75%) CN:1 DL:15MiB ETA:4m6s]
[#4a767a 11GiB/15GiB(75%) CN:1 DL:16MiB ETA:3m59s]
[#4a767a 11GiB/15GiB(75%) CN:1 DL:16MiB ETA:3m58s]
[#4a767a 11GiB/15GiB(75%) CN:1 DL:15MiB ETA:4m13s]
[#4a767a 11GiB/15GiB(75%) CN:1 DL:14MiB ETA:4m20s]
[#4a767a 11GiB/15GiB(75%) CN:1 DL:6.9MiB ETA:9m14s]
[#4a767a 11GiB/15GiB(75%) CN:1 DL:3.2MiB ETA:19m43s]
[#4a767a 11GiB/15GiB(75%) CN:1 DL:3.4MiB ETA:18m23s]
[#4a767a 11GiB/15GiB(75%) CN:1 DL:3.5MiB ETA:17m45s]
[#4a767a 11GiB/15GiB(75%) CN:1 DL:3.6MiB ETA:17m21s]
[#4a767a 11GiB/15GiB(75%) CN:1 DL:3.4MiB ETA:18m32s]
[#4a767a 11GiB/15GiB(75%) CN:1 DL:3.0MiB ETA:20m59s]
 *** Download Progress Summary as of Mon Jul 13 02:05:56 2026 *** 
===============================================================================
[#4a767a 11GiB/15GiB(75%) CN:1 DL:3.1MiB ETA:20m25s]
FILE: /home/mark/AI/Models/Qwen 3.6/27B/Qwen3.6-27B-Q4_K_M.gguf
-------------------------------------------------------------------------------

[#4a767a 11GiB/15GiB(75%) CN:1 DL:3.1MiB ETA:20m25s]
[#4a767a 11GiB/15GiB(75%) CN:1 DL:2.8MiB ETA:21m52s]
[#4a767a 11GiB/15GiB(75%) CN:1 DL:3.4MiB ETA:18m31s]
[#4a767a 11GiB/15GiB(75%) CN:1 DL:3.2MiB ETA:19m45s]
[#4a767a 11GiB/15GiB(75%) CN:1 DL:2.7MiB ETA:22m42s]
[#4a767a 11GiB/15GiB(75%) CN:1 DL:2.7MiB ETA:22m40s]
[#4a767a 11GiB/15GiB(75%) CN:1 DL:2.7MiB ETA:22m42s]
[#4a767a 11GiB/15GiB(76%) CN:1 DL:2.7MiB ETA:22m54s]
[#4a767a 11GiB/15GiB(76%) CN:1 DL:2.7MiB ETA:23m20s]
[#4a767a 11GiB/15GiB(76%) CN:1 DL:2.7MiB ETA:23m10s]
[#4a767a 11GiB/15GiB(76%) CN:1 DL:2.1MiB ETA:29m48s]
[#4a767a 11GiB/15GiB(76%) CN:1 DL:2.2MiB ETA:28m5s]
[#4a767a 11GiB/15GiB(76%) CN:1 DL:2.5MiB ETA:24m56s]
[#4a767a 11GiB/15GiB(76%) CN:1 DL:2.5MiB ETA:24m16s]
[#4a767a 11GiB/15GiB(76%) CN:1 DL:2.4MiB ETA:25m59s]
[#4a767a 11GiB/15GiB(76%) CN:1 DL:2.3MiB ETA:26m48s]
[#4a767a 11GiB/15GiB(76%) CN:1 DL:2.7MiB ETA:22m58s]
[#4a767a 11GiB/15GiB(76%) CN:1 DL:3.5MiB ETA:17m45s]
[#4a767a 11GiB/15GiB(76%) CN:1 DL:3.9MiB ETA:15m49s]
[#4a767a 11GiB/15GiB(76%) CN:1 DL:3.8MiB ETA:16m7s]
[#4a767a 11GiB/15GiB(76%) CN:1 DL:4.1MiB ETA:15m5s]
[#4a767a 11GiB/15GiB(76%) CN:1 DL:12MiB ETA:4m49s]
[#4a767a 11GiB/15GiB(77%) CN:1 DL:14MiB ETA:4m3s]
[#4a767a 11GiB/15GiB(77%) CN:1 DL:14MiB ETA:4m2s]
[#4a767a 11GiB/15GiB(77%) CN:1 DL:15MiB ETA:3m59s]
[#4a767a 11GiB/15GiB(77%) CN:1 DL:14MiB ETA:4m2s]
[#4a767a 11GiB/15GiB(77%) CN:1 DL:14MiB ETA:4m16s]
[#4a767a 11GiB/15GiB(77%) CN:1 DL:14MiB ETA:4m16s]
[#4a767a 11GiB/15GiB(77%) CN:1 DL:13MiB ETA:4m21s]
[#4a767a 11GiB/15GiB(77%) CN:1 DL:13MiB ETA:4m32s]
[#4a767a 11GiB/15GiB(77%) CN:1 DL:4.2MiB ETA:14m1s]
[#4a767a 11GiB/15GiB(77%) CN:1 DL:2.3MiB ETA:25m50s]
[#4a767a 11GiB/15GiB(77%) CN:1 DL:2.2MiB ETA:26m34s]
[#4a767a 11GiB/15GiB(77%) CN:1 DL:2.4MiB ETA:24m43s]
[#4a767a 11GiB/15GiB(77%) CN:1 DL:2.5MiB ETA:23m11s]
[#4a767a 11GiB/15GiB(77%) CN:1 DL:2.4MiB ETA:24m38s]
[#4a767a 11GiB/15GiB(77%) CN:1 DL:2.7MiB ETA:22m4s]
[#4a767a 11GiB/15GiB(77%) CN:1 DL:2.8MiB ETA:21m7s]
[#4a767a 11GiB/15GiB(77%) CN:1 DL:2.8MiB ETA:21m15s]
[#4a767a 11GiB/15GiB(77%) CN:1 DL:2.6MiB ETA:22m46s]
[#4a767a 11GiB/15GiB(77%) CN:1 DL:2.5MiB ETA:23m16s]
[#4a767a 11GiB/15GiB(77%) CN:1 DL:2.1MiB ETA:27m17s]
[#4a767a 11GiB/15GiB(77%) CN:1 DL:2.3MiB ETA:25m1s]
[#4a767a 11GiB/15GiB(77%) CN:1 DL:2.2MiB ETA:26m26s]
[#4a767a 11GiB/15GiB(77%) CN:1 DL:1.5MiB ETA:37m29s]
[#4a767a 11GiB/15GiB(77%) CN:1 DL:1.3MiB ETA:44m19s]
[#4a767a 11GiB/15GiB(77%) CN:1 DL:1.3MiB ETA:44m47s]
[#4a767a 11GiB/15GiB(77%) CN:1 DL:1.3MiB ETA:44m33s]
[#4a767a 11GiB/15GiB(77%) CN:1 DL:1.6MiB ETA:35m7s]
[#4a767a 11GiB/15GiB(77%) CN:1 DL:1.6MiB ETA:35m20s]
[#4a767a 11GiB/15GiB(77%) CN:1 DL:1.2MiB ETA:47m21s]
[#4a767a 11GiB/15GiB(77%) CN:1 DL:1.3MiB ETA:44m49s]
[#4a767a 11GiB/15GiB(77%) CN:1 DL:1.4MiB ETA:41m2s]
 *** Download Progress Summary as of Mon Jul 13 02:06:57 2026 *** 
===============================================================================
[#4a767a 11GiB/15GiB(77%) CN:1 DL:1.2MiB ETA:46m]
FILE: /home/mark/AI/Models/Qwen 3.6/27B/Qwen3.6-27B-Q4_K_M.gguf
-------------------------------------------------------------------------------

[#4a767a 11GiB/15GiB(77%) CN:1 DL:1.2MiB ETA:46m]
[#4a767a 11GiB/15GiB(77%) CN:1 DL:1.2MiB ETA:49m1s]
[#4a767a 11GiB/15GiB(77%) CN:1 DL:850KiB ETA:1h11m18s]
[#4a767a 11GiB/15GiB(77%) CN:1 DL:852KiB ETA:1h11m1s]
[#4a767a 11GiB/15GiB(77%) CN:1 DL:0.9MiB ETA:1h1m1s]
[#4a767a 11GiB/15GiB(77%) CN:1 DL:1.1MiB ETA:52m32s]
[#4a767a 11GiB/15GiB(77%) CN:1 DL:1.2MiB ETA:47m54s]
[#4a767a 11GiB/15GiB(77%) CN:1 DL:1.2MiB ETA:47m28s]
[#4a767a 11GiB/15GiB(77%) CN:1 DL:1.3MiB ETA:43m22s]
[#4a767a 11GiB/15GiB(77%) CN:1 DL:1.6MiB ETA:36m35s]
[#4a767a 11GiB/15GiB(77%) CN:1 DL:1.8MiB ETA:31m14s]
[#4a767a 11GiB/15GiB(77%) CN:1 DL:1.8MiB ETA:31m53s]
[#4a767a 11GiB/15GiB(77%) CN:1 DL:2.1MiB ETA:27m57s]
[#4a767a 11GiB/15GiB(77%) CN:1 DL:2.4MiB ETA:24m11s]
[#4a767a 11GiB/15GiB(77%) CN:1 DL:2.6MiB ETA:21m47s]
[#4a767a 11GiB/15GiB(77%) CN:1 DL:2.7MiB ETA:21m40s]
[#4a767a 11GiB/15GiB(77%) CN:1 DL:2.8MiB ETA:20m19s]
[#4a767a 11GiB/15GiB(77%) CN:1 DL:2.9MiB ETA:20m6s]
[#4a767a 11GiB/15GiB(77%) CN:1 DL:2.8MiB ETA:20m31s]
[#4a767a 11GiB/15GiB(77%) CN:1 DL:2.7MiB ETA:21m20s]
[#4a767a 11GiB/15GiB(77%) CN:1 DL:2.7MiB ETA:21m20s]
[#4a767a 11GiB/15GiB(77%) CN:1 DL:2.4MiB ETA:23m48s]
[#4a767a 11GiB/15GiB(77%) CN:1 DL:2.1MiB ETA:27m2s]
[#4a767a 11GiB/15GiB(77%) CN:1 DL:2.1MiB ETA:27m34s]
[#4a767a 11GiB/15GiB(77%) CN:1 DL:2.0MiB ETA:28m16s]
[#4a767a 11GiB/15GiB(77%) CN:1 DL:2.0MiB ETA:28m45s]
[#4a767a 12GiB/15GiB(77%) CN:1 DL:1.8MiB ETA:32m10s]
[#4a767a 12GiB/15GiB(77%) CN:1 DL:2.0MiB ETA:28m9s]
[#4a767a 12GiB/15GiB(77%) CN:1 DL:2.7MiB ETA:20m53s]
[#4a767a 12GiB/15GiB(77%) CN:1 DL:3.1MiB ETA:18m7s]
[#4a767a 12GiB/15GiB(77%) CN:1 DL:2.9MiB ETA:19m25s]
[#4a767a 12GiB/15GiB(78%) CN:1 DL:3.1MiB ETA:18m35s]
[#4a767a 12GiB/15GiB(78%) CN:1 DL:3.4MiB ETA:16m35s]
[#4a767a 12GiB/15GiB(78%) CN:1 DL:3.4MiB ETA:16m46s]
[#4a767a 12GiB/15GiB(78%) CN:1 DL:3.5MiB ETA:16m24s]
[#4a767a 12GiB/15GiB(78%) CN:1 DL:10MiB ETA:5m11s]
[#4a767a 12GiB/15GiB(78%) CN:1 DL:10MiB ETA:5m21s]
[#4a767a 12GiB/15GiB(78%) CN:1 DL:9.9MiB ETA:5m38s]
[#4a767a 12GiB/15GiB(78%) CN:1 DL:9.8MiB ETA:5m42s]
[#4a767a 12GiB/15GiB(78%) CN:1 DL:9.6MiB ETA:5m49s]
[#4a767a 12GiB/15GiB(78%) CN:1 DL:9.2MiB ETA:6m4s]
[#4a767a 12GiB/15GiB(78%) CN:1 DL:9.4MiB ETA:5m57s]
[#4a767a 12GiB/15GiB(78%) CN:1 DL:9.3MiB ETA:5m58s]
[#4a767a 12GiB/15GiB(78%) CN:1 DL:1.7MiB ETA:31m12s]
[#4a767a 12GiB/15GiB(78%) CN:1 DL:1.7MiB ETA:32m43s]
[#4a767a 12GiB/15GiB(78%) CN:1 DL:1.6MiB ETA:34m2s]
[#4a767a 12GiB/15GiB(78%) CN:1 DL:1.6MiB ETA:34m]
[#4a767a 12GiB/15GiB(78%) CN:1 DL:1.6MiB ETA:33m32s]
[#4a767a 12GiB/15GiB(78%) CN:1 DL:2.0MiB ETA:26m56s]
[#4a767a 12GiB/15GiB(78%) CN:1 DL:2.0MiB ETA:27m39s]
[#4a767a 12GiB/15GiB(78%) CN:1 DL:1.7MiB ETA:31m55s]
[#4a767a 12GiB/15GiB(78%) CN:1 DL:1.6MiB ETA:34m36s]
[#4a767a 12GiB/15GiB(78%) CN:1 DL:1.5MiB ETA:35m]
[#4a767a 12GiB/15GiB(78%) CN:1 DL:1.8MiB ETA:29m37s]
 *** Download Progress Summary as of Mon Jul 13 02:07:57 2026 *** 
===============================================================================
[#4a767a 12GiB/15GiB(78%) CN:1 DL:1.8MiB ETA:30m54s]
FILE: /home/mark/AI/Models/Qwen 3.6/27B/Qwen3.6-27B-Q4_K_M.gguf
-------------------------------------------------------------------------------

[#4a767a 12GiB/15GiB(78%) CN:1 DL:1.8MiB ETA:30m54s]
[#4a767a 12GiB/15GiB(78%) CN:1 DL:1.7MiB ETA:31m13s]
[#4a767a 12GiB/15GiB(78%) CN:1 DL:1.6MiB ETA:34m11s]
[#4a767a 12GiB/15GiB(78%) CN:1 DL:1.6MiB ETA:34m7s]
[#4a767a 12GiB/15GiB(78%) CN:1 DL:1.6MiB ETA:34m28s]
[#4a767a 12GiB/15GiB(78%) CN:1 DL:1.6MiB ETA:34m7s]
[#4a767a 12GiB/15GiB(78%) CN:1 DL:1.5MiB ETA:35m59s]
[#4a767a 12GiB/15GiB(78%) CN:1 DL:1.3MiB ETA:41m50s]
[#4a767a 12GiB/15GiB(78%) CN:1 DL:1.3MiB ETA:40m54s]
[#4a767a 12GiB/15GiB(78%) CN:1 DL:1.2MiB ETA:43m56s]
[#4a767a 12GiB/15GiB(78%) CN:1 DL:1.0MiB ETA:50m54s]
[#4a767a 12GiB/15GiB(78%) CN:1 DL:1.1MiB ETA:49m25s]
[#4a767a 12GiB/15GiB(78%) CN:1 DL:1.1MiB ETA:49m42s]
[#4a767a 12GiB/15GiB(78%) CN:1 DL:1.0MiB ETA:51m48s]
[#4a767a 12GiB/15GiB(78%) CN:1 DL:0.9MiB ETA:56m16s]
[#4a767a 12GiB/15GiB(78%) CN:1 DL:1.1MiB ETA:49m38s]
[#4a767a 12GiB/15GiB(78%) CN:1 DL:1.1MiB ETA:49m25s]
[#4a767a 12GiB/15GiB(78%) CN:1 DL:1.0MiB ETA:51m10s]
[#4a767a 12GiB/15GiB(78%) CN:1 DL:1.2MiB ETA:44m21s]
[#4a767a 12GiB/15GiB(78%) CN:1 DL:1.1MiB ETA:46m20s]
[#4a767a 12GiB/15GiB(78%) CN:1 DL:1.2MiB ETA:45m51s]
[#4a767a 12GiB/15GiB(78%) CN:1 DL:1.1MiB ETA:46m16s]
[#4a767a 12GiB/15GiB(78%) CN:1 DL:1.1MiB ETA:49m20s]
[#4a767a 12GiB/15GiB(78%) CN:1 DL:1.1MiB ETA:47m35s]
[#4a767a 12GiB/15GiB(78%) CN:1 DL:1.3MiB ETA:40m50s]
[#4a767a 12GiB/15GiB(79%) CN:1 DL:1.3MiB ETA:39m25s]
[#4a767a 12GiB/15GiB(79%) CN:1 DL:1.3MiB ETA:39m57s]
[#4a767a 12GiB/15GiB(79%) CN:1 DL:1.3MiB ETA:40m54s]
[#4a767a 12GiB/15GiB(79%) CN:1 DL:1.5MiB ETA:34m29s]
[#4a767a 12GiB/15GiB(79%) CN:1 DL:1.5MiB ETA:34m51s]
[#4a767a 12GiB/15GiB(79%) CN:1 DL:1.5MiB ETA:36m14s]
[#4a767a 12GiB/15GiB(79%) CN:1 DL:1.3MiB ETA:40m28s]
[#4a767a 12GiB/15GiB(79%) CN:1 DL:1.1MiB ETA:46m48s]
[#4a767a 12GiB/15GiB(79%) CN:1 DL:1.3MiB ETA:41m47s]
[#4a767a 12GiB/15GiB(79%) CN:1 DL:1.2MiB ETA:43m36s]
[#4a767a 12GiB/15GiB(79%) CN:1 DL:1.4MiB ETA:38m13s]
[#4a767a 12GiB/15GiB(79%) CN:1 DL:1.1MiB ETA:48m27s]
[#4a767a 12GiB/15GiB(79%) CN:1 DL:1.2MiB ETA:44m44s]
[#4a767a 12GiB/15GiB(79%) CN:1 DL:1.2MiB ETA:44m43s]
[#4a767a 12GiB/15GiB(79%) CN:1 DL:1.3MiB ETA:40m27s]
[#4a767a 12GiB/15GiB(79%) CN:1 DL:1.4MiB ETA:37m44s]
[#4a767a 12GiB/15GiB(79%) CN:1 DL:1.4MiB ETA:36m44s]
[#4a767a 12GiB/15GiB(79%) CN:1 DL:1.6MiB ETA:34m4s]
[#4a767a 12GiB/15GiB(79%) CN:1 DL:1.7MiB ETA:31m30s]
[#4a767a 12GiB/15GiB(79%) CN:1 DL:1.6MiB ETA:32m29s]
[#4a767a 12GiB/15GiB(79%) CN:1 DL:1.8MiB ETA:29m16s]
[#4a767a 12GiB/15GiB(79%) CN:1 DL:5.2MiB ETA:10m11s]
[#4a767a 12GiB/15GiB(79%) CN:1 DL:12MiB ETA:4m21s]
[#4a767a 12GiB/15GiB(79%) CN:1 DL:13MiB ETA:3m51s]
[#4a767a 12GiB/15GiB(79%) CN:1 DL:14MiB ETA:3m42s]
[#4a767a 12GiB/15GiB(80%) CN:1 DL:12MiB ETA:4m3s]
 *** Download Progress Summary as of Mon Jul 13 02:08:58 2026 *** 
===============================================================================
[#4a767a 12GiB/15GiB(80%) CN:1 DL:12MiB ETA:4m10s]
FILE: /home/mark/AI/Models/Qwen 3.6/27B/Qwen3.6-27B-Q4_K_M.gguf
-------------------------------------------------------------------------------

[#4a767a 12GiB/15GiB(80%) CN:1 DL:12MiB ETA:4m10s]
[#4a767a 12GiB/15GiB(80%) CN:1 DL:14MiB ETA:3m42s]
[#4a767a 12GiB/15GiB(80%) CN:1 DL:14MiB ETA:3m43s]
[#4a767a 12GiB/15GiB(80%) CN:1 DL:4.9MiB ETA:10m31s]
[#4a767a 12GiB/15GiB(80%) CN:1 DL:1.6MiB ETA:32m29s]
[#4a767a 12GiB/15GiB(80%) CN:1 DL:1.7MiB ETA:29m43s]
[#4a767a 12GiB/15GiB(80%) CN:1 DL:1.6MiB ETA:32m33s]
[#4a767a 12GiB/15GiB(80%) CN:1 DL:1.6MiB ETA:31m4s]
[#4a767a 12GiB/15GiB(80%) CN:1 DL:1.5MiB ETA:32m41s]
[#4a767a 12GiB/15GiB(80%) CN:1 DL:1.4MiB ETA:35m15s]
[#4a767a 12GiB/15GiB(80%) CN:1 DL:1.4MiB ETA:36m43s]
[#4a767a 12GiB/15GiB(80%) CN:1 DL:1.2MiB ETA:41m29s]
[#4a767a 12GiB/15GiB(80%) CN:1 DL:0.9MiB ETA:52m47s]
[#4a767a 12GiB/15GiB(80%) CN:1 DL:885KiB ETA:1h23s]
[#4a767a 12GiB/15GiB(80%) CN:1 DL:801KiB ETA:1h6m41s]
[#4a767a 12GiB/15GiB(80%) CN:1 DL:804KiB ETA:1h6m23s]
[#4a767a 12GiB/15GiB(80%) CN:1 DL:853KiB ETA:1h2m32s]
[#4a767a 12GiB/15GiB(80%) CN:1 DL:805KiB ETA:1h6m16s]
[#4a767a 12GiB/15GiB(80%) CN:1 DL:837KiB ETA:1h3m42s]
[#4a767a 12GiB/15GiB(80%) CN:1 DL:1.1MiB ETA:43m53s]
[#4a767a 12GiB/15GiB(80%) CN:1 DL:1.1MiB ETA:44m6s]
[#4a767a 12GiB/15GiB(80%) CN:1 DL:1.0MiB ETA:49m55s]
[#4a767a 12GiB/15GiB(80%) CN:1 DL:1.1MiB ETA:44m36s]
[#4a767a 12GiB/15GiB(80%) CN:1 DL:1.3MiB ETA:39m10s]
[#4a767a 12GiB/15GiB(80%) CN:1 DL:1.3MiB ETA:38m48s]
[#4a767a 12GiB/15GiB(80%) CN:1 DL:0.9MiB ETA:52m43s]
[#4a767a 12GiB/15GiB(80%) CN:1 DL:1.0MiB ETA:47m30s]
[#4a767a 12GiB/15GiB(80%) CN:1 DL:1.1MiB ETA:46m6s]
[#4a767a 12GiB/15GiB(80%) CN:1 DL:1.1MiB ETA:44m35s]
[#4a767a 12GiB/15GiB(80%) CN:1 DL:0.9MiB ETA:52m16s]
[#4a767a 12GiB/15GiB(80%) CN:1 DL:1.3MiB ETA:37m4s]
[#4a767a 12GiB/15GiB(80%) CN:1 DL:1.5MiB ETA:32m20s]
[#4a767a 12GiB/15GiB(80%) CN:1 DL:1.4MiB ETA:34m31s]
[#4a767a 12GiB/15GiB(80%) CN:1 DL:1.3MiB ETA:37m6s]
[#4a767a 12GiB/15GiB(80%) CN:1 DL:1.5MiB ETA:33m27s]
[#4a767a 12GiB/15GiB(80%) CN:1 DL:1.4MiB ETA:36m2s]
[#4a767a 12GiB/15GiB(80%) CN:1 DL:1.3MiB ETA:39m8s]
[#4a767a 12GiB/15GiB(80%) CN:1 DL:0.9MiB ETA:54m32s]
[#4a767a 12GiB/15GiB(80%) CN:1 DL:904KiB ETA:58m17s]
[#4a767a 12GiB/15GiB(80%) CN:1 DL:3.0MiB ETA:16m56s]
[#4a767a 12GiB/15GiB(80%) CN:1 DL:5.8MiB ETA:8m40s]
[#4a767a 12GiB/15GiB(81%) CN:1 DL:13MiB ETA:3m39s]
[#4a767a 12GiB/15GiB(81%) CN:1 DL:18MiB ETA:2m38s]
[#4a767a 12GiB/15GiB(81%) CN:1 DL:20MiB ETA:2m22s]
[#4a767a 12GiB/15GiB(81%) CN:1 DL:21MiB ETA:2m12s]
 *** Download Progress Summary as of Mon Jul 13 02:09:58 2026 *** 
===============================================================================
[#4a767a 12GiB/15GiB(81%) CN:1 DL:20MiB ETA:2m19s]
FILE: /home/mark/AI/Models/Qwen 3.6/27B/Qwen3.6-27B-Q4_K_M.gguf
-------------------------------------------------------------------------------

[#4a767a 12GiB/15GiB(81%) CN:1 DL:20MiB ETA:2m19s]
[#4a767a 12GiB/15GiB(81%) CN:1 DL:22MiB ETA:2m8s]
[#4a767a 12GiB/15GiB(81%) CN:1 DL:24MiB ETA:1m58s]
[#4a767a 12GiB/15GiB(81%) CN:1 DL:22MiB ETA:2m8s]
[#4a767a 12GiB/15GiB(81%) CN:1 DL:20MiB ETA:2m20s]
[#4a767a 12GiB/15GiB(81%) CN:1 DL:13MiB ETA:3m23s]
[#4a767a 12GiB/15GiB(82%) CN:1 DL:8.2MiB ETA:5m43s]
[#4a767a 12GiB/15GiB(82%) CN:1 DL:7.2MiB ETA:6m28s]
[#4a767a 12GiB/15GiB(82%) CN:1 DL:7.5MiB ETA:6m13s]
[#4a767a 12GiB/15GiB(82%) CN:1 DL:6.6MiB ETA:7m4s]
[#4a767a 12GiB/15GiB(82%) CN:1 DL:6.5MiB ETA:7m10s]
[#4a767a 12GiB/15GiB(82%) CN:1 DL:7.0MiB ETA:6m35s]
[#4a767a 12GiB/15GiB(82%) CN:1 DL:7.4MiB ETA:6m15s]
[#4a767a 12GiB/15GiB(82%) CN:1 DL:12MiB ETA:3m30s]
[#4a767a 12GiB/15GiB(83%) CN:1 DL:17MiB ETA:2m31s]
[#4a767a 12GiB/15GiB(83%) CN:1 DL:17MiB ETA:2m34s]
[#4a767a 12GiB/15GiB(83%) CN:1 DL:17MiB ETA:2m31s]
[#4a767a 12GiB/15GiB(83%) CN:1 DL:17MiB ETA:2m34s]
[#4a767a 12GiB/15GiB(83%) CN:1 DL:17MiB ETA:2m32s]
[#4a767a 12GiB/15GiB(83%) CN:1 DL:16MiB ETA:2m37s]
[#4a767a 12GiB/15GiB(83%) CN:1 DL:15MiB ETA:2m51s]
[#4a767a 12GiB/15GiB(83%) CN:1 DL:15MiB ETA:2m55s]
[#4a767a 12GiB/15GiB(83%) CN:1 DL:8.9MiB ETA:4m55s]
[#4a767a 12GiB/15GiB(83%) CN:1 DL:3.9MiB ETA:11m2s]
[#4a767a 12GiB/15GiB(83%) CN:1 DL:4.0MiB ETA:10m57s]
[#4a767a 12GiB/15GiB(83%) CN:1 DL:3.7MiB ETA:11m41s]
[#4a767a 12GiB/15GiB(83%) CN:1 DL:3.5MiB ETA:12m15s]
[#4a767a 12GiB/15GiB(83%) CN:1 DL:3.3MiB ETA:12m53s]
[#4a767a 12GiB/15GiB(83%) CN:1 DL:3.4MiB ETA:12m48s]
[#4a767a 12GiB/15GiB(83%) CN:1 DL:3.7MiB ETA:11m36s]
[#4a767a 12GiB/15GiB(83%) CN:1 DL:3.9MiB ETA:11m5s]
[#4a767a 12GiB/15GiB(83%) CN:1 DL:3.6MiB ETA:11m51s]
[#4a767a 12GiB/15GiB(83%) CN:1 DL:3.9MiB ETA:11m6s]
[#4a767a 12GiB/15GiB(83%) CN:1 DL:3.9MiB ETA:10m58s]
[#4a767a 12GiB/15GiB(83%) CN:1 DL:4.0MiB ETA:10m43s]
[#4a767a 12GiB/15GiB(83%) CN:1 DL:3.9MiB ETA:11m3s]
[#4a767a 12GiB/15GiB(83%) CN:1 DL:4.0MiB ETA:10m43s]
[#4a767a 12GiB/15GiB(83%) CN:1 DL:3.7MiB ETA:11m22s]
[#4a767a 12GiB/15GiB(83%) CN:1 DL:3.4MiB ETA:12m27s]
[#4a767a 12GiB/15GiB(83%) CN:1 DL:4.2MiB ETA:10m2s]
[#4a767a 12GiB/15GiB(83%) CN:1 DL:3.7MiB ETA:11m25s]
[#4a767a 12GiB/15GiB(83%) CN:1 DL:4.2MiB ETA:10m7s]
[#4a767a 12GiB/15GiB(83%) CN:1 DL:4.1MiB ETA:10m12s]
[#4a767a 12GiB/15GiB(83%) CN:1 DL:3.9MiB ETA:10m42s]
[#4a767a 12GiB/15GiB(83%) CN:1 DL:4.2MiB ETA:10m2s]
[#4a767a 12GiB/15GiB(83%) CN:1 DL:4.7MiB ETA:8m51s]
[#4a767a 12GiB/15GiB(83%) CN:1 DL:4.7MiB ETA:8m49s]
[#4a767a 12GiB/15GiB(83%) CN:1 DL:5.1MiB ETA:8m11s]
[#4a767a 12GiB/15GiB(83%) CN:1 DL:4.3MiB ETA:9m35s]
[#4a767a 12GiB/15GiB(84%) CN:1 DL:4.6MiB ETA:9m6s]
[#4a767a 12GiB/15GiB(84%) CN:1 DL:4.0MiB ETA:10m23s]
[#4a767a 12GiB/15GiB(84%) CN:1 DL:3.8MiB ETA:10m53s]
[#4a767a 12GiB/15GiB(84%) CN:1 DL:3.8MiB ETA:10m49s]
[#4a767a 13GiB/15GiB(84%) CN:1 DL:10MiB ETA:3m45s]
[#4a767a 13GiB/15GiB(84%) CN:1 DL:10MiB ETA:3m44s]
[#4a767a 13GiB/15GiB(84%) CN:1 DL:10MiB ETA:3m57s]
 *** Download Progress Summary as of Mon Jul 13 02:10:59 2026 *** 
===============================================================================
[#4a767a 13GiB/15GiB(84%) CN:1 DL:10MiB ETA:4m]
FILE: /home/mark/AI/Models/Qwen 3.6/27B/Qwen3.6-27B-Q4_K_M.gguf
-------------------------------------------------------------------------------

[#4a767a 13GiB/15GiB(84%) CN:1 DL:10MiB ETA:4m]
[#4a767a 13GiB/15GiB(84%) CN:1 DL:10MiB ETA:3m59s]
[#4a767a 13GiB/15GiB(84%) CN:1 DL:10MiB ETA:3m53s]
[#4a767a 13GiB/15GiB(84%) CN:1 DL:10MiB ETA:3m44s]
[#4a767a 13GiB/15GiB(84%) CN:1 DL:11MiB ETA:3m39s]
[#4a767a 13GiB/15GiB(84%) CN:1 DL:10MiB ETA:3m55s]
[#4a767a 13GiB/15GiB(84%) CN:1 DL:3.1MiB ETA:12m41s]
[#4a767a 13GiB/15GiB(84%) CN:1 DL:3.2MiB ETA:12m19s]
[#4a767a 13GiB/15GiB(84%) CN:1 DL:3.4MiB ETA:11m32s]
[#4a767a 13GiB/15GiB(84%) CN:1 DL:3.1MiB ETA:12m42s]
[#4a767a 13GiB/15GiB(84%) CN:1 DL:2.7MiB ETA:14m39s]
[#4a767a 13GiB/15GiB(84%) CN:1 DL:2.4MiB ETA:16m]
[#4a767a 13GiB/15GiB(84%) CN:1 DL:2.4MiB ETA:16m35s]
[#4a767a 13GiB/15GiB(84%) CN:1 DL:2.2MiB ETA:17m21s]
[#4a767a 13GiB/15GiB(84%) CN:1 DL:1.9MiB ETA:20m48s]
[#4a767a 13GiB/15GiB(84%) CN:1 DL:2.0MiB ETA:19m30s]
[#4a767a 13GiB/15GiB(84%) CN:1 DL:1.9MiB ETA:20m45s]
[#4a767a 13GiB/15GiB(84%) CN:1 DL:1.9MiB ETA:20m40s]
[#4a767a 13GiB/15GiB(84%) CN:1 DL:2.3MiB ETA:17m2s]
[#4a767a 13GiB/15GiB(84%) CN:1 DL:2.4MiB ETA:16m8s]
[#4a767a 13GiB/15GiB(84%) CN:1 DL:2.2MiB ETA:17m14s]
[#4a767a 13GiB/15GiB(84%) CN:1 DL:2.1MiB ETA:18m6s]
[#4a767a 13GiB/15GiB(84%) CN:1 DL:2.4MiB ETA:16m23s]
[#4a767a 13GiB/15GiB(85%) CN:1 DL:2.8MiB ETA:13m55s]
[#4a767a 13GiB/15GiB(85%) CN:1 DL:2.6MiB ETA:14m58s]
[#4a767a 13GiB/15GiB(85%) CN:1 DL:2.8MiB ETA:13m48s]
[#4a767a 13GiB/15GiB(85%) CN:1 DL:2.6MiB ETA:14m48s]
[#4a767a 13GiB/15GiB(85%) CN:1 DL:2.7MiB ETA:14m25s]
[#4a767a 13GiB/15GiB(85%) CN:1 DL:2.9MiB ETA:13m13s]
[#4a767a 13GiB/15GiB(85%) CN:1 DL:3.5MiB ETA:11m2s]
[#4a767a 13GiB/15GiB(85%) CN:1 DL:3.3MiB ETA:11m43s]
[#4a767a 13GiB/15GiB(85%) CN:1 DL:3.2MiB ETA:11m48s]
[#4a767a 13GiB/15GiB(85%) CN:1 DL:4.0MiB ETA:9m32s]
[#4a767a 13GiB/15GiB(85%) CN:1 DL:4.0MiB ETA:9m34s]
[#4a767a 13GiB/15GiB(85%) CN:1 DL:3.9MiB ETA:9m46s]
[#4a767a 13GiB/15GiB(85%) CN:1 DL:4.0MiB ETA:9m32s]
[#4a767a 13GiB/15GiB(85%) CN:1 DL:3.6MiB ETA:10m25s]
[#4a767a 13GiB/15GiB(85%) CN:1 DL:3.6MiB ETA:10m26s]
[#4a767a 13GiB/15GiB(85%) CN:1 DL:4.3MiB ETA:8m49s]
[#4a767a 13GiB/15GiB(85%) CN:1 DL:3.2MiB ETA:11m34s]
[#4a767a 13GiB/15GiB(85%) CN:1 DL:3.0MiB ETA:12m22s]
[#4a767a 13GiB/15GiB(85%) CN:1 DL:3.0MiB ETA:12m37s]
[#4a767a 13GiB/15GiB(85%) CN:1 DL:3.0MiB ETA:12m16s]
[#4a767a 13GiB/15GiB(85%) CN:1 DL:3.4MiB ETA:11m]
[#4a767a 13GiB/15GiB(85%) CN:1 DL:2.9MiB ETA:12m48s]
[#4a767a 13GiB/15GiB(85%) CN:1 DL:2.6MiB ETA:14m6s]
[#4a767a 13GiB/15GiB(85%) CN:1 DL:2.4MiB ETA:15m29s]
[#4a767a 13GiB/15GiB(85%) CN:1 DL:2.2MiB ETA:16m33s]
[#4a767a 13GiB/15GiB(85%) CN:1 DL:2.3MiB ETA:16m10s]
[#4a767a 13GiB/15GiB(85%) CN:1 DL:2.4MiB ETA:15m8s]
 *** Download Progress Summary as of Mon Jul 13 02:11:59 2026 *** 
===============================================================================
[#4a767a 13GiB/15GiB(85%) CN:1 DL:2.3MiB ETA:15m45s]
FILE: /home/mark/AI/Models/Qwen 3.6/27B/Qwen3.6-27B-Q4_K_M.gguf
-------------------------------------------------------------------------------

[#4a767a 13GiB/15GiB(85%) CN:1 DL:2.3MiB ETA:15m45s]
[#4a767a 13GiB/15GiB(85%) CN:1 DL:1.8MiB ETA:19m47s]
[#4a767a 13GiB/15GiB(85%) CN:1 DL:2.1MiB ETA:17m41s]
[#4a767a 13GiB/15GiB(85%) CN:1 DL:2.0MiB ETA:18m6s]
[#4a767a 13GiB/15GiB(85%) CN:1 DL:2.0MiB ETA:18m40s]
[#4a767a 13GiB/15GiB(85%) CN:1 DL:2.2MiB ETA:16m56s]
[#4a767a 13GiB/15GiB(85%) CN:1 DL:2.2MiB ETA:16m44s]
[#4a767a 13GiB/15GiB(85%) CN:1 DL:2.2MiB ETA:16m28s]
[#4a767a 13GiB/15GiB(85%) CN:1 DL:2.2MiB ETA:16m55s]
[#4a767a 13GiB/15GiB(85%) CN:1 DL:2.0MiB ETA:18m9s]
[#4a767a 13GiB/15GiB(85%) CN:1 DL:1.9MiB ETA:19m6s]
[#4a767a 13GiB/15GiB(85%) CN:1 DL:1.9MiB ETA:19m2s]
[#4a767a 13GiB/15GiB(85%) CN:1 DL:1.8MiB ETA:19m44s]
[#4a767a 13GiB/15GiB(85%) CN:1 DL:1.7MiB ETA:20m53s]
[#4a767a 13GiB/15GiB(85%) CN:1 DL:1.4MiB ETA:26m16s]
[#4a767a 13GiB/15GiB(85%) CN:1 DL:1.4MiB ETA:24m54s]
[#4a767a 13GiB/15GiB(85%) CN:1 DL:1.3MiB ETA:27m39s]
[#4a767a 13GiB/15GiB(85%) CN:1 DL:1.4MiB ETA:25m14s]
[#4a767a 13GiB/15GiB(85%) CN:1 DL:1.6MiB ETA:22m23s]
[#4a767a 13GiB/15GiB(85%) CN:1 DL:1.6MiB ETA:21m53s]
[#4a767a 13GiB/15GiB(85%) CN:1 DL:1.9MiB ETA:18m38s]
[#4a767a 13GiB/15GiB(85%) CN:1 DL:2.0MiB ETA:18m20s]
[#4a767a 13GiB/15GiB(85%) CN:1 DL:1.9MiB ETA:18m32s]
[#4a767a 13GiB/15GiB(85%) CN:1 DL:1.8MiB ETA:19m25s]
[#4a767a 13GiB/15GiB(86%) CN:1 DL:2.0MiB ETA:18m2s]
[#4a767a 13GiB/15GiB(86%) CN:1 DL:1.7MiB ETA:20m41s]
[#4a767a 13GiB/15GiB(86%) CN:1 DL:1.8MiB ETA:20m9s]
[#4a767a 13GiB/15GiB(86%) CN:1 DL:1.5MiB ETA:23m21s]
[#4a767a 13GiB/15GiB(86%) CN:1 DL:1.4MiB ETA:25m30s]
[#4a767a 13GiB/15GiB(86%) CN:1 DL:1.2MiB ETA:29m55s]
[#4a767a 13GiB/15GiB(86%) CN:1 DL:1.3MiB ETA:26m28s]
[#4a767a 13GiB/15GiB(86%) CN:1 DL:1.2MiB ETA:28m49s]
[#4a767a 13GiB/15GiB(86%) CN:1 DL:1.1MiB ETA:32m4s]
[#4a767a 13GiB/15GiB(86%) CN:1 DL:1.0MiB ETA:34m37s]
[#4a767a 13GiB/15GiB(86%) CN:1 DL:877KiB ETA:42m41s]
[#4a767a 13GiB/15GiB(86%) CN:1 DL:0.9MiB ETA:40m19s]
[#4a767a 13GiB/15GiB(86%) CN:1 DL:0.9MiB ETA:38m40s]
[#4a767a 13GiB/15GiB(86%) CN:1 DL:1.1MiB ETA:31m51s]
[#4a767a 13GiB/15GiB(86%) CN:1 DL:1.0MiB ETA:35m53s]
[#4a767a 13GiB/15GiB(86%) CN:1 DL:2.0MiB ETA:18m2s]
[#4a767a 13GiB/15GiB(86%) CN:1 DL:2.1MiB ETA:16m34s]
[#4a767a 13GiB/15GiB(86%) CN:1 DL:2.4MiB ETA:14m52s]
[#4a767a 13GiB/15GiB(86%) CN:1 DL:2.4MiB ETA:14m36s]
[#4a767a 13GiB/15GiB(86%) CN:1 DL:2.4MiB ETA:14m47s]
[#4a767a 13GiB/15GiB(86%) CN:1 DL:2.2MiB ETA:15m50s]
[#4a767a 13GiB/15GiB(86%) CN:1 DL:2.3MiB ETA:15m37s]
[#4a767a 13GiB/15GiB(86%) CN:1 DL:1.9MiB ETA:18m42s]
[#4a767a 13GiB/15GiB(86%) CN:1 DL:1.9MiB ETA:18m18s]
[#4a767a 13GiB/15GiB(86%) CN:1 DL:1.4MiB ETA:25m9s]
[#4a767a 13GiB/15GiB(86%) CN:1 DL:1.0MiB ETA:32m47s]
[#4a767a 13GiB/15GiB(86%) CN:1 DL:0.9MiB ETA:37m52s]
[#4a767a 13GiB/15GiB(86%) CN:1 DL:0.9MiB ETA:38m55s]
 *** Download Progress Summary as of Mon Jul 13 02:13:00 2026 *** 
===============================================================================
[#4a767a 13GiB/15GiB(86%) CN:1 DL:0.9MiB ETA:38m33s]
FILE: /home/mark/AI/Models/Qwen 3.6/27B/Qwen3.6-27B-Q4_K_M.gguf
-------------------------------------------------------------------------------

[#4a767a 13GiB/15GiB(86%) CN:1 DL:0.9MiB ETA:38m33s]
[#4a767a 13GiB/15GiB(86%) CN:1 DL:0.9MiB ETA:38m4s]
[#4a767a 13GiB/15GiB(86%) CN:1 DL:913KiB ETA:40m19s]
[#4a767a 13GiB/15GiB(86%) CN:1 DL:701KiB ETA:52m30s]
[#4a767a 13GiB/15GiB(86%) CN:1 DL:699KiB ETA:52m37s]
[#4a767a 13GiB/15GiB(86%) CN:1 DL:0.9MiB ETA:37m49s]
[#4a767a 13GiB/15GiB(86%) CN:1 DL:1.3MiB ETA:27m11s]
[#4a767a 13GiB/15GiB(86%) CN:1 DL:1.3MiB ETA:27m32s]
[#4a767a 13GiB/15GiB(86%) CN:1 DL:1.2MiB ETA:28m27s]
[#4a767a 13GiB/15GiB(86%) CN:1 DL:1.4MiB ETA:25m22s]
[#4a767a 13GiB/15GiB(86%) CN:1 DL:1.6MiB ETA:21m56s]
[#4a767a 13GiB/15GiB(86%) CN:1 DL:1.6MiB ETA:21m42s]
[#4a767a 13GiB/15GiB(86%) CN:1 DL:1.6MiB ETA:21m20s]
[#4a767a 13GiB/15GiB(86%) CN:1 DL:1.6MiB ETA:21m11s]
[#4a767a 13GiB/15GiB(86%) CN:1 DL:1.7MiB ETA:20m25s]
[#4a767a 13GiB/15GiB(86%) CN:1 DL:1.6MiB ETA:21m9s]
[#4a767a 13GiB/15GiB(86%) CN:1 DL:1.6MiB ETA:21m32s]
[#4a767a 13GiB/15GiB(86%) CN:1 DL:1.7MiB ETA:20m4s]
[#4a767a 13GiB/15GiB(86%) CN:1 DL:2.2MiB ETA:15m24s]
[#4a767a 13GiB/15GiB(86%) CN:1 DL:2.2MiB ETA:15m43s]
[#4a767a 13GiB/15GiB(86%) CN:1 DL:2.1MiB ETA:16m22s]
[#4a767a 13GiB/15GiB(86%) CN:1 DL:1.9MiB ETA:18m20s]
[#4a767a 13GiB/15GiB(86%) CN:1 DL:2.0MiB ETA:16m46s]
[#4a767a 13GiB/15GiB(86%) CN:1 DL:2.8MiB ETA:12m13s]
[#4a767a 13GiB/15GiB(86%) CN:1 DL:2.9MiB ETA:11m53s]
[#4a767a 13GiB/15GiB(86%) CN:1 DL:2.5MiB ETA:13m40s]
[#4a767a 13GiB/15GiB(86%) CN:1 DL:2.5MiB ETA:13m51s]
[#4a767a 13GiB/15GiB(86%) CN:1 DL:2.3MiB ETA:14m58s]
[#4a767a 13GiB/15GiB(86%) CN:1 DL:1.5MiB ETA:22m5s]
[#4a767a 13GiB/15GiB(86%) CN:1 DL:1.5MiB ETA:23m10s]
[#4a767a 13GiB/15GiB(86%) CN:1 DL:1.2MiB ETA:28m55s]
[#4a767a 13GiB/15GiB(86%) CN:1 DL:914KiB ETA:38m57s]
[#4a767a 13GiB/15GiB(86%) CN:1 DL:0.9MiB ETA:37m21s]
[#4a767a 13GiB/15GiB(86%) CN:1 DL:0.9MiB ETA:38m19s]
[#4a767a 13GiB/15GiB(86%) CN:1 DL:882KiB ETA:40m18s]
[#4a767a 13GiB/15GiB(86%) CN:1 DL:806KiB ETA:44m3s]
[#4a767a 13GiB/15GiB(86%) CN:1 DL:0.9MiB ETA:38m]
[#4a767a 13GiB/15GiB(86%) CN:1 DL:0.9MiB ETA:37m47s]
[#4a767a 13GiB/15GiB(86%) CN:1 DL:0.9MiB ETA:36m]
[#4a767a 13GiB/15GiB(86%) CN:1 DL:0.9MiB ETA:37m45s]
[#4a767a 13GiB/15GiB(86%) CN:1 DL:849KiB ETA:41m41s]
[#4a767a 13GiB/15GiB(86%) CN:1 DL:0.9MiB ETA:36m57s]
[#4a767a 13GiB/15GiB(86%) CN:1 DL:2.8MiB ETA:12m2s]
[#4a767a 13GiB/15GiB(87%) CN:1 DL:3.6MiB ETA:9m16s]
 *** Download Progress Summary as of Mon Jul 13 02:14:00 2026 *** 
===============================================================================
[#4a767a 13GiB/15GiB(87%) CN:1 DL:4.8MiB ETA:7m3s]
FILE: /home/mark/AI/Models/Qwen 3.6/27B/Qwen3.6-27B-Q4_K_M.gguf
-------------------------------------------------------------------------------

[#4a767a 13GiB/15GiB(87%) CN:1 DL:4.8MiB ETA:7m3s]
[#4a767a 13GiB/15GiB(87%) CN:1 DL:5.3MiB ETA:6m17s]
[#4a767a 13GiB/15GiB(87%) CN:1 DL:6.2MiB ETA:5m25s]
[#4a767a 13GiB/15GiB(87%) CN:1 DL:7.0MiB ETA:4m45s]
[#4a767a 13GiB/15GiB(87%) CN:1 DL:8.8MiB ETA:3m45s]
[#4a767a 13GiB/15GiB(87%) CN:1 DL:8.5MiB ETA:3m52s]
[#4a767a 13GiB/15GiB(87%) CN:1 DL:9.9MiB ETA:3m19s]
[#4a767a 13GiB/15GiB(87%) CN:1 DL:8.4MiB ETA:3m54s]
[#4a767a 13GiB/15GiB(87%) CN:1 DL:7.7MiB ETA:4m15s]
[#4a767a 13GiB/15GiB(87%) CN:1 DL:8.2MiB ETA:3m57s]
[#4a767a 13GiB/15GiB(87%) CN:1 DL:10MiB ETA:3m12s]
[#4a767a 13GiB/15GiB(87%) CN:1 DL:12MiB ETA:2m32s]
[#4a767a 13GiB/15GiB(88%) CN:1 DL:17MiB ETA:1m46s]
[#4a767a 13GiB/15GiB(88%) CN:1 DL:18MiB ETA:1m38s]
[#4a767a 13GiB/15GiB(88%) CN:1 DL:18MiB ETA:1m36s]
[#4a767a 13GiB/15GiB(88%) CN:1 DL:18MiB ETA:1m36s]
[#4a767a 13GiB/15GiB(88%) CN:1 DL:19MiB ETA:1m34s]
[#4a767a 13GiB/15GiB(88%) CN:1 DL:20MiB ETA:1m26s]
[#4a767a 13GiB/15GiB(88%) CN:1 DL:19MiB ETA:1m33s]
[#4a767a 13GiB/15GiB(88%) CN:1 DL:17MiB ETA:1m44s]
[#4a767a 13GiB/15GiB(88%) CN:1 DL:14MiB ETA:2m]
[#4a767a 13GiB/15GiB(88%) CN:1 DL:11MiB ETA:2m37s]
[#4a767a 13GiB/15GiB(88%) CN:1 DL:7.0MiB ETA:4m9s]
[#4a767a 13GiB/15GiB(88%) CN:1 DL:6.9MiB ETA:4m14s]
[#4a767a 13GiB/15GiB(88%) CN:1 DL:6.4MiB ETA:4m32s]
[#4a767a 13GiB/15GiB(88%) CN:1 DL:5.4MiB ETA:5m18s]
[#4a767a 13GiB/15GiB(88%) CN:1 DL:4.8MiB ETA:6m3s]
[#4a767a 13GiB/15GiB(88%) CN:1 DL:4.2MiB ETA:6m55s]
[#4a767a 13GiB/15GiB(88%) CN:1 DL:3.9MiB ETA:7m25s]
[#4a767a 13GiB/15GiB(88%) CN:1 DL:3.4MiB ETA:8m22s]
[#4a767a 13GiB/15GiB(89%) CN:1 DL:3.5MiB ETA:8m1s]
[#4a767a 13GiB/15GiB(89%) CN:1 DL:3.7MiB ETA:7m33s]
[#4a767a 13GiB/15GiB(89%) CN:1 DL:3.8MiB ETA:7m23s]
[#4a767a 13GiB/15GiB(89%) CN:1 DL:4.5MiB ETA:6m17s]
[#4a767a 13GiB/15GiB(89%) CN:1 DL:4.6MiB ETA:6m10s]
[#4a767a 13GiB/15GiB(89%) CN:1 DL:5.0MiB ETA:5m36s]
[#4a767a 13GiB/15GiB(89%) CN:1 DL:5.3MiB ETA:5m14s]
[#4a767a 13GiB/15GiB(89%) CN:1 DL:5.4MiB ETA:5m8s]
[#4a767a 13GiB/15GiB(89%) CN:1 DL:6.0MiB ETA:4m37s]
[#4a767a 13GiB/15GiB(89%) CN:1 DL:5.8MiB ETA:4m47s]
[#4a767a 13GiB/15GiB(89%) CN:1 DL:5.6MiB ETA:4m55s]
[#4a767a 13GiB/15GiB(89%) CN:1 DL:5.4MiB ETA:5m8s]
[#4a767a 13GiB/15GiB(89%) CN:1 DL:5.2MiB ETA:5m16s]
[#4a767a 13GiB/15GiB(89%) CN:1 DL:4.8MiB ETA:5m44s]
[#4a767a 13GiB/15GiB(89%) CN:1 DL:4.5MiB ETA:6m8s]
[#4a767a 13GiB/15GiB(89%) CN:1 DL:4.0MiB ETA:6m46s]
[#4a767a 13GiB/15GiB(89%) CN:1 DL:3.8MiB ETA:7m9s]
[#4a767a 13GiB/15GiB(89%) CN:1 DL:3.3MiB ETA:8m10s]
[#4a767a 13GiB/15GiB(89%) CN:1 DL:2.9MiB ETA:9m11s]
[#4a767a 13GiB/15GiB(89%) CN:1 DL:2.9MiB ETA:9m23s]
[#4a767a 13GiB/15GiB(89%) CN:1 DL:2.7MiB ETA:9m45s]
[#4a767a 13GiB/15GiB(89%) CN:1 DL:2.5MiB ETA:10m42s]
[#4a767a 13GiB/15GiB(89%) CN:1 DL:2.6MiB ETA:10m25s]
[#4a767a 13GiB/15GiB(89%) CN:1 DL:2.4MiB ETA:10m54s]
[#4a767a 13GiB/15GiB(89%) CN:1 DL:2.6MiB ETA:10m20s]
[#4a767a 13GiB/15GiB(89%) CN:1 DL:2.5MiB ETA:10m37s]
[#4a767a 13GiB/15GiB(89%) CN:1 DL:2.7MiB ETA:9m50s]
 *** Download Progress Summary as of Mon Jul 13 02:15:01 2026 *** 
===============================================================================
[#4a767a 13GiB/15GiB(89%) CN:1 DL:2.9MiB ETA:9m2s]
FILE: /home/mark/AI/Models/Qwen 3.6/27B/Qwen3.6-27B-Q4_K_M.gguf
-------------------------------------------------------------------------------

[#4a767a 13GiB/15GiB(89%) CN:1 DL:2.9MiB ETA:9m2s]
[#4a767a 13GiB/15GiB(89%) CN:1 DL:3.1MiB ETA:8m32s]
[#4a767a 13GiB/15GiB(89%) CN:1 DL:2.7MiB ETA:9m34s]
[#4a767a 13GiB/15GiB(89%) CN:1 DL:2.8MiB ETA:9m21s]
[#4a767a 13GiB/15GiB(89%) CN:1 DL:2.8MiB ETA:9m30s]
[#4a767a 13GiB/15GiB(89%) CN:1 DL:2.7MiB ETA:9m32s]
[#4a767a 13GiB/15GiB(89%) CN:1 DL:2.5MiB ETA:10m29s]
[#4a767a 13GiB/15GiB(89%) CN:1 DL:2.5MiB ETA:10m37s]
[#4a767a 13GiB/15GiB(89%) CN:1 DL:2.2MiB ETA:11m37s]
[#4a767a 13GiB/15GiB(89%) CN:1 DL:1.7MiB ETA:14m47s]
[#4a767a 13GiB/15GiB(89%) CN:1 DL:1.6MiB ETA:16m23s]
[#4a767a 13GiB/15GiB(89%) CN:1 DL:1.6MiB ETA:15m59s]
[#4a767a 13GiB/15GiB(89%) CN:1 DL:1.7MiB ETA:15m21s]
[#4a767a 13GiB/15GiB(89%) CN:1 DL:1.7MiB ETA:15m32s]
[#4a767a 13GiB/15GiB(89%) CN:1 DL:1.7MiB ETA:15m5s]
[#4a767a 13GiB/15GiB(89%) CN:1 DL:1.8MiB ETA:13m56s]
[#4a767a 13GiB/15GiB(90%) CN:1 DL:1.9MiB ETA:13m49s]
[#4a767a 13GiB/15GiB(90%) CN:1 DL:2.3MiB ETA:11m18s]
[#4a767a 13GiB/15GiB(90%) CN:1 DL:2.4MiB ETA:10m49s]
[#4a767a 13GiB/15GiB(90%) CN:1 DL:2.4MiB ETA:10m50s]
[#4a767a 13GiB/15GiB(90%) CN:1 DL:2.3MiB ETA:11m12s]
[#4a767a 13GiB/15GiB(90%) CN:1 DL:2.0MiB ETA:12m50s]
[#4a767a 13GiB/15GiB(90%) CN:1 DL:2.0MiB ETA:12m30s]
[#4a767a 13GiB/15GiB(90%) CN:1 DL:1.8MiB ETA:13m44s]
[#4a767a 13GiB/15GiB(90%) CN:1 DL:1.7MiB ETA:14m53s]
[#4a767a 13GiB/15GiB(90%) CN:1 DL:1.6MiB ETA:16m11s]
[#4a767a 13GiB/15GiB(90%) CN:1 DL:1.4MiB ETA:17m45s]
[#4a767a 13GiB/15GiB(90%) CN:1 DL:1.2MiB ETA:20m58s]
[#4a767a 13GiB/15GiB(90%) CN:1 DL:1.3MiB ETA:19m37s]
[#4a767a 13GiB/15GiB(90%) CN:1 DL:1.2MiB ETA:20m47s]
[#4a767a 13GiB/15GiB(90%) CN:1 DL:1.0MiB ETA:23m31s]
[#4a767a 13GiB/15GiB(90%) CN:1 DL:1.0MiB ETA:23m49s]
[#4a767a 13GiB/15GiB(90%) CN:1 DL:1.0MiB ETA:23m55s]
[#4a767a 13GiB/15GiB(90%) CN:1 DL:825KiB ETA:32m3s]
[#4a767a 13GiB/15GiB(90%) CN:1 DL:1.0MiB ETA:24m]
[#4a767a 13GiB/15GiB(90%) CN:1 DL:1.7MiB ETA:14m19s]
[#4a767a 13GiB/15GiB(90%) CN:1 DL:2.4MiB ETA:10m20s]
[#4a767a 13GiB/15GiB(90%) CN:1 DL:2.8MiB ETA:8m47s]
[#4a767a 13GiB/15GiB(90%) CN:1 DL:2.7MiB ETA:9m6s]
[#4a767a 13GiB/15GiB(90%) CN:1 DL:2.9MiB ETA:8m34s]
[#4a767a 13GiB/15GiB(90%) CN:1 DL:3.1MiB ETA:8m5s]
[#4a767a 13GiB/15GiB(90%) CN:1 DL:3.1MiB ETA:8m7s]
[#4a767a 13GiB/15GiB(90%) CN:1 DL:2.1MiB ETA:11m48s]
[#4a767a 13GiB/15GiB(90%) CN:1 DL:1.6MiB ETA:15m14s]
[#4a767a 13GiB/15GiB(90%) CN:1 DL:1.3MiB ETA:18m3s]
[#4a767a 13GiB/15GiB(90%) CN:1 DL:1.7MiB ETA:14m13s]
[#4a767a 13GiB/15GiB(90%) CN:1 DL:1.6MiB ETA:15m5s]
[#4a767a 13GiB/15GiB(90%) CN:1 DL:1.5MiB ETA:16m10s]
[#4a767a 13GiB/15GiB(90%) CN:1 DL:1.8MiB ETA:13m37s]
 *** Download Progress Summary as of Mon Jul 13 02:16:01 2026 *** 
===============================================================================
[#4a767a 13GiB/15GiB(90%) CN:1 DL:2.6MiB ETA:9m22s]
FILE: /home/mark/AI/Models/Qwen 3.6/27B/Qwen3.6-27B-Q4_K_M.gguf
-------------------------------------------------------------------------------

[#4a767a 13GiB/15GiB(90%) CN:1 DL:2.6MiB ETA:9m22s]
[#4a767a 13GiB/15GiB(90%) CN:1 DL:2.6MiB ETA:9m22s]
[#4a767a 13GiB/15GiB(90%) CN:1 DL:2.5MiB ETA:9m38s]
[#4a767a 13GiB/15GiB(90%) CN:1 DL:2.6MiB ETA:9m28s]
[#4a767a 13GiB/15GiB(90%) CN:1 DL:2.6MiB ETA:9m10s]
[#4a767a 13GiB/15GiB(90%) CN:1 DL:3.0MiB ETA:8m12s]
[#4a767a 13GiB/15GiB(90%) CN:1 DL:2.5MiB ETA:9m42s]
[#4a767a 13GiB/15GiB(90%) CN:1 DL:1.9MiB ETA:12m22s]
[#4a767a 13GiB/15GiB(90%) CN:1 DL:1.8MiB ETA:13m10s]
[#4a767a 13GiB/15GiB(90%) CN:1 DL:1.7MiB ETA:14m9s]
[#4a767a 13GiB/15GiB(90%) CN:1 DL:1.4MiB ETA:16m54s]
[#4a767a 13GiB/15GiB(90%) CN:1 DL:1.2MiB ETA:19m14s]
[#4a767a 13GiB/15GiB(90%) CN:1 DL:1.2MiB ETA:19m33s]
[#4a767a 13GiB/15GiB(90%) CN:1 DL:1.3MiB ETA:18m39s]
[#4a767a 13GiB/15GiB(90%) CN:1 DL:1.2MiB ETA:19m5s]
[#4a767a 13GiB/15GiB(90%) CN:1 DL:1.2MiB ETA:19m9s]
[#4a767a 13GiB/15GiB(90%) CN:1 DL:1.4MiB ETA:16m39s]
[#4a767a 13GiB/15GiB(90%) CN:1 DL:1.5MiB ETA:16m6s]
[#4a767a 13GiB/15GiB(90%) CN:1 DL:1.4MiB ETA:16m42s]
[#4a767a 13GiB/15GiB(90%) CN:1 DL:1.4MiB ETA:16m38s]
[#4a767a 13GiB/15GiB(90%) CN:1 DL:1.6MiB ETA:14m45s]
[#4a767a 13GiB/15GiB(90%) CN:1 DL:1.5MiB ETA:15m46s]
[#4a767a 13GiB/15GiB(90%) CN:1 DL:1.5MiB ETA:15m36s]
[#4a767a 13GiB/15GiB(90%) CN:1 DL:1.2MiB ETA:19m38s]
[#4a767a 13GiB/15GiB(90%) CN:1 DL:1.2MiB ETA:18m38s]
[#4a767a 13GiB/15GiB(90%) CN:1 DL:1.2MiB ETA:18m46s]
[#4a767a 14GiB/15GiB(90%) CN:1 DL:1.1MiB ETA:20m18s]
[#4a767a 14GiB/15GiB(90%) CN:1 DL:0.9MiB ETA:24m56s]
[#4a767a 14GiB/15GiB(90%) CN:1 DL:1.1MiB ETA:20m33s]
[#4a767a 14GiB/15GiB(90%) CN:1 DL:1.1MiB ETA:21m7s]
[#4a767a 14GiB/15GiB(90%) CN:1 DL:1.4MiB ETA:16m50s]
[#4a767a 14GiB/15GiB(90%) CN:1 DL:1.4MiB ETA:16m2s]
[#4a767a 14GiB/15GiB(90%) CN:1 DL:1.4MiB ETA:16m57s]
[#4a767a 14GiB/15GiB(90%) CN:1 DL:1.4MiB ETA:16m39s]
[#4a767a 14GiB/15GiB(90%) CN:1 DL:1.8MiB ETA:12m47s]
[#4a767a 14GiB/15GiB(90%) CN:1 DL:1.7MiB ETA:13m56s]
[#4a767a 14GiB/15GiB(90%) CN:1 DL:1.5MiB ETA:15m30s]
[#4a767a 14GiB/15GiB(90%) CN:1 DL:1.4MiB ETA:16m53s]
[#4a767a 14GiB/15GiB(90%) CN:1 DL:1.3MiB ETA:17m55s]
[#4a767a 14GiB/15GiB(91%) CN:1 DL:1.4MiB ETA:16m41s]
[#4a767a 14GiB/15GiB(91%) CN:1 DL:1.4MiB ETA:16m11s]
[#4a767a 14GiB/15GiB(91%) CN:1 DL:1.1MiB ETA:20m51s]
[#4a767a 14GiB/15GiB(91%) CN:1 DL:1.5MiB ETA:15m33s]
[#4a767a 14GiB/15GiB(91%) CN:1 DL:1.4MiB ETA:16m17s]
[#4a767a 14GiB/15GiB(91%) CN:1 DL:1.3MiB ETA:17m22s]
[#4a767a 14GiB/15GiB(91%) CN:1 DL:3.0MiB ETA:7m37s]
 *** Download Progress Summary as of Mon Jul 13 02:17:02 2026 *** 
===============================================================================
[#4a767a 14GiB/15GiB(91%) CN:1 DL:4.0MiB ETA:5m40s]
FILE: /home/mark/AI/Models/Qwen 3.6/27B/Qwen3.6-27B-Q4_K_M.gguf
-------------------------------------------------------------------------------

[#4a767a 14GiB/15GiB(91%) CN:1 DL:4.0MiB ETA:5m40s]
[#4a767a 14GiB/15GiB(91%) CN:1 DL:5.3MiB ETA:4m15s]
[#4a767a 14GiB/15GiB(91%) CN:1 DL:5.3MiB ETA:4m12s]
[#4a767a 14GiB/15GiB(91%) CN:1 DL:5.8MiB ETA:3m50s]
[#4a767a 14GiB/15GiB(91%) CN:1 DL:6.4MiB ETA:3m31s]
[#4a767a 14GiB/15GiB(91%) CN:1 DL:7.2MiB ETA:3m6s]
[#4a767a 14GiB/15GiB(91%) CN:1 DL:7.1MiB ETA:3m7s]
[#4a767a 14GiB/15GiB(91%) CN:1 DL:8.0MiB ETA:2m45s]
[#4a767a 14GiB/15GiB(91%) CN:1 DL:6.9MiB ETA:3m11s]
[#4a767a 14GiB/15GiB(91%) CN:1 DL:7.0MiB ETA:3m5s]
[#4a767a 14GiB/15GiB(91%) CN:1 DL:9.6MiB ETA:2m12s]
[#4a767a 14GiB/15GiB(92%) CN:1 DL:15MiB ETA:1m19s]
[#4a767a 14GiB/15GiB(92%) CN:1 DL:17MiB ETA:1m6s]
[#4a767a 14GiB/15GiB(92%) CN:1 DL:18MiB ETA:1m6s]
[#4a767a 14GiB/15GiB(92%) CN:1 DL:18MiB ETA:1m5s]
[#4a767a 14GiB/15GiB(92%) CN:1 DL:17MiB ETA:1m5s]
[#4a767a 14GiB/15GiB(92%) CN:1 DL:17MiB ETA:1m6s]
[#4a767a 14GiB/15GiB(92%) CN:1 DL:17MiB ETA:1m8s]
[#4a767a 14GiB/15GiB(92%) CN:1 DL:15MiB ETA:1m13s]
[#4a767a 14GiB/15GiB(92%) CN:1 DL:11MiB ETA:1m45s]
[#4a767a 14GiB/15GiB(92%) CN:1 DL:5.4MiB ETA:3m31s]
[#4a767a 14GiB/15GiB(92%) CN:1 DL:3.9MiB ETA:4m53s]
[#4a767a 14GiB/15GiB(92%) CN:1 DL:3.3MiB ETA:5m42s]
[#4a767a 14GiB/15GiB(92%) CN:1 DL:3.0MiB ETA:6m16s]
[#4a767a 14GiB/15GiB(92%) CN:1 DL:3.0MiB ETA:6m12s]
[#4a767a 14GiB/15GiB(92%) CN:1 DL:3.0MiB ETA:6m12s]
[#4a767a 14GiB/15GiB(92%) CN:1 DL:2.9MiB ETA:6m29s]
[#4a767a 14GiB/15GiB(92%) CN:1 DL:3.2MiB ETA:5m55s]
[#4a767a 14GiB/15GiB(92%) CN:1 DL:3.0MiB ETA:6m11s]
[#4a767a 14GiB/15GiB(92%) CN:1 DL:2.9MiB ETA:6m27s]
[#4a767a 14GiB/15GiB(92%) CN:1 DL:3.0MiB ETA:6m15s]
[#4a767a 14GiB/15GiB(92%) CN:1 DL:2.8MiB ETA:6m28s]
[#4a767a 14GiB/15GiB(92%) CN:1 DL:3.2MiB ETA:5m47s]
[#4a767a 14GiB/15GiB(92%) CN:1 DL:3.0MiB ETA:6m10s]
[#4a767a 14GiB/15GiB(92%) CN:1 DL:3.4MiB ETA:5m20s]
[#4a767a 14GiB/15GiB(92%) CN:1 DL:3.3MiB ETA:5m30s]
[#4a767a 14GiB/15GiB(92%) CN:1 DL:3.2MiB ETA:5m43s]
[#4a767a 14GiB/15GiB(93%) CN:1 DL:3.5MiB ETA:5m14s]
[#4a767a 14GiB/15GiB(93%) CN:1 DL:3.5MiB ETA:5m7s]
[#4a767a 14GiB/15GiB(93%) CN:1 DL:4.5MiB ETA:3m56s]
[#4a767a 14GiB/15GiB(93%) CN:1 DL:4.2MiB ETA:4m15s]
[#4a767a 14GiB/15GiB(93%) CN:1 DL:4.1MiB ETA:4m20s]
[#4a767a 14GiB/15GiB(93%) CN:1 DL:3.9MiB ETA:4m34s]
[#4a767a 14GiB/15GiB(93%) CN:1 DL:3.7MiB ETA:4m44s]
[#4a767a 14GiB/15GiB(93%) CN:1 DL:3.7MiB ETA:4m45s]
[#4a767a 14GiB/15GiB(93%) CN:1 DL:3.3MiB ETA:5m23s]
[#4a767a 14GiB/15GiB(93%) CN:1 DL:3.2MiB ETA:5m25s]
[#4a767a 14GiB/15GiB(93%) CN:1 DL:2.9MiB ETA:6m2s]
[#4a767a 14GiB/15GiB(93%) CN:1 DL:2.7MiB ETA:6m20s]
[#4a767a 14GiB/15GiB(93%) CN:1 DL:2.6MiB ETA:6m39s]
[#4a767a 14GiB/15GiB(93%) CN:1 DL:2.9MiB ETA:5m56s]
[#4a767a 14GiB/15GiB(93%) CN:1 DL:3.5MiB ETA:4m56s]
[#4a767a 14GiB/15GiB(93%) CN:1 DL:3.9MiB ETA:4m23s]
[#4a767a 14GiB/15GiB(93%) CN:1 DL:4.2MiB ETA:4m4s]
[#4a767a 14GiB/15GiB(93%) CN:1 DL:3.7MiB ETA:4m31s]
 *** Download Progress Summary as of Mon Jul 13 02:18:03 2026 *** 
===============================================================================
[#4a767a 14GiB/15GiB(93%) CN:1 DL:3.9MiB ETA:4m16s]
FILE: /home/mark/AI/Models/Qwen 3.6/27B/Qwen3.6-27B-Q4_K_M.gguf
-------------------------------------------------------------------------------

[#4a767a 14GiB/15GiB(93%) CN:1 DL:3.9MiB ETA:4m16s]
[#4a767a 14GiB/15GiB(93%) CN:1 DL:3.9MiB ETA:4m20s]
[#4a767a 14GiB/15GiB(93%) CN:1 DL:3.8MiB ETA:4m23s]
[#4a767a 14GiB/15GiB(93%) CN:1 DL:3.3MiB ETA:5m6s]
[#4a767a 14GiB/15GiB(93%) CN:1 DL:3.4MiB ETA:4m52s]
[#4a767a 14GiB/15GiB(93%) CN:1 DL:2.8MiB ETA:5m58s]
[#4a767a 14GiB/15GiB(93%) CN:1 DL:2.4MiB ETA:6m49s]
[#4a767a 14GiB/15GiB(93%) CN:1 DL:2.3MiB ETA:7m11s]
[#4a767a 14GiB/15GiB(93%) CN:1 DL:1.8MiB ETA:9m11s]
[#4a767a 14GiB/15GiB(93%) CN:1 DL:1.8MiB ETA:9m2s]
[#4a767a 14GiB/15GiB(93%) CN:1 DL:1.6MiB ETA:9m51s]
[#4a767a 14GiB/15GiB(93%) CN:1 DL:1.7MiB ETA:9m39s]
[#4a767a 14GiB/15GiB(93%) CN:1 DL:1.7MiB ETA:9m31s]
[#4a767a 14GiB/15GiB(93%) CN:1 DL:1.5MiB ETA:10m24s]
[#4a767a 14GiB/15GiB(93%) CN:1 DL:1.6MiB ETA:9m44s]
[#4a767a 14GiB/15GiB(93%) CN:1 DL:1.7MiB ETA:9m35s]
[#4a767a 14GiB/15GiB(93%) CN:1 DL:1.8MiB ETA:9m5s]
[#4a767a 14GiB/15GiB(93%) CN:1 DL:1.9MiB ETA:8m38s]
[#4a767a 14GiB/15GiB(93%) CN:1 DL:1.8MiB ETA:8m38s]
[#4a767a 14GiB/15GiB(93%) CN:1 DL:1.8MiB ETA:9m3s]
[#4a767a 14GiB/15GiB(93%) CN:1 DL:1.7MiB ETA:9m12s]
[#4a767a 14GiB/15GiB(93%) CN:1 DL:1.5MiB ETA:10m29s]
[#4a767a 14GiB/15GiB(93%) CN:1 DL:1.6MiB ETA:9m35s]
[#4a767a 14GiB/15GiB(93%) CN:1 DL:1.8MiB ETA:8m55s]
[#4a767a 14GiB/15GiB(93%) CN:1 DL:2.0MiB ETA:8m3s]
[#4a767a 14GiB/15GiB(93%) CN:1 DL:2.3MiB ETA:6m46s]
[#4a767a 14GiB/15GiB(93%) CN:1 DL:2.4MiB ETA:6m34s]
[#4a767a 14GiB/15GiB(93%) CN:1 DL:2.2MiB ETA:6m59s]
[#4a767a 14GiB/15GiB(93%) CN:1 DL:2.4MiB ETA:6m33s]
[#4a767a 14GiB/15GiB(93%) CN:1 DL:2.4MiB ETA:6m23s]
[#4a767a 14GiB/15GiB(93%) CN:1 DL:2.4MiB ETA:6m32s]
[#4a767a 14GiB/15GiB(93%) CN:1 DL:2.3MiB ETA:6m40s]
[#4a767a 14GiB/15GiB(93%) CN:1 DL:2.2MiB ETA:7m7s]
[#4a767a 14GiB/15GiB(93%) CN:1 DL:1.7MiB ETA:9m10s]
[#4a767a 14GiB/15GiB(93%) CN:1 DL:1.6MiB ETA:9m35s]
[#4a767a 14GiB/15GiB(94%) CN:1 DL:1.7MiB ETA:8m51s]
[#4a767a 14GiB/15GiB(94%) CN:1 DL:1.6MiB ETA:9m27s]
[#4a767a 14GiB/15GiB(94%) CN:1 DL:1.6MiB ETA:9m21s]
[#4a767a 14GiB/15GiB(94%) CN:1 DL:1.5MiB ETA:10m12s]
[#4a767a 14GiB/15GiB(94%) CN:1 DL:1.3MiB ETA:11m21s]
[#4a767a 14GiB/15GiB(94%) CN:1 DL:1.5MiB ETA:10m11s]
[#4a767a 14GiB/15GiB(94%) CN:1 DL:1.5MiB ETA:10m11s]
[#4a767a 14GiB/15GiB(94%) CN:1 DL:1.9MiB ETA:7m59s]
[#4a767a 14GiB/15GiB(94%) CN:1 DL:1.6MiB ETA:9m21s]
[#4a767a 14GiB/15GiB(94%) CN:1 DL:1.9MiB ETA:7m53s]
[#4a767a 14GiB/15GiB(94%) CN:1 DL:2.0MiB ETA:7m32s]
[#4a767a 14GiB/15GiB(94%) CN:1 DL:2.1MiB ETA:7m]
[#4a767a 14GiB/15GiB(94%) CN:1 DL:2.3MiB ETA:6m23s]
[#4a767a 14GiB/15GiB(94%) CN:1 DL:2.1MiB ETA:7m]
[#4a767a 14GiB/15GiB(94%) CN:1 DL:2.2MiB ETA:6m48s]
[#4a767a 14GiB/15GiB(94%) CN:1 DL:2.0MiB ETA:7m35s]
[#4a767a 14GiB/15GiB(94%) CN:1 DL:1.8MiB ETA:7m59s]
[#4a767a 14GiB/15GiB(94%) CN:1 DL:1.8MiB ETA:8m6s]
 *** Download Progress Summary as of Mon Jul 13 02:19:04 2026 *** 
===============================================================================
[#4a767a 14GiB/15GiB(94%) CN:1 DL:1.6MiB ETA:9m16s]
FILE: /home/mark/AI/Models/Qwen 3.6/27B/Qwen3.6-27B-Q4_K_M.gguf
-------------------------------------------------------------------------------

[#4a767a 14GiB/15GiB(94%) CN:1 DL:1.6MiB ETA:9m16s]
[#4a767a 14GiB/15GiB(94%) CN:1 DL:1.7MiB ETA:8m43s]
[#4a767a 14GiB/15GiB(94%) CN:1 DL:1.7MiB ETA:8m46s]
[#4a767a 14GiB/15GiB(94%) CN:1 DL:1.7MiB ETA:8m24s]
[#4a767a 14GiB/15GiB(94%) CN:1 DL:1.6MiB ETA:8m50s]
[#4a767a 14GiB/15GiB(94%) CN:1 DL:1.8MiB ETA:7m52s]
[#4a767a 14GiB/15GiB(94%) CN:1 DL:1.6MiB ETA:9m1s]
[#4a767a 14GiB/15GiB(94%) CN:1 DL:1.8MiB ETA:8m3s]
[#4a767a 14GiB/15GiB(94%) CN:1 DL:1.4MiB ETA:10m8s]
[#4a767a 14GiB/15GiB(94%) CN:1 DL:1.6MiB ETA:9m2s]
[#4a767a 14GiB/15GiB(94%) CN:1 DL:1.8MiB ETA:7m59s]
[#4a767a 14GiB/15GiB(94%) CN:1 DL:1.7MiB ETA:8m12s]
[#4a767a 14GiB/15GiB(94%) CN:1 DL:2.0MiB ETA:7m8s]
[#4a767a 14GiB/15GiB(94%) CN:1 DL:2.2MiB ETA:6m30s]
[#4a767a 14GiB/15GiB(94%) CN:1 DL:2.3MiB ETA:6m10s]
[#4a767a 14GiB/15GiB(94%) CN:1 DL:2.3MiB ETA:6m14s]
[#4a767a 14GiB/15GiB(94%) CN:1 DL:2.6MiB ETA:5m25s]
[#4a767a 14GiB/15GiB(94%) CN:1 DL:2.5MiB ETA:5m37s]
[#4a767a 14GiB/15GiB(94%) CN:1 DL:2.4MiB ETA:5m53s]
[#4a767a 14GiB/15GiB(94%) CN:1 DL:2.9MiB ETA:4m51s]
[#4a767a 14GiB/15GiB(94%) CN:1 DL:2.7MiB ETA:5m9s]
[#4a767a 14GiB/15GiB(94%) CN:1 DL:2.4MiB ETA:5m47s]
[#4a767a 14GiB/15GiB(94%) CN:1 DL:2.4MiB ETA:5m47s]
[#4a767a 14GiB/15GiB(94%) CN:1 DL:2.6MiB ETA:5m19s]
[#4a767a 14GiB/15GiB(94%) CN:1 DL:2.7MiB ETA:4m59s]
[#4a767a 14GiB/15GiB(94%) CN:1 DL:2.9MiB ETA:4m39s]
[#4a767a 14GiB/15GiB(94%) CN:1 DL:2.7MiB ETA:5m7s]
[#4a767a 14GiB/15GiB(94%) CN:1 DL:2.5MiB ETA:5m22s]
[#4a767a 14GiB/15GiB(94%) CN:1 DL:2.7MiB ETA:5m]
[#4a767a 14GiB/15GiB(94%) CN:1 DL:2.5MiB ETA:5m27s]
[#4a767a 14GiB/15GiB(94%) CN:1 DL:2.3MiB ETA:5m58s]
[#4a767a 14GiB/15GiB(94%) CN:1 DL:2.0MiB ETA:6m41s]
[#4a767a 14GiB/15GiB(94%) CN:1 DL:1.9MiB ETA:6m55s]
[#4a767a 14GiB/15GiB(94%) CN:1 DL:1.8MiB ETA:7m27s]
[#4a767a 14GiB/15GiB(94%) CN:1 DL:1.6MiB ETA:8m22s]
[#4a767a 14GiB/15GiB(94%) CN:1 DL:1.6MiB ETA:8m20s]
[#4a767a 14GiB/15GiB(94%) CN:1 DL:1.3MiB ETA:10m6s]
[#4a767a 14GiB/15GiB(94%) CN:1 DL:1.1MiB ETA:11m58s]
[#4a767a 14GiB/15GiB(94%) CN:1 DL:1.1MiB ETA:11m27s]
[#4a767a 14GiB/15GiB(94%) CN:1 DL:1.1MiB ETA:11m59s]
[#4a767a 14GiB/15GiB(94%) CN:1 DL:1.3MiB ETA:10m9s]
[#4a767a 14GiB/15GiB(94%) CN:1 DL:1.6MiB ETA:7m55s]
[#4a767a 14GiB/15GiB(94%) CN:1 DL:2.0MiB ETA:6m29s]
[#4a767a 14GiB/15GiB(94%) CN:1 DL:2.0MiB ETA:6m26s]
[#4a767a 14GiB/15GiB(94%) CN:1 DL:1.8MiB ETA:7m16s]
[#4a767a 14GiB/15GiB(94%) CN:1 DL:1.9MiB ETA:6m51s]
[#4a767a 14GiB/15GiB(94%) CN:1 DL:1.7MiB ETA:7m27s]
[#4a767a 14GiB/15GiB(94%) CN:1 DL:1.6MiB ETA:7m51s]
[#4a767a 14GiB/15GiB(94%) CN:1 DL:1.2MiB ETA:10m50s]
 *** Download Progress Summary as of Mon Jul 13 02:20:04 2026 *** 
===============================================================================
[#4a767a 14GiB/15GiB(95%) CN:1 DL:1.0MiB ETA:12m16s]
FILE: /home/mark/AI/Models/Qwen 3.6/27B/Qwen3.6-27B-Q4_K_M.gguf
-------------------------------------------------------------------------------

[#4a767a 14GiB/15GiB(95%) CN:1 DL:1.0MiB ETA:12m16s]
[#4a767a 14GiB/15GiB(95%) CN:1 DL:1.1MiB ETA:11m40s]
[#4a767a 14GiB/15GiB(95%) CN:1 DL:1.1MiB ETA:11m32s]
[#4a767a 14GiB/15GiB(95%) CN:1 DL:1.4MiB ETA:9m]
[#4a767a 14GiB/15GiB(95%) CN:1 DL:1.5MiB ETA:8m22s]
[#4a767a 14GiB/15GiB(95%) CN:1 DL:1.7MiB ETA:7m18s]
[#4a767a 14GiB/15GiB(95%) CN:1 DL:1.8MiB ETA:7m7s]
[#4a767a 14GiB/15GiB(95%) CN:1 DL:1.7MiB ETA:7m10s]
[#4a767a 14GiB/15GiB(95%) CN:1 DL:1.7MiB ETA:7m7s]
[#4a767a 14GiB/15GiB(95%) CN:1 DL:1.7MiB ETA:7m22s]
[#4a767a 14GiB/15GiB(95%) CN:1 DL:1.2MiB ETA:10m35s]
[#4a767a 14GiB/15GiB(95%) CN:1 DL:1.0MiB ETA:11m47s]
[#4a767a 14GiB/15GiB(95%) CN:1 DL:838KiB ETA:15m31s]
[#4a767a 14GiB/15GiB(95%) CN:1 DL:788KiB ETA:16m30s]
[#4a767a 14GiB/15GiB(95%) CN:1 DL:627KiB ETA:20m42s]
[#4a767a 14GiB/15GiB(95%) CN:1 DL:426KiB ETA:30m25s]
[#4a767a 14GiB/15GiB(95%) CN:1 DL:486KiB ETA:26m39s]
[#4a767a 14GiB/15GiB(95%) CN:1 DL:589KiB ETA:21m57s]
[#4a767a 14GiB/15GiB(95%) CN:1 DL:589KiB ETA:21m55s]
[#4a767a 14GiB/15GiB(95%) CN:1 DL:569KiB ETA:22m42s]
[#4a767a 14GiB/15GiB(95%) CN:1 DL:628KiB ETA:20m31s]
[#4a767a 14GiB/15GiB(95%) CN:1 DL:0.9MiB ETA:13m31s]
[#4a767a 14GiB/15GiB(95%) CN:1 DL:0.9MiB ETA:13m26s]
[#4a767a 14GiB/15GiB(95%) CN:1 DL:909KiB ETA:14m5s]
[#4a767a 14GiB/15GiB(95%) CN:1 DL:873KiB ETA:14m39s]
[#4a767a 14GiB/15GiB(95%) CN:1 DL:892KiB ETA:14m18s]
[#4a767a 14GiB/15GiB(95%) CN:1 DL:0.9MiB ETA:12m38s]
[#4a767a 14GiB/15GiB(95%) CN:1 DL:703KiB ETA:18m3s]
[#4a767a 14GiB/15GiB(95%) CN:1 DL:818KiB ETA:15m30s]
[#4a767a 14GiB/15GiB(95%) CN:1 DL:0.9MiB ETA:13m38s]
[#4a767a 14GiB/15GiB(95%) CN:1 DL:1.0MiB ETA:12m8s]
[#4a767a 14GiB/15GiB(95%) CN:1 DL:0.9MiB ETA:13m11s]
[#4a767a 14GiB/15GiB(95%) CN:1 DL:0.9MiB ETA:13m35s]
[#4a767a 14GiB/15GiB(95%) CN:1 DL:871KiB ETA:14m26s]
[#4a767a 14GiB/15GiB(95%) CN:1 DL:1.1MiB ETA:10m24s]
[#4a767a 14GiB/15GiB(95%) CN:1 DL:1.2MiB ETA:10m9s]
[#4a767a 14GiB/15GiB(95%) CN:1 DL:1.4MiB ETA:8m30s]
[#4a767a 14GiB/15GiB(95%) CN:1 DL:1.3MiB ETA:9m2s]
[#4a767a 14GiB/15GiB(95%) CN:1 DL:1.2MiB ETA:9m51s]
[#4a767a 14GiB/15GiB(95%) CN:1 DL:1.3MiB ETA:9m8s]
[#4a767a 14GiB/15GiB(95%) CN:1 DL:1.1MiB ETA:10m50s]
 *** Download Progress Summary as of Mon Jul 13 02:21:05 2026 *** 
===============================================================================
[#4a767a 14GiB/15GiB(95%) CN:1 DL:1.2MiB ETA:9m40s]
FILE: /home/mark/AI/Models/Qwen 3.6/27B/Qwen3.6-27B-Q4_K_M.gguf
-------------------------------------------------------------------------------

[#4a767a 14GiB/15GiB(95%) CN:1 DL:1.2MiB ETA:9m40s]
[#4a767a 14GiB/15GiB(95%) CN:1 DL:1.3MiB ETA:8m39s]
[#4a767a 14GiB/15GiB(95%) CN:1 DL:1.0MiB ETA:10m58s]
[#4a767a 14GiB/15GiB(95%) CN:1 DL:1.2MiB ETA:9m35s]
[#4a767a 14GiB/15GiB(95%) CN:1 DL:1.2MiB ETA:9m23s]
[#4a767a 14GiB/15GiB(95%) CN:1 DL:1.3MiB ETA:8m54s]
[#4a767a 14GiB/15GiB(95%) CN:1 DL:1.1MiB ETA:10m26s]
[#4a767a 14GiB/15GiB(95%) CN:1 DL:1.0MiB ETA:11m23s]
[#4a767a 14GiB/15GiB(95%) CN:1 DL:1.0MiB ETA:11m32s]
[#4a767a 14GiB/15GiB(95%) CN:1 DL:889KiB ETA:13m34s]
[#4a767a 14GiB/15GiB(95%) CN:1 DL:804KiB ETA:14m59s]
[#4a767a 14GiB/15GiB(95%) CN:1 DL:656KiB ETA:18m19s]
[#4a767a 14GiB/15GiB(95%) CN:1 DL:520KiB ETA:23m6s]
[#4a767a 14GiB/15GiB(95%) CN:1 DL:505KiB ETA:23m45s]
[#4a767a 14GiB/15GiB(95%) CN:1 DL:637KiB ETA:18m47s]
[#4a767a 14GiB/15GiB(95%) CN:1 DL:828KiB ETA:14m24s]
[#4a767a 14GiB/15GiB(95%) CN:1 DL:880KiB ETA:13m32s]
[#4a767a 14GiB/15GiB(95%) CN:1 DL:906KiB ETA:13m8s]
[#4a767a 14GiB/15GiB(95%) CN:1 DL:895KiB ETA:13m16s]
[#4a767a 14GiB/15GiB(95%) CN:1 DL:1.1MiB ETA:10m15s]
[#4a767a 14GiB/15GiB(95%) CN:1 DL:1.4MiB ETA:8m2s]
[#4a767a 14GiB/15GiB(95%) CN:1 DL:1.6MiB ETA:6m52s]
[#4a767a 14GiB/15GiB(95%) CN:1 DL:1.5MiB ETA:7m9s]
[#4a767a 14GiB/15GiB(95%) CN:1 DL:1.5MiB ETA:7m34s]
[#4a767a 14GiB/15GiB(95%) CN:1 DL:1.4MiB ETA:7m44s]
[#4a767a 14GiB/15GiB(95%) CN:1 DL:1.5MiB ETA:7m15s]
[#4a767a 14GiB/15GiB(95%) CN:1 DL:1.5MiB ETA:7m27s]
[#4a767a 14GiB/15GiB(95%) CN:1 DL:1.3MiB ETA:8m26s]
[#4a767a 14GiB/15GiB(95%) CN:1 DL:0.9MiB ETA:12m24s]
[#4a767a 14GiB/15GiB(95%) CN:1 DL:0.9MiB ETA:12m]
[#4a767a 14GiB/15GiB(95%) CN:1 DL:0.9MiB ETA:12m4s]
[#4a767a 14GiB/15GiB(95%) CN:1 DL:1.1MiB ETA:9m54s]
[#4a767a 14GiB/15GiB(95%) CN:1 DL:1.3MiB ETA:8m9s]
[#4a767a 14GiB/15GiB(95%) CN:1 DL:1.4MiB ETA:7m53s]
[#4a767a 14GiB/15GiB(95%) CN:1 DL:1.3MiB ETA:8m11s]
[#4a767a 14GiB/15GiB(95%) CN:1 DL:1.2MiB ETA:8m46s]
[#4a767a 14GiB/15GiB(95%) CN:1 DL:1.1MiB ETA:9m46s]
[#4a767a 14GiB/15GiB(95%) CN:1 DL:1.0MiB ETA:10m37s]
[#4a767a 14GiB/15GiB(95%) CN:1 DL:0.9MiB ETA:12m8s]
[#4a767a 14GiB/15GiB(95%) CN:1 DL:769KiB ETA:14m48s]
[#4a767a 14GiB/15GiB(95%) CN:1 DL:552KiB ETA:20m35s]
[#4a767a 14GiB/15GiB(95%) CN:1 DL:756KiB ETA:14m58s]
[#4a767a 14GiB/15GiB(96%) CN:1 DL:4.7MiB ETA:2m11s]
[#4a767a 14GiB/15GiB(96%) CN:1 DL:10MiB ETA:54s]
[#4a767a 14GiB/15GiB(96%) CN:1 DL:12MiB ETA:43s]
 *** Download Progress Summary as of Mon Jul 13 02:22:05 2026 *** 
===============================================================================
[#4a767a 14GiB/15GiB(96%) CN:1 DL:12MiB ETA:44s]
FILE: /home/mark/AI/Models/Qwen 3.6/27B/Qwen3.6-27B-Q4_K_M.gguf
-------------------------------------------------------------------------------

[#4a767a 14GiB/15GiB(96%) CN:1 DL:12MiB ETA:44s]
[#4a767a 14GiB/15GiB(96%) CN:1 DL:12MiB ETA:42s]
[#4a767a 14GiB/15GiB(96%) CN:1 DL:12MiB ETA:42s]
[#4a767a 14GiB/15GiB(96%) CN:1 DL:12MiB ETA:42s]
[#4a767a 14GiB/15GiB(96%) CN:1 DL:12MiB ETA:43s]
[#4a767a 14GiB/15GiB(96%) CN:1 DL:7.6MiB ETA:1m10s]
[#4a767a 14GiB/15GiB(96%) CN:1 DL:3.1MiB ETA:2m49s]
[#4a767a 14GiB/15GiB(96%) CN:1 DL:1.3MiB ETA:6m38s]
[#4a767a 14GiB/15GiB(96%) CN:1 DL:1.2MiB ETA:7m5s]
[#4a767a 14GiB/15GiB(96%) CN:1 DL:1.0MiB ETA:8m27s]
[#4a767a 14GiB/15GiB(96%) CN:1 DL:1.0MiB ETA:8m14s]
[#4a767a 14GiB/15GiB(96%) CN:1 DL:1.0MiB ETA:8m29s]
[#4a767a 14GiB/15GiB(96%) CN:1 DL:1.0MiB ETA:8m13s]
[#4a767a 14GiB/15GiB(96%) CN:1 DL:0.9MiB ETA:9m19s]
[#4a767a 14GiB/15GiB(96%) CN:1 DL:713KiB ETA:12m44s]
[#4a767a 14GiB/15GiB(96%) CN:1 DL:675KiB ETA:13m27s]
[#4a767a 14GiB/15GiB(96%) CN:1 DL:663KiB ETA:13m41s]
[#4a767a 14GiB/15GiB(96%) CN:1 DL:489KiB ETA:18m32s]
[#4a767a 14GiB/15GiB(96%) CN:1 DL:659KiB ETA:13m40s]
[#4a767a 14GiB/15GiB(96%) CN:1 DL:676KiB ETA:13m19s]
[#4a767a 14GiB/15GiB(96%) CN:1 DL:687KiB ETA:13m5s]
[#4a767a 14GiB/15GiB(96%) CN:1 DL:685KiB ETA:13m7s]
[#4a767a 14GiB/15GiB(96%) CN:1 DL:698KiB ETA:12m51s]
[#4a767a 14GiB/15GiB(96%) CN:1 DL:754KiB ETA:11m53s]
[#4a767a 14GiB/15GiB(96%) CN:1 DL:707KiB ETA:12m40s]
[#4a767a 14GiB/15GiB(96%) CN:1 DL:684KiB ETA:13m4s]
[#4a767a 14GiB/15GiB(96%) CN:1 DL:428KiB ETA:20m51s]
[#4a767a 14GiB/15GiB(96%) CN:1 DL:498KiB ETA:17m55s]
[#4a767a 14GiB/15GiB(96%) CN:1 DL:477KiB ETA:18m40s]
[#4a767a 14GiB/15GiB(96%) CN:1 DL:473KiB ETA:18m50s]
[#4a767a 14GiB/15GiB(96%) CN:1 DL:440KiB ETA:20m13s]
[#4a767a 14GiB/15GiB(96%) CN:1 DL:566KiB ETA:15m39s]
[#4a767a 14GiB/15GiB(96%) CN:1 DL:691KiB ETA:12m47s]
[#4a767a 14GiB/15GiB(96%) CN:1 DL:736KiB ETA:12m]
[#4a767a 14GiB/15GiB(96%) CN:1 DL:0.9MiB ETA:9m31s]
[#4a767a 14GiB/15GiB(96%) CN:1 DL:1.1MiB ETA:7m21s]
[#4a767a 14GiB/15GiB(96%) CN:1 DL:1.2MiB ETA:6m57s]
[#4a767a 14GiB/15GiB(96%) CN:1 DL:1.2MiB ETA:6m55s]
[#4a767a 14GiB/15GiB(96%) CN:1 DL:1.1MiB ETA:7m36s]
[#4a767a 14GiB/15GiB(96%) CN:1 DL:1.0MiB ETA:7m57s]
[#4a767a 14GiB/15GiB(96%) CN:1 DL:1.0MiB ETA:7m52s]
[#4a767a 14GiB/15GiB(96%) CN:1 DL:1.0MiB ETA:7m45s]
[#4a767a 14GiB/15GiB(96%) CN:1 DL:897KiB ETA:9m38s]
[#4a767a 14GiB/15GiB(96%) CN:1 DL:756KiB ETA:11m24s]
[#4a767a 14GiB/15GiB(96%) CN:1 DL:662KiB ETA:13m]
[#4a767a 14GiB/15GiB(96%) CN:1 DL:626KiB ETA:13m45s]
[#4a767a 14GiB/15GiB(96%) CN:1 DL:746KiB ETA:11m30s]
[#4a767a 14GiB/15GiB(96%) CN:1 DL:702KiB ETA:12m12s]
[#4a767a 14GiB/15GiB(96%) CN:1 DL:671KiB ETA:12m44s]
 *** Download Progress Summary as of Mon Jul 13 02:23:06 2026 *** 
===============================================================================
[#4a767a 14GiB/15GiB(96%) CN:1 DL:720KiB ETA:11m51s]
FILE: /home/mark/AI/Models/Qwen 3.6/27B/Qwen3.6-27B-Q4_K_M.gguf
-------------------------------------------------------------------------------

[#4a767a 14GiB/15GiB(96%) CN:1 DL:720KiB ETA:11m51s]
[#4a767a 14GiB/15GiB(96%) CN:1 DL:681KiB ETA:12m31s]
[#4a767a 14GiB/15GiB(96%) CN:1 DL:866KiB ETA:9m47s]
[#4a767a 14GiB/15GiB(96%) CN:1 DL:918KiB ETA:9m13s]
[#4a767a 14GiB/15GiB(96%) CN:1 DL:1.0MiB ETA:7m50s]
[#4a767a 14GiB/15GiB(96%) CN:1 DL:0.9MiB ETA:8m29s]
[#4a767a 14GiB/15GiB(96%) CN:1 DL:0.9MiB ETA:8m20s]
[#4a767a 14GiB/15GiB(96%) CN:1 DL:0.9MiB ETA:9m2s]
[#4a767a 14GiB/15GiB(96%) CN:1 DL:860KiB ETA:9m46s]
[#4a767a 14GiB/15GiB(96%) CN:1 DL:0.9MiB ETA:8m48s]
[#4a767a 14GiB/15GiB(96%) CN:1 DL:679KiB ETA:12m20s]
[#4a767a 14GiB/15GiB(96%) CN:1 DL:679KiB ETA:12m19s]
[#4a767a 14GiB/15GiB(96%) CN:1 DL:612KiB ETA:13m37s]
[#4a767a 14GiB/15GiB(96%) CN:1 DL:616KiB ETA:13m31s]
[#4a767a 14GiB/15GiB(96%) CN:1 DL:676KiB ETA:12m16s]
[#4a767a 14GiB/15GiB(96%) CN:1 DL:688KiB ETA:12m3s]
[#4a767a 14GiB/15GiB(96%) CN:1 DL:780KiB ETA:10m36s]
[#4a767a 14GiB/15GiB(96%) CN:1 DL:793KiB ETA:10m24s]
[#4a767a 14GiB/15GiB(96%) CN:1 DL:1.0MiB ETA:7m35s]
[#4a767a 14GiB/15GiB(96%) CN:1 DL:0.9MiB ETA:8m25s]
[#4a767a 14GiB/15GiB(96%) CN:1 DL:1.0MiB ETA:7m55s]
[#4a767a 14GiB/15GiB(96%) CN:1 DL:0.9MiB ETA:8m8s]
[#4a767a 14GiB/15GiB(96%) CN:1 DL:1.0MiB ETA:7m42s]
[#4a767a 14GiB/15GiB(96%) CN:1 DL:1.1MiB ETA:6m37s]
[#4a767a 14GiB/15GiB(96%) CN:1 DL:1.1MiB ETA:6m52s]
[#4a767a 14GiB/15GiB(97%) CN:1 DL:0.9MiB ETA:8m22s]
[#4a767a 14GiB/15GiB(97%) CN:1 DL:0.9MiB ETA:8m39s]
[#4a767a 14GiB/15GiB(97%) CN:1 DL:792KiB ETA:10m9s]
[#4a767a 14GiB/15GiB(97%) CN:1 DL:887KiB ETA:9m1s]
[#4a767a 14GiB/15GiB(97%) CN:1 DL:815KiB ETA:9m49s]
[#4a767a 14GiB/15GiB(97%) CN:1 DL:701KiB ETA:11m22s]
[#4a767a 14GiB/15GiB(97%) CN:1 DL:0.9MiB ETA:7m59s]
[#4a767a 14GiB/15GiB(97%) CN:1 DL:832KiB ETA:9m31s]
[#4a767a 14GiB/15GiB(97%) CN:1 DL:864KiB ETA:9m9s]
[#4a767a 14GiB/15GiB(97%) CN:1 DL:0.9MiB ETA:8m9s]
[#4a767a 14GiB/15GiB(97%) CN:1 DL:826KiB ETA:9m32s]
[#4a767a 14GiB/15GiB(97%) CN:1 DL:803KiB ETA:9m48s]
[#4a767a 14GiB/15GiB(97%) CN:1 DL:741KiB ETA:10m35s]
[#4a767a 14GiB/15GiB(97%) CN:1 DL:561KiB ETA:13m58s]
[#4a767a 14GiB/15GiB(97%) CN:1 DL:765KiB ETA:10m12s]
[#4a767a 14GiB/15GiB(97%) CN:1 DL:0.9MiB ETA:8m6s]
[#4a767a 14GiB/15GiB(97%) CN:1 DL:1.0MiB ETA:7m9s]
[#4a767a 14GiB/15GiB(97%) CN:1 DL:1.0MiB ETA:7m28s]
[#4a767a 14GiB/15GiB(97%) CN:1 DL:1.2MiB ETA:5m52s]
[#4a767a 14GiB/15GiB(97%) CN:1 DL:1.5MiB ETA:4m57s]
 *** Download Progress Summary as of Mon Jul 13 02:24:06 2026 *** 
===============================================================================
[#4a767a 14GiB/15GiB(97%) CN:1 DL:2.3MiB ETA:3m9s]
FILE: /home/mark/AI/Models/Qwen 3.6/27B/Qwen3.6-27B-Q4_K_M.gguf
-------------------------------------------------------------------------------

[#4a767a 14GiB/15GiB(97%) CN:1 DL:2.3MiB ETA:3m9s]
[#4a767a 14GiB/15GiB(97%) CN:1 DL:3.9MiB ETA:1m46s]
[#4a767a 15GiB/15GiB(97%) CN:1 DL:5.8MiB ETA:1m9s]
[#4a767a 15GiB/15GiB(97%) CN:1 DL:6.4MiB ETA:1m]
[#4a767a 15GiB/15GiB(97%) CN:1 DL:7.1MiB ETA:53s]
[#4a767a 15GiB/15GiB(97%) CN:1 DL:8.5MiB ETA:44s]
[#4a767a 15GiB/15GiB(97%) CN:1 DL:8.3MiB ETA:44s]
[#4a767a 15GiB/15GiB(97%) CN:1 DL:9.2MiB ETA:39s]
[#4a767a 15GiB/15GiB(97%) CN:1 DL:10MiB ETA:35s]
[#4a767a 15GiB/15GiB(97%) CN:1 DL:9.5MiB ETA:36s]
[#4a767a 15GiB/15GiB(97%) CN:1 DL:8.3MiB ETA:42s]
[#4a767a 15GiB/15GiB(97%) CN:1 DL:6.5MiB ETA:53s]
[#4a767a 15GiB/15GiB(97%) CN:1 DL:5.1MiB ETA:1m6s]
[#4a767a 15GiB/15GiB(97%) CN:1 DL:4.7MiB ETA:1m11s]
[#4a767a 15GiB/15GiB(97%) CN:1 DL:4.4MiB ETA:1m14s]
[#4a767a 15GiB/15GiB(97%) CN:1 DL:4.5MiB ETA:1m12s]
[#4a767a 15GiB/15GiB(97%) CN:1 DL:4.1MiB ETA:1m17s]
[#4a767a 15GiB/15GiB(97%) CN:1 DL:4.0MiB ETA:1m20s]
[#4a767a 15GiB/15GiB(97%) CN:1 DL:3.5MiB ETA:1m29s]
[#4a767a 15GiB/15GiB(97%) CN:1 DL:3.2MiB ETA:1m36s]
[#4a767a 15GiB/15GiB(97%) CN:1 DL:3.2MiB ETA:1m37s]
[#4a767a 15GiB/15GiB(98%) CN:1 DL:2.7MiB ETA:1m51s]
[#4a767a 15GiB/15GiB(98%) CN:1 DL:3.0MiB ETA:1m41s]
[#4a767a 15GiB/15GiB(98%) CN:1 DL:2.4MiB ETA:2m7s]
[#4a767a 15GiB/15GiB(98%) CN:1 DL:2.3MiB ETA:2m6s]
[#4a767a 15GiB/15GiB(98%) CN:1 DL:2.4MiB ETA:2m1s]
[#4a767a 15GiB/15GiB(98%) CN:1 DL:2.7MiB ETA:1m45s]
[#4a767a 15GiB/15GiB(98%) CN:1 DL:3.2MiB ETA:1m29s]
[#4a767a 15GiB/15GiB(98%) CN:1 DL:3.3MiB ETA:1m24s]
[#4a767a 15GiB/15GiB(98%) CN:1 DL:3.7MiB ETA:1m15s]
[#4a767a 15GiB/15GiB(98%) CN:1 DL:3.7MiB ETA:1m14s]
[#4a767a 15GiB/15GiB(98%) CN:1 DL:3.8MiB ETA:1m10s]
[#4a767a 15GiB/15GiB(98%) CN:1 DL:4.1MiB ETA:1m4s]
[#4a767a 15GiB/15GiB(98%) CN:1 DL:3.9MiB ETA:1m7s]
[#4a767a 15GiB/15GiB(98%) CN:1 DL:3.5MiB ETA:1m13s]
[#4a767a 15GiB/15GiB(98%) CN:1 DL:3.3MiB ETA:1m17s]
[#4a767a 15GiB/15GiB(98%) CN:1 DL:3.0MiB ETA:1m23s]
[#4a767a 15GiB/15GiB(98%) CN:1 DL:2.6MiB ETA:1m38s]
[#4a767a 15GiB/15GiB(98%) CN:1 DL:2.2MiB ETA:1m51s]
[#4a767a 15GiB/15GiB(98%) CN:1 DL:2.4MiB ETA:1m42s]
[#4a767a 15GiB/15GiB(98%) CN:1 DL:2.5MiB ETA:1m34s]
[#4a767a 15GiB/15GiB(98%) CN:1 DL:2.6MiB ETA:1m30s]
[#4a767a 15GiB/15GiB(98%) CN:1 DL:2.7MiB ETA:1m27s]
[#4a767a 15GiB/15GiB(98%) CN:1 DL:2.7MiB ETA:1m24s]
[#4a767a 15GiB/15GiB(98%) CN:1 DL:3.1MiB ETA:1m13s]
[#4a767a 15GiB/15GiB(98%) CN:1 DL:2.9MiB ETA:1m16s]
[#4a767a 15GiB/15GiB(98%) CN:1 DL:3.1MiB ETA:1m10s]
[#4a767a 15GiB/15GiB(98%) CN:1 DL:2.9MiB ETA:1m14s]
[#4a767a 15GiB/15GiB(98%) CN:1 DL:2.7MiB ETA:1m19s]
[#4a767a 15GiB/15GiB(98%) CN:1 DL:2.3MiB ETA:1m31s]
[#4a767a 15GiB/15GiB(98%) CN:1 DL:2.4MiB ETA:1m27s]
[#4a767a 15GiB/15GiB(98%) CN:1 DL:2.2MiB ETA:1m35s]
[#4a767a 15GiB/15GiB(98%) CN:1 DL:2.7MiB ETA:1m14s]
[#4a767a 15GiB/15GiB(98%) CN:1 DL:2.8MiB ETA:1m11s]
 *** Download Progress Summary as of Mon Jul 13 02:25:06 2026 *** 
===============================================================================
[#4a767a 15GiB/15GiB(98%) CN:1 DL:2.9MiB ETA:1m6s]
FILE: /home/mark/AI/Models/Qwen 3.6/27B/Qwen3.6-27B-Q4_K_M.gguf
-------------------------------------------------------------------------------

[#4a767a 15GiB/15GiB(98%) CN:1 DL:2.9MiB ETA:1m6s]
[#4a767a 15GiB/15GiB(98%) CN:1 DL:2.8MiB ETA:1m8s]
[#4a767a 15GiB/15GiB(98%) CN:1 DL:3.0MiB ETA:1m4s]
[#4a767a 15GiB/15GiB(98%) CN:1 DL:2.8MiB ETA:1m6s]
[#4a767a 15GiB/15GiB(98%) CN:1 DL:2.7MiB ETA:1m9s]
[#4a767a 15GiB/15GiB(98%) CN:1 DL:2.6MiB ETA:1m11s]
[#4a767a 15GiB/15GiB(98%) CN:1 DL:1.8MiB ETA:1m42s]
[#4a767a 15GiB/15GiB(98%) CN:1 DL:2.0MiB ETA:1m29s]
[#4a767a 15GiB/15GiB(98%) CN:1 DL:2.2MiB ETA:1m20s]
[#4a767a 15GiB/15GiB(98%) CN:1 DL:1.8MiB ETA:1m35s]
[#4a767a 15GiB/15GiB(98%) CN:1 DL:1.9MiB ETA:1m32s]
[#4a767a 15GiB/15GiB(98%) CN:1 DL:1.8MiB ETA:1m35s]
[#4a767a 15GiB/15GiB(98%) CN:1 DL:1.8MiB ETA:1m32s]
[#4a767a 15GiB/15GiB(98%) CN:1 DL:2.0MiB ETA:1m23s]
[#4a767a 15GiB/15GiB(98%) CN:1 DL:2.1MiB ETA:1m19s]
[#4a767a 15GiB/15GiB(98%) CN:1 DL:1.7MiB ETA:1m32s]
[#4a767a 15GiB/15GiB(98%) CN:1 DL:1.7MiB ETA:1m31s]
[#4a767a 15GiB/15GiB(98%) CN:1 DL:1.6MiB ETA:1m35s]
[#4a767a 15GiB/15GiB(98%) CN:1 DL:1.6MiB ETA:1m38s]
[#4a767a 15GiB/15GiB(99%) CN:1 DL:1.7MiB ETA:1m31s]
[#4a767a 15GiB/15GiB(99%) CN:1 DL:1.7MiB ETA:1m28s]
[#4a767a 15GiB/15GiB(99%) CN:1 DL:1.8MiB ETA:1m21s]
[#4a767a 15GiB/15GiB(99%) CN:1 DL:1.8MiB ETA:1m21s]
[#4a767a 15GiB/15GiB(99%) CN:1 DL:1.9MiB ETA:1m18s]
[#4a767a 15GiB/15GiB(99%) CN:1 DL:1.9MiB ETA:1m15s]
[#4a767a 15GiB/15GiB(99%) CN:1 DL:1.9MiB ETA:1m11s]
[#4a767a 15GiB/15GiB(99%) CN:1 DL:2.0MiB ETA:1m6s]
[#4a767a 15GiB/15GiB(99%) CN:1 DL:2.1MiB ETA:1m3s]
[#4a767a 15GiB/15GiB(99%) CN:1 DL:2.0MiB ETA:1m5s]
[#4a767a 15GiB/15GiB(99%) CN:1 DL:2.0MiB ETA:1m3s]
[#4a767a 15GiB/15GiB(99%) CN:1 DL:2.3MiB ETA:55s]
[#4a767a 15GiB/15GiB(99%) CN:1 DL:2.8MiB ETA:42s]
[#4a767a 15GiB/15GiB(99%) CN:1 DL:2.5MiB ETA:46s]
[#4a767a 15GiB/15GiB(99%) CN:1 DL:2.4MiB ETA:48s]
[#4a767a 15GiB/15GiB(99%) CN:1 DL:2.5MiB ETA:45s]
[#4a767a 15GiB/15GiB(99%) CN:1 DL:2.2MiB ETA:50s]
[#4a767a 15GiB/15GiB(99%) CN:1 DL:2.2MiB ETA:50s]
[#4a767a 15GiB/15GiB(99%) CN:1 DL:2.0MiB ETA:56s]
[#4a767a 15GiB/15GiB(99%) CN:1 DL:1.6MiB ETA:1m6s]
[#4a767a 15GiB/15GiB(99%) CN:1 DL:1.1MiB ETA:1m35s]
[#4a767a 15GiB/15GiB(99%) CN:1 DL:1.1MiB ETA:1m33s]
[#4a767a 15GiB/15GiB(99%) CN:1 DL:1.3MiB ETA:1m21s]
[#4a767a 15GiB/15GiB(99%) CN:1 DL:1.3MiB ETA:1m13s]
[#4a767a 15GiB/15GiB(99%) CN:1 DL:1.6MiB ETA:1m1s]
[#4a767a 15GiB/15GiB(99%) CN:1 DL:1.8MiB ETA:51s]
[#4a767a 15GiB/15GiB(99%) CN:1 DL:1.9MiB ETA:47s]
[#4a767a 15GiB/15GiB(99%) CN:1 DL:2.1MiB ETA:41s]
[#4a767a 15GiB/15GiB(99%) CN:1 DL:2.0MiB ETA:43s]
[#4a767a 15GiB/15GiB(99%) CN:1 DL:2.1MiB ETA:41s]
[#4a767a 15GiB/15GiB(99%) CN:1 DL:2.0MiB ETA:43s]
[#4a767a 15GiB/15GiB(99%) CN:1 DL:1.8MiB ETA:46s]
 *** Download Progress Summary as of Mon Jul 13 02:26:08 2026 *** 
===============================================================================
[#4a767a 15GiB/15GiB(99%) CN:1 DL:1.8MiB ETA:43s]
FILE: /home/mark/AI/Models/Qwen 3.6/27B/Qwen3.6-27B-Q4_K_M.gguf
-------------------------------------------------------------------------------

[#4a767a 15GiB/15GiB(99%) CN:1 DL:1.8MiB ETA:43s]
[#4a767a 15GiB/15GiB(99%) CN:1 DL:1.6MiB ETA:47s]
[#4a767a 15GiB/15GiB(99%) CN:1 DL:1.4MiB ETA:55s]
[#4a767a 15GiB/15GiB(99%) CN:1 DL:1.4MiB ETA:54s]
[#4a767a 15GiB/15GiB(99%) CN:1 DL:1.3MiB ETA:57s]
[#4a767a 15GiB/15GiB(99%) CN:1 DL:1.3MiB ETA:53s]
[#4a767a 15GiB/15GiB(99%) CN:1 DL:1.3MiB ETA:51s]
[#4a767a 15GiB/15GiB(99%) CN:1 DL:1.0MiB ETA:1m6s]
[#4a767a 15GiB/15GiB(99%) CN:1 DL:0.9MiB ETA:1m14s]
[#4a767a 15GiB/15GiB(99%) CN:1 DL:1.0MiB ETA:1m7s]
[#4a767a 15GiB/15GiB(99%) CN:1 DL:1.3MiB ETA:48s]
[#4a767a 15GiB/15GiB(99%) CN:1 DL:1.4MiB ETA:45s]
[#4a767a 15GiB/15GiB(99%) CN:1 DL:1.4MiB ETA:41s]
[#4a767a 15GiB/15GiB(99%) CN:1 DL:1.4MiB ETA:42s]
[#4a767a 15GiB/15GiB(99%) CN:1 DL:1.6MiB ETA:33s]
[#4a767a 15GiB/15GiB(99%) CN:1 DL:1.6MiB ETA:33s]
[#4a767a 15GiB/15GiB(99%) CN:1 DL:1.9MiB ETA:26s]
[#4a767a 15GiB/15GiB(99%) CN:1 DL:1.6MiB ETA:29s]
[#4a767a 15GiB/15GiB(99%) CN:1 DL:1.7MiB ETA:26s]
[#4a767a 15GiB/15GiB(99%) CN:1 DL:1.7MiB ETA:25s]
[#4a767a 15GiB/15GiB(99%) CN:1 DL:1.9MiB ETA:21s]
[#4a767a 15GiB/15GiB(99%) CN:1 DL:1.7MiB ETA:22s]
[#4a767a 15GiB/15GiB(99%) CN:1 DL:2.0MiB ETA:18s]
[#4a767a 15GiB/15GiB(99%) CN:1 DL:1.7MiB ETA:20s]
[#4a767a 15GiB/15GiB(99%) CN:1 DL:1.6MiB ETA:21s]
[#4a767a 15GiB/15GiB(99%) CN:1 DL:1.9MiB ETA:14s]
[#4a767a 15GiB/15GiB(99%) CN:1 DL:2.5MiB ETA:8s]
[#4a767a 15GiB/15GiB(99%) CN:1 DL:2.2MiB ETA:8s]
[#4a767a 15GiB/15GiB(99%) CN:1 DL:2.3MiB ETA:7s]

07/13 02:26:45 [[1;32mNOTICE[0m] Download complete: /home/mark/AI/Models/Qwen 3.6/27B/Qwen3.6-27B-Q4_K_M.gguf

Download Results:
gid   |stat|avg speed  |path/URI
======+====+===========+=======================================================
4a767a|OK  |   9.7MiB/s|/home/mark/AI/Models/Qwen 3.6/27B/Qwen3.6-27B-Q4_K_M.gguf

Status Legend:
(OK):download completed.
[PASS] Qwen3.6-27B-Q4_K_M.gguf: 16547398784 == 16547398784
Downloading Qwen3.6-27B-Q8_0.gguf...

07/13 02:26:45 [[1;32mNOTICE[0m] Downloading 1 item(s)

07/13 02:26:45 [[1;32mNOTICE[0m] CUID#7 - Redirecting to https://us.aws.cdn.hf.co/xet-bridge-us/69e8d95a774da603695c1447/0c0b4d987deec106a8a2ce006e745f29c5e73de57281b0e0c8952a75b4b8c2c8?X-Xet-Cas-Uid=public&user_id=public&response-content-disposition=inline%3B+filename*%3DUTF-8%27%27Qwen3.6-27B-Q8_0.gguf%3B+filename%3D%22Qwen3.6-27B-Q8_0.gguf%22%3B&Expires=1783913205&Policy=eyJTdGF0ZW1lbnQiOlt7IlJlc291cmNlIjoiaHR0cHM6Ly91cy5hd3MuY2RuLmhmLmNvL3hldC1icmlkZ2UtdXMvNjllOGQ5NWE3NzRkYTYwMzY5NWMxNDQ3LzBjMGI0ZDk4N2RlZWMxMDZhOGEyY2UwMDZlNzQ1ZjI5YzVlNzNkZTU3MjgxYjBlMGM4OTUyYTc1YjRiOGMyYzhcXD9YLVhldC1DYXMtVWlkPXB1YmxpYyZ1c2VyX2lkPXB1YmxpYyZyZXNwb25zZS1jb250ZW50LWRpc3Bvc2l0aW9uPWlubGluZSUzQitmaWxlbmFtZSUyQSUzRFVURi04JTI3JTI3UXdlbjMuNi0yN0ItUThfMC5nZ3VmJTNCK2ZpbGVuYW1lJTNEJTIyUXdlbjMuNi0yN0ItUThfMC5nZ3VmJTIyJTNCIiwiQ29uZGl0aW9uIjp7IkRhdGVMZXNzVGhhbiI6eyJFcG9jaFRpbWUiOjE3ODM5MTMyMDV9fX1dfQ__&Signature=MEUCIH1U1NyJFBcg3EoNfRCAfojYpIhlVCZf6ZzZcZKz4rK2AiEApfPPjW-u8oNlmtTPHJStsbmG96xWFPpyZm3aAepOAuU_&Key-Pair-Id=01KAYHXK2CBJSW0YZTMNXK9W1M

07/13 02:26:46 [[1;32mNOTICE[0m] CUID#9 - Redirecting to https://us.aws.cdn.hf.co/xet-bridge-us/69e8d95a774da603695c1447/0c0b4d987deec106a8a2ce006e745f29c5e73de57281b0e0c8952a75b4b8c2c8?user_id=public&X-Xet-Cas-Uid=public&response-content-disposition=inline%3B+filename*%3DUTF-8%27%27Qwen3.6-27B-Q8_0.gguf%3B+filename%3D%22Qwen3.6-27B-Q8_0.gguf%22%3B&Expires=1783913206&Policy=eyJTdGF0ZW1lbnQiOlt7IlJlc291cmNlIjoiaHR0cHM6Ly91cy5hd3MuY2RuLmhmLmNvL3hldC1icmlkZ2UtdXMvNjllOGQ5NWE3NzRkYTYwMzY5NWMxNDQ3LzBjMGI0ZDk4N2RlZWMxMDZhOGEyY2UwMDZlNzQ1ZjI5YzVlNzNkZTU3MjgxYjBlMGM4OTUyYTc1YjRiOGMyYzhcXD91c2VyX2lkPXB1YmxpYyZYLVhldC1DYXMtVWlkPXB1YmxpYyZyZXNwb25zZS1jb250ZW50LWRpc3Bvc2l0aW9uPWlubGluZSUzQitmaWxlbmFtZSUyQSUzRFVURi04JTI3JTI3UXdlbjMuNi0yN0ItUThfMC5nZ3VmJTNCK2ZpbGVuYW1lJTNEJTIyUXdlbjMuNi0yN0ItUThfMC5nZ3VmJTIyJTNCIiwiQ29uZGl0aW9uIjp7IkRhdGVMZXNzVGhhbiI6eyJFcG9jaFRpbWUiOjE3ODM5MTMyMDZ9LCJCeXRlUmFuZ2UiOnsiRXhwZWN0ZWRIZWFkZXIiOiJieXRlcz0xNDI5ODM4MjMzNi0xNjA4NjIwNDQxNSJ9fX1dfQ__&Signature=MEQCIHcsAIvnm7GFBplPTRH2%7Ezcdd6Sl6pSt6tk5MitYPfEJAiAi4ehbsnHM2mg6NMwYBCu%7EKzoeMX0spE0JnMRfS06w3w__&Key-Pair-Id=01KAYHXK2CBJSW0YZTMNXK9W1M

07/13 02:26:46 [[1;32mNOTICE[0m] CUID#10 - Redirecting to https://us.aws.cdn.hf.co/xet-bridge-us/69e8d95a774da603695c1447/0c0b4d987deec106a8a2ce006e745f29c5e73de57281b0e0c8952a75b4b8c2c8?user_id=public&X-Xet-Cas-Uid=public&response-content-disposition=inline%3B+filename*%3DUTF-8%27%27Qwen3.6-27B-Q8_0.gguf%3B+filename%3D%22Qwen3.6-27B-Q8_0.gguf%22%3B&Expires=1783913206&Policy=eyJTdGF0ZW1lbnQiOlt7IlJlc291cmNlIjoiaHR0cHM6Ly91cy5hd3MuY2RuLmhmLmNvL3hldC1icmlkZ2UtdXMvNjllOGQ5NWE3NzRkYTYwMzY5NWMxNDQ3LzBjMGI0ZDk4N2RlZWMxMDZhOGEyY2UwMDZlNzQ1ZjI5YzVlNzNkZTU3MjgxYjBlMGM4OTUyYTc1YjRiOGMyYzhcXD91c2VyX2lkPXB1YmxpYyZYLVhldC1DYXMtVWlkPXB1YmxpYyZyZXNwb25zZS1jb250ZW50LWRpc3Bvc2l0aW9uPWlubGluZSUzQitmaWxlbmFtZSUyQSUzRFVURi04JTI3JTI3UXdlbjMuNi0yN0ItUThfMC5nZ3VmJTNCK2ZpbGVuYW1lJTNEJTIyUXdlbjMuNi0yN0ItUThfMC5nZ3VmJTIyJTNCIiwiQ29uZGl0aW9uIjp7IkRhdGVMZXNzVGhhbiI6eyJFcG9jaFRpbWUiOjE3ODM5MTMyMDZ9LCJCeXRlUmFuZ2UiOnsiRXhwZWN0ZWRIZWFkZXIiOiJieXRlcz03MTQ5MTkxMTY4LTg5MzcwMTMyNDcifX19XX0_&Signature=MEUCIQCu4CWJNp-sMXM4drjNOb%7E%7E0UvpXIAqfmESloItEggzCgIgHd0UZE-5JdGVz5cx7SnMzbcWmeOw1fbZqdi9MKa8XfA_&Key-Pair-Id=01KAYHXK2CBJSW0YZTMNXK9W1M

07/13 02:26:46 [[1;32mNOTICE[0m] CUID#11 - Redirecting to https://us.aws.cdn.hf.co/xet-bridge-us/69e8d95a774da603695c1447/0c0b4d987deec106a8a2ce006e745f29c5e73de57281b0e0c8952a75b4b8c2c8?response-content-disposition=inline%3B+filename*%3DUTF-8%27%27Qwen3.6-27B-Q8_0.gguf%3B+filename%3D%22Qwen3.6-27B-Q8_0.gguf%22%3B&user_id=public&X-Xet-Cas-Uid=public&Expires=1783913206&Policy=eyJTdGF0ZW1lbnQiOlt7IlJlc291cmNlIjoiaHR0cHM6Ly91cy5hd3MuY2RuLmhmLmNvL3hldC1icmlkZ2UtdXMvNjllOGQ5NWE3NzRkYTYwMzY5NWMxNDQ3LzBjMGI0ZDk4N2RlZWMxMDZhOGEyY2UwMDZlNzQ1ZjI5YzVlNzNkZTU3MjgxYjBlMGM4OTUyYTc1YjRiOGMyYzhcXD9yZXNwb25zZS1jb250ZW50LWRpc3Bvc2l0aW9uPWlubGluZSUzQitmaWxlbmFtZSUyQSUzRFVURi04JTI3JTI3UXdlbjMuNi0yN0ItUThfMC5nZ3VmJTNCK2ZpbGVuYW1lJTNEJTIyUXdlbjMuNi0yN0ItUThfMC5nZ3VmJTIyJTNCJnVzZXJfaWQ9cHVibGljJlgtWGV0LUNhcy1VaWQ9cHVibGljIiwiQ29uZGl0aW9uIjp7IkRhdGVMZXNzVGhhbiI6eyJFcG9jaFRpbWUiOjE3ODM5MTMyMDZ9LCJCeXRlUmFuZ2UiOnsiRXhwZWN0ZWRIZWFkZXIiOiJieXRlcz0yMTQ0NzU3MzUwNC0yMzIzNTM5NTU4MyJ9fX1dfQ__&Signature=MEUCID%7EpGmeHKhsx5AJ3pw1vuU0rg82KWvuyTeN-IJ%7EyFRp0AiEAw7qVL1rP1fQFIH0c0OGiKFjGGgOBrRLpuWJVQU%7E-T8k_&Key-Pair-Id=01KAYHXK2CBJSW0YZTMNXK9W1M

07/13 02:26:46 [[1;32mNOTICE[0m] CUID#22 - Redirecting to https://us.aws.cdn.hf.co/xet-bridge-us/69e8d95a774da603695c1447/0c0b4d987deec106a8a2ce006e745f29c5e73de57281b0e0c8952a75b4b8c2c8?X-Xet-Cas-Uid=public&response-content-disposition=inline%3B+filename*%3DUTF-8%27%27Qwen3.6-27B-Q8_0.gguf%3B+filename%3D%22Qwen3.6-27B-Q8_0.gguf%22%3B&user_id=public&Expires=1783913206&Policy=eyJTdGF0ZW1lbnQiOlt7IlJlc291cmNlIjoiaHR0cHM6Ly91cy5hd3MuY2RuLmhmLmNvL3hldC1icmlkZ2UtdXMvNjllOGQ5NWE3NzRkYTYwMzY5NWMxNDQ3LzBjMGI0ZDk4N2RlZWMxMDZhOGEyY2UwMDZlNzQ1ZjI5YzVlNzNkZTU3MjgxYjBlMGM4OTUyYTc1YjRiOGMyYzhcXD9YLVhldC1DYXMtVWlkPXB1YmxpYyZyZXNwb25zZS1jb250ZW50LWRpc3Bvc2l0aW9uPWlubGluZSUzQitmaWxlbmFtZSUyQSUzRFVURi04JTI3JTI3UXdlbjMuNi0yN0ItUThfMC5nZ3VmJTNCK2ZpbGVuYW1lJTNEJTIyUXdlbjMuNi0yN0ItUThfMC5nZ3VmJTIyJTNCJnVzZXJfaWQ9cHVibGljIiwiQ29uZGl0aW9uIjp7IkRhdGVMZXNzVGhhbiI6eyJFcG9jaFRpbWUiOjE3ODM5MTMyMDZ9LCJCeXRlUmFuZ2UiOnsiRXhwZWN0ZWRIZWFkZXIiOiJieXRlcz0yMzIzNTM5NTU4NC0yNTAyMjE2OTA4NyJ9fX1dfQ__&Signature=MEUCIFTu9eAct9BHSFRd8owFTmu9MXckbNFVGghZkbLJfwj9AiEAjeT6pYKo02zPR8N%7E1Cv3U4k7QH%7EuIbu4uHkMx5VGS50_&Key-Pair-Id=01KAYHXK2CBJSW0YZTMNXK9W1M

07/13 02:26:46 [[1;32mNOTICE[0m] CUID#20 - Redirecting to https://us.aws.cdn.hf.co/xet-bridge-us/69e8d95a774da603695c1447/0c0b4d987deec106a8a2ce006e745f29c5e73de57281b0e0c8952a75b4b8c2c8?X-Xet-Cas-Uid=public&user_id=public&response-content-disposition=inline%3B+filename*%3DUTF-8%27%27Qwen3.6-27B-Q8_0.gguf%3B+filename%3D%22Qwen3.6-27B-Q8_0.gguf%22%3B&Expires=1783913206&Policy=eyJTdGF0ZW1lbnQiOlt7IlJlc291cmNlIjoiaHR0cHM6Ly91cy5hd3MuY2RuLmhmLmNvL3hldC1icmlkZ2UtdXMvNjllOGQ5NWE3NzRkYTYwMzY5NWMxNDQ3LzBjMGI0ZDk4N2RlZWMxMDZhOGEyY2UwMDZlNzQ1ZjI5YzVlNzNkZTU3MjgxYjBlMGM4OTUyYTc1YjRiOGMyYzhcXD9YLVhldC1DYXMtVWlkPXB1YmxpYyZ1c2VyX2lkPXB1YmxpYyZyZXNwb25zZS1jb250ZW50LWRpc3Bvc2l0aW9uPWlubGluZSUzQitmaWxlbmFtZSUyQSUzRFVURi04JTI3JTI3UXdlbjMuNi0yN0ItUThfMC5nZ3VmJTNCK2ZpbGVuYW1lJTNEJTIyUXdlbjMuNi0yN0ItUThfMC5nZ3VmJTIyJTNCIiwiQ29uZGl0aW9uIjp7IkRhdGVMZXNzVGhhbiI6eyJFcG9jaFRpbWUiOjE3ODM5MTMyMDZ9LCJCeXRlUmFuZ2UiOnsiRXhwZWN0ZWRIZWFkZXIiOiJieXRlcz0xNjA4NjIwNDQxNi0xNzg3Mjk3NzkxOSJ9fX1dfQ__&Signature=MEQCIFOYrmRSxUxxhxREmL7P5mlQHaFPDkjlfELtQApsrlpTAiA8hUQecYMPxkfH28e3yKVjW4wExwpcKlgS8V0yJ09y1Q__&Key-Pair-Id=01KAYHXK2CBJSW0YZTMNXK9W1M

07/13 02:26:46 [[1;32mNOTICE[0m] CUID#12 - Redirecting to https://us.aws.cdn.hf.co/xet-bridge-us/69e8d95a774da603695c1447/0c0b4d987deec106a8a2ce006e745f29c5e73de57281b0e0c8952a75b4b8c2c8?X-Xet-Cas-Uid=public&user_id=public&response-content-disposition=inline%3B+filename*%3DUTF-8%27%27Qwen3.6-27B-Q8_0.gguf%3B+filename%3D%22Qwen3.6-27B-Q8_0.gguf%22%3B&Expires=1783913206&Policy=eyJTdGF0ZW1lbnQiOlt7IlJlc291cmNlIjoiaHR0cHM6Ly91cy5hd3MuY2RuLmhmLmNvL3hldC1icmlkZ2UtdXMvNjllOGQ5NWE3NzRkYTYwMzY5NWMxNDQ3LzBjMGI0ZDk4N2RlZWMxMDZhOGEyY2UwMDZlNzQ1ZjI5YzVlNzNkZTU3MjgxYjBlMGM4OTUyYTc1YjRiOGMyYzhcXD9YLVhldC1DYXMtVWlkPXB1YmxpYyZ1c2VyX2lkPXB1YmxpYyZyZXNwb25zZS1jb250ZW50LWRpc3Bvc2l0aW9uPWlubGluZSUzQitmaWxlbmFtZSUyQSUzRFVURi04JTI3JTI3UXdlbjMuNi0yN0ItUThfMC5nZ3VmJTNCK2ZpbGVuYW1lJTNEJTIyUXdlbjMuNi0yN0ItUThfMC5nZ3VmJTIyJTNCIiwiQ29uZGl0aW9uIjp7IkRhdGVMZXNzVGhhbiI6eyJFcG9jaFRpbWUiOjE3ODM5MTMyMDZ9LCJCeXRlUmFuZ2UiOnsiRXhwZWN0ZWRIZWFkZXIiOiJieXRlcz0zNTc0NTk1NTg0LTUzNjI0MTc2NjMifX19XX0_&Signature=MEUCIQDUWkMRerlt9guJj2lMK9gMgLlset90B1sThaXHIGEZUgIgJ4FfUN02PvKuArVlSawA6uxqY0O-nzu%7EEe2k7iDsYfY_&Key-Pair-Id=01KAYHXK2CBJSW0YZTMNXK9W1M

07/13 02:26:46 [[1;32mNOTICE[0m] CUID#15 - Redirecting to https://us.aws.cdn.hf.co/xet-bridge-us/69e8d95a774da603695c1447/0c0b4d987deec106a8a2ce006e745f29c5e73de57281b0e0c8952a75b4b8c2c8?user_id=public&response-content-disposition=inline%3B+filename*%3DUTF-8%27%27Qwen3.6-27B-Q8_0.gguf%3B+filename%3D%22Qwen3.6-27B-Q8_0.gguf%22%3B&X-Xet-Cas-Uid=public&Expires=1783913206&Policy=eyJTdGF0ZW1lbnQiOlt7IlJlc291cmNlIjoiaHR0cHM6Ly91cy5hd3MuY2RuLmhmLmNvL3hldC1icmlkZ2UtdXMvNjllOGQ5NWE3NzRkYTYwMzY5NWMxNDQ3LzBjMGI0ZDk4N2RlZWMxMDZhOGEyY2UwMDZlNzQ1ZjI5YzVlNzNkZTU3MjgxYjBlMGM4OTUyYTc1YjRiOGMyYzhcXD91c2VyX2lkPXB1YmxpYyZyZXNwb25zZS1jb250ZW50LWRpc3Bvc2l0aW9uPWlubGluZSUzQitmaWxlbmFtZSUyQSUzRFVURi04JTI3JTI3UXdlbjMuNi0yN0ItUThfMC5nZ3VmJTNCK2ZpbGVuYW1lJTNEJTIyUXdlbjMuNi0yN0ItUThfMC5nZ3VmJTIyJTNCJlgtWGV0LUNhcy1VaWQ9cHVibGljIiwiQ29uZGl0aW9uIjp7IkRhdGVMZXNzVGhhbiI6eyJFcG9jaFRpbWUiOjE3ODM5MTMyMDZ9LCJCeXRlUmFuZ2UiOnsiRXhwZWN0ZWRIZWFkZXIiOiJieXRlcz0yNTAyMjE2OTA4OC0yNjgwOTk5MTE2NyJ9fX1dfQ__&Signature=MEYCIQC4g8INlJcA2qLjXrBjzC8yanCt8zbPcdFh7roxFlHr3wIhAOk4gXF4nuKT2KuPIebSDLpKSrq66PzjFWBx6eb02cjo&Key-Pair-Id=01KAYHXK2CBJSW0YZTMNXK9W1M

07/13 02:26:46 [[1;32mNOTICE[0m] CUID#16 - Redirecting to https://us.aws.cdn.hf.co/xet-bridge-us/69e8d95a774da603695c1447/0c0b4d987deec106a8a2ce006e745f29c5e73de57281b0e0c8952a75b4b8c2c8?user_id=public&X-Xet-Cas-Uid=public&response-content-disposition=inline%3B+filename*%3DUTF-8%27%27Qwen3.6-27B-Q8_0.gguf%3B+filename%3D%22Qwen3.6-27B-Q8_0.gguf%22%3B&Expires=1783913206&Policy=eyJTdGF0ZW1lbnQiOlt7IlJlc291cmNlIjoiaHR0cHM6Ly91cy5hd3MuY2RuLmhmLmNvL3hldC1icmlkZ2UtdXMvNjllOGQ5NWE3NzRkYTYwMzY5NWMxNDQ3LzBjMGI0ZDk4N2RlZWMxMDZhOGEyY2UwMDZlNzQ1ZjI5YzVlNzNkZTU3MjgxYjBlMGM4OTUyYTc1YjRiOGMyYzhcXD91c2VyX2lkPXB1YmxpYyZYLVhldC1DYXMtVWlkPXB1YmxpYyZyZXNwb25zZS1jb250ZW50LWRpc3Bvc2l0aW9uPWlubGluZSUzQitmaWxlbmFtZSUyQSUzRFVURi04JTI3JTI3UXdlbjMuNi0yN0ItUThfMC5nZ3VmJTNCK2ZpbGVuYW1lJTNEJTIyUXdlbjMuNi0yN0ItUThfMC5nZ3VmJTIyJTNCIiwiQ29uZGl0aW9uIjp7IkRhdGVMZXNzVGhhbiI6eyJFcG9jaFRpbWUiOjE3ODM5MTMyMDZ9LCJCeXRlUmFuZ2UiOnsiRXhwZWN0ZWRIZWFkZXIiOiJieXRlcz0xNzg3ODIyMDgwLTM1NzQ1OTU1ODMifX19XX0_&Signature=MEQCIC5u4NQSakPGVCEEHzS2YakY57OlMAfd-Cun4j0iLN9BAiB6B37s5Us%7ELzZ7IbKyqHkuP5vvRgL7TQNzQDyz2ryXvg__&Key-Pair-Id=01KAYHXK2CBJSW0YZTMNXK9W1M

07/13 02:26:46 [[1;32mNOTICE[0m] CUID#17 - Redirecting to https://us.aws.cdn.hf.co/xet-bridge-us/69e8d95a774da603695c1447/0c0b4d987deec106a8a2ce006e745f29c5e73de57281b0e0c8952a75b4b8c2c8?response-content-disposition=inline%3B+filename*%3DUTF-8%27%27Qwen3.6-27B-Q8_0.gguf%3B+filename%3D%22Qwen3.6-27B-Q8_0.gguf%22%3B&user_id=public&X-Xet-Cas-Uid=public&Expires=1783913206&Policy=eyJTdGF0ZW1lbnQiOlt7IlJlc291cmNlIjoiaHR0cHM6Ly91cy5hd3MuY2RuLmhmLmNvL3hldC1icmlkZ2UtdXMvNjllOGQ5NWE3NzRkYTYwMzY5NWMxNDQ3LzBjMGI0ZDk4N2RlZWMxMDZhOGEyY2UwMDZlNzQ1ZjI5YzVlNzNkZTU3MjgxYjBlMGM4OTUyYTc1YjRiOGMyYzhcXD9yZXNwb25zZS1jb250ZW50LWRpc3Bvc2l0aW9uPWlubGluZSUzQitmaWxlbmFtZSUyQSUzRFVURi04JTI3JTI3UXdlbjMuNi0yN0ItUThfMC5nZ3VmJTNCK2ZpbGVuYW1lJTNEJTIyUXdlbjMuNi0yN0ItUThfMC5nZ3VmJTIyJTNCJnVzZXJfaWQ9cHVibGljJlgtWGV0LUNhcy1VaWQ9cHVibGljIiwiQ29uZGl0aW9uIjp7IkRhdGVMZXNzVGhhbiI6eyJFcG9jaFRpbWUiOjE3ODM5MTMyMDZ9LCJCeXRlUmFuZ2UiOnsiRXhwZWN0ZWRIZWFkZXIiOiJieXRlcz01MzYyNDE3NjY0LTcxNDkxOTExNjcifX19XX0_&Signature=MEUCIDlSqg7HgyQdzd5KggsqnYNNtnAZV7p-GFY2sN1Vk8%7EiAiEA7ayJky9C5j9W-U9w8TNS8FW%7Edh%7Et4TT0KUZWeHiI%7EwM_&Key-Pair-Id=01KAYHXK2CBJSW0YZTMNXK9W1M

07/13 02:26:46 [[1;32mNOTICE[0m] CUID#18 - Redirecting to https://us.aws.cdn.hf.co/xet-bridge-us/69e8d95a774da603695c1447/0c0b4d987deec106a8a2ce006e745f29c5e73de57281b0e0c8952a75b4b8c2c8?user_id=public&response-content-disposition=inline%3B+filename*%3DUTF-8%27%27Qwen3.6-27B-Q8_0.gguf%3B+filename%3D%22Qwen3.6-27B-Q8_0.gguf%22%3B&X-Xet-Cas-Uid=public&Expires=1783913206&Policy=eyJTdGF0ZW1lbnQiOlt7IlJlc291cmNlIjoiaHR0cHM6Ly91cy5hd3MuY2RuLmhmLmNvL3hldC1icmlkZ2UtdXMvNjllOGQ5NWE3NzRkYTYwMzY5NWMxNDQ3LzBjMGI0ZDk4N2RlZWMxMDZhOGEyY2UwMDZlNzQ1ZjI5YzVlNzNkZTU3MjgxYjBlMGM4OTUyYTc1YjRiOGMyYzhcXD91c2VyX2lkPXB1YmxpYyZyZXNwb25zZS1jb250ZW50LWRpc3Bvc2l0aW9uPWlubGluZSUzQitmaWxlbmFtZSUyQSUzRFVURi04JTI3JTI3UXdlbjMuNi0yN0ItUThfMC5nZ3VmJTNCK2ZpbGVuYW1lJTNEJTIyUXdlbjMuNi0yN0ItUThfMC5nZ3VmJTIyJTNCJlgtWGV0LUNhcy1VaWQ9cHVibGljIiwiQ29uZGl0aW9uIjp7IkRhdGVMZXNzVGhhbiI6eyJFcG9jaFRpbWUiOjE3ODM5MTMyMDZ9LCJCeXRlUmFuZ2UiOnsiRXhwZWN0ZWRIZWFkZXIiOiJieXRlcz04OTM3MDEzMjQ4LTEwNzIzNzg2NzUxIn19fV19&Signature=MEYCIQDJweDjJVxXMjqBHnZ2pe7x4mxTccvlWd9m2pEgB%7EfQGAIhAMxKGHXSSK5-FvV4zO-6BIFMKJRn8z06f3LK51TffGeO&Key-Pair-Id=01KAYHXK2CBJSW0YZTMNXK9W1M

07/13 02:26:46 [[1;32mNOTICE[0m] CUID#19 - Redirecting to https://us.aws.cdn.hf.co/xet-bridge-us/69e8d95a774da603695c1447/0c0b4d987deec106a8a2ce006e745f29c5e73de57281b0e0c8952a75b4b8c2c8?user_id=public&X-Xet-Cas-Uid=public&response-content-disposition=inline%3B+filename*%3DUTF-8%27%27Qwen3.6-27B-Q8_0.gguf%3B+filename%3D%22Qwen3.6-27B-Q8_0.gguf%22%3B&Expires=1783913206&Policy=eyJTdGF0ZW1lbnQiOlt7IlJlc291cmNlIjoiaHR0cHM6Ly91cy5hd3MuY2RuLmhmLmNvL3hldC1icmlkZ2UtdXMvNjllOGQ5NWE3NzRkYTYwMzY5NWMxNDQ3LzBjMGI0ZDk4N2RlZWMxMDZhOGEyY2UwMDZlNzQ1ZjI5YzVlNzNkZTU3MjgxYjBlMGM4OTUyYTc1YjRiOGMyYzhcXD91c2VyX2lkPXB1YmxpYyZYLVhldC1DYXMtVWlkPXB1YmxpYyZyZXNwb25zZS1jb250ZW50LWRpc3Bvc2l0aW9uPWlubGluZSUzQitmaWxlbmFtZSUyQSUzRFVURi04JTI3JTI3UXdlbjMuNi0yN0ItUThfMC5nZ3VmJTNCK2ZpbGVuYW1lJTNEJTIyUXdlbjMuNi0yN0ItUThfMC5nZ3VmJTIyJTNCIiwiQ29uZGl0aW9uIjp7IkRhdGVMZXNzVGhhbiI6eyJFcG9jaFRpbWUiOjE3ODM5MTMyMDZ9LCJCeXRlUmFuZ2UiOnsiRXhwZWN0ZWRIZWFkZXIiOiJieXRlcz0xMjUxMTYwODgzMi0xNDI5ODM4MjMzNSJ9fX1dfQ__&Signature=MEYCIQCD2M8Wp8X6xTUKBrRHqY9f8%7E37JxgG9NR9GHgjczS26wIhAI8qmwvIy3FRjTMHYafPdJBhNMuzO6mG10HSzbU-fp6b&Key-Pair-Id=01KAYHXK2CBJSW0YZTMNXK9W1M

07/13 02:26:46 [[1;32mNOTICE[0m] CUID#14 - Redirecting to https://us.aws.cdn.hf.co/xet-bridge-us/69e8d95a774da603695c1447/0c0b4d987deec106a8a2ce006e745f29c5e73de57281b0e0c8952a75b4b8c2c8?user_id=public&X-Xet-Cas-Uid=public&response-content-disposition=inline%3B+filename*%3DUTF-8%27%27Qwen3.6-27B-Q8_0.gguf%3B+filename%3D%22Qwen3.6-27B-Q8_0.gguf%22%3B&Expires=1783913206&Policy=eyJTdGF0ZW1lbnQiOlt7IlJlc291cmNlIjoiaHR0cHM6Ly91cy5hd3MuY2RuLmhmLmNvL3hldC1icmlkZ2UtdXMvNjllOGQ5NWE3NzRkYTYwMzY5NWMxNDQ3LzBjMGI0ZDk4N2RlZWMxMDZhOGEyY2UwMDZlNzQ1ZjI5YzVlNzNkZTU3MjgxYjBlMGM4OTUyYTc1YjRiOGMyYzhcXD91c2VyX2lkPXB1YmxpYyZYLVhldC1DYXMtVWlkPXB1YmxpYyZyZXNwb25zZS1jb250ZW50LWRpc3Bvc2l0aW9uPWlubGluZSUzQitmaWxlbmFtZSUyQSUzRFVURi04JTI3JTI3UXdlbjMuNi0yN0ItUThfMC5nZ3VmJTNCK2ZpbGVuYW1lJTNEJTIyUXdlbjMuNi0yN0ItUThfMC5nZ3VmJTIyJTNCIiwiQ29uZGl0aW9uIjp7IkRhdGVMZXNzVGhhbiI6eyJFcG9jaFRpbWUiOjE3ODM5MTMyMDZ9LCJCeXRlUmFuZ2UiOnsiRXhwZWN0ZWRIZWFkZXIiOiJieXRlcz0xNzg3Mjk3NzkyMC0xOTY2MDc5OTk5OSJ9fX1dfQ__&Signature=MEUCIQD9mysihSHCVNnpiUP8FnKbJWQu%7EbL1jkOVm7RMD2--YAIgVfIWxxhpRzQWKXtZOzuA2sVUT-xB1sUyF8QsnQ6Xfww_&Key-Pair-Id=01KAYHXK2CBJSW0YZTMNXK9W1M

07/13 02:26:46 [[1;32mNOTICE[0m] CUID#21 - Redirecting to https://us.aws.cdn.hf.co/xet-bridge-us/69e8d95a774da603695c1447/0c0b4d987deec106a8a2ce006e745f29c5e73de57281b0e0c8952a75b4b8c2c8?user_id=public&response-content-disposition=inline%3B+filename*%3DUTF-8%27%27Qwen3.6-27B-Q8_0.gguf%3B+filename%3D%22Qwen3.6-27B-Q8_0.gguf%22%3B&X-Xet-Cas-Uid=public&Expires=1783913206&Policy=eyJTdGF0ZW1lbnQiOlt7IlJlc291cmNlIjoiaHR0cHM6Ly91cy5hd3MuY2RuLmhmLmNvL3hldC1icmlkZ2UtdXMvNjllOGQ5NWE3NzRkYTYwMzY5NWMxNDQ3LzBjMGI0ZDk4N2RlZWMxMDZhOGEyY2UwMDZlNzQ1ZjI5YzVlNzNkZTU3MjgxYjBlMGM4OTUyYTc1YjRiOGMyYzhcXD91c2VyX2lkPXB1YmxpYyZyZXNwb25zZS1jb250ZW50LWRpc3Bvc2l0aW9uPWlubGluZSUzQitmaWxlbmFtZSUyQSUzRFVURi04JTI3JTI3UXdlbjMuNi0yN0ItUThfMC5nZ3VmJTNCK2ZpbGVuYW1lJTNEJTIyUXdlbjMuNi0yN0ItUThfMC5nZ3VmJTIyJTNCJlgtWGV0LUNhcy1VaWQ9cHVibGljIiwiQ29uZGl0aW9uIjp7IkRhdGVMZXNzVGhhbiI6eyJFcG9jaFRpbWUiOjE3ODM5MTMyMDZ9LCJCeXRlUmFuZ2UiOnsiRXhwZWN0ZWRIZWFkZXIiOiJieXRlcz0xOTY2MDgwMDAwMC0yMTQ0NzU3MzUwMyJ9fX1dfQ__&Signature=MEQCIDRVvf4mwsHEzObfVGEUWFZdeGIkc8WPlNAhCKjBlRoWAiBFm7tS89e4sgfXKidAZVAYHYN-VIxj3PhS5X4oTj1R7A__&Key-Pair-Id=01KAYHXK2CBJSW0YZTMNXK9W1M

07/13 02:26:46 [[1;32mNOTICE[0m] CUID#13 - Redirecting to https://us.aws.cdn.hf.co/xet-bridge-us/69e8d95a774da603695c1447/0c0b4d987deec106a8a2ce006e745f29c5e73de57281b0e0c8952a75b4b8c2c8?user_id=public&X-Xet-Cas-Uid=public&response-content-disposition=inline%3B+filename*%3DUTF-8%27%27Qwen3.6-27B-Q8_0.gguf%3B+filename%3D%22Qwen3.6-27B-Q8_0.gguf%22%3B&Expires=1783913206&Policy=eyJTdGF0ZW1lbnQiOlt7IlJlc291cmNlIjoiaHR0cHM6Ly91cy5hd3MuY2RuLmhmLmNvL3hldC1icmlkZ2UtdXMvNjllOGQ5NWE3NzRkYTYwMzY5NWMxNDQ3LzBjMGI0ZDk4N2RlZWMxMDZhOGEyY2UwMDZlNzQ1ZjI5YzVlNzNkZTU3MjgxYjBlMGM4OTUyYTc1YjRiOGMyYzhcXD91c2VyX2lkPXB1YmxpYyZYLVhldC1DYXMtVWlkPXB1YmxpYyZyZXNwb25zZS1jb250ZW50LWRpc3Bvc2l0aW9uPWlubGluZSUzQitmaWxlbmFtZSUyQSUzRFVURi04JTI3JTI3UXdlbjMuNi0yN0ItUThfMC5nZ3VmJTNCK2ZpbGVuYW1lJTNEJTIyUXdlbjMuNi0yN0ItUThfMC5nZ3VmJTIyJTNCIiwiQ29uZGl0aW9uIjp7IkRhdGVMZXNzVGhhbiI6eyJFcG9jaFRpbWUiOjE3ODM5MTMyMDZ9LCJCeXRlUmFuZ2UiOnsiRXhwZWN0ZWRIZWFkZXIiOiJieXRlcz0xMDcyMzc4Njc1Mi0xMjUxMTYwODgzMSJ9fX1dfQ__&Signature=MEMCH2saS528lEphbLqCBQ0S4x1Jm5Knr%7EWl%7Ed%7E0FmQlo6cCIHzPXpn4pymPClJ%7EIKy05vmyiyY66NgUwyvRdZFrxENz&Key-Pair-Id=01KAYHXK2CBJSW0YZTMNXK9W1M

07/13 02:26:46 [[1;32mNOTICE[0m] CUID#23 - Redirecting to https://us.aws.cdn.hf.co/xet-bridge-us/69e8d95a774da603695c1447/0c0b4d987deec106a8a2ce006e745f29c5e73de57281b0e0c8952a75b4b8c2c8?user_id=public&response-content-disposition=inline%3B+filename*%3DUTF-8%27%27Qwen3.6-27B-Q8_0.gguf%3B+filename%3D%22Qwen3.6-27B-Q8_0.gguf%22%3B&X-Xet-Cas-Uid=public&Expires=1783913206&Policy=eyJTdGF0ZW1lbnQiOlt7IlJlc291cmNlIjoiaHR0cHM6Ly91cy5hd3MuY2RuLmhmLmNvL3hldC1icmlkZ2UtdXMvNjllOGQ5NWE3NzRkYTYwMzY5NWMxNDQ3LzBjMGI0ZDk4N2RlZWMxMDZhOGEyY2UwMDZlNzQ1ZjI5YzVlNzNkZTU3MjgxYjBlMGM4OTUyYTc1YjRiOGMyYzhcXD91c2VyX2lkPXB1YmxpYyZyZXNwb25zZS1jb250ZW50LWRpc3Bvc2l0aW9uPWlubGluZSUzQitmaWxlbmFtZSUyQSUzRFVURi04JTI3JTI3UXdlbjMuNi0yN0ItUThfMC5nZ3VmJTNCK2ZpbGVuYW1lJTNEJTIyUXdlbjMuNi0yN0ItUThfMC5nZ3VmJTIyJTNCJlgtWGV0LUNhcy1VaWQ9cHVibGljIiwiQ29uZGl0aW9uIjp7IkRhdGVMZXNzVGhhbiI6eyJFcG9jaFRpbWUiOjE3ODM5MTMyMDZ9LCJCeXRlUmFuZ2UiOnsiRXhwZWN0ZWRIZWFkZXIiOiJieXRlcz0yNjgwOTk5MTE2OC0yODU5NTc2MjMwMyJ9fX1dfQ__&Signature=MEYCIQC%7EM%7Ey8qNv6YTFWsGkFox7t3bWmaaWmY1HOLDJK8q9MeAIhAN%7EiTqjiuCL-MyOwvltyVbIHQjZ%7EuW8w%7EiKxd%7E2GyNUv&Key-Pair-Id=01KAYHXK2CBJSW0YZTMNXK9W1M

07/13 02:26:46 [[1;31mERROR[0m] CUID#22 - Download aborted. URI=https://huggingface.co/lmstudio-community/Qwen3.6-27B-GGUF/resolve/main/Qwen3.6-27B-Q8_0.gguf
Exception: [AbstractCommand.cc:351] errorCode=22 URI=https://us.aws.cdn.hf.co/xet-bridge-us/69e8d95a774da603695c1447/0c0b4d987deec106a8a2ce006e745f29c5e73de57281b0e0c8952a75b4b8c2c8?X-Xet-Cas-Uid=public&response-content-disposition=inline%3B+filename*%3DUTF-8%27%27Qwen3.6-27B-Q8_0.gguf%3B+filename%3D%22Qwen3.6-27B-Q8_0.gguf%22%3B&user_id=public&Expires=1783913206&Policy=eyJTdGF0ZW1lbnQiOlt7IlJlc291cmNlIjoiaHR0cHM6Ly91cy5hd3MuY2RuLmhmLmNvL3hldC1icmlkZ2UtdXMvNjllOGQ5NWE3NzRkYTYwMzY5NWMxNDQ3LzBjMGI0ZDk4N2RlZWMxMDZhOGEyY2UwMDZlNzQ1ZjI5YzVlNzNkZTU3MjgxYjBlMGM4OTUyYTc1YjRiOGMyYzhcXD9YLVhldC1DYXMtVWlkPXB1YmxpYyZyZXNwb25zZS1jb250ZW50LWRpc3Bvc2l0aW9uPWlubGluZSUzQitmaWxlbmFtZSUyQSUzRFVURi04JTI3JTI3UXdlbjMuNi0yN0ItUThfMC5nZ3VmJTNCK2ZpbGVuYW1lJTNEJTIyUXdlbjMuNi0yN0ItUThfMC5nZ3VmJTIyJTNCJnVzZXJfaWQ9cHVibGljIiwiQ29uZGl0aW9uIjp7IkRhdGVMZXNzVGhhbiI6eyJFcG9jaFRpbWUiOjE3ODM5MTMyMDZ9LCJCeXRlUmFuZ2UiOnsiRXhwZWN0ZWRIZWFkZXIiOiJieXRlcz0yMzIzNTM5NTU4NC0yNTAyMjE2OTA4NyJ9fX1dfQ__&Signature=MEUCIFTu9eAct9BHSFRd8owFTmu9MXckbNFVGghZkbLJfwj9AiEAjeT6pYKo02zPR8N%7E1Cv3U4k7QH%7EuIbu4uHkMx5VGS50_&Key-Pair-Id=01KAYHXK2CBJSW0YZTMNXK9W1M
  -> [HttpSkipResponseCommand.cc:239] errorCode=22 The response status is not successful. status=403

07/13 02:26:46 [[1;31mERROR[0m] CUID#20 - Download aborted. URI=https://huggingface.co/lmstudio-community/Qwen3.6-27B-GGUF/resolve/main/Qwen3.6-27B-Q8_0.gguf
Exception: [AbstractCommand.cc:351] errorCode=22 URI=https://us.aws.cdn.hf.co/xet-bridge-us/69e8d95a774da603695c1447/0c0b4d987deec106a8a2ce006e745f29c5e73de57281b0e0c8952a75b4b8c2c8?X-Xet-Cas-Uid=public&user_id=public&response-content-disposition=inline%3B+filename*%3DUTF-8%27%27Qwen3.6-27B-Q8_0.gguf%3B+filename%3D%22Qwen3.6-27B-Q8_0.gguf%22%3B&Expires=1783913206&Policy=eyJTdGF0ZW1lbnQiOlt7IlJlc291cmNlIjoiaHR0cHM6Ly91cy5hd3MuY2RuLmhmLmNvL3hldC1icmlkZ2UtdXMvNjllOGQ5NWE3NzRkYTYwMzY5NWMxNDQ3LzBjMGI0ZDk4N2RlZWMxMDZhOGEyY2UwMDZlNzQ1ZjI5YzVlNzNkZTU3MjgxYjBlMGM4OTUyYTc1YjRiOGMyYzhcXD9YLVhldC1DYXMtVWlkPXB1YmxpYyZ1c2VyX2lkPXB1YmxpYyZyZXNwb25zZS1jb250ZW50LWRpc3Bvc2l0aW9uPWlubGluZSUzQitmaWxlbmFtZSUyQSUzRFVURi04JTI3JTI3UXdlbjMuNi0yN0ItUThfMC5nZ3VmJTNCK2ZpbGVuYW1lJTNEJTIyUXdlbjMuNi0yN0ItUThfMC5nZ3VmJTIyJTNCIiwiQ29uZGl0aW9uIjp7IkRhdGVMZXNzVGhhbiI6eyJFcG9jaFRpbWUiOjE3ODM5MTMyMDZ9LCJCeXRlUmFuZ2UiOnsiRXhwZWN0ZWRIZWFkZXIiOiJieXRlcz0xNjA4NjIwNDQxNi0xNzg3Mjk3NzkxOSJ9fX1dfQ__&Signature=MEQCIFOYrmRSxUxxhxREmL7P5mlQHaFPDkjlfELtQApsrlpTAiA8hUQecYMPxkfH28e3yKVjW4wExwpcKlgS8V0yJ09y1Q__&Key-Pair-Id=01KAYHXK2CBJSW0YZTMNXK9W1M
  -> [HttpSkipResponseCommand.cc:239] errorCode=22 The response status is not successful. status=403

07/13 02:26:46 [[1;31mERROR[0m] CUID#14 - Download aborted. URI=https://huggingface.co/lmstudio-community/Qwen3.6-27B-GGUF/resolve/main/Qwen3.6-27B-Q8_0.gguf
Exception: [AbstractCommand.cc:351] errorCode=22 URI=https://us.aws.cdn.hf.co/xet-bridge-us/69e8d95a774da603695c1447/0c0b4d987deec106a8a2ce006e745f29c5e73de57281b0e0c8952a75b4b8c2c8?user_id=public&X-Xet-Cas-Uid=public&response-content-disposition=inline%3B+filename*%3DUTF-8%27%27Qwen3.6-27B-Q8_0.gguf%3B+filename%3D%22Qwen3.6-27B-Q8_0.gguf%22%3B&Expires=1783913206&Policy=eyJTdGF0ZW1lbnQiOlt7IlJlc291cmNlIjoiaHR0cHM6Ly91cy5hd3MuY2RuLmhmLmNvL3hldC1icmlkZ2UtdXMvNjllOGQ5NWE3NzRkYTYwMzY5NWMxNDQ3LzBjMGI0ZDk4N2RlZWMxMDZhOGEyY2UwMDZlNzQ1ZjI5YzVlNzNkZTU3MjgxYjBlMGM4OTUyYTc1YjRiOGMyYzhcXD91c2VyX2lkPXB1YmxpYyZYLVhldC1DYXMtVWlkPXB1YmxpYyZyZXNwb25zZS1jb250ZW50LWRpc3Bvc2l0aW9uPWlubGluZSUzQitmaWxlbmFtZSUyQSUzRFVURi04JTI3JTI3UXdlbjMuNi0yN0ItUThfMC5nZ3VmJTNCK2ZpbGVuYW1lJTNEJTIyUXdlbjMuNi0yN0ItUThfMC5nZ3VmJTIyJTNCIiwiQ29uZGl0aW9uIjp7IkRhdGVMZXNzVGhhbiI6eyJFcG9jaFRpbWUiOjE3ODM5MTMyMDZ9LCJCeXRlUmFuZ2UiOnsiRXhwZWN0ZWRIZWFkZXIiOiJieXRlcz0xNzg3Mjk3NzkyMC0xOTY2MDc5OTk5OSJ9fX1dfQ__&Signature=MEUCIQD9mysihSHCVNnpiUP8FnKbJWQu%7EbL1jkOVm7RMD2--YAIgVfIWxxhpRzQWKXtZOzuA2sVUT-xB1sUyF8QsnQ6Xfww_&Key-Pair-Id=01KAYHXK2CBJSW0YZTMNXK9W1M
  -> [HttpSkipResponseCommand.cc:239] errorCode=22 The response status is not successful. status=403
[#c3165e 720KiB/26GiB(0%) CN:13 DL:2.8MiB ETA:2h39m4s]

07/13 02:26:46 [[1;31mERROR[0m] CUID#18 - Download aborted. URI=https://huggingface.co/lmstudio-community/Qwen3.6-27B-GGUF/resolve/main/Qwen3.6-27B-Q8_0.gguf
Exception: [AbstractCommand.cc:351] errorCode=22 URI=https://us.aws.cdn.hf.co/xet-bridge-us/69e8d95a774da603695c1447/0c0b4d987deec106a8a2ce006e745f29c5e73de57281b0e0c8952a75b4b8c2c8?user_id=public&response-content-disposition=inline%3B+filename*%3DUTF-8%27%27Qwen3.6-27B-Q8_0.gguf%3B+filename%3D%22Qwen3.6-27B-Q8_0.gguf%22%3B&X-Xet-Cas-Uid=public&Expires=1783913206&Policy=eyJTdGF0ZW1lbnQiOlt7IlJlc291cmNlIjoiaHR0cHM6Ly91cy5hd3MuY2RuLmhmLmNvL3hldC1icmlkZ2UtdXMvNjllOGQ5NWE3NzRkYTYwMzY5NWMxNDQ3LzBjMGI0ZDk4N2RlZWMxMDZhOGEyY2UwMDZlNzQ1ZjI5YzVlNzNkZTU3MjgxYjBlMGM4OTUyYTc1YjRiOGMyYzhcXD91c2VyX2lkPXB1YmxpYyZyZXNwb25zZS1jb250ZW50LWRpc3Bvc2l0aW9uPWlubGluZSUzQitmaWxlbmFtZSUyQSUzRFVURi04JTI3JTI3UXdlbjMuNi0yN0ItUThfMC5nZ3VmJTNCK2ZpbGVuYW1lJTNEJTIyUXdlbjMuNi0yN0ItUThfMC5nZ3VmJTIyJTNCJlgtWGV0LUNhcy1VaWQ9cHVibGljIiwiQ29uZGl0aW9uIjp7IkRhdGVMZXNzVGhhbiI6eyJFcG9jaFRpbWUiOjE3ODM5MTMyMDZ9LCJCeXRlUmFuZ2UiOnsiRXhwZWN0ZWRIZWFkZXIiOiJieXRlcz04OTM3MDEzMjQ4LTEwNzIzNzg2NzUxIn19fV19&Signature=MEYCIQDJweDjJVxXMjqBHnZ2pe7x4mxTccvlWd9m2pEgB%7EfQGAIhAMxKGHXSSK5-FvV4zO-6BIFMKJRn8z06f3LK51TffGeO&Key-Pair-Id=01KAYHXK2CBJSW0YZTMNXK9W1M
  -> [HttpSkipResponseCommand.cc:239] errorCode=22 The response status is not successful. status=403

07/13 02:26:46 [[1;31mERROR[0m] CUID#17 - Download aborted. URI=https://huggingface.co/lmstudio-community/Qwen3.6-27B-GGUF/resolve/main/Qwen3.6-27B-Q8_0.gguf
Exception: [AbstractCommand.cc:351] errorCode=22 URI=https://us.aws.cdn.hf.co/xet-bridge-us/69e8d95a774da603695c1447/0c0b4d987deec106a8a2ce006e745f29c5e73de57281b0e0c8952a75b4b8c2c8?response-content-disposition=inline%3B+filename*%3DUTF-8%27%27Qwen3.6-27B-Q8_0.gguf%3B+filename%3D%22Qwen3.6-27B-Q8_0.gguf%22%3B&user_id=public&X-Xet-Cas-Uid=public&Expires=1783913206&Policy=eyJTdGF0ZW1lbnQiOlt7IlJlc291cmNlIjoiaHR0cHM6Ly91cy5hd3MuY2RuLmhmLmNvL3hldC1icmlkZ2UtdXMvNjllOGQ5NWE3NzRkYTYwMzY5NWMxNDQ3LzBjMGI0ZDk4N2RlZWMxMDZhOGEyY2UwMDZlNzQ1ZjI5YzVlNzNkZTU3MjgxYjBlMGM4OTUyYTc1YjRiOGMyYzhcXD9yZXNwb25zZS1jb250ZW50LWRpc3Bvc2l0aW9uPWlubGluZSUzQitmaWxlbmFtZSUyQSUzRFVURi04JTI3JTI3UXdlbjMuNi0yN0ItUThfMC5nZ3VmJTNCK2ZpbGVuYW1lJTNEJTIyUXdlbjMuNi0yN0ItUThfMC5nZ3VmJTIyJTNCJnVzZXJfaWQ9cHVibGljJlgtWGV0LUNhcy1VaWQ9cHVibGljIiwiQ29uZGl0aW9uIjp7IkRhdGVMZXNzVGhhbiI6eyJFcG9jaFRpbWUiOjE3ODM5MTMyMDZ9LCJCeXRlUmFuZ2UiOnsiRXhwZWN0ZWRIZWFkZXIiOiJieXRlcz01MzYyNDE3NjY0LTcxNDkxOTExNjcifX19XX0_&Signature=MEUCIDlSqg7HgyQdzd5KggsqnYNNtnAZV7p-GFY2sN1Vk8%7EiAiEA7ayJky9C5j9W-U9w8TNS8FW%7Edh%7Et4TT0KUZWeHiI%7EwM_&Key-Pair-Id=01KAYHXK2CBJSW0YZTMNXK9W1M
  -> [HttpSkipResponseCommand.cc:239] errorCode=22 The response status is not successful. status=403

07/13 02:26:46 [[1;31mERROR[0m] CUID#19 - Download aborted. URI=https://huggingface.co/lmstudio-community/Qwen3.6-27B-GGUF/resolve/main/Qwen3.6-27B-Q8_0.gguf
Exception: [AbstractCommand.cc:351] errorCode=22 URI=https://us.aws.cdn.hf.co/xet-bridge-us/69e8d95a774da603695c1447/0c0b4d987deec106a8a2ce006e745f29c5e73de57281b0e0c8952a75b4b8c2c8?user_id=public&X-Xet-Cas-Uid=public&response-content-disposition=inline%3B+filename*%3DUTF-8%27%27Qwen3.6-27B-Q8_0.gguf%3B+filename%3D%22Qwen3.6-27B-Q8_0.gguf%22%3B&Expires=1783913206&Policy=eyJTdGF0ZW1lbnQiOlt7IlJlc291cmNlIjoiaHR0cHM6Ly91cy5hd3MuY2RuLmhmLmNvL3hldC1icmlkZ2UtdXMvNjllOGQ5NWE3NzRkYTYwMzY5NWMxNDQ3LzBjMGI0ZDk4N2RlZWMxMDZhOGEyY2UwMDZlNzQ1ZjI5YzVlNzNkZTU3MjgxYjBlMGM4OTUyYTc1YjRiOGMyYzhcXD91c2VyX2lkPXB1YmxpYyZYLVhldC1DYXMtVWlkPXB1YmxpYyZyZXNwb25zZS1jb250ZW50LWRpc3Bvc2l0aW9uPWlubGluZSUzQitmaWxlbmFtZSUyQSUzRFVURi04JTI3JTI3UXdlbjMuNi0yN0ItUThfMC5nZ3VmJTNCK2ZpbGVuYW1lJTNEJTIyUXdlbjMuNi0yN0ItUThfMC5nZ3VmJTIyJTNCIiwiQ29uZGl0aW9uIjp7IkRhdGVMZXNzVGhhbiI6eyJFcG9jaFRpbWUiOjE3ODM5MTMyMDZ9LCJCeXRlUmFuZ2UiOnsiRXhwZWN0ZWRIZWFkZXIiOiJieXRlcz0xMjUxMTYwODgzMi0xNDI5ODM4MjMzNSJ9fX1dfQ__&Signature=MEYCIQCD2M8Wp8X6xTUKBrRHqY9f8%7E37JxgG9NR9GHgjczS26wIhAI8qmwvIy3FRjTMHYafPdJBhNMuzO6mG10HSzbU-fp6b&Key-Pair-Id=01KAYHXK2CBJSW0YZTMNXK9W1M
  -> [HttpSkipResponseCommand.cc:239] errorCode=22 The response status is not successful. status=403

07/13 02:26:46 [[1;31mERROR[0m] CUID#12 - Download aborted. URI=https://huggingface.co/lmstudio-community/Qwen3.6-27B-GGUF/resolve/main/Qwen3.6-27B-Q8_0.gguf
Exception: [AbstractCommand.cc:351] errorCode=22 URI=https://us.aws.cdn.hf.co/xet-bridge-us/69e8d95a774da603695c1447/0c0b4d987deec106a8a2ce006e745f29c5e73de57281b0e0c8952a75b4b8c2c8?X-Xet-Cas-Uid=public&user_id=public&response-content-disposition=inline%3B+filename*%3DUTF-8%27%27Qwen3.6-27B-Q8_0.gguf%3B+filename%3D%22Qwen3.6-27B-Q8_0.gguf%22%3B&Expires=1783913206&Policy=eyJTdGF0ZW1lbnQiOlt7IlJlc291cmNlIjoiaHR0cHM6Ly91cy5hd3MuY2RuLmhmLmNvL3hldC1icmlkZ2UtdXMvNjllOGQ5NWE3NzRkYTYwMzY5NWMxNDQ3LzBjMGI0ZDk4N2RlZWMxMDZhOGEyY2UwMDZlNzQ1ZjI5YzVlNzNkZTU3MjgxYjBlMGM4OTUyYTc1YjRiOGMyYzhcXD9YLVhldC1DYXMtVWlkPXB1YmxpYyZ1c2VyX2lkPXB1YmxpYyZyZXNwb25zZS1jb250ZW50LWRpc3Bvc2l0aW9uPWlubGluZSUzQitmaWxlbmFtZSUyQSUzRFVURi04JTI3JTI3UXdlbjMuNi0yN0ItUThfMC5nZ3VmJTNCK2ZpbGVuYW1lJTNEJTIyUXdlbjMuNi0yN0ItUThfMC5nZ3VmJTIyJTNCIiwiQ29uZGl0aW9uIjp7IkRhdGVMZXNzVGhhbiI6eyJFcG9jaFRpbWUiOjE3ODM5MTMyMDZ9LCJCeXRlUmFuZ2UiOnsiRXhwZWN0ZWRIZWFkZXIiOiJieXRlcz0zNTc0NTk1NTg0LTUzNjI0MTc2NjMifX19XX0_&Signature=MEUCIQDUWkMRerlt9guJj2lMK9gMgLlset90B1sThaXHIGEZUgIgJ4FfUN02PvKuArVlSawA6uxqY0O-nzu%7EEe2k7iDsYfY_&Key-Pair-Id=01KAYHXK2CBJSW0YZTMNXK9W1M
  -> [HttpSkipResponseCommand.cc:239] errorCode=22 The response status is not successful. status=403

07/13 02:26:46 [[1;31mERROR[0m] CUID#16 - Download aborted. URI=https://huggingface.co/lmstudio-community/Qwen3.6-27B-GGUF/resolve/main/Qwen3.6-27B-Q8_0.gguf
Exception: [AbstractCommand.cc:351] errorCode=22 URI=https://us.aws.cdn.hf.co/xet-bridge-us/69e8d95a774da603695c1447/0c0b4d987deec106a8a2ce006e745f29c5e73de57281b0e0c8952a75b4b8c2c8?user_id=public&X-Xet-Cas-Uid=public&response-content-disposition=inline%3B+filename*%3DUTF-8%27%27Qwen3.6-27B-Q8_0.gguf%3B+filename%3D%22Qwen3.6-27B-Q8_0.gguf%22%3B&Expires=1783913206&Policy=eyJTdGF0ZW1lbnQiOlt7IlJlc291cmNlIjoiaHR0cHM6Ly91cy5hd3MuY2RuLmhmLmNvL3hldC1icmlkZ2UtdXMvNjllOGQ5NWE3NzRkYTYwMzY5NWMxNDQ3LzBjMGI0ZDk4N2RlZWMxMDZhOGEyY2UwMDZlNzQ1ZjI5YzVlNzNkZTU3MjgxYjBlMGM4OTUyYTc1YjRiOGMyYzhcXD91c2VyX2lkPXB1YmxpYyZYLVhldC1DYXMtVWlkPXB1YmxpYyZyZXNwb25zZS1jb250ZW50LWRpc3Bvc2l0aW9uPWlubGluZSUzQitmaWxlbmFtZSUyQSUzRFVURi04JTI3JTI3UXdlbjMuNi0yN0ItUThfMC5nZ3VmJTNCK2ZpbGVuYW1lJTNEJTIyUXdlbjMuNi0yN0ItUThfMC5nZ3VmJTIyJTNCIiwiQ29uZGl0aW9uIjp7IkRhdGVMZXNzVGhhbiI6eyJFcG9jaFRpbWUiOjE3ODM5MTMyMDZ9LCJCeXRlUmFuZ2UiOnsiRXhwZWN0ZWRIZWFkZXIiOiJieXRlcz0xNzg3ODIyMDgwLTM1NzQ1OTU1ODMifX19XX0_&Signature=MEQCIC5u4NQSakPGVCEEHzS2YakY57OlMAfd-Cun4j0iLN9BAiB6B37s5Us%7ELzZ7IbKyqHkuP5vvRgL7TQNzQDyz2ryXvg__&Key-Pair-Id=01KAYHXK2CBJSW0YZTMNXK9W1M
  -> [HttpSkipResponseCommand.cc:239] errorCode=22 The response status is not successful. status=403

07/13 02:26:46 [[1;31mERROR[0m] CUID#21 - Download aborted. URI=https://huggingface.co/lmstudio-community/Qwen3.6-27B-GGUF/resolve/main/Qwen3.6-27B-Q8_0.gguf
Exception: [AbstractCommand.cc:351] errorCode=22 URI=https://us.aws.cdn.hf.co/xet-bridge-us/69e8d95a774da603695c1447/0c0b4d987deec106a8a2ce006e745f29c5e73de57281b0e0c8952a75b4b8c2c8?user_id=public&response-content-disposition=inline%3B+filename*%3DUTF-8%27%27Qwen3.6-27B-Q8_0.gguf%3B+filename%3D%22Qwen3.6-27B-Q8_0.gguf%22%3B&X-Xet-Cas-Uid=public&Expires=1783913206&Policy=eyJTdGF0ZW1lbnQiOlt7IlJlc291cmNlIjoiaHR0cHM6Ly91cy5hd3MuY2RuLmhmLmNvL3hldC1icmlkZ2UtdXMvNjllOGQ5NWE3NzRkYTYwMzY5NWMxNDQ3LzBjMGI0ZDk4N2RlZWMxMDZhOGEyY2UwMDZlNzQ1ZjI5YzVlNzNkZTU3MjgxYjBlMGM4OTUyYTc1YjRiOGMyYzhcXD91c2VyX2lkPXB1YmxpYyZyZXNwb25zZS1jb250ZW50LWRpc3Bvc2l0aW9uPWlubGluZSUzQitmaWxlbmFtZSUyQSUzRFVURi04JTI3JTI3UXdlbjMuNi0yN0ItUThfMC5nZ3VmJTNCK2ZpbGVuYW1lJTNEJTIyUXdlbjMuNi0yN0ItUThfMC5nZ3VmJTIyJTNCJlgtWGV0LUNhcy1VaWQ9cHVibGljIiwiQ29uZGl0aW9uIjp7IkRhdGVMZXNzVGhhbiI6eyJFcG9jaFRpbWUiOjE3ODM5MTMyMDZ9LCJCeXRlUmFuZ2UiOnsiRXhwZWN0ZWRIZWFkZXIiOiJieXRlcz0xOTY2MDgwMDAwMC0yMTQ0NzU3MzUwMyJ9fX1dfQ__&Signature=MEQCIDRVvf4mwsHEzObfVGEUWFZdeGIkc8WPlNAhCKjBlRoWAiBFm7tS89e4sgfXKidAZVAYHYN-VIxj3PhS5X4oTj1R7A__&Key-Pair-Id=01KAYHXK2CBJSW0YZTMNXK9W1M
  -> [HttpSkipResponseCommand.cc:239] errorCode=22 The response status is not successful. status=403
[#c3165e 85MiB/26GiB(0%) CN:7 DL:68MiB ETA:6m34s]
[#c3165e 185MiB/26GiB(0%) CN:7 DL:83MiB ETA:5m26s]
[#c3165e 274MiB/26GiB(1%) CN:7 DL:84MiB ETA:5m20s]
[#c3165e 398MiB/26GiB(1%) CN:7 DL:93MiB ETA:4m47s]
[#c3165e 500MiB/26GiB(1%) CN:7 DL:94MiB ETA:4m41s]
[#c3165e 620MiB/26GiB(2%) CN:7 DL:99MiB ETA:4m29s]
[#c3165e 726MiB/26GiB(2%) CN:7 DL:100MiB ETA:4m25s]
[#c3165e 839MiB/26GiB(3%) CN:7 DL:101MiB ETA:4m19s]
[#c3165e 0.9GiB/26GiB(3%) CN:7 DL:102MiB ETA:4m16s]
[#c3165e 1.0GiB/26GiB(3%) CN:7 DL:111MiB ETA:3m55s]
[#c3165e 1.1GiB/26GiB(4%) CN:7 DL:109MiB ETA:3m59s]
[#c3165e 1.2GiB/26GiB(4%) CN:7 DL:108MiB ETA:3m59s]
[#c3165e 1.3GiB/26GiB(5%) CN:7 DL:108MiB ETA:3m59s]
[#c3165e 1.4GiB/26GiB(5%) CN:7 DL:108MiB ETA:3m56s]
[#c3165e 1.5GiB/26GiB(5%) CN:7 DL:108MiB ETA:3m56s]
[#c3165e 1.6GiB/26GiB(6%) CN:7 DL:107MiB ETA:3m57s]
[#c3165e 1.7GiB/26GiB(6%) CN:7 DL:108MiB ETA:3m54s]
[#c3165e 1.8GiB/26GiB(7%) CN:7 DL:107MiB ETA:3m55s]
[#c3165e 1.9GiB/26GiB(7%) CN:7 DL:108MiB ETA:3m53s]
[#c3165e 2.0GiB/26GiB(7%) CN:7 DL:111MiB ETA:3m46s]
[#c3165e 2.2GiB/26GiB(8%) CN:7 DL:112MiB ETA:3m42s]
[#c3165e 2.2GiB/26GiB(8%) CN:7 DL:110MiB ETA:3m46s]
[#c3165e 2.4GiB/26GiB(9%) CN:7 DL:113MiB ETA:3m39s]
[#c3165e 2.5GiB/26GiB(9%) CN:7 DL:111MiB ETA:3m40s]
[#c3165e 2.6GiB/26GiB(9%) CN:7 DL:111MiB ETA:3m40s]
[#c3165e 2.7GiB/26GiB(10%) CN:7 DL:111MiB ETA:3m39s]
[#c3165e 2.8GiB/26GiB(10%) CN:7 DL:110MiB ETA:3m40s]
[#c3165e 2.9GiB/26GiB(11%) CN:7 DL:111MiB ETA:3m36s]
[#c3165e 3.0GiB/26GiB(11%) CN:7 DL:110MiB ETA:3m38s]
[#c3165e 3.1GiB/26GiB(11%) CN:7 DL:107MiB ETA:3m43s]
[#c3165e 3.2GiB/26GiB(12%) CN:7 DL:106MiB ETA:3m44s]
[#c3165e 3.3GiB/26GiB(12%) CN:7 DL:109MiB ETA:3m37s]
[#c3165e 3.4GiB/26GiB(13%) CN:7 DL:107MiB ETA:3m39s]
[#c3165e 3.5GiB/26GiB(13%) CN:7 DL:106MiB ETA:3m41s]
[#c3165e 3.6GiB/26GiB(13%) CN:7 DL:108MiB ETA:3m37s]
[#c3165e 3.7GiB/26GiB(14%) CN:7 DL:108MiB ETA:3m36s]
[#c3165e 3.9GiB/26GiB(14%) CN:7 DL:109MiB ETA:3m33s]
[#c3165e 4.0GiB/26GiB(15%) CN:7 DL:108MiB ETA:3m32s]
[#c3165e 4.1GiB/26GiB(15%) CN:7 DL:110MiB ETA:3m29s]
[#c3165e 4.2GiB/26GiB(15%) CN:7 DL:112MiB ETA:3m24s]
[#c3165e 4.3GiB/26GiB(16%) CN:7 DL:111MiB ETA:3m24s]
[#c3165e 4.4GiB/26GiB(16%) CN:7 DL:109MiB ETA:3m27s]
[#c3165e 4.5GiB/26GiB(17%) CN:7 DL:112MiB ETA:3m20s]
[#c3165e 4.6GiB/26GiB(17%) CN:7 DL:110MiB ETA:3m22s]
[#c3165e 4.7GiB/26GiB(17%) CN:7 DL:110MiB ETA:3m22s]
[#c3165e 4.8GiB/26GiB(18%) CN:7 DL:109MiB ETA:3m24s]
[#c3165e 4.9GiB/26GiB(18%) CN:7 DL:109MiB ETA:3m22s]
[#c3165e 5.0GiB/26GiB(19%) CN:7 DL:109MiB ETA:3m21s]
[#c3165e 5.1GiB/26GiB(19%) CN:7 DL:108MiB ETA:3m22s]
[#c3165e 5.2GiB/26GiB(19%) CN:7 DL:110MiB ETA:3m18s]
[#c3165e 5.3GiB/26GiB(20%) CN:7 DL:111MiB ETA:3m15s]
[#c3165e 5.4GiB/26GiB(20%) CN:7 DL:108MiB ETA:3m20s]
[#c3165e 5.5GiB/26GiB(20%) CN:7 DL:108MiB ETA:3m18s]
[#c3165e 5.6GiB/26GiB(21%) CN:7 DL:104MiB ETA:3m24s]

07/13 02:27:40 [[1;31mERROR[0m] CUID#15 - Download aborted. URI=https://huggingface.co/lmstudio-community/Qwen3.6-27B-GGUF/resolve/main/Qwen3.6-27B-Q8_0.gguf
Exception: [AbstractCommand.cc:351] errorCode=22 URI=https://us.aws.cdn.hf.co/xet-bridge-us/69e8d95a774da603695c1447/0c0b4d987deec106a8a2ce006e745f29c5e73de57281b0e0c8952a75b4b8c2c8?user_id=public&response-content-disposition=inline%3B+filename*%3DUTF-8%27%27Qwen3.6-27B-Q8_0.gguf%3B+filename%3D%22Qwen3.6-27B-Q8_0.gguf%22%3B&X-Xet-Cas-Uid=public&Expires=1783913206&Policy=eyJTdGF0ZW1lbnQiOlt7IlJlc291cmNlIjoiaHR0cHM6Ly91cy5hd3MuY2RuLmhmLmNvL3hldC1icmlkZ2UtdXMvNjllOGQ5NWE3NzRkYTYwMzY5NWMxNDQ3LzBjMGI0ZDk4N2RlZWMxMDZhOGEyY2UwMDZlNzQ1ZjI5YzVlNzNkZTU3MjgxYjBlMGM4OTUyYTc1YjRiOGMyYzhcXD91c2VyX2lkPXB1YmxpYyZyZXNwb25zZS1jb250ZW50LWRpc3Bvc2l0aW9uPWlubGluZSUzQitmaWxlbmFtZSUyQSUzRFVURi04JTI3JTI3UXdlbjMuNi0yN0ItUThfMC5nZ3VmJTNCK2ZpbGVuYW1lJTNEJTIyUXdlbjMuNi0yN0ItUThfMC5nZ3VmJTIyJTNCJlgtWGV0LUNhcy1VaWQ9cHVibGljIiwiQ29uZGl0aW9uIjp7IkRhdGVMZXNzVGhhbiI6eyJFcG9jaFRpbWUiOjE3ODM5MTMyMDZ9LCJCeXRlUmFuZ2UiOnsiRXhwZWN0ZWRIZWFkZXIiOiJieXRlcz0yNTAyMjE2OTA4OC0yNjgwOTk5MTE2NyJ9fX1dfQ__&Signature=MEYCIQC4g8INlJcA2qLjXrBjzC8yanCt8zbPcdFh7roxFlHr3wIhAOk4gXF4nuKT2KuPIebSDLpKSrq66PzjFWBx6eb02cjo&Key-Pair-Id=01KAYHXK2CBJSW0YZTMNXK9W1M
  -> [HttpSkipResponseCommand.cc:239] errorCode=22 The response status is not successful. status=403
[#c3165e 5.7GiB/26GiB(21%) CN:6 DL:107MiB ETA:3m18s]
[#c3165e 5.8GiB/26GiB(22%) CN:6 DL:107MiB ETA:3m18s]
[#c3165e 5.9GiB/26GiB(22%) CN:6 DL:107MiB ETA:3m17s]
[#c3165e 6.1GiB/26GiB(22%) CN:6 DL:107MiB ETA:3m15s]
[#c3165e 6.2GiB/26GiB(23%) CN:6 DL:107MiB ETA:3m14s]
 *** Download Progress Summary as of Mon Jul 13 02:27:46 2026 *** 
===============================================================================
[#c3165e 6.2GiB/26GiB(23%) CN:6 DL:89MiB ETA:3m53s]
FILE: /home/mark/AI/Models/Qwen 3.6/27B/Qwen3.6-27B-Q8_0.gguf
-------------------------------------------------------------------------------

[#c3165e 6.2GiB/26GiB(23%) CN:6 DL:89MiB ETA:3m53s]
[#c3165e 6.4GiB/26GiB(24%) CN:6 DL:98MiB ETA:3m29s]
[#c3165e 6.5GiB/26GiB(24%) CN:6 DL:100MiB ETA:3m24s]
[#c3165e 6.6GiB/26GiB(24%) CN:6 DL:101MiB ETA:3m21s]
[#c3165e 6.7GiB/26GiB(25%) CN:6 DL:101MiB ETA:3m21s]
[#c3165e 6.8GiB/26GiB(25%) CN:6 DL:101MiB ETA:3m19s]
[#c3165e 6.9GiB/26GiB(26%) CN:6 DL:100MiB ETA:3m20s]
[#c3165e 7.0GiB/26GiB(26%) CN:6 DL:102MiB ETA:3m14s]
[#c3165e 7.1GiB/26GiB(27%) CN:6 DL:121MiB ETA:2m43s]
[#c3165e 7.2GiB/26GiB(27%) CN:6 DL:119MiB ETA:2m45s]
[#c3165e 7.4GiB/26GiB(27%) CN:6 DL:111MiB ETA:2m56s]
[#c3165e 7.5GiB/26GiB(28%) CN:6 DL:111MiB ETA:2m55s]
[#c3165e 7.6GiB/26GiB(28%) CN:6 DL:110MiB ETA:2m55s]
[#c3165e 7.7GiB/26GiB(29%) CN:6 DL:111MiB ETA:2m53s]

07/13 02:28:00 [[1;31mERROR[0m] CUID#9 - Download aborted. URI=https://huggingface.co/lmstudio-community/Qwen3.6-27B-GGUF/resolve/main/Qwen3.6-27B-Q8_0.gguf
Exception: [AbstractCommand.cc:351] errorCode=22 URI=https://us.aws.cdn.hf.co/xet-bridge-us/69e8d95a774da603695c1447/0c0b4d987deec106a8a2ce006e745f29c5e73de57281b0e0c8952a75b4b8c2c8?user_id=public&X-Xet-Cas-Uid=public&response-content-disposition=inline%3B+filename*%3DUTF-8%27%27Qwen3.6-27B-Q8_0.gguf%3B+filename%3D%22Qwen3.6-27B-Q8_0.gguf%22%3B&Expires=1783913206&Policy=eyJTdGF0ZW1lbnQiOlt7IlJlc291cmNlIjoiaHR0cHM6Ly91cy5hd3MuY2RuLmhmLmNvL3hldC1icmlkZ2UtdXMvNjllOGQ5NWE3NzRkYTYwMzY5NWMxNDQ3LzBjMGI0ZDk4N2RlZWMxMDZhOGEyY2UwMDZlNzQ1ZjI5YzVlNzNkZTU3MjgxYjBlMGM4OTUyYTc1YjRiOGMyYzhcXD91c2VyX2lkPXB1YmxpYyZYLVhldC1DYXMtVWlkPXB1YmxpYyZyZXNwb25zZS1jb250ZW50LWRpc3Bvc2l0aW9uPWlubGluZSUzQitmaWxlbmFtZSUyQSUzRFVURi04JTI3JTI3UXdlbjMuNi0yN0ItUThfMC5nZ3VmJTNCK2ZpbGVuYW1lJTNEJTIyUXdlbjMuNi0yN0ItUThfMC5nZ3VmJTIyJTNCIiwiQ29uZGl0aW9uIjp7IkRhdGVMZXNzVGhhbiI6eyJFcG9jaFRpbWUiOjE3ODM5MTMyMDZ9LCJCeXRlUmFuZ2UiOnsiRXhwZWN0ZWRIZWFkZXIiOiJieXRlcz0xNDI5ODM4MjMzNi0xNjA4NjIwNDQxNSJ9fX1dfQ__&Signature=MEQCIHcsAIvnm7GFBplPTRH2%7Ezcdd6Sl6pSt6tk5MitYPfEJAiAi4ehbsnHM2mg6NMwYBCu%7EKzoeMX0spE0JnMRfS06w3w__&Key-Pair-Id=01KAYHXK2CBJSW0YZTMNXK9W1M
  -> [HttpSkipResponseCommand.cc:239] errorCode=22 The response status is not successful. status=403
[#c3165e 7.8GiB/26GiB(29%) CN:5 DL:112MiB ETA:2m51s]
[#c3165e 7.9GiB/26GiB(29%) CN:5 DL:109MiB ETA:2m55s]
[#c3165e 8.0GiB/26GiB(30%) CN:5 DL:111MiB ETA:2m51s]
[#c3165e 8.1GiB/26GiB(30%) CN:5 DL:110MiB ETA:2m50s]
[#c3165e 8.2GiB/26GiB(30%) CN:5 DL:108MiB ETA:2m53s]
[#c3165e 8.3GiB/26GiB(31%) CN:5 DL:108MiB ETA:2m52s]
[#c3165e 8.4GiB/26GiB(31%) CN:5 DL:108MiB ETA:2m51s]
[#c3165e 8.5GiB/26GiB(32%) CN:5 DL:109MiB ETA:2m48s]
[#c3165e 8.6GiB/26GiB(32%) CN:5 DL:108MiB ETA:2m49s]
[#c3165e 8.7GiB/26GiB(32%) CN:5 DL:106MiB ETA:2m51s]
[#c3165e 8.8GiB/26GiB(33%) CN:5 DL:105MiB ETA:2m52s]

07/13 02:28:11 [[1;31mERROR[0m] CUID#11 - Download aborted. URI=https://huggingface.co/lmstudio-community/Qwen3.6-27B-GGUF/resolve/main/Qwen3.6-27B-Q8_0.gguf
Exception: [AbstractCommand.cc:351] errorCode=22 URI=https://us.aws.cdn.hf.co/xet-bridge-us/69e8d95a774da603695c1447/0c0b4d987deec106a8a2ce006e745f29c5e73de57281b0e0c8952a75b4b8c2c8?response-content-disposition=inline%3B+filename*%3DUTF-8%27%27Qwen3.6-27B-Q8_0.gguf%3B+filename%3D%22Qwen3.6-27B-Q8_0.gguf%22%3B&user_id=public&X-Xet-Cas-Uid=public&Expires=1783913206&Policy=eyJTdGF0ZW1lbnQiOlt7IlJlc291cmNlIjoiaHR0cHM6Ly91cy5hd3MuY2RuLmhmLmNvL3hldC1icmlkZ2UtdXMvNjllOGQ5NWE3NzRkYTYwMzY5NWMxNDQ3LzBjMGI0ZDk4N2RlZWMxMDZhOGEyY2UwMDZlNzQ1ZjI5YzVlNzNkZTU3MjgxYjBlMGM4OTUyYTc1YjRiOGMyYzhcXD9yZXNwb25zZS1jb250ZW50LWRpc3Bvc2l0aW9uPWlubGluZSUzQitmaWxlbmFtZSUyQSUzRFVURi04JTI3JTI3UXdlbjMuNi0yN0ItUThfMC5nZ3VmJTNCK2ZpbGVuYW1lJTNEJTIyUXdlbjMuNi0yN0ItUThfMC5nZ3VmJTIyJTNCJnVzZXJfaWQ9cHVibGljJlgtWGV0LUNhcy1VaWQ9cHVibGljIiwiQ29uZGl0aW9uIjp7IkRhdGVMZXNzVGhhbiI6eyJFcG9jaFRpbWUiOjE3ODM5MTMyMDZ9LCJCeXRlUmFuZ2UiOnsiRXhwZWN0ZWRIZWFkZXIiOiJieXRlcz0yMTQ0NzU3MzUwNC0yMzIzNTM5NTU4MyJ9fX1dfQ__&Signature=MEUCID%7EpGmeHKhsx5AJ3pw1vuU0rg82KWvuyTeN-IJ%7EyFRp0AiEAw7qVL1rP1fQFIH0c0OGiKFjGGgOBrRLpuWJVQU%7E-T8k_&Key-Pair-Id=01KAYHXK2CBJSW0YZTMNXK9W1M
  -> [HttpSkipResponseCommand.cc:239] errorCode=22 The response status is not successful. status=403
[#c3165e 8.9GiB/26GiB(33%) CN:4 DL:108MiB ETA:2m47s]
[#c3165e 9.0GiB/26GiB(34%) CN:4 DL:104MiB ETA:2m51s]
[#c3165e 9.1GiB/26GiB(34%) CN:4 DL:106MiB ETA:2m47s]
[#c3165e 9.3GiB/26GiB(34%) CN:4 DL:106MiB ETA:2m46s]
[#c3165e 9.4GiB/26GiB(35%) CN:4 DL:107MiB ETA:2m44s]
[#c3165e 9.5GiB/26GiB(35%) CN:4 DL:106MiB ETA:2m45s]
[#c3165e 9.6GiB/26GiB(36%) CN:4 DL:108MiB ETA:2m40s]
[#c3165e 9.7GiB/26GiB(36%) CN:4 DL:107MiB ETA:2m41s]
[#c3165e 9.8GiB/26GiB(36%) CN:4 DL:109MiB ETA:2m37s]
[#c3165e 9.9GiB/26GiB(37%) CN:4 DL:110MiB ETA:2m35s]
[#c3165e 10GiB/26GiB(37%) CN:4 DL:108MiB ETA:2m35s]
[#c3165e 10GiB/26GiB(38%) CN:4 DL:109MiB ETA:2m33s]
[#c3165e 10GiB/26GiB(38%) CN:4 DL:109MiB ETA:2m33s]
[#c3165e 10GiB/26GiB(39%) CN:4 DL:110MiB ETA:2m30s]
[#c3165e 10GiB/26GiB(39%) CN:4 DL:109MiB ETA:2m30s]
[#c3165e 10GiB/26GiB(39%) CN:4 DL:109MiB ETA:2m29s]
[#c3165e 10GiB/26GiB(40%) CN:4 DL:109MiB ETA:2m29s]
[#c3165e 10GiB/26GiB(40%) CN:4 DL:110MiB ETA:2m27s]
[#c3165e 10GiB/26GiB(41%) CN:4 DL:108MiB ETA:2m27s]
[#c3165e 11GiB/26GiB(41%) CN:4 DL:109MiB ETA:2m26s]

07/13 02:28:31 [[1;31mERROR[0m] CUID#10 - Download aborted. URI=https://huggingface.co/lmstudio-community/Qwen3.6-27B-GGUF/resolve/main/Qwen3.6-27B-Q8_0.gguf
Exception: [AbstractCommand.cc:351] errorCode=22 URI=https://us.aws.cdn.hf.co/xet-bridge-us/69e8d95a774da603695c1447/0c0b4d987deec106a8a2ce006e745f29c5e73de57281b0e0c8952a75b4b8c2c8?user_id=public&X-Xet-Cas-Uid=public&response-content-disposition=inline%3B+filename*%3DUTF-8%27%27Qwen3.6-27B-Q8_0.gguf%3B+filename%3D%22Qwen3.6-27B-Q8_0.gguf%22%3B&Expires=1783913206&Policy=eyJTdGF0ZW1lbnQiOlt7IlJlc291cmNlIjoiaHR0cHM6Ly91cy5hd3MuY2RuLmhmLmNvL3hldC1icmlkZ2UtdXMvNjllOGQ5NWE3NzRkYTYwMzY5NWMxNDQ3LzBjMGI0ZDk4N2RlZWMxMDZhOGEyY2UwMDZlNzQ1ZjI5YzVlNzNkZTU3MjgxYjBlMGM4OTUyYTc1YjRiOGMyYzhcXD91c2VyX2lkPXB1YmxpYyZYLVhldC1DYXMtVWlkPXB1YmxpYyZyZXNwb25zZS1jb250ZW50LWRpc3Bvc2l0aW9uPWlubGluZSUzQitmaWxlbmFtZSUyQSUzRFVURi04JTI3JTI3UXdlbjMuNi0yN0ItUThfMC5nZ3VmJTNCK2ZpbGVuYW1lJTNEJTIyUXdlbjMuNi0yN0ItUThfMC5nZ3VmJTIyJTNCIiwiQ29uZGl0aW9uIjp7IkRhdGVMZXNzVGhhbiI6eyJFcG9jaFRpbWUiOjE3ODM5MTMyMDZ9LCJCeXRlUmFuZ2UiOnsiRXhwZWN0ZWRIZWFkZXIiOiJieXRlcz03MTQ5MTkxMTY4LTg5MzcwMTMyNDcifX19XX0_&Signature=MEUCIQCu4CWJNp-sMXM4drjNOb%7E%7E0UvpXIAqfmESloItEggzCgIgHd0UZE-5JdGVz5cx7SnMzbcWmeOw1fbZqdi9MKa8XfA_&Key-Pair-Id=01KAYHXK2CBJSW0YZTMNXK9W1M
  -> [HttpSkipResponseCommand.cc:239] errorCode=22 The response status is not successful. status=403
[#c3165e 11GiB/26GiB(41%) CN:3 DL:110MiB ETA:2m23s]
[#c3165e 11GiB/26GiB(42%) CN:3 DL:109MiB ETA:2m24s]
[#c3165e 11GiB/26GiB(42%) CN:3 DL:108MiB ETA:2m24s]
[#c3165e 11GiB/26GiB(42%) CN:3 DL:106MiB ETA:2m25s]
[#c3165e 11GiB/26GiB(43%) CN:3 DL:109MiB ETA:2m20s]
[#c3165e 11GiB/26GiB(43%) CN:3 DL:107MiB ETA:2m22s]
[#c3165e 11GiB/26GiB(44%) CN:3 DL:108MiB ETA:2m20s]
[#c3165e 11GiB/26GiB(44%) CN:3 DL:109MiB ETA:2m18s]
[#c3165e 11GiB/26GiB(44%) CN:3 DL:107MiB ETA:2m19s]
[#c3165e 12GiB/26GiB(45%) CN:3 DL:108MiB ETA:2m17s]
[#c3165e 12GiB/26GiB(45%) CN:3 DL:103MiB ETA:2m23s]
[#c3165e 12GiB/26GiB(46%) CN:3 DL:104MiB ETA:2m20s]
[#c3165e 12GiB/26GiB(46%) CN:3 DL:104MiB ETA:2m20s]
[#c3165e 12GiB/26GiB(46%) CN:3 DL:105MiB ETA:2m17s]

07/13 02:28:44 [[1;31mERROR[0m] CUID#23 - Download aborted. URI=https://huggingface.co/lmstudio-community/Qwen3.6-27B-GGUF/resolve/main/Qwen3.6-27B-Q8_0.gguf
Exception: [AbstractCommand.cc:351] errorCode=22 URI=https://us.aws.cdn.hf.co/xet-bridge-us/69e8d95a774da603695c1447/0c0b4d987deec106a8a2ce006e745f29c5e73de57281b0e0c8952a75b4b8c2c8?user_id=public&response-content-disposition=inline%3B+filename*%3DUTF-8%27%27Qwen3.6-27B-Q8_0.gguf%3B+filename%3D%22Qwen3.6-27B-Q8_0.gguf%22%3B&X-Xet-Cas-Uid=public&Expires=1783913206&Policy=eyJTdGF0ZW1lbnQiOlt7IlJlc291cmNlIjoiaHR0cHM6Ly91cy5hd3MuY2RuLmhmLmNvL3hldC1icmlkZ2UtdXMvNjllOGQ5NWE3NzRkYTYwMzY5NWMxNDQ3LzBjMGI0ZDk4N2RlZWMxMDZhOGEyY2UwMDZlNzQ1ZjI5YzVlNzNkZTU3MjgxYjBlMGM4OTUyYTc1YjRiOGMyYzhcXD91c2VyX2lkPXB1YmxpYyZyZXNwb25zZS1jb250ZW50LWRpc3Bvc2l0aW9uPWlubGluZSUzQitmaWxlbmFtZSUyQSUzRFVURi04JTI3JTI3UXdlbjMuNi0yN0ItUThfMC5nZ3VmJTNCK2ZpbGVuYW1lJTNEJTIyUXdlbjMuNi0yN0ItUThfMC5nZ3VmJTIyJTNCJlgtWGV0LUNhcy1VaWQ9cHVibGljIiwiQ29uZGl0aW9uIjp7IkRhdGVMZXNzVGhhbiI6eyJFcG9jaFRpbWUiOjE3ODM5MTMyMDZ9LCJCeXRlUmFuZ2UiOnsiRXhwZWN0ZWRIZWFkZXIiOiJieXRlcz0yNjgwOTk5MTE2OC0yODU5NTc2MjMwMyJ9fX1dfQ__&Signature=MEYCIQC%7EM%7Ey8qNv6YTFWsGkFox7t3bWmaaWmY1HOLDJK8q9MeAIhAN%7EiTqjiuCL-MyOwvltyVbIHQjZ%7EuW8w%7EiKxd%7E2GyNUv&Key-Pair-Id=01KAYHXK2CBJSW0YZTMNXK9W1M
  -> [HttpSkipResponseCommand.cc:239] errorCode=22 The response status is not successful. status=403
 *** Download Progress Summary as of Mon Jul 13 02:28:48 2026 *** 
===============================================================================
[#c3165e 12GiB/26GiB(47%) CN:2 DL:67MiB ETA:3m32s]
FILE: /home/mark/AI/Models/Qwen 3.6/27B/Qwen3.6-27B-Q8_0.gguf
-------------------------------------------------------------------------------

[#c3165e 12GiB/26GiB(47%) CN:2 DL:67MiB ETA:3m32s]
[#c3165e 12GiB/26GiB(47%) CN:2 DL:74MiB ETA:3m12s]
[#c3165e 12GiB/26GiB(47%) CN:2 DL:71MiB ETA:3m17s]
[#c3165e 12GiB/26GiB(48%) CN:2 DL:76MiB ETA:3m2s]
[#c3165e 12GiB/26GiB(48%) CN:2 DL:75MiB ETA:3m6s]
[#c3165e 13GiB/26GiB(49%) CN:2 DL:75MiB ETA:3m5s]
[#c3165e 13GiB/26GiB(49%) CN:2 DL:71MiB ETA:3m12s]
[#c3165e 13GiB/26GiB(49%) CN:2 DL:106MiB ETA:2m8s]
[#c3165e 13GiB/26GiB(50%) CN:2 DL:103MiB ETA:2m12s]

07/13 02:28:56 [[1;31mERROR[0m] CUID#13 - Download aborted. URI=https://huggingface.co/lmstudio-community/Qwen3.6-27B-GGUF/resolve/main/Qwen3.6-27B-Q8_0.gguf
Exception: [AbstractCommand.cc:351] errorCode=22 URI=https://us.aws.cdn.hf.co/xet-bridge-us/69e8d95a774da603695c1447/0c0b4d987deec106a8a2ce006e745f29c5e73de57281b0e0c8952a75b4b8c2c8?user_id=public&X-Xet-Cas-Uid=public&response-content-disposition=inline%3B+filename*%3DUTF-8%27%27Qwen3.6-27B-Q8_0.gguf%3B+filename%3D%22Qwen3.6-27B-Q8_0.gguf%22%3B&Expires=1783913206&Policy=eyJTdGF0ZW1lbnQiOlt7IlJlc291cmNlIjoiaHR0cHM6Ly91cy5hd3MuY2RuLmhmLmNvL3hldC1icmlkZ2UtdXMvNjllOGQ5NWE3NzRkYTYwMzY5NWMxNDQ3LzBjMGI0ZDk4N2RlZWMxMDZhOGEyY2UwMDZlNzQ1ZjI5YzVlNzNkZTU3MjgxYjBlMGM4OTUyYTc1YjRiOGMyYzhcXD91c2VyX2lkPXB1YmxpYyZYLVhldC1DYXMtVWlkPXB1YmxpYyZyZXNwb25zZS1jb250ZW50LWRpc3Bvc2l0aW9uPWlubGluZSUzQitmaWxlbmFtZSUyQSUzRFVURi04JTI3JTI3UXdlbjMuNi0yN0ItUThfMC5nZ3VmJTNCK2ZpbGVuYW1lJTNEJTIyUXdlbjMuNi0yN0ItUThfMC5nZ3VmJTIyJTNCIiwiQ29uZGl0aW9uIjp7IkRhdGVMZXNzVGhhbiI6eyJFcG9jaFRpbWUiOjE3ODM5MTMyMDZ9LCJCeXRlUmFuZ2UiOnsiRXhwZWN0ZWRIZWFkZXIiOiJieXRlcz0xMDcyMzc4Njc1Mi0xMjUxMTYwODgzMSJ9fX1dfQ__&Signature=MEMCH2saS528lEphbLqCBQ0S4x1Jm5Knr%7EWl%7Ed%7E0FmQlo6cCIHzPXpn4pymPClJ%7EIKy05vmyiyY66NgUwyvRdZFrxENz&Key-Pair-Id=01KAYHXK2CBJSW0YZTMNXK9W1M
  -> [HttpSkipResponseCommand.cc:239] errorCode=22 The response status is not successful. status=403
[#c3165e 13GiB/26GiB(50%) CN:1 DL:100MiB ETA:2m14s]
[#c3165e 13GiB/26GiB(50%) CN:1 DL:90MiB ETA:2m29s]
[#c3165e 13GiB/26GiB(50%) CN:1 DL:85MiB ETA:2m37s]
[#c3165e 13GiB/26GiB(50%) CN:1 DL:78MiB ETA:2m50s]
[#c3165e 13GiB/26GiB(51%) CN:1 DL:72MiB ETA:3m3s]
[#c3165e 13GiB/26GiB(51%) CN:1 DL:61MiB ETA:3m36s]
[#c3165e 13GiB/26GiB(51%) CN:1 DL:53MiB ETA:4m9s]
[#c3165e 13GiB/26GiB(51%) CN:1 DL:44MiB ETA:5m]
[#c3165e 13GiB/26GiB(51%) CN:1 DL:38MiB ETA:5m46s]
[#c3165e 13GiB/26GiB(51%) CN:1 DL:34MiB ETA:6m20s]
[#c3165e 13GiB/26GiB(51%) CN:1 DL:31MiB ETA:7m]
[#c3165e 13GiB/26GiB(51%) CN:1 DL:31MiB ETA:6m59s]
[#c3165e 13GiB/26GiB(51%) CN:1 DL:31MiB ETA:6m59s]
[#c3165e 13GiB/26GiB(52%) CN:1 DL:31MiB ETA:6m50s]
[#c3165e 13GiB/26GiB(52%) CN:1 DL:33MiB ETA:6m23s]
[#c3165e 13GiB/26GiB(52%) CN:1 DL:36MiB ETA:5m53s]
[#c3165e 14GiB/26GiB(52%) CN:1 DL:38MiB ETA:5m33s]
[#c3165e 14GiB/26GiB(52%) CN:1 DL:38MiB ETA:5m32s]
[#c3165e 14GiB/26GiB(52%) CN:1 DL:38MiB ETA:5m33s]
[#c3165e 14GiB/26GiB(53%) CN:1 DL:40MiB ETA:5m18s]
[#c3165e 14GiB/26GiB(53%) CN:1 DL:40MiB ETA:5m14s]
[#c3165e 14GiB/26GiB(53%) CN:1 DL:40MiB ETA:5m11s]
[#c3165e 14GiB/26GiB(53%) CN:1 DL:41MiB ETA:5m7s]
[#c3165e 14GiB/26GiB(53%) CN:1 DL:41MiB ETA:5m1s]
[#c3165e 14GiB/26GiB(53%) CN:1 DL:40MiB ETA:5m7s]
[#c3165e 14GiB/26GiB(53%) CN:1 DL:38MiB ETA:5m23s]
[#c3165e 14GiB/26GiB(54%) CN:1 DL:38MiB ETA:5m25s]
[#c3165e 14GiB/26GiB(54%) CN:1 DL:37MiB ETA:5m36s]
[#c3165e 14GiB/26GiB(54%) CN:1 DL:37MiB ETA:5m34s]
[#c3165e 14GiB/26GiB(54%) CN:1 DL:34MiB ETA:5m58s]
[#c3165e 14GiB/26GiB(54%) CN:1 DL:34MiB ETA:6m4s]
[#c3165e 14GiB/26GiB(54%) CN:1 DL:33MiB ETA:6m13s]
[#c3165e 14GiB/26GiB(54%) CN:1 DL:32MiB ETA:6m18s]
[#c3165e 14GiB/26GiB(54%) CN:1 DL:32MiB ETA:6m18s]
[#c3165e 14GiB/26GiB(55%) CN:1 DL:35MiB ETA:5m47s]
[#c3165e 14GiB/26GiB(55%) CN:1 DL:36MiB ETA:5m32s]
[#c3165e 14GiB/26GiB(55%) CN:1 DL:34MiB ETA:5m48s]
[#c3165e 14GiB/26GiB(55%) CN:1 DL:34MiB ETA:5m47s]
[#c3165e 14GiB/26GiB(55%) CN:1 DL:35MiB ETA:5m44s]
[#c3165e 14GiB/26GiB(55%) CN:1 DL:33MiB ETA:6m]
[#c3165e 14GiB/26GiB(55%) CN:1 DL:33MiB ETA:6m3s]
[#c3165e 14GiB/26GiB(55%) CN:1 DL:31MiB ETA:6m18s]
[#c3165e 14GiB/26GiB(56%) CN:1 DL:32MiB ETA:6m12s]
[#c3165e 14GiB/26GiB(56%) CN:1 DL:32MiB ETA:6m6s]
[#c3165e 15GiB/26GiB(56%) CN:1 DL:33MiB ETA:5m58s]
[#c3165e 15GiB/26GiB(56%) CN:1 DL:35MiB ETA:5m30s]
[#c3165e 15GiB/26GiB(56%) CN:1 DL:36MiB ETA:5m23s]
[#c3165e 15GiB/26GiB(56%) CN:1 DL:36MiB ETA:5m25s]
[#c3165e 15GiB/26GiB(56%) CN:1 DL:34MiB ETA:5m44s]
[#c3165e 15GiB/26GiB(56%) CN:1 DL:34MiB ETA:5m40s]
 *** Download Progress Summary as of Mon Jul 13 02:29:48 2026 *** 
===============================================================================
[#c3165e 15GiB/26GiB(56%) CN:1 DL:33MiB ETA:5m47s]
FILE: /home/mark/AI/Models/Qwen 3.6/27B/Qwen3.6-27B-Q8_0.gguf
-------------------------------------------------------------------------------

[#c3165e 15GiB/26GiB(56%) CN:1 DL:33MiB ETA:5m47s]
[#c3165e 15GiB/26GiB(57%) CN:1 DL:31MiB ETA:6m6s]
[#c3165e 15GiB/26GiB(57%) CN:1 DL:32MiB ETA:6m4s]
[#c3165e 15GiB/26GiB(57%) CN:1 DL:28MiB ETA:6m52s]
[#c3165e 15GiB/26GiB(57%) CN:1 DL:28MiB ETA:6m49s]
[#c3165e 15GiB/26GiB(57%) CN:1 DL:28MiB ETA:6m41s]
[#c3165e 15GiB/26GiB(57%) CN:1 DL:29MiB ETA:6m26s]
[#c3165e 15GiB/26GiB(58%) CN:1 DL:35MiB ETA:5m24s]
[#c3165e 15GiB/26GiB(58%) CN:1 DL:38MiB ETA:4m59s]
[#c3165e 15GiB/26GiB(58%) CN:1 DL:38MiB ETA:4m52s]
[#c3165e 15GiB/26GiB(58%) CN:1 DL:39MiB ETA:4m50s]
[#c3165e 15GiB/26GiB(58%) CN:1 DL:39MiB ETA:4m42s]
[#c3165e 15GiB/26GiB(58%) CN:1 DL:42MiB ETA:4m27s]
[#c3165e 15GiB/26GiB(58%) CN:1 DL:42MiB ETA:4m24s]
[#c3165e 15GiB/26GiB(59%) CN:1 DL:42MiB ETA:4m22s]
[#c3165e 15GiB/26GiB(59%) CN:1 DL:42MiB ETA:4m24s]
[#c3165e 15GiB/26GiB(59%) CN:1 DL:41MiB ETA:4m28s]
[#c3165e 15GiB/26GiB(59%) CN:1 DL:41MiB ETA:4m29s]
[#c3165e 15GiB/26GiB(59%) CN:1 DL:38MiB ETA:4m46s]
[#c3165e 15GiB/26GiB(59%) CN:1 DL:37MiB ETA:4m52s]
[#c3165e 15GiB/26GiB(59%) CN:1 DL:34MiB ETA:5m14s]
[#c3165e 15GiB/26GiB(59%) CN:1 DL:34MiB ETA:5m15s]
[#c3165e 15GiB/26GiB(60%) CN:1 DL:33MiB ETA:5m26s]
[#c3165e 16GiB/26GiB(60%) CN:1 DL:33MiB ETA:5m23s]
[#c3165e 16GiB/26GiB(60%) CN:1 DL:33MiB ETA:5m20s]
[#c3165e 16GiB/26GiB(60%) CN:1 DL:33MiB ETA:5m17s]
[#c3165e 16GiB/26GiB(60%) CN:1 DL:33MiB ETA:5m18s]
[#c3165e 16GiB/26GiB(60%) CN:1 DL:37MiB ETA:4m42s]
[#c3165e 16GiB/26GiB(61%) CN:1 DL:38MiB ETA:4m33s]
[#c3165e 16GiB/26GiB(61%) CN:1 DL:36MiB ETA:4m48s]
[#c3165e 16GiB/26GiB(61%) CN:1 DL:36MiB ETA:4m47s]
[#c3165e 16GiB/26GiB(61%) CN:1 DL:35MiB ETA:4m54s]
[#c3165e 16GiB/26GiB(61%) CN:1 DL:35MiB ETA:4m56s]
[#c3165e 16GiB/26GiB(61%) CN:1 DL:33MiB ETA:5m14s]
[#c3165e 16GiB/26GiB(61%) CN:1 DL:33MiB ETA:5m14s]
[#c3165e 16GiB/26GiB(61%) CN:1 DL:30MiB ETA:5m38s]
[#c3165e 16GiB/26GiB(61%) CN:1 DL:30MiB ETA:5m40s]
[#c3165e 16GiB/26GiB(62%) CN:1 DL:31MiB ETA:5m26s]
[#c3165e 16GiB/26GiB(62%) CN:1 DL:36MiB ETA:4m44s]
[#c3165e 16GiB/26GiB(62%) CN:1 DL:38MiB ETA:4m29s]
[#c3165e 16GiB/26GiB(62%) CN:1 DL:35MiB ETA:4m47s]
[#c3165e 16GiB/26GiB(62%) CN:1 DL:31MiB ETA:5m23s]
[#c3165e 16GiB/26GiB(62%) CN:1 DL:34MiB ETA:4m53s]
[#c3165e 16GiB/26GiB(63%) CN:1 DL:39MiB ETA:4m17s]
[#c3165e 16GiB/26GiB(63%) CN:1 DL:44MiB ETA:3m44s]
[#c3165e 16GiB/26GiB(63%) CN:1 DL:48MiB ETA:3m26s]
[#c3165e 16GiB/26GiB(63%) CN:1 DL:51MiB ETA:3m12s]
[#c3165e 17GiB/26GiB(64%) CN:1 DL:53MiB ETA:3m4s]
[#c3165e 17GiB/26GiB(64%) CN:1 DL:56MiB ETA:2m53s]
[#c3165e 17GiB/26GiB(64%) CN:1 DL:63MiB ETA:2m32s]
[#c3165e 17GiB/26GiB(64%) CN:1 DL:71MiB ETA:2m14s]
[#c3165e 17GiB/26GiB(65%) CN:1 DL:71MiB ETA:2m12s]
[#c3165e 17GiB/26GiB(65%) CN:1 DL:73MiB ETA:2m8s]
[#c3165e 17GiB/26GiB(65%) CN:1 DL:71MiB ETA:2m10s]
[#c3165e 17GiB/26GiB(65%) CN:1 DL:71MiB ETA:2m11s]
[#c3165e 17GiB/26GiB(66%) CN:1 DL:69MiB ETA:2m12s]
[#c3165e 17GiB/26GiB(66%) CN:1 DL:68MiB ETA:2m13s]
[#c3165e 17GiB/26GiB(66%) CN:1 DL:69MiB ETA:2m11s]
[#c3165e 17GiB/26GiB(66%) CN:1 DL:68MiB ETA:2m11s]
 *** Download Progress Summary as of Mon Jul 13 02:30:48 2026 *** 
===============================================================================
[#c3165e 17GiB/26GiB(67%) CN:1 DL:69MiB ETA:2m9s]
FILE: /home/mark/AI/Models/Qwen 3.6/27B/Qwen3.6-27B-Q8_0.gguf
-------------------------------------------------------------------------------

[#c3165e 17GiB/26GiB(67%) CN:1 DL:69MiB ETA:2m9s]
[#c3165e 17GiB/26GiB(67%) CN:1 DL:68MiB ETA:2m10s]
[#c3165e 17GiB/26GiB(67%) CN:1 DL:67MiB ETA:2m10s]
[#c3165e 18GiB/26GiB(67%) CN:1 DL:66MiB ETA:2m11s]
[#c3165e 18GiB/26GiB(68%) CN:1 DL:66MiB ETA:2m12s]
[#c3165e 18GiB/26GiB(68%) CN:1 DL:65MiB ETA:2m12s]
[#c3165e 18GiB/26GiB(68%) CN:1 DL:65MiB ETA:2m10s]
[#c3165e 18GiB/26GiB(68%) CN:1 DL:65MiB ETA:2m10s]
[#c3165e 18GiB/26GiB(68%) CN:1 DL:66MiB ETA:2m6s]
[#c3165e 18GiB/26GiB(69%) CN:1 DL:64MiB ETA:2m10s]
[#c3165e 18GiB/26GiB(69%) CN:1 DL:64MiB ETA:2m10s]
[#c3165e 18GiB/26GiB(69%) CN:1 DL:64MiB ETA:2m8s]
[#c3165e 18GiB/26GiB(69%) CN:1 DL:64MiB ETA:2m6s]
[#c3165e 18GiB/26GiB(70%) CN:1 DL:65MiB ETA:2m4s]
[#c3165e 18GiB/26GiB(70%) CN:1 DL:65MiB ETA:2m3s]
[#c3165e 18GiB/26GiB(70%) CN:1 DL:67MiB ETA:1m58s]
[#c3165e 18GiB/26GiB(70%) CN:1 DL:66MiB ETA:1m59s]
[#c3165e 18GiB/26GiB(71%) CN:1 DL:67MiB ETA:1m56s]
[#c3165e 19GiB/26GiB(71%) CN:1 DL:66MiB ETA:1m57s]
[#c3165e 19GiB/26GiB(71%) CN:1 DL:67MiB ETA:1m54s]
[#c3165e 19GiB/26GiB(71%) CN:1 DL:68MiB ETA:1m51s]
[#c3165e 19GiB/26GiB(72%) CN:1 DL:68MiB ETA:1m51s]
[#c3165e 19GiB/26GiB(72%) CN:1 DL:68MiB ETA:1m50s]
[#c3165e 19GiB/26GiB(72%) CN:1 DL:67MiB ETA:1m50s]
[#c3165e 19GiB/26GiB(72%) CN:1 DL:66MiB ETA:1m50s]
[#c3165e 19GiB/26GiB(73%) CN:1 DL:67MiB ETA:1m48s]
[#c3165e 19GiB/26GiB(73%) CN:1 DL:70MiB ETA:1m43s]
[#c3165e 19GiB/26GiB(73%) CN:1 DL:69MiB ETA:1m43s]
[#c3165e 19GiB/26GiB(73%) CN:1 DL:68MiB ETA:1m43s]
[#c3165e 19GiB/26GiB(74%) CN:1 DL:65MiB ETA:1m48s]
[#c3165e 19GiB/26GiB(74%) CN:1 DL:59MiB ETA:1m59s]
[#c3165e 19GiB/26GiB(74%) CN:1 DL:54MiB ETA:2m9s]
[#c3165e 19GiB/26GiB(74%) CN:1 DL:50MiB ETA:2m20s]
[#c3165e 19GiB/26GiB(74%) CN:1 DL:49MiB ETA:2m20s]
[#c3165e 19GiB/26GiB(74%) CN:1 DL:48MiB ETA:2m22s]
[#c3165e 19GiB/26GiB(74%) CN:1 DL:48MiB ETA:2m20s]
[#c3165e 20GiB/26GiB(75%) CN:1 DL:44MiB ETA:2m31s]
[#c3165e 20GiB/26GiB(75%) CN:1 DL:46MiB ETA:2m25s]
[#c3165e 20GiB/26GiB(75%) CN:1 DL:47MiB ETA:2m20s]
[#c3165e 20GiB/26GiB(75%) CN:1 DL:54MiB ETA:2m1s]
[#c3165e 20GiB/26GiB(76%) CN:1 DL:59MiB ETA:1m48s]
[#c3165e 20GiB/26GiB(76%) CN:1 DL:64MiB ETA:1m39s]
[#c3165e 20GiB/26GiB(76%) CN:1 DL:66MiB ETA:1m35s]
[#c3165e 20GiB/26GiB(76%) CN:1 DL:64MiB ETA:1m37s]
[#c3165e 20GiB/26GiB(77%) CN:1 DL:64MiB ETA:1m37s]
[#c3165e 20GiB/26GiB(77%) CN:1 DL:66MiB ETA:1m33s]
[#c3165e 20GiB/26GiB(77%) CN:1 DL:67MiB ETA:1m30s]
[#c3165e 20GiB/26GiB(77%) CN:1 DL:68MiB ETA:1m28s]
[#c3165e 20GiB/26GiB(78%) CN:1 DL:64MiB ETA:1m32s]
[#c3165e 20GiB/26GiB(78%) CN:1 DL:64MiB ETA:1m31s]
[#c3165e 20GiB/26GiB(78%) CN:1 DL:65MiB ETA:1m28s]
[#c3165e 21GiB/26GiB(78%) CN:1 DL:68MiB ETA:1m24s]
[#c3165e 21GiB/26GiB(79%) CN:1 DL:71MiB ETA:1m19s]
[#c3165e 21GiB/26GiB(79%) CN:1 DL:70MiB ETA:1m20s]
[#c3165e 21GiB/26GiB(79%) CN:1 DL:66MiB ETA:1m23s]
[#c3165e 21GiB/26GiB(79%) CN:1 DL:66MiB ETA:1m22s]
[#c3165e 21GiB/26GiB(80%) CN:1 DL:65MiB ETA:1m22s]
[#c3165e 21GiB/26GiB(80%) CN:1 DL:66MiB ETA:1m20s]
[#c3165e 21GiB/26GiB(80%) CN:1 DL:43MiB ETA:2m2s]
 *** Download Progress Summary as of Mon Jul 13 02:31:49 2026 *** 
===============================================================================
[#c3165e 21GiB/26GiB(80%) CN:1 DL:48MiB ETA:1m47s]
FILE: /home/mark/AI/Models/Qwen 3.6/27B/Qwen3.6-27B-Q8_0.gguf
-------------------------------------------------------------------------------

[#c3165e 21GiB/26GiB(80%) CN:1 DL:48MiB ETA:1m47s]
[#c3165e 21GiB/26GiB(81%) CN:1 DL:51MiB ETA:1m41s]
[#c3165e 21GiB/26GiB(81%) CN:1 DL:51MiB ETA:1m39s]
[#c3165e 21GiB/26GiB(81%) CN:1 DL:52MiB ETA:1m36s]
[#c3165e 21GiB/26GiB(81%) CN:1 DL:52MiB ETA:1m34s]
[#c3165e 21GiB/26GiB(81%) CN:1 DL:51MiB ETA:1m34s]
[#c3165e 21GiB/26GiB(82%) CN:1 DL:74MiB ETA:1m5s]
[#c3165e 21GiB/26GiB(82%) CN:1 DL:73MiB ETA:1m4s]
[#c3165e 22GiB/26GiB(82%) CN:1 DL:73MiB ETA:1m3s]
[#c3165e 22GiB/26GiB(83%) CN:1 DL:68MiB ETA:1m7s]
[#c3165e 22GiB/26GiB(83%) CN:1 DL:67MiB ETA:1m7s]
[#c3165e 22GiB/26GiB(83%) CN:1 DL:70MiB ETA:1m3s]
[#c3165e 22GiB/26GiB(83%) CN:1 DL:70MiB ETA:1m3s]
[#c3165e 22GiB/26GiB(84%) CN:1 DL:70MiB ETA:1m1s]
[#c3165e 22GiB/26GiB(84%) CN:1 DL:69MiB ETA:1m1s]
[#c3165e 22GiB/26GiB(84%) CN:1 DL:70MiB ETA:1m]
[#c3165e 22GiB/26GiB(84%) CN:1 DL:72MiB ETA:57s]
[#c3165e 22GiB/26GiB(85%) CN:1 DL:71MiB ETA:56s]
[#c3165e 22GiB/26GiB(85%) CN:1 DL:70MiB ETA:57s]
[#c3165e 22GiB/26GiB(85%) CN:1 DL:70MiB ETA:56s]
[#c3165e 22GiB/26GiB(85%) CN:1 DL:70MiB ETA:54s]
[#c3165e 22GiB/26GiB(86%) CN:1 DL:71MiB ETA:52s]
[#c3165e 22GiB/26GiB(86%) CN:1 DL:70MiB ETA:52s]
[#c3165e 23GiB/26GiB(86%) CN:1 DL:70MiB ETA:51s]
[#c3165e 23GiB/26GiB(86%) CN:1 DL:71MiB ETA:50s]
[#c3165e 23GiB/26GiB(87%) CN:1 DL:70MiB ETA:49s]
[#c3165e 23GiB/26GiB(87%) CN:1 DL:71MiB ETA:47s]
[#c3165e 23GiB/26GiB(87%) CN:1 DL:68MiB ETA:49s]
[#c3165e 23GiB/26GiB(87%) CN:1 DL:68MiB ETA:48s]
[#c3165e 23GiB/26GiB(88%) CN:1 DL:67MiB ETA:47s]
[#c3165e 23GiB/26GiB(88%) CN:1 DL:66MiB ETA:47s]
[#c3165e 23GiB/26GiB(88%) CN:1 DL:66MiB ETA:46s]
[#c3165e 23GiB/26GiB(88%) CN:1 DL:65MiB ETA:46s]
[#c3165e 23GiB/26GiB(89%) CN:1 DL:66MiB ETA:44s]
[#c3165e 23GiB/26GiB(89%) CN:1 DL:66MiB ETA:43s]
[#c3165e 23GiB/26GiB(89%) CN:1 DL:65MiB ETA:43s]
[#c3165e 23GiB/26GiB(89%) CN:1 DL:68MiB ETA:40s]
[#c3165e 23GiB/26GiB(90%) CN:1 DL:67MiB ETA:40s]
[#c3165e 24GiB/26GiB(90%) CN:1 DL:67MiB ETA:39s]
[#c3165e 24GiB/26GiB(90%) CN:1 DL:67MiB ETA:38s]
[#c3165e 24GiB/26GiB(90%) CN:1 DL:67MiB ETA:37s]
[#c3165e 24GiB/26GiB(91%) CN:1 DL:68MiB ETA:35s]
[#c3165e 24GiB/26GiB(91%) CN:1 DL:67MiB ETA:35s]
[#c3165e 24GiB/26GiB(91%) CN:1 DL:66MiB ETA:35s]
[#c3165e 24GiB/26GiB(91%) CN:1 DL:66MiB ETA:34s]
[#c3165e 24GiB/26GiB(91%) CN:1 DL:65MiB ETA:33s]
[#c3165e 24GiB/26GiB(92%) CN:1 DL:65MiB ETA:32s]
[#c3165e 24GiB/26GiB(92%) CN:1 DL:67MiB ETA:30s]
[#c3165e 24GiB/26GiB(92%) CN:1 DL:67MiB ETA:29s]
[#c3165e 24GiB/26GiB(92%) CN:1 DL:66MiB ETA:28s]
[#c3165e 24GiB/26GiB(93%) CN:1 DL:66MiB ETA:27s]
[#c3165e 24GiB/26GiB(93%) CN:1 DL:66MiB ETA:26s]
[#c3165e 24GiB/26GiB(93%) CN:1 DL:66MiB ETA:25s]
[#c3165e 24GiB/26GiB(93%) CN:1 DL:65MiB ETA:25s]
[#c3165e 25GiB/26GiB(94%) CN:1 DL:66MiB ETA:24s]
[#c3165e 25GiB/26GiB(94%) CN:1 DL:68MiB ETA:22s]
[#c3165e 25GiB/26GiB(94%) CN:1 DL:69MiB ETA:20s]
[#c3165e 25GiB/26GiB(94%) CN:1 DL:57MiB ETA:24s]
[#c3165e 25GiB/26GiB(94%) CN:1 DL:54MiB ETA:24s]
[#c3165e 25GiB/26GiB(95%) CN:1 DL:50MiB ETA:26s]
 *** Download Progress Summary as of Mon Jul 13 02:32:50 2026 *** 
===============================================================================
[#c3165e 25GiB/26GiB(95%) CN:1 DL:48MiB ETA:26s]
FILE: /home/mark/AI/Models/Qwen 3.6/27B/Qwen3.6-27B-Q8_0.gguf
-------------------------------------------------------------------------------

[#c3165e 25GiB/26GiB(95%) CN:1 DL:48MiB ETA:26s]
[#c3165e 25GiB/26GiB(95%) CN:1 DL:49MiB ETA:24s]
[#c3165e 25GiB/26GiB(95%) CN:1 DL:53MiB ETA:21s]
[#c3165e 25GiB/26GiB(96%) CN:1 DL:52MiB ETA:20s]
[#c3165e 25GiB/26GiB(96%) CN:1 DL:47MiB ETA:22s]
[#c3165e 25GiB/26GiB(96%) CN:1 DL:44MiB ETA:22s]
[#c3165e 25GiB/26GiB(96%) CN:1 DL:50MiB ETA:18s]
[#c3165e 25GiB/26GiB(96%) CN:1 DL:47MiB ETA:19s]
[#c3165e 25GiB/26GiB(96%) CN:1 DL:46MiB ETA:19s]
[#c3165e 25GiB/26GiB(96%) CN:1 DL:49MiB ETA:17s]
[#c3165e 25GiB/26GiB(97%) CN:1 DL:53MiB ETA:14s]
[#c3165e 25GiB/26GiB(97%) CN:1 DL:54MiB ETA:12s]
[#c3165e 26GiB/26GiB(97%) CN:1 DL:52MiB ETA:11s]
[#c3165e 26GiB/26GiB(98%) CN:1 DL:55MiB ETA:9s]
[#c3165e 26GiB/26GiB(98%) CN:1 DL:58MiB ETA:7s]
[#c3165e 26GiB/26GiB(98%) CN:1 DL:61MiB ETA:6s]
[#c3165e 26GiB/26GiB(98%) CN:1 DL:63MiB ETA:5s]
[#c3165e 26GiB/26GiB(98%) CN:1 DL:63MiB ETA:4s]
[#c3165e 26GiB/26GiB(98%) CN:1 DL:62MiB ETA:4s]
[#c3165e 26GiB/26GiB(99%) CN:1 DL:59MiB ETA:4s]
[#c3165e 26GiB/26GiB(99%) CN:1 DL:53MiB ETA:4s]
[#c3165e 26GiB/26GiB(99%) CN:1 DL:47MiB ETA:4s]
[#c3165e 26GiB/26GiB(99%) CN:1 DL:46MiB ETA:3s]
[#c3165e 26GiB/26GiB(99%) CN:1 DL:44MiB ETA:1s]
[#c3165e 26GiB/26GiB(99%) CN:1 DL:44MiB]

07/13 02:33:18 [[1;32mNOTICE[0m] Download complete: /home/mark/AI/Models/Qwen 3.6/27B/Qwen3.6-27B-Q8_0.gguf

Download Results:
gid   |stat|avg speed  |path/URI
======+====+===========+=======================================================
c3165e|OK  |    70MiB/s|/home/mark/AI/Models/Qwen 3.6/27B/Qwen3.6-27B-Q8_0.gguf

Status Legend:
(OK):download completed.
[PASS] Qwen3.6-27B-Q8_0.gguf: 28595762304 == 28595762304
W1 Downloads Complete.
