Swift-Qwen3.8-Flash-Next-GSQ-RCO-IQ3_XXS-00001-of-00002.gguf	output.weight	13	437043200	2560x248320
Swift-Qwen3.8-Flash-Next-GSQ-RCO-IQ3_XXS-00001-of-00002.gguf	output_hc_down.weight	30	6553600	10240x320
Swift-Qwen3.8-Flash-Next-GSQ-RCO-IQ3_XXS-00001-of-00002.gguf	output_hc_norm.weight	0	40960	10240
Swift-Qwen3.8-Flash-Next-GSQ-RCO-IQ3_XXS-00001-of-00002.gguf	output_hc_up.weight	30	6553600	320x10240
Swift-Qwen3.8-Flash-Next-GSQ-RCO-IQ3_XXS-00001-of-00002.gguf	per_layer_token_embd.weight	20	28800138240	160x320001536
Swift-Qwen3.8-Flash-Next-GSQ-RCO-IQ3_XXS-00001-of-00002.gguf	token_embd.weight	21	273152000	2560x248320
Swift-Qwen3.8-Flash-Next-GSQ-RCO-IQ3_XXS-00001-of-00002.gguf	blk.0.attn_gate.weight	21	6758400	2560x6144
Swift-Qwen3.8-Flash-Next-GSQ-RCO-IQ3_XXS-00001-of-00002.gguf	blk.0.attn_qkv.weight	23	13926400	2560x10240
Swift-Qwen3.8-Flash-Next-GSQ-RCO-IQ3_XXS-00001-of-00002.gguf	blk.0.ffn_down_exps.weight	20	471859200	640x2560x512
Swift-Qwen3.8-Flash-Next-GSQ-RCO-IQ3_XXS-00001-of-00002.gguf	blk.0.ffn_down_shexp.weight	20	921600	640x2560
Swift-Qwen3.8-Flash-Next-GSQ-RCO-IQ3_XXS-00001-of-00002.gguf	blk.0.ffn_gate_exps.weight	17	242483200	2560x640x512
Swift-Qwen3.8-Flash-Next-GSQ-RCO-IQ3_XXS-00001-of-00002.gguf	blk.0.ffn_gate_inp.weight	0	5242880	2560x512
Swift-Qwen3.8-Flash-Next-GSQ-RCO-IQ3_XXS-00001-of-00002.gguf	blk.0.ffn_gate_inp_shexp.weight	0	10240	2560
Swift-Qwen3.8-Flash-Next-GSQ-RCO-IQ3_XXS-00001-of-00002.gguf	blk.0.ffn_gate_shexp.weight	23	870400	2560x640
Swift-Qwen3.8-Flash-Next-GSQ-RCO-IQ3_XXS-00001-of-00002.gguf	blk.0.ffn_up_exps.weight	17	242483200	2560x640x512
Swift-Qwen3.8-Flash-Next-GSQ-RCO-IQ3_XXS-00001-of-00002.gguf	blk.0.ffn_up_shexp.weight	21	704000	2560x640
Swift-Qwen3.8-Flash-Next-GSQ-RCO-IQ3_XXS-00001-of-00002.gguf	blk.0.hc_attn_down.weight	30	6553600	10240x320
Swift-Qwen3.8-Flash-Next-GSQ-RCO-IQ3_XXS-00001-of-00002.gguf	blk.0.hc_attn_inject.weight	30	81920	10240x4
Swift-Qwen3.8-Flash-Next-GSQ-RCO-IQ3_XXS-00001-of-00002.gguf	blk.0.hc_attn_norm.weight	0	40960	10240
Swift-Qwen3.8-Flash-Next-GSQ-RCO-IQ3_XXS-00001-of-00002.gguf	blk.0.hc_attn_up.weight	30	6553600	320x10240
Swift-Qwen3.8-Flash-Next-GSQ-RCO-IQ3_XXS-00001-of-00002.gguf	blk.0.hc_ffn_down.weight	30	6553600	10240x320
Swift-Qwen3.8-Flash-Next-GSQ-RCO-IQ3_XXS-00001-of-00002.gguf	blk.0.hc_ffn_inject.weight	30	81920	10240x4
Swift-Qwen3.8-Flash-Next-GSQ-RCO-IQ3_XXS-00001-of-00002.gguf	blk.0.hc_ffn_norm.weight	0	40960	10240
Swift-Qwen3.8-Flash-Next-GSQ-RCO-IQ3_XXS-00001-of-00002.gguf	blk.0.hc_ffn_up.weight	30	6553600	320x10240
Swift-Qwen3.8-Flash-Next-GSQ-RCO-IQ3_XXS-00001-of-00002.gguf	blk.0.ssm_a	0	192	48
Swift-Qwen3.8-Flash-Next-GSQ-RCO-IQ3_XXS-00001-of-00002.gguf	blk.0.ssm_alpha.weight	30	245760	2560x48
Swift-Qwen3.8-Flash-Next-GSQ-RCO-IQ3_XXS-00001-of-00002.gguf	blk.0.ssm_beta.weight	30	245760	2560x48
Swift-Qwen3.8-Flash-Next-GSQ-RCO-IQ3_XXS-00001-of-00002.gguf	blk.0.ssm_conv1d.weight	0	163840	4x10240
Swift-Qwen3.8-Flash-Next-GSQ-RCO-IQ3_XXS-00001-of-00002.gguf	blk.0.ssm_dt.bias	0	192	48
Swift-Qwen3.8-Flash-Next-GSQ-RCO-IQ3_XXS-00001-of-00002.gguf	blk.0.ssm_norm.weight	0	512	128
Swift-Qwen3.8-Flash-Next-GSQ-RCO-IQ3_XXS-00001-of-00002.gguf	blk.0.ssm_out.weight	23	8355840	6144x2560
Swift-Qwen3.8-Flash-Next-GSQ-RCO-IQ3_XXS-00001-of-00002.gguf	blk.1.attn_gate.weight	14	12902400	2560x6144
Swift-Qwen3.8-Flash-Next-GSQ-RCO-IQ3_XXS-00001-of-00002.gguf	blk.1.attn_qkv.weight	23	13926400	2560x10240
Swift-Qwen3.8-Flash-Next-GSQ-RCO-IQ3_XXS-00001-of-00002.gguf	blk.1.ffn_down_exps.weight	42	235929600	640x2560x512
Swift-Qwen3.8-Flash-Next-GSQ-RCO-IQ3_XXS-00001-of-00002.gguf	blk.1.ffn_down_shexp.weight	20	921600	640x2560
Swift-Qwen3.8-Flash-Next-GSQ-RCO-IQ3_XXS-00001-of-00002.gguf	blk.1.ffn_gate_exps.weight	16	216268800	2560x640x512
Swift-Qwen3.8-Flash-Next-GSQ-RCO-IQ3_XXS-00001-of-00002.gguf	blk.1.ffn_gate_inp.weight	0	5242880	2560x512
Swift-Qwen3.8-Flash-Next-GSQ-RCO-IQ3_XXS-00001-of-00002.gguf	blk.1.ffn_gate_inp_shexp.weight	0	10240	2560
Swift-Qwen3.8-Flash-Next-GSQ-RCO-IQ3_XXS-00001-of-00002.gguf	blk.1.ffn_gate_shexp.weight	23	870400	2560x640
Swift-Qwen3.8-Flash-Next-GSQ-RCO-IQ3_XXS-00001-of-00002.gguf	blk.1.ffn_up_exps.weight	16	216268800	2560x640x512
Swift-Qwen3.8-Flash-Next-GSQ-RCO-IQ3_XXS-00001-of-00002.gguf	blk.1.ffn_up_shexp.weight	21	704000	2560x640
Swift-Qwen3.8-Flash-Next-GSQ-RCO-IQ3_XXS-00001-of-00002.gguf	blk.1.hc_attn_down.weight	30	6553600	10240x320
Swift-Qwen3.8-Flash-Next-GSQ-RCO-IQ3_XXS-00001-of-00002.gguf	blk.1.hc_attn_inject.weight	30	81920	10240x4
Swift-Qwen3.8-Flash-Next-GSQ-RCO-IQ3_XXS-00001-of-00002.gguf	blk.1.hc_attn_norm.weight	0	40960	10240
Swift-Qwen3.8-Flash-Next-GSQ-RCO-IQ3_XXS-00001-of-00002.gguf	blk.1.hc_attn_up.weight	30	6553600	320x10240
Swift-Qwen3.8-Flash-Next-GSQ-RCO-IQ3_XXS-00001-of-00002.gguf	blk.1.hc_ffn_down.weight	30	6553600	10240x320
Swift-Qwen3.8-Flash-Next-GSQ-RCO-IQ3_XXS-00001-of-00002.gguf	blk.1.hc_ffn_inject.weight	30	81920	10240x4
Swift-Qwen3.8-Flash-Next-GSQ-RCO-IQ3_XXS-00001-of-00002.gguf	blk.1.hc_ffn_norm.weight	0	40960	10240
Swift-Qwen3.8-Flash-Next-GSQ-RCO-IQ3_XXS-00001-of-00002.gguf	blk.1.hc_ffn_up.weight	30	6553600	320x10240
Swift-Qwen3.8-Flash-Next-GSQ-RCO-IQ3_XXS-00001-of-00002.gguf	blk.1.ple_conv1d.weight	1	81920	4x10240
Swift-Qwen3.8-Flash-Next-GSQ-RCO-IQ3_XXS-00001-of-00002.gguf	blk.1.ple_key.weight	30	52428800	2560x10240
Swift-Qwen3.8-Flash-Next-GSQ-RCO-IQ3_XXS-00001-of-00002.gguf	blk.1.ple_norm_conv.weight	0	40960	10240
Swift-Qwen3.8-Flash-Next-GSQ-RCO-IQ3_XXS-00001-of-00002.gguf	blk.1.ple_norm_key.weight	0	40960	10240
Swift-Qwen3.8-Flash-Next-GSQ-RCO-IQ3_XXS-00001-of-00002.gguf	blk.1.ple_norm_query.weight	0	40960	10240
Swift-Qwen3.8-Flash-Next-GSQ-RCO-IQ3_XXS-00001-of-00002.gguf	blk.1.ple_value.weight	30	13107200	2560x2560
Swift-Qwen3.8-Flash-Next-GSQ-RCO-IQ3_XXS-00001-of-00002.gguf	blk.1.ssm_a	0	192	48
Swift-Qwen3.8-Flash-Next-GSQ-RCO-IQ3_XXS-00001-of-00002.gguf	blk.1.ssm_alpha.weight	30	245760	2560x48
Swift-Qwen3.8-Flash-Next-GSQ-RCO-IQ3_XXS-00001-of-00002.gguf	blk.1.ssm_beta.weight	30	245760	2560x48
Swift-Qwen3.8-Flash-Next-GSQ-RCO-IQ3_XXS-00001-of-00002.gguf	blk.1.ssm_conv1d.weight	0	163840	4x10240
Swift-Qwen3.8-Flash-Next-GSQ-RCO-IQ3_XXS-00001-of-00002.gguf	blk.1.ssm_dt.bias	0	192	48
Swift-Qwen3.8-Flash-Next-GSQ-RCO-IQ3_XXS-00001-of-00002.gguf	blk.1.ssm_norm.weight	0	512	128
Swift-Qwen3.8-Flash-Next-GSQ-RCO-IQ3_XXS-00001-of-00002.gguf	blk.1.ssm_out.weight	21	6758400	6144x2560
Swift-Qwen3.8-Flash-Next-GSQ-RCO-IQ3_XXS-00001-of-00002.gguf	blk.2.attn_gate.weight	21	6758400	2560x6144
Swift-Qwen3.8-Flash-Next-GSQ-RCO-IQ3_XXS-00001-of-00002.gguf	blk.2.attn_qkv.weight	23	13926400	2560x10240
Swift-Qwen3.8-Flash-Next-GSQ-RCO-IQ3_XXS-00001-of-00002.gguf	blk.2.ffn_down_exps.weight	20	471859200	640x2560x512
Swift-Qwen3.8-Flash-Next-GSQ-RCO-IQ3_XXS-00001-of-00002.gguf	blk.2.ffn_down_shexp.weight	20	921600	640x2560
Swift-Qwen3.8-Flash-Next-GSQ-RCO-IQ3_XXS-00001-of-00002.gguf	blk.2.ffn_gate_exps.weight	17	242483200	2560x640x512
Swift-Qwen3.8-Flash-Next-GSQ-RCO-IQ3_XXS-00001-of-00002.gguf	blk.2.ffn_gate_inp.weight	0	5242880	2560x512
Swift-Qwen3.8-Flash-Next-GSQ-RCO-IQ3_XXS-00001-of-00002.gguf	blk.2.ffn_gate_inp_shexp.weight	0	10240	2560
Swift-Qwen3.8-Flash-Next-GSQ-RCO-IQ3_XXS-00001-of-00002.gguf	blk.2.ffn_gate_shexp.weight	12	921600	2560x640
Swift-Qwen3.8-Flash-Next-GSQ-RCO-IQ3_XXS-00001-of-00002.gguf	blk.2.ffn_up_exps.weight	17	242483200	2560x640x512
Swift-Qwen3.8-Flash-Next-GSQ-RCO-IQ3_XXS-00001-of-00002.gguf	blk.2.ffn_up_shexp.weight	13	1126400	2560x640
Swift-Qwen3.8-Flash-Next-GSQ-RCO-IQ3_XXS-00001-of-00002.gguf	blk.2.hc_attn_down.weight	30	6553600	10240x320
Swift-Qwen3.8-Flash-Next-GSQ-RCO-IQ3_XXS-00001-of-00002.gguf	blk.2.hc_attn_inject.weight	30	81920	10240x4
Swift-Qwen3.8-Flash-Next-GSQ-RCO-IQ3_XXS-00001-of-00002.gguf	blk.2.hc_attn_norm.weight	0	40960	10240
Swift-Qwen3.8-Flash-Next-GSQ-RCO-IQ3_XXS-00001-of-00002.gguf	blk.2.hc_attn_up.weight	30	6553600	320x10240
Swift-Qwen3.8-Flash-Next-GSQ-RCO-IQ3_XXS-00001-of-00002.gguf	blk.2.hc_ffn_down.weight	30	6553600	10240x320
Swift-Qwen3.8-Flash-Next-GSQ-RCO-IQ3_XXS-00001-of-00002.gguf	blk.2.hc_ffn_inject.weight	30	81920	10240x4
Swift-Qwen3.8-Flash-Next-GSQ-RCO-IQ3_XXS-00001-of-00002.gguf	blk.2.hc_ffn_norm.weight	0	40960	10240
Swift-Qwen3.8-Flash-Next-GSQ-RCO-IQ3_XXS-00001-of-00002.gguf	blk.2.hc_ffn_up.weight	30	6553600	320x10240
Swift-Qwen3.8-Flash-Next-GSQ-RCO-IQ3_XXS-00001-of-00002.gguf	blk.2.ssm_a	0	192	48
Swift-Qwen3.8-Flash-Next-GSQ-RCO-IQ3_XXS-00001-of-00002.gguf	blk.2.ssm_alpha.weight	30	245760	2560x48
Swift-Qwen3.8-Flash-Next-GSQ-RCO-IQ3_XXS-00001-of-00002.gguf	blk.2.ssm_beta.weight	30	245760	2560x48
Swift-Qwen3.8-Flash-Next-GSQ-RCO-IQ3_XXS-00001-of-00002.gguf	blk.2.ssm_conv1d.weight	0	163840	4x10240
Swift-Qwen3.8-Flash-Next-GSQ-RCO-IQ3_XXS-00001-of-00002.gguf	blk.2.ssm_dt.bias	0	192	48
Swift-Qwen3.8-Flash-Next-GSQ-RCO-IQ3_XXS-00001-of-00002.gguf	blk.2.ssm_norm.weight	0	512	128
Swift-Qwen3.8-Flash-Next-GSQ-RCO-IQ3_XXS-00001-of-00002.gguf	blk.2.ssm_out.weight	12	8847360	6144x2560
Swift-Qwen3.8-Flash-Next-GSQ-RCO-IQ3_XXS-00001-of-00002.gguf	blk.3.attn_k.weight	23	696320	2560x512
Swift-Qwen3.8-Flash-Next-GSQ-RCO-IQ3_XXS-00001-of-00002.gguf	blk.3.attn_k_norm.weight	0	1024	256
Swift-Qwen3.8-Flash-Next-GSQ-RCO-IQ3_XXS-00001-of-00002.gguf	blk.3.attn_output.weight	14	12902400	6144x2560
Swift-Qwen3.8-Flash-Next-GSQ-RCO-IQ3_XXS-00001-of-00002.gguf	blk.3.attn_q.weight	23	16711680	2560x12288
Swift-Qwen3.8-Flash-Next-GSQ-RCO-IQ3_XXS-00001-of-00002.gguf	blk.3.attn_q_norm.weight	0	1024	256
Swift-Qwen3.8-Flash-Next-GSQ-RCO-IQ3_XXS-00001-of-00002.gguf	blk.3.attn_v.weight	14	1075200	2560x512
Swift-Qwen3.8-Flash-Next-GSQ-RCO-IQ3_XXS-00001-of-00002.gguf	blk.3.ffn_down_exps.weight	42	235929600	640x2560x512
Swift-Qwen3.8-Flash-Next-GSQ-RCO-IQ3_XXS-00001-of-00002.gguf	blk.3.ffn_down_shexp.weight	42	460800	640x2560
Swift-Qwen3.8-Flash-Next-GSQ-RCO-IQ3_XXS-00001-of-00002.gguf	blk.3.ffn_gate_exps.weight	16	216268800	2560x640x512
Swift-Qwen3.8-Flash-Next-GSQ-RCO-IQ3_XXS-00001-of-00002.gguf	blk.3.ffn_gate_inp.weight	0	5242880	2560x512
Swift-Qwen3.8-Flash-Next-GSQ-RCO-IQ3_XXS-00001-of-00002.gguf	blk.3.ffn_gate_inp_shexp.weight	0	10240	2560
Swift-Qwen3.8-Flash-Next-GSQ-RCO-IQ3_XXS-00001-of-00002.gguf	blk.3.ffn_gate_shexp.weight	12	921600	2560x640
Swift-Qwen3.8-Flash-Next-GSQ-RCO-IQ3_XXS-00001-of-00002.gguf	blk.3.ffn_up_exps.weight	16	216268800	2560x640x512
Swift-Qwen3.8-Flash-Next-GSQ-RCO-IQ3_XXS-00001-of-00002.gguf	blk.3.ffn_up_shexp.weight	12	921600	2560x640
Swift-Qwen3.8-Flash-Next-GSQ-RCO-IQ3_XXS-00001-of-00002.gguf	blk.3.hc_attn_down.weight	30	6553600	10240x320
Swift-Qwen3.8-Flash-Next-GSQ-RCO-IQ3_XXS-00001-of-00002.gguf	blk.3.hc_attn_inject.weight	30	81920	10240x4
Swift-Qwen3.8-Flash-Next-GSQ-RCO-IQ3_XXS-00001-of-00002.gguf	blk.3.hc_attn_norm.weight	0	40960	10240
Swift-Qwen3.8-Flash-Next-GSQ-RCO-IQ3_XXS-00001-of-00002.gguf	blk.3.hc_attn_up.weight	30	6553600	320x10240
Swift-Qwen3.8-Flash-Next-GSQ-RCO-IQ3_XXS-00001-of-00002.gguf	blk.3.hc_ffn_down.weight	30	6553600	10240x320
Swift-Qwen3.8-Flash-Next-GSQ-RCO-IQ3_XXS-00001-of-00002.gguf	blk.3.hc_ffn_inject.weight	30	81920	10240x4
Swift-Qwen3.8-Flash-Next-GSQ-RCO-IQ3_XXS-00001-of-00002.gguf	blk.3.hc_ffn_norm.weight	0	40960	10240
Swift-Qwen3.8-Flash-Next-GSQ-RCO-IQ3_XXS-00001-of-00002.gguf	blk.3.hc_ffn_up.weight	30	6553600	320x10240
Swift-Qwen3.8-Flash-Next-GSQ-RCO-IQ3_XXS-00001-of-00002.gguf	blk.3.indexer.k_norm.weight	0	512	128
Swift-Qwen3.8-Flash-Next-GSQ-RCO-IQ3_XXS-00001-of-00002.gguf	blk.3.indexer.k_proj.weight	30	655360	2560x128
Swift-Qwen3.8-Flash-Next-GSQ-RCO-IQ3_XXS-00001-of-00002.gguf	blk.3.indexer.q_norm.weight	0	512	128
Swift-Qwen3.8-Flash-Next-GSQ-RCO-IQ3_XXS-00001-of-00002.gguf	blk.3.indexer.q_proj.weight	30	2621440	2560x512
Swift-Qwen3.8-Flash-Next-GSQ-RCO-IQ3_XXS-00001-of-00002.gguf	blk.4.attn_gate.weight	21	6758400	2560x6144
Swift-Qwen3.8-Flash-Next-GSQ-RCO-IQ3_XXS-00001-of-00002.gguf	blk.4.attn_qkv.weight	14	21504000	2560x10240
Swift-Qwen3.8-Flash-Next-GSQ-RCO-IQ3_XXS-00001-of-00002.gguf	blk.4.ffn_down_exps.weight	20	471859200	640x2560x512
Swift-Qwen3.8-Flash-Next-GSQ-RCO-IQ3_XXS-00001-of-00002.gguf	blk.4.ffn_down_shexp.weight	42	460800	640x2560
Swift-Qwen3.8-Flash-Next-GSQ-RCO-IQ3_XXS-00001-of-00002.gguf	blk.4.ffn_gate_exps.weight	17	242483200	2560x640x512
Swift-Qwen3.8-Flash-Next-GSQ-RCO-IQ3_XXS-00001-of-00002.gguf	blk.4.ffn_gate_inp.weight	0	5242880	2560x512
Swift-Qwen3.8-Flash-Next-GSQ-RCO-IQ3_XXS-00001-of-00002.gguf	blk.4.ffn_gate_inp_shexp.weight	0	10240	2560
Swift-Qwen3.8-Flash-Next-GSQ-RCO-IQ3_XXS-00001-of-00002.gguf	blk.4.ffn_gate_shexp.weight	23	870400	2560x640
Swift-Qwen3.8-Flash-Next-GSQ-RCO-IQ3_XXS-00001-of-00002.gguf	blk.4.ffn_up_exps.weight	17	242483200	2560x640x512
Swift-Qwen3.8-Flash-Next-GSQ-RCO-IQ3_XXS-00001-of-00002.gguf	blk.4.ffn_up_shexp.weight	21	704000	2560x640
Swift-Qwen3.8-Flash-Next-GSQ-RCO-IQ3_XXS-00001-of-00002.gguf	blk.4.hc_attn_down.weight	30	6553600	10240x320
Swift-Qwen3.8-Flash-Next-GSQ-RCO-IQ3_XXS-00001-of-00002.gguf	blk.4.hc_attn_inject.weight	30	81920	10240x4
Swift-Qwen3.8-Flash-Next-GSQ-RCO-IQ3_XXS-00001-of-00002.gguf	blk.4.hc_attn_norm.weight	0	40960	10240
Swift-Qwen3.8-Flash-Next-GSQ-RCO-IQ3_XXS-00001-of-00002.gguf	blk.4.hc_attn_up.weight	30	6553600	320x10240
Swift-Qwen3.8-Flash-Next-GSQ-RCO-IQ3_XXS-00001-of-00002.gguf	blk.4.hc_ffn_down.weight	30	6553600	10240x320
Swift-Qwen3.8-Flash-Next-GSQ-RCO-IQ3_XXS-00001-of-00002.gguf	blk.4.hc_ffn_inject.weight	30	81920	10240x4
Swift-Qwen3.8-Flash-Next-GSQ-RCO-IQ3_XXS-00001-of-00002.gguf	blk.4.hc_ffn_norm.weight	0	40960	10240
Swift-Qwen3.8-Flash-Next-GSQ-RCO-IQ3_XXS-00001-of-00002.gguf	blk.4.hc_ffn_up.weight	30	6553600	320x10240
Swift-Qwen3.8-Flash-Next-GSQ-RCO-IQ3_XXS-00001-of-00002.gguf	blk.4.ssm_a	0	192	48
Swift-Qwen3.8-Flash-Next-GSQ-RCO-IQ3_XXS-00001-of-00002.gguf	blk.4.ssm_alpha.weight	30	245760	2560x48
Swift-Qwen3.8-Flash-Next-GSQ-RCO-IQ3_XXS-00001-of-00002.gguf	blk.4.ssm_beta.weight	30	245760	2560x48
Swift-Qwen3.8-Flash-Next-GSQ-RCO-IQ3_XXS-00001-of-00002.gguf	blk.4.ssm_conv1d.weight	0	163840	4x10240
Swift-Qwen3.8-Flash-Next-GSQ-RCO-IQ3_XXS-00001-of-00002.gguf	blk.4.ssm_dt.bias	0	192	48
Swift-Qwen3.8-Flash-Next-GSQ-RCO-IQ3_XXS-00001-of-00002.gguf	blk.4.ssm_norm.weight	0	512	128
Swift-Qwen3.8-Flash-Next-GSQ-RCO-IQ3_XXS-00001-of-00002.gguf	blk.4.ssm_out.weight	23	8355840	6144x2560
Swift-Qwen3.8-Flash-Next-GSQ-RCO-IQ3_XXS-00001-of-00002.gguf	blk.5.attn_gate.weight	21	6758400	2560x6144
Swift-Qwen3.8-Flash-Next-GSQ-RCO-IQ3_XXS-00001-of-00002.gguf	blk.5.attn_qkv.weight	14	21504000	2560x10240
Swift-Qwen3.8-Flash-Next-GSQ-RCO-IQ3_XXS-00001-of-00002.gguf	blk.5.ffn_down_exps.weight	42	235929600	640x2560x512
Swift-Qwen3.8-Flash-Next-GSQ-RCO-IQ3_XXS-00001-of-00002.gguf	blk.5.ffn_down_shexp.weight	20	921600	640x2560
Swift-Qwen3.8-Flash-Next-GSQ-RCO-IQ3_XXS-00001-of-00002.gguf	blk.5.ffn_gate_exps.weight	17	242483200	2560x640x512
Swift-Qwen3.8-Flash-Next-GSQ-RCO-IQ3_XXS-00001-of-00002.gguf	blk.5.ffn_gate_inp.weight	0	5242880	2560x512
Swift-Qwen3.8-Flash-Next-GSQ-RCO-IQ3_XXS-00001-of-00002.gguf	blk.5.ffn_gate_inp_shexp.weight	0	10240	2560
Swift-Qwen3.8-Flash-Next-GSQ-RCO-IQ3_XXS-00001-of-00002.gguf	blk.5.ffn_gate_shexp.weight	23	870400	2560x640
Swift-Qwen3.8-Flash-Next-GSQ-RCO-IQ3_XXS-00001-of-00002.gguf	blk.5.ffn_up_exps.weight	17	242483200	2560x640x512
Swift-Qwen3.8-Flash-Next-GSQ-RCO-IQ3_XXS-00001-of-00002.gguf	blk.5.ffn_up_shexp.weight	21	704000	2560x640
Swift-Qwen3.8-Flash-Next-GSQ-RCO-IQ3_XXS-00001-of-00002.gguf	blk.5.hc_attn_down.weight	30	6553600	10240x320
Swift-Qwen3.8-Flash-Next-GSQ-RCO-IQ3_XXS-00001-of-00002.gguf	blk.5.hc_attn_inject.weight	30	81920	10240x4
Swift-Qwen3.8-Flash-Next-GSQ-RCO-IQ3_XXS-00001-of-00002.gguf	blk.5.hc_attn_norm.weight	0	40960	10240
Swift-Qwen3.8-Flash-Next-GSQ-RCO-IQ3_XXS-00001-of-00002.gguf	blk.5.hc_attn_up.weight	30	6553600	320x10240
Swift-Qwen3.8-Flash-Next-GSQ-RCO-IQ3_XXS-00001-of-00002.gguf	blk.5.hc_ffn_down.weight	30	6553600	10240x320
Swift-Qwen3.8-Flash-Next-GSQ-RCO-IQ3_XXS-00001-of-00002.gguf	blk.5.hc_ffn_inject.weight	30	81920	10240x4
Swift-Qwen3.8-Flash-Next-GSQ-RCO-IQ3_XXS-00001-of-00002.gguf	blk.5.hc_ffn_norm.weight	0	40960	10240
Swift-Qwen3.8-Flash-Next-GSQ-RCO-IQ3_XXS-00001-of-00002.gguf	blk.5.hc_ffn_up.weight	30	6553600	320x10240
Swift-Qwen3.8-Flash-Next-GSQ-RCO-IQ3_XXS-00001-of-00002.gguf	blk.5.ssm_a	0	192	48
Swift-Qwen3.8-Flash-Next-GSQ-RCO-IQ3_XXS-00001-of-00002.gguf	blk.5.ssm_alpha.weight	30	245760	2560x48
Swift-Qwen3.8-Flash-Next-GSQ-RCO-IQ3_XXS-00001-of-00002.gguf	blk.5.ssm_beta.weight	30	245760	2560x48
Swift-Qwen3.8-Flash-Next-GSQ-RCO-IQ3_XXS-00001-of-00002.gguf	blk.5.ssm_conv1d.weight	0	163840	4x10240
Swift-Qwen3.8-Flash-Next-GSQ-RCO-IQ3_XXS-00001-of-00002.gguf	blk.5.ssm_dt.bias	0	192	48
Swift-Qwen3.8-Flash-Next-GSQ-RCO-IQ3_XXS-00001-of-00002.gguf	blk.5.ssm_norm.weight	0	512	128
Swift-Qwen3.8-Flash-Next-GSQ-RCO-IQ3_XXS-00001-of-00002.gguf	blk.5.ssm_out.weight	23	8355840	6144x2560
Swift-Qwen3.8-Flash-Next-GSQ-RCO-IQ3_XXS-00001-of-00002.gguf	blk.6.attn_gate.weight	23	8355840	2560x6144
Swift-Qwen3.8-Flash-Next-GSQ-RCO-IQ3_XXS-00001-of-00002.gguf	blk.6.attn_qkv.weight	23	13926400	2560x10240
Swift-Qwen3.8-Flash-Next-GSQ-RCO-IQ3_XXS-00001-of-00002.gguf	blk.6.ffn_down_exps.weight	42	235929600	640x2560x512
Swift-Qwen3.8-Flash-Next-GSQ-RCO-IQ3_XXS-00001-of-00002.gguf	blk.6.ffn_down_shexp.weight	42	460800	640x2560
Swift-Qwen3.8-Flash-Next-GSQ-RCO-IQ3_XXS-00001-of-00002.gguf	blk.6.ffn_gate_exps.weight	16	216268800	2560x640x512
Swift-Qwen3.8-Flash-Next-GSQ-RCO-IQ3_XXS-00001-of-00002.gguf	blk.6.ffn_gate_inp.weight	0	5242880	2560x512
Swift-Qwen3.8-Flash-Next-GSQ-RCO-IQ3_XXS-00001-of-00002.gguf	blk.6.ffn_gate_inp_shexp.weight	0	10240	2560
Swift-Qwen3.8-Flash-Next-GSQ-RCO-IQ3_XXS-00001-of-00002.gguf	blk.6.ffn_gate_shexp.weight	23	870400	2560x640
Swift-Qwen3.8-Flash-Next-GSQ-RCO-IQ3_XXS-00001-of-00002.gguf	blk.6.ffn_up_exps.weight	16	216268800	2560x640x512
Swift-Qwen3.8-Flash-Next-GSQ-RCO-IQ3_XXS-00001-of-00002.gguf	blk.6.ffn_up_shexp.weight	14	1344000	2560x640
Swift-Qwen3.8-Flash-Next-GSQ-RCO-IQ3_XXS-00001-of-00002.gguf	blk.6.hc_attn_down.weight	30	6553600	10240x320
Swift-Qwen3.8-Flash-Next-GSQ-RCO-IQ3_XXS-00001-of-00002.gguf	blk.6.hc_attn_inject.weight	30	81920	10240x4
Swift-Qwen3.8-Flash-Next-GSQ-RCO-IQ3_XXS-00001-of-00002.gguf	blk.6.hc_attn_norm.weight	0	40960	10240
Swift-Qwen3.8-Flash-Next-GSQ-RCO-IQ3_XXS-00001-of-00002.gguf	blk.6.hc_attn_up.weight	30	6553600	320x10240
Swift-Qwen3.8-Flash-Next-GSQ-RCO-IQ3_XXS-00001-of-00002.gguf	blk.6.hc_ffn_down.weight	30	6553600	10240x320
Swift-Qwen3.8-Flash-Next-GSQ-RCO-IQ3_XXS-00001-of-00002.gguf	blk.6.hc_ffn_inject.weight	30	81920	10240x4
Swift-Qwen3.8-Flash-Next-GSQ-RCO-IQ3_XXS-00001-of-00002.gguf	blk.6.hc_ffn_norm.weight	0	40960	10240
Swift-Qwen3.8-Flash-Next-GSQ-RCO-IQ3_XXS-00001-of-00002.gguf	blk.6.hc_ffn_up.weight	30	6553600	320x10240
Swift-Qwen3.8-Flash-Next-GSQ-RCO-IQ3_XXS-00001-of-00002.gguf	blk.6.ssm_a	0	192	48
Swift-Qwen3.8-Flash-Next-GSQ-RCO-IQ3_XXS-00001-of-00002.gguf	blk.6.ssm_alpha.weight	30	245760	2560x48
Swift-Qwen3.8-Flash-Next-GSQ-RCO-IQ3_XXS-00001-of-00002.gguf	blk.6.ssm_beta.weight	30	245760	2560x48
Swift-Qwen3.8-Flash-Next-GSQ-RCO-IQ3_XXS-00001-of-00002.gguf	blk.6.ssm_conv1d.weight	0	163840	4x10240
Swift-Qwen3.8-Flash-Next-GSQ-RCO-IQ3_XXS-00001-of-00002.gguf	blk.6.ssm_dt.bias	0	192	48
Swift-Qwen3.8-Flash-Next-GSQ-RCO-IQ3_XXS-00001-of-00002.gguf	blk.6.ssm_norm.weight	0	512	128
Swift-Qwen3.8-Flash-Next-GSQ-RCO-IQ3_XXS-00001-of-00002.gguf	blk.6.ssm_out.weight	13	10813440	6144x2560
Swift-Qwen3.8-Flash-Next-GSQ-RCO-IQ3_XXS-00001-of-00002.gguf	blk.7.attn_k.weight	12	737280	2560x512
Swift-Qwen3.8-Flash-Next-GSQ-RCO-IQ3_XXS-00001-of-00002.gguf	blk.7.attn_k_norm.weight	0	1024	256
Swift-Qwen3.8-Flash-Next-GSQ-RCO-IQ3_XXS-00001-of-00002.gguf	blk.7.attn_output.weight	13	10813440	6144x2560
Swift-Qwen3.8-Flash-Next-GSQ-RCO-IQ3_XXS-00001-of-00002.gguf	blk.7.attn_q.weight	23	16711680	2560x12288
Swift-Qwen3.8-Flash-Next-GSQ-RCO-IQ3_XXS-00001-of-00002.gguf	blk.7.attn_q_norm.weight	0	1024	256
Swift-Qwen3.8-Flash-Next-GSQ-RCO-IQ3_XXS-00001-of-00002.gguf	blk.7.attn_v.weight	14	1075200	2560x512
Swift-Qwen3.8-Flash-Next-GSQ-RCO-IQ3_XXS-00001-of-00002.gguf	blk.7.ffn_down_exps.weight	42	235929600	640x2560x512
Swift-Qwen3.8-Flash-Next-GSQ-RCO-IQ3_XXS-00001-of-00002.gguf	blk.7.ffn_down_shexp.weight	20	921600	640x2560
Swift-Qwen3.8-Flash-Next-GSQ-RCO-IQ3_XXS-00001-of-00002.gguf	blk.7.ffn_gate_exps.weight	16	216268800	2560x640x512
Swift-Qwen3.8-Flash-Next-GSQ-RCO-IQ3_XXS-00001-of-00002.gguf	blk.7.ffn_gate_inp.weight	0	5242880	2560x512
Swift-Qwen3.8-Flash-Next-GSQ-RCO-IQ3_XXS-00001-of-00002.gguf	blk.7.ffn_gate_inp_shexp.weight	0	10240	2560
Swift-Qwen3.8-Flash-Next-GSQ-RCO-IQ3_XXS-00001-of-00002.gguf	blk.7.ffn_gate_shexp.weight	21	704000	2560x640
Swift-Qwen3.8-Flash-Next-GSQ-RCO-IQ3_XXS-00001-of-00002.gguf	blk.7.ffn_up_exps.weight	16	216268800	2560x640x512
Swift-Qwen3.8-Flash-Next-GSQ-RCO-IQ3_XXS-00001-of-00002.gguf	blk.7.ffn_up_shexp.weight	23	870400	2560x640
Swift-Qwen3.8-Flash-Next-GSQ-RCO-IQ3_XXS-00001-of-00002.gguf	blk.7.hc_attn_down.weight	30	6553600	10240x320
Swift-Qwen3.8-Flash-Next-GSQ-RCO-IQ3_XXS-00001-of-00002.gguf	blk.7.hc_attn_inject.weight	30	81920	10240x4
Swift-Qwen3.8-Flash-Next-GSQ-RCO-IQ3_XXS-00001-of-00002.gguf	blk.7.hc_attn_norm.weight	0	40960	10240
Swift-Qwen3.8-Flash-Next-GSQ-RCO-IQ3_XXS-00001-of-00002.gguf	blk.7.hc_attn_up.weight	30	6553600	320x10240
Swift-Qwen3.8-Flash-Next-GSQ-RCO-IQ3_XXS-00001-of-00002.gguf	blk.7.hc_ffn_down.weight	30	6553600	10240x320
Swift-Qwen3.8-Flash-Next-GSQ-RCO-IQ3_XXS-00001-of-00002.gguf	blk.7.hc_ffn_inject.weight	30	81920	10240x4
Swift-Qwen3.8-Flash-Next-GSQ-RCO-IQ3_XXS-00001-of-00002.gguf	blk.7.hc_ffn_norm.weight	0	40960	10240
Swift-Qwen3.8-Flash-Next-GSQ-RCO-IQ3_XXS-00001-of-00002.gguf	blk.7.hc_ffn_up.weight	30	6553600	320x10240
Swift-Qwen3.8-Flash-Next-GSQ-RCO-IQ3_XXS-00001-of-00002.gguf	blk.7.indexer.k_norm.weight	0	512	128
Swift-Qwen3.8-Flash-Next-GSQ-RCO-IQ3_XXS-00001-of-00002.gguf	blk.7.indexer.k_proj.weight	30	655360	2560x128
Swift-Qwen3.8-Flash-Next-GSQ-RCO-IQ3_XXS-00001-of-00002.gguf	blk.7.indexer.q_norm.weight	0	512	128
Swift-Qwen3.8-Flash-Next-GSQ-RCO-IQ3_XXS-00001-of-00002.gguf	blk.7.indexer.q_proj.weight	30	2621440	2560x512
Swift-Qwen3.8-Flash-Next-GSQ-RCO-IQ3_XXS-00001-of-00002.gguf	blk.8.attn_gate.weight	23	8355840	2560x6144
Swift-Qwen3.8-Flash-Next-GSQ-RCO-IQ3_XXS-00001-of-00002.gguf	blk.8.attn_qkv.weight	23	13926400	2560x10240
Swift-Qwen3.8-Flash-Next-GSQ-RCO-IQ3_XXS-00001-of-00002.gguf	blk.8.ffn_down_exps.weight	42	235929600	640x2560x512
Swift-Qwen3.8-Flash-Next-GSQ-RCO-IQ3_XXS-00001-of-00002.gguf	blk.8.ffn_down_shexp.weight	20	921600	640x2560
Swift-Qwen3.8-Flash-Next-GSQ-RCO-IQ3_XXS-00001-of-00002.gguf	blk.8.ffn_gate_exps.weight	21	360448000	2560x640x512
Swift-Qwen3.8-Flash-Next-GSQ-RCO-IQ3_XXS-00001-of-00002.gguf	blk.8.ffn_gate_inp.weight	0	5242880	2560x512
Swift-Qwen3.8-Flash-Next-GSQ-RCO-IQ3_XXS-00001-of-00002.gguf	blk.8.ffn_gate_inp_shexp.weight	0	10240	2560
Swift-Qwen3.8-Flash-Next-GSQ-RCO-IQ3_XXS-00001-of-00002.gguf	blk.8.ffn_gate_shexp.weight	21	704000	2560x640
Swift-Qwen3.8-Flash-Next-GSQ-RCO-IQ3_XXS-00001-of-00002.gguf	blk.8.ffn_up_exps.weight	21	360448000	2560x640x512
Swift-Qwen3.8-Flash-Next-GSQ-RCO-IQ3_XXS-00001-of-00002.gguf	blk.8.ffn_up_shexp.weight	21	704000	2560x640
Swift-Qwen3.8-Flash-Next-GSQ-RCO-IQ3_XXS-00001-of-00002.gguf	blk.8.hc_attn_down.weight	30	6553600	10240x320
Swift-Qwen3.8-Flash-Next-GSQ-RCO-IQ3_XXS-00001-of-00002.gguf	blk.8.hc_attn_inject.weight	30	81920	10240x4
Swift-Qwen3.8-Flash-Next-GSQ-RCO-IQ3_XXS-00001-of-00002.gguf	blk.8.hc_attn_norm.weight	0	40960	10240
Swift-Qwen3.8-Flash-Next-GSQ-RCO-IQ3_XXS-00001-of-00002.gguf	blk.8.hc_attn_up.weight	30	6553600	320x10240
Swift-Qwen3.8-Flash-Next-GSQ-RCO-IQ3_XXS-00001-of-00002.gguf	blk.8.hc_ffn_down.weight	30	6553600	10240x320
Swift-Qwen3.8-Flash-Next-GSQ-RCO-IQ3_XXS-00001-of-00002.gguf	blk.8.hc_ffn_inject.weight	30	81920	10240x4
Swift-Qwen3.8-Flash-Next-GSQ-RCO-IQ3_XXS-00001-of-00002.gguf	blk.8.hc_ffn_norm.weight	0	40960	10240
Swift-Qwen3.8-Flash-Next-GSQ-RCO-IQ3_XXS-00001-of-00002.gguf	blk.8.hc_ffn_up.weight	30	6553600	320x10240
Swift-Qwen3.8-Flash-Next-GSQ-RCO-IQ3_XXS-00001-of-00002.gguf	blk.8.ssm_a	0	192	48
Swift-Qwen3.8-Flash-Next-GSQ-RCO-IQ3_XXS-00001-of-00002.gguf	blk.8.ssm_alpha.weight	30	245760	2560x48
Swift-Qwen3.8-Flash-Next-GSQ-RCO-IQ3_XXS-00001-of-00002.gguf	blk.8.ssm_beta.weight	30	245760	2560x48
Swift-Qwen3.8-Flash-Next-GSQ-RCO-IQ3_XXS-00001-of-00002.gguf	blk.8.ssm_conv1d.weight	0	163840	4x10240
Swift-Qwen3.8-Flash-Next-GSQ-RCO-IQ3_XXS-00001-of-00002.gguf	blk.8.ssm_dt.bias	0	192	48
Swift-Qwen3.8-Flash-Next-GSQ-RCO-IQ3_XXS-00001-of-00002.gguf	blk.8.ssm_norm.weight	0	512	128
Swift-Qwen3.8-Flash-Next-GSQ-RCO-IQ3_XXS-00001-of-00002.gguf	blk.8.ssm_out.weight	23	8355840	6144x2560
Swift-Qwen3.8-Flash-Next-GSQ-RCO-IQ3_XXS-00001-of-00002.gguf	blk.9.attn_gate.weight	23	8355840	2560x6144
Swift-Qwen3.8-Flash-Next-GSQ-RCO-IQ3_XXS-00001-of-00002.gguf	blk.9.attn_qkv.weight	14	21504000	2560x10240
Swift-Qwen3.8-Flash-Next-GSQ-RCO-IQ3_XXS-00001-of-00002.gguf	blk.9.ffn_down_exps.weight	42	235929600	640x2560x512
Swift-Qwen3.8-Flash-Next-GSQ-RCO-IQ3_XXS-00001-of-00002.gguf	blk.9.ffn_down_shexp.weight	20	921600	640x2560
Swift-Qwen3.8-Flash-Next-GSQ-RCO-IQ3_XXS-00001-of-00002.gguf	blk.9.ffn_gate_exps.weight	17	242483200	2560x640x512
Swift-Qwen3.8-Flash-Next-GSQ-RCO-IQ3_XXS-00001-of-00002.gguf	blk.9.ffn_gate_inp.weight	0	5242880	2560x512
Swift-Qwen3.8-Flash-Next-GSQ-RCO-IQ3_XXS-00001-of-00002.gguf	blk.9.ffn_gate_inp_shexp.weight	0	10240	2560
Swift-Qwen3.8-Flash-Next-GSQ-RCO-IQ3_XXS-00001-of-00002.gguf	blk.9.ffn_gate_shexp.weight	12	921600	2560x640
Swift-Qwen3.8-Flash-Next-GSQ-RCO-IQ3_XXS-00001-of-00002.gguf	blk.9.ffn_up_exps.weight	17	242483200	2560x640x512
Swift-Qwen3.8-Flash-Next-GSQ-RCO-IQ3_XXS-00001-of-00002.gguf	blk.9.ffn_up_shexp.weight	21	704000	2560x640
Swift-Qwen3.8-Flash-Next-GSQ-RCO-IQ3_XXS-00001-of-00002.gguf	blk.9.hc_attn_down.weight	30	6553600	10240x320
Swift-Qwen3.8-Flash-Next-GSQ-RCO-IQ3_XXS-00001-of-00002.gguf	blk.9.hc_attn_inject.weight	30	81920	10240x4
Swift-Qwen3.8-Flash-Next-GSQ-RCO-IQ3_XXS-00001-of-00002.gguf	blk.9.hc_attn_norm.weight	0	40960	10240
Swift-Qwen3.8-Flash-Next-GSQ-RCO-IQ3_XXS-00001-of-00002.gguf	blk.9.hc_attn_up.weight	30	6553600	320x10240
Swift-Qwen3.8-Flash-Next-GSQ-RCO-IQ3_XXS-00001-of-00002.gguf	blk.9.hc_ffn_down.weight	30	6553600	10240x320
Swift-Qwen3.8-Flash-Next-GSQ-RCO-IQ3_XXS-00001-of-00002.gguf	blk.9.hc_ffn_inject.weight	30	81920	10240x4
Swift-Qwen3.8-Flash-Next-GSQ-RCO-IQ3_XXS-00001-of-00002.gguf	blk.9.hc_ffn_norm.weight	0	40960	10240
Swift-Qwen3.8-Flash-Next-GSQ-RCO-IQ3_XXS-00001-of-00002.gguf	blk.9.hc_ffn_up.weight	30	6553600	320x10240
Swift-Qwen3.8-Flash-Next-GSQ-RCO-IQ3_XXS-00001-of-00002.gguf	blk.9.ssm_a	0	192	48
Swift-Qwen3.8-Flash-Next-GSQ-RCO-IQ3_XXS-00001-of-00002.gguf	blk.9.ssm_alpha.weight	30	245760	2560x48
Swift-Qwen3.8-Flash-Next-GSQ-RCO-IQ3_XXS-00001-of-00002.gguf	blk.9.ssm_beta.weight	30	245760	2560x48
Swift-Qwen3.8-Flash-Next-GSQ-RCO-IQ3_XXS-00001-of-00002.gguf	blk.9.ssm_conv1d.weight	0	163840	4x10240
Swift-Qwen3.8-Flash-Next-GSQ-RCO-IQ3_XXS-00001-of-00002.gguf	blk.9.ssm_dt.bias	0	192	48
Swift-Qwen3.8-Flash-Next-GSQ-RCO-IQ3_XXS-00001-of-00002.gguf	blk.9.ssm_norm.weight	0	512	128
Swift-Qwen3.8-Flash-Next-GSQ-RCO-IQ3_XXS-00001-of-00002.gguf	blk.9.ssm_out.weight	23	8355840	6144x2560
Swift-Qwen3.8-Flash-Next-GSQ-RCO-IQ3_XXS-00001-of-00002.gguf	blk.10.attn_gate.weight	14	12902400	2560x6144
Swift-Qwen3.8-Flash-Next-GSQ-RCO-IQ3_XXS-00001-of-00002.gguf	blk.10.attn_qkv.weight	14	21504000	2560x10240
Swift-Qwen3.8-Flash-Next-GSQ-RCO-IQ3_XXS-00001-of-00002.gguf	blk.10.ffn_down_exps.weight	42	235929600	640x2560x512
Swift-Qwen3.8-Flash-Next-GSQ-RCO-IQ3_XXS-00001-of-00002.gguf	blk.10.ffn_down_shexp.weight	20	921600	640x2560
Swift-Qwen3.8-Flash-Next-GSQ-RCO-IQ3_XXS-00001-of-00002.gguf	blk.10.ffn_gate_exps.weight	17	242483200	2560x640x512
Swift-Qwen3.8-Flash-Next-GSQ-RCO-IQ3_XXS-00001-of-00002.gguf	blk.10.ffn_gate_inp.weight	0	5242880	2560x512
Swift-Qwen3.8-Flash-Next-GSQ-RCO-IQ3_XXS-00001-of-00002.gguf	blk.10.ffn_gate_inp_shexp.weight	0	10240	2560
Swift-Qwen3.8-Flash-Next-GSQ-RCO-IQ3_XXS-00001-of-00002.gguf	blk.10.ffn_gate_shexp.weight	21	704000	2560x640
Swift-Qwen3.8-Flash-Next-GSQ-RCO-IQ3_XXS-00001-of-00002.gguf	blk.10.ffn_up_exps.weight	17	242483200	2560x640x512
Swift-Qwen3.8-Flash-Next-GSQ-RCO-IQ3_XXS-00001-of-00002.gguf	blk.10.ffn_up_shexp.weight	23	870400	2560x640
Swift-Qwen3.8-Flash-Next-GSQ-RCO-IQ3_XXS-00001-of-00002.gguf	blk.10.hc_attn_down.weight	30	6553600	10240x320
Swift-Qwen3.8-Flash-Next-GSQ-RCO-IQ3_XXS-00001-of-00002.gguf	blk.10.hc_attn_inject.weight	30	81920	10240x4
Swift-Qwen3.8-Flash-Next-GSQ-RCO-IQ3_XXS-00001-of-00002.gguf	blk.10.hc_attn_norm.weight	0	40960	10240
Swift-Qwen3.8-Flash-Next-GSQ-RCO-IQ3_XXS-00001-of-00002.gguf	blk.10.hc_attn_up.weight	30	6553600	320x10240
Swift-Qwen3.8-Flash-Next-GSQ-RCO-IQ3_XXS-00001-of-00002.gguf	blk.10.hc_ffn_down.weight	30	6553600	10240x320
Swift-Qwen3.8-Flash-Next-GSQ-RCO-IQ3_XXS-00001-of-00002.gguf	blk.10.hc_ffn_inject.weight	30	81920	10240x4
Swift-Qwen3.8-Flash-Next-GSQ-RCO-IQ3_XXS-00001-of-00002.gguf	blk.10.hc_ffn_norm.weight	0	40960	10240
Swift-Qwen3.8-Flash-Next-GSQ-RCO-IQ3_XXS-00001-of-00002.gguf	blk.10.hc_ffn_up.weight	30	6553600	320x10240
Swift-Qwen3.8-Flash-Next-GSQ-RCO-IQ3_XXS-00001-of-00002.gguf	blk.10.ssm_a	0	192	48
Swift-Qwen3.8-Flash-Next-GSQ-RCO-IQ3_XXS-00001-of-00002.gguf	blk.10.ssm_alpha.weight	30	245760	2560x48
Swift-Qwen3.8-Flash-Next-GSQ-RCO-IQ3_XXS-00001-of-00002.gguf	blk.10.ssm_beta.weight	30	245760	2560x48
Swift-Qwen3.8-Flash-Next-GSQ-RCO-IQ3_XXS-00001-of-00002.gguf	blk.10.ssm_conv1d.weight	0	163840	4x10240
Swift-Qwen3.8-Flash-Next-GSQ-RCO-IQ3_XXS-00001-of-00002.gguf	blk.10.ssm_dt.bias	0	192	48
Swift-Qwen3.8-Flash-Next-GSQ-RCO-IQ3_XXS-00001-of-00002.gguf	blk.10.ssm_norm.weight	0	512	128
Swift-Qwen3.8-Flash-Next-GSQ-RCO-IQ3_XXS-00001-of-00002.gguf	blk.10.ssm_out.weight	13	10813440	6144x2560
Swift-Qwen3.8-Flash-Next-GSQ-RCO-IQ3_XXS-00001-of-00002.gguf	blk.11.attn_k.weight	12	737280	2560x512
Swift-Qwen3.8-Flash-Next-GSQ-RCO-IQ3_XXS-00001-of-00002.gguf	blk.11.attn_k_norm.weight	0	1024	256
Swift-Qwen3.8-Flash-Next-GSQ-RCO-IQ3_XXS-00001-of-00002.gguf	blk.11.attn_output.weight	14	12902400	6144x2560
Swift-Qwen3.8-Flash-Next-GSQ-RCO-IQ3_XXS-00001-of-00002.gguf	blk.11.attn_q.weight	12	17694720	2560x12288
Swift-Qwen3.8-Flash-Next-GSQ-RCO-IQ3_XXS-00001-of-00002.gguf	blk.11.attn_q_norm.weight	0	1024	256
Swift-Qwen3.8-Flash-Next-GSQ-RCO-IQ3_XXS-00001-of-00002.gguf	blk.11.attn_v.weight	12	737280	2560x512
Swift-Qwen3.8-Flash-Next-GSQ-RCO-IQ3_XXS-00001-of-00002.gguf	blk.11.ffn_down_exps.weight	42	235929600	640x2560x512
Swift-Qwen3.8-Flash-Next-GSQ-RCO-IQ3_XXS-00001-of-00002.gguf	blk.11.ffn_down_shexp.weight	20	921600	640x2560
Swift-Qwen3.8-Flash-Next-GSQ-RCO-IQ3_XXS-00001-of-00002.gguf	blk.11.ffn_gate_exps.weight	16	216268800	2560x640x512
Swift-Qwen3.8-Flash-Next-GSQ-RCO-IQ3_XXS-00001-of-00002.gguf	blk.11.ffn_gate_inp.weight	0	5242880	2560x512
Swift-Qwen3.8-Flash-Next-GSQ-RCO-IQ3_XXS-00001-of-00002.gguf	blk.11.ffn_gate_inp_shexp.weight	0	10240	2560
Swift-Qwen3.8-Flash-Next-GSQ-RCO-IQ3_XXS-00001-of-00002.gguf	blk.11.ffn_gate_shexp.weight	12	921600	2560x640
Swift-Qwen3.8-Flash-Next-GSQ-RCO-IQ3_XXS-00001-of-00002.gguf	blk.11.ffn_up_exps.weight	16	216268800	2560x640x512
Swift-Qwen3.8-Flash-Next-GSQ-RCO-IQ3_XXS-00001-of-00002.gguf	blk.11.ffn_up_shexp.weight	12	921600	2560x640
Swift-Qwen3.8-Flash-Next-GSQ-RCO-IQ3_XXS-00001-of-00002.gguf	blk.11.hc_attn_down.weight	30	6553600	10240x320
Swift-Qwen3.8-Flash-Next-GSQ-RCO-IQ3_XXS-00001-of-00002.gguf	blk.11.hc_attn_inject.weight	30	81920	10240x4
Swift-Qwen3.8-Flash-Next-GSQ-RCO-IQ3_XXS-00001-of-00002.gguf	blk.11.hc_attn_norm.weight	0	40960	10240
Swift-Qwen3.8-Flash-Next-GSQ-RCO-IQ3_XXS-00001-of-00002.gguf	blk.11.hc_attn_up.weight	30	6553600	320x10240
Swift-Qwen3.8-Flash-Next-GSQ-RCO-IQ3_XXS-00001-of-00002.gguf	blk.11.hc_ffn_down.weight	30	6553600	10240x320
Swift-Qwen3.8-Flash-Next-GSQ-RCO-IQ3_XXS-00001-of-00002.gguf	blk.11.hc_ffn_inject.weight	30	81920	10240x4
Swift-Qwen3.8-Flash-Next-GSQ-RCO-IQ3_XXS-00001-of-00002.gguf	blk.11.hc_ffn_norm.weight	0	40960	10240
Swift-Qwen3.8-Flash-Next-GSQ-RCO-IQ3_XXS-00001-of-00002.gguf	blk.11.hc_ffn_up.weight	30	6553600	320x10240
Swift-Qwen3.8-Flash-Next-GSQ-RCO-IQ3_XXS-00001-of-00002.gguf	blk.11.indexer.k_norm.weight	0	512	128
Swift-Qwen3.8-Flash-Next-GSQ-RCO-IQ3_XXS-00001-of-00002.gguf	blk.11.indexer.k_proj.weight	30	655360	2560x128
Swift-Qwen3.8-Flash-Next-GSQ-RCO-IQ3_XXS-00001-of-00002.gguf	blk.11.indexer.q_norm.weight	0	512	128
Swift-Qwen3.8-Flash-Next-GSQ-RCO-IQ3_XXS-00001-of-00002.gguf	blk.11.indexer.q_proj.weight	30	2621440	2560x512
Swift-Qwen3.8-Flash-Next-GSQ-RCO-IQ3_XXS-00001-of-00002.gguf	blk.12.attn_gate.weight	21	6758400	2560x6144
Swift-Qwen3.8-Flash-Next-GSQ-RCO-IQ3_XXS-00001-of-00002.gguf	blk.12.attn_qkv.weight	12	14745600	2560x10240
Swift-Qwen3.8-Flash-Next-GSQ-RCO-IQ3_XXS-00002-of-00002.gguf	blk.12.ffn_down_exps.weight	42	235929600	640x2560x512
Swift-Qwen3.8-Flash-Next-GSQ-RCO-IQ3_XXS-00002-of-00002.gguf	blk.12.ffn_down_shexp.weight	42	460800	640x2560
Swift-Qwen3.8-Flash-Next-GSQ-RCO-IQ3_XXS-00002-of-00002.gguf	blk.12.ffn_gate_exps.weight	22	268697600	2560x640x512
Swift-Qwen3.8-Flash-Next-GSQ-RCO-IQ3_XXS-00002-of-00002.gguf	blk.12.ffn_gate_inp.weight	0	5242880	2560x512
Swift-Qwen3.8-Flash-Next-GSQ-RCO-IQ3_XXS-00002-of-00002.gguf	blk.12.ffn_gate_inp_shexp.weight	0	10240	2560
Swift-Qwen3.8-Flash-Next-GSQ-RCO-IQ3_XXS-00002-of-00002.gguf	blk.12.ffn_gate_shexp.weight	21	704000	2560x640
Swift-Qwen3.8-Flash-Next-GSQ-RCO-IQ3_XXS-00002-of-00002.gguf	blk.12.ffn_up_exps.weight	22	268697600	2560x640x512
Swift-Qwen3.8-Flash-Next-GSQ-RCO-IQ3_XXS-00002-of-00002.gguf	blk.12.ffn_up_shexp.weight	21	704000	2560x640
Swift-Qwen3.8-Flash-Next-GSQ-RCO-IQ3_XXS-00002-of-00002.gguf	blk.12.hc_attn_down.weight	30	6553600	10240x320
Swift-Qwen3.8-Flash-Next-GSQ-RCO-IQ3_XXS-00002-of-00002.gguf	blk.12.hc_attn_inject.weight	30	81920	10240x4
Swift-Qwen3.8-Flash-Next-GSQ-RCO-IQ3_XXS-00002-of-00002.gguf	blk.12.hc_attn_norm.weight	0	40960	10240
Swift-Qwen3.8-Flash-Next-GSQ-RCO-IQ3_XXS-00002-of-00002.gguf	blk.12.hc_attn_up.weight	30	6553600	320x10240
Swift-Qwen3.8-Flash-Next-GSQ-RCO-IQ3_XXS-00002-of-00002.gguf	blk.12.hc_ffn_down.weight	30	6553600	10240x320
Swift-Qwen3.8-Flash-Next-GSQ-RCO-IQ3_XXS-00002-of-00002.gguf	blk.12.hc_ffn_inject.weight	30	81920	10240x4
Swift-Qwen3.8-Flash-Next-GSQ-RCO-IQ3_XXS-00002-of-00002.gguf	blk.12.hc_ffn_norm.weight	0	40960	10240
Swift-Qwen3.8-Flash-Next-GSQ-RCO-IQ3_XXS-00002-of-00002.gguf	blk.12.hc_ffn_up.weight	30	6553600	320x10240
Swift-Qwen3.8-Flash-Next-GSQ-RCO-IQ3_XXS-00002-of-00002.gguf	blk.12.ssm_a	0	192	48
Swift-Qwen3.8-Flash-Next-GSQ-RCO-IQ3_XXS-00002-of-00002.gguf	blk.12.ssm_alpha.weight	30	245760	2560x48
Swift-Qwen3.8-Flash-Next-GSQ-RCO-IQ3_XXS-00002-of-00002.gguf	blk.12.ssm_beta.weight	30	245760	2560x48
Swift-Qwen3.8-Flash-Next-GSQ-RCO-IQ3_XXS-00002-of-00002.gguf	blk.12.ssm_conv1d.weight	0	163840	4x10240
Swift-Qwen3.8-Flash-Next-GSQ-RCO-IQ3_XXS-00002-of-00002.gguf	blk.12.ssm_dt.bias	0	192	48
Swift-Qwen3.8-Flash-Next-GSQ-RCO-IQ3_XXS-00002-of-00002.gguf	blk.12.ssm_norm.weight	0	512	128
Swift-Qwen3.8-Flash-Next-GSQ-RCO-IQ3_XXS-00002-of-00002.gguf	blk.12.ssm_out.weight	14	12902400	6144x2560
Swift-Qwen3.8-Flash-Next-GSQ-RCO-IQ3_XXS-00002-of-00002.gguf	blk.13.attn_gate.weight	23	8355840	2560x6144
Swift-Qwen3.8-Flash-Next-GSQ-RCO-IQ3_XXS-00002-of-00002.gguf	blk.13.attn_qkv.weight	12	14745600	2560x10240
Swift-Qwen3.8-Flash-Next-GSQ-RCO-IQ3_XXS-00002-of-00002.gguf	blk.13.ffn_down_exps.weight	42	235929600	640x2560x512
Swift-Qwen3.8-Flash-Next-GSQ-RCO-IQ3_XXS-00002-of-00002.gguf	blk.13.ffn_down_shexp.weight	42	460800	640x2560
Swift-Qwen3.8-Flash-Next-GSQ-RCO-IQ3_XXS-00002-of-00002.gguf	blk.13.ffn_gate_exps.weight	16	216268800	2560x640x512
Swift-Qwen3.8-Flash-Next-GSQ-RCO-IQ3_XXS-00002-of-00002.gguf	blk.13.ffn_gate_inp.weight	0	5242880	2560x512
Swift-Qwen3.8-Flash-Next-GSQ-RCO-IQ3_XXS-00002-of-00002.gguf	blk.13.ffn_gate_inp_shexp.weight	0	10240	2560
Swift-Qwen3.8-Flash-Next-GSQ-RCO-IQ3_XXS-00002-of-00002.gguf	blk.13.ffn_gate_shexp.weight	21	704000	2560x640
Swift-Qwen3.8-Flash-Next-GSQ-RCO-IQ3_XXS-00002-of-00002.gguf	blk.13.ffn_up_exps.weight	16	216268800	2560x640x512
Swift-Qwen3.8-Flash-Next-GSQ-RCO-IQ3_XXS-00002-of-00002.gguf	blk.13.ffn_up_shexp.weight	21	704000	2560x640
Swift-Qwen3.8-Flash-Next-GSQ-RCO-IQ3_XXS-00002-of-00002.gguf	blk.13.hc_attn_down.weight	30	6553600	10240x320
Swift-Qwen3.8-Flash-Next-GSQ-RCO-IQ3_XXS-00002-of-00002.gguf	blk.13.hc_attn_inject.weight	30	81920	10240x4
Swift-Qwen3.8-Flash-Next-GSQ-RCO-IQ3_XXS-00002-of-00002.gguf	blk.13.hc_attn_norm.weight	0	40960	10240
Swift-Qwen3.8-Flash-Next-GSQ-RCO-IQ3_XXS-00002-of-00002.gguf	blk.13.hc_attn_up.weight	30	6553600	320x10240
Swift-Qwen3.8-Flash-Next-GSQ-RCO-IQ3_XXS-00002-of-00002.gguf	blk.13.hc_ffn_down.weight	30	6553600	10240x320
Swift-Qwen3.8-Flash-Next-GSQ-RCO-IQ3_XXS-00002-of-00002.gguf	blk.13.hc_ffn_inject.weight	30	81920	10240x4
Swift-Qwen3.8-Flash-Next-GSQ-RCO-IQ3_XXS-00002-of-00002.gguf	blk.13.hc_ffn_norm.weight	0	40960	10240
Swift-Qwen3.8-Flash-Next-GSQ-RCO-IQ3_XXS-00002-of-00002.gguf	blk.13.hc_ffn_up.weight	30	6553600	320x10240
Swift-Qwen3.8-Flash-Next-GSQ-RCO-IQ3_XXS-00002-of-00002.gguf	blk.13.ssm_a	0	192	48
Swift-Qwen3.8-Flash-Next-GSQ-RCO-IQ3_XXS-00002-of-00002.gguf	blk.13.ssm_alpha.weight	30	245760	2560x48
Swift-Qwen3.8-Flash-Next-GSQ-RCO-IQ3_XXS-00002-of-00002.gguf	blk.13.ssm_beta.weight	30	245760	2560x48
Swift-Qwen3.8-Flash-Next-GSQ-RCO-IQ3_XXS-00002-of-00002.gguf	blk.13.ssm_conv1d.weight	0	163840	4x10240
Swift-Qwen3.8-Flash-Next-GSQ-RCO-IQ3_XXS-00002-of-00002.gguf	blk.13.ssm_dt.bias	0	192	48
Swift-Qwen3.8-Flash-Next-GSQ-RCO-IQ3_XXS-00002-of-00002.gguf	blk.13.ssm_norm.weight	0	512	128
Swift-Qwen3.8-Flash-Next-GSQ-RCO-IQ3_XXS-00002-of-00002.gguf	blk.13.ssm_out.weight	14	12902400	6144x2560
Swift-Qwen3.8-Flash-Next-GSQ-RCO-IQ3_XXS-00002-of-00002.gguf	blk.14.attn_gate.weight	12	8847360	2560x6144
Swift-Qwen3.8-Flash-Next-GSQ-RCO-IQ3_XXS-00002-of-00002.gguf	blk.14.attn_qkv.weight	12	14745600	2560x10240
Swift-Qwen3.8-Flash-Next-GSQ-RCO-IQ3_XXS-00002-of-00002.gguf	blk.14.ffn_down_exps.weight	42	235929600	640x2560x512
Swift-Qwen3.8-Flash-Next-GSQ-RCO-IQ3_XXS-00002-of-00002.gguf	blk.14.ffn_down_shexp.weight	42	460800	640x2560
Swift-Qwen3.8-Flash-Next-GSQ-RCO-IQ3_XXS-00002-of-00002.gguf	blk.14.ffn_gate_exps.weight	17	242483200	2560x640x512
Swift-Qwen3.8-Flash-Next-GSQ-RCO-IQ3_XXS-00002-of-00002.gguf	blk.14.ffn_gate_inp.weight	0	5242880	2560x512
Swift-Qwen3.8-Flash-Next-GSQ-RCO-IQ3_XXS-00002-of-00002.gguf	blk.14.ffn_gate_inp_shexp.weight	0	10240	2560
Swift-Qwen3.8-Flash-Next-GSQ-RCO-IQ3_XXS-00002-of-00002.gguf	blk.14.ffn_gate_shexp.weight	13	1126400	2560x640
Swift-Qwen3.8-Flash-Next-GSQ-RCO-IQ3_XXS-00002-of-00002.gguf	blk.14.ffn_up_exps.weight	17	242483200	2560x640x512
Swift-Qwen3.8-Flash-Next-GSQ-RCO-IQ3_XXS-00002-of-00002.gguf	blk.14.ffn_up_shexp.weight	12	921600	2560x640
Swift-Qwen3.8-Flash-Next-GSQ-RCO-IQ3_XXS-00002-of-00002.gguf	blk.14.hc_attn_down.weight	30	6553600	10240x320
Swift-Qwen3.8-Flash-Next-GSQ-RCO-IQ3_XXS-00002-of-00002.gguf	blk.14.hc_attn_inject.weight	30	81920	10240x4
Swift-Qwen3.8-Flash-Next-GSQ-RCO-IQ3_XXS-00002-of-00002.gguf	blk.14.hc_attn_norm.weight	0	40960	10240
Swift-Qwen3.8-Flash-Next-GSQ-RCO-IQ3_XXS-00002-of-00002.gguf	blk.14.hc_attn_up.weight	30	6553600	320x10240
Swift-Qwen3.8-Flash-Next-GSQ-RCO-IQ3_XXS-00002-of-00002.gguf	blk.14.hc_ffn_down.weight	30	6553600	10240x320
Swift-Qwen3.8-Flash-Next-GSQ-RCO-IQ3_XXS-00002-of-00002.gguf	blk.14.hc_ffn_inject.weight	30	81920	10240x4
Swift-Qwen3.8-Flash-Next-GSQ-RCO-IQ3_XXS-00002-of-00002.gguf	blk.14.hc_ffn_norm.weight	0	40960	10240
Swift-Qwen3.8-Flash-Next-GSQ-RCO-IQ3_XXS-00002-of-00002.gguf	blk.14.hc_ffn_up.weight	30	6553600	320x10240
Swift-Qwen3.8-Flash-Next-GSQ-RCO-IQ3_XXS-00002-of-00002.gguf	blk.14.ssm_a	0	192	48
Swift-Qwen3.8-Flash-Next-GSQ-RCO-IQ3_XXS-00002-of-00002.gguf	blk.14.ssm_alpha.weight	30	245760	2560x48
Swift-Qwen3.8-Flash-Next-GSQ-RCO-IQ3_XXS-00002-of-00002.gguf	blk.14.ssm_beta.weight	30	245760	2560x48
Swift-Qwen3.8-Flash-Next-GSQ-RCO-IQ3_XXS-00002-of-00002.gguf	blk.14.ssm_conv1d.weight	0	163840	4x10240
Swift-Qwen3.8-Flash-Next-GSQ-RCO-IQ3_XXS-00002-of-00002.gguf	blk.14.ssm_dt.bias	0	192	48
Swift-Qwen3.8-Flash-Next-GSQ-RCO-IQ3_XXS-00002-of-00002.gguf	blk.14.ssm_norm.weight	0	512	128
Swift-Qwen3.8-Flash-Next-GSQ-RCO-IQ3_XXS-00002-of-00002.gguf	blk.14.ssm_out.weight	13	10813440	6144x2560
Swift-Qwen3.8-Flash-Next-GSQ-RCO-IQ3_XXS-00002-of-00002.gguf	blk.15.attn_k.weight	14	1075200	2560x512
Swift-Qwen3.8-Flash-Next-GSQ-RCO-IQ3_XXS-00002-of-00002.gguf	blk.15.attn_k_norm.weight	0	1024	256
Swift-Qwen3.8-Flash-Next-GSQ-RCO-IQ3_XXS-00002-of-00002.gguf	blk.15.attn_output.weight	14	12902400	6144x2560
Swift-Qwen3.8-Flash-Next-GSQ-RCO-IQ3_XXS-00002-of-00002.gguf	blk.15.attn_q.weight	23	16711680	2560x12288
Swift-Qwen3.8-Flash-Next-GSQ-RCO-IQ3_XXS-00002-of-00002.gguf	blk.15.attn_q_norm.weight	0	1024	256
Swift-Qwen3.8-Flash-Next-GSQ-RCO-IQ3_XXS-00002-of-00002.gguf	blk.15.attn_v.weight	23	696320	2560x512
Swift-Qwen3.8-Flash-Next-GSQ-RCO-IQ3_XXS-00002-of-00002.gguf	blk.15.ffn_down_exps.weight	42	235929600	640x2560x512
Swift-Qwen3.8-Flash-Next-GSQ-RCO-IQ3_XXS-00002-of-00002.gguf	blk.15.ffn_down_shexp.weight	20	921600	640x2560
Swift-Qwen3.8-Flash-Next-GSQ-RCO-IQ3_XXS-00002-of-00002.gguf	blk.15.ffn_gate_exps.weight	22	268697600	2560x640x512
Swift-Qwen3.8-Flash-Next-GSQ-RCO-IQ3_XXS-00002-of-00002.gguf	blk.15.ffn_gate_inp.weight	0	5242880	2560x512
Swift-Qwen3.8-Flash-Next-GSQ-RCO-IQ3_XXS-00002-of-00002.gguf	blk.15.ffn_gate_inp_shexp.weight	0	10240	2560
Swift-Qwen3.8-Flash-Next-GSQ-RCO-IQ3_XXS-00002-of-00002.gguf	blk.15.ffn_gate_shexp.weight	12	921600	2560x640
Swift-Qwen3.8-Flash-Next-GSQ-RCO-IQ3_XXS-00002-of-00002.gguf	blk.15.ffn_up_exps.weight	22	268697600	2560x640x512
Swift-Qwen3.8-Flash-Next-GSQ-RCO-IQ3_XXS-00002-of-00002.gguf	blk.15.ffn_up_shexp.weight	21	704000	2560x640
Swift-Qwen3.8-Flash-Next-GSQ-RCO-IQ3_XXS-00002-of-00002.gguf	blk.15.hc_attn_down.weight	30	6553600	10240x320
Swift-Qwen3.8-Flash-Next-GSQ-RCO-IQ3_XXS-00002-of-00002.gguf	blk.15.hc_attn_inject.weight	30	81920	10240x4
Swift-Qwen3.8-Flash-Next-GSQ-RCO-IQ3_XXS-00002-of-00002.gguf	blk.15.hc_attn_norm.weight	0	40960	10240
Swift-Qwen3.8-Flash-Next-GSQ-RCO-IQ3_XXS-00002-of-00002.gguf	blk.15.hc_attn_up.weight	30	6553600	320x10240
Swift-Qwen3.8-Flash-Next-GSQ-RCO-IQ3_XXS-00002-of-00002.gguf	blk.15.hc_ffn_down.weight	30	6553600	10240x320
Swift-Qwen3.8-Flash-Next-GSQ-RCO-IQ3_XXS-00002-of-00002.gguf	blk.15.hc_ffn_inject.weight	30	81920	10240x4
Swift-Qwen3.8-Flash-Next-GSQ-RCO-IQ3_XXS-00002-of-00002.gguf	blk.15.hc_ffn_norm.weight	0	40960	10240
Swift-Qwen3.8-Flash-Next-GSQ-RCO-IQ3_XXS-00002-of-00002.gguf	blk.15.hc_ffn_up.weight	30	6553600	320x10240
Swift-Qwen3.8-Flash-Next-GSQ-RCO-IQ3_XXS-00002-of-00002.gguf	blk.15.indexer.k_norm.weight	0	512	128
Swift-Qwen3.8-Flash-Next-GSQ-RCO-IQ3_XXS-00002-of-00002.gguf	blk.15.indexer.k_proj.weight	30	655360	2560x128
Swift-Qwen3.8-Flash-Next-GSQ-RCO-IQ3_XXS-00002-of-00002.gguf	blk.15.indexer.q_norm.weight	0	512	128
Swift-Qwen3.8-Flash-Next-GSQ-RCO-IQ3_XXS-00002-of-00002.gguf	blk.15.indexer.q_proj.weight	30	2621440	2560x512
Swift-Qwen3.8-Flash-Next-GSQ-RCO-IQ3_XXS-00002-of-00002.gguf	blk.16.attn_gate.weight	23	8355840	2560x6144
Swift-Qwen3.8-Flash-Next-GSQ-RCO-IQ3_XXS-00002-of-00002.gguf	blk.16.attn_qkv.weight	13	18022400	2560x10240
Swift-Qwen3.8-Flash-Next-GSQ-RCO-IQ3_XXS-00002-of-00002.gguf	blk.16.ffn_down_exps.weight	42	235929600	640x2560x512
Swift-Qwen3.8-Flash-Next-GSQ-RCO-IQ3_XXS-00002-of-00002.gguf	blk.16.ffn_down_shexp.weight	20	921600	640x2560
Swift-Qwen3.8-Flash-Next-GSQ-RCO-IQ3_XXS-00002-of-00002.gguf	blk.16.ffn_gate_exps.weight	16	216268800	2560x640x512
Swift-Qwen3.8-Flash-Next-GSQ-RCO-IQ3_XXS-00002-of-00002.gguf	blk.16.ffn_gate_inp.weight	0	5242880	2560x512
Swift-Qwen3.8-Flash-Next-GSQ-RCO-IQ3_XXS-00002-of-00002.gguf	blk.16.ffn_gate_inp_shexp.weight	0	10240	2560
Swift-Qwen3.8-Flash-Next-GSQ-RCO-IQ3_XXS-00002-of-00002.gguf	blk.16.ffn_gate_shexp.weight	12	921600	2560x640
Swift-Qwen3.8-Flash-Next-GSQ-RCO-IQ3_XXS-00002-of-00002.gguf	blk.16.ffn_up_exps.weight	16	216268800	2560x640x512
Swift-Qwen3.8-Flash-Next-GSQ-RCO-IQ3_XXS-00002-of-00002.gguf	blk.16.ffn_up_shexp.weight	21	704000	2560x640
Swift-Qwen3.8-Flash-Next-GSQ-RCO-IQ3_XXS-00002-of-00002.gguf	blk.16.hc_attn_down.weight	30	6553600	10240x320
Swift-Qwen3.8-Flash-Next-GSQ-RCO-IQ3_XXS-00002-of-00002.gguf	blk.16.hc_attn_inject.weight	30	81920	10240x4
Swift-Qwen3.8-Flash-Next-GSQ-RCO-IQ3_XXS-00002-of-00002.gguf	blk.16.hc_attn_norm.weight	0	40960	10240
Swift-Qwen3.8-Flash-Next-GSQ-RCO-IQ3_XXS-00002-of-00002.gguf	blk.16.hc_attn_up.weight	30	6553600	320x10240
Swift-Qwen3.8-Flash-Next-GSQ-RCO-IQ3_XXS-00002-of-00002.gguf	blk.16.hc_ffn_down.weight	30	6553600	10240x320
Swift-Qwen3.8-Flash-Next-GSQ-RCO-IQ3_XXS-00002-of-00002.gguf	blk.16.hc_ffn_inject.weight	30	81920	10240x4
Swift-Qwen3.8-Flash-Next-GSQ-RCO-IQ3_XXS-00002-of-00002.gguf	blk.16.hc_ffn_norm.weight	0	40960	10240
Swift-Qwen3.8-Flash-Next-GSQ-RCO-IQ3_XXS-00002-of-00002.gguf	blk.16.hc_ffn_up.weight	30	6553600	320x10240
Swift-Qwen3.8-Flash-Next-GSQ-RCO-IQ3_XXS-00002-of-00002.gguf	blk.16.ssm_a	0	192	48
Swift-Qwen3.8-Flash-Next-GSQ-RCO-IQ3_XXS-00002-of-00002.gguf	blk.16.ssm_alpha.weight	30	245760	2560x48
Swift-Qwen3.8-Flash-Next-GSQ-RCO-IQ3_XXS-00002-of-00002.gguf	blk.16.ssm_beta.weight	30	245760	2560x48
Swift-Qwen3.8-Flash-Next-GSQ-RCO-IQ3_XXS-00002-of-00002.gguf	blk.16.ssm_conv1d.weight	0	163840	4x10240
Swift-Qwen3.8-Flash-Next-GSQ-RCO-IQ3_XXS-00002-of-00002.gguf	blk.16.ssm_dt.bias	0	192	48
Swift-Qwen3.8-Flash-Next-GSQ-RCO-IQ3_XXS-00002-of-00002.gguf	blk.16.ssm_norm.weight	0	512	128
Swift-Qwen3.8-Flash-Next-GSQ-RCO-IQ3_XXS-00002-of-00002.gguf	blk.16.ssm_out.weight	14	12902400	6144x2560
Swift-Qwen3.8-Flash-Next-GSQ-RCO-IQ3_XXS-00002-of-00002.gguf	blk.17.attn_gate.weight	12	8847360	2560x6144
Swift-Qwen3.8-Flash-Next-GSQ-RCO-IQ3_XXS-00002-of-00002.gguf	blk.17.attn_qkv.weight	23	13926400	2560x10240
Swift-Qwen3.8-Flash-Next-GSQ-RCO-IQ3_XXS-00002-of-00002.gguf	blk.17.ffn_down_exps.weight	42	235929600	640x2560x512
Swift-Qwen3.8-Flash-Next-GSQ-RCO-IQ3_XXS-00002-of-00002.gguf	blk.17.ffn_down_shexp.weight	20	921600	640x2560
Swift-Qwen3.8-Flash-Next-GSQ-RCO-IQ3_XXS-00002-of-00002.gguf	blk.17.ffn_gate_exps.weight	22	268697600	2560x640x512
Swift-Qwen3.8-Flash-Next-GSQ-RCO-IQ3_XXS-00002-of-00002.gguf	blk.17.ffn_gate_inp.weight	0	5242880	2560x512
Swift-Qwen3.8-Flash-Next-GSQ-RCO-IQ3_XXS-00002-of-00002.gguf	blk.17.ffn_gate_inp_shexp.weight	0	10240	2560
Swift-Qwen3.8-Flash-Next-GSQ-RCO-IQ3_XXS-00002-of-00002.gguf	blk.17.ffn_gate_shexp.weight	23	870400	2560x640
Swift-Qwen3.8-Flash-Next-GSQ-RCO-IQ3_XXS-00002-of-00002.gguf	blk.17.ffn_up_exps.weight	22	268697600	2560x640x512
Swift-Qwen3.8-Flash-Next-GSQ-RCO-IQ3_XXS-00002-of-00002.gguf	blk.17.ffn_up_shexp.weight	23	870400	2560x640
Swift-Qwen3.8-Flash-Next-GSQ-RCO-IQ3_XXS-00002-of-00002.gguf	blk.17.hc_attn_down.weight	30	6553600	10240x320
Swift-Qwen3.8-Flash-Next-GSQ-RCO-IQ3_XXS-00002-of-00002.gguf	blk.17.hc_attn_inject.weight	30	81920	10240x4
Swift-Qwen3.8-Flash-Next-GSQ-RCO-IQ3_XXS-00002-of-00002.gguf	blk.17.hc_attn_norm.weight	0	40960	10240
Swift-Qwen3.8-Flash-Next-GSQ-RCO-IQ3_XXS-00002-of-00002.gguf	blk.17.hc_attn_up.weight	30	6553600	320x10240
Swift-Qwen3.8-Flash-Next-GSQ-RCO-IQ3_XXS-00002-of-00002.gguf	blk.17.hc_ffn_down.weight	30	6553600	10240x320
Swift-Qwen3.8-Flash-Next-GSQ-RCO-IQ3_XXS-00002-of-00002.gguf	blk.17.hc_ffn_inject.weight	30	81920	10240x4
Swift-Qwen3.8-Flash-Next-GSQ-RCO-IQ3_XXS-00002-of-00002.gguf	blk.17.hc_ffn_norm.weight	0	40960	10240
Swift-Qwen3.8-Flash-Next-GSQ-RCO-IQ3_XXS-00002-of-00002.gguf	blk.17.hc_ffn_up.weight	30	6553600	320x10240
Swift-Qwen3.8-Flash-Next-GSQ-RCO-IQ3_XXS-00002-of-00002.gguf	blk.17.ssm_a	0	192	48
Swift-Qwen3.8-Flash-Next-GSQ-RCO-IQ3_XXS-00002-of-00002.gguf	blk.17.ssm_alpha.weight	30	245760	2560x48
Swift-Qwen3.8-Flash-Next-GSQ-RCO-IQ3_XXS-00002-of-00002.gguf	blk.17.ssm_beta.weight	30	245760	2560x48
Swift-Qwen3.8-Flash-Next-GSQ-RCO-IQ3_XXS-00002-of-00002.gguf	blk.17.ssm_conv1d.weight	0	163840	4x10240
Swift-Qwen3.8-Flash-Next-GSQ-RCO-IQ3_XXS-00002-of-00002.gguf	blk.17.ssm_dt.bias	0	192	48
Swift-Qwen3.8-Flash-Next-GSQ-RCO-IQ3_XXS-00002-of-00002.gguf	blk.17.ssm_norm.weight	0	512	128
Swift-Qwen3.8-Flash-Next-GSQ-RCO-IQ3_XXS-00002-of-00002.gguf	blk.17.ssm_out.weight	14	12902400	6144x2560
Swift-Qwen3.8-Flash-Next-GSQ-RCO-IQ3_XXS-00002-of-00002.gguf	blk.18.attn_gate.weight	23	8355840	2560x6144
Swift-Qwen3.8-Flash-Next-GSQ-RCO-IQ3_XXS-00002-of-00002.gguf	blk.18.attn_qkv.weight	12	14745600	2560x10240
Swift-Qwen3.8-Flash-Next-GSQ-RCO-IQ3_XXS-00002-of-00002.gguf	blk.18.ffn_down_exps.weight	42	235929600	640x2560x512
Swift-Qwen3.8-Flash-Next-GSQ-RCO-IQ3_XXS-00002-of-00002.gguf	blk.18.ffn_down_shexp.weight	20	921600	640x2560
Swift-Qwen3.8-Flash-Next-GSQ-RCO-IQ3_XXS-00002-of-00002.gguf	blk.18.ffn_gate_exps.weight	21	360448000	2560x640x512
Swift-Qwen3.8-Flash-Next-GSQ-RCO-IQ3_XXS-00002-of-00002.gguf	blk.18.ffn_gate_inp.weight	0	5242880	2560x512
Swift-Qwen3.8-Flash-Next-GSQ-RCO-IQ3_XXS-00002-of-00002.gguf	blk.18.ffn_gate_inp_shexp.weight	0	10240	2560
Swift-Qwen3.8-Flash-Next-GSQ-RCO-IQ3_XXS-00002-of-00002.gguf	blk.18.ffn_gate_shexp.weight	21	704000	2560x640
Swift-Qwen3.8-Flash-Next-GSQ-RCO-IQ3_XXS-00002-of-00002.gguf	blk.18.ffn_up_exps.weight	21	360448000	2560x640x512
Swift-Qwen3.8-Flash-Next-GSQ-RCO-IQ3_XXS-00002-of-00002.gguf	blk.18.ffn_up_shexp.weight	21	704000	2560x640
Swift-Qwen3.8-Flash-Next-GSQ-RCO-IQ3_XXS-00002-of-00002.gguf	blk.18.hc_attn_down.weight	30	6553600	10240x320
Swift-Qwen3.8-Flash-Next-GSQ-RCO-IQ3_XXS-00002-of-00002.gguf	blk.18.hc_attn_inject.weight	30	81920	10240x4
Swift-Qwen3.8-Flash-Next-GSQ-RCO-IQ3_XXS-00002-of-00002.gguf	blk.18.hc_attn_norm.weight	0	40960	10240
Swift-Qwen3.8-Flash-Next-GSQ-RCO-IQ3_XXS-00002-of-00002.gguf	blk.18.hc_attn_up.weight	30	6553600	320x10240
Swift-Qwen3.8-Flash-Next-GSQ-RCO-IQ3_XXS-00002-of-00002.gguf	blk.18.hc_ffn_down.weight	30	6553600	10240x320
Swift-Qwen3.8-Flash-Next-GSQ-RCO-IQ3_XXS-00002-of-00002.gguf	blk.18.hc_ffn_inject.weight	30	81920	10240x4
Swift-Qwen3.8-Flash-Next-GSQ-RCO-IQ3_XXS-00002-of-00002.gguf	blk.18.hc_ffn_norm.weight	0	40960	10240
Swift-Qwen3.8-Flash-Next-GSQ-RCO-IQ3_XXS-00002-of-00002.gguf	blk.18.hc_ffn_up.weight	30	6553600	320x10240
Swift-Qwen3.8-Flash-Next-GSQ-RCO-IQ3_XXS-00002-of-00002.gguf	blk.18.ssm_a	0	192	48
Swift-Qwen3.8-Flash-Next-GSQ-RCO-IQ3_XXS-00002-of-00002.gguf	blk.18.ssm_alpha.weight	30	245760	2560x48
Swift-Qwen3.8-Flash-Next-GSQ-RCO-IQ3_XXS-00002-of-00002.gguf	blk.18.ssm_beta.weight	30	245760	2560x48
Swift-Qwen3.8-Flash-Next-GSQ-RCO-IQ3_XXS-00002-of-00002.gguf	blk.18.ssm_conv1d.weight	0	163840	4x10240
Swift-Qwen3.8-Flash-Next-GSQ-RCO-IQ3_XXS-00002-of-00002.gguf	blk.18.ssm_dt.bias	0	192	48
Swift-Qwen3.8-Flash-Next-GSQ-RCO-IQ3_XXS-00002-of-00002.gguf	blk.18.ssm_norm.weight	0	512	128
Swift-Qwen3.8-Flash-Next-GSQ-RCO-IQ3_XXS-00002-of-00002.gguf	blk.18.ssm_out.weight	14	12902400	6144x2560
Swift-Qwen3.8-Flash-Next-GSQ-RCO-IQ3_XXS-00002-of-00002.gguf	blk.19.attn_k.weight	23	696320	2560x512
Swift-Qwen3.8-Flash-Next-GSQ-RCO-IQ3_XXS-00002-of-00002.gguf	blk.19.attn_k_norm.weight	0	1024	256
Swift-Qwen3.8-Flash-Next-GSQ-RCO-IQ3_XXS-00002-of-00002.gguf	blk.19.attn_output.weight	14	12902400	6144x2560
Swift-Qwen3.8-Flash-Next-GSQ-RCO-IQ3_XXS-00002-of-00002.gguf	blk.19.attn_q.weight	12	17694720	2560x12288
Swift-Qwen3.8-Flash-Next-GSQ-RCO-IQ3_XXS-00002-of-00002.gguf	blk.19.attn_q_norm.weight	0	1024	256
Swift-Qwen3.8-Flash-Next-GSQ-RCO-IQ3_XXS-00002-of-00002.gguf	blk.19.attn_v.weight	23	696320	2560x512
Swift-Qwen3.8-Flash-Next-GSQ-RCO-IQ3_XXS-00002-of-00002.gguf	blk.19.ffn_down_exps.weight	42	235929600	640x2560x512
Swift-Qwen3.8-Flash-Next-GSQ-RCO-IQ3_XXS-00002-of-00002.gguf	blk.19.ffn_down_shexp.weight	42	460800	640x2560
Swift-Qwen3.8-Flash-Next-GSQ-RCO-IQ3_XXS-00002-of-00002.gguf	blk.19.ffn_gate_exps.weight	17	242483200	2560x640x512
Swift-Qwen3.8-Flash-Next-GSQ-RCO-IQ3_XXS-00002-of-00002.gguf	blk.19.ffn_gate_inp.weight	0	5242880	2560x512
Swift-Qwen3.8-Flash-Next-GSQ-RCO-IQ3_XXS-00002-of-00002.gguf	blk.19.ffn_gate_inp_shexp.weight	0	10240	2560
Swift-Qwen3.8-Flash-Next-GSQ-RCO-IQ3_XXS-00002-of-00002.gguf	blk.19.ffn_gate_shexp.weight	23	870400	2560x640
Swift-Qwen3.8-Flash-Next-GSQ-RCO-IQ3_XXS-00002-of-00002.gguf	blk.19.ffn_up_exps.weight	17	242483200	2560x640x512
Swift-Qwen3.8-Flash-Next-GSQ-RCO-IQ3_XXS-00002-of-00002.gguf	blk.19.ffn_up_shexp.weight	12	921600	2560x640
Swift-Qwen3.8-Flash-Next-GSQ-RCO-IQ3_XXS-00002-of-00002.gguf	blk.19.hc_attn_down.weight	30	6553600	10240x320
Swift-Qwen3.8-Flash-Next-GSQ-RCO-IQ3_XXS-00002-of-00002.gguf	blk.19.hc_attn_inject.weight	30	81920	10240x4
Swift-Qwen3.8-Flash-Next-GSQ-RCO-IQ3_XXS-00002-of-00002.gguf	blk.19.hc_attn_norm.weight	0	40960	10240
Swift-Qwen3.8-Flash-Next-GSQ-RCO-IQ3_XXS-00002-of-00002.gguf	blk.19.hc_attn_up.weight	30	6553600	320x10240
Swift-Qwen3.8-Flash-Next-GSQ-RCO-IQ3_XXS-00002-of-00002.gguf	blk.19.hc_ffn_down.weight	30	6553600	10240x320
Swift-Qwen3.8-Flash-Next-GSQ-RCO-IQ3_XXS-00002-of-00002.gguf	blk.19.hc_ffn_inject.weight	30	81920	10240x4
Swift-Qwen3.8-Flash-Next-GSQ-RCO-IQ3_XXS-00002-of-00002.gguf	blk.19.hc_ffn_norm.weight	0	40960	10240
Swift-Qwen3.8-Flash-Next-GSQ-RCO-IQ3_XXS-00002-of-00002.gguf	blk.19.hc_ffn_up.weight	30	6553600	320x10240
Swift-Qwen3.8-Flash-Next-GSQ-RCO-IQ3_XXS-00002-of-00002.gguf	blk.19.indexer.k_norm.weight	0	512	128
Swift-Qwen3.8-Flash-Next-GSQ-RCO-IQ3_XXS-00002-of-00002.gguf	blk.19.indexer.k_proj.weight	30	655360	2560x128
Swift-Qwen3.8-Flash-Next-GSQ-RCO-IQ3_XXS-00002-of-00002.gguf	blk.19.indexer.q_norm.weight	0	512	128
Swift-Qwen3.8-Flash-Next-GSQ-RCO-IQ3_XXS-00002-of-00002.gguf	blk.19.indexer.q_proj.weight	30	2621440	2560x512
Swift-Qwen3.8-Flash-Next-GSQ-RCO-IQ3_XXS-00002-of-00002.gguf	blk.20.attn_gate.weight	23	8355840	2560x6144
Swift-Qwen3.8-Flash-Next-GSQ-RCO-IQ3_XXS-00002-of-00002.gguf	blk.20.attn_qkv.weight	23	13926400	2560x10240
Swift-Qwen3.8-Flash-Next-GSQ-RCO-IQ3_XXS-00002-of-00002.gguf	blk.20.ffn_down_exps.weight	42	235929600	640x2560x512
Swift-Qwen3.8-Flash-Next-GSQ-RCO-IQ3_XXS-00002-of-00002.gguf	blk.20.ffn_down_shexp.weight	42	460800	640x2560
Swift-Qwen3.8-Flash-Next-GSQ-RCO-IQ3_XXS-00002-of-00002.gguf	blk.20.ffn_gate_exps.weight	21	360448000	2560x640x512
Swift-Qwen3.8-Flash-Next-GSQ-RCO-IQ3_XXS-00002-of-00002.gguf	blk.20.ffn_gate_inp.weight	0	5242880	2560x512
Swift-Qwen3.8-Flash-Next-GSQ-RCO-IQ3_XXS-00002-of-00002.gguf	blk.20.ffn_gate_inp_shexp.weight	0	10240	2560
Swift-Qwen3.8-Flash-Next-GSQ-RCO-IQ3_XXS-00002-of-00002.gguf	blk.20.ffn_gate_shexp.weight	12	921600	2560x640
Swift-Qwen3.8-Flash-Next-GSQ-RCO-IQ3_XXS-00002-of-00002.gguf	blk.20.ffn_up_exps.weight	21	360448000	2560x640x512
Swift-Qwen3.8-Flash-Next-GSQ-RCO-IQ3_XXS-00002-of-00002.gguf	blk.20.ffn_up_shexp.weight	21	704000	2560x640
Swift-Qwen3.8-Flash-Next-GSQ-RCO-IQ3_XXS-00002-of-00002.gguf	blk.20.hc_attn_down.weight	30	6553600	10240x320
Swift-Qwen3.8-Flash-Next-GSQ-RCO-IQ3_XXS-00002-of-00002.gguf	blk.20.hc_attn_inject.weight	30	81920	10240x4
Swift-Qwen3.8-Flash-Next-GSQ-RCO-IQ3_XXS-00002-of-00002.gguf	blk.20.hc_attn_norm.weight	0	40960	10240
Swift-Qwen3.8-Flash-Next-GSQ-RCO-IQ3_XXS-00002-of-00002.gguf	blk.20.hc_attn_up.weight	30	6553600	320x10240
Swift-Qwen3.8-Flash-Next-GSQ-RCO-IQ3_XXS-00002-of-00002.gguf	blk.20.hc_ffn_down.weight	30	6553600	10240x320
Swift-Qwen3.8-Flash-Next-GSQ-RCO-IQ3_XXS-00002-of-00002.gguf	blk.20.hc_ffn_inject.weight	30	81920	10240x4
Swift-Qwen3.8-Flash-Next-GSQ-RCO-IQ3_XXS-00002-of-00002.gguf	blk.20.hc_ffn_norm.weight	0	40960	10240
Swift-Qwen3.8-Flash-Next-GSQ-RCO-IQ3_XXS-00002-of-00002.gguf	blk.20.hc_ffn_up.weight	30	6553600	320x10240
Swift-Qwen3.8-Flash-Next-GSQ-RCO-IQ3_XXS-00002-of-00002.gguf	blk.20.ssm_a	0	192	48
Swift-Qwen3.8-Flash-Next-GSQ-RCO-IQ3_XXS-00002-of-00002.gguf	blk.20.ssm_alpha.weight	30	245760	2560x48
Swift-Qwen3.8-Flash-Next-GSQ-RCO-IQ3_XXS-00002-of-00002.gguf	blk.20.ssm_beta.weight	30	245760	2560x48
Swift-Qwen3.8-Flash-Next-GSQ-RCO-IQ3_XXS-00002-of-00002.gguf	blk.20.ssm_conv1d.weight	0	163840	4x10240
Swift-Qwen3.8-Flash-Next-GSQ-RCO-IQ3_XXS-00002-of-00002.gguf	blk.20.ssm_dt.bias	0	192	48
Swift-Qwen3.8-Flash-Next-GSQ-RCO-IQ3_XXS-00002-of-00002.gguf	blk.20.ssm_norm.weight	0	512	128
Swift-Qwen3.8-Flash-Next-GSQ-RCO-IQ3_XXS-00002-of-00002.gguf	blk.20.ssm_out.weight	14	12902400	6144x2560
Swift-Qwen3.8-Flash-Next-GSQ-RCO-IQ3_XXS-00002-of-00002.gguf	blk.21.attn_gate.weight	21	6758400	2560x6144
Swift-Qwen3.8-Flash-Next-GSQ-RCO-IQ3_XXS-00002-of-00002.gguf	blk.21.attn_qkv.weight	12	14745600	2560x10240
Swift-Qwen3.8-Flash-Next-GSQ-RCO-IQ3_XXS-00002-of-00002.gguf	blk.21.ffn_down_exps.weight	42	235929600	640x2560x512
Swift-Qwen3.8-Flash-Next-GSQ-RCO-IQ3_XXS-00002-of-00002.gguf	blk.21.ffn_down_shexp.weight	20	921600	640x2560
Swift-Qwen3.8-Flash-Next-GSQ-RCO-IQ3_XXS-00002-of-00002.gguf	blk.21.ffn_gate_exps.weight	22	268697600	2560x640x512
Swift-Qwen3.8-Flash-Next-GSQ-RCO-IQ3_XXS-00002-of-00002.gguf	blk.21.ffn_gate_inp.weight	0	5242880	2560x512
Swift-Qwen3.8-Flash-Next-GSQ-RCO-IQ3_XXS-00002-of-00002.gguf	blk.21.ffn_gate_inp_shexp.weight	0	10240	2560
Swift-Qwen3.8-Flash-Next-GSQ-RCO-IQ3_XXS-00002-of-00002.gguf	blk.21.ffn_gate_shexp.weight	23	870400	2560x640
Swift-Qwen3.8-Flash-Next-GSQ-RCO-IQ3_XXS-00002-of-00002.gguf	blk.21.ffn_up_exps.weight	22	268697600	2560x640x512
Swift-Qwen3.8-Flash-Next-GSQ-RCO-IQ3_XXS-00002-of-00002.gguf	blk.21.ffn_up_shexp.weight	23	870400	2560x640
Swift-Qwen3.8-Flash-Next-GSQ-RCO-IQ3_XXS-00002-of-00002.gguf	blk.21.hc_attn_down.weight	30	6553600	10240x320
Swift-Qwen3.8-Flash-Next-GSQ-RCO-IQ3_XXS-00002-of-00002.gguf	blk.21.hc_attn_inject.weight	30	81920	10240x4
Swift-Qwen3.8-Flash-Next-GSQ-RCO-IQ3_XXS-00002-of-00002.gguf	blk.21.hc_attn_norm.weight	0	40960	10240
Swift-Qwen3.8-Flash-Next-GSQ-RCO-IQ3_XXS-00002-of-00002.gguf	blk.21.hc_attn_up.weight	30	6553600	320x10240
Swift-Qwen3.8-Flash-Next-GSQ-RCO-IQ3_XXS-00002-of-00002.gguf	blk.21.hc_ffn_down.weight	30	6553600	10240x320
Swift-Qwen3.8-Flash-Next-GSQ-RCO-IQ3_XXS-00002-of-00002.gguf	blk.21.hc_ffn_inject.weight	30	81920	10240x4
Swift-Qwen3.8-Flash-Next-GSQ-RCO-IQ3_XXS-00002-of-00002.gguf	blk.21.hc_ffn_norm.weight	0	40960	10240
Swift-Qwen3.8-Flash-Next-GSQ-RCO-IQ3_XXS-00002-of-00002.gguf	blk.21.hc_ffn_up.weight	30	6553600	320x10240
Swift-Qwen3.8-Flash-Next-GSQ-RCO-IQ3_XXS-00002-of-00002.gguf	blk.21.ssm_a	0	192	48
Swift-Qwen3.8-Flash-Next-GSQ-RCO-IQ3_XXS-00002-of-00002.gguf	blk.21.ssm_alpha.weight	30	245760	2560x48
Swift-Qwen3.8-Flash-Next-GSQ-RCO-IQ3_XXS-00002-of-00002.gguf	blk.21.ssm_beta.weight	30	245760	2560x48
Swift-Qwen3.8-Flash-Next-GSQ-RCO-IQ3_XXS-00002-of-00002.gguf	blk.21.ssm_conv1d.weight	0	163840	4x10240
Swift-Qwen3.8-Flash-Next-GSQ-RCO-IQ3_XXS-00002-of-00002.gguf	blk.21.ssm_dt.bias	0	192	48
Swift-Qwen3.8-Flash-Next-GSQ-RCO-IQ3_XXS-00002-of-00002.gguf	blk.21.ssm_norm.weight	0	512	128
Swift-Qwen3.8-Flash-Next-GSQ-RCO-IQ3_XXS-00002-of-00002.gguf	blk.21.ssm_out.weight	21	6758400	6144x2560
Swift-Qwen3.8-Flash-Next-GSQ-RCO-IQ3_XXS-00002-of-00002.gguf	blk.22.attn_gate.weight	21	6758400	2560x6144
Swift-Qwen3.8-Flash-Next-GSQ-RCO-IQ3_XXS-00002-of-00002.gguf	blk.22.attn_qkv.weight	14	21504000	2560x10240
Swift-Qwen3.8-Flash-Next-GSQ-RCO-IQ3_XXS-00002-of-00002.gguf	blk.22.ffn_down_exps.weight	42	235929600	640x2560x512
Swift-Qwen3.8-Flash-Next-GSQ-RCO-IQ3_XXS-00002-of-00002.gguf	blk.22.ffn_down_shexp.weight	20	921600	640x2560
Swift-Qwen3.8-Flash-Next-GSQ-RCO-IQ3_XXS-00002-of-00002.gguf	blk.22.ffn_gate_exps.weight	21	360448000	2560x640x512
Swift-Qwen3.8-Flash-Next-GSQ-RCO-IQ3_XXS-00002-of-00002.gguf	blk.22.ffn_gate_inp.weight	0	5242880	2560x512
Swift-Qwen3.8-Flash-Next-GSQ-RCO-IQ3_XXS-00002-of-00002.gguf	blk.22.ffn_gate_inp_shexp.weight	0	10240	2560
Swift-Qwen3.8-Flash-Next-GSQ-RCO-IQ3_XXS-00002-of-00002.gguf	blk.22.ffn_gate_shexp.weight	23	870400	2560x640
Swift-Qwen3.8-Flash-Next-GSQ-RCO-IQ3_XXS-00002-of-00002.gguf	blk.22.ffn_up_exps.weight	21	360448000	2560x640x512
Swift-Qwen3.8-Flash-Next-GSQ-RCO-IQ3_XXS-00002-of-00002.gguf	blk.22.ffn_up_shexp.weight	14	1344000	2560x640
Swift-Qwen3.8-Flash-Next-GSQ-RCO-IQ3_XXS-00002-of-00002.gguf	blk.22.hc_attn_down.weight	30	6553600	10240x320
Swift-Qwen3.8-Flash-Next-GSQ-RCO-IQ3_XXS-00002-of-00002.gguf	blk.22.hc_attn_inject.weight	30	81920	10240x4
Swift-Qwen3.8-Flash-Next-GSQ-RCO-IQ3_XXS-00002-of-00002.gguf	blk.22.hc_attn_norm.weight	0	40960	10240
Swift-Qwen3.8-Flash-Next-GSQ-RCO-IQ3_XXS-00002-of-00002.gguf	blk.22.hc_attn_up.weight	30	6553600	320x10240
Swift-Qwen3.8-Flash-Next-GSQ-RCO-IQ3_XXS-00002-of-00002.gguf	blk.22.hc_ffn_down.weight	30	6553600	10240x320
Swift-Qwen3.8-Flash-Next-GSQ-RCO-IQ3_XXS-00002-of-00002.gguf	blk.22.hc_ffn_inject.weight	30	81920	10240x4
Swift-Qwen3.8-Flash-Next-GSQ-RCO-IQ3_XXS-00002-of-00002.gguf	blk.22.hc_ffn_norm.weight	0	40960	10240
Swift-Qwen3.8-Flash-Next-GSQ-RCO-IQ3_XXS-00002-of-00002.gguf	blk.22.hc_ffn_up.weight	30	6553600	320x10240
Swift-Qwen3.8-Flash-Next-GSQ-RCO-IQ3_XXS-00002-of-00002.gguf	blk.22.ssm_a	0	192	48
Swift-Qwen3.8-Flash-Next-GSQ-RCO-IQ3_XXS-00002-of-00002.gguf	blk.22.ssm_alpha.weight	30	245760	2560x48
Swift-Qwen3.8-Flash-Next-GSQ-RCO-IQ3_XXS-00002-of-00002.gguf	blk.22.ssm_beta.weight	30	245760	2560x48
Swift-Qwen3.8-Flash-Next-GSQ-RCO-IQ3_XXS-00002-of-00002.gguf	blk.22.ssm_conv1d.weight	0	163840	4x10240
Swift-Qwen3.8-Flash-Next-GSQ-RCO-IQ3_XXS-00002-of-00002.gguf	blk.22.ssm_dt.bias	0	192	48
Swift-Qwen3.8-Flash-Next-GSQ-RCO-IQ3_XXS-00002-of-00002.gguf	blk.22.ssm_norm.weight	0	512	128
Swift-Qwen3.8-Flash-Next-GSQ-RCO-IQ3_XXS-00002-of-00002.gguf	blk.22.ssm_out.weight	12	8847360	6144x2560
Swift-Qwen3.8-Flash-Next-GSQ-RCO-IQ3_XXS-00002-of-00002.gguf	blk.23.attn_k.weight	14	1075200	2560x512
Swift-Qwen3.8-Flash-Next-GSQ-RCO-IQ3_XXS-00002-of-00002.gguf	blk.23.attn_k_norm.weight	0	1024	256
Swift-Qwen3.8-Flash-Next-GSQ-RCO-IQ3_XXS-00002-of-00002.gguf	blk.23.attn_output.weight	14	12902400	6144x2560
Swift-Qwen3.8-Flash-Next-GSQ-RCO-IQ3_XXS-00002-of-00002.gguf	blk.23.attn_q.weight	23	16711680	2560x12288
Swift-Qwen3.8-Flash-Next-GSQ-RCO-IQ3_XXS-00002-of-00002.gguf	blk.23.attn_q_norm.weight	0	1024	256
Swift-Qwen3.8-Flash-Next-GSQ-RCO-IQ3_XXS-00002-of-00002.gguf	blk.23.attn_v.weight	14	1075200	2560x512
Swift-Qwen3.8-Flash-Next-GSQ-RCO-IQ3_XXS-00002-of-00002.gguf	blk.23.ffn_down_exps.weight	42	235929600	640x2560x512
Swift-Qwen3.8-Flash-Next-GSQ-RCO-IQ3_XXS-00002-of-00002.gguf	blk.23.ffn_down_shexp.weight	20	921600	640x2560
Swift-Qwen3.8-Flash-Next-GSQ-RCO-IQ3_XXS-00002-of-00002.gguf	blk.23.ffn_gate_exps.weight	21	360448000	2560x640x512
Swift-Qwen3.8-Flash-Next-GSQ-RCO-IQ3_XXS-00002-of-00002.gguf	blk.23.ffn_gate_inp.weight	0	5242880	2560x512
Swift-Qwen3.8-Flash-Next-GSQ-RCO-IQ3_XXS-00002-of-00002.gguf	blk.23.ffn_gate_inp_shexp.weight	0	10240	2560
Swift-Qwen3.8-Flash-Next-GSQ-RCO-IQ3_XXS-00002-of-00002.gguf	blk.23.ffn_gate_shexp.weight	23	870400	2560x640
Swift-Qwen3.8-Flash-Next-GSQ-RCO-IQ3_XXS-00002-of-00002.gguf	blk.23.ffn_up_exps.weight	21	360448000	2560x640x512
Swift-Qwen3.8-Flash-Next-GSQ-RCO-IQ3_XXS-00002-of-00002.gguf	blk.23.ffn_up_shexp.weight	23	870400	2560x640
Swift-Qwen3.8-Flash-Next-GSQ-RCO-IQ3_XXS-00002-of-00002.gguf	blk.23.hc_attn_down.weight	30	6553600	10240x320
Swift-Qwen3.8-Flash-Next-GSQ-RCO-IQ3_XXS-00002-of-00002.gguf	blk.23.hc_attn_inject.weight	30	81920	10240x4
Swift-Qwen3.8-Flash-Next-GSQ-RCO-IQ3_XXS-00002-of-00002.gguf	blk.23.hc_attn_norm.weight	0	40960	10240
Swift-Qwen3.8-Flash-Next-GSQ-RCO-IQ3_XXS-00002-of-00002.gguf	blk.23.hc_attn_up.weight	30	6553600	320x10240
Swift-Qwen3.8-Flash-Next-GSQ-RCO-IQ3_XXS-00002-of-00002.gguf	blk.23.hc_ffn_down.weight	30	6553600	10240x320
Swift-Qwen3.8-Flash-Next-GSQ-RCO-IQ3_XXS-00002-of-00002.gguf	blk.23.hc_ffn_inject.weight	30	81920	10240x4
Swift-Qwen3.8-Flash-Next-GSQ-RCO-IQ3_XXS-00002-of-00002.gguf	blk.23.hc_ffn_norm.weight	0	40960	10240
Swift-Qwen3.8-Flash-Next-GSQ-RCO-IQ3_XXS-00002-of-00002.gguf	blk.23.hc_ffn_up.weight	30	6553600	320x10240
Swift-Qwen3.8-Flash-Next-GSQ-RCO-IQ3_XXS-00002-of-00002.gguf	blk.23.indexer.k_norm.weight	0	512	128
Swift-Qwen3.8-Flash-Next-GSQ-RCO-IQ3_XXS-00002-of-00002.gguf	blk.23.indexer.k_proj.weight	30	655360	2560x128
Swift-Qwen3.8-Flash-Next-GSQ-RCO-IQ3_XXS-00002-of-00002.gguf	blk.23.indexer.q_norm.weight	0	512	128
Swift-Qwen3.8-Flash-Next-GSQ-RCO-IQ3_XXS-00002-of-00002.gguf	blk.23.indexer.q_proj.weight	30	2621440	2560x512
Swift-Qwen3.8-Flash-Next-GSQ-RCO-IQ3_XXS-00002-of-00002.gguf	blk.24.attn_gate.weight	12	8847360	2560x6144
Swift-Qwen3.8-Flash-Next-GSQ-RCO-IQ3_XXS-00002-of-00002.gguf	blk.24.attn_qkv.weight	14	21504000	2560x10240
Swift-Qwen3.8-Flash-Next-GSQ-RCO-IQ3_XXS-00002-of-00002.gguf	blk.24.ffn_down_exps.weight	42	235929600	640x2560x512
Swift-Qwen3.8-Flash-Next-GSQ-RCO-IQ3_XXS-00002-of-00002.gguf	blk.24.ffn_down_shexp.weight	20	921600	640x2560
Swift-Qwen3.8-Flash-Next-GSQ-RCO-IQ3_XXS-00002-of-00002.gguf	blk.24.ffn_gate_exps.weight	21	360448000	2560x640x512
Swift-Qwen3.8-Flash-Next-GSQ-RCO-IQ3_XXS-00002-of-00002.gguf	blk.24.ffn_gate_inp.weight	0	5242880	2560x512
Swift-Qwen3.8-Flash-Next-GSQ-RCO-IQ3_XXS-00002-of-00002.gguf	blk.24.ffn_gate_inp_shexp.weight	0	10240	2560
Swift-Qwen3.8-Flash-Next-GSQ-RCO-IQ3_XXS-00002-of-00002.gguf	blk.24.ffn_gate_shexp.weight	21	704000	2560x640
Swift-Qwen3.8-Flash-Next-GSQ-RCO-IQ3_XXS-00002-of-00002.gguf	blk.24.ffn_up_exps.weight	21	360448000	2560x640x512
Swift-Qwen3.8-Flash-Next-GSQ-RCO-IQ3_XXS-00002-of-00002.gguf	blk.24.ffn_up_shexp.weight	21	704000	2560x640
Swift-Qwen3.8-Flash-Next-GSQ-RCO-IQ3_XXS-00002-of-00002.gguf	blk.24.hc_attn_down.weight	30	6553600	10240x320
Swift-Qwen3.8-Flash-Next-GSQ-RCO-IQ3_XXS-00002-of-00002.gguf	blk.24.hc_attn_inject.weight	30	81920	10240x4
Swift-Qwen3.8-Flash-Next-GSQ-RCO-IQ3_XXS-00002-of-00002.gguf	blk.24.hc_attn_norm.weight	0	40960	10240
Swift-Qwen3.8-Flash-Next-GSQ-RCO-IQ3_XXS-00002-of-00002.gguf	blk.24.hc_attn_up.weight	30	6553600	320x10240
Swift-Qwen3.8-Flash-Next-GSQ-RCO-IQ3_XXS-00002-of-00002.gguf	blk.24.hc_ffn_down.weight	30	6553600	10240x320
Swift-Qwen3.8-Flash-Next-GSQ-RCO-IQ3_XXS-00002-of-00002.gguf	blk.24.hc_ffn_inject.weight	30	81920	10240x4
Swift-Qwen3.8-Flash-Next-GSQ-RCO-IQ3_XXS-00002-of-00002.gguf	blk.24.hc_ffn_norm.weight	0	40960	10240
Swift-Qwen3.8-Flash-Next-GSQ-RCO-IQ3_XXS-00002-of-00002.gguf	blk.24.hc_ffn_up.weight	30	6553600	320x10240
Swift-Qwen3.8-Flash-Next-GSQ-RCO-IQ3_XXS-00002-of-00002.gguf	blk.24.ssm_a	0	192	48
Swift-Qwen3.8-Flash-Next-GSQ-RCO-IQ3_XXS-00002-of-00002.gguf	blk.24.ssm_alpha.weight	30	245760	2560x48
Swift-Qwen3.8-Flash-Next-GSQ-RCO-IQ3_XXS-00002-of-00002.gguf	blk.24.ssm_beta.weight	30	245760	2560x48
Swift-Qwen3.8-Flash-Next-GSQ-RCO-IQ3_XXS-00002-of-00002.gguf	blk.24.ssm_conv1d.weight	0	163840	4x10240
Swift-Qwen3.8-Flash-Next-GSQ-RCO-IQ3_XXS-00002-of-00002.gguf	blk.24.ssm_dt.bias	0	192	48
Swift-Qwen3.8-Flash-Next-GSQ-RCO-IQ3_XXS-00002-of-00002.gguf	blk.24.ssm_norm.weight	0	512	128
Swift-Qwen3.8-Flash-Next-GSQ-RCO-IQ3_XXS-00002-of-00002.gguf	blk.24.ssm_out.weight	21	6758400	6144x2560
Swift-Qwen3.8-Flash-Next-GSQ-RCO-IQ3_XXS-00002-of-00002.gguf	blk.25.attn_gate.weight	14	12902400	2560x6144
Swift-Qwen3.8-Flash-Next-GSQ-RCO-IQ3_XXS-00002-of-00002.gguf	blk.25.attn_qkv.weight	14	21504000	2560x10240
Swift-Qwen3.8-Flash-Next-GSQ-RCO-IQ3_XXS-00002-of-00002.gguf	blk.25.ffn_down_exps.weight	42	235929600	640x2560x512
Swift-Qwen3.8-Flash-Next-GSQ-RCO-IQ3_XXS-00002-of-00002.gguf	blk.25.ffn_down_shexp.weight	20	921600	640x2560
Swift-Qwen3.8-Flash-Next-GSQ-RCO-IQ3_XXS-00002-of-00002.gguf	blk.25.ffn_gate_exps.weight	17	242483200	2560x640x512
Swift-Qwen3.8-Flash-Next-GSQ-RCO-IQ3_XXS-00002-of-00002.gguf	blk.25.ffn_gate_inp.weight	0	5242880	2560x512
Swift-Qwen3.8-Flash-Next-GSQ-RCO-IQ3_XXS-00002-of-00002.gguf	blk.25.ffn_gate_inp_shexp.weight	0	10240	2560
Swift-Qwen3.8-Flash-Next-GSQ-RCO-IQ3_XXS-00002-of-00002.gguf	blk.25.ffn_gate_shexp.weight	23	870400	2560x640
Swift-Qwen3.8-Flash-Next-GSQ-RCO-IQ3_XXS-00002-of-00002.gguf	blk.25.ffn_up_exps.weight	17	242483200	2560x640x512
Swift-Qwen3.8-Flash-Next-GSQ-RCO-IQ3_XXS-00002-of-00002.gguf	blk.25.ffn_up_shexp.weight	23	870400	2560x640
Swift-Qwen3.8-Flash-Next-GSQ-RCO-IQ3_XXS-00002-of-00002.gguf	blk.25.hc_attn_down.weight	30	6553600	10240x320
Swift-Qwen3.8-Flash-Next-GSQ-RCO-IQ3_XXS-00002-of-00002.gguf	blk.25.hc_attn_inject.weight	30	81920	10240x4
Swift-Qwen3.8-Flash-Next-GSQ-RCO-IQ3_XXS-00002-of-00002.gguf	blk.25.hc_attn_norm.weight	0	40960	10240
Swift-Qwen3.8-Flash-Next-GSQ-RCO-IQ3_XXS-00002-of-00002.gguf	blk.25.hc_attn_up.weight	30	6553600	320x10240
Swift-Qwen3.8-Flash-Next-GSQ-RCO-IQ3_XXS-00002-of-00002.gguf	blk.25.hc_ffn_down.weight	30	6553600	10240x320
Swift-Qwen3.8-Flash-Next-GSQ-RCO-IQ3_XXS-00002-of-00002.gguf	blk.25.hc_ffn_inject.weight	30	81920	10240x4
Swift-Qwen3.8-Flash-Next-GSQ-RCO-IQ3_XXS-00002-of-00002.gguf	blk.25.hc_ffn_norm.weight	0	40960	10240
Swift-Qwen3.8-Flash-Next-GSQ-RCO-IQ3_XXS-00002-of-00002.gguf	blk.25.hc_ffn_up.weight	30	6553600	320x10240
Swift-Qwen3.8-Flash-Next-GSQ-RCO-IQ3_XXS-00002-of-00002.gguf	blk.25.ssm_a	0	192	48
Swift-Qwen3.8-Flash-Next-GSQ-RCO-IQ3_XXS-00002-of-00002.gguf	blk.25.ssm_alpha.weight	30	245760	2560x48
Swift-Qwen3.8-Flash-Next-GSQ-RCO-IQ3_XXS-00002-of-00002.gguf	blk.25.ssm_beta.weight	30	245760	2560x48
Swift-Qwen3.8-Flash-Next-GSQ-RCO-IQ3_XXS-00002-of-00002.gguf	blk.25.ssm_conv1d.weight	0	163840	4x10240
Swift-Qwen3.8-Flash-Next-GSQ-RCO-IQ3_XXS-00002-of-00002.gguf	blk.25.ssm_dt.bias	0	192	48
Swift-Qwen3.8-Flash-Next-GSQ-RCO-IQ3_XXS-00002-of-00002.gguf	blk.25.ssm_norm.weight	0	512	128
Swift-Qwen3.8-Flash-Next-GSQ-RCO-IQ3_XXS-00002-of-00002.gguf	blk.25.ssm_out.weight	14	12902400	6144x2560
Swift-Qwen3.8-Flash-Next-GSQ-RCO-IQ3_XXS-00002-of-00002.gguf	blk.26.attn_gate.weight	12	8847360	2560x6144
Swift-Qwen3.8-Flash-Next-GSQ-RCO-IQ3_XXS-00002-of-00002.gguf	blk.26.attn_qkv.weight	12	14745600	2560x10240
Swift-Qwen3.8-Flash-Next-GSQ-RCO-IQ3_XXS-00002-of-00002.gguf	blk.26.ffn_down_exps.weight	42	235929600	640x2560x512
Swift-Qwen3.8-Flash-Next-GSQ-RCO-IQ3_XXS-00002-of-00002.gguf	blk.26.ffn_down_shexp.weight	20	921600	640x2560
Swift-Qwen3.8-Flash-Next-GSQ-RCO-IQ3_XXS-00002-of-00002.gguf	blk.26.ffn_gate_exps.weight	22	268697600	2560x640x512
Swift-Qwen3.8-Flash-Next-GSQ-RCO-IQ3_XXS-00002-of-00002.gguf	blk.26.ffn_gate_inp.weight	0	5242880	2560x512
Swift-Qwen3.8-Flash-Next-GSQ-RCO-IQ3_XXS-00002-of-00002.gguf	blk.26.ffn_gate_inp_shexp.weight	0	10240	2560
Swift-Qwen3.8-Flash-Next-GSQ-RCO-IQ3_XXS-00002-of-00002.gguf	blk.26.ffn_gate_shexp.weight	12	921600	2560x640
Swift-Qwen3.8-Flash-Next-GSQ-RCO-IQ3_XXS-00002-of-00002.gguf	blk.26.ffn_up_exps.weight	22	268697600	2560x640x512
Swift-Qwen3.8-Flash-Next-GSQ-RCO-IQ3_XXS-00002-of-00002.gguf	blk.26.ffn_up_shexp.weight	21	704000	2560x640
Swift-Qwen3.8-Flash-Next-GSQ-RCO-IQ3_XXS-00002-of-00002.gguf	blk.26.hc_attn_down.weight	30	6553600	10240x320
Swift-Qwen3.8-Flash-Next-GSQ-RCO-IQ3_XXS-00002-of-00002.gguf	blk.26.hc_attn_inject.weight	30	81920	10240x4
Swift-Qwen3.8-Flash-Next-GSQ-RCO-IQ3_XXS-00002-of-00002.gguf	blk.26.hc_attn_norm.weight	0	40960	10240
Swift-Qwen3.8-Flash-Next-GSQ-RCO-IQ3_XXS-00002-of-00002.gguf	blk.26.hc_attn_up.weight	30	6553600	320x10240
Swift-Qwen3.8-Flash-Next-GSQ-RCO-IQ3_XXS-00002-of-00002.gguf	blk.26.hc_ffn_down.weight	30	6553600	10240x320
Swift-Qwen3.8-Flash-Next-GSQ-RCO-IQ3_XXS-00002-of-00002.gguf	blk.26.hc_ffn_inject.weight	30	81920	10240x4
Swift-Qwen3.8-Flash-Next-GSQ-RCO-IQ3_XXS-00002-of-00002.gguf	blk.26.hc_ffn_norm.weight	0	40960	10240
Swift-Qwen3.8-Flash-Next-GSQ-RCO-IQ3_XXS-00002-of-00002.gguf	blk.26.hc_ffn_up.weight	30	6553600	320x10240
Swift-Qwen3.8-Flash-Next-GSQ-RCO-IQ3_XXS-00002-of-00002.gguf	blk.26.ssm_a	0	192	48
Swift-Qwen3.8-Flash-Next-GSQ-RCO-IQ3_XXS-00002-of-00002.gguf	blk.26.ssm_alpha.weight	30	245760	2560x48
Swift-Qwen3.8-Flash-Next-GSQ-RCO-IQ3_XXS-00002-of-00002.gguf	blk.26.ssm_beta.weight	30	245760	2560x48
Swift-Qwen3.8-Flash-Next-GSQ-RCO-IQ3_XXS-00002-of-00002.gguf	blk.26.ssm_conv1d.weight	0	163840	4x10240
Swift-Qwen3.8-Flash-Next-GSQ-RCO-IQ3_XXS-00002-of-00002.gguf	blk.26.ssm_dt.bias	0	192	48
Swift-Qwen3.8-Flash-Next-GSQ-RCO-IQ3_XXS-00002-of-00002.gguf	blk.26.ssm_norm.weight	0	512	128
Swift-Qwen3.8-Flash-Next-GSQ-RCO-IQ3_XXS-00002-of-00002.gguf	blk.26.ssm_out.weight	12	8847360	6144x2560
Swift-Qwen3.8-Flash-Next-GSQ-RCO-IQ3_XXS-00002-of-00002.gguf	blk.27.attn_k.weight	14	1075200	2560x512
Swift-Qwen3.8-Flash-Next-GSQ-RCO-IQ3_XXS-00002-of-00002.gguf	blk.27.attn_k_norm.weight	0	1024	256
Swift-Qwen3.8-Flash-Next-GSQ-RCO-IQ3_XXS-00002-of-00002.gguf	blk.27.attn_output.weight	14	12902400	6144x2560
Swift-Qwen3.8-Flash-Next-GSQ-RCO-IQ3_XXS-00002-of-00002.gguf	blk.27.attn_q.weight	14	25804800	2560x12288
Swift-Qwen3.8-Flash-Next-GSQ-RCO-IQ3_XXS-00002-of-00002.gguf	blk.27.attn_q_norm.weight	0	1024	256
Swift-Qwen3.8-Flash-Next-GSQ-RCO-IQ3_XXS-00002-of-00002.gguf	blk.27.attn_v.weight	14	1075200	2560x512
Swift-Qwen3.8-Flash-Next-GSQ-RCO-IQ3_XXS-00002-of-00002.gguf	blk.27.ffn_down_exps.weight	42	235929600	640x2560x512
Swift-Qwen3.8-Flash-Next-GSQ-RCO-IQ3_XXS-00002-of-00002.gguf	blk.27.ffn_down_shexp.weight	20	921600	640x2560
Swift-Qwen3.8-Flash-Next-GSQ-RCO-IQ3_XXS-00002-of-00002.gguf	blk.27.ffn_gate_exps.weight	16	216268800	2560x640x512
Swift-Qwen3.8-Flash-Next-GSQ-RCO-IQ3_XXS-00002-of-00002.gguf	blk.27.ffn_gate_inp.weight	0	5242880	2560x512
Swift-Qwen3.8-Flash-Next-GSQ-RCO-IQ3_XXS-00002-of-00002.gguf	blk.27.ffn_gate_inp_shexp.weight	0	10240	2560
Swift-Qwen3.8-Flash-Next-GSQ-RCO-IQ3_XXS-00002-of-00002.gguf	blk.27.ffn_gate_shexp.weight	23	870400	2560x640
Swift-Qwen3.8-Flash-Next-GSQ-RCO-IQ3_XXS-00002-of-00002.gguf	blk.27.ffn_up_exps.weight	16	216268800	2560x640x512
Swift-Qwen3.8-Flash-Next-GSQ-RCO-IQ3_XXS-00002-of-00002.gguf	blk.27.ffn_up_shexp.weight	21	704000	2560x640
Swift-Qwen3.8-Flash-Next-GSQ-RCO-IQ3_XXS-00002-of-00002.gguf	blk.27.hc_attn_down.weight	30	6553600	10240x320
Swift-Qwen3.8-Flash-Next-GSQ-RCO-IQ3_XXS-00002-of-00002.gguf	blk.27.hc_attn_inject.weight	30	81920	10240x4
Swift-Qwen3.8-Flash-Next-GSQ-RCO-IQ3_XXS-00002-of-00002.gguf	blk.27.hc_attn_norm.weight	0	40960	10240
Swift-Qwen3.8-Flash-Next-GSQ-RCO-IQ3_XXS-00002-of-00002.gguf	blk.27.hc_attn_up.weight	30	6553600	320x10240
Swift-Qwen3.8-Flash-Next-GSQ-RCO-IQ3_XXS-00002-of-00002.gguf	blk.27.hc_ffn_down.weight	30	6553600	10240x320
Swift-Qwen3.8-Flash-Next-GSQ-RCO-IQ3_XXS-00002-of-00002.gguf	blk.27.hc_ffn_inject.weight	30	81920	10240x4
Swift-Qwen3.8-Flash-Next-GSQ-RCO-IQ3_XXS-00002-of-00002.gguf	blk.27.hc_ffn_norm.weight	0	40960	10240
Swift-Qwen3.8-Flash-Next-GSQ-RCO-IQ3_XXS-00002-of-00002.gguf	blk.27.hc_ffn_up.weight	30	6553600	320x10240
Swift-Qwen3.8-Flash-Next-GSQ-RCO-IQ3_XXS-00002-of-00002.gguf	blk.27.indexer.k_norm.weight	0	512	128
Swift-Qwen3.8-Flash-Next-GSQ-RCO-IQ3_XXS-00002-of-00002.gguf	blk.27.indexer.k_proj.weight	30	655360	2560x128
Swift-Qwen3.8-Flash-Next-GSQ-RCO-IQ3_XXS-00002-of-00002.gguf	blk.27.indexer.q_norm.weight	0	512	128
Swift-Qwen3.8-Flash-Next-GSQ-RCO-IQ3_XXS-00002-of-00002.gguf	blk.27.indexer.q_proj.weight	30	2621440	2560x512
Swift-Qwen3.8-Flash-Next-GSQ-RCO-IQ3_XXS-00002-of-00002.gguf	blk.28.attn_gate.weight	14	12902400	2560x6144
Swift-Qwen3.8-Flash-Next-GSQ-RCO-IQ3_XXS-00002-of-00002.gguf	blk.28.attn_qkv.weight	23	13926400	2560x10240
Swift-Qwen3.8-Flash-Next-GSQ-RCO-IQ3_XXS-00002-of-00002.gguf	blk.28.ffn_down_exps.weight	20	471859200	640x2560x512
Swift-Qwen3.8-Flash-Next-GSQ-RCO-IQ3_XXS-00002-of-00002.gguf	blk.28.ffn_down_shexp.weight	20	921600	640x2560
Swift-Qwen3.8-Flash-Next-GSQ-RCO-IQ3_XXS-00002-of-00002.gguf	blk.28.ffn_gate_exps.weight	21	360448000	2560x640x512
Swift-Qwen3.8-Flash-Next-GSQ-RCO-IQ3_XXS-00002-of-00002.gguf	blk.28.ffn_gate_inp.weight	0	5242880	2560x512
Swift-Qwen3.8-Flash-Next-GSQ-RCO-IQ3_XXS-00002-of-00002.gguf	blk.28.ffn_gate_inp_shexp.weight	0	10240	2560
Swift-Qwen3.8-Flash-Next-GSQ-RCO-IQ3_XXS-00002-of-00002.gguf	blk.28.ffn_gate_shexp.weight	21	704000	2560x640
Swift-Qwen3.8-Flash-Next-GSQ-RCO-IQ3_XXS-00002-of-00002.gguf	blk.28.ffn_up_exps.weight	21	360448000	2560x640x512
Swift-Qwen3.8-Flash-Next-GSQ-RCO-IQ3_XXS-00002-of-00002.gguf	blk.28.ffn_up_shexp.weight	21	704000	2560x640
Swift-Qwen3.8-Flash-Next-GSQ-RCO-IQ3_XXS-00002-of-00002.gguf	blk.28.hc_attn_down.weight	30	6553600	10240x320
Swift-Qwen3.8-Flash-Next-GSQ-RCO-IQ3_XXS-00002-of-00002.gguf	blk.28.hc_attn_inject.weight	30	81920	10240x4
Swift-Qwen3.8-Flash-Next-GSQ-RCO-IQ3_XXS-00002-of-00002.gguf	blk.28.hc_attn_norm.weight	0	40960	10240
Swift-Qwen3.8-Flash-Next-GSQ-RCO-IQ3_XXS-00002-of-00002.gguf	blk.28.hc_attn_up.weight	30	6553600	320x10240
Swift-Qwen3.8-Flash-Next-GSQ-RCO-IQ3_XXS-00002-of-00002.gguf	blk.28.hc_ffn_down.weight	30	6553600	10240x320
Swift-Qwen3.8-Flash-Next-GSQ-RCO-IQ3_XXS-00002-of-00002.gguf	blk.28.hc_ffn_inject.weight	30	81920	10240x4
Swift-Qwen3.8-Flash-Next-GSQ-RCO-IQ3_XXS-00002-of-00002.gguf	blk.28.hc_ffn_norm.weight	0	40960	10240
Swift-Qwen3.8-Flash-Next-GSQ-RCO-IQ3_XXS-00002-of-00002.gguf	blk.28.hc_ffn_up.weight	30	6553600	320x10240
Swift-Qwen3.8-Flash-Next-GSQ-RCO-IQ3_XXS-00002-of-00002.gguf	blk.28.ssm_a	0	192	48
Swift-Qwen3.8-Flash-Next-GSQ-RCO-IQ3_XXS-00002-of-00002.gguf	blk.28.ssm_alpha.weight	30	245760	2560x48
Swift-Qwen3.8-Flash-Next-GSQ-RCO-IQ3_XXS-00002-of-00002.gguf	blk.28.ssm_beta.weight	30	245760	2560x48
Swift-Qwen3.8-Flash-Next-GSQ-RCO-IQ3_XXS-00002-of-00002.gguf	blk.28.ssm_conv1d.weight	0	163840	4x10240
Swift-Qwen3.8-Flash-Next-GSQ-RCO-IQ3_XXS-00002-of-00002.gguf	blk.28.ssm_dt.bias	0	192	48
Swift-Qwen3.8-Flash-Next-GSQ-RCO-IQ3_XXS-00002-of-00002.gguf	blk.28.ssm_norm.weight	0	512	128
Swift-Qwen3.8-Flash-Next-GSQ-RCO-IQ3_XXS-00002-of-00002.gguf	blk.28.ssm_out.weight	14	12902400	6144x2560
Swift-Qwen3.8-Flash-Next-GSQ-RCO-IQ3_XXS-00002-of-00002.gguf	blk.29.attn_gate.weight	12	8847360	2560x6144
Swift-Qwen3.8-Flash-Next-GSQ-RCO-IQ3_XXS-00002-of-00002.gguf	blk.29.attn_qkv.weight	13	18022400	2560x10240
Swift-Qwen3.8-Flash-Next-GSQ-RCO-IQ3_XXS-00002-of-00002.gguf	blk.29.ffn_down_exps.weight	20	471859200	640x2560x512
Swift-Qwen3.8-Flash-Next-GSQ-RCO-IQ3_XXS-00002-of-00002.gguf	blk.29.ffn_down_shexp.weight	20	921600	640x2560
Swift-Qwen3.8-Flash-Next-GSQ-RCO-IQ3_XXS-00002-of-00002.gguf	blk.29.ffn_gate_exps.weight	22	268697600	2560x640x512
Swift-Qwen3.8-Flash-Next-GSQ-RCO-IQ3_XXS-00002-of-00002.gguf	blk.29.ffn_gate_inp.weight	0	5242880	2560x512
Swift-Qwen3.8-Flash-Next-GSQ-RCO-IQ3_XXS-00002-of-00002.gguf	blk.29.ffn_gate_inp_shexp.weight	0	10240	2560
Swift-Qwen3.8-Flash-Next-GSQ-RCO-IQ3_XXS-00002-of-00002.gguf	blk.29.ffn_gate_shexp.weight	23	870400	2560x640
Swift-Qwen3.8-Flash-Next-GSQ-RCO-IQ3_XXS-00002-of-00002.gguf	blk.29.ffn_up_exps.weight	22	268697600	2560x640x512
Swift-Qwen3.8-Flash-Next-GSQ-RCO-IQ3_XXS-00002-of-00002.gguf	blk.29.ffn_up_shexp.weight	21	704000	2560x640
Swift-Qwen3.8-Flash-Next-GSQ-RCO-IQ3_XXS-00002-of-00002.gguf	blk.29.hc_attn_down.weight	30	6553600	10240x320
Swift-Qwen3.8-Flash-Next-GSQ-RCO-IQ3_XXS-00002-of-00002.gguf	blk.29.hc_attn_inject.weight	30	81920	10240x4
Swift-Qwen3.8-Flash-Next-GSQ-RCO-IQ3_XXS-00002-of-00002.gguf	blk.29.hc_attn_norm.weight	0	40960	10240
Swift-Qwen3.8-Flash-Next-GSQ-RCO-IQ3_XXS-00002-of-00002.gguf	blk.29.hc_attn_up.weight	30	6553600	320x10240
Swift-Qwen3.8-Flash-Next-GSQ-RCO-IQ3_XXS-00002-of-00002.gguf	blk.29.hc_ffn_down.weight	30	6553600	10240x320
Swift-Qwen3.8-Flash-Next-GSQ-RCO-IQ3_XXS-00002-of-00002.gguf	blk.29.hc_ffn_inject.weight	30	81920	10240x4
Swift-Qwen3.8-Flash-Next-GSQ-RCO-IQ3_XXS-00002-of-00002.gguf	blk.29.hc_ffn_norm.weight	0	40960	10240
Swift-Qwen3.8-Flash-Next-GSQ-RCO-IQ3_XXS-00002-of-00002.gguf	blk.29.hc_ffn_up.weight	30	6553600	320x10240
Swift-Qwen3.8-Flash-Next-GSQ-RCO-IQ3_XXS-00002-of-00002.gguf	blk.29.ssm_a	0	192	48
Swift-Qwen3.8-Flash-Next-GSQ-RCO-IQ3_XXS-00002-of-00002.gguf	blk.29.ssm_alpha.weight	30	245760	2560x48
Swift-Qwen3.8-Flash-Next-GSQ-RCO-IQ3_XXS-00002-of-00002.gguf	blk.29.ssm_beta.weight	30	245760	2560x48
Swift-Qwen3.8-Flash-Next-GSQ-RCO-IQ3_XXS-00002-of-00002.gguf	blk.29.ssm_conv1d.weight	0	163840	4x10240
Swift-Qwen3.8-Flash-Next-GSQ-RCO-IQ3_XXS-00002-of-00002.gguf	blk.29.ssm_dt.bias	0	192	48
Swift-Qwen3.8-Flash-Next-GSQ-RCO-IQ3_XXS-00002-of-00002.gguf	blk.29.ssm_norm.weight	0	512	128
Swift-Qwen3.8-Flash-Next-GSQ-RCO-IQ3_XXS-00002-of-00002.gguf	blk.29.ssm_out.weight	14	12902400	6144x2560
Swift-Qwen3.8-Flash-Next-GSQ-RCO-IQ3_XXS-00002-of-00002.gguf	blk.30.attn_gate.weight	12	8847360	2560x6144
Swift-Qwen3.8-Flash-Next-GSQ-RCO-IQ3_XXS-00002-of-00002.gguf	blk.30.attn_qkv.weight	14	21504000	2560x10240
Swift-Qwen3.8-Flash-Next-GSQ-RCO-IQ3_XXS-00002-of-00002.gguf	blk.30.ffn_down_exps.weight	20	471859200	640x2560x512
Swift-Qwen3.8-Flash-Next-GSQ-RCO-IQ3_XXS-00002-of-00002.gguf	blk.30.ffn_down_shexp.weight	20	921600	640x2560
Swift-Qwen3.8-Flash-Next-GSQ-RCO-IQ3_XXS-00002-of-00002.gguf	blk.30.ffn_gate_exps.weight	21	360448000	2560x640x512
Swift-Qwen3.8-Flash-Next-GSQ-RCO-IQ3_XXS-00002-of-00002.gguf	blk.30.ffn_gate_inp.weight	0	5242880	2560x512
Swift-Qwen3.8-Flash-Next-GSQ-RCO-IQ3_XXS-00002-of-00002.gguf	blk.30.ffn_gate_inp_shexp.weight	0	10240	2560
Swift-Qwen3.8-Flash-Next-GSQ-RCO-IQ3_XXS-00002-of-00002.gguf	blk.30.ffn_gate_shexp.weight	23	870400	2560x640
Swift-Qwen3.8-Flash-Next-GSQ-RCO-IQ3_XXS-00002-of-00002.gguf	blk.30.ffn_up_exps.weight	21	360448000	2560x640x512
Swift-Qwen3.8-Flash-Next-GSQ-RCO-IQ3_XXS-00002-of-00002.gguf	blk.30.ffn_up_shexp.weight	12	921600	2560x640
Swift-Qwen3.8-Flash-Next-GSQ-RCO-IQ3_XXS-00002-of-00002.gguf	blk.30.hc_attn_down.weight	30	6553600	10240x320
Swift-Qwen3.8-Flash-Next-GSQ-RCO-IQ3_XXS-00002-of-00002.gguf	blk.30.hc_attn_inject.weight	30	81920	10240x4
Swift-Qwen3.8-Flash-Next-GSQ-RCO-IQ3_XXS-00002-of-00002.gguf	blk.30.hc_attn_norm.weight	0	40960	10240
Swift-Qwen3.8-Flash-Next-GSQ-RCO-IQ3_XXS-00002-of-00002.gguf	blk.30.hc_attn_up.weight	30	6553600	320x10240
Swift-Qwen3.8-Flash-Next-GSQ-RCO-IQ3_XXS-00002-of-00002.gguf	blk.30.hc_ffn_down.weight	30	6553600	10240x320
Swift-Qwen3.8-Flash-Next-GSQ-RCO-IQ3_XXS-00002-of-00002.gguf	blk.30.hc_ffn_inject.weight	30	81920	10240x4
Swift-Qwen3.8-Flash-Next-GSQ-RCO-IQ3_XXS-00002-of-00002.gguf	blk.30.hc_ffn_norm.weight	0	40960	10240
Swift-Qwen3.8-Flash-Next-GSQ-RCO-IQ3_XXS-00002-of-00002.gguf	blk.30.hc_ffn_up.weight	30	6553600	320x10240
Swift-Qwen3.8-Flash-Next-GSQ-RCO-IQ3_XXS-00002-of-00002.gguf	blk.30.ssm_a	0	192	48
Swift-Qwen3.8-Flash-Next-GSQ-RCO-IQ3_XXS-00002-of-00002.gguf	blk.30.ssm_alpha.weight	30	245760	2560x48
Swift-Qwen3.8-Flash-Next-GSQ-RCO-IQ3_XXS-00002-of-00002.gguf	blk.30.ssm_beta.weight	30	245760	2560x48
Swift-Qwen3.8-Flash-Next-GSQ-RCO-IQ3_XXS-00002-of-00002.gguf	blk.30.ssm_conv1d.weight	0	163840	4x10240
Swift-Qwen3.8-Flash-Next-GSQ-RCO-IQ3_XXS-00002-of-00002.gguf	blk.30.ssm_dt.bias	0	192	48
Swift-Qwen3.8-Flash-Next-GSQ-RCO-IQ3_XXS-00002-of-00002.gguf	blk.30.ssm_norm.weight	0	512	128
Swift-Qwen3.8-Flash-Next-GSQ-RCO-IQ3_XXS-00002-of-00002.gguf	blk.30.ssm_out.weight	14	12902400	6144x2560
Swift-Qwen3.8-Flash-Next-GSQ-RCO-IQ3_XXS-00002-of-00002.gguf	blk.31.attn_k.weight	14	1075200	2560x512
Swift-Qwen3.8-Flash-Next-GSQ-RCO-IQ3_XXS-00002-of-00002.gguf	blk.31.attn_k_norm.weight	0	1024	256
Swift-Qwen3.8-Flash-Next-GSQ-RCO-IQ3_XXS-00002-of-00002.gguf	blk.31.attn_output.weight	14	12902400	6144x2560
Swift-Qwen3.8-Flash-Next-GSQ-RCO-IQ3_XXS-00002-of-00002.gguf	blk.31.attn_q.weight	14	25804800	2560x12288
Swift-Qwen3.8-Flash-Next-GSQ-RCO-IQ3_XXS-00002-of-00002.gguf	blk.31.attn_q_norm.weight	0	1024	256
Swift-Qwen3.8-Flash-Next-GSQ-RCO-IQ3_XXS-00002-of-00002.gguf	blk.31.attn_v.weight	14	1075200	2560x512
Swift-Qwen3.8-Flash-Next-GSQ-RCO-IQ3_XXS-00002-of-00002.gguf	blk.31.ffn_down_exps.weight	20	471859200	640x2560x512
Swift-Qwen3.8-Flash-Next-GSQ-RCO-IQ3_XXS-00002-of-00002.gguf	blk.31.ffn_down_shexp.weight	20	921600	640x2560
Swift-Qwen3.8-Flash-Next-GSQ-RCO-IQ3_XXS-00002-of-00002.gguf	blk.31.ffn_gate_exps.weight	16	216268800	2560x640x512
Swift-Qwen3.8-Flash-Next-GSQ-RCO-IQ3_XXS-00002-of-00002.gguf	blk.31.ffn_gate_inp.weight	0	5242880	2560x512
Swift-Qwen3.8-Flash-Next-GSQ-RCO-IQ3_XXS-00002-of-00002.gguf	blk.31.ffn_gate_inp_shexp.weight	0	10240	2560
Swift-Qwen3.8-Flash-Next-GSQ-RCO-IQ3_XXS-00002-of-00002.gguf	blk.31.ffn_gate_shexp.weight	23	870400	2560x640
Swift-Qwen3.8-Flash-Next-GSQ-RCO-IQ3_XXS-00002-of-00002.gguf	blk.31.ffn_up_exps.weight	16	216268800	2560x640x512
Swift-Qwen3.8-Flash-Next-GSQ-RCO-IQ3_XXS-00002-of-00002.gguf	blk.31.ffn_up_shexp.weight	21	704000	2560x640
Swift-Qwen3.8-Flash-Next-GSQ-RCO-IQ3_XXS-00002-of-00002.gguf	blk.31.hc_attn_down.weight	30	6553600	10240x320
Swift-Qwen3.8-Flash-Next-GSQ-RCO-IQ3_XXS-00002-of-00002.gguf	blk.31.hc_attn_inject.weight	30	81920	10240x4
Swift-Qwen3.8-Flash-Next-GSQ-RCO-IQ3_XXS-00002-of-00002.gguf	blk.31.hc_attn_norm.weight	0	40960	10240
Swift-Qwen3.8-Flash-Next-GSQ-RCO-IQ3_XXS-00002-of-00002.gguf	blk.31.hc_attn_up.weight	30	6553600	320x10240
Swift-Qwen3.8-Flash-Next-GSQ-RCO-IQ3_XXS-00002-of-00002.gguf	blk.31.hc_ffn_down.weight	30	6553600	10240x320
Swift-Qwen3.8-Flash-Next-GSQ-RCO-IQ3_XXS-00002-of-00002.gguf	blk.31.hc_ffn_inject.weight	30	81920	10240x4
Swift-Qwen3.8-Flash-Next-GSQ-RCO-IQ3_XXS-00002-of-00002.gguf	blk.31.hc_ffn_norm.weight	0	40960	10240
Swift-Qwen3.8-Flash-Next-GSQ-RCO-IQ3_XXS-00002-of-00002.gguf	blk.31.hc_ffn_up.weight	30	6553600	320x10240
Swift-Qwen3.8-Flash-Next-GSQ-RCO-IQ3_XXS-00002-of-00002.gguf	blk.31.indexer.k_norm.weight	0	512	128
Swift-Qwen3.8-Flash-Next-GSQ-RCO-IQ3_XXS-00002-of-00002.gguf	blk.31.indexer.k_proj.weight	30	655360	2560x128
Swift-Qwen3.8-Flash-Next-GSQ-RCO-IQ3_XXS-00002-of-00002.gguf	blk.31.indexer.q_norm.weight	0	512	128
Swift-Qwen3.8-Flash-Next-GSQ-RCO-IQ3_XXS-00002-of-00002.gguf	blk.31.indexer.q_proj.weight	30	2621440	2560x512
Swift-Qwen3.8-Flash-Next-GSQ-RCO-IQ3_XXS-00002-of-00002.gguf	blk.32.attn_gate.weight	12	8847360	2560x6144
Swift-Qwen3.8-Flash-Next-GSQ-RCO-IQ3_XXS-00002-of-00002.gguf	blk.32.attn_qkv.weight	12	14745600	2560x10240
Swift-Qwen3.8-Flash-Next-GSQ-RCO-IQ3_XXS-00002-of-00002.gguf	blk.32.ffn_down_exps.weight	20	471859200	640x2560x512
Swift-Qwen3.8-Flash-Next-GSQ-RCO-IQ3_XXS-00002-of-00002.gguf	blk.32.ffn_down_shexp.weight	20	921600	640x2560
Swift-Qwen3.8-Flash-Next-GSQ-RCO-IQ3_XXS-00002-of-00002.gguf	blk.32.ffn_gate_exps.weight	21	360448000	2560x640x512
Swift-Qwen3.8-Flash-Next-GSQ-RCO-IQ3_XXS-00002-of-00002.gguf	blk.32.ffn_gate_inp.weight	0	5242880	2560x512
Swift-Qwen3.8-Flash-Next-GSQ-RCO-IQ3_XXS-00002-of-00002.gguf	blk.32.ffn_gate_inp_shexp.weight	0	10240	2560
Swift-Qwen3.8-Flash-Next-GSQ-RCO-IQ3_XXS-00002-of-00002.gguf	blk.32.ffn_gate_shexp.weight	12	921600	2560x640
Swift-Qwen3.8-Flash-Next-GSQ-RCO-IQ3_XXS-00002-of-00002.gguf	blk.32.ffn_up_exps.weight	21	360448000	2560x640x512
Swift-Qwen3.8-Flash-Next-GSQ-RCO-IQ3_XXS-00002-of-00002.gguf	blk.32.ffn_up_shexp.weight	21	704000	2560x640
Swift-Qwen3.8-Flash-Next-GSQ-RCO-IQ3_XXS-00002-of-00002.gguf	blk.32.hc_attn_down.weight	30	6553600	10240x320
Swift-Qwen3.8-Flash-Next-GSQ-RCO-IQ3_XXS-00002-of-00002.gguf	blk.32.hc_attn_inject.weight	30	81920	10240x4
Swift-Qwen3.8-Flash-Next-GSQ-RCO-IQ3_XXS-00002-of-00002.gguf	blk.32.hc_attn_norm.weight	0	40960	10240
Swift-Qwen3.8-Flash-Next-GSQ-RCO-IQ3_XXS-00002-of-00002.gguf	blk.32.hc_attn_up.weight	30	6553600	320x10240
Swift-Qwen3.8-Flash-Next-GSQ-RCO-IQ3_XXS-00002-of-00002.gguf	blk.32.hc_ffn_down.weight	30	6553600	10240x320
Swift-Qwen3.8-Flash-Next-GSQ-RCO-IQ3_XXS-00002-of-00002.gguf	blk.32.hc_ffn_inject.weight	30	81920	10240x4
Swift-Qwen3.8-Flash-Next-GSQ-RCO-IQ3_XXS-00002-of-00002.gguf	blk.32.hc_ffn_norm.weight	0	40960	10240
Swift-Qwen3.8-Flash-Next-GSQ-RCO-IQ3_XXS-00002-of-00002.gguf	blk.32.hc_ffn_up.weight	30	6553600	320x10240
Swift-Qwen3.8-Flash-Next-GSQ-RCO-IQ3_XXS-00002-of-00002.gguf	blk.32.ssm_a	0	192	48
Swift-Qwen3.8-Flash-Next-GSQ-RCO-IQ3_XXS-00002-of-00002.gguf	blk.32.ssm_alpha.weight	30	245760	2560x48
Swift-Qwen3.8-Flash-Next-GSQ-RCO-IQ3_XXS-00002-of-00002.gguf	blk.32.ssm_beta.weight	30	245760	2560x48
Swift-Qwen3.8-Flash-Next-GSQ-RCO-IQ3_XXS-00002-of-00002.gguf	blk.32.ssm_conv1d.weight	0	163840	4x10240
Swift-Qwen3.8-Flash-Next-GSQ-RCO-IQ3_XXS-00002-of-00002.gguf	blk.32.ssm_dt.bias	0	192	48
Swift-Qwen3.8-Flash-Next-GSQ-RCO-IQ3_XXS-00002-of-00002.gguf	blk.32.ssm_norm.weight	0	512	128
Swift-Qwen3.8-Flash-Next-GSQ-RCO-IQ3_XXS-00002-of-00002.gguf	blk.32.ssm_out.weight	14	12902400	6144x2560
Swift-Qwen3.8-Flash-Next-GSQ-RCO-IQ3_XXS-00002-of-00002.gguf	blk.33.attn_gate.weight	21	6758400	2560x6144
Swift-Qwen3.8-Flash-Next-GSQ-RCO-IQ3_XXS-00002-of-00002.gguf	blk.33.attn_qkv.weight	23	13926400	2560x10240
Swift-Qwen3.8-Flash-Next-GSQ-RCO-IQ3_XXS-00002-of-00002.gguf	blk.33.ffn_down_exps.weight	42	235929600	640x2560x512
Swift-Qwen3.8-Flash-Next-GSQ-RCO-IQ3_XXS-00002-of-00002.gguf	blk.33.ffn_down_shexp.weight	20	921600	640x2560
Swift-Qwen3.8-Flash-Next-GSQ-RCO-IQ3_XXS-00002-of-00002.gguf	blk.33.ffn_gate_exps.weight	21	360448000	2560x640x512
Swift-Qwen3.8-Flash-Next-GSQ-RCO-IQ3_XXS-00002-of-00002.gguf	blk.33.ffn_gate_inp.weight	0	5242880	2560x512
Swift-Qwen3.8-Flash-Next-GSQ-RCO-IQ3_XXS-00002-of-00002.gguf	blk.33.ffn_gate_inp_shexp.weight	0	10240	2560
Swift-Qwen3.8-Flash-Next-GSQ-RCO-IQ3_XXS-00002-of-00002.gguf	blk.33.ffn_gate_shexp.weight	23	870400	2560x640
Swift-Qwen3.8-Flash-Next-GSQ-RCO-IQ3_XXS-00002-of-00002.gguf	blk.33.ffn_up_exps.weight	21	360448000	2560x640x512
Swift-Qwen3.8-Flash-Next-GSQ-RCO-IQ3_XXS-00002-of-00002.gguf	blk.33.ffn_up_shexp.weight	12	921600	2560x640
Swift-Qwen3.8-Flash-Next-GSQ-RCO-IQ3_XXS-00002-of-00002.gguf	blk.33.hc_attn_down.weight	30	6553600	10240x320
Swift-Qwen3.8-Flash-Next-GSQ-RCO-IQ3_XXS-00002-of-00002.gguf	blk.33.hc_attn_inject.weight	30	81920	10240x4
Swift-Qwen3.8-Flash-Next-GSQ-RCO-IQ3_XXS-00002-of-00002.gguf	blk.33.hc_attn_norm.weight	0	40960	10240
Swift-Qwen3.8-Flash-Next-GSQ-RCO-IQ3_XXS-00002-of-00002.gguf	blk.33.hc_attn_up.weight	30	6553600	320x10240
Swift-Qwen3.8-Flash-Next-GSQ-RCO-IQ3_XXS-00002-of-00002.gguf	blk.33.hc_ffn_down.weight	30	6553600	10240x320
Swift-Qwen3.8-Flash-Next-GSQ-RCO-IQ3_XXS-00002-of-00002.gguf	blk.33.hc_ffn_inject.weight	30	81920	10240x4
Swift-Qwen3.8-Flash-Next-GSQ-RCO-IQ3_XXS-00002-of-00002.gguf	blk.33.hc_ffn_norm.weight	0	40960	10240
Swift-Qwen3.8-Flash-Next-GSQ-RCO-IQ3_XXS-00002-of-00002.gguf	blk.33.hc_ffn_up.weight	30	6553600	320x10240
Swift-Qwen3.8-Flash-Next-GSQ-RCO-IQ3_XXS-00002-of-00002.gguf	blk.33.ssm_a	0	192	48
Swift-Qwen3.8-Flash-Next-GSQ-RCO-IQ3_XXS-00002-of-00002.gguf	blk.33.ssm_alpha.weight	30	245760	2560x48
Swift-Qwen3.8-Flash-Next-GSQ-RCO-IQ3_XXS-00002-of-00002.gguf	blk.33.ssm_beta.weight	30	245760	2560x48
Swift-Qwen3.8-Flash-Next-GSQ-RCO-IQ3_XXS-00002-of-00002.gguf	blk.33.ssm_conv1d.weight	0	163840	4x10240
Swift-Qwen3.8-Flash-Next-GSQ-RCO-IQ3_XXS-00002-of-00002.gguf	blk.33.ssm_dt.bias	0	192	48
Swift-Qwen3.8-Flash-Next-GSQ-RCO-IQ3_XXS-00002-of-00002.gguf	blk.33.ssm_norm.weight	0	512	128
Swift-Qwen3.8-Flash-Next-GSQ-RCO-IQ3_XXS-00002-of-00002.gguf	blk.33.ssm_out.weight	14	12902400	6144x2560
Swift-Qwen3.8-Flash-Next-GSQ-RCO-IQ3_XXS-00002-of-00002.gguf	blk.34.attn_gate.weight	13	10813440	2560x6144
Swift-Qwen3.8-Flash-Next-GSQ-RCO-IQ3_XXS-00002-of-00002.gguf	blk.34.attn_qkv.weight	14	21504000	2560x10240
Swift-Qwen3.8-Flash-Next-GSQ-RCO-IQ3_XXS-00002-of-00002.gguf	blk.34.ffn_down_exps.weight	20	471859200	640x2560x512
Swift-Qwen3.8-Flash-Next-GSQ-RCO-IQ3_XXS-00002-of-00002.gguf	blk.34.ffn_down_shexp.weight	20	921600	640x2560
Swift-Qwen3.8-Flash-Next-GSQ-RCO-IQ3_XXS-00002-of-00002.gguf	blk.34.ffn_gate_exps.weight	21	360448000	2560x640x512
Swift-Qwen3.8-Flash-Next-GSQ-RCO-IQ3_XXS-00002-of-00002.gguf	blk.34.ffn_gate_inp.weight	0	5242880	2560x512
Swift-Qwen3.8-Flash-Next-GSQ-RCO-IQ3_XXS-00002-of-00002.gguf	blk.34.ffn_gate_inp_shexp.weight	0	10240	2560
Swift-Qwen3.8-Flash-Next-GSQ-RCO-IQ3_XXS-00002-of-00002.gguf	blk.34.ffn_gate_shexp.weight	12	921600	2560x640
Swift-Qwen3.8-Flash-Next-GSQ-RCO-IQ3_XXS-00002-of-00002.gguf	blk.34.ffn_up_exps.weight	21	360448000	2560x640x512
Swift-Qwen3.8-Flash-Next-GSQ-RCO-IQ3_XXS-00002-of-00002.gguf	blk.34.ffn_up_shexp.weight	23	870400	2560x640
Swift-Qwen3.8-Flash-Next-GSQ-RCO-IQ3_XXS-00002-of-00002.gguf	blk.34.hc_attn_down.weight	30	6553600	10240x320
Swift-Qwen3.8-Flash-Next-GSQ-RCO-IQ3_XXS-00002-of-00002.gguf	blk.34.hc_attn_inject.weight	30	81920	10240x4
Swift-Qwen3.8-Flash-Next-GSQ-RCO-IQ3_XXS-00002-of-00002.gguf	blk.34.hc_attn_norm.weight	0	40960	10240
Swift-Qwen3.8-Flash-Next-GSQ-RCO-IQ3_XXS-00002-of-00002.gguf	blk.34.hc_attn_up.weight	30	6553600	320x10240
Swift-Qwen3.8-Flash-Next-GSQ-RCO-IQ3_XXS-00002-of-00002.gguf	blk.34.hc_ffn_down.weight	30	6553600	10240x320
Swift-Qwen3.8-Flash-Next-GSQ-RCO-IQ3_XXS-00002-of-00002.gguf	blk.34.hc_ffn_inject.weight	30	81920	10240x4
Swift-Qwen3.8-Flash-Next-GSQ-RCO-IQ3_XXS-00002-of-00002.gguf	blk.34.hc_ffn_norm.weight	0	40960	10240
Swift-Qwen3.8-Flash-Next-GSQ-RCO-IQ3_XXS-00002-of-00002.gguf	blk.34.hc_ffn_up.weight	30	6553600	320x10240
Swift-Qwen3.8-Flash-Next-GSQ-RCO-IQ3_XXS-00002-of-00002.gguf	blk.34.ssm_a	0	192	48
Swift-Qwen3.8-Flash-Next-GSQ-RCO-IQ3_XXS-00002-of-00002.gguf	blk.34.ssm_alpha.weight	30	245760	2560x48
Swift-Qwen3.8-Flash-Next-GSQ-RCO-IQ3_XXS-00002-of-00002.gguf	blk.34.ssm_beta.weight	30	245760	2560x48
Swift-Qwen3.8-Flash-Next-GSQ-RCO-IQ3_XXS-00002-of-00002.gguf	blk.34.ssm_conv1d.weight	0	163840	4x10240
Swift-Qwen3.8-Flash-Next-GSQ-RCO-IQ3_XXS-00002-of-00002.gguf	blk.34.ssm_dt.bias	0	192	48
Swift-Qwen3.8-Flash-Next-GSQ-RCO-IQ3_XXS-00002-of-00002.gguf	blk.34.ssm_norm.weight	0	512	128
Swift-Qwen3.8-Flash-Next-GSQ-RCO-IQ3_XXS-00002-of-00002.gguf	blk.34.ssm_out.weight	14	12902400	6144x2560
Swift-Qwen3.8-Flash-Next-GSQ-RCO-IQ3_XXS-00002-of-00002.gguf	blk.35.attn_k.weight	14	1075200	2560x512
Swift-Qwen3.8-Flash-Next-GSQ-RCO-IQ3_XXS-00002-of-00002.gguf	blk.35.attn_k_norm.weight	0	1024	256
Swift-Qwen3.8-Flash-Next-GSQ-RCO-IQ3_XXS-00002-of-00002.gguf	blk.35.attn_output.weight	14	12902400	6144x2560
Swift-Qwen3.8-Flash-Next-GSQ-RCO-IQ3_XXS-00002-of-00002.gguf	blk.35.attn_q.weight	12	17694720	2560x12288
Swift-Qwen3.8-Flash-Next-GSQ-RCO-IQ3_XXS-00002-of-00002.gguf	blk.35.attn_q_norm.weight	0	1024	256
Swift-Qwen3.8-Flash-Next-GSQ-RCO-IQ3_XXS-00002-of-00002.gguf	blk.35.attn_v.weight	14	1075200	2560x512
Swift-Qwen3.8-Flash-Next-GSQ-RCO-IQ3_XXS-00002-of-00002.gguf	blk.35.ffn_down_exps.weight	20	471859200	640x2560x512
Swift-Qwen3.8-Flash-Next-GSQ-RCO-IQ3_XXS-00002-of-00002.gguf	blk.35.ffn_down_shexp.weight	20	921600	640x2560
Swift-Qwen3.8-Flash-Next-GSQ-RCO-IQ3_XXS-00002-of-00002.gguf	blk.35.ffn_gate_exps.weight	18	321126400	2560x640x512
Swift-Qwen3.8-Flash-Next-GSQ-RCO-IQ3_XXS-00002-of-00002.gguf	blk.35.ffn_gate_inp.weight	0	5242880	2560x512
Swift-Qwen3.8-Flash-Next-GSQ-RCO-IQ3_XXS-00002-of-00002.gguf	blk.35.ffn_gate_inp_shexp.weight	0	10240	2560
Swift-Qwen3.8-Flash-Next-GSQ-RCO-IQ3_XXS-00002-of-00002.gguf	blk.35.ffn_gate_shexp.weight	23	870400	2560x640
Swift-Qwen3.8-Flash-Next-GSQ-RCO-IQ3_XXS-00002-of-00002.gguf	blk.35.ffn_up_exps.weight	18	321126400	2560x640x512
Swift-Qwen3.8-Flash-Next-GSQ-RCO-IQ3_XXS-00002-of-00002.gguf	blk.35.ffn_up_shexp.weight	14	1344000	2560x640
Swift-Qwen3.8-Flash-Next-GSQ-RCO-IQ3_XXS-00002-of-00002.gguf	blk.35.hc_attn_down.weight	30	6553600	10240x320
Swift-Qwen3.8-Flash-Next-GSQ-RCO-IQ3_XXS-00002-of-00002.gguf	blk.35.hc_attn_inject.weight	30	81920	10240x4
Swift-Qwen3.8-Flash-Next-GSQ-RCO-IQ3_XXS-00002-of-00002.gguf	blk.35.hc_attn_norm.weight	0	40960	10240
Swift-Qwen3.8-Flash-Next-GSQ-RCO-IQ3_XXS-00002-of-00002.gguf	blk.35.hc_attn_up.weight	30	6553600	320x10240
Swift-Qwen3.8-Flash-Next-GSQ-RCO-IQ3_XXS-00002-of-00002.gguf	blk.35.hc_ffn_down.weight	30	6553600	10240x320
Swift-Qwen3.8-Flash-Next-GSQ-RCO-IQ3_XXS-00002-of-00002.gguf	blk.35.hc_ffn_inject.weight	30	81920	10240x4
Swift-Qwen3.8-Flash-Next-GSQ-RCO-IQ3_XXS-00002-of-00002.gguf	blk.35.hc_ffn_norm.weight	0	40960	10240
Swift-Qwen3.8-Flash-Next-GSQ-RCO-IQ3_XXS-00002-of-00002.gguf	blk.35.hc_ffn_up.weight	30	6553600	320x10240
Swift-Qwen3.8-Flash-Next-GSQ-RCO-IQ3_XXS-00002-of-00002.gguf	blk.35.indexer.k_norm.weight	0	512	128
Swift-Qwen3.8-Flash-Next-GSQ-RCO-IQ3_XXS-00002-of-00002.gguf	blk.35.indexer.k_proj.weight	30	655360	2560x128
Swift-Qwen3.8-Flash-Next-GSQ-RCO-IQ3_XXS-00002-of-00002.gguf	blk.35.indexer.q_norm.weight	0	512	128
Swift-Qwen3.8-Flash-Next-GSQ-RCO-IQ3_XXS-00002-of-00002.gguf	blk.35.indexer.q_proj.weight	30	2621440	2560x512
Swift-Qwen3.8-Flash-Next-GSQ-RCO-IQ3_XXS-00002-of-00002.gguf	blk.36.attn_gate.weight	23	8355840	2560x6144
Swift-Qwen3.8-Flash-Next-GSQ-RCO-IQ3_XXS-00002-of-00002.gguf	blk.36.attn_qkv.weight	14	21504000	2560x10240
Swift-Qwen3.8-Flash-Next-GSQ-RCO-IQ3_XXS-00002-of-00002.gguf	blk.36.ffn_down_exps.weight	42	235929600	640x2560x512
Swift-Qwen3.8-Flash-Next-GSQ-RCO-IQ3_XXS-00002-of-00002.gguf	blk.36.ffn_down_shexp.weight	20	921600	640x2560
Swift-Qwen3.8-Flash-Next-GSQ-RCO-IQ3_XXS-00002-of-00002.gguf	blk.36.ffn_gate_exps.weight	18	321126400	2560x640x512
Swift-Qwen3.8-Flash-Next-GSQ-RCO-IQ3_XXS-00002-of-00002.gguf	blk.36.ffn_gate_inp.weight	0	5242880	2560x512
Swift-Qwen3.8-Flash-Next-GSQ-RCO-IQ3_XXS-00002-of-00002.gguf	blk.36.ffn_gate_inp_shexp.weight	0	10240	2560
Swift-Qwen3.8-Flash-Next-GSQ-RCO-IQ3_XXS-00002-of-00002.gguf	blk.36.ffn_gate_shexp.weight	21	704000	2560x640
Swift-Qwen3.8-Flash-Next-GSQ-RCO-IQ3_XXS-00002-of-00002.gguf	blk.36.ffn_up_exps.weight	18	321126400	2560x640x512
Swift-Qwen3.8-Flash-Next-GSQ-RCO-IQ3_XXS-00002-of-00002.gguf	blk.36.ffn_up_shexp.weight	21	704000	2560x640
Swift-Qwen3.8-Flash-Next-GSQ-RCO-IQ3_XXS-00002-of-00002.gguf	blk.36.hc_attn_down.weight	30	6553600	10240x320
Swift-Qwen3.8-Flash-Next-GSQ-RCO-IQ3_XXS-00002-of-00002.gguf	blk.36.hc_attn_inject.weight	30	81920	10240x4
Swift-Qwen3.8-Flash-Next-GSQ-RCO-IQ3_XXS-00002-of-00002.gguf	blk.36.hc_attn_norm.weight	0	40960	10240
Swift-Qwen3.8-Flash-Next-GSQ-RCO-IQ3_XXS-00002-of-00002.gguf	blk.36.hc_attn_up.weight	30	6553600	320x10240
Swift-Qwen3.8-Flash-Next-GSQ-RCO-IQ3_XXS-00002-of-00002.gguf	blk.36.hc_ffn_down.weight	30	6553600	10240x320
Swift-Qwen3.8-Flash-Next-GSQ-RCO-IQ3_XXS-00002-of-00002.gguf	blk.36.hc_ffn_inject.weight	30	81920	10240x4
Swift-Qwen3.8-Flash-Next-GSQ-RCO-IQ3_XXS-00002-of-00002.gguf	blk.36.hc_ffn_norm.weight	0	40960	10240
Swift-Qwen3.8-Flash-Next-GSQ-RCO-IQ3_XXS-00002-of-00002.gguf	blk.36.hc_ffn_up.weight	30	6553600	320x10240
Swift-Qwen3.8-Flash-Next-GSQ-RCO-IQ3_XXS-00002-of-00002.gguf	blk.36.ssm_a	0	192	48
Swift-Qwen3.8-Flash-Next-GSQ-RCO-IQ3_XXS-00002-of-00002.gguf	blk.36.ssm_alpha.weight	30	245760	2560x48
Swift-Qwen3.8-Flash-Next-GSQ-RCO-IQ3_XXS-00002-of-00002.gguf	blk.36.ssm_beta.weight	30	245760	2560x48
Swift-Qwen3.8-Flash-Next-GSQ-RCO-IQ3_XXS-00002-of-00002.gguf	blk.36.ssm_conv1d.weight	0	163840	4x10240
Swift-Qwen3.8-Flash-Next-GSQ-RCO-IQ3_XXS-00002-of-00002.gguf	blk.36.ssm_dt.bias	0	192	48
Swift-Qwen3.8-Flash-Next-GSQ-RCO-IQ3_XXS-00002-of-00002.gguf	blk.36.ssm_norm.weight	0	512	128
Swift-Qwen3.8-Flash-Next-GSQ-RCO-IQ3_XXS-00002-of-00002.gguf	blk.36.ssm_out.weight	14	12902400	6144x2560
Swift-Qwen3.8-Flash-Next-GSQ-RCO-IQ3_XXS-00002-of-00002.gguf	blk.37.attn_gate.weight	23	8355840	2560x6144
Swift-Qwen3.8-Flash-Next-GSQ-RCO-IQ3_XXS-00002-of-00002.gguf	blk.37.attn_qkv.weight	12	14745600	2560x10240
Swift-Qwen3.8-Flash-Next-GSQ-RCO-IQ3_XXS-00002-of-00002.gguf	blk.37.ffn_down_exps.weight	20	471859200	640x2560x512
Swift-Qwen3.8-Flash-Next-GSQ-RCO-IQ3_XXS-00002-of-00002.gguf	blk.37.ffn_down_shexp.weight	20	921600	640x2560
Swift-Qwen3.8-Flash-Next-GSQ-RCO-IQ3_XXS-00002-of-00002.gguf	blk.37.ffn_gate_exps.weight	21	360448000	2560x640x512
Swift-Qwen3.8-Flash-Next-GSQ-RCO-IQ3_XXS-00002-of-00002.gguf	blk.37.ffn_gate_inp.weight	0	5242880	2560x512
Swift-Qwen3.8-Flash-Next-GSQ-RCO-IQ3_XXS-00002-of-00002.gguf	blk.37.ffn_gate_inp_shexp.weight	0	10240	2560
Swift-Qwen3.8-Flash-Next-GSQ-RCO-IQ3_XXS-00002-of-00002.gguf	blk.37.ffn_gate_shexp.weight	12	921600	2560x640
Swift-Qwen3.8-Flash-Next-GSQ-RCO-IQ3_XXS-00002-of-00002.gguf	blk.37.ffn_up_exps.weight	21	360448000	2560x640x512
Swift-Qwen3.8-Flash-Next-GSQ-RCO-IQ3_XXS-00002-of-00002.gguf	blk.37.ffn_up_shexp.weight	21	704000	2560x640
Swift-Qwen3.8-Flash-Next-GSQ-RCO-IQ3_XXS-00002-of-00002.gguf	blk.37.hc_attn_down.weight	30	6553600	10240x320
Swift-Qwen3.8-Flash-Next-GSQ-RCO-IQ3_XXS-00002-of-00002.gguf	blk.37.hc_attn_inject.weight	30	81920	10240x4
Swift-Qwen3.8-Flash-Next-GSQ-RCO-IQ3_XXS-00002-of-00002.gguf	blk.37.hc_attn_norm.weight	0	40960	10240
Swift-Qwen3.8-Flash-Next-GSQ-RCO-IQ3_XXS-00002-of-00002.gguf	blk.37.hc_attn_up.weight	30	6553600	320x10240
Swift-Qwen3.8-Flash-Next-GSQ-RCO-IQ3_XXS-00002-of-00002.gguf	blk.37.hc_ffn_down.weight	30	6553600	10240x320
Swift-Qwen3.8-Flash-Next-GSQ-RCO-IQ3_XXS-00002-of-00002.gguf	blk.37.hc_ffn_inject.weight	30	81920	10240x4
Swift-Qwen3.8-Flash-Next-GSQ-RCO-IQ3_XXS-00002-of-00002.gguf	blk.37.hc_ffn_norm.weight	0	40960	10240
Swift-Qwen3.8-Flash-Next-GSQ-RCO-IQ3_XXS-00002-of-00002.gguf	blk.37.hc_ffn_up.weight	30	6553600	320x10240
Swift-Qwen3.8-Flash-Next-GSQ-RCO-IQ3_XXS-00002-of-00002.gguf	blk.37.ssm_a	0	192	48
Swift-Qwen3.8-Flash-Next-GSQ-RCO-IQ3_XXS-00002-of-00002.gguf	blk.37.ssm_alpha.weight	30	245760	2560x48
Swift-Qwen3.8-Flash-Next-GSQ-RCO-IQ3_XXS-00002-of-00002.gguf	blk.37.ssm_beta.weight	30	245760	2560x48
Swift-Qwen3.8-Flash-Next-GSQ-RCO-IQ3_XXS-00002-of-00002.gguf	blk.37.ssm_conv1d.weight	0	163840	4x10240
Swift-Qwen3.8-Flash-Next-GSQ-RCO-IQ3_XXS-00002-of-00002.gguf	blk.37.ssm_dt.bias	0	192	48
Swift-Qwen3.8-Flash-Next-GSQ-RCO-IQ3_XXS-00002-of-00002.gguf	blk.37.ssm_norm.weight	0	512	128
Swift-Qwen3.8-Flash-Next-GSQ-RCO-IQ3_XXS-00002-of-00002.gguf	blk.37.ssm_out.weight	23	8355840	6144x2560
Swift-Qwen3.8-Flash-Next-GSQ-RCO-IQ3_XXS-00002-of-00002.gguf	blk.38.attn_gate.weight	13	10813440	2560x6144
Swift-Qwen3.8-Flash-Next-GSQ-RCO-IQ3_XXS-00002-of-00002.gguf	blk.38.attn_qkv.weight	14	21504000	2560x10240
Swift-Qwen3.8-Flash-Next-GSQ-RCO-IQ3_XXS-00002-of-00002.gguf	blk.38.ffn_down_exps.weight	20	471859200	640x2560x512
Swift-Qwen3.8-Flash-Next-GSQ-RCO-IQ3_XXS-00002-of-00002.gguf	blk.38.ffn_down_shexp.weight	20	921600	640x2560
Swift-Qwen3.8-Flash-Next-GSQ-RCO-IQ3_XXS-00002-of-00002.gguf	blk.38.ffn_gate_exps.weight	22	268697600	2560x640x512
Swift-Qwen3.8-Flash-Next-GSQ-RCO-IQ3_XXS-00002-of-00002.gguf	blk.38.ffn_gate_inp.weight	0	5242880	2560x512
Swift-Qwen3.8-Flash-Next-GSQ-RCO-IQ3_XXS-00002-of-00002.gguf	blk.38.ffn_gate_inp_shexp.weight	0	10240	2560
Swift-Qwen3.8-Flash-Next-GSQ-RCO-IQ3_XXS-00002-of-00002.gguf	blk.38.ffn_gate_shexp.weight	21	704000	2560x640
Swift-Qwen3.8-Flash-Next-GSQ-RCO-IQ3_XXS-00002-of-00002.gguf	blk.38.ffn_up_exps.weight	22	268697600	2560x640x512
Swift-Qwen3.8-Flash-Next-GSQ-RCO-IQ3_XXS-00002-of-00002.gguf	blk.38.ffn_up_shexp.weight	21	704000	2560x640
Swift-Qwen3.8-Flash-Next-GSQ-RCO-IQ3_XXS-00002-of-00002.gguf	blk.38.hc_attn_down.weight	30	6553600	10240x320
Swift-Qwen3.8-Flash-Next-GSQ-RCO-IQ3_XXS-00002-of-00002.gguf	blk.38.hc_attn_inject.weight	30	81920	10240x4
Swift-Qwen3.8-Flash-Next-GSQ-RCO-IQ3_XXS-00002-of-00002.gguf	blk.38.hc_attn_norm.weight	0	40960	10240
Swift-Qwen3.8-Flash-Next-GSQ-RCO-IQ3_XXS-00002-of-00002.gguf	blk.38.hc_attn_up.weight	30	6553600	320x10240
Swift-Qwen3.8-Flash-Next-GSQ-RCO-IQ3_XXS-00002-of-00002.gguf	blk.38.hc_ffn_down.weight	30	6553600	10240x320
Swift-Qwen3.8-Flash-Next-GSQ-RCO-IQ3_XXS-00002-of-00002.gguf	blk.38.hc_ffn_inject.weight	30	81920	10240x4
Swift-Qwen3.8-Flash-Next-GSQ-RCO-IQ3_XXS-00002-of-00002.gguf	blk.38.hc_ffn_norm.weight	0	40960	10240
Swift-Qwen3.8-Flash-Next-GSQ-RCO-IQ3_XXS-00002-of-00002.gguf	blk.38.hc_ffn_up.weight	30	6553600	320x10240
Swift-Qwen3.8-Flash-Next-GSQ-RCO-IQ3_XXS-00002-of-00002.gguf	blk.38.ssm_a	0	192	48
Swift-Qwen3.8-Flash-Next-GSQ-RCO-IQ3_XXS-00002-of-00002.gguf	blk.38.ssm_alpha.weight	30	245760	2560x48
Swift-Qwen3.8-Flash-Next-GSQ-RCO-IQ3_XXS-00002-of-00002.gguf	blk.38.ssm_beta.weight	30	245760	2560x48
Swift-Qwen3.8-Flash-Next-GSQ-RCO-IQ3_XXS-00002-of-00002.gguf	blk.38.ssm_conv1d.weight	0	163840	4x10240
Swift-Qwen3.8-Flash-Next-GSQ-RCO-IQ3_XXS-00002-of-00002.gguf	blk.38.ssm_dt.bias	0	192	48
Swift-Qwen3.8-Flash-Next-GSQ-RCO-IQ3_XXS-00002-of-00002.gguf	blk.38.ssm_norm.weight	0	512	128
Swift-Qwen3.8-Flash-Next-GSQ-RCO-IQ3_XXS-00002-of-00002.gguf	blk.38.ssm_out.weight	14	12902400	6144x2560
Swift-Qwen3.8-Flash-Next-GSQ-RCO-IQ3_XXS-00002-of-00002.gguf	blk.39.attn_k.weight	14	1075200	2560x512
Swift-Qwen3.8-Flash-Next-GSQ-RCO-IQ3_XXS-00002-of-00002.gguf	blk.39.attn_k_norm.weight	0	1024	256
Swift-Qwen3.8-Flash-Next-GSQ-RCO-IQ3_XXS-00002-of-00002.gguf	blk.39.attn_output.weight	14	12902400	6144x2560
Swift-Qwen3.8-Flash-Next-GSQ-RCO-IQ3_XXS-00002-of-00002.gguf	blk.39.attn_q.weight	14	25804800	2560x12288
Swift-Qwen3.8-Flash-Next-GSQ-RCO-IQ3_XXS-00002-of-00002.gguf	blk.39.attn_q_norm.weight	0	1024	256
Swift-Qwen3.8-Flash-Next-GSQ-RCO-IQ3_XXS-00002-of-00002.gguf	blk.39.attn_v.weight	14	1075200	2560x512
Swift-Qwen3.8-Flash-Next-GSQ-RCO-IQ3_XXS-00002-of-00002.gguf	blk.39.ffn_down_exps.weight	20	471859200	640x2560x512
Swift-Qwen3.8-Flash-Next-GSQ-RCO-IQ3_XXS-00002-of-00002.gguf	blk.39.ffn_down_shexp.weight	20	921600	640x2560
Swift-Qwen3.8-Flash-Next-GSQ-RCO-IQ3_XXS-00002-of-00002.gguf	blk.39.ffn_gate_exps.weight	17	242483200	2560x640x512
Swift-Qwen3.8-Flash-Next-GSQ-RCO-IQ3_XXS-00002-of-00002.gguf	blk.39.ffn_gate_inp.weight	0	5242880	2560x512
Swift-Qwen3.8-Flash-Next-GSQ-RCO-IQ3_XXS-00002-of-00002.gguf	blk.39.ffn_gate_inp_shexp.weight	0	10240	2560
Swift-Qwen3.8-Flash-Next-GSQ-RCO-IQ3_XXS-00002-of-00002.gguf	blk.39.ffn_gate_shexp.weight	23	870400	2560x640
Swift-Qwen3.8-Flash-Next-GSQ-RCO-IQ3_XXS-00002-of-00002.gguf	blk.39.ffn_up_exps.weight	17	242483200	2560x640x512
Swift-Qwen3.8-Flash-Next-GSQ-RCO-IQ3_XXS-00002-of-00002.gguf	blk.39.ffn_up_shexp.weight	23	870400	2560x640
Swift-Qwen3.8-Flash-Next-GSQ-RCO-IQ3_XXS-00002-of-00002.gguf	blk.39.hc_attn_down.weight	30	6553600	10240x320
Swift-Qwen3.8-Flash-Next-GSQ-RCO-IQ3_XXS-00002-of-00002.gguf	blk.39.hc_attn_inject.weight	30	81920	10240x4
Swift-Qwen3.8-Flash-Next-GSQ-RCO-IQ3_XXS-00002-of-00002.gguf	blk.39.hc_attn_norm.weight	0	40960	10240
Swift-Qwen3.8-Flash-Next-GSQ-RCO-IQ3_XXS-00002-of-00002.gguf	blk.39.hc_attn_up.weight	30	6553600	320x10240
Swift-Qwen3.8-Flash-Next-GSQ-RCO-IQ3_XXS-00002-of-00002.gguf	blk.39.hc_ffn_down.weight	30	6553600	10240x320
Swift-Qwen3.8-Flash-Next-GSQ-RCO-IQ3_XXS-00002-of-00002.gguf	blk.39.hc_ffn_inject.weight	30	81920	10240x4
Swift-Qwen3.8-Flash-Next-GSQ-RCO-IQ3_XXS-00002-of-00002.gguf	blk.39.hc_ffn_norm.weight	0	40960	10240
Swift-Qwen3.8-Flash-Next-GSQ-RCO-IQ3_XXS-00002-of-00002.gguf	blk.39.hc_ffn_up.weight	30	6553600	320x10240
Swift-Qwen3.8-Flash-Next-GSQ-RCO-IQ3_XXS-00002-of-00002.gguf	blk.39.indexer.k_norm.weight	0	512	128
Swift-Qwen3.8-Flash-Next-GSQ-RCO-IQ3_XXS-00002-of-00002.gguf	blk.39.indexer.k_proj.weight	30	655360	2560x128
Swift-Qwen3.8-Flash-Next-GSQ-RCO-IQ3_XXS-00002-of-00002.gguf	blk.39.indexer.q_norm.weight	0	512	128
Swift-Qwen3.8-Flash-Next-GSQ-RCO-IQ3_XXS-00002-of-00002.gguf	blk.39.indexer.q_proj.weight	30	2621440	2560x512
Swift-Qwen3.8-Flash-Next-GSQ-RCO-IQ3_XXS-00002-of-00002.gguf	blk.40.attn_gate.weight	21	6758400	2560x6144
Swift-Qwen3.8-Flash-Next-GSQ-RCO-IQ3_XXS-00002-of-00002.gguf	blk.40.attn_qkv.weight	14	21504000	2560x10240
Swift-Qwen3.8-Flash-Next-GSQ-RCO-IQ3_XXS-00002-of-00002.gguf	blk.40.ffn_down_exps.weight	42	235929600	640x2560x512
Swift-Qwen3.8-Flash-Next-GSQ-RCO-IQ3_XXS-00002-of-00002.gguf	blk.40.ffn_down_shexp.weight	20	921600	640x2560
Swift-Qwen3.8-Flash-Next-GSQ-RCO-IQ3_XXS-00002-of-00002.gguf	blk.40.ffn_gate_exps.weight	22	268697600	2560x640x512
Swift-Qwen3.8-Flash-Next-GSQ-RCO-IQ3_XXS-00002-of-00002.gguf	blk.40.ffn_gate_inp.weight	0	5242880	2560x512
Swift-Qwen3.8-Flash-Next-GSQ-RCO-IQ3_XXS-00002-of-00002.gguf	blk.40.ffn_gate_inp_shexp.weight	0	10240	2560
Swift-Qwen3.8-Flash-Next-GSQ-RCO-IQ3_XXS-00002-of-00002.gguf	blk.40.ffn_gate_shexp.weight	23	870400	2560x640
Swift-Qwen3.8-Flash-Next-GSQ-RCO-IQ3_XXS-00002-of-00002.gguf	blk.40.ffn_up_exps.weight	22	268697600	2560x640x512
Swift-Qwen3.8-Flash-Next-GSQ-RCO-IQ3_XXS-00002-of-00002.gguf	blk.40.ffn_up_shexp.weight	21	704000	2560x640
Swift-Qwen3.8-Flash-Next-GSQ-RCO-IQ3_XXS-00002-of-00002.gguf	blk.40.hc_attn_down.weight	30	6553600	10240x320
Swift-Qwen3.8-Flash-Next-GSQ-RCO-IQ3_XXS-00002-of-00002.gguf	blk.40.hc_attn_inject.weight	30	81920	10240x4
Swift-Qwen3.8-Flash-Next-GSQ-RCO-IQ3_XXS-00002-of-00002.gguf	blk.40.hc_attn_norm.weight	0	40960	10240
Swift-Qwen3.8-Flash-Next-GSQ-RCO-IQ3_XXS-00002-of-00002.gguf	blk.40.hc_attn_up.weight	30	6553600	320x10240
Swift-Qwen3.8-Flash-Next-GSQ-RCO-IQ3_XXS-00002-of-00002.gguf	blk.40.hc_ffn_down.weight	30	6553600	10240x320
Swift-Qwen3.8-Flash-Next-GSQ-RCO-IQ3_XXS-00002-of-00002.gguf	blk.40.hc_ffn_inject.weight	30	81920	10240x4
Swift-Qwen3.8-Flash-Next-GSQ-RCO-IQ3_XXS-00002-of-00002.gguf	blk.40.hc_ffn_norm.weight	0	40960	10240
Swift-Qwen3.8-Flash-Next-GSQ-RCO-IQ3_XXS-00002-of-00002.gguf	blk.40.hc_ffn_up.weight	30	6553600	320x10240
Swift-Qwen3.8-Flash-Next-GSQ-RCO-IQ3_XXS-00002-of-00002.gguf	blk.40.ssm_a	0	192	48
Swift-Qwen3.8-Flash-Next-GSQ-RCO-IQ3_XXS-00002-of-00002.gguf	blk.40.ssm_alpha.weight	30	245760	2560x48
Swift-Qwen3.8-Flash-Next-GSQ-RCO-IQ3_XXS-00002-of-00002.gguf	blk.40.ssm_beta.weight	30	245760	2560x48
Swift-Qwen3.8-Flash-Next-GSQ-RCO-IQ3_XXS-00002-of-00002.gguf	blk.40.ssm_conv1d.weight	0	163840	4x10240
Swift-Qwen3.8-Flash-Next-GSQ-RCO-IQ3_XXS-00002-of-00002.gguf	blk.40.ssm_dt.bias	0	192	48
Swift-Qwen3.8-Flash-Next-GSQ-RCO-IQ3_XXS-00002-of-00002.gguf	blk.40.ssm_norm.weight	0	512	128
Swift-Qwen3.8-Flash-Next-GSQ-RCO-IQ3_XXS-00002-of-00002.gguf	blk.40.ssm_out.weight	14	12902400	6144x2560
Swift-Qwen3.8-Flash-Next-GSQ-RCO-IQ3_XXS-00002-of-00002.gguf	blk.41.attn_gate.weight	21	6758400	2560x6144
Swift-Qwen3.8-Flash-Next-GSQ-RCO-IQ3_XXS-00002-of-00002.gguf	blk.41.attn_qkv.weight	23	13926400	2560x10240
Swift-Qwen3.8-Flash-Next-GSQ-RCO-IQ3_XXS-00002-of-00002.gguf	blk.41.ffn_down_exps.weight	42	235929600	640x2560x512
Swift-Qwen3.8-Flash-Next-GSQ-RCO-IQ3_XXS-00002-of-00002.gguf	blk.41.ffn_down_shexp.weight	20	921600	640x2560
Swift-Qwen3.8-Flash-Next-GSQ-RCO-IQ3_XXS-00002-of-00002.gguf	blk.41.ffn_gate_exps.weight	18	321126400	2560x640x512
Swift-Qwen3.8-Flash-Next-GSQ-RCO-IQ3_XXS-00002-of-00002.gguf	blk.41.ffn_gate_inp.weight	0	5242880	2560x512
Swift-Qwen3.8-Flash-Next-GSQ-RCO-IQ3_XXS-00002-of-00002.gguf	blk.41.ffn_gate_inp_shexp.weight	0	10240	2560
Swift-Qwen3.8-Flash-Next-GSQ-RCO-IQ3_XXS-00002-of-00002.gguf	blk.41.ffn_gate_shexp.weight	12	921600	2560x640
Swift-Qwen3.8-Flash-Next-GSQ-RCO-IQ3_XXS-00002-of-00002.gguf	blk.41.ffn_up_exps.weight	18	321126400	2560x640x512
Swift-Qwen3.8-Flash-Next-GSQ-RCO-IQ3_XXS-00002-of-00002.gguf	blk.41.ffn_up_shexp.weight	21	704000	2560x640
Swift-Qwen3.8-Flash-Next-GSQ-RCO-IQ3_XXS-00002-of-00002.gguf	blk.41.hc_attn_down.weight	30	6553600	10240x320
Swift-Qwen3.8-Flash-Next-GSQ-RCO-IQ3_XXS-00002-of-00002.gguf	blk.41.hc_attn_inject.weight	30	81920	10240x4
Swift-Qwen3.8-Flash-Next-GSQ-RCO-IQ3_XXS-00002-of-00002.gguf	blk.41.hc_attn_norm.weight	0	40960	10240
Swift-Qwen3.8-Flash-Next-GSQ-RCO-IQ3_XXS-00002-of-00002.gguf	blk.41.hc_attn_up.weight	30	6553600	320x10240
Swift-Qwen3.8-Flash-Next-GSQ-RCO-IQ3_XXS-00002-of-00002.gguf	blk.41.hc_ffn_down.weight	30	6553600	10240x320
Swift-Qwen3.8-Flash-Next-GSQ-RCO-IQ3_XXS-00002-of-00002.gguf	blk.41.hc_ffn_inject.weight	30	81920	10240x4
Swift-Qwen3.8-Flash-Next-GSQ-RCO-IQ3_XXS-00002-of-00002.gguf	blk.41.hc_ffn_norm.weight	0	40960	10240
Swift-Qwen3.8-Flash-Next-GSQ-RCO-IQ3_XXS-00002-of-00002.gguf	blk.41.hc_ffn_up.weight	30	6553600	320x10240
Swift-Qwen3.8-Flash-Next-GSQ-RCO-IQ3_XXS-00002-of-00002.gguf	blk.41.ssm_a	0	192	48
Swift-Qwen3.8-Flash-Next-GSQ-RCO-IQ3_XXS-00002-of-00002.gguf	blk.41.ssm_alpha.weight	30	245760	2560x48
Swift-Qwen3.8-Flash-Next-GSQ-RCO-IQ3_XXS-00002-of-00002.gguf	blk.41.ssm_beta.weight	30	245760	2560x48
Swift-Qwen3.8-Flash-Next-GSQ-RCO-IQ3_XXS-00002-of-00002.gguf	blk.41.ssm_conv1d.weight	0	163840	4x10240
Swift-Qwen3.8-Flash-Next-GSQ-RCO-IQ3_XXS-00002-of-00002.gguf	blk.41.ssm_dt.bias	0	192	48
Swift-Qwen3.8-Flash-Next-GSQ-RCO-IQ3_XXS-00002-of-00002.gguf	blk.41.ssm_norm.weight	0	512	128
Swift-Qwen3.8-Flash-Next-GSQ-RCO-IQ3_XXS-00002-of-00002.gguf	blk.41.ssm_out.weight	12	8847360	6144x2560
Swift-Qwen3.8-Flash-Next-GSQ-RCO-IQ3_XXS-00002-of-00002.gguf	blk.42.attn_gate.weight	23	8355840	2560x6144
Swift-Qwen3.8-Flash-Next-GSQ-RCO-IQ3_XXS-00002-of-00002.gguf	blk.42.attn_qkv.weight	14	21504000	2560x10240
Swift-Qwen3.8-Flash-Next-GSQ-RCO-IQ3_XXS-00002-of-00002.gguf	blk.42.ffn_down_exps.weight	20	471859200	640x2560x512
Swift-Qwen3.8-Flash-Next-GSQ-RCO-IQ3_XXS-00002-of-00002.gguf	blk.42.ffn_down_shexp.weight	20	921600	640x2560
Swift-Qwen3.8-Flash-Next-GSQ-RCO-IQ3_XXS-00002-of-00002.gguf	blk.42.ffn_gate_exps.weight	22	268697600	2560x640x512
Swift-Qwen3.8-Flash-Next-GSQ-RCO-IQ3_XXS-00002-of-00002.gguf	blk.42.ffn_gate_inp.weight	0	5242880	2560x512
Swift-Qwen3.8-Flash-Next-GSQ-RCO-IQ3_XXS-00002-of-00002.gguf	blk.42.ffn_gate_inp_shexp.weight	0	10240	2560
Swift-Qwen3.8-Flash-Next-GSQ-RCO-IQ3_XXS-00002-of-00002.gguf	blk.42.ffn_gate_shexp.weight	21	704000	2560x640
Swift-Qwen3.8-Flash-Next-GSQ-RCO-IQ3_XXS-00002-of-00002.gguf	blk.42.ffn_up_exps.weight	22	268697600	2560x640x512
Swift-Qwen3.8-Flash-Next-GSQ-RCO-IQ3_XXS-00002-of-00002.gguf	blk.42.ffn_up_shexp.weight	23	870400	2560x640
Swift-Qwen3.8-Flash-Next-GSQ-RCO-IQ3_XXS-00002-of-00002.gguf	blk.42.hc_attn_down.weight	30	6553600	10240x320
Swift-Qwen3.8-Flash-Next-GSQ-RCO-IQ3_XXS-00002-of-00002.gguf	blk.42.hc_attn_inject.weight	30	81920	10240x4
Swift-Qwen3.8-Flash-Next-GSQ-RCO-IQ3_XXS-00002-of-00002.gguf	blk.42.hc_attn_norm.weight	0	40960	10240
Swift-Qwen3.8-Flash-Next-GSQ-RCO-IQ3_XXS-00002-of-00002.gguf	blk.42.hc_attn_up.weight	30	6553600	320x10240
Swift-Qwen3.8-Flash-Next-GSQ-RCO-IQ3_XXS-00002-of-00002.gguf	blk.42.hc_ffn_down.weight	30	6553600	10240x320
Swift-Qwen3.8-Flash-Next-GSQ-RCO-IQ3_XXS-00002-of-00002.gguf	blk.42.hc_ffn_inject.weight	30	81920	10240x4
Swift-Qwen3.8-Flash-Next-GSQ-RCO-IQ3_XXS-00002-of-00002.gguf	blk.42.hc_ffn_norm.weight	0	40960	10240
Swift-Qwen3.8-Flash-Next-GSQ-RCO-IQ3_XXS-00002-of-00002.gguf	blk.42.hc_ffn_up.weight	30	6553600	320x10240
Swift-Qwen3.8-Flash-Next-GSQ-RCO-IQ3_XXS-00002-of-00002.gguf	blk.42.ssm_a	0	192	48
Swift-Qwen3.8-Flash-Next-GSQ-RCO-IQ3_XXS-00002-of-00002.gguf	blk.42.ssm_alpha.weight	30	245760	2560x48
Swift-Qwen3.8-Flash-Next-GSQ-RCO-IQ3_XXS-00002-of-00002.gguf	blk.42.ssm_beta.weight	30	245760	2560x48
Swift-Qwen3.8-Flash-Next-GSQ-RCO-IQ3_XXS-00002-of-00002.gguf	blk.42.ssm_conv1d.weight	0	163840	4x10240
Swift-Qwen3.8-Flash-Next-GSQ-RCO-IQ3_XXS-00002-of-00002.gguf	blk.42.ssm_dt.bias	0	192	48
Swift-Qwen3.8-Flash-Next-GSQ-RCO-IQ3_XXS-00002-of-00002.gguf	blk.42.ssm_norm.weight	0	512	128
Swift-Qwen3.8-Flash-Next-GSQ-RCO-IQ3_XXS-00002-of-00002.gguf	blk.42.ssm_out.weight	14	12902400	6144x2560
Swift-Qwen3.8-Flash-Next-GSQ-RCO-IQ3_XXS-00002-of-00002.gguf	blk.43.attn_k.weight	13	901120	2560x512
Swift-Qwen3.8-Flash-Next-GSQ-RCO-IQ3_XXS-00002-of-00002.gguf	blk.43.attn_k_norm.weight	0	1024	256
Swift-Qwen3.8-Flash-Next-GSQ-RCO-IQ3_XXS-00002-of-00002.gguf	blk.43.attn_output.weight	14	12902400	6144x2560
Swift-Qwen3.8-Flash-Next-GSQ-RCO-IQ3_XXS-00002-of-00002.gguf	blk.43.attn_q.weight	14	25804800	2560x12288
Swift-Qwen3.8-Flash-Next-GSQ-RCO-IQ3_XXS-00002-of-00002.gguf	blk.43.attn_q_norm.weight	0	1024	256
Swift-Qwen3.8-Flash-Next-GSQ-RCO-IQ3_XXS-00002-of-00002.gguf	blk.43.attn_v.weight	14	1075200	2560x512
Swift-Qwen3.8-Flash-Next-GSQ-RCO-IQ3_XXS-00002-of-00002.gguf	blk.43.ffn_down_exps.weight	20	471859200	640x2560x512
Swift-Qwen3.8-Flash-Next-GSQ-RCO-IQ3_XXS-00002-of-00002.gguf	blk.43.ffn_down_shexp.weight	20	921600	640x2560
Swift-Qwen3.8-Flash-Next-GSQ-RCO-IQ3_XXS-00002-of-00002.gguf	blk.43.ffn_gate_exps.weight	21	360448000	2560x640x512
Swift-Qwen3.8-Flash-Next-GSQ-RCO-IQ3_XXS-00002-of-00002.gguf	blk.43.ffn_gate_inp.weight	0	5242880	2560x512
Swift-Qwen3.8-Flash-Next-GSQ-RCO-IQ3_XXS-00002-of-00002.gguf	blk.43.ffn_gate_inp_shexp.weight	0	10240	2560
Swift-Qwen3.8-Flash-Next-GSQ-RCO-IQ3_XXS-00002-of-00002.gguf	blk.43.ffn_gate_shexp.weight	21	704000	2560x640
Swift-Qwen3.8-Flash-Next-GSQ-RCO-IQ3_XXS-00002-of-00002.gguf	blk.43.ffn_up_exps.weight	21	360448000	2560x640x512
Swift-Qwen3.8-Flash-Next-GSQ-RCO-IQ3_XXS-00002-of-00002.gguf	blk.43.ffn_up_shexp.weight	21	704000	2560x640
Swift-Qwen3.8-Flash-Next-GSQ-RCO-IQ3_XXS-00002-of-00002.gguf	blk.43.hc_attn_down.weight	30	6553600	10240x320
Swift-Qwen3.8-Flash-Next-GSQ-RCO-IQ3_XXS-00002-of-00002.gguf	blk.43.hc_attn_inject.weight	30	81920	10240x4
Swift-Qwen3.8-Flash-Next-GSQ-RCO-IQ3_XXS-00002-of-00002.gguf	blk.43.hc_attn_norm.weight	0	40960	10240
Swift-Qwen3.8-Flash-Next-GSQ-RCO-IQ3_XXS-00002-of-00002.gguf	blk.43.hc_attn_up.weight	30	6553600	320x10240
Swift-Qwen3.8-Flash-Next-GSQ-RCO-IQ3_XXS-00002-of-00002.gguf	blk.43.hc_ffn_down.weight	30	6553600	10240x320
Swift-Qwen3.8-Flash-Next-GSQ-RCO-IQ3_XXS-00002-of-00002.gguf	blk.43.hc_ffn_inject.weight	30	81920	10240x4
Swift-Qwen3.8-Flash-Next-GSQ-RCO-IQ3_XXS-00002-of-00002.gguf	blk.43.hc_ffn_norm.weight	0	40960	10240
Swift-Qwen3.8-Flash-Next-GSQ-RCO-IQ3_XXS-00002-of-00002.gguf	blk.43.hc_ffn_up.weight	30	6553600	320x10240
Swift-Qwen3.8-Flash-Next-GSQ-RCO-IQ3_XXS-00002-of-00002.gguf	blk.43.indexer.k_norm.weight	0	512	128
Swift-Qwen3.8-Flash-Next-GSQ-RCO-IQ3_XXS-00002-of-00002.gguf	blk.43.indexer.k_proj.weight	30	655360	2560x128
Swift-Qwen3.8-Flash-Next-GSQ-RCO-IQ3_XXS-00002-of-00002.gguf	blk.43.indexer.q_norm.weight	0	512	128
Swift-Qwen3.8-Flash-Next-GSQ-RCO-IQ3_XXS-00002-of-00002.gguf	blk.43.indexer.q_proj.weight	30	2621440	2560x512
Swift-Qwen3.8-Flash-Next-GSQ-RCO-IQ3_XXS-00002-of-00002.gguf	blk.44.attn_gate.weight	23	8355840	2560x6144
Swift-Qwen3.8-Flash-Next-GSQ-RCO-IQ3_XXS-00002-of-00002.gguf	blk.44.attn_qkv.weight	14	21504000	2560x10240
Swift-Qwen3.8-Flash-Next-GSQ-RCO-IQ3_XXS-00002-of-00002.gguf	blk.44.ffn_down_exps.weight	20	471859200	640x2560x512
Swift-Qwen3.8-Flash-Next-GSQ-RCO-IQ3_XXS-00002-of-00002.gguf	blk.44.ffn_down_shexp.weight	20	921600	640x2560
Swift-Qwen3.8-Flash-Next-GSQ-RCO-IQ3_XXS-00002-of-00002.gguf	blk.44.ffn_gate_exps.weight	18	321126400	2560x640x512
Swift-Qwen3.8-Flash-Next-GSQ-RCO-IQ3_XXS-00002-of-00002.gguf	blk.44.ffn_gate_inp.weight	0	5242880	2560x512
Swift-Qwen3.8-Flash-Next-GSQ-RCO-IQ3_XXS-00002-of-00002.gguf	blk.44.ffn_gate_inp_shexp.weight	0	10240	2560
Swift-Qwen3.8-Flash-Next-GSQ-RCO-IQ3_XXS-00002-of-00002.gguf	blk.44.ffn_gate_shexp.weight	21	704000	2560x640
Swift-Qwen3.8-Flash-Next-GSQ-RCO-IQ3_XXS-00002-of-00002.gguf	blk.44.ffn_up_exps.weight	18	321126400	2560x640x512
Swift-Qwen3.8-Flash-Next-GSQ-RCO-IQ3_XXS-00002-of-00002.gguf	blk.44.ffn_up_shexp.weight	12	921600	2560x640
Swift-Qwen3.8-Flash-Next-GSQ-RCO-IQ3_XXS-00002-of-00002.gguf	blk.44.hc_attn_down.weight	30	6553600	10240x320
Swift-Qwen3.8-Flash-Next-GSQ-RCO-IQ3_XXS-00002-of-00002.gguf	blk.44.hc_attn_inject.weight	30	81920	10240x4
Swift-Qwen3.8-Flash-Next-GSQ-RCO-IQ3_XXS-00002-of-00002.gguf	blk.44.hc_attn_norm.weight	0	40960	10240
Swift-Qwen3.8-Flash-Next-GSQ-RCO-IQ3_XXS-00002-of-00002.gguf	blk.44.hc_attn_up.weight	30	6553600	320x10240
Swift-Qwen3.8-Flash-Next-GSQ-RCO-IQ3_XXS-00002-of-00002.gguf	blk.44.hc_ffn_down.weight	30	6553600	10240x320
Swift-Qwen3.8-Flash-Next-GSQ-RCO-IQ3_XXS-00002-of-00002.gguf	blk.44.hc_ffn_inject.weight	30	81920	10240x4
Swift-Qwen3.8-Flash-Next-GSQ-RCO-IQ3_XXS-00002-of-00002.gguf	blk.44.hc_ffn_norm.weight	0	40960	10240
Swift-Qwen3.8-Flash-Next-GSQ-RCO-IQ3_XXS-00002-of-00002.gguf	blk.44.hc_ffn_up.weight	30	6553600	320x10240
Swift-Qwen3.8-Flash-Next-GSQ-RCO-IQ3_XXS-00002-of-00002.gguf	blk.44.ssm_a	0	192	48
Swift-Qwen3.8-Flash-Next-GSQ-RCO-IQ3_XXS-00002-of-00002.gguf	blk.44.ssm_alpha.weight	30	245760	2560x48
Swift-Qwen3.8-Flash-Next-GSQ-RCO-IQ3_XXS-00002-of-00002.gguf	blk.44.ssm_beta.weight	30	245760	2560x48
Swift-Qwen3.8-Flash-Next-GSQ-RCO-IQ3_XXS-00002-of-00002.gguf	blk.44.ssm_conv1d.weight	0	163840	4x10240
Swift-Qwen3.8-Flash-Next-GSQ-RCO-IQ3_XXS-00002-of-00002.gguf	blk.44.ssm_dt.bias	0	192	48
Swift-Qwen3.8-Flash-Next-GSQ-RCO-IQ3_XXS-00002-of-00002.gguf	blk.44.ssm_norm.weight	0	512	128
Swift-Qwen3.8-Flash-Next-GSQ-RCO-IQ3_XXS-00002-of-00002.gguf	blk.44.ssm_out.weight	14	12902400	6144x2560
Swift-Qwen3.8-Flash-Next-GSQ-RCO-IQ3_XXS-00002-of-00002.gguf	blk.45.attn_gate.weight	14	12902400	2560x6144
Swift-Qwen3.8-Flash-Next-GSQ-RCO-IQ3_XXS-00002-of-00002.gguf	blk.45.attn_qkv.weight	23	13926400	2560x10240
Swift-Qwen3.8-Flash-Next-GSQ-RCO-IQ3_XXS-00002-of-00002.gguf	blk.45.ffn_down_exps.weight	42	235929600	640x2560x512
Swift-Qwen3.8-Flash-Next-GSQ-RCO-IQ3_XXS-00002-of-00002.gguf	blk.45.ffn_down_shexp.weight	20	921600	640x2560
Swift-Qwen3.8-Flash-Next-GSQ-RCO-IQ3_XXS-00002-of-00002.gguf	blk.45.ffn_gate_exps.weight	18	321126400	2560x640x512
Swift-Qwen3.8-Flash-Next-GSQ-RCO-IQ3_XXS-00002-of-00002.gguf	blk.45.ffn_gate_inp.weight	0	5242880	2560x512
Swift-Qwen3.8-Flash-Next-GSQ-RCO-IQ3_XXS-00002-of-00002.gguf	blk.45.ffn_gate_inp_shexp.weight	0	10240	2560
Swift-Qwen3.8-Flash-Next-GSQ-RCO-IQ3_XXS-00002-of-00002.gguf	blk.45.ffn_gate_shexp.weight	14	1344000	2560x640
Swift-Qwen3.8-Flash-Next-GSQ-RCO-IQ3_XXS-00002-of-00002.gguf	blk.45.ffn_up_exps.weight	18	321126400	2560x640x512
Swift-Qwen3.8-Flash-Next-GSQ-RCO-IQ3_XXS-00002-of-00002.gguf	blk.45.ffn_up_shexp.weight	21	704000	2560x640
Swift-Qwen3.8-Flash-Next-GSQ-RCO-IQ3_XXS-00002-of-00002.gguf	blk.45.hc_attn_down.weight	30	6553600	10240x320
Swift-Qwen3.8-Flash-Next-GSQ-RCO-IQ3_XXS-00002-of-00002.gguf	blk.45.hc_attn_inject.weight	30	81920	10240x4
Swift-Qwen3.8-Flash-Next-GSQ-RCO-IQ3_XXS-00002-of-00002.gguf	blk.45.hc_attn_norm.weight	0	40960	10240
Swift-Qwen3.8-Flash-Next-GSQ-RCO-IQ3_XXS-00002-of-00002.gguf	blk.45.hc_attn_up.weight	30	6553600	320x10240
Swift-Qwen3.8-Flash-Next-GSQ-RCO-IQ3_XXS-00002-of-00002.gguf	blk.45.hc_ffn_down.weight	30	6553600	10240x320
Swift-Qwen3.8-Flash-Next-GSQ-RCO-IQ3_XXS-00002-of-00002.gguf	blk.45.hc_ffn_inject.weight	30	81920	10240x4
Swift-Qwen3.8-Flash-Next-GSQ-RCO-IQ3_XXS-00002-of-00002.gguf	blk.45.hc_ffn_norm.weight	0	40960	10240
Swift-Qwen3.8-Flash-Next-GSQ-RCO-IQ3_XXS-00002-of-00002.gguf	blk.45.hc_ffn_up.weight	30	6553600	320x10240
Swift-Qwen3.8-Flash-Next-GSQ-RCO-IQ3_XXS-00002-of-00002.gguf	blk.45.ssm_a	0	192	48
Swift-Qwen3.8-Flash-Next-GSQ-RCO-IQ3_XXS-00002-of-00002.gguf	blk.45.ssm_alpha.weight	30	245760	2560x48
Swift-Qwen3.8-Flash-Next-GSQ-RCO-IQ3_XXS-00002-of-00002.gguf	blk.45.ssm_beta.weight	30	245760	2560x48
Swift-Qwen3.8-Flash-Next-GSQ-RCO-IQ3_XXS-00002-of-00002.gguf	blk.45.ssm_conv1d.weight	0	163840	4x10240
Swift-Qwen3.8-Flash-Next-GSQ-RCO-IQ3_XXS-00002-of-00002.gguf	blk.45.ssm_dt.bias	0	192	48
Swift-Qwen3.8-Flash-Next-GSQ-RCO-IQ3_XXS-00002-of-00002.gguf	blk.45.ssm_norm.weight	0	512	128
Swift-Qwen3.8-Flash-Next-GSQ-RCO-IQ3_XXS-00002-of-00002.gguf	blk.45.ssm_out.weight	13	10813440	6144x2560
Swift-Qwen3.8-Flash-Next-GSQ-RCO-IQ3_XXS-00002-of-00002.gguf	blk.46.attn_gate.weight	13	10813440	2560x6144
Swift-Qwen3.8-Flash-Next-GSQ-RCO-IQ3_XXS-00002-of-00002.gguf	blk.46.attn_qkv.weight	13	18022400	2560x10240
Swift-Qwen3.8-Flash-Next-GSQ-RCO-IQ3_XXS-00002-of-00002.gguf	blk.46.ffn_down_exps.weight	20	471859200	640x2560x512
Swift-Qwen3.8-Flash-Next-GSQ-RCO-IQ3_XXS-00002-of-00002.gguf	blk.46.ffn_down_shexp.weight	20	921600	640x2560
Swift-Qwen3.8-Flash-Next-GSQ-RCO-IQ3_XXS-00002-of-00002.gguf	blk.46.ffn_gate_exps.weight	22	268697600	2560x640x512
Swift-Qwen3.8-Flash-Next-GSQ-RCO-IQ3_XXS-00002-of-00002.gguf	blk.46.ffn_gate_inp.weight	0	5242880	2560x512
Swift-Qwen3.8-Flash-Next-GSQ-RCO-IQ3_XXS-00002-of-00002.gguf	blk.46.ffn_gate_inp_shexp.weight	0	10240	2560
Swift-Qwen3.8-Flash-Next-GSQ-RCO-IQ3_XXS-00002-of-00002.gguf	blk.46.ffn_gate_shexp.weight	23	870400	2560x640
Swift-Qwen3.8-Flash-Next-GSQ-RCO-IQ3_XXS-00002-of-00002.gguf	blk.46.ffn_up_exps.weight	22	268697600	2560x640x512
Swift-Qwen3.8-Flash-Next-GSQ-RCO-IQ3_XXS-00002-of-00002.gguf	blk.46.ffn_up_shexp.weight	21	704000	2560x640
Swift-Qwen3.8-Flash-Next-GSQ-RCO-IQ3_XXS-00002-of-00002.gguf	blk.46.hc_attn_down.weight	30	6553600	10240x320
Swift-Qwen3.8-Flash-Next-GSQ-RCO-IQ3_XXS-00002-of-00002.gguf	blk.46.hc_attn_inject.weight	30	81920	10240x4
Swift-Qwen3.8-Flash-Next-GSQ-RCO-IQ3_XXS-00002-of-00002.gguf	blk.46.hc_attn_norm.weight	0	40960	10240
Swift-Qwen3.8-Flash-Next-GSQ-RCO-IQ3_XXS-00002-of-00002.gguf	blk.46.hc_attn_up.weight	30	6553600	320x10240
Swift-Qwen3.8-Flash-Next-GSQ-RCO-IQ3_XXS-00002-of-00002.gguf	blk.46.hc_ffn_down.weight	30	6553600	10240x320
Swift-Qwen3.8-Flash-Next-GSQ-RCO-IQ3_XXS-00002-of-00002.gguf	blk.46.hc_ffn_inject.weight	30	81920	10240x4
Swift-Qwen3.8-Flash-Next-GSQ-RCO-IQ3_XXS-00002-of-00002.gguf	blk.46.hc_ffn_norm.weight	0	40960	10240
Swift-Qwen3.8-Flash-Next-GSQ-RCO-IQ3_XXS-00002-of-00002.gguf	blk.46.hc_ffn_up.weight	30	6553600	320x10240
Swift-Qwen3.8-Flash-Next-GSQ-RCO-IQ3_XXS-00002-of-00002.gguf	blk.46.ssm_a	0	192	48
Swift-Qwen3.8-Flash-Next-GSQ-RCO-IQ3_XXS-00002-of-00002.gguf	blk.46.ssm_alpha.weight	30	245760	2560x48
Swift-Qwen3.8-Flash-Next-GSQ-RCO-IQ3_XXS-00002-of-00002.gguf	blk.46.ssm_beta.weight	30	245760	2560x48
Swift-Qwen3.8-Flash-Next-GSQ-RCO-IQ3_XXS-00002-of-00002.gguf	blk.46.ssm_conv1d.weight	0	163840	4x10240
Swift-Qwen3.8-Flash-Next-GSQ-RCO-IQ3_XXS-00002-of-00002.gguf	blk.46.ssm_dt.bias	0	192	48
Swift-Qwen3.8-Flash-Next-GSQ-RCO-IQ3_XXS-00002-of-00002.gguf	blk.46.ssm_norm.weight	0	512	128
Swift-Qwen3.8-Flash-Next-GSQ-RCO-IQ3_XXS-00002-of-00002.gguf	blk.46.ssm_out.weight	14	12902400	6144x2560
Swift-Qwen3.8-Flash-Next-GSQ-RCO-IQ3_XXS-00002-of-00002.gguf	blk.47.attn_k.weight	21	563200	2560x512
Swift-Qwen3.8-Flash-Next-GSQ-RCO-IQ3_XXS-00002-of-00002.gguf	blk.47.attn_k_norm.weight	0	1024	256
Swift-Qwen3.8-Flash-Next-GSQ-RCO-IQ3_XXS-00002-of-00002.gguf	blk.47.attn_output.weight	12	8847360	6144x2560
Swift-Qwen3.8-Flash-Next-GSQ-RCO-IQ3_XXS-00002-of-00002.gguf	blk.47.attn_q.weight	21	13516800	2560x12288
Swift-Qwen3.8-Flash-Next-GSQ-RCO-IQ3_XXS-00002-of-00002.gguf	blk.47.attn_q_norm.weight	0	1024	256
Swift-Qwen3.8-Flash-Next-GSQ-RCO-IQ3_XXS-00002-of-00002.gguf	blk.47.attn_v.weight	14	1075200	2560x512
Swift-Qwen3.8-Flash-Next-GSQ-RCO-IQ3_XXS-00002-of-00002.gguf	blk.47.ffn_down_exps.weight	20	471859200	640x2560x512
Swift-Qwen3.8-Flash-Next-GSQ-RCO-IQ3_XXS-00002-of-00002.gguf	blk.47.ffn_down_shexp.weight	20	921600	640x2560
Swift-Qwen3.8-Flash-Next-GSQ-RCO-IQ3_XXS-00002-of-00002.gguf	blk.47.ffn_gate_exps.weight	18	321126400	2560x640x512
Swift-Qwen3.8-Flash-Next-GSQ-RCO-IQ3_XXS-00002-of-00002.gguf	blk.47.ffn_gate_inp.weight	0	5242880	2560x512
Swift-Qwen3.8-Flash-Next-GSQ-RCO-IQ3_XXS-00002-of-00002.gguf	blk.47.ffn_gate_inp_shexp.weight	0	10240	2560
Swift-Qwen3.8-Flash-Next-GSQ-RCO-IQ3_XXS-00002-of-00002.gguf	blk.47.ffn_gate_shexp.weight	23	870400	2560x640
Swift-Qwen3.8-Flash-Next-GSQ-RCO-IQ3_XXS-00002-of-00002.gguf	blk.47.ffn_up_exps.weight	18	321126400	2560x640x512
Swift-Qwen3.8-Flash-Next-GSQ-RCO-IQ3_XXS-00002-of-00002.gguf	blk.47.ffn_up_shexp.weight	23	870400	2560x640
Swift-Qwen3.8-Flash-Next-GSQ-RCO-IQ3_XXS-00002-of-00002.gguf	blk.47.hc_attn_down.weight	30	6553600	10240x320
Swift-Qwen3.8-Flash-Next-GSQ-RCO-IQ3_XXS-00002-of-00002.gguf	blk.47.hc_attn_inject.weight	30	81920	10240x4
Swift-Qwen3.8-Flash-Next-GSQ-RCO-IQ3_XXS-00002-of-00002.gguf	blk.47.hc_attn_norm.weight	0	40960	10240
Swift-Qwen3.8-Flash-Next-GSQ-RCO-IQ3_XXS-00002-of-00002.gguf	blk.47.hc_attn_up.weight	30	6553600	320x10240
Swift-Qwen3.8-Flash-Next-GSQ-RCO-IQ3_XXS-00002-of-00002.gguf	blk.47.hc_ffn_down.weight	30	6553600	10240x320
Swift-Qwen3.8-Flash-Next-GSQ-RCO-IQ3_XXS-00002-of-00002.gguf	blk.47.hc_ffn_inject.weight	30	81920	10240x4
Swift-Qwen3.8-Flash-Next-GSQ-RCO-IQ3_XXS-00002-of-00002.gguf	blk.47.hc_ffn_norm.weight	0	40960	10240
Swift-Qwen3.8-Flash-Next-GSQ-RCO-IQ3_XXS-00002-of-00002.gguf	blk.47.hc_ffn_up.weight	30	6553600	320x10240
Swift-Qwen3.8-Flash-Next-GSQ-RCO-IQ3_XXS-00002-of-00002.gguf	blk.47.indexer.k_norm.weight	0	512	128
Swift-Qwen3.8-Flash-Next-GSQ-RCO-IQ3_XXS-00002-of-00002.gguf	blk.47.indexer.k_proj.weight	30	655360	2560x128
Swift-Qwen3.8-Flash-Next-GSQ-RCO-IQ3_XXS-00002-of-00002.gguf	blk.47.indexer.q_norm.weight	0	512	128
Swift-Qwen3.8-Flash-Next-GSQ-RCO-IQ3_XXS-00002-of-00002.gguf	blk.47.indexer.q_proj.weight	30	2621440	2560x512
