ggml_cuda_init: found 1 ROCm devices (Total VRAM: 16304 MiB):
  Device 0: AMD Radeon RX 9070 XT, gfx1201 (0x1201), VMM: no, Wave Size: 32, VRAM: 16304 MiB
Testing 2 devices

Backend 1/2: ROCm0
  Device description: AMD Radeon RX 9070 XT
  Device memory: 16304 MB (16182 MB free)

  FLASH_ATTN_EXT(hsk=64,hsv=64,nh=8,nr23=[4,1],kv=1024,nb=32,mask=1,sinks=0,max_bias=0.000000,logit_softcap=0.000000,prec=f32,type_K=f16,type_V=f16,permute=[0,1,2,3]): [1;32mOK[0m
  FLASH_ATTN_EXT(hsk=64,hsv=64,nh=8,nr23=[4,1],kv=1024,nb=32,mask=1,sinks=0,max_bias=0.000000,logit_softcap=0.000000,prec=f32,type_K=q8_0,type_V=q8_0,permute=[0,1,2,3]): [1;32mOK[0m
  FLASH_ATTN_EXT(hsk=64,hsv=64,nh=8,nr23=[4,1],kv=1024,nb=32,mask=1,sinks=0,max_bias=0.000000,logit_softcap=0.000000,prec=f32,type_K=q4_0,type_V=q4_0,permute=[0,1,2,3]): [1;32mOK[0m
  FLASH_ATTN_EXT(hsk=64,hsv=64,nh=8,nr23=[4,1],kv=1024,nb=64,mask=1,sinks=0,max_bias=0.000000,logit_softcap=0.000000,prec=f32,type_K=f16,type_V=f16,permute=[0,1,2,3]): [1;32mOK[0m
  FLASH_ATTN_EXT(hsk=64,hsv=64,nh=8,nr23=[4,1],kv=1024,nb=64,mask=1,sinks=0,max_bias=0.000000,logit_softcap=0.000000,prec=f32,type_K=q8_0,type_V=q8_0,permute=[0,1,2,3]): [1;32mOK[0m
  FLASH_ATTN_EXT(hsk=64,hsv=64,nh=8,nr23=[4,1],kv=1024,nb=64,mask=1,sinks=0,max_bias=0.000000,logit_softcap=0.000000,prec=f32,type_K=q4_0,type_V=q4_0,permute=[0,1,2,3]): [1;32mOK[0m
  FLASH_ATTN_EXT(hsk=128,hsv=128,nh=8,nr23=[4,1],kv=1024,nb=32,mask=1,sinks=0,max_bias=0.000000,logit_softcap=0.000000,prec=f32,type_K=f16,type_V=f16,permute=[0,1,2,3]): [1;32mOK[0m
  FLASH_ATTN_EXT(hsk=128,hsv=128,nh=8,nr23=[4,1],kv=1024,nb=32,mask=1,sinks=0,max_bias=0.000000,logit_softcap=0.000000,prec=f32,type_K=q8_0,type_V=q8_0,permute=[0,1,2,3]): [1;32mOK[0m
  FLASH_ATTN_EXT(hsk=128,hsv=128,nh=8,nr23=[4,1],kv=1024,nb=32,mask=1,sinks=0,max_bias=0.000000,logit_softcap=0.000000,prec=f32,type_K=q4_0,type_V=q4_0,permute=[0,1,2,3]): [1;32mOK[0m
  FLASH_ATTN_EXT(hsk=128,hsv=128,nh=8,nr23=[4,1],kv=1024,nb=64,mask=1,sinks=0,max_bias=0.000000,logit_softcap=0.000000,prec=f32,type_K=f16,type_V=f16,permute=[0,1,2,3]): [1;32mOK[0m
  FLASH_ATTN_EXT(hsk=128,hsv=128,nh=8,nr23=[4,1],kv=1024,nb=64,mask=1,sinks=0,max_bias=0.000000,logit_softcap=0.000000,prec=f32,type_K=q8_0,type_V=q8_0,permute=[0,1,2,3]): [1;32mOK[0m
  FLASH_ATTN_EXT(hsk=128,hsv=128,nh=8,nr23=[4,1],kv=1024,nb=64,mask=1,sinks=0,max_bias=0.000000,logit_softcap=0.000000,prec=f32,type_K=q4_0,type_V=q4_0,permute=[0,1,2,3]): [1;32mOK[0m
  FLASH_ATTN_EXT(hsk=256,hsv=256,nh=8,nr23=[4,1],kv=1024,nb=32,mask=1,sinks=0,max_bias=0.000000,logit_softcap=0.000000,prec=f32,type_K=f16,type_V=f16,permute=[0,1,2,3]): [1;32mOK[0m
  FLASH_ATTN_EXT(hsk=256,hsv=256,nh=8,nr23=[4,1],kv=1024,nb=32,mask=1,sinks=0,max_bias=0.000000,logit_softcap=0.000000,prec=f32,type_K=q8_0,type_V=q8_0,permute=[0,1,2,3]): [1;32mOK[0m
  FLASH_ATTN_EXT(hsk=256,hsv=256,nh=8,nr23=[4,1],kv=1024,nb=32,mask=1,sinks=0,max_bias=0.000000,logit_softcap=0.000000,prec=f32,type_K=q4_0,type_V=q4_0,permute=[0,1,2,3]): [1;32mOK[0m
  FLASH_ATTN_EXT(hsk=256,hsv=256,nh=8,nr23=[4,1],kv=1024,nb=64,mask=1,sinks=0,max_bias=0.000000,logit_softcap=0.000000,prec=f32,type_K=f16,type_V=f16,permute=[0,1,2,3]): [1;32mOK[0m
  FLASH_ATTN_EXT(hsk=256,hsv=256,nh=8,nr23=[4,1],kv=1024,nb=64,mask=1,sinks=0,max_bias=0.000000,logit_softcap=0.000000,prec=f32,type_K=q8_0,type_V=q8_0,permute=[0,1,2,3]): [1;32mOK[0m
  FLASH_ATTN_EXT(hsk=256,hsv=256,nh=8,nr23=[4,1],kv=1024,nb=64,mask=1,sinks=0,max_bias=0.000000,logit_softcap=0.000000,prec=f32,type_K=q4_0,type_V=q4_0,permute=[0,1,2,3]): [1;32mOK[0m
  FLASH_ATTN_EXT(hsk=64,hsv=64,nh=8,nr23=[4,1],kv=2048,nb=32,mask=1,sinks=0,max_bias=0.000000,logit_softcap=0.000000,prec=f32,type_K=f16,type_V=f16,permute=[0,1,2,3]): [1;32mOK[0m
  FLASH_ATTN_EXT(hsk=64,hsv=64,nh=8,nr23=[4,1],kv=2048,nb=32,mask=1,sinks=0,max_bias=0.000000,logit_softcap=0.000000,prec=f32,type_K=q8_0,type_V=q8_0,permute=[0,1,2,3]): [1;32mOK[0m
  FLASH_ATTN_EXT(hsk=64,hsv=64,nh=8,nr23=[4,1],kv=2048,nb=32,mask=1,sinks=0,max_bias=0.000000,logit_softcap=0.000000,prec=f32,type_K=q4_0,type_V=q4_0,permute=[0,1,2,3]): [1;32mOK[0m
  FLASH_ATTN_EXT(hsk=64,hsv=64,nh=8,nr23=[4,1],kv=2048,nb=64,mask=1,sinks=0,max_bias=0.000000,logit_softcap=0.000000,prec=f32,type_K=f16,type_V=f16,permute=[0,1,2,3]): [1;32mOK[0m
  FLASH_ATTN_EXT(hsk=64,hsv=64,nh=8,nr23=[4,1],kv=2048,nb=64,mask=1,sinks=0,max_bias=0.000000,logit_softcap=0.000000,prec=f32,type_K=q8_0,type_V=q8_0,permute=[0,1,2,3]): [1;32mOK[0m
  FLASH_ATTN_EXT(hsk=64,hsv=64,nh=8,nr23=[4,1],kv=2048,nb=64,mask=1,sinks=0,max_bias=0.000000,logit_softcap=0.000000,prec=f32,type_K=q4_0,type_V=q4_0,permute=[0,1,2,3]): [1;32mOK[0m
  FLASH_ATTN_EXT(hsk=128,hsv=128,nh=8,nr23=[4,1],kv=2048,nb=32,mask=1,sinks=0,max_bias=0.000000,logit_softcap=0.000000,prec=f32,type_K=f16,type_V=f16,permute=[0,1,2,3]): [1;32mOK[0m
  FLASH_ATTN_EXT(hsk=128,hsv=128,nh=8,nr23=[4,1],kv=2048,nb=32,mask=1,sinks=0,max_bias=0.000000,logit_softcap=0.000000,prec=f32,type_K=q8_0,type_V=q8_0,permute=[0,1,2,3]): [1;32mOK[0m
  FLASH_ATTN_EXT(hsk=128,hsv=128,nh=8,nr23=[4,1],kv=2048,nb=32,mask=1,sinks=0,max_bias=0.000000,logit_softcap=0.000000,prec=f32,type_K=q4_0,type_V=q4_0,permute=[0,1,2,3]): [1;32mOK[0m
  FLASH_ATTN_EXT(hsk=128,hsv=128,nh=8,nr23=[4,1],kv=2048,nb=64,mask=1,sinks=0,max_bias=0.000000,logit_softcap=0.000000,prec=f32,type_K=f16,type_V=f16,permute=[0,1,2,3]): [1;32mOK[0m
  FLASH_ATTN_EXT(hsk=128,hsv=128,nh=8,nr23=[4,1],kv=2048,nb=64,mask=1,sinks=0,max_bias=0.000000,logit_softcap=0.000000,prec=f32,type_K=q8_0,type_V=q8_0,permute=[0,1,2,3]): [1;32mOK[0m
  FLASH_ATTN_EXT(hsk=128,hsv=128,nh=8,nr23=[4,1],kv=2048,nb=64,mask=1,sinks=0,max_bias=0.000000,logit_softcap=0.000000,prec=f32,type_K=q4_0,type_V=q4_0,permute=[0,1,2,3]): [1;32mOK[0m
  FLASH_ATTN_EXT(hsk=256,hsv=256,nh=8,nr23=[4,1],kv=2048,nb=32,mask=1,sinks=0,max_bias=0.000000,logit_softcap=0.000000,prec=f32,type_K=f16,type_V=f16,permute=[0,1,2,3]): [1;32mOK[0m
  FLASH_ATTN_EXT(hsk=256,hsv=256,nh=8,nr23=[4,1],kv=2048,nb=32,mask=1,sinks=0,max_bias=0.000000,logit_softcap=0.000000,prec=f32,type_K=q8_0,type_V=q8_0,permute=[0,1,2,3]): [1;32mOK[0m
  FLASH_ATTN_EXT(hsk=256,hsv=256,nh=8,nr23=[4,1],kv=2048,nb=32,mask=1,sinks=0,max_bias=0.000000,logit_softcap=0.000000,prec=f32,type_K=q4_0,type_V=q4_0,permute=[0,1,2,3]): [1;32mOK[0m
  FLASH_ATTN_EXT(hsk=256,hsv=256,nh=8,nr23=[4,1],kv=2048,nb=64,mask=1,sinks=0,max_bias=0.000000,logit_softcap=0.000000,prec=f32,type_K=f16,type_V=f16,permute=[0,1,2,3]): [1;32mOK[0m
  FLASH_ATTN_EXT(hsk=256,hsv=256,nh=8,nr23=[4,1],kv=2048,nb=64,mask=1,sinks=0,max_bias=0.000000,logit_softcap=0.000000,prec=f32,type_K=q8_0,type_V=q8_0,permute=[0,1,2,3]): [1;32mOK[0m
  FLASH_ATTN_EXT(hsk=256,hsv=256,nh=8,nr23=[4,1],kv=2048,nb=64,mask=1,sinks=0,max_bias=0.000000,logit_softcap=0.000000,prec=f32,type_K=q4_0,type_V=q4_0,permute=[0,1,2,3]): [1;32mOK[0m
  FLASH_ATTN_EXT(hsk=40,hsv=40,nh=4,nr23=[1,1],kv=113,nb=1,mask=1,sinks=1,max_bias=0.000000,logit_softcap=0.000000,prec=f32,type_K=f16,type_V=f16,permute=[0,1,2,3]): [1;32mOK[0m
  FLASH_ATTN_EXT(hsk=40,hsv=40,nh=4,nr23=[1,1],kv=113,nb=3,mask=1,sinks=1,max_bias=0.000000,logit_softcap=0.000000,prec=f32,type_K=f16,type_V=f16,permute=[0,1,2,3]): [1;32mOK[0m
  FLASH_ATTN_EXT(hsk=40,hsv=40,nh=4,nr23=[1,1],kv=113,nb=32,mask=1,sinks=1,max_bias=0.000000,logit_softcap=0.000000,prec=f32,type_K=f16,type_V=f16,permute=[0,1,2,3]): [1;32mOK[0m
  FLASH_ATTN_EXT(hsk=40,hsv=40,nh=4,nr23=[1,1],kv=113,nb=75,mask=1,sinks=1,max_bias=0.000000,logit_softcap=0.000000,prec=f32,type_K=f16,type_V=f16,permute=[0,1,2,3]): [1;32mOK[0m
  FLASH_ATTN_EXT(hsk=40,hsv=40,nh=4,nr23=[1,1],kv=512,nb=1,mask=1,sinks=1,max_bias=0.000000,logit_softcap=0.000000,prec=f32,type_K=f16,type_V=f16,permute=[0,1,2,3]): [1;32mOK[0m
  FLASH_ATTN_EXT(hsk=40,hsv=40,nh=4,nr23=[1,1],kv=512,nb=1,mask=1,sinks=1,max_bias=0.000000,logit_softcap=0.000000,prec=f32,type_K=f16,type_V=f16,permute=[0,2,1,3]): [1;32mOK[0m
  FLASH_ATTN_EXT(hsk=40,hsv=40,nh=4,nr23=[1,1],kv=512,nb=3,mask=1,sinks=1,max_bias=0.000000,logit_softcap=0.000000,prec=f32,type_K=f16,type_V=f16,permute=[0,1,2,3]): [1;32mOK[0m
  FLASH_ATTN_EXT(hsk=40,hsv=40,nh=4,nr23=[1,1],kv=512,nb=3,mask=1,sinks=1,max_bias=0.000000,logit_softcap=0.000000,prec=f32,type_K=f16,type_V=f16,permute=[0,2,1,3]): [1;32mOK[0m
  FLASH_ATTN_EXT(hsk=40,hsv=40,nh=4,nr23=[1,1],kv=512,nb=32,mask=1,sinks=1,max_bias=0.000000,logit_softcap=0.000000,prec=f32,type_K=f16,type_V=f16,permute=[0,1,2,3]): [1;32mOK[0m
  FLASH_ATTN_EXT(hsk=40,hsv=40,nh=4,nr23=[1,1],kv=512,nb=32,mask=1,sinks=1,max_bias=0.000000,logit_softcap=0.000000,prec=f32,type_K=f16,type_V=f16,permute=[0,2,1,3]): [1;32mOK[0m
  FLASH_ATTN_EXT(hsk=40,hsv=40,nh=4,nr23=[1,1],kv=512,nb=75,mask=1,sinks=1,max_bias=0.000000,logit_softcap=0.000000,prec=f32,type_K=f16,type_V=f16,permute=[0,1,2,3]): [1;32mOK[0m
  FLASH_ATTN_EXT(hsk=40,hsv=40,nh=4,nr23=[1,1],kv=512,nb=75,mask=1,sinks=1,max_bias=0.000000,logit_softcap=0.000000,prec=f32,type_K=f16,type_V=f16,permute=[0,2,1,3]): [1;32mOK[0m
  FLASH_ATTN_EXT(hsk=40,hsv=40,nh=4,nr23=[1,1],kv=1024,nb=1,mask=1,sinks=1,max_bias=0.000000,logit_softcap=0.000000,prec=f32,type_K=f16,type_V=f16,permute=[0,1,2,3]): [1;32mOK[0m
  FLASH_ATTN_EXT(hsk=40,hsv=40,nh=4,nr23=[1,1],kv=1024,nb=3,mask=1,sinks=1,max_bias=0.000000,logit_softcap=0.000000,prec=f32,type_K=f16,type_V=f16,permute=[0,1,2,3]): [1;32mOK[0m
  FLASH_ATTN_EXT(hsk=40,hsv=40,nh=4,nr23=[1,1],kv=1024,nb=32,mask=1,sinks=1,max_bias=0.000000,logit_softcap=0.000000,prec=f32,type_K=f16,type_V=f16,permute=[0,1,2,3]): [1;32mOK[0m
  FLASH_ATTN_EXT(hsk=40,hsv=40,nh=4,nr23=[1,1],kv=1024,nb=75,mask=1,sinks=1,max_bias=0.000000,logit_softcap=0.000000,prec=f32,type_K=f16,type_V=f16,permute=[0,1,2,3]): [1;32mOK[0m
  FLASH_ATTN_EXT(hsk=40,hsv=40,nh=4,nr23=[4,1],kv=512,nb=1,mask=1,sinks=1,max_bias=0.000000,logit_softcap=0.000000,prec=f32,type_K=f16,type_V=f16,permute=[0,1,2,3]): [1;32mOK[0m
  FLASH_ATTN_EXT(hsk=40,hsv=40,nh=4,nr23=[4,1],kv=512,nb=1,mask=1,sinks=1,max_bias=0.000000,logit_softcap=0.000000,prec=f32,type_K=f16,type_V=f16,permute=[0,2,1,3]): [1;32mOK[0m
  FLASH_ATTN_EXT(hsk=40,hsv=40,nh=4,nr23=[4,1],kv=512,nb=3,mask=1,sinks=1,max_bias=0.000000,logit_softcap=0.000000,prec=f32,type_K=f16,type_V=f16,permute=[0,1,2,3]): [1;32mOK[0m
  FLASH_ATTN_EXT(hsk=40,hsv=40,nh=4,nr23=[4,1],kv=512,nb=3,mask=1,sinks=1,max_bias=0.000000,logit_softcap=0.000000,prec=f32,type_K=f16,type_V=f16,permute=[0,2,1,3]): [1;32mOK[0m
  FLASH_ATTN_EXT(hsk=40,hsv=40,nh=4,nr23=[4,1],kv=512,nb=32,mask=1,sinks=1,max_bias=0.000000,logit_softcap=0.000000,prec=f32,type_K=f16,type_V=f16,permute=[0,1,2,3]): [1;32mOK[0m
  FLASH_ATTN_EXT(hsk=40,hsv=40,nh=4,nr23=[4,1],kv=512,nb=32,mask=1,sinks=1,max_bias=0.000000,logit_softcap=0.000000,prec=f32,type_K=f16,type_V=f16,permute=[0,2,1,3]): [1;32mOK[0m
  FLASH_ATTN_EXT(hsk=40,hsv=40,nh=4,nr23=[4,1],kv=512,nb=75,mask=1,sinks=1,max_bias=0.000000,logit_softcap=0.000000,prec=f32,type_K=f16,type_V=f16,permute=[0,1,2,3]): [1;32mOK[0m
  FLASH_ATTN_EXT(hsk=40,hsv=40,nh=4,nr23=[4,1],kv=512,nb=75,mask=1,sinks=1,max_bias=0.000000,logit_softcap=0.000000,prec=f32,type_K=f16,type_V=f16,permute=[0,2,1,3]): [1;32mOK[0m
  FLASH_ATTN_EXT(hsk=40,hsv=40,nh=4,nr23=[1,3],kv=113,nb=1,mask=1,sinks=1,max_bias=0.000000,logit_softcap=0.000000,prec=f32,type_K=f16,type_V=f16,permute=[0,1,2,3]): [1;32mOK[0m
  FLASH_ATTN_EXT(hsk=40,hsv=40,nh=4,nr23=[1,3],kv=113,nb=3,mask=1,sinks=1,max_bias=0.000000,logit_softcap=0.000000,prec=f32,type_K=f16,type_V=f16,permute=[0,1,2,3]): [1;32mOK[0m
  FLASH_ATTN_EXT(hsk=40,hsv=40,nh=4,nr23=[1,3],kv=113,nb=32,mask=1,sinks=1,max_bias=0.000000,logit_softcap=0.000000,prec=f32,type_K=f16,type_V=f16,permute=[0,1,2,3]): [1;32mOK[0m
  FLASH_ATTN_EXT(hsk=40,hsv=40,nh=4,nr23=[1,3],kv=113,nb=75,mask=1,sinks=1,max_bias=0.000000,logit_softcap=0.000000,prec=f32,type_K=f16,type_V=f16,permute=[0,1,2,3]): [1;32mOK[0m
  FLASH_ATTN_EXT(hsk=40,hsv=40,nh=4,nr23=[1,3],kv=512,nb=1,mask=1,sinks=1,max_bias=0.000000,logit_softcap=0.000000,prec=f32,type_K=f16,type_V=f16,permute=[0,1,2,3]): ggml_backend_cuda_graph_compute: CUDA graph warmup complete
ggml_backend_cuda_graph_compute: CUDA graph warmup complete
[1;32mOK[0m
  FLASH_ATTN_EXT(hsk=40,hsv=40,nh=4,nr23=[1,3],kv=512,nb=1,mask=1,sinks=1,max_bias=0.000000,logit_softcap=0.000000,prec=f32,type_K=f16,type_V=f16,permute=[0,2,1,3]): ggml_backend_cuda_graph_compute: CUDA graph warmup reset
ggml_backend_cuda_graph_compute: CUDA graph warmup reset
[1;32mOK[0m
  FLASH_ATTN_EXT(hsk=40,hsv=40,nh=4,nr23=[1,3],kv=512,nb=3,mask=1,sinks=1,max_bias=0.000000,logit_softcap=0.000000,prec=f32,type_K=f16,type_V=f16,permute=[0,1,2,3]): ggml_backend_cuda_graph_compute: CUDA graph warmup complete
ggml_backend_cuda_graph_compute: CUDA graph warmup complete
[1;32mOK[0m
  FLASH_ATTN_EXT(hsk=40,hsv=40,nh=4,nr23=[1,3],kv=512,nb=3,mask=1,sinks=1,max_bias=0.000000,logit_softcap=0.000000,prec=f32,type_K=f16,type_V=f16,permute=[0,2,1,3]): ggml_backend_cuda_graph_compute: CUDA graph warmup reset
ggml_backend_cuda_graph_compute: CUDA graph warmup reset
[1;32mOK[0m
  FLASH_ATTN_EXT(hsk=40,hsv=40,nh=4,nr23=[1,3],kv=512,nb=32,mask=1,sinks=1,max_bias=0.000000,logit_softcap=0.000000,prec=f32,type_K=f16,type_V=f16,permute=[0,1,2,3]): ggml_backend_cuda_graph_compute: CUDA graph warmup complete
ggml_backend_cuda_graph_compute: CUDA graph warmup complete
[1;32mOK[0m
  FLASH_ATTN_EXT(hsk=40,hsv=40,nh=4,nr23=[1,3],kv=512,nb=32,mask=1,sinks=1,max_bias=0.000000,logit_softcap=0.000000,prec=f32,type_K=f16,type_V=f16,permute=[0,2,1,3]): ggml_backend_cuda_graph_compute: CUDA graph warmup reset
ggml_backend_cuda_graph_compute: CUDA graph warmup reset
[1;32mOK[0m
  FLASH_ATTN_EXT(hsk=40,hsv=40,nh=4,nr23=[1,3],kv=512,nb=75,mask=1,sinks=1,max_bias=0.000000,logit_softcap=0.000000,prec=f32,type_K=f16,type_V=f16,permute=[0,1,2,3]): ggml_backend_cuda_graph_compute: CUDA graph warmup complete
ggml_backend_cuda_graph_compute: CUDA graph warmup complete
[1;32mOK[0m
  FLASH_ATTN_EXT(hsk=40,hsv=40,nh=4,nr23=[1,3],kv=512,nb=75,mask=1,sinks=1,max_bias=0.000000,logit_softcap=0.000000,prec=f32,type_K=f16,type_V=f16,permute=[0,2,1,3]): ggml_backend_cuda_graph_compute: CUDA graph warmup reset
ggml_backend_cuda_graph_compute: CUDA graph warmup reset
[1;32mOK[0m
  FLASH_ATTN_EXT(hsk=40,hsv=40,nh=4,nr23=[1,3],kv=1024,nb=1,mask=1,sinks=1,max_bias=0.000000,logit_softcap=0.000000,prec=f32,type_K=f16,type_V=f16,permute=[0,1,2,3]): [1;32mOK[0m
  FLASH_ATTN_EXT(hsk=40,hsv=40,nh=4,nr23=[1,3],kv=1024,nb=3,mask=1,sinks=1,max_bias=0.000000,logit_softcap=0.000000,prec=f32,type_K=f16,type_V=f16,permute=[0,1,2,3]): [1;32mOK[0m
  FLASH_ATTN_EXT(hsk=40,hsv=40,nh=4,nr23=[1,3],kv=1024,nb=32,mask=1,sinks=1,max_bias=0.000000,logit_softcap=0.000000,prec=f32,type_K=f16,type_V=f16,permute=[0,1,2,3]): [1;32mOK[0m
  FLASH_ATTN_EXT(hsk=40,hsv=40,nh=4,nr23=[1,3],kv=1024,nb=75,mask=1,sinks=1,max_bias=0.000000,logit_softcap=0.000000,prec=f32,type_K=f16,type_V=f16,permute=[0,1,2,3]): [1;32mOK[0m
  FLASH_ATTN_EXT(hsk=40,hsv=40,nh=4,nr23=[4,3],kv=512,nb=1,mask=1,sinks=1,max_bias=0.000000,logit_softcap=0.000000,prec=f32,type_K=f16,type_V=f16,permute=[0,1,2,3]): ggml_backend_cuda_graph_compute: CUDA graph warmup complete
ggml_backend_cuda_graph_compute: CUDA graph warmup complete
[1;32mOK[0m
  FLASH_ATTN_EXT(hsk=40,hsv=40,nh=4,nr23=[4,3],kv=512,nb=1,mask=1,sinks=1,max_bias=0.000000,logit_softcap=0.000000,prec=f32,type_K=f16,type_V=f16,permute=[0,2,1,3]): ggml_backend_cuda_graph_compute: CUDA graph warmup reset
ggml_backend_cuda_graph_compute: CUDA graph warmup reset
[1;32mOK[0m
  FLASH_ATTN_EXT(hsk=40,hsv=40,nh=4,nr23=[4,3],kv=512,nb=3,mask=1,sinks=1,max_bias=0.000000,logit_softcap=0.000000,prec=f32,type_K=f16,type_V=f16,permute=[0,1,2,3]): [1;32mOK[0m
  FLASH_ATTN_EXT(hsk=40,hsv=40,nh=4,nr23=[4,3],kv=512,nb=3,mask=1,sinks=1,max_bias=0.000000,logit_softcap=0.000000,prec=f32,type_K=f16,type_V=f16,permute=[0,2,1,3]): [1;32mOK[0m
  FLASH_ATTN_EXT(hsk=40,hsv=40,nh=4,nr23=[4,3],kv=512,nb=32,mask=1,sinks=1,max_bias=0.000000,logit_softcap=0.000000,prec=f32,type_K=f16,type_V=f16,permute=[0,1,2,3]): ggml_backend_cuda_graph_compute: CUDA graph warmup complete
ggml_backend_cuda_graph_compute: CUDA graph warmup complete
[1;32mOK[0m
  FLASH_ATTN_EXT(hsk=40,hsv=40,nh=4,nr23=[4,3],kv=512,nb=32,mask=1,sinks=1,max_bias=0.000000,logit_softcap=0.000000,prec=f32,type_K=f16,type_V=f16,permute=[0,2,1,3]): ggml_backend_cuda_graph_compute: CUDA graph warmup reset
ggml_backend_cuda_graph_compute: CUDA graph warmup reset
[1;32mOK[0m
  FLASH_ATTN_EXT(hsk=40,hsv=40,nh=4,nr23=[4,3],kv=512,nb=75,mask=1,sinks=1,max_bias=0.000000,logit_softcap=0.000000,prec=f32,type_K=f16,type_V=f16,permute=[0,1,2,3]): [1;32mOK[0m
  FLASH_ATTN_EXT(hsk=40,hsv=40,nh=4,nr23=[4,3],kv=512,nb=75,mask=1,sinks=1,max_bias=0.000000,logit_softcap=0.000000,prec=f32,type_K=f16,type_V=f16,permute=[0,2,1,3]): [1;32mOK[0m
  FLASH_ATTN_EXT(hsk=40,hsv=40,nh=4,nr23=[1,1],kv=113,nb=1,mask=1,sinks=1,max_bias=8.000000,logit_softcap=0.000000,prec=f32,type_K=f16,type_V=f16,permute=[0,1,2,3]): [1;32mOK[0m
  FLASH_ATTN_EXT(hsk=40,hsv=40,nh=4,nr23=[1,1],kv=113,nb=3,mask=1,sinks=1,max_bias=8.000000,logit_softcap=0.000000,prec=f32,type_K=f16,type_V=f16,permute=[0,1,2,3]): [1;32mOK[0m
  FLASH_ATTN_EXT(hsk=40,hsv=40,nh=4,nr23=[1,1],kv=113,nb=32,mask=1,sinks=1,max_bias=8.000000,logit_softcap=0.000000,prec=f32,type_K=f16,type_V=f16,permute=[0,1,2,3]): [1;32mOK[0m
  FLASH_ATTN_EXT(hsk=40,hsv=40,nh=4,nr23=[1,1],kv=113,nb=75,mask=1,sinks=1,max_bias=8.000000,logit_softcap=0.000000,prec=f32,type_K=f16,type_V=f16,permute=[0,1,2,3]): ggml_backend_cuda_graph_compute: CUDA graph warmup complete
ggml_backend_cuda_graph_compute: CUDA graph warmup complete
[1;32mOK[0m
  FLASH_ATTN_EXT(hsk=40,hsv=40,nh=4,nr23=[1,1],kv=512,nb=1,mask=1,sinks=1,max_bias=8.000000,logit_softcap=0.000000,prec=f32,type_K=f16,type_V=f16,permute=[0,1,2,3]): ggml_backend_cuda_graph_compute: CUDA graph warmup reset
ggml_backend_cuda_graph_compute: CUDA graph warmup reset
[1;32mOK[0m
  FLASH_ATTN_EXT(hsk=40,hsv=40,nh=4,nr23=[1,1],kv=512,nb=3,mask=1,sinks=1,max_bias=8.000000,logit_softcap=0.000000,prec=f32,type_K=f16,type_V=f16,permute=[0,1,2,3]): [1;32mOK[0m
  FLASH_ATTN_EXT(hsk=40,hsv=40,nh=4,nr23=[1,1],kv=512,nb=32,mask=1,sinks=1,max_bias=8.000000,logit_softcap=0.000000,prec=f32,type_K=f16,type_V=f16,permute=[0,1,2,3]): [1;32mOK[0m
  FLASH_ATTN_EXT(hsk=40,hsv=40,nh=4,nr23=[1,1],kv=512,nb=75,mask=1,sinks=1,max_bias=8.000000,logit_softcap=0.000000,prec=f32,type_K=f16,type_V=f16,permute=[0,1,2,3]): [1;32mOK[0m
  FLASH_ATTN_EXT(hsk=40,hsv=40,nh=4,nr23=[1,1],kv=1024,nb=1,mask=1,sinks=1,max_bias=8.000000,logit_softcap=0.000000,prec=f32,type_K=f16,type_V=f16,permute=[0,1,2,3]): [1;32mOK[0m
  FLASH_ATTN_EXT(hsk=40,hsv=40,nh=4,nr23=[1,1],kv=1024,nb=3,mask=1,sinks=1,max_bias=8.000000,logit_softcap=0.000000,prec=f32,type_K=f16,type_V=f16,permute=[0,1,2,3]): [1;32mOK[0m
  FLASH_ATTN_EXT(hsk=40,hsv=40,nh=4,nr23=[1,1],kv=1024,nb=32,mask=1,sinks=1,max_bias=8.000000,logit_softcap=0.000000,prec=f32,type_K=f16,type_V=f16,permute=[0,1,2,3]): [1;32mOK[0m
  FLASH_ATTN_EXT(hsk=40,hsv=40,nh=4,nr23=[1,1],kv=1024,nb=75,mask=1,sinks=1,max_bias=8.000000,logit_softcap=0.000000,prec=f32,type_K=f16,type_V=f16,permute=[0,1,2,3]): [1;32mOK[0m
  FLASH_ATTN_EXT(hsk=40,hsv=40,nh=4,nr23=[4,1],kv=512,nb=1,mask=1,sinks=1,max_bias=8.000000,logit_softcap=0.000000,prec=f32,type_K=f16,type_V=f16,permute=[0,1,2,3]): [1;32mOK[0m
  FLASH_ATTN_EXT(hsk=40,hsv=40,nh=4,nr23=[4,1],kv=512,nb=3,mask=1,sinks=1,max_bias=8.000000,logit_softcap=0.000000,prec=f32,type_K=f16,type_V=f16,permute=[0,1,2,3]): [1;32mOK[0m
  FLASH_ATTN_EXT(hsk=40,hsv=40,nh=4,nr23=[4,1],kv=512,nb=32,mask=1,sinks=1,max_bias=8.000000,logit_softcap=0.000000,prec=f32,type_K=f16,type_V=f16,permute=[0,1,2,3]): [1;32mOK[0m
  FLASH_ATTN_EXT(hsk=40,hsv=40,nh=4,nr23=[4,1],kv=512,nb=75,mask=1,sinks=1,max_bias=8.000000,logit_softcap=0.000000,prec=f32,type_K=f16,type_V=f16,permute=[0,1,2,3]): [1;32mOK[0m
  FLASH_ATTN_EXT(hsk=40,hsv=40,nh=4,nr23=[1,3],kv=113,nb=1,mask=1,sinks=1,max_bias=8.000000,logit_softcap=0.000000,prec=f32,type_K=f16,type_V=f16,permute=[0,1,2,3]): [1;32mOK[0m
  FLASH_ATTN_EXT(hsk=40,hsv=40,nh=4,nr23=[1,3],kv=113,nb=3,mask=1,sinks=1,max_bias=8.000000,logit_softcap=0.000000,prec=f32,type_K=f16,type_V=f16,permute=[0,1,2,3]): [1;32mOK[0m
  FLASH_ATTN_EXT(hsk=40,hsv=40,nh=4,nr23=[1,3],kv=113,nb=32,mask=1,sinks=1,max_bias=8.000000,logit_softcap=0.000000,prec=f32,type_K=f16,type_V=f16,permute=[0,1,2,3]): [1;32mOK[0m
  FLASH_ATTN_EXT(hsk=40,hsv=40,nh=4,nr23=[1,3],kv=113,nb=75,mask=1,sinks=1,max_bias=8.000000,logit_softcap=0.000000,prec=f32,type_K=f16,type_V=f16,permute=[0,1,2,3]): ggml_backend_cuda_graph_compute: CUDA graph warmup complete
[1;32mOK[0m
  FLASH_ATTN_EXT(hsk=40,hsv=40,nh=4,nr23=[1,3],kv=512,nb=1,mask=1,sinks=1,max_bias=8.000000,logit_softcap=0.000000,prec=f32,type_K=f16,type_V=f16,permute=[0,1,2,3]): [1;32mOK[0m
  FLASH_ATTN_EXT(hsk=40,hsv=40,nh=4,nr23=[1,3],kv=512,nb=3,mask=1,sinks=1,max_bias=8.000000,logit_softcap=0.000000,prec=f32,type_K=f16,type_V=f16,permute=[0,1,2,3]): [1;32mOK[0m
  FLASH_ATTN_EXT(hsk=40,hsv=40,nh=4,nr23=[1,3],kv=512,nb=32,mask=1,sinks=1,max_bias=8.000000,logit_softcap=0.000000,prec=f32,type_K=f16,type_V=f16,permute=[0,1,2,3]): [1;32mOK[0m
  FLASH_ATTN_EXT(hsk=40,hsv=40,nh=4,nr23=[1,3],kv=512,nb=75,mask=1,sinks=1,max_bias=8.000000,logit_softcap=0.000000,prec=f32,type_K=f16,type_V=f16,permute=[0,1,2,3]): [1;32mOK[0m
  FLASH_ATTN_EXT(hsk=40,hsv=40,nh=4,nr23=[1,3],kv=1024,nb=1,mask=1,sinks=1,max_bias=8.000000,logit_softcap=0.000000,prec=f32,type_K=f16,type_V=f16,permute=[0,1,2,3]): [1;32mOK[0m
  FLASH_ATTN_EXT(hsk=40,hsv=40,nh=4,nr23=[1,3],kv=1024,nb=3,mask=1,sinks=1,max_bias=8.000000,logit_softcap=0.000000,prec=f32,type_K=f16,type_V=f16,permute=[0,1,2,3]): [1;32mOK[0m
  FLASH_ATTN_EXT(hsk=40,hsv=40,nh=4,nr23=[1,3],kv=1024,nb=32,mask=1,sinks=1,max_bias=8.000000,logit_softcap=0.000000,prec=f32,type_K=f16,type_V=f16,permute=[0,1,2,3]): [1;32mOK[0m
  FLASH_ATTN_EXT(hsk=40,hsv=40,nh=4,nr23=[1,3],kv=1024,nb=75,mask=1,sinks=1,max_bias=8.000000,logit_softcap=0.000000,prec=f32,type_K=f16,type_V=f16,permute=[0,1,2,3]): [1;32mOK[0m
  FLASH_ATTN_EXT(hsk=40,hsv=40,nh=4,nr23=[4,3],kv=512,nb=1,mask=1,sinks=1,max_bias=8.000000,logit_softcap=0.000000,prec=f32,type_K=f16,type_V=f16,permute=[0,1,2,3]): [1;32mOK[0m
  FLASH_ATTN_EXT(hsk=40,hsv=40,nh=4,nr23=[4,3],kv=512,nb=3,mask=1,sinks=1,max_bias=8.000000,logit_softcap=0.000000,prec=f32,type_K=f16,type_V=f16,permute=[0,1,2,3]): [1;32mOK[0m
  FLASH_ATTN_EXT(hsk=40,hsv=40,nh=4,nr23=[4,3],kv=512,nb=32,mask=1,sinks=1,max_bias=8.000000,logit_softcap=0.000000,prec=f32,type_K=f16,type_V=f16,permute=[0,1,2,3]): [1;32mOK[0m
  FLASH_ATTN_EXT(hsk=40,hsv=40,nh=4,nr23=[4,3],kv=512,nb=75,mask=1,sinks=1,max_bias=8.000000,logit_softcap=0.000000,prec=f32,type_K=f16,type_V=f16,permute=[0,1,2,3]): [1;32mOK[0m
  FLASH_ATTN_EXT(hsk=40,hsv=40,nh=4,nr23=[1,1],kv=113,nb=1,mask=1,sinks=0,max_bias=0.000000,logit_softcap=0.000000,prec=f32,type_K=f16,type_V=f16,permute=[0,1,2,3]): [1;32mOK[0m
  FLASH_ATTN_EXT(hsk=40,hsv=40,nh=4,nr23=[1,1],kv=113,nb=3,mask=1,sinks=0,max_bias=0.000000,logit_softcap=0.000000,prec=f32,type_K=f16,type_V=f16,permute=[0,1,2,3]): [1;32mOK[0m
  FLASH_ATTN_EXT(hsk=40,hsv=40,nh=4,nr23=[1,1],kv=113,nb=32,mask=1,sinks=0,max_bias=0.000000,logit_softcap=0.000000,prec=f32,type_K=f16,type_V=f16,permute=[0,1,2,3]): [1;32mOK[0m
  FLASH_ATTN_EXT(hsk=40,hsv=40,nh=4,nr23=[1,1],kv=113,nb=75,mask=1,sinks=0,max_bias=0.000000,logit_softcap=0.000000,prec=f32,type_K=f16,type_V=f16,permute=[0,1,2,3]): [1;32mOK[0m
  FLASH_ATTN_EXT(hsk=40,hsv=40,nh=4,nr23=[1,1],kv=512,nb=1,mask=1,sinks=0,max_bias=0.000000,logit_softcap=0.000000,prec=f32,type_K=f16,type_V=f16,permute=[0,1,2,3]): [1;32mOK[0m
  FLASH_ATTN_EXT(hsk=40,hsv=40,nh=4,nr23=[1,1],kv=512,nb=1,mask=1,sinks=0,max_bias=0.000000,logit_softcap=0.000000,prec=f32,type_K=f16,type_V=f16,permute=[0,2,1,3]): [1;32mOK[0m
  FLASH_ATTN_EXT(hsk=40,hsv=40,nh=4,nr23=[1,1],kv=512,nb=3,mask=1,sinks=0,max_bias=0.000000,logit_softcap=0.000000,prec=f32,type_K=f16,type_V=f16,permute=[0,1,2,3]): [1;32mOK[0m
  FLASH_ATTN_EXT(hsk=40,hsv=40,nh=4,nr23=[1,1],kv=512,nb=3,mask=1,sinks=0,max_bias=0.000000,logit_softcap=0.000000,prec=f32,type_K=f16,type_V=f16,permute=[0,2,1,3]): [1;32mOK[0m
  FLASH_ATTN_EXT(hsk=40,hsv=40,nh=4,nr23=[1,1],kv=512,nb=32,mask=1,sinks=0,max_bias=0.000000,logit_softcap=0.000000,prec=f32,type_K=f16,type_V=f16,permute=[0,1,2,3]): [1;32mOK[0m
  FLASH_ATTN_EXT(hsk=40,hsv=40,nh=4,nr23=[1,1],kv=512,nb=32,mask=1,sinks=0,max_bias=0.000000,logit_softcap=0.000000,prec=f32,type_K=f16,type_V=f16,permute=[0,2,1,3]): [1;32mOK[0m
  FLASH_ATTN_EXT(hsk=40,hsv=40,nh=4,nr23=[1,1],kv=512,nb=75,mask=1,sinks=0,max_bias=0.000000,logit_softcap=0.000000,prec=f32,type_K=f16,type_V=f16,permute=[0,1,2,3]): [1;32mOK[0m
  FLASH_ATTN_EXT(hsk=40,hsv=40,nh=4,nr23=[1,1],kv=512,nb=75,mask=1,sinks=0,max_bias=0.000000,logit_softcap=0.000000,prec=f32,type_K=f16,type_V=f16,permute=[0,2,1,3]): [1;32mOK[0m
  FLASH_ATTN_EXT(hsk=40,hsv=40,nh=4,nr23=[1,1],kv=1024,nb=1,mask=1,sinks=0,max_bias=0.000000,logit_softcap=0.000000,prec=f32,type_K=f16,type_V=f16,permute=[0,1,2,3]): [1;32mOK[0m
  FLASH_ATTN_EXT(hsk=40,hsv=40,nh=4,nr23=[1,1],kv=1024,nb=3,mask=1,sinks=0,max_bias=0.000000,logit_softcap=0.000000,prec=f32,type_K=f16,type_V=f16,permute=[0,1,2,3]): [1;32mOK[0m
  FLASH_ATTN_EXT(hsk=40,hsv=40,nh=4,nr23=[1,1],kv=1024,nb=32,mask=1,sinks=0,max_bias=0.000000,logit_softcap=0.000000,prec=f32,type_K=f16,type_V=f16,permute=[0,1,2,3]): [1;32mOK[0m
  FLASH_ATTN_EXT(hsk=40,hsv=40,nh=4,nr23=[1,1],kv=1024,nb=75,mask=1,sinks=0,max_bias=0.000000,logit_softcap=0.000000,prec=f32,type_K=f16,type_V=f16,permute=[0,1,2,3]): [1;32mOK[0m
  FLASH_ATTN_EXT(hsk=40,hsv=40,nh=4,nr23=[4,1],kv=512,nb=1,mask=1,sinks=0,max_bias=0.000000,logit_softcap=0.000000,prec=f32,type_K=f16,type_V=f16,permute=[0,1,2,3]): [1;32mOK[0m
  FLASH_ATTN_EXT(hsk=40,hsv=40,nh=4,nr23=[4,1],kv=512,nb=1,mask=1,sinks=0,max_bias=0.000000,logit_softcap=0.000000,prec=f32,type_K=f16,type_V=f16,permute=[0,2,1,3]): [1;32mOK[0m
  FLASH_ATTN_EXT(hsk=40,hsv=40,nh=4,nr23=[4,1],kv=512,nb=3,mask=1,sinks=0,max_bias=0.000000,logit_softcap=0.000000,prec=f32,type_K=f16,type_V=f16,permute=[0,1,2,3]): [1;32mOK[0m
  FLASH_ATTN_EXT(hsk=40,hsv=40,nh=4,nr23=[4,1],kv=512,nb=3,mask=1,sinks=0,max_bias=0.000000,logit_softcap=0.000000,prec=f32,type_K=f16,type_V=f16,permute=[0,2,1,3]): [1;32mOK[0m
  FLASH_ATTN_EXT(hsk=40,hsv=40,nh=4,nr23=[4,1],kv=512,nb=32,mask=1,sinks=0,max_bias=0.000000,logit_softcap=0.000000,prec=f32,type_K=f16,type_V=f16,permute=[0,1,2,3]): [1;32mOK[0m
  FLASH_ATTN_EXT(hsk=40,hsv=40,nh=4,nr23=[4,1],kv=512,nb=32,mask=1,sinks=0,max_bias=0.000000,logit_softcap=0.000000,prec=f32,type_K=f16,type_V=f16,permute=[0,2,1,3]): [1;32mOK[0m
  FLASH_ATTN_EXT(hsk=40,hsv=40,nh=4,nr23=[4,1],kv=512,nb=75,mask=1,sinks=0,max_bias=0.000000,logit_softcap=0.000000,prec=f32,type_K=f16,type_V=f16,permute=[0,1,2,3]): [1;32mOK[0m
  FLASH_ATTN_EXT(hsk=40,hsv=40,nh=4,nr23=[4,1],kv=512,nb=75,mask=1,sinks=0,max_bias=0.000000,logit_softcap=0.000000,prec=f32,type_K=f16,type_V=f16,permute=[0,2,1,3]): [1;32mOK[0m
  FLASH_ATTN_EXT(hsk=40,hsv=40,nh=4,nr23=[1,3],kv=113,nb=1,mask=1,sinks=0,max_bias=0.000000,logit_softcap=0.000000,prec=f32,type_K=f16,type_V=f16,permute=[0,1,2,3]): [1;32mOK[0m
  FLASH_ATTN_EXT(hsk=40,hsv=40,nh=4,nr23=[1,3],kv=113,nb=3,mask=1,sinks=0,max_bias=0.000000,logit_softcap=0.000000,prec=f32,type_K=f16,type_V=f16,permute=[0,1,2,3]): [1;32mOK[0m
  FLASH_ATTN_EXT(hsk=40,hsv=40,nh=4,nr23=[1,3],kv=113,nb=32,mask=1,sinks=0,max_bias=0.000000,logit_softcap=0.000000,prec=f32,type_K=f16,type_V=f16,permute=[0,1,2,3]): [1;32mOK[0m
  FLASH_ATTN_EXT(hsk=40,hsv=40,nh=4,nr23=[1,3],kv=113,nb=75,mask=1,sinks=0,max_bias=0.000000,logit_softcap=0.000000,prec=f32,type_K=f16,type_V=f16,permute=[0,1,2,3]): [1;32mOK[0m
  FLASH_ATTN_EXT(hsk=40,hsv=40,nh=4,nr23=[1,3],kv=512,nb=1,mask=1,sinks=0,max_bias=0.000000,logit_softcap=0.000000,prec=f32,type_K=f16,type_V=f16,permute=[0,1,2,3]): [1;32mOK[0m
  FLASH_ATTN_EXT(hsk=40,hsv=40,nh=4,nr23=[1,3],kv=512,nb=1,mask=1,sinks=0,max_bias=0.000000,logit_softcap=0.000000,prec=f32,type_K=f16,type_V=f16,permute=[0,2,1,3]): [1;32mOK[0m
  FLASH_ATTN_EXT(hsk=40,hsv=40,nh=4,nr23=[1,3],kv=512,nb=3,mask=1,sinks=0,max_bias=0.000000,logit_softcap=0.000000,prec=f32,type_K=f16,type_V=f16,permute=[0,1,2,3]): [1;32mOK[0m
  FLASH_ATTN_EXT(hsk=40,hsv=40,nh=4,nr23=[1,3],kv=512,nb=3,mask=1,sinks=0,max_bias=0.000000,logit_softcap=0.000000,prec=f32,type_K=f16,type_V=f16,permute=[0,2,1,3]): [1;32mOK[0m
  FLASH_ATTN_EXT(hsk=40,hsv=40,nh=4,nr23=[1,3],kv=512,nb=32,mask=1,sinks=0,max_bias=0.000000,logit_softcap=0.000000,prec=f32,type_K=f16,type_V=f16,permute=[0,1,2,3]): [1;32mOK[0m
  FLASH_ATTN_EXT(hsk=40,hsv=40,nh=4,nr23=[1,3],kv=512,nb=32,mask=1,sinks=0,max_bias=0.000000,logit_softcap=0.000000,prec=f32,type_K=f16,type_V=f16,permute=[0,2,1,3]): [1;32mOK[0m
  FLASH_ATTN_EXT(hsk=40,hsv=40,nh=4,nr23=[1,3],kv=512,nb=75,mask=1,sinks=0,max_bias=0.000000,logit_softcap=0.000000,prec=f32,type_K=f16,type_V=f16,permute=[0,1,2,3]): [1;32mOK[0m
  FLASH_ATTN_EXT(hsk=40,hsv=40,nh=4,nr23=[1,3],kv=512,nb=75,mask=1,sinks=0,max_bias=0.000000,logit_softcap=0.000000,prec=f32,type_K=f16,type_V=f16,permute=[0,2,1,3]): [1;32mOK[0m
  FLASH_ATTN_EXT(hsk=40,hsv=40,nh=4,nr23=[1,3],kv=1024,nb=1,mask=1,sinks=0,max_bias=0.000000,logit_softcap=0.000000,prec=f32,type_K=f16,type_V=f16,permute=[0,1,2,3]): [1;32mOK[0m
  FLASH_ATTN_EXT(hsk=40,hsv=40,nh=4,nr23=[1,3],kv=1024,nb=3,mask=1,sinks=0,max_bias=0.000000,logit_softcap=0.000000,prec=f32,type_K=f16,type_V=f16,permute=[0,1,2,3]): [1;32mOK[0m
  FLASH_ATTN_EXT(hsk=40,hsv=40,nh=4,nr23=[1,3],kv=1024,nb=32,mask=1,sinks=0,max_bias=0.000000,logit_softcap=0.000000,prec=f32,type_K=f16,type_V=f16,permute=[0,1,2,3]): [1;32mOK[0m
  FLASH_ATTN_EXT(hsk=40,hsv=40,nh=4,nr23=[1,3],kv=1024,nb=75,mask=1,sinks=0,max_bias=0.000000,logit_softcap=0.000000,prec=f32,type_K=f16,type_V=f16,permute=[0,1,2,3]): [1;32mOK[0m
  FLASH_ATTN_EXT(hsk=40,hsv=40,nh=4,nr23=[4,3],kv=512,nb=1,mask=1,sinks=0,max_bias=0.000000,logit_softcap=0.000000,prec=f32,type_K=f16,type_V=f16,permute=[0,1,2,3]): [1;32mOK[0m
  FLASH_ATTN_EXT(hsk=40,hsv=40,nh=4,nr23=[4,3],kv=512,nb=1,mask=1,sinks=0,max_bias=0.000000,logit_softcap=0.000000,prec=f32,type_K=f16,type_V=f16,permute=[0,2,1,3]): [1;32mOK[0m
  FLASH_ATTN_EXT(hsk=40,hsv=40,nh=4,nr23=[4,3],kv=512,nb=3,mask=1,sinks=0,max_bias=0.000000,logit_softcap=0.000000,prec=f32,type_K=f16,type_V=f16,permute=[0,1,2,3]): [1;32mOK[0m
  FLASH_ATTN_EXT(hsk=40,hsv=40,nh=4,nr23=[4,3],kv=512,nb=3,mask=1,sinks=0,max_bias=0.000000,logit_softcap=0.000000,prec=f32,type_K=f16,type_V=f16,permute=[0,2,1,3]): [1;32mOK[0m
  FLASH_ATTN_EXT(hsk=40,hsv=40,nh=4,nr23=[4,3],kv=512,nb=32,mask=1,sinks=0,max_bias=0.000000,logit_softcap=0.000000,prec=f32,type_K=f16,type_V=f16,permute=[0,1,2,3]): [1;32mOK[0m
  FLASH_ATTN_EXT(hsk=40,hsv=40,nh=4,nr23=[4,3],kv=512,nb=32,mask=1,sinks=0,max_bias=0.000000,logit_softcap=0.000000,prec=f32,type_K=f16,type_V=f16,permute=[0,2,1,3]): [1;32mOK[0m
  FLASH_ATTN_EXT(hsk=40,hsv=40,nh=4,nr23=[4,3],kv=512,nb=75,mask=1,sinks=0,max_bias=0.000000,logit_softcap=0.000000,prec=f32,type_K=f16,type_V=f16,permute=[0,1,2,3]): [1;32mOK[0m
  FLASH_ATTN_EXT(hsk=40,hsv=40,nh=4,nr23=[4,3],kv=512,nb=75,mask=1,sinks=0,max_bias=0.000000,logit_softcap=0.000000,prec=f32,type_K=f16,type_V=f16,permute=[0,2,1,3]): [1;32mOK[0m
  FLASH_ATTN_EXT(hsk=40,hsv=40,nh=4,nr23=[1,1],kv=113,nb=1,mask=1,sinks=0,max_bias=8.000000,logit_softcap=0.000000,prec=f32,type_K=f16,type_V=f16,permute=[0,1,2,3]): [1;32mOK[0m
  FLASH_ATTN_EXT(hsk=40,hsv=40,nh=4,nr23=[1,1],kv=113,nb=3,mask=1,sinks=0,max_bias=8.000000,logit_softcap=0.000000,prec=f32,type_K=f16,type_V=f16,permute=[0,1,2,3]): [1;32mOK[0m
  FLASH_ATTN_EXT(hsk=40,hsv=40,nh=4,nr23=[1,1],kv=113,nb=32,mask=1,sinks=0,max_bias=8.000000,logit_softcap=0.000000,prec=f32,type_K=f16,type_V=f16,permute=[0,1,2,3]): [1;32mOK[0m
  FLASH_ATTN_EXT(hsk=40,hsv=40,nh=4,nr23=[1,1],kv=113,nb=75,mask=1,sinks=0,max_bias=8.000000,logit_softcap=0.000000,prec=f32,type_K=f16,type_V=f16,permute=[0,1,2,3]): [1;32mOK[0m
  FLASH_ATTN_EXT(hsk=40,hsv=40,nh=4,nr23=[1,1],kv=512,nb=1,mask=1,sinks=0,max_bias=8.000000,logit_softcap=0.000000,prec=f32,type_K=f16,type_V=f16,permute=[0,1,2,3]): [1;32mOK[0m
  FLASH_ATTN_EXT(hsk=40,hsv=40,nh=4,nr23=[1,1],kv=512,nb=3,mask=1,sinks=0,max_bias=8.000000,logit_softcap=0.000000,prec=f32,type_K=f16,type_V=f16,permute=[0,1,2,3]): [1;32mOK[0m
  FLASH_ATTN_EXT(hsk=40,hsv=40,nh=4,nr23=[1,1],kv=512,nb=32,mask=1,sinks=0,max_bias=8.000000,logit_softcap=0.000000,prec=f32,type_K=f16,type_V=f16,permute=[0,1,2,3]): [1;32mOK[0m
  FLASH_ATTN_EXT(hsk=40,hsv=40,nh=4,nr23=[1,1],kv=512,nb=75,mask=1,sinks=0,max_bias=8.000000,logit_softcap=0.000000,prec=f32,type_K=f16,type_V=f16,permute=[0,1,2,3]): [1;32mOK[0m
  FLASH_ATTN_EXT(hsk=40,hsv=40,nh=4,nr23=[1,1],kv=1024,nb=1,mask=1,sinks=0,max_bias=8.000000,logit_softcap=0.000000,prec=f32,type_K=f16,type_V=f16,permute=[0,1,2,3]): [1;32mOK[0m
  FLASH_ATTN_EXT(hsk=40,hsv=40,nh=4,nr23=[1,1],kv=1024,nb=3,mask=1,sinks=0,max_bias=8.000000,logit_softcap=0.000000,prec=f32,type_K=f16,type_V=f16,permute=[0,1,2,3]): [1;32mOK[0m
  FLASH_ATTN_EXT(hsk=40,hsv=40,nh=4,nr23=[1,1],kv=1024,nb=32,mask=1,sinks=0,max_bias=8.000000,logit_softcap=0.000000,prec=f32,type_K=f16,type_V=f16,permute=[0,1,2,3]): [1;32mOK[0m
  FLASH_ATTN_EXT(hsk=40,hsv=40,nh=4,nr23=[1,1],kv=1024,nb=75,mask=1,sinks=0,max_bias=8.000000,logit_softcap=0.000000,prec=f32,type_K=f16,type_V=f16,permute=[0,1,2,3]): [1;32mOK[0m
  FLASH_ATTN_EXT(hsk=40,hsv=40,nh=4,nr23=[4,1],kv=512,nb=1,mask=1,sinks=0,max_bias=8.000000,logit_softcap=0.000000,prec=f32,type_K=f16,type_V=f16,permute=[0,1,2,3]): [1;32mOK[0m
  FLASH_ATTN_EXT(hsk=40,hsv=40,nh=4,nr23=[4,1],kv=512,nb=3,mask=1,sinks=0,max_bias=8.000000,logit_softcap=0.000000,prec=f32,type_K=f16,type_V=f16,permute=[0,1,2,3]): [1;32mOK[0m
  FLASH_ATTN_EXT(hsk=40,hsv=40,nh=4,nr23=[4,1],kv=512,nb=32,mask=1,sinks=0,max_bias=8.000000,logit_softcap=0.000000,prec=f32,type_K=f16,type_V=f16,permute=[0,1,2,3]): [1;32mOK[0m
  FLASH_ATTN_EXT(hsk=40,hsv=40,nh=4,nr23=[4,1],kv=512,nb=75,mask=1,sinks=0,max_bias=8.000000,logit_softcap=0.000000,prec=f32,type_K=f16,type_V=f16,permute=[0,1,2,3]): [1;32mOK[0m
  FLASH_ATTN_EXT(hsk=40,hsv=40,nh=4,nr23=[1,3],kv=113,nb=1,mask=1,sinks=0,max_bias=8.000000,logit_softcap=0.000000,prec=f32,type_K=f16,type_V=f16,permute=[0,1,2,3]): [1;32mOK[0m
  FLASH_ATTN_EXT(hsk=40,hsv=40,nh=4,nr23=[1,3],kv=113,nb=3,mask=1,sinks=0,max_bias=8.000000,logit_softcap=0.000000,prec=f32,type_K=f16,type_V=f16,permute=[0,1,2,3]): [1;32mOK[0m
  FLASH_ATTN_EXT(hsk=40,hsv=40,nh=4,nr23=[1,3],kv=113,nb=32,mask=1,sinks=0,max_bias=8.000000,logit_softcap=0.000000,prec=f32,type_K=f16,type_V=f16,permute=[0,1,2,3]): [1;32mOK[0m
  FLASH_ATTN_EXT(hsk=40,hsv=40,nh=4,nr23=[1,3],kv=113,nb=75,mask=1,sinks=0,max_bias=8.000000,logit_softcap=0.000000,prec=f32,type_K=f16,type_V=f16,permute=[0,1,2,3]): [1;32mOK[0m
  FLASH_ATTN_EXT(hsk=40,hsv=40,nh=4,nr23=[1,3],kv=512,nb=1,mask=1,sinks=0,max_bias=8.000000,logit_softcap=0.000000,prec=f32,type_K=f16,type_V=f16,permute=[0,1,2,3]): [1;32mOK[0m
  FLASH_ATTN_EXT(hsk=40,hsv=40,nh=4,nr23=[1,3],kv=512,nb=3,mask=1,sinks=0,max_bias=8.000000,logit_softcap=0.000000,prec=f32,type_K=f16,type_V=f16,permute=[0,1,2,3]): [1;32mOK[0m
  FLASH_ATTN_EXT(hsk=40,hsv=40,nh=4,nr23=[1,3],kv=512,nb=32,mask=1,sinks=0,max_bias=8.000000,logit_softcap=0.000000,prec=f32,type_K=f16,type_V=f16,permute=[0,1,2,3]): [1;32mOK[0m
  FLASH_ATTN_EXT(hsk=40,hsv=40,nh=4,nr23=[1,3],kv=512,nb=75,mask=1,sinks=0,max_bias=8.000000,logit_softcap=0.000000,prec=f32,type_K=f16,type_V=f16,permute=[0,1,2,3]): [1;32mOK[0m
  FLASH_ATTN_EXT(hsk=40,hsv=40,nh=4,nr23=[1,3],kv=1024,nb=1,mask=1,sinks=0,max_bias=8.000000,logit_softcap=0.000000,prec=f32,type_K=f16,type_V=f16,permute=[0,1,2,3]): [1;32mOK[0m
  FLASH_ATTN_EXT(hsk=40,hsv=40,nh=4,nr23=[1,3],kv=1024,nb=3,mask=1,sinks=0,max_bias=8.000000,logit_softcap=0.000000,prec=f32,type_K=f16,type_V=f16,permute=[0,1,2,3]): [1;32mOK[0m
  FLASH_ATTN_EXT(hsk=40,hsv=40,nh=4,nr23=[1,3],kv=1024,nb=32,mask=1,sinks=0,max_bias=8.000000,logit_softcap=0.000000,prec=f32,type_K=f16,type_V=f16,permute=[0,1,2,3]): [1;32mOK[0m
  FLASH_ATTN_EXT(hsk=40,hsv=40,nh=4,nr23=[1,3],kv=1024,nb=75,mask=1,sinks=0,max_bias=8.000000,logit_softcap=0.000000,prec=f32,type_K=f16,type_V=f16,permute=[0,1,2,3]): [1;32mOK[0m
  FLASH_ATTN_EXT(hsk=40,hsv=40,nh=4,nr23=[4,3],kv=512,nb=1,mask=1,sinks=0,max_bias=8.000000,logit_softcap=0.000000,prec=f32,type_K=f16,type_V=f16,permute=[0,1,2,3]): [1;32mOK[0m
  FLASH_ATTN_EXT(hsk=40,hsv=40,nh=4,nr23=[4,3],kv=512,nb=3,mask=1,sinks=0,max_bias=8.000000,logit_softcap=0.000000,prec=f32,type_K=f16,type_V=f16,permute=[0,1,2,3]): [1;32mOK[0m
  FLASH_ATTN_EXT(hsk=40,hsv=40,nh=4,nr23=[4,3],kv=512,nb=32,mask=1,sinks=0,max_bias=8.000000,logit_softcap=0.000000,prec=f32,type_K=f16,type_V=f16,permute=[0,1,2,3]): [1;32mOK[0m
  FLASH_ATTN_EXT(hsk=40,hsv=40,nh=4,nr23=[4,3],kv=512,nb=75,mask=1,sinks=0,max_bias=8.000000,logit_softcap=0.000000,prec=f32,type_K=f16,type_V=f16,permute=[0,1,2,3]): [1;32mOK[0m
  FLASH_ATTN_EXT(hsk=40,hsv=40,nh=4,nr23=[1,1],kv=113,nb=1,mask=0,sinks=1,max_bias=0.000000,logit_softcap=0.000000,prec=f32,type_K=f16,type_V=f16,permute=[0,1,2,3]): [1;32mOK[0m
  FLASH_ATTN_EXT(hsk=40,hsv=40,nh=4,nr23=[1,1],kv=113,nb=3,mask=0,sinks=1,max_bias=0.000000,logit_softcap=0.000000,prec=f32,type_K=f16,type_V=f16,permute=[0,1,2,3]): [1;32mOK[0m
  FLASH_ATTN_EXT(hsk=40,hsv=40,nh=4,nr23=[1,1],kv=113,nb=32,mask=0,sinks=1,max_bias=0.000000,logit_softcap=0.000000,prec=f32,type_K=f16,type_V=f16,permute=[0,1,2,3]): [1;32mOK[0m
  FLASH_ATTN_EXT(hsk=40,hsv=40,nh=4,nr23=[1,1],kv=113,nb=75,mask=0,sinks=1,max_bias=0.000000,logit_softcap=0.000000,prec=f32,type_K=f16,type_V=f16,permute=[0,1,2,3]): [1;32mOK[0m
  FLASH_ATTN_EXT(hsk=40,hsv=40,nh=4,nr23=[1,1],kv=512,nb=1,mask=0,sinks=1,max_bias=0.000000,logit_softcap=0.000000,prec=f32,type_K=f16,type_V=f16,permute=[0,1,2,3]): [1;32mOK[0m
  FLASH_ATTN_EXT(hsk=40,hsv=40,nh=4,nr23=[1,1],kv=512,nb=3,mask=0,sinks=1,max_bias=0.000000,logit_softcap=0.000000,prec=f32,type_K=f16,type_V=f16,permute=[0,1,2,3]): [1;32mOK[0m
  FLASH_ATTN_EXT(hsk=40,hsv=40,nh=4,nr23=[1,1],kv=512,nb=32,mask=0,sinks=1,max_bias=0.000000,logit_softcap=0.000000,prec=f32,type_K=f16,type_V=f16,permute=[0,1,2,3]): [1;32mOK[0m
  FLASH_ATTN_EXT(hsk=40,hsv=40,nh=4,nr23=[1,1],kv=512,nb=75,mask=0,sinks=1,max_bias=0.000000,logit_softcap=0.000000,prec=f32,type_K=f16,type_V=f16,permute=[0,1,2,3]): [1;32mOK[0m
  FLASH_ATTN_EXT(hsk=40,hsv=40,nh=4,nr23=[1,1],kv=1024,nb=1,mask=0,sinks=1,max_bias=0.000000,logit_softcap=0.000000,prec=f32,type_K=f16,type_V=f16,permute=[0,1,2,3]): [1;32mOK[0m
  FLASH_ATTN_EXT(hsk=40,hsv=40,nh=4,nr23=[1,1],kv=1024,nb=3,mask=0,sinks=1,max_bias=0.000000,logit_softcap=0.000000,prec=f32,type_K=f16,type_V=f16,permute=[0,1,2,3]): [1;32mOK[0m
  FLASH_ATTN_EXT(hsk=40,hsv=40,nh=4,nr23=[1,1],kv=1024,nb=32,mask=0,sinks=1,max_bias=0.000000,logit_softcap=0.000000,prec=f32,type_K=f16,type_V=f16,permute=[0,1,2,3]): [1;32mOK[0m
  FLASH_ATTN_EXT(hsk=40,hsv=40,nh=4,nr23=[1,1],kv=1024,nb=75,mask=0,sinks=1,max_bias=0.000000,logit_softcap=0.000000,prec=f32,type_K=f16,type_V=f16,permute=[0,1,2,3]): [1;32mOK[0m
  FLASH_ATTN_EXT(hsk=40,hsv=40,nh=4,nr23=[4,1],kv=512,nb=1,mask=0,sinks=1,max_bias=0.000000,logit_softcap=0.000000,prec=f32,type_K=f16,type_V=f16,permute=[0,1,2,3]): [1;32mOK[0m
  FLASH_ATTN_EXT(hsk=40,hsv=40,nh=4,nr23=[4,1],kv=512,nb=3,mask=0,sinks=1,max_bias=0.000000,logit_softcap=0.000000,prec=f32,type_K=f16,type_V=f16,permute=[0,1,2,3]): [1;32mOK[0m
  FLASH_ATTN_EXT(hsk=40,hsv=40,nh=4,nr23=[4,1],kv=512,nb=32,mask=0,sinks=1,max_bias=0.000000,logit_softcap=0.000000,prec=f32,type_K=f16,type_V=f16,permute=[0,1,2,3]): [1;32mOK[0m
  FLASH_ATTN_EXT(hsk=40,hsv=40,nh=4,nr23=[4,1],kv=512,nb=75,mask=0,sinks=1,max_bias=0.000000,logit_softcap=0.000000,prec=f32,type_K=f16,type_V=f16,permute=[0,1,2,3]): [1;32mOK[0m
  FLASH_ATTN_EXT(hsk=40,hsv=40,nh=4,nr23=[1,3],kv=113,nb=1,mask=0,sinks=1,max_bias=0.000000,logit_softcap=0.000000,prec=f32,type_K=f16,type_V=f16,permute=[0,1,2,3]): [1;32mOK[0m
  FLASH_ATTN_EXT(hsk=40,hsv=40,nh=4,nr23=[1,3],kv=113,nb=3,mask=0,sinks=1,max_bias=0.000000,logit_softcap=0.000000,prec=f32,type_K=f16,type_V=f16,permute=[0,1,2,3]): [1;32mOK[0m
  FLASH_ATTN_EXT(hsk=40,hsv=40,nh=4,nr23=[1,3],kv=113,nb=32,mask=0,sinks=1,max_bias=0.000000,logit_softcap=0.000000,prec=f32,type_K=f16,type_V=f16,permute=[0,1,2,3]): [1;32mOK[0m
  FLASH_ATTN_EXT(hsk=40,hsv=40,nh=4,nr23=[1,3],kv=113,nb=75,mask=0,sinks=1,max_bias=0.000000,logit_softcap=0.000000,prec=f32,type_K=f16,type_V=f16,permute=[0,1,2,3]): [1;32mOK[0m
  FLASH_ATTN_EXT(hsk=40,hsv=40,nh=4,nr23=[1,3],kv=512,nb=1,mask=0,sinks=1,max_bias=0.000000,logit_softcap=0.000000,prec=f32,type_K=f16,type_V=f16,permute=[0,1,2,3]): [1;32mOK[0m
  FLASH_ATTN_EXT(hsk=40,hsv=40,nh=4,nr23=[1,3],kv=512,nb=3,mask=0,sinks=1,max_bias=0.000000,logit_softcap=0.000000,prec=f32,type_K=f16,type_V=f16,permute=[0,1,2,3]): [1;32mOK[0m
  FLASH_ATTN_EXT(hsk=40,hsv=40,nh=4,nr23=[1,3],kv=512,nb=32,mask=0,sinks=1,max_bias=0.000000,logit_softcap=0.000000,prec=f32,type_K=f16,type_V=f16,permute=[0,1,2,3]): [1;32mOK[0m
  FLASH_ATTN_EXT(hsk=40,hsv=40,nh=4,nr23=[1,3],kv=512,nb=75,mask=0,sinks=1,max_bias=0.000000,logit_softcap=0.000000,prec=f32,type_K=f16,type_V=f16,permute=[0,1,2,3]): [1;32mOK[0m
  FLASH_ATTN_EXT(hsk=40,hsv=40,nh=4,nr23=[1,3],kv=1024,nb=1,mask=0,sinks=1,max_bias=0.000000,logit_softcap=0.000000,prec=f32,type_K=f16,type_V=f16,permute=[0,1,2,3]): [1;32mOK[0m
  FLASH_ATTN_EXT(hsk=40,hsv=40,nh=4,nr23=[1,3],kv=1024,nb=3,mask=0,sinks=1,max_bias=0.000000,logit_softcap=0.000000,prec=f32,type_K=f16,type_V=f16,permute=[0,1,2,3]): [1;32mOK[0m
  FLASH_ATTN_EXT(hsk=40,hsv=40,nh=4,nr23=[1,3],kv=1024,nb=32,mask=0,sinks=1,max_bias=0.000000,logit_softcap=0.000000,prec=f32,type_K=f16,type_V=f16,permute=[0,1,2,3]): [1;32mOK[0m
  FLASH_ATTN_EXT(hsk=40,hsv=40,nh=4,nr23=[1,3],kv=1024,nb=75,mask=0,sinks=1,max_bias=0.000000,logit_softcap=0.000000,prec=f32,type_K=f16,type_V=f16,permute=[0,1,2,3]): [1;32mOK[0m
  FLASH_ATTN_EXT(hsk=40,hsv=40,nh=4,nr23=[4,3],kv=512,nb=1,mask=0,sinks=1,max_bias=0.000000,logit_softcap=0.000000,prec=f32,type_K=f16,type_V=f16,permute=[0,1,2,3]): [1;32mOK[0m
  FLASH_ATTN_EXT(hsk=40,hsv=40,nh=4,nr23=[4,3],kv=512,nb=3,mask=0,sinks=1,max_bias=0.000000,logit_softcap=0.000000,prec=f32,type_K=f16,type_V=f16,permute=[0,1,2,3]): [1;32mOK[0m
  FLASH_ATTN_EXT(hsk=40,hsv=40,nh=4,nr23=[4,3],kv=512,nb=32,mask=0,sinks=1,max_bias=0.000000,logit_softcap=0.000000,prec=f32,type_K=f16,type_V=f16,permute=[0,1,2,3]): [1;32mOK[0m
  FLASH_ATTN_EXT(hsk=40,hsv=40,nh=4,nr23=[4,3],kv=512,nb=75,mask=0,sinks=1,max_bias=0.000000,logit_softcap=0.000000,prec=f32,type_K=f16,type_V=f16,permute=[0,1,2,3]): [1;32mOK[0m
  FLASH_ATTN_EXT(hsk=40,hsv=40,nh=4,nr23=[1,1],kv=113,nb=1,mask=0,sinks=0,max_bias=0.000000,logit_softcap=0.000000,prec=f32,type_K=f16,type_V=f16,permute=[0,1,2,3]): [1;32mOK[0m
  FLASH_ATTN_EXT(hsk=40,hsv=40,nh=4,nr23=[1,1],kv=113,nb=3,mask=0,sinks=0,max_bias=0.000000,logit_softcap=0.000000,prec=f32,type_K=f16,type_V=f16,permute=[0,1,2,3]): [1;32mOK[0m
  FLASH_ATTN_EXT(hsk=40,hsv=40,nh=4,nr23=[1,1],kv=113,nb=32,mask=0,sinks=0,max_bias=0.000000,logit_softcap=0.000000,prec=f32,type_K=f16,type_V=f16,permute=[0,1,2,3]): [1;32mOK[0m
  FLASH_ATTN_EXT(hsk=40,hsv=40,nh=4,nr23=[1,1],kv=113,nb=75,mask=0,sinks=0,max_bias=0.000000,logit_softcap=0.000000,prec=f32,type_K=f16,type_V=f16,permute=[0,1,2,3]): [1;32mOK[0m
  FLASH_ATTN_EXT(hsk=40,hsv=40,nh=4,nr23=[1,1],kv=512,nb=1,mask=0,sinks=0,max_bias=0.000000,logit_softcap=0.000000,prec=f32,type_K=f16,type_V=f16,permute=[0,1,2,3]): [1;32mOK[0m
  FLASH_ATTN_EXT(hsk=40,hsv=40,nh=4,nr23=[1,1],kv=512,nb=3,mask=0,sinks=0,max_bias=0.000000,logit_softcap=0.000000,prec=f32,type_K=f16,type_V=f16,permute=[0,1,2,3]): [1;32mOK[0m
  FLASH_ATTN_EXT(hsk=40,hsv=40,nh=4,nr23=[1,1],kv=512,nb=32,mask=0,sinks=0,max_bias=0.000000,logit_softcap=0.000000,prec=f32,type_K=f16,type_V=f16,permute=[0,1,2,3]): [1;32mOK[0m
  FLASH_ATTN_EXT(hsk=40,hsv=40,nh=4,nr23=[1,1],kv=512,nb=75,mask=0,sinks=0,max_bias=0.000000,logit_softcap=0.000000,prec=f32,type_K=f16,type_V=f16,permute=[0,1,2,3]): [1;32mOK[0m
  FLASH_ATTN_EXT(hsk=40,hsv=40,nh=4,nr23=[1,1],kv=1024,nb=1,mask=0,sinks=0,max_bias=0.000000,logit_softcap=0.000000,prec=f32,type_K=f16,type_V=f16,permute=[0,1,2,3]): [1;32mOK[0m
  FLASH_ATTN_EXT(hsk=40,hsv=40,nh=4,nr23=[1,1],kv=1024,nb=3,mask=0,sinks=0,max_bias=0.000000,logit_softcap=0.000000,prec=f32,type_K=f16,type_V=f16,permute=[0,1,2,3]): [1;32mOK[0m
  FLASH_ATTN_EXT(hsk=40,hsv=40,nh=4,nr23=[1,1],kv=1024,nb=32,mask=0,sinks=0,max_bias=0.000000,logit_softcap=0.000000,prec=f32,type_K=f16,type_V=f16,permute=[0,1,2,3]): [1;32mOK[0m
  FLASH_ATTN_EXT(hsk=40,hsv=40,nh=4,nr23=[1,1],kv=1024,nb=75,mask=0,sinks=0,max_bias=0.000000,logit_softcap=0.000000,prec=f32,type_K=f16,type_V=f16,permute=[0,1,2,3]): [1;32mOK[0m
  FLASH_ATTN_EXT(hsk=40,hsv=40,nh=4,nr23=[4,1],kv=512,nb=1,mask=0,sinks=0,max_bias=0.000000,logit_softcap=0.000000,prec=f32,type_K=f16,type_V=f16,permute=[0,1,2,3]): [1;32mOK[0m
  FLASH_ATTN_EXT(hsk=40,hsv=40,nh=4,nr23=[4,1],kv=512,nb=3,mask=0,sinks=0,max_bias=0.000000,logit_softcap=0.000000,prec=f32,type_K=f16,type_V=f16,permute=[0,1,2,3]): [1;32mOK[0m
  FLASH_ATTN_EXT(hsk=40,hsv=40,nh=4,nr23=[4,1],kv=512,nb=32,mask=0,sinks=0,max_bias=0.000000,logit_softcap=0.000000,prec=f32,type_K=f16,type_V=f16,permute=[0,1,2,3]): [1;32mOK[0m
  FLASH_ATTN_EXT(hsk=40,hsv=40,nh=4,nr23=[4,1],kv=512,nb=75,mask=0,sinks=0,max_bias=0.000000,logit_softcap=0.000000,prec=f32,type_K=f16,type_V=f16,permute=[0,1,2,3]): [1;32mOK[0m
  FLASH_ATTN_EXT(hsk=40,hsv=40,nh=4,nr23=[1,3],kv=113,nb=1,mask=0,sinks=0,max_bias=0.000000,logit_softcap=0.000000,prec=f32,type_K=f16,type_V=f16,permute=[0,1,2,3]): [1;32mOK[0m
  FLASH_ATTN_EXT(hsk=40,hsv=40,nh=4,nr23=[1,3],kv=113,nb=3,mask=0,sinks=0,max_bias=0.000000,logit_softcap=0.000000,prec=f32,type_K=f16,type_V=f16,permute=[0,1,2,3]): [1;32mOK[0m
  FLASH_ATTN_EXT(hsk=40,hsv=40,nh=4,nr23=[1,3],kv=113,nb=32,mask=0,sinks=0,max_bias=0.000000,logit_softcap=0.000000,prec=f32,type_K=f16,type_V=f16,permute=[0,1,2,3]): [1;32mOK[0m
  FLASH_ATTN_EXT(hsk=40,hsv=40,nh=4,nr23=[1,3],kv=113,nb=75,mask=0,sinks=0,max_bias=0.000000,logit_softcap=0.000000,prec=f32,type_K=f16,type_V=f16,permute=[0,1,2,3]): [1;32mOK[0m
  FLASH_ATTN_EXT(hsk=40,hsv=40,nh=4,nr23=[1,3],kv=512,nb=1,mask=0,sinks=0,max_bias=0.000000,logit_softcap=0.000000,prec=f32,type_K=f16,type_V=f16,permute=[0,1,2,3]): [1;32mOK[0m
  FLASH_ATTN_EXT(hsk=40,hsv=40,nh=4,nr23=[1,3],kv=512,nb=3,mask=0,sinks=0,max_bias=0.000000,logit_softcap=0.000000,prec=f32,type_K=f16,type_V=f16,permute=[0,1,2,3]): [1;32mOK[0m
  FLASH_ATTN_EXT(hsk=40,hsv=40,nh=4,nr23=[1,3],kv=512,nb=32,mask=0,sinks=0,max_bias=0.000000,logit_softcap=0.000000,prec=f32,type_K=f16,type_V=f16,permute=[0,1,2,3]): [1;32mOK[0m
  FLASH_ATTN_EXT(hsk=40,hsv=40,nh=4,nr23=[1,3],kv=512,nb=75,mask=0,sinks=0,max_bias=0.000000,logit_softcap=0.000000,prec=f32,type_K=f16,type_V=f16,permute=[0,1,2,3]): [1;32mOK[0m
  FLASH_ATTN_EXT(hsk=40,hsv=40,nh=4,nr23=[1,3],kv=1024,nb=1,mask=0,sinks=0,max_bias=0.000000,logit_softcap=0.000000,prec=f32,type_K=f16,type_V=f16,permute=[0,1,2,3]): [1;32mOK[0m
  FLASH_ATTN_EXT(hsk=40,hsv=40,nh=4,nr23=[1,3],kv=1024,nb=3,mask=0,sinks=0,max_bias=0.000000,logit_softcap=0.000000,prec=f32,type_K=f16,type_V=f16,permute=[0,1,2,3]): [1;32mOK[0m
  FLASH_ATTN_EXT(hsk=40,hsv=40,nh=4,nr23=[1,3],kv=1024,nb=32,mask=0,sinks=0,max_bias=0.000000,logit_softcap=0.000000,prec=f32,type_K=f16,type_V=f16,permute=[0,1,2,3]): [1;32mOK[0m
  FLASH_ATTN_EXT(hsk=40,hsv=40,nh=4,nr23=[1,3],kv=1024,nb=75,mask=0,sinks=0,max_bias=0.000000,logit_softcap=0.000000,prec=f32,type_K=f16,type_V=f16,permute=[0,1,2,3]): [1;32mOK[0m
  FLASH_ATTN_EXT(hsk=40,hsv=40,nh=4,nr23=[4,3],kv=512,nb=1,mask=0,sinks=0,max_bias=0.000000,logit_softcap=0.000000,prec=f32,type_K=f16,type_V=f16,permute=[0,1,2,3]): [1;32mOK[0m
  FLASH_ATTN_EXT(hsk=40,hsv=40,nh=4,nr23=[4,3],kv=512,nb=3,mask=0,sinks=0,max_bias=0.000000,logit_softcap=0.000000,prec=f32,type_K=f16,type_V=f16,permute=[0,1,2,3]): [1;32mOK[0m
  FLASH_ATTN_EXT(hsk=40,hsv=40,nh=4,nr23=[4,3],kv=512,nb=32,mask=0,sinks=0,max_bias=0.000000,logit_softcap=0.000000,prec=f32,type_K=f16,type_V=f16,permute=[0,1,2,3]): [1;32mOK[0m
  FLASH_ATTN_EXT(hsk=40,hsv=40,nh=4,nr23=[4,3],kv=512,nb=75,mask=0,sinks=0,max_bias=0.000000,logit_softcap=0.000000,prec=f32,type_K=f16,type_V=f16,permute=[0,1,2,3]): [1;32mOK[0m
  FLASH_ATTN_EXT(hsk=64,hsv=64,nh=4,nr23=[1,1],kv=113,nb=1,mask=1,sinks=1,max_bias=0.000000,logit_softcap=0.000000,prec=f32,type_K=f32,type_V=f32,permute=[0,1,2,3]): [1;32mOK[0m
  FLASH_ATTN_EXT(hsk=64,hsv=64,nh=4,nr23=[1,1],kv=113,nb=1,mask=1,sinks=1,max_bias=0.000000,logit_softcap=0.000000,prec=f32,type_K=f16,type_V=f16,permute=[0,1,2,3]): [1;32mOK[0m
  FLASH_ATTN_EXT(hsk=64,hsv=64,nh=4,nr23=[1,1],kv=113,nb=1,mask=1,sinks=1,max_bias=0.000000,logit_softcap=0.000000,prec=f32,type_K=bf16,type_V=bf16,permute=[0,1,2,3]): [1;32mOK[0m
  FLASH_ATTN_EXT(hsk=64,hsv=64,nh=4,nr23=[1,1],kv=113,nb=1,mask=1,sinks=1,max_bias=0.000000,logit_softcap=0.000000,prec=f32,type_K=q8_0,type_V=q8_0,permute=[0,1,2,3]): [1;32mOK[0m
  FLASH_ATTN_EXT(hsk=64,hsv=64,nh=4,nr23=[1,1],kv=113,nb=1,mask=1,sinks=1,max_bias=0.000000,logit_softcap=0.000000,prec=f32,type_K=q5_1,type_V=q5_1,permute=[0,1,2,3]): not supported [ROCm0] 
  FLASH_ATTN_EXT(hsk=64,hsv=64,nh=4,nr23=[1,1],kv=113,nb=1,mask=1,sinks=1,max_bias=0.000000,logit_softcap=0.000000,prec=f32,type_K=q5_0,type_V=q5_0,permute=[0,1,2,3]): not supported [ROCm0] 
  FLASH_ATTN_EXT(hsk=64,hsv=64,nh=4,nr23=[1,1],kv=113,nb=1,mask=1,sinks=1,max_bias=0.000000,logit_softcap=0.000000,prec=f32,type_K=q4_1,type_V=q4_1,permute=[0,1,2,3]): not supported [ROCm0] 
  FLASH_ATTN_EXT(hsk=64,hsv=64,nh=4,nr23=[1,1],kv=113,nb=1,mask=1,sinks=1,max_bias=0.000000,logit_softcap=0.000000,prec=f32,type_K=q4_0,type_V=q4_0,permute=[0,1,2,3]): [1;32mOK[0m
  FLASH_ATTN_EXT(hsk=64,hsv=64,nh=4,nr23=[1,1],kv=113,nb=1,mask=1,sinks=1,max_bias=0.000000,logit_softcap=0.000000,prec=f32,type_K=iq4_nl,type_V=iq4_nl,permute=[0,1,2,3]): not supported [ROCm0] 
  FLASH_ATTN_EXT(hsk=64,hsv=64,nh=4,nr23=[1,1],kv=113,nb=3,mask=1,sinks=1,max_bias=0.000000,logit_softcap=0.000000,prec=f32,type_K=f32,type_V=f32,permute=[0,1,2,3]): [1;32mOK[0m
  FLASH_ATTN_EXT(hsk=64,hsv=64,nh=4,nr23=[1,1],kv=113,nb=3,mask=1,sinks=1,max_bias=0.000000,logit_softcap=0.000000,prec=f32,type_K=f16,type_V=f16,permute=[0,1,2,3]): [1;32mOK[0m
  FLASH_ATTN_EXT(hsk=64,hsv=64,nh=4,nr23=[1,1],kv=113,nb=3,mask=1,sinks=1,max_bias=0.000000,logit_softcap=0.000000,prec=f32,type_K=bf16,type_V=bf16,permute=[0,1,2,3]): [1;32mOK[0m
  FLASH_ATTN_EXT(hsk=64,hsv=64,nh=4,nr23=[1,1],kv=113,nb=3,mask=1,sinks=1,max_bias=0.000000,logit_softcap=0.000000,prec=f32,type_K=q8_0,type_V=q8_0,permute=[0,1,2,3]): [1;32mOK[0m
  FLASH_ATTN_EXT(hsk=64,hsv=64,nh=4,nr23=[1,1],kv=113,nb=3,mask=1,sinks=1,max_bias=0.000000,logit_softcap=0.000000,prec=f32,type_K=q5_1,type_V=q5_1,permute=[0,1,2,3]): not supported [ROCm0] 
  FLASH_ATTN_EXT(hsk=64,hsv=64,nh=4,nr23=[1,1],kv=113,nb=3,mask=1,sinks=1,max_bias=0.000000,logit_softcap=0.000000,prec=f32,type_K=q5_0,type_V=q5_0,permute=[0,1,2,3]): not supported [ROCm0] 
  FLASH_ATTN_EXT(hsk=64,hsv=64,nh=4,nr23=[1,1],kv=113,nb=3,mask=1,sinks=1,max_bias=0.000000,logit_softcap=0.000000,prec=f32,type_K=q4_1,type_V=q4_1,permute=[0,1,2,3]): not supported [ROCm0] 
  FLASH_ATTN_EXT(hsk=64,hsv=64,nh=4,nr23=[1,1],kv=113,nb=3,mask=1,sinks=1,max_bias=0.000000,logit_softcap=0.000000,prec=f32,type_K=q4_0,type_V=q4_0,permute=[0,1,2,3]): [1;32mOK[0m
  FLASH_ATTN_EXT(hsk=64,hsv=64,nh=4,nr23=[1,1],kv=113,nb=3,mask=1,sinks=1,max_bias=0.000000,logit_softcap=0.000000,prec=f32,type_K=iq4_nl,type_V=iq4_nl,permute=[0,1,2,3]): not supported [ROCm0] 
  FLASH_ATTN_EXT(hsk=64,hsv=64,nh=4,nr23=[1,1],kv=113,nb=32,mask=1,sinks=1,max_bias=0.000000,logit_softcap=0.000000,prec=f32,type_K=f32,type_V=f32,permute=[0,1,2,3]): [1;32mOK[0m
  FLASH_ATTN_EXT(hsk=64,hsv=64,nh=4,nr23=[1,1],kv=113,nb=32,mask=1,sinks=1,max_bias=0.000000,logit_softcap=0.000000,prec=f32,type_K=f16,type_V=f16,permute=[0,1,2,3]): [1;32mOK[0m
  FLASH_ATTN_EXT(hsk=64,hsv=64,nh=4,nr23=[1,1],kv=113,nb=32,mask=1,sinks=1,max_bias=0.000000,logit_softcap=0.000000,prec=f32,type_K=bf16,type_V=bf16,permute=[0,1,2,3]): [1;32mOK[0m
  FLASH_ATTN_EXT(hsk=64,hsv=64,nh=4,nr23=[1,1],kv=113,nb=32,mask=1,sinks=1,max_bias=0.000000,logit_softcap=0.000000,prec=f32,type_K=q8_0,type_V=q8_0,permute=[0,1,2,3]): [1;32mOK[0m
  FLASH_ATTN_EXT(hsk=64,hsv=64,nh=4,nr23=[1,1],kv=113,nb=32,mask=1,sinks=1,max_bias=0.000000,logit_softcap=0.000000,prec=f32,type_K=q5_1,type_V=q5_1,permute=[0,1,2,3]): not supported [ROCm0] 
  FLASH_ATTN_EXT(hsk=64,hsv=64,nh=4,nr23=[1,1],kv=113,nb=32,mask=1,sinks=1,max_bias=0.000000,logit_softcap=0.000000,prec=f32,type_K=q5_0,type_V=q5_0,permute=[0,1,2,3]): not supported [ROCm0] 
  FLASH_ATTN_EXT(hsk=64,hsv=64,nh=4,nr23=[1,1],kv=113,nb=32,mask=1,sinks=1,max_bias=0.000000,logit_softcap=0.000000,prec=f32,type_K=q4_1,type_V=q4_1,permute=[0,1,2,3]): not supported [ROCm0] 
  FLASH_ATTN_EXT(hsk=64,hsv=64,nh=4,nr23=[1,1],kv=113,nb=32,mask=1,sinks=1,max_bias=0.000000,logit_softcap=0.000000,prec=f32,type_K=q4_0,type_V=q4_0,permute=[0,1,2,3]): [1;32mOK[0m
  FLASH_ATTN_EXT(hsk=64,hsv=64,nh=4,nr23=[1,1],kv=113,nb=32,mask=1,sinks=1,max_bias=0.000000,logit_softcap=0.000000,prec=f32,type_K=iq4_nl,type_V=iq4_nl,permute=[0,1,2,3]): not supported [ROCm0] 
  FLASH_ATTN_EXT(hsk=64,hsv=64,nh=4,nr23=[1,1],kv=113,nb=75,mask=1,sinks=1,max_bias=0.000000,logit_softcap=0.000000,prec=f32,type_K=f32,type_V=f32,permute=[0,1,2,3]): [1;32mOK[0m
  FLASH_ATTN_EXT(hsk=64,hsv=64,nh=4,nr23=[1,1],kv=113,nb=75,mask=1,sinks=1,max_bias=0.000000,logit_softcap=0.000000,prec=f32,type_K=f16,type_V=f16,permute=[0,1,2,3]): [1;32mOK[0m
  FLASH_ATTN_EXT(hsk=64,hsv=64,nh=4,nr23=[1,1],kv=113,nb=75,mask=1,sinks=1,max_bias=0.000000,logit_softcap=0.000000,prec=f32,type_K=bf16,type_V=bf16,permute=[0,1,2,3]): [1;32mOK[0m
  FLASH_ATTN_EXT(hsk=64,hsv=64,nh=4,nr23=[1,1],kv=113,nb=75,mask=1,sinks=1,max_bias=0.000000,logit_softcap=0.000000,prec=f32,type_K=q8_0,type_V=q8_0,permute=[0,1,2,3]): [1;32mOK[0m
  FLASH_ATTN_EXT(hsk=64,hsv=64,nh=4,nr23=[1,1],kv=113,nb=75,mask=1,sinks=1,max_bias=0.000000,logit_softcap=0.000000,prec=f32,type_K=q5_1,type_V=q5_1,permute=[0,1,2,3]): not supported [ROCm0] 
  FLASH_ATTN_EXT(hsk=64,hsv=64,nh=4,nr23=[1,1],kv=113,nb=75,mask=1,sinks=1,max_bias=0.000000,logit_softcap=0.000000,prec=f32,type_K=q5_0,type_V=q5_0,permute=[0,1,2,3]): not supported [ROCm0] 
  FLASH_ATTN_EXT(hsk=64,hsv=64,nh=4,nr23=[1,1],kv=113,nb=75,mask=1,sinks=1,max_bias=0.000000,logit_softcap=0.000000,prec=f32,type_K=q4_1,type_V=q4_1,permute=[0,1,2,3]): not supported [ROCm0] 
  FLASH_ATTN_EXT(hsk=64,hsv=64,nh=4,nr23=[1,1],kv=113,nb=75,mask=1,sinks=1,max_bias=0.000000,logit_softcap=0.000000,prec=f32,type_K=q4_0,type_V=q4_0,permute=[0,1,2,3]): [1;32mOK[0m
  FLASH_ATTN_EXT(hsk=64,hsv=64,nh=4,nr23=[1,1],kv=113,nb=75,mask=1,sinks=1,max_bias=0.000000,logit_softcap=0.000000,prec=f32,type_K=iq4_nl,type_V=iq4_nl,permute=[0,1,2,3]): not supported [ROCm0] 
  FLASH_ATTN_EXT(hsk=64,hsv=64,nh=4,nr23=[1,1],kv=512,nb=1,mask=1,sinks=1,max_bias=0.000000,logit_softcap=0.000000,prec=f32,type_K=f32,type_V=f32,permute=[0,1,2,3]): [1;32mOK[0m
  FLASH_ATTN_EXT(hsk=64,hsv=64,nh=4,nr23=[1,1],kv=512,nb=1,mask=1,sinks=1,max_bias=0.000000,logit_softcap=0.000000,prec=f32,type_K=f32,type_V=f32,permute=[0,2,1,3]): [1;32mOK[0m
  FLASH_ATTN_EXT(hsk=64,hsv=64,nh=4,nr23=[1,1],kv=512,nb=1,mask=1,sinks=1,max_bias=0.000000,logit_softcap=0.000000,prec=f32,type_K=f16,type_V=f16,permute=[0,1,2,3]): [1;32mOK[0m
  FLASH_ATTN_EXT(hsk=64,hsv=64,nh=4,nr23=[1,1],kv=512,nb=1,mask=1,sinks=1,max_bias=0.000000,logit_softcap=0.000000,prec=f32,type_K=f16,type_V=f16,permute=[0,2,1,3]): ggml_backend_cuda_graph_compute: CUDA graph warmup complete
ggml_backend_cuda_graph_compute: CUDA graph warmup complete
ggml_backend_cuda_graph_compute: CUDA graph warmup complete
[1;32mOK[0m
  FLASH_ATTN_EXT(hsk=64,hsv=64,nh=4,nr23=[1,1],kv=512,nb=1,mask=1,sinks=1,max_bias=0.000000,logit_softcap=0.000000,prec=f32,type_K=bf16,type_V=bf16,permute=[0,1,2,3]): [1;32mOK[0m
  FLASH_ATTN_EXT(hsk=64,hsv=64,nh=4,nr23=[1,1],kv=512,nb=1,mask=1,sinks=1,max_bias=0.000000,logit_softcap=0.000000,prec=f32,type_K=bf16,type_V=bf16,permute=[0,2,1,3]): [1;32mOK[0m
  FLASH_ATTN_EXT(hsk=64,hsv=64,nh=4,nr23=[1,1],kv=512,nb=1,mask=1,sinks=1,max_bias=0.000000,logit_softcap=0.000000,prec=f32,type_K=q8_0,type_V=q8_0,permute=[0,1,2,3]): [1;32mOK[0m
  FLASH_ATTN_EXT(hsk=64,hsv=64,nh=4,nr23=[1,1],kv=512,nb=1,mask=1,sinks=1,max_bias=0.000000,logit_softcap=0.000000,prec=f32,type_K=q8_0,type_V=q8_0,permute=[0,2,1,3]): [1;32mOK[0m
  FLASH_ATTN_EXT(hsk=64,hsv=64,nh=4,nr23=[1,1],kv=512,nb=1,mask=1,sinks=1,max_bias=0.000000,logit_softcap=0.000000,prec=f32,type_K=q5_1,type_V=q5_1,permute=[0,1,2,3]): not supported [ROCm0] 
  FLASH_ATTN_EXT(hsk=64,hsv=64,nh=4,nr23=[1,1],kv=512,nb=1,mask=1,sinks=1,max_bias=0.000000,logit_softcap=0.000000,prec=f32,type_K=q5_1,type_V=q5_1,permute=[0,2,1,3]): not supported [ROCm0] 
  FLASH_ATTN_EXT(hsk=64,hsv=64,nh=4,nr23=[1,1],kv=512,nb=1,mask=1,sinks=1,max_bias=0.000000,logit_softcap=0.000000,prec=f32,type_K=q5_0,type_V=q5_0,permute=[0,1,2,3]): not supported [ROCm0] 
  FLASH_ATTN_EXT(hsk=64,hsv=64,nh=4,nr23=[1,1],kv=512,nb=1,mask=1,sinks=1,max_bias=0.000000,logit_softcap=0.000000,prec=f32,type_K=q5_0,type_V=q5_0,permute=[0,2,1,3]): not supported [ROCm0] 
  FLASH_ATTN_EXT(hsk=64,hsv=64,nh=4,nr23=[1,1],kv=512,nb=1,mask=1,sinks=1,max_bias=0.000000,logit_softcap=0.000000,prec=f32,type_K=q4_1,type_V=q4_1,permute=[0,1,2,3]): not supported [ROCm0] 
  FLASH_ATTN_EXT(hsk=64,hsv=64,nh=4,nr23=[1,1],kv=512,nb=1,mask=1,sinks=1,max_bias=0.000000,logit_softcap=0.000000,prec=f32,type_K=q4_1,type_V=q4_1,permute=[0,2,1,3]): not supported [ROCm0] 
  FLASH_ATTN_EXT(hsk=64,hsv=64,nh=4,nr23=[1,1],kv=512,nb=1,mask=1,sinks=1,max_bias=0.000000,logit_softcap=0.000000,prec=f32,type_K=q4_0,type_V=q4_0,permute=[0,1,2,3]): [1;32mOK[0m
  FLASH_ATTN_EXT(hsk=64,hsv=64,nh=4,nr23=[1,1],kv=512,nb=1,mask=1,sinks=1,max_bias=0.000000,logit_softcap=0.000000,prec=f32,type_K=q4_0,type_V=q4_0,permute=[0,2,1,3]): [1;32mOK[0m
  FLASH_ATTN_EXT(hsk=64,hsv=64,nh=4,nr23=[1,1],kv=512,nb=1,mask=1,sinks=1,max_bias=0.000000,logit_softcap=0.000000,prec=f32,type_K=iq4_nl,type_V=iq4_nl,permute=[0,1,2,3]): not supported [ROCm0] 
  FLASH_ATTN_EXT(hsk=64,hsv=64,nh=4,nr23=[1,1],kv=512,nb=1,mask=1,sinks=1,max_bias=0.000000,logit_softcap=0.000000,prec=f32,type_K=iq4_nl,type_V=iq4_nl,permute=[0,2,1,3]): not supported [ROCm0] 
  FLASH_ATTN_EXT(hsk=64,hsv=64,nh=4,nr23=[1,1],kv=512,nb=3,mask=1,sinks=1,max_bias=0.000000,logit_softcap=0.000000,prec=f32,type_K=f32,type_V=f32,permute=[0,1,2,3]): [1;32mOK[0m
  FLASH_ATTN_EXT(hsk=64,hsv=64,nh=4,nr23=[1,1],kv=512,nb=3,mask=1,sinks=1,max_bias=0.000000,logit_softcap=0.000000,prec=f32,type_K=f32,type_V=f32,permute=[0,2,1,3]): [1;32mOK[0m
  FLASH_ATTN_EXT(hsk=64,hsv=64,nh=4,nr23=[1,1],kv=512,nb=3,mask=1,sinks=1,max_bias=0.000000,logit_softcap=0.000000,prec=f32,type_K=f16,type_V=f16,permute=[0,1,2,3]): [1;32mOK[0m
  FLASH_ATTN_EXT(hsk=64,hsv=64,nh=4,nr23=[1,1],kv=512,nb=3,mask=1,sinks=1,max_bias=0.000000,logit_softcap=0.000000,prec=f32,type_K=f16,type_V=f16,permute=[0,2,1,3]): [1;32mOK[0m
  FLASH_ATTN_EXT(hsk=64,hsv=64,nh=4,nr23=[1,1],kv=512,nb=3,mask=1,sinks=1,max_bias=0.000000,logit_softcap=0.000000,prec=f32,type_K=bf16,type_V=bf16,permute=[0,1,2,3]): [1;32mOK[0m
  FLASH_ATTN_EXT(hsk=64,hsv=64,nh=4,nr23=[1,1],kv=512,nb=3,mask=1,sinks=1,max_bias=0.000000,logit_softcap=0.000000,prec=f32,type_K=bf16,type_V=bf16,permute=[0,2,1,3]): [1;32mOK[0m
  FLASH_ATTN_EXT(hsk=64,hsv=64,nh=4,nr23=[1,1],kv=512,nb=3,mask=1,sinks=1,max_bias=0.000000,logit_softcap=0.000000,prec=f32,type_K=q8_0,type_V=q8_0,permute=[0,1,2,3]): [1;32mOK[0m
  FLASH_ATTN_EXT(hsk=64,hsv=64,nh=4,nr23=[1,1],kv=512,nb=3,mask=1,sinks=1,max_bias=0.000000,logit_softcap=0.000000,prec=f32,type_K=q8_0,type_V=q8_0,permute=[0,2,1,3]): [1;32mOK[0m
  FLASH_ATTN_EXT(hsk=64,hsv=64,nh=4,nr23=[1,1],kv=512,nb=3,mask=1,sinks=1,max_bias=0.000000,logit_softcap=0.000000,prec=f32,type_K=q5_1,type_V=q5_1,permute=[0,1,2,3]): not supported [ROCm0] 
  FLASH_ATTN_EXT(hsk=64,hsv=64,nh=4,nr23=[1,1],kv=512,nb=3,mask=1,sinks=1,max_bias=0.000000,logit_softcap=0.000000,prec=f32,type_K=q5_1,type_V=q5_1,permute=[0,2,1,3]): not supported [ROCm0] 
  FLASH_ATTN_EXT(hsk=64,hsv=64,nh=4,nr23=[1,1],kv=512,nb=3,mask=1,sinks=1,max_bias=0.000000,logit_softcap=0.000000,prec=f32,type_K=q5_0,type_V=q5_0,permute=[0,1,2,3]): not supported [ROCm0] 
  FLASH_ATTN_EXT(hsk=64,hsv=64,nh=4,nr23=[1,1],kv=512,nb=3,mask=1,sinks=1,max_bias=0.000000,logit_softcap=0.000000,prec=f32,type_K=q5_0,type_V=q5_0,permute=[0,2,1,3]): not supported [ROCm0] 
  FLASH_ATTN_EXT(hsk=64,hsv=64,nh=4,nr23=[1,1],kv=512,nb=3,mask=1,sinks=1,max_bias=0.000000,logit_softcap=0.000000,prec=f32,type_K=q4_1,type_V=q4_1,permute=[0,1,2,3]): not supported [ROCm0] 
  FLASH_ATTN_EXT(hsk=64,hsv=64,nh=4,nr23=[1,1],kv=512,nb=3,mask=1,sinks=1,max_bias=0.000000,logit_softcap=0.000000,prec=f32,type_K=q4_1,type_V=q4_1,permute=[0,2,1,3]): not supported [ROCm0] 
  FLASH_ATTN_EXT(hsk=64,hsv=64,nh=4,nr23=[1,1],kv=512,nb=3,mask=1,sinks=1,max_bias=0.000000,logit_softcap=0.000000,prec=f32,type_K=q4_0,type_V=q4_0,permute=[0,1,2,3]): [1;32mOK[0m
  FLASH_ATTN_EXT(hsk=64,hsv=64,nh=4,nr23=[1,1],kv=512,nb=3,mask=1,sinks=1,max_bias=0.000000,logit_softcap=0.000000,prec=f32,type_K=q4_0,type_V=q4_0,permute=[0,2,1,3]): [1;32mOK[0m
  FLASH_ATTN_EXT(hsk=64,hsv=64,nh=4,nr23=[1,1],kv=512,nb=3,mask=1,sinks=1,max_bias=0.000000,logit_softcap=0.000000,prec=f32,type_K=iq4_nl,type_V=iq4_nl,permute=[0,1,2,3]): not supported [ROCm0] 
  FLASH_ATTN_EXT(hsk=64,hsv=64,nh=4,nr23=[1,1],kv=512,nb=3,mask=1,sinks=1,max_bias=0.000000,logit_softcap=0.000000,prec=f32,type_K=iq4_nl,type_V=iq4_nl,permute=[0,2,1,3]): not supported [ROCm0] 
  FLASH_ATTN_EXT(hsk=64,hsv=64,nh=4,nr23=[1,1],kv=512,nb=32,mask=1,sinks=1,max_bias=0.000000,logit_softcap=0.000000,prec=f32,type_K=f32,type_V=f32,permute=[0,1,2,3]): [1;32mOK[0m
  FLASH_ATTN_EXT(hsk=64,hsv=64,nh=4,nr23=[1,1],kv=512,nb=32,mask=1,sinks=1,max_bias=0.000000,logit_softcap=0.000000,prec=f32,type_K=f32,type_V=f32,permute=[0,2,1,3]): [1;32mOK[0m
  FLASH_ATTN_EXT(hsk=64,hsv=64,nh=4,nr23=[1,1],kv=512,nb=32,mask=1,sinks=1,max_bias=0.000000,logit_softcap=0.000000,prec=f32,type_K=f16,type_V=f16,permute=[0,1,2,3]): [1;32mOK[0m
  FLASH_ATTN_EXT(hsk=64,hsv=64,nh=4,nr23=[1,1],kv=512,nb=32,mask=1,sinks=1,max_bias=0.000000,logit_softcap=0.000000,prec=f32,type_K=f16,type_V=f16,permute=[0,2,1,3]): [1;32mOK[0m
  FLASH_ATTN_EXT(hsk=64,hsv=64,nh=4,nr23=[1,1],kv=512,nb=32,mask=1,sinks=1,max_bias=0.000000,logit_softcap=0.000000,prec=f32,type_K=bf16,type_V=bf16,permute=[0,1,2,3]): [1;32mOK[0m
  FLASH_ATTN_EXT(hsk=64,hsv=64,nh=4,nr23=[1,1],kv=512,nb=32,mask=1,sinks=1,max_bias=0.000000,logit_softcap=0.000000,prec=f32,type_K=bf16,type_V=bf16,permute=[0,2,1,3]): [1;32mOK[0m
  FLASH_ATTN_EXT(hsk=64,hsv=64,nh=4,nr23=[1,1],kv=512,nb=32,mask=1,sinks=1,max_bias=0.000000,logit_softcap=0.000000,prec=f32,type_K=q8_0,type_V=q8_0,permute=[0,1,2,3]): [1;32mOK[0m
  FLASH_ATTN_EXT(hsk=64,hsv=64,nh=4,nr23=[1,1],kv=512,nb=32,mask=1,sinks=1,max_bias=0.000000,logit_softcap=0.000000,prec=f32,type_K=q8_0,type_V=q8_0,permute=[0,2,1,3]): [1;32mOK[0m
  FLASH_ATTN_EXT(hsk=64,hsv=64,nh=4,nr23=[1,1],kv=512,nb=32,mask=1,sinks=1,max_bias=0.000000,logit_softcap=0.000000,prec=f32,type_K=q5_1,type_V=q5_1,permute=[0,1,2,3]): not supported [ROCm0] 
  FLASH_ATTN_EXT(hsk=64,hsv=64,nh=4,nr23=[1,1],kv=512,nb=32,mask=1,sinks=1,max_bias=0.000000,logit_softcap=0.000000,prec=f32,type_K=q5_1,type_V=q5_1,permute=[0,2,1,3]): not supported [ROCm0] 
  FLASH_ATTN_EXT(hsk=64,hsv=64,nh=4,nr23=[1,1],kv=512,nb=32,mask=1,sinks=1,max_bias=0.000000,logit_softcap=0.000000,prec=f32,type_K=q5_0,type_V=q5_0,permute=[0,1,2,3]): not supported [ROCm0] 
  FLASH_ATTN_EXT(hsk=64,hsv=64,nh=4,nr23=[1,1],kv=512,nb=32,mask=1,sinks=1,max_bias=0.000000,logit_softcap=0.000000,prec=f32,type_K=q5_0,type_V=q5_0,permute=[0,2,1,3]): not supported [ROCm0] 
  FLASH_ATTN_EXT(hsk=64,hsv=64,nh=4,nr23=[1,1],kv=512,nb=32,mask=1,sinks=1,max_bias=0.000000,logit_softcap=0.000000,prec=f32,type_K=q4_1,type_V=q4_1,permute=[0,1,2,3]): not supported [ROCm0] 
  FLASH_ATTN_EXT(hsk=64,hsv=64,nh=4,nr23=[1,1],kv=512,nb=32,mask=1,sinks=1,max_bias=0.000000,logit_softcap=0.000000,prec=f32,type_K=q4_1,type_V=q4_1,permute=[0,2,1,3]): not supported [ROCm0] 
  FLASH_ATTN_EXT(hsk=64,hsv=64,nh=4,nr23=[1,1],kv=512,nb=32,mask=1,sinks=1,max_bias=0.000000,logit_softcap=0.000000,prec=f32,type_K=q4_0,type_V=q4_0,permute=[0,1,2,3]): [1;32mOK[0m
  FLASH_ATTN_EXT(hsk=64,hsv=64,nh=4,nr23=[1,1],kv=512,nb=32,mask=1,sinks=1,max_bias=0.000000,logit_softcap=0.000000,prec=f32,type_K=q4_0,type_V=q4_0,permute=[0,2,1,3]): [1;32mOK[0m
  FLASH_ATTN_EXT(hsk=64,hsv=64,nh=4,nr23=[1,1],kv=512,nb=32,mask=1,sinks=1,max_bias=0.000000,logit_softcap=0.000000,prec=f32,type_K=iq4_nl,type_V=iq4_nl,permute=[0,1,2,3]): not supported [ROCm0] 
  FLASH_ATTN_EXT(hsk=64,hsv=64,nh=4,nr23=[1,1],kv=512,nb=32,mask=1,sinks=1,max_bias=0.000000,logit_softcap=0.000000,prec=f32,type_K=iq4_nl,type_V=iq4_nl,permute=[0,2,1,3]): not supported [ROCm0] 
  FLASH_ATTN_EXT(hsk=64,hsv=64,nh=4,nr23=[1,1],kv=512,nb=75,mask=1,sinks=1,max_bias=0.000000,logit_softcap=0.000000,prec=f32,type_K=f32,type_V=f32,permute=[0,1,2,3]): [1;32mOK[0m
  FLASH_ATTN_EXT(hsk=64,hsv=64,nh=4,nr23=[1,1],kv=512,nb=75,mask=1,sinks=1,max_bias=0.000000,logit_softcap=0.000000,prec=f32,type_K=f32,type_V=f32,permute=[0,2,1,3]): [1;32mOK[0m
  FLASH_ATTN_EXT(hsk=64,hsv=64,nh=4,nr23=[1,1],kv=512,nb=75,mask=1,sinks=1,max_bias=0.000000,logit_softcap=0.000000,prec=f32,type_K=f16,type_V=f16,permute=[0,1,2,3]): [1;32mOK[0m
  FLASH_ATTN_EXT(hsk=64,hsv=64,nh=4,nr23=[1,1],kv=512,nb=75,mask=1,sinks=1,max_bias=0.000000,logit_softcap=0.000000,prec=f32,type_K=f16,type_V=f16,permute=[0,2,1,3]): [1;32mOK[0m
  FLASH_ATTN_EXT(hsk=64,hsv=64,nh=4,nr23=[1,1],kv=512,nb=75,mask=1,sinks=1,max_bias=0.000000,logit_softcap=0.000000,prec=f32,type_K=bf16,type_V=bf16,permute=[0,1,2,3]): [1;32mOK[0m
  FLASH_ATTN_EXT(hsk=64,hsv=64,nh=4,nr23=[1,1],kv=512,nb=75,mask=1,sinks=1,max_bias=0.000000,logit_softcap=0.000000,prec=f32,type_K=bf16,type_V=bf16,permute=[0,2,1,3]): [1;32mOK[0m
  FLASH_ATTN_EXT(hsk=64,hsv=64,nh=4,nr23=[1,1],kv=512,nb=75,mask=1,sinks=1,max_bias=0.000000,logit_softcap=0.000000,prec=f32,type_K=q8_0,type_V=q8_0,permute=[0,1,2,3]): [1;32mOK[0m
  FLASH_ATTN_EXT(hsk=64,hsv=64,nh=4,nr23=[1,1],kv=512,nb=75,mask=1,sinks=1,max_bias=0.000000,logit_softcap=0.000000,prec=f32,type_K=q8_0,type_V=q8_0,permute=[0,2,1,3]): [1;32mOK[0m
  FLASH_ATTN_EXT(hsk=64,hsv=64,nh=4,nr23=[1,1],kv=512,nb=75,mask=1,sinks=1,max_bias=0.000000,logit_softcap=0.000000,prec=f32,type_K=q5_1,type_V=q5_1,permute=[0,1,2,3]): not supported [ROCm0] 
  FLASH_ATTN_EXT(hsk=64,hsv=64,nh=4,nr23=[1,1],kv=512,nb=75,mask=1,sinks=1,max_bias=0.000000,logit_softcap=0.000000,prec=f32,type_K=q5_1,type_V=q5_1,permute=[0,2,1,3]): not supported [ROCm0] 
  FLASH_ATTN_EXT(hsk=64,hsv=64,nh=4,nr23=[1,1],kv=512,nb=75,mask=1,sinks=1,max_bias=0.000000,logit_softcap=0.000000,prec=f32,type_K=q5_0,type_V=q5_0,permute=[0,1,2,3]): not supported [ROCm0] 
  FLASH_ATTN_EXT(hsk=64,hsv=64,nh=4,nr23=[1,1],kv=512,nb=75,mask=1,sinks=1,max_bias=0.000000,logit_softcap=0.000000,prec=f32,type_K=q5_0,type_V=q5_0,permute=[0,2,1,3]): not supported [ROCm0] 
  FLASH_ATTN_EXT(hsk=64,hsv=64,nh=4,nr23=[1,1],kv=512,nb=75,mask=1,sinks=1,max_bias=0.000000,logit_softcap=0.000000,prec=f32,type_K=q4_1,type_V=q4_1,permute=[0,1,2,3]): not supported [ROCm0] 
  FLASH_ATTN_EXT(hsk=64,hsv=64,nh=4,nr23=[1,1],kv=512,nb=75,mask=1,sinks=1,max_bias=0.000000,logit_softcap=0.000000,prec=f32,type_K=q4_1,type_V=q4_1,permute=[0,2,1,3]): not supported [ROCm0] 
  FLASH_ATTN_EXT(hsk=64,hsv=64,nh=4,nr23=[1,1],kv=512,nb=75,mask=1,sinks=1,max_bias=0.000000,logit_softcap=0.000000,prec=f32,type_K=q4_0,type_V=q4_0,permute=[0,1,2,3]): [1;32mOK[0m
  FLASH_ATTN_EXT(hsk=64,hsv=64,nh=4,nr23=[1,1],kv=512,nb=75,mask=1,sinks=1,max_bias=0.000000,logit_softcap=0.000000,prec=f32,type_K=q4_0,type_V=q4_0,permute=[0,2,1,3]): [1;32mOK[0m
  FLASH_ATTN_EXT(hsk=64,hsv=64,nh=4,nr23=[1,1],kv=512,nb=75,mask=1,sinks=1,max_bias=0.000000,logit_softcap=0.000000,prec=f32,type_K=iq4_nl,type_V=iq4_nl,permute=[0,1,2,3]): not supported [ROCm0] 
  FLASH_ATTN_EXT(hsk=64,hsv=64,nh=4,nr23=[1,1],kv=512,nb=75,mask=1,sinks=1,max_bias=0.000000,logit_softcap=0.000000,prec=f32,type_K=iq4_nl,type_V=iq4_nl,permute=[0,2,1,3]): not supported [ROCm0] 
  FLASH_ATTN_EXT(hsk=64,hsv=64,nh=4,nr23=[1,1],kv=1024,nb=1,mask=1,sinks=1,max_bias=0.000000,logit_softcap=0.000000,prec=f32,type_K=f32,type_V=f32,permute=[0,1,2,3]): [1;32mOK[0m
  FLASH_ATTN_EXT(hsk=64,hsv=64,nh=4,nr23=[1,1],kv=1024,nb=1,mask=1,sinks=1,max_bias=0.000000,logit_softcap=0.000000,prec=f32,type_K=f16,type_V=f16,permute=[0,1,2,3]): [1;32mOK[0m
  FLASH_ATTN_EXT(hsk=64,hsv=64,nh=4,nr23=[1,1],kv=1024,nb=1,mask=1,sinks=1,max_bias=0.000000,logit_softcap=0.000000,prec=f32,type_K=bf16,type_V=bf16,permute=[0,1,2,3]): [1;32mOK[0m
  FLASH_ATTN_EXT(hsk=64,hsv=64,nh=4,nr23=[1,1],kv=1024,nb=1,mask=1,sinks=1,max_bias=0.000000,logit_softcap=0.000000,prec=f32,type_K=q8_0,type_V=q8_0,permute=[0,1,2,3]): [1;32mOK[0m
  FLASH_ATTN_EXT(hsk=64,hsv=64,nh=4,nr23=[1,1],kv=1024,nb=1,mask=1,sinks=1,max_bias=0.000000,logit_softcap=0.000000,prec=f32,type_K=q5_1,type_V=q5_1,permute=[0,1,2,3]): not supported [ROCm0] 
  FLASH_ATTN_EXT(hsk=64,hsv=64,nh=4,nr23=[1,1],kv=1024,nb=1,mask=1,sinks=1,max_bias=0.000000,logit_softcap=0.000000,prec=f32,type_K=q5_0,type_V=q5_0,permute=[0,1,2,3]): not supported [ROCm0] 
  FLASH_ATTN_EXT(hsk=64,hsv=64,nh=4,nr23=[1,1],kv=1024,nb=1,mask=1,sinks=1,max_bias=0.000000,logit_softcap=0.000000,prec=f32,type_K=q4_1,type_V=q4_1,permute=[0,1,2,3]): not supported [ROCm0] 
  FLASH_ATTN_EXT(hsk=64,hsv=64,nh=4,nr23=[1,1],kv=1024,nb=1,mask=1,sinks=1,max_bias=0.000000,logit_softcap=0.000000,prec=f32,type_K=q4_0,type_V=q4_0,permute=[0,1,2,3]): [1;32mOK[0m
  FLASH_ATTN_EXT(hsk=64,hsv=64,nh=4,nr23=[1,1],kv=1024,nb=1,mask=1,sinks=1,max_bias=0.000000,logit_softcap=0.000000,prec=f32,type_K=iq4_nl,type_V=iq4_nl,permute=[0,1,2,3]): not supported [ROCm0] 
  FLASH_ATTN_EXT(hsk=64,hsv=64,nh=4,nr23=[1,1],kv=1024,nb=3,mask=1,sinks=1,max_bias=0.000000,logit_softcap=0.000000,prec=f32,type_K=f32,type_V=f32,permute=[0,1,2,3]): [1;32mOK[0m
  FLASH_ATTN_EXT(hsk=64,hsv=64,nh=4,nr23=[1,1],kv=1024,nb=3,mask=1,sinks=1,max_bias=0.000000,logit_softcap=0.000000,prec=f32,type_K=f16,type_V=f16,permute=[0,1,2,3]): [1;32mOK[0m
  FLASH_ATTN_EXT(hsk=64,hsv=64,nh=4,nr23=[1,1],kv=1024,nb=3,mask=1,sinks=1,max_bias=0.000000,logit_softcap=0.000000,prec=f32,type_K=bf16,type_V=bf16,permute=[0,1,2,3]): [1;32mOK[0m
  FLASH_ATTN_EXT(hsk=64,hsv=64,nh=4,nr23=[1,1],kv=1024,nb=3,mask=1,sinks=1,max_bias=0.000000,logit_softcap=0.000000,prec=f32,type_K=q8_0,type_V=q8_0,permute=[0,1,2,3]): [1;32mOK[0m
  FLASH_ATTN_EXT(hsk=64,hsv=64,nh=4,nr23=[1,1],kv=1024,nb=3,mask=1,sinks=1,max_bias=0.000000,logit_softcap=0.000000,prec=f32,type_K=q5_1,type_V=q5_1,permute=[0,1,2,3]): not supported [ROCm0] 
  FLASH_ATTN_EXT(hsk=64,hsv=64,nh=4,nr23=[1,1],kv=1024,nb=3,mask=1,sinks=1,max_bias=0.000000,logit_softcap=0.000000,prec=f32,type_K=q5_0,type_V=q5_0,permute=[0,1,2,3]): not supported [ROCm0] 
  FLASH_ATTN_EXT(hsk=64,hsv=64,nh=4,nr23=[1,1],kv=1024,nb=3,mask=1,sinks=1,max_bias=0.000000,logit_softcap=0.000000,prec=f32,type_K=q4_1,type_V=q4_1,permute=[0,1,2,3]): not supported [ROCm0] 
  FLASH_ATTN_EXT(hsk=64,hsv=64,nh=4,nr23=[1,1],kv=1024,nb=3,mask=1,sinks=1,max_bias=0.000000,logit_softcap=0.000000,prec=f32,type_K=q4_0,type_V=q4_0,permute=[0,1,2,3]): [1;32mOK[0m
  FLASH_ATTN_EXT(hsk=64,hsv=64,nh=4,nr23=[1,1],kv=1024,nb=3,mask=1,sinks=1,max_bias=0.000000,logit_softcap=0.000000,prec=f32,type_K=iq4_nl,type_V=iq4_nl,permute=[0,1,2,3]): not supported [ROCm0] 
  FLASH_ATTN_EXT(hsk=64,hsv=64,nh=4,nr23=[1,1],kv=1024,nb=32,mask=1,sinks=1,max_bias=0.000000,logit_softcap=0.000000,prec=f32,type_K=f32,type_V=f32,permute=[0,1,2,3]): [1;32mOK[0m
  FLASH_ATTN_EXT(hsk=64,hsv=64,nh=4,nr23=[1,1],kv=1024,nb=32,mask=1,sinks=1,max_bias=0.000000,logit_softcap=0.000000,prec=f32,type_K=f16,type_V=f16,permute=[0,1,2,3]): [1;32mOK[0m
  FLASH_ATTN_EXT(hsk=64,hsv=64,nh=4,nr23=[1,1],kv=1024,nb=32,mask=1,sinks=1,max_bias=0.000000,logit_softcap=0.000000,prec=f32,type_K=bf16,type_V=bf16,permute=[0,1,2,3]): [1;32mOK[0m
  FLASH_ATTN_EXT(hsk=64,hsv=64,nh=4,nr23=[1,1],kv=1024,nb=32,mask=1,sinks=1,max_bias=0.000000,logit_softcap=0.000000,prec=f32,type_K=q8_0,type_V=q8_0,permute=[0,1,2,3]): [1;32mOK[0m
  FLASH_ATTN_EXT(hsk=64,hsv=64,nh=4,nr23=[1,1],kv=1024,nb=32,mask=1,sinks=1,max_bias=0.000000,logit_softcap=0.000000,prec=f32,type_K=q5_1,type_V=q5_1,permute=[0,1,2,3]): not supported [ROCm0] 
  FLASH_ATTN_EXT(hsk=64,hsv=64,nh=4,nr23=[1,1],kv=1024,nb=32,mask=1,sinks=1,max_bias=0.000000,logit_softcap=0.000000,prec=f32,type_K=q5_0,type_V=q5_0,permute=[0,1,2,3]): not supported [ROCm0] 
  FLASH_ATTN_EXT(hsk=64,hsv=64,nh=4,nr23=[1,1],kv=1024,nb=32,mask=1,sinks=1,max_bias=0.000000,logit_softcap=0.000000,prec=f32,type_K=q4_1,type_V=q4_1,permute=[0,1,2,3]): not supported [ROCm0] 
  FLASH_ATTN_EXT(hsk=64,hsv=64,nh=4,nr23=[1,1],kv=1024,nb=32,mask=1,sinks=1,max_bias=0.000000,logit_softcap=0.000000,prec=f32,type_K=q4_0,type_V=q4_0,permute=[0,1,2,3]): [1;32mOK[0m
  FLASH_ATTN_EXT(hsk=64,hsv=64,nh=4,nr23=[1,1],kv=1024,nb=32,mask=1,sinks=1,max_bias=0.000000,logit_softcap=0.000000,prec=f32,type_K=iq4_nl,type_V=iq4_nl,permute=[0,1,2,3]): not supported [ROCm0] 
  FLASH_ATTN_EXT(hsk=64,hsv=64,nh=4,nr23=[1,1],kv=1024,nb=75,mask=1,sinks=1,max_bias=0.000000,logit_softcap=0.000000,prec=f32,type_K=f32,type_V=f32,permute=[0,1,2,3]): [1;32mOK[0m
  FLASH_ATTN_EXT(hsk=64,hsv=64,nh=4,nr23=[1,1],kv=1024,nb=75,mask=1,sinks=1,max_bias=0.000000,logit_softcap=0.000000,prec=f32,type_K=f16,type_V=f16,permute=[0,1,2,3]): [1;32mOK[0m
  FLASH_ATTN_EXT(hsk=64,hsv=64,nh=4,nr23=[1,1],kv=1024,nb=75,mask=1,sinks=1,max_bias=0.000000,logit_softcap=0.000000,prec=f32,type_K=bf16,type_V=bf16,permute=[0,1,2,3]): [1;32mOK[0m
  FLASH_ATTN_EXT(hsk=64,hsv=64,nh=4,nr23=[1,1],kv=1024,nb=75,mask=1,sinks=1,max_bias=0.000000,logit_softcap=0.000000,prec=f32,type_K=q8_0,type_V=q8_0,permute=[0,1,2,3]): [1;32mOK[0m
  FLASH_ATTN_EXT(hsk=64,hsv=64,nh=4,nr23=[1,1],kv=1024,nb=75,mask=1,sinks=1,max_bias=0.000000,logit_softcap=0.000000,prec=f32,type_K=q5_1,type_V=q5_1,permute=[0,1,2,3]): not supported [ROCm0] 
  FLASH_ATTN_EXT(hsk=64,hsv=64,nh=4,nr23=[1,1],kv=1024,nb=75,mask=1,sinks=1,max_bias=0.000000,logit_softcap=0.000000,prec=f32,type_K=q5_0,type_V=q5_0,permute=[0,1,2,3]): not supported [ROCm0] 
  FLASH_ATTN_EXT(hsk=64,hsv=64,nh=4,nr23=[1,1],kv=1024,nb=75,mask=1,sinks=1,max_bias=0.000000,logit_softcap=0.000000,prec=f32,type_K=q4_1,type_V=q4_1,permute=[0,1,2,3]): not supported [ROCm0] 
  FLASH_ATTN_EXT(hsk=64,hsv=64,nh=4,nr23=[1,1],kv=1024,nb=75,mask=1,sinks=1,max_bias=0.000000,logit_softcap=0.000000,prec=f32,type_K=q4_0,type_V=q4_0,permute=[0,1,2,3]): [1;32mOK[0m
  FLASH_ATTN_EXT(hsk=64,hsv=64,nh=4,nr23=[1,1],kv=1024,nb=75,mask=1,sinks=1,max_bias=0.000000,logit_softcap=0.000000,prec=f32,type_K=iq4_nl,type_V=iq4_nl,permute=[0,1,2,3]): not supported [ROCm0] 
  FLASH_ATTN_EXT(hsk=64,hsv=64,nh=4,nr23=[4,1],kv=512,nb=1,mask=1,sinks=1,max_bias=0.000000,logit_softcap=0.000000,prec=f32,type_K=f32,type_V=f32,permute=[0,1,2,3]): [1;32mOK[0m
  FLASH_ATTN_EXT(hsk=64,hsv=64,nh=4,nr23=[4,1],kv=512,nb=1,mask=1,sinks=1,max_bias=0.000000,logit_softcap=0.000000,prec=f32,type_K=f32,type_V=f32,permute=[0,2,1,3]): [1;32mOK[0m
  FLASH_ATTN_EXT(hsk=64,hsv=64,nh=4,nr23=[4,1],kv=512,nb=1,mask=1,sinks=1,max_bias=0.000000,logit_softcap=0.000000,prec=f32,type_K=f16,type_V=f16,permute=[0,1,2,3]): [1;32mOK[0m
  FLASH_ATTN_EXT(hsk=64,hsv=64,nh=4,nr23=[4,1],kv=512,nb=1,mask=1,sinks=1,max_bias=0.000000,logit_softcap=0.000000,prec=f32,type_K=f16,type_V=f16,permute=[0,2,1,3]): [1;32mOK[0m
  FLASH_ATTN_EXT(hsk=64,hsv=64,nh=4,nr23=[4,1],kv=512,nb=1,mask=1,sinks=1,max_bias=0.000000,logit_softcap=0.000000,prec=f32,type_K=bf16,type_V=bf16,permute=[0,1,2,3]): [1;32mOK[0m
  FLASH_ATTN_EXT(hsk=64,hsv=64,nh=4,nr23=[4,1],kv=512,nb=1,mask=1,sinks=1,max_bias=0.000000,logit_softcap=0.000000,prec=f32,type_K=bf16,type_V=bf16,permute=[0,2,1,3]): [1;32mOK[0m
  FLASH_ATTN_EXT(hsk=64,hsv=64,nh=4,nr23=[4,1],kv=512,nb=1,mask=1,sinks=1,max_bias=0.000000,logit_softcap=0.000000,prec=f32,type_K=q8_0,type_V=q8_0,permute=[0,1,2,3]): [1;32mOK[0m
  FLASH_ATTN_EXT(hsk=64,hsv=64,nh=4,nr23=[4,1],kv=512,nb=1,mask=1,sinks=1,max_bias=0.000000,logit_softcap=0.000000,prec=f32,type_K=q8_0,type_V=q8_0,permute=[0,2,1,3]): [1;32mOK[0m
  FLASH_ATTN_EXT(hsk=64,hsv=64,nh=4,nr23=[4,1],kv=512,nb=1,mask=1,sinks=1,max_bias=0.000000,logit_softcap=0.000000,prec=f32,type_K=q5_1,type_V=q5_1,permute=[0,1,2,3]): not supported [ROCm0] 
  FLASH_ATTN_EXT(hsk=64,hsv=64,nh=4,nr23=[4,1],kv=512,nb=1,mask=1,sinks=1,max_bias=0.000000,logit_softcap=0.000000,prec=f32,type_K=q5_1,type_V=q5_1,permute=[0,2,1,3]): not supported [ROCm0] 
  FLASH_ATTN_EXT(hsk=64,hsv=64,nh=4,nr23=[4,1],kv=512,nb=1,mask=1,sinks=1,max_bias=0.000000,logit_softcap=0.000000,prec=f32,type_K=q5_0,type_V=q5_0,permute=[0,1,2,3]): not supported [ROCm0] 
  FLASH_ATTN_EXT(hsk=64,hsv=64,nh=4,nr23=[4,1],kv=512,nb=1,mask=1,sinks=1,max_bias=0.000000,logit_softcap=0.000000,prec=f32,type_K=q5_0,type_V=q5_0,permute=[0,2,1,3]): not supported [ROCm0] 
  FLASH_ATTN_EXT(hsk=64,hsv=64,nh=4,nr23=[4,1],kv=512,nb=1,mask=1,sinks=1,max_bias=0.000000,logit_softcap=0.000000,prec=f32,type_K=q4_1,type_V=q4_1,permute=[0,1,2,3]): not supported [ROCm0] 
  FLASH_ATTN_EXT(hsk=64,hsv=64,nh=4,nr23=[4,1],kv=512,nb=1,mask=1,sinks=1,max_bias=0.000000,logit_softcap=0.000000,prec=f32,type_K=q4_1,type_V=q4_1,permute=[0,2,1,3]): not supported [ROCm0] 
  FLASH_ATTN_EXT(hsk=64,hsv=64,nh=4,nr23=[4,1],kv=512,nb=1,mask=1,sinks=1,max_bias=0.000000,logit_softcap=0.000000,prec=f32,type_K=q4_0,type_V=q4_0,permute=[0,1,2,3]): [1;32mOK[0m
  FLASH_ATTN_EXT(hsk=64,hsv=64,nh=4,nr23=[4,1],kv=512,nb=1,mask=1,sinks=1,max_bias=0.000000,logit_softcap=0.000000,prec=f32,type_K=q4_0,type_V=q4_0,permute=[0,2,1,3]): [1;32mOK[0m
  FLASH_ATTN_EXT(hsk=64,hsv=64,nh=4,nr23=[4,1],kv=512,nb=1,mask=1,sinks=1,max_bias=0.000000,logit_softcap=0.000000,prec=f32,type_K=iq4_nl,type_V=iq4_nl,permute=[0,1,2,3]): not supported [ROCm0] 
  FLASH_ATTN_EXT(hsk=64,hsv=64,nh=4,nr23=[4,1],kv=512,nb=1,mask=1,sinks=1,max_bias=0.000000,logit_softcap=0.000000,prec=f32,type_K=iq4_nl,type_V=iq4_nl,permute=[0,2,1,3]): not supported [ROCm0] 
  FLASH_ATTN_EXT(hsk=64,hsv=64,nh=4,nr23=[4,1],kv=512,nb=3,mask=1,sinks=1,max_bias=0.000000,logit_softcap=0.000000,prec=f32,type_K=f32,type_V=f32,permute=[0,1,2,3]): [1;32mOK[0m
  FLASH_ATTN_EXT(hsk=64,hsv=64,nh=4,nr23=[4,1],kv=512,nb=3,mask=1,sinks=1,max_bias=0.000000,logit_softcap=0.000000,prec=f32,type_K=f32,type_V=f32,permute=[0,2,1,3]): [1;32mOK[0m
  FLASH_ATTN_EXT(hsk=64,hsv=64,nh=4,nr23=[4,1],kv=512,nb=3,mask=1,sinks=1,max_bias=0.000000,logit_softcap=0.000000,prec=f32,type_K=f16,type_V=f16,permute=[0,1,2,3]): [1;32mOK[0m
  FLASH_ATTN_EXT(hsk=64,hsv=64,nh=4,nr23=[4,1],kv=512,nb=3,mask=1,sinks=1,max_bias=0.000000,logit_softcap=0.000000,prec=f32,type_K=f16,type_V=f16,permute=[0,2,1,3]): ggml_backend_cuda_graph_compute: CUDA graph warmup complete
ggml_backend_cuda_graph_compute: CUDA graph warmup complete
[1;32mOK[0m
  FLASH_ATTN_EXT(hsk=64,hsv=64,nh=4,nr23=[4,1],kv=512,nb=3,mask=1,sinks=1,max_bias=0.000000,logit_softcap=0.000000,prec=f32,type_K=bf16,type_V=bf16,permute=[0,1,2,3]): [1;32mOK[0m
  FLASH_ATTN_EXT(hsk=64,hsv=64,nh=4,nr23=[4,1],kv=512,nb=3,mask=1,sinks=1,max_bias=0.000000,logit_softcap=0.000000,prec=f32,type_K=bf16,type_V=bf16,permute=[0,2,1,3]): ggml_backend_cuda_graph_compute: CUDA graph warmup reset
ggml_backend_cuda_graph_compute: CUDA graph warmup reset
[1;32mOK[0m
  FLASH_ATTN_EXT(hsk=64,hsv=64,nh=4,nr23=[4,1],kv=512,nb=3,mask=1,sinks=1,max_bias=0.000000,logit_softcap=0.000000,prec=f32,type_K=q8_0,type_V=q8_0,permute=[0,1,2,3]): [1;32mOK[0m
  FLASH_ATTN_EXT(hsk=64,hsv=64,nh=4,nr23=[4,1],kv=512,nb=3,mask=1,sinks=1,max_bias=0.000000,logit_softcap=0.000000,prec=f32,type_K=q8_0,type_V=q8_0,permute=[0,2,1,3]): [1;32mOK[0m
  FLASH_ATTN_EXT(hsk=64,hsv=64,nh=4,nr23=[4,1],kv=512,nb=3,mask=1,sinks=1,max_bias=0.000000,logit_softcap=0.000000,prec=f32,type_K=q5_1,type_V=q5_1,permute=[0,1,2,3]): not supported [ROCm0] 
  FLASH_ATTN_EXT(hsk=64,hsv=64,nh=4,nr23=[4,1],kv=512,nb=3,mask=1,sinks=1,max_bias=0.000000,logit_softcap=0.000000,prec=f32,type_K=q5_1,type_V=q5_1,permute=[0,2,1,3]): not supported [ROCm0] 
  FLASH_ATTN_EXT(hsk=64,hsv=64,nh=4,nr23=[4,1],kv=512,nb=3,mask=1,sinks=1,max_bias=0.000000,logit_softcap=0.000000,prec=f32,type_K=q5_0,type_V=q5_0,permute=[0,1,2,3]): not supported [ROCm0] 
  FLASH_ATTN_EXT(hsk=64,hsv=64,nh=4,nr23=[4,1],kv=512,nb=3,mask=1,sinks=1,max_bias=0.000000,logit_softcap=0.000000,prec=f32,type_K=q5_0,type_V=q5_0,permute=[0,2,1,3]): not supported [ROCm0] 
  FLASH_ATTN_EXT(hsk=64,hsv=64,nh=4,nr23=[4,1],kv=512,nb=3,mask=1,sinks=1,max_bias=0.000000,logit_softcap=0.000000,prec=f32,type_K=q4_1,type_V=q4_1,permute=[0,1,2,3]): not supported [ROCm0] 
  FLASH_ATTN_EXT(hsk=64,hsv=64,nh=4,nr23=[4,1],kv=512,nb=3,mask=1,sinks=1,max_bias=0.000000,logit_softcap=0.000000,prec=f32,type_K=q4_1,type_V=q4_1,permute=[0,2,1,3]): not supported [ROCm0] 
  FLASH_ATTN_EXT(hsk=64,hsv=64,nh=4,nr23=[4,1],kv=512,nb=3,mask=1,sinks=1,max_bias=0.000000,logit_softcap=0.000000,prec=f32,type_K=q4_0,type_V=q4_0,permute=[0,1,2,3]): [1;32mOK[0m
  FLASH_ATTN_EXT(hsk=64,hsv=64,nh=4,nr23=[4,1],kv=512,nb=3,mask=1,sinks=1,max_bias=0.000000,logit_softcap=0.000000,prec=f32,type_K=q4_0,type_V=q4_0,permute=[0,2,1,3]): [1;32mOK[0m
  FLASH_ATTN_EXT(hsk=64,hsv=64,nh=4,nr23=[4,1],kv=512,nb=3,mask=1,sinks=1,max_bias=0.000000,logit_softcap=0.000000,prec=f32,type_K=iq4_nl,type_V=iq4_nl,permute=[0,1,2,3]): not supported [ROCm0] 
  FLASH_ATTN_EXT(hsk=64,hsv=64,nh=4,nr23=[4,1],kv=512,nb=3,mask=1,sinks=1,max_bias=0.000000,logit_softcap=0.000000,prec=f32,type_K=iq4_nl,type_V=iq4_nl,permute=[0,2,1,3]): not supported [ROCm0] 
  FLASH_ATTN_EXT(hsk=64,hsv=64,nh=4,nr23=[4,1],kv=512,nb=32,mask=1,sinks=1,max_bias=0.000000,logit_softcap=0.000000,prec=f32,type_K=f32,type_V=f32,permute=[0,1,2,3]): [1;32mOK[0m
  FLASH_ATTN_EXT(hsk=64,hsv=64,nh=4,nr23=[4,1],kv=512,nb=32,mask=1,sinks=1,max_bias=0.000000,logit_softcap=0.000000,prec=f32,type_K=f32,type_V=f32,permute=[0,2,1,3]): [1;32mOK[0m
  FLASH_ATTN_EXT(hsk=64,hsv=64,nh=4,nr23=[4,1],kv=512,nb=32,mask=1,sinks=1,max_bias=0.000000,logit_softcap=0.000000,prec=f32,type_K=f16,type_V=f16,permute=[0,1,2,3]): [1;32mOK[0m
  FLASH_ATTN_EXT(hsk=64,hsv=64,nh=4,nr23=[4,1],kv=512,nb=32,mask=1,sinks=1,max_bias=0.000000,logit_softcap=0.000000,prec=f32,type_K=f16,type_V=f16,permute=[0,2,1,3]): [1;32mOK[0m
  FLASH_ATTN_EXT(hsk=64,hsv=64,nh=4,nr23=[4,1],kv=512,nb=32,mask=1,sinks=1,max_bias=0.000000,logit_softcap=0.000000,prec=f32,type_K=bf16,type_V=bf16,permute=[0,1,2,3]): [1;32mOK[0m
  FLASH_ATTN_EXT(hsk=64,hsv=64,nh=4,nr23=[4,1],kv=512,nb=32,mask=1,sinks=1,max_bias=0.000000,logit_softcap=0.000000,prec=f32,type_K=bf16,type_V=bf16,permute=[0,2,1,3]): [1;32mOK[0m
  FLASH_ATTN_EXT(hsk=64,hsv=64,nh=4,nr23=[4,1],kv=512,nb=32,mask=1,sinks=1,max_bias=0.000000,logit_softcap=0.000000,prec=f32,type_K=q8_0,type_V=q8_0,permute=[0,1,2,3]): [1;32mOK[0m
  FLASH_ATTN_EXT(hsk=64,hsv=64,nh=4,nr23=[4,1],kv=512,nb=32,mask=1,sinks=1,max_bias=0.000000,logit_softcap=0.000000,prec=f32,type_K=q8_0,type_V=q8_0,permute=[0,2,1,3]): [1;32mOK[0m
  FLASH_ATTN_EXT(hsk=64,hsv=64,nh=4,nr23=[4,1],kv=512,nb=32,mask=1,sinks=1,max_bias=0.000000,logit_softcap=0.000000,prec=f32,type_K=q5_1,type_V=q5_1,permute=[0,1,2,3]): not supported [ROCm0] 
  FLASH_ATTN_EXT(hsk=64,hsv=64,nh=4,nr23=[4,1],kv=512,nb=32,mask=1,sinks=1,max_bias=0.000000,logit_softcap=0.000000,prec=f32,type_K=q5_1,type_V=q5_1,permute=[0,2,1,3]): not supported [ROCm0] 
  FLASH_ATTN_EXT(hsk=64,hsv=64,nh=4,nr23=[4,1],kv=512,nb=32,mask=1,sinks=1,max_bias=0.000000,logit_softcap=0.000000,prec=f32,type_K=q5_0,type_V=q5_0,permute=[0,1,2,3]): not supported [ROCm0] 
  FLASH_ATTN_EXT(hsk=64,hsv=64,nh=4,nr23=[4,1],kv=512,nb=32,mask=1,sinks=1,max_bias=0.000000,logit_softcap=0.000000,prec=f32,type_K=q5_0,type_V=q5_0,permute=[0,2,1,3]): not supported [ROCm0] 
  FLASH_ATTN_EXT(hsk=64,hsv=64,nh=4,nr23=[4,1],kv=512,nb=32,mask=1,sinks=1,max_bias=0.000000,logit_softcap=0.000000,prec=f32,type_K=q4_1,type_V=q4_1,permute=[0,1,2,3]): not supported [ROCm0] 
  FLASH_ATTN_EXT(hsk=64,hsv=64,nh=4,nr23=[4,1],kv=512,nb=32,mask=1,sinks=1,max_bias=0.000000,logit_softcap=0.000000,prec=f32,type_K=q4_1,type_V=q4_1,permute=[0,2,1,3]): not supported [ROCm0] 
  FLASH_ATTN_EXT(hsk=64,hsv=64,nh=4,nr23=[4,1],kv=512,nb=32,mask=1,sinks=1,max_bias=0.000000,logit_softcap=0.000000,prec=f32,type_K=q4_0,type_V=q4_0,permute=[0,1,2,3]): [1;32mOK[0m
  FLASH_ATTN_EXT(hsk=64,hsv=64,nh=4,nr23=[4,1],kv=512,nb=32,mask=1,sinks=1,max_bias=0.000000,logit_softcap=0.000000,prec=f32,type_K=q4_0,type_V=q4_0,permute=[0,2,1,3]): [1;32mOK[0m
  FLASH_ATTN_EXT(hsk=64,hsv=64,nh=4,nr23=[4,1],kv=512,nb=32,mask=1,sinks=1,max_bias=0.000000,logit_softcap=0.000000,prec=f32,type_K=iq4_nl,type_V=iq4_nl,permute=[0,1,2,3]): not supported [ROCm0] 
  FLASH_ATTN_EXT(hsk=64,hsv=64,nh=4,nr23=[4,1],kv=512,nb=32,mask=1,sinks=1,max_bias=0.000000,logit_softcap=0.000000,prec=f32,type_K=iq4_nl,type_V=iq4_nl,permute=[0,2,1,3]): not supported [ROCm0] 
  FLASH_ATTN_EXT(hsk=64,hsv=64,nh=4,nr23=[4,1],kv=512,nb=75,mask=1,sinks=1,max_bias=0.000000,logit_softcap=0.000000,prec=f32,type_K=f32,type_V=f32,permute=[0,1,2,3]): [1;32mOK[0m
  FLASH_ATTN_EXT(hsk=64,hsv=64,nh=4,nr23=[4,1],kv=512,nb=75,mask=1,sinks=1,max_bias=0.000000,logit_softcap=0.000000,prec=f32,type_K=f32,type_V=f32,permute=[0,2,1,3]): [1;32mOK[0m
  FLASH_ATTN_EXT(hsk=64,hsv=64,nh=4,nr23=[4,1],kv=512,nb=75,mask=1,sinks=1,max_bias=0.000000,logit_softcap=0.000000,prec=f32,type_K=f16,type_V=f16,permute=[0,1,2,3]): [1;32mOK[0m
  FLASH_ATTN_EXT(hsk=64,hsv=64,nh=4,nr23=[4,1],kv=512,nb=75,mask=1,sinks=1,max_bias=0.000000,logit_softcap=0.000000,prec=f32,type_K=f16,type_V=f16,permute=[0,2,1,3]): [1;32mOK[0m
  FLASH_ATTN_EXT(hsk=64,hsv=64,nh=4,nr23=[4,1],kv=512,nb=75,mask=1,sinks=1,max_bias=0.000000,logit_softcap=0.000000,prec=f32,type_K=bf16,type_V=bf16,permute=[0,1,2,3]): [1;32mOK[0m
  FLASH_ATTN_EXT(hsk=64,hsv=64,nh=4,nr23=[4,1],kv=512,nb=75,mask=1,sinks=1,max_bias=0.000000,logit_softcap=0.000000,prec=f32,type_K=bf16,type_V=bf16,permute=[0,2,1,3]): [1;32mOK[0m
  FLASH_ATTN_EXT(hsk=64,hsv=64,nh=4,nr23=[4,1],kv=512,nb=75,mask=1,sinks=1,max_bias=0.000000,logit_softcap=0.000000,prec=f32,type_K=q8_0,type_V=q8_0,permute=[0,1,2,3]): [1;32mOK[0m
  FLASH_ATTN_EXT(hsk=64,hsv=64,nh=4,nr23=[4,1],kv=512,nb=75,mask=1,sinks=1,max_bias=0.000000,logit_softcap=0.000000,prec=f32,type_K=q8_0,type_V=q8_0,permute=[0,2,1,3]): [1;32mOK[0m
  FLASH_ATTN_EXT(hsk=64,hsv=64,nh=4,nr23=[4,1],kv=512,nb=75,mask=1,sinks=1,max_bias=0.000000,logit_softcap=0.000000,prec=f32,type_K=q5_1,type_V=q5_1,permute=[0,1,2,3]): not supported [ROCm0] 
  FLASH_ATTN_EXT(hsk=64,hsv=64,nh=4,nr23=[4,1],kv=512,nb=75,mask=1,sinks=1,max_bias=0.000000,logit_softcap=0.000000,prec=f32,type_K=q5_1,type_V=q5_1,permute=[0,2,1,3]): not supported [ROCm0] 
  FLASH_ATTN_EXT(hsk=64,hsv=64,nh=4,nr23=[4,1],kv=512,nb=75,mask=1,sinks=1,max_bias=0.000000,logit_softcap=0.000000,prec=f32,type_K=q5_0,type_V=q5_0,permute=[0,1,2,3]): not supported [ROCm0] 
  FLASH_ATTN_EXT(hsk=64,hsv=64,nh=4,nr23=[4,1],kv=512,nb=75,mask=1,sinks=1,max_bias=0.000000,logit_softcap=0.000000,prec=f32,type_K=q5_0,type_V=q5_0,permute=[0,2,1,3]): not supported [ROCm0] 
  FLASH_ATTN_EXT(hsk=64,hsv=64,nh=4,nr23=[4,1],kv=512,nb=75,mask=1,sinks=1,max_bias=0.000000,logit_softcap=0.000000,prec=f32,type_K=q4_1,type_V=q4_1,permute=[0,1,2,3]): not supported [ROCm0] 
  FLASH_ATTN_EXT(hsk=64,hsv=64,nh=4,nr23=[4,1],kv=512,nb=75,mask=1,sinks=1,max_bias=0.000000,logit_softcap=0.000000,prec=f32,type_K=q4_1,type_V=q4_1,permute=[0,2,1,3]): not supported [ROCm0] 
  FLASH_ATTN_EXT(hsk=64,hsv=64,nh=4,nr23=[4,1],kv=512,nb=75,mask=1,sinks=1,max_bias=0.000000,logit_softcap=0.000000,prec=f32,type_K=q4_0,type_V=q4_0,permute=[0,1,2,3]): [1;32mOK[0m
  FLASH_ATTN_EXT(hsk=64,hsv=64,nh=4,nr23=[4,1],kv=512,nb=75,mask=1,sinks=1,max_bias=0.000000,logit_softcap=0.000000,prec=f32,type_K=q4_0,type_V=q4_0,permute=[0,2,1,3]): [1;32mOK[0m
  FLASH_ATTN_EXT(hsk=64,hsv=64,nh=4,nr23=[4,1],kv=512,nb=75,mask=1,sinks=1,max_bias=0.000000,logit_softcap=0.000000,prec=f32,type_K=iq4_nl,type_V=iq4_nl,permute=[0,1,2,3]): not supported [ROCm0] 
  FLASH_ATTN_EXT(hsk=64,hsv=64,nh=4,nr23=[4,1],kv=512,nb=75,mask=1,sinks=1,max_bias=0.000000,logit_softcap=0.000000,prec=f32,type_K=iq4_nl,type_V=iq4_nl,permute=[0,2,1,3]): not supported [ROCm0] 
  FLASH_ATTN_EXT(hsk=64,hsv=64,nh=4,nr23=[1,3],kv=113,nb=1,mask=1,sinks=1,max_bias=0.000000,logit_softcap=0.000000,prec=f32,type_K=f32,type_V=f32,permute=[0,1,2,3]): [1;32mOK[0m
  FLASH_ATTN_EXT(hsk=64,hsv=64,nh=4,nr23=[1,3],kv=113,nb=1,mask=1,sinks=1,max_bias=0.000000,logit_softcap=0.000000,prec=f32,type_K=f16,type_V=f16,permute=[0,1,2,3]): [1;32mOK[0m
  FLASH_ATTN_EXT(hsk=64,hsv=64,nh=4,nr23=[1,3],kv=113,nb=1,mask=1,sinks=1,max_bias=0.000000,logit_softcap=0.000000,prec=f32,type_K=bf16,type_V=bf16,permute=[0,1,2,3]): [1;32mOK[0m
  FLASH_ATTN_EXT(hsk=64,hsv=64,nh=4,nr23=[1,3],kv=113,nb=1,mask=1,sinks=1,max_bias=0.000000,logit_softcap=0.000000,prec=f32,type_K=q8_0,type_V=q8_0,permute=[0,1,2,3]): [1;32mOK[0m
  FLASH_ATTN_EXT(hsk=64,hsv=64,nh=4,nr23=[1,3],kv=113,nb=1,mask=1,sinks=1,max_bias=0.000000,logit_softcap=0.000000,prec=f32,type_K=q5_1,type_V=q5_1,permute=[0,1,2,3]): not supported [ROCm0] 
  FLASH_ATTN_EXT(hsk=64,hsv=64,nh=4,nr23=[1,3],kv=113,nb=1,mask=1,sinks=1,max_bias=0.000000,logit_softcap=0.000000,prec=f32,type_K=q5_0,type_V=q5_0,permute=[0,1,2,3]): not supported [ROCm0] 
  FLASH_ATTN_EXT(hsk=64,hsv=64,nh=4,nr23=[1,3],kv=113,nb=1,mask=1,sinks=1,max_bias=0.000000,logit_softcap=0.000000,prec=f32,type_K=q4_1,type_V=q4_1,permute=[0,1,2,3]): not supported [ROCm0] 
  FLASH_ATTN_EXT(hsk=64,hsv=64,nh=4,nr23=[1,3],kv=113,nb=1,mask=1,sinks=1,max_bias=0.000000,logit_softcap=0.000000,prec=f32,type_K=q4_0,type_V=q4_0,permute=[0,1,2,3]): [1;32mOK[0m
  FLASH_ATTN_EXT(hsk=64,hsv=64,nh=4,nr23=[1,3],kv=113,nb=1,mask=1,sinks=1,max_bias=0.000000,logit_softcap=0.000000,prec=f32,type_K=iq4_nl,type_V=iq4_nl,permute=[0,1,2,3]): not supported [ROCm0] 
  FLASH_ATTN_EXT(hsk=64,hsv=64,nh=4,nr23=[1,3],kv=113,nb=3,mask=1,sinks=1,max_bias=0.000000,logit_softcap=0.000000,prec=f32,type_K=f32,type_V=f32,permute=[0,1,2,3]): [1;32mOK[0m
  FLASH_ATTN_EXT(hsk=64,hsv=64,nh=4,nr23=[1,3],kv=113,nb=3,mask=1,sinks=1,max_bias=0.000000,logit_softcap=0.000000,prec=f32,type_K=f16,type_V=f16,permute=[0,1,2,3]): [1;32mOK[0m
  FLASH_ATTN_EXT(hsk=64,hsv=64,nh=4,nr23=[1,3],kv=113,nb=3,mask=1,sinks=1,max_bias=0.000000,logit_softcap=0.000000,prec=f32,type_K=bf16,type_V=bf16,permute=[0,1,2,3]): [1;32mOK[0m
  FLASH_ATTN_EXT(hsk=64,hsv=64,nh=4,nr23=[1,3],kv=113,nb=3,mask=1,sinks=1,max_bias=0.000000,logit_softcap=0.000000,prec=f32,type_K=q8_0,type_V=q8_0,permute=[0,1,2,3]): [1;32mOK[0m
  FLASH_ATTN_EXT(hsk=64,hsv=64,nh=4,nr23=[1,3],kv=113,nb=3,mask=1,sinks=1,max_bias=0.000000,logit_softcap=0.000000,prec=f32,type_K=q5_1,type_V=q5_1,permute=[0,1,2,3]): not supported [ROCm0] 
  FLASH_ATTN_EXT(hsk=64,hsv=64,nh=4,nr23=[1,3],kv=113,nb=3,mask=1,sinks=1,max_bias=0.000000,logit_softcap=0.000000,prec=f32,type_K=q5_0,type_V=q5_0,permute=[0,1,2,3]): not supported [ROCm0] 
  FLASH_ATTN_EXT(hsk=64,hsv=64,nh=4,nr23=[1,3],kv=113,nb=3,mask=1,sinks=1,max_bias=0.000000,logit_softcap=0.000000,prec=f32,type_K=q4_1,type_V=q4_1,permute=[0,1,2,3]): not supported [ROCm0] 
  FLASH_ATTN_EXT(hsk=64,hsv=64,nh=4,nr23=[1,3],kv=113,nb=3,mask=1,sinks=1,max_bias=0.000000,logit_softcap=0.000000,prec=f32,type_K=q4_0,type_V=q4_0,permute=[0,1,2,3]): [1;32mOK[0m
  FLASH_ATTN_EXT(hsk=64,hsv=64,nh=4,nr23=[1,3],kv=113,nb=3,mask=1,sinks=1,max_bias=0.000000,logit_softcap=0.000000,prec=f32,type_K=iq4_nl,type_V=iq4_nl,permute=[0,1,2,3]): not supported [ROCm0] 
  FLASH_ATTN_EXT(hsk=64,hsv=64,nh=4,nr23=[1,3],kv=113,nb=32,mask=1,sinks=1,max_bias=0.000000,logit_softcap=0.000000,prec=f32,type_K=f32,type_V=f32,permute=[0,1,2,3]): [1;32mOK[0m
  FLASH_ATTN_EXT(hsk=64,hsv=64,nh=4,nr23=[1,3],kv=113,nb=32,mask=1,sinks=1,max_bias=0.000000,logit_softcap=0.000000,prec=f32,type_K=f16,type_V=f16,permute=[0,1,2,3]): [1;32mOK[0m
  FLASH_ATTN_EXT(hsk=64,hsv=64,nh=4,nr23=[1,3],kv=113,nb=32,mask=1,sinks=1,max_bias=0.000000,logit_softcap=0.000000,prec=f32,type_K=bf16,type_V=bf16,permute=[0,1,2,3]): [1;32mOK[0m
  FLASH_ATTN_EXT(hsk=64,hsv=64,nh=4,nr23=[1,3],kv=113,nb=32,mask=1,sinks=1,max_bias=0.000000,logit_softcap=0.000000,prec=f32,type_K=q8_0,type_V=q8_0,permute=[0,1,2,3]): [1;32mOK[0m
  FLASH_ATTN_EXT(hsk=64,hsv=64,nh=4,nr23=[1,3],kv=113,nb=32,mask=1,sinks=1,max_bias=0.000000,logit_softcap=0.000000,prec=f32,type_K=q5_1,type_V=q5_1,permute=[0,1,2,3]): not supported [ROCm0] 
  FLASH_ATTN_EXT(hsk=64,hsv=64,nh=4,nr23=[1,3],kv=113,nb=32,mask=1,sinks=1,max_bias=0.000000,logit_softcap=0.000000,prec=f32,type_K=q5_0,type_V=q5_0,permute=[0,1,2,3]): not supported [ROCm0] 
  FLASH_ATTN_EXT(hsk=64,hsv=64,nh=4,nr23=[1,3],kv=113,nb=32,mask=1,sinks=1,max_bias=0.000000,logit_softcap=0.000000,prec=f32,type_K=q4_1,type_V=q4_1,permute=[0,1,2,3]): not supported [ROCm0] 
  FLASH_ATTN_EXT(hsk=64,hsv=64,nh=4,nr23=[1,3],kv=113,nb=32,mask=1,sinks=1,max_bias=0.000000,logit_softcap=0.000000,prec=f32,type_K=q4_0,type_V=q4_0,permute=[0,1,2,3]): [1;32mOK[0m
  FLASH_ATTN_EXT(hsk=64,hsv=64,nh=4,nr23=[1,3],kv=113,nb=32,mask=1,sinks=1,max_bias=0.000000,logit_softcap=0.000000,prec=f32,type_K=iq4_nl,type_V=iq4_nl,permute=[0,1,2,3]): not supported [ROCm0] 
  FLASH_ATTN_EXT(hsk=64,hsv=64,nh=4,nr23=[1,3],kv=113,nb=75,mask=1,sinks=1,max_bias=0.000000,logit_softcap=0.000000,prec=f32,type_K=f32,type_V=f32,permute=[0,1,2,3]): [1;32mOK[0m
  FLASH_ATTN_EXT(hsk=64,hsv=64,nh=4,nr23=[1,3],kv=113,nb=75,mask=1,sinks=1,max_bias=0.000000,logit_softcap=0.000000,prec=f32,type_K=f16,type_V=f16,permute=[0,1,2,3]): [1;32mOK[0m
  FLASH_ATTN_EXT(hsk=64,hsv=64,nh=4,nr23=[1,3],kv=113,nb=75,mask=1,sinks=1,max_bias=0.000000,logit_softcap=0.000000,prec=f32,type_K=bf16,type_V=bf16,permute=[0,1,2,3]): [1;32mOK[0m
  FLASH_ATTN_EXT(hsk=64,hsv=64,nh=4,nr23=[1,3],kv=113,nb=75,mask=1,sinks=1,max_bias=0.000000,logit_softcap=0.000000,prec=f32,type_K=q8_0,type_V=q8_0,permute=[0,1,2,3]): [1;32mOK[0m
  FLASH_ATTN_EXT(hsk=64,hsv=64,nh=4,nr23=[1,3],kv=113,nb=75,mask=1,sinks=1,max_bias=0.000000,logit_softcap=0.000000,prec=f32,type_K=q5_1,type_V=q5_1,permute=[0,1,2,3]): not supported [ROCm0] 
  FLASH_ATTN_EXT(hsk=64,hsv=64,nh=4,nr23=[1,3],kv=113,nb=75,mask=1,sinks=1,max_bias=0.000000,logit_softcap=0.000000,prec=f32,type_K=q5_0,type_V=q5_0,permute=[0,1,2,3]): not supported [ROCm0] 
  FLASH_ATTN_EXT(hsk=64,hsv=64,nh=4,nr23=[1,3],kv=113,nb=75,mask=1,sinks=1,max_bias=0.000000,logit_softcap=0.000000,prec=f32,type_K=q4_1,type_V=q4_1,permute=[0,1,2,3]): not supported [ROCm0] 
  FLASH_ATTN_EXT(hsk=64,hsv=64,nh=4,nr23=[1,3],kv=113,nb=75,mask=1,sinks=1,max_bias=0.000000,logit_softcap=0.000000,prec=f32,type_K=q4_0,type_V=q4_0,permute=[0,1,2,3]): [1;32mOK[0m
  FLASH_ATTN_EXT(hsk=64,hsv=64,nh=4,nr23=[1,3],kv=113,nb=75,mask=1,sinks=1,max_bias=0.000000,logit_softcap=0.000000,prec=f32,type_K=iq4_nl,type_V=iq4_nl,permute=[0,1,2,3]): not supported [ROCm0] 
  FLASH_ATTN_EXT(hsk=64,hsv=64,nh=4,nr23=[1,3],kv=512,nb=1,mask=1,sinks=1,max_bias=0.000000,logit_softcap=0.000000,prec=f32,type_K=f32,type_V=f32,permute=[0,1,2,3]): ggml_backend_cuda_graph_compute: CUDA graph warmup complete
ggml_backend_cuda_graph_compute: CUDA graph warmup complete
[1;32mOK[0m
  FLASH_ATTN_EXT(hsk=64,hsv=64,nh=4,nr23=[1,3],kv=512,nb=1,mask=1,sinks=1,max_bias=0.000000,logit_softcap=0.000000,prec=f32,type_K=f32,type_V=f32,permute=[0,2,1,3]): ggml_backend_cuda_graph_compute: CUDA graph warmup reset
ggml_backend_cuda_graph_compute: CUDA graph warmup reset
[1;32mOK[0m
  FLASH_ATTN_EXT(hsk=64,hsv=64,nh=4,nr23=[1,3],kv=512,nb=1,mask=1,sinks=1,max_bias=0.000000,logit_softcap=0.000000,prec=f32,type_K=f16,type_V=f16,permute=[0,1,2,3]): [1;32mOK[0m
  FLASH_ATTN_EXT(hsk=64,hsv=64,nh=4,nr23=[1,3],kv=512,nb=1,mask=1,sinks=1,max_bias=0.000000,logit_softcap=0.000000,prec=f32,type_K=f16,type_V=f16,permute=[0,2,1,3]): [1;32mOK[0m
  FLASH_ATTN_EXT(hsk=64,hsv=64,nh=4,nr23=[1,3],kv=512,nb=1,mask=1,sinks=1,max_bias=0.000000,logit_softcap=0.000000,prec=f32,type_K=bf16,type_V=bf16,permute=[0,1,2,3]): [1;32mOK[0m
  FLASH_ATTN_EXT(hsk=64,hsv=64,nh=4,nr23=[1,3],kv=512,nb=1,mask=1,sinks=1,max_bias=0.000000,logit_softcap=0.000000,prec=f32,type_K=bf16,type_V=bf16,permute=[0,2,1,3]): [1;32mOK[0m
  FLASH_ATTN_EXT(hsk=64,hsv=64,nh=4,nr23=[1,3],kv=512,nb=1,mask=1,sinks=1,max_bias=0.000000,logit_softcap=0.000000,prec=f32,type_K=q8_0,type_V=q8_0,permute=[0,1,2,3]): [1;32mOK[0m
  FLASH_ATTN_EXT(hsk=64,hsv=64,nh=4,nr23=[1,3],kv=512,nb=1,mask=1,sinks=1,max_bias=0.000000,logit_softcap=0.000000,prec=f32,type_K=q8_0,type_V=q8_0,permute=[0,2,1,3]): [1;32mOK[0m
  FLASH_ATTN_EXT(hsk=64,hsv=64,nh=4,nr23=[1,3],kv=512,nb=1,mask=1,sinks=1,max_bias=0.000000,logit_softcap=0.000000,prec=f32,type_K=q5_1,type_V=q5_1,permute=[0,1,2,3]): not supported [ROCm0] 
  FLASH_ATTN_EXT(hsk=64,hsv=64,nh=4,nr23=[1,3],kv=512,nb=1,mask=1,sinks=1,max_bias=0.000000,logit_softcap=0.000000,prec=f32,type_K=q5_1,type_V=q5_1,permute=[0,2,1,3]): not supported [ROCm0] 
  FLASH_ATTN_EXT(hsk=64,hsv=64,nh=4,nr23=[1,3],kv=512,nb=1,mask=1,sinks=1,max_bias=0.000000,logit_softcap=0.000000,prec=f32,type_K=q5_0,type_V=q5_0,permute=[0,1,2,3]): not supported [ROCm0] 
  FLASH_ATTN_EXT(hsk=64,hsv=64,nh=4,nr23=[1,3],kv=512,nb=1,mask=1,sinks=1,max_bias=0.000000,logit_softcap=0.000000,prec=f32,type_K=q5_0,type_V=q5_0,permute=[0,2,1,3]): not supported [ROCm0] 
  FLASH_ATTN_EXT(hsk=64,hsv=64,nh=4,nr23=[1,3],kv=512,nb=1,mask=1,sinks=1,max_bias=0.000000,logit_softcap=0.000000,prec=f32,type_K=q4_1,type_V=q4_1,permute=[0,1,2,3]): not supported [ROCm0] 
  FLASH_ATTN_EXT(hsk=64,hsv=64,nh=4,nr23=[1,3],kv=512,nb=1,mask=1,sinks=1,max_bias=0.000000,logit_softcap=0.000000,prec=f32,type_K=q4_1,type_V=q4_1,permute=[0,2,1,3]): not supported [ROCm0] 
  FLASH_ATTN_EXT(hsk=64,hsv=64,nh=4,nr23=[1,3],kv=512,nb=1,mask=1,sinks=1,max_bias=0.000000,logit_softcap=0.000000,prec=f32,type_K=q4_0,type_V=q4_0,permute=[0,1,2,3]): [1;32mOK[0m
  FLASH_ATTN_EXT(hsk=64,hsv=64,nh=4,nr23=[1,3],kv=512,nb=1,mask=1,sinks=1,max_bias=0.000000,logit_softcap=0.000000,prec=f32,type_K=q4_0,type_V=q4_0,permute=[0,2,1,3]): [1;32mOK[0m
  FLASH_ATTN_EXT(hsk=64,hsv=64,nh=4,nr23=[1,3],kv=512,nb=1,mask=1,sinks=1,max_bias=0.000000,logit_softcap=0.000000,prec=f32,type_K=iq4_nl,type_V=iq4_nl,permute=[0,1,2,3]): not supported [ROCm0] 
  FLASH_ATTN_EXT(hsk=64,hsv=64,nh=4,nr23=[1,3],kv=512,nb=1,mask=1,sinks=1,max_bias=0.000000,logit_softcap=0.000000,prec=f32,type_K=iq4_nl,type_V=iq4_nl,permute=[0,2,1,3]): not supported [ROCm0] 
  FLASH_ATTN_EXT(hsk=64,hsv=64,nh=4,nr23=[1,3],kv=512,nb=3,mask=1,sinks=1,max_bias=0.000000,logit_softcap=0.000000,prec=f32,type_K=f32,type_V=f32,permute=[0,1,2,3]): ggml_backend_cuda_graph_compute: CUDA graph warmup complete
ggml_backend_cuda_graph_compute: CUDA graph warmup complete
[1;32mOK[0m
  FLASH_ATTN_EXT(hsk=64,hsv=64,nh=4,nr23=[1,3],kv=512,nb=3,mask=1,sinks=1,max_bias=0.000000,logit_softcap=0.000000,prec=f32,type_K=f32,type_V=f32,permute=[0,2,1,3]): ggml_backend_cuda_graph_compute: CUDA graph warmup reset
ggml_backend_cuda_graph_compute: CUDA graph warmup reset
[1;32mOK[0m
  FLASH_ATTN_EXT(hsk=64,hsv=64,nh=4,nr23=[1,3],kv=512,nb=3,mask=1,sinks=1,max_bias=0.000000,logit_softcap=0.000000,prec=f32,type_K=f16,type_V=f16,permute=[0,1,2,3]): [1;32mOK[0m
  FLASH_ATTN_EXT(hsk=64,hsv=64,nh=4,nr23=[1,3],kv=512,nb=3,mask=1,sinks=1,max_bias=0.000000,logit_softcap=0.000000,prec=f32,type_K=f16,type_V=f16,permute=[0,2,1,3]): [1;32mOK[0m
  FLASH_ATTN_EXT(hsk=64,hsv=64,nh=4,nr23=[1,3],kv=512,nb=3,mask=1,sinks=1,max_bias=0.000000,logit_softcap=0.000000,prec=f32,type_K=bf16,type_V=bf16,permute=[0,1,2,3]): [1;32mOK[0m
  FLASH_ATTN_EXT(hsk=64,hsv=64,nh=4,nr23=[1,3],kv=512,nb=3,mask=1,sinks=1,max_bias=0.000000,logit_softcap=0.000000,prec=f32,type_K=bf16,type_V=bf16,permute=[0,2,1,3]): [1;32mOK[0m
  FLASH_ATTN_EXT(hsk=64,hsv=64,nh=4,nr23=[1,3],kv=512,nb=3,mask=1,sinks=1,max_bias=0.000000,logit_softcap=0.000000,prec=f32,type_K=q8_0,type_V=q8_0,permute=[0,1,2,3]): ggml_backend_cuda_graph_compute: CUDA graph warmup complete
ggml_backend_cuda_graph_compute: CUDA graph warmup complete
[1;32mOK[0m
  FLASH_ATTN_EXT(hsk=64,hsv=64,nh=4,nr23=[1,3],kv=512,nb=3,mask=1,sinks=1,max_bias=0.000000,logit_softcap=0.000000,prec=f32,type_K=q8_0,type_V=q8_0,permute=[0,2,1,3]): [1;32mOK[0m
  FLASH_ATTN_EXT(hsk=64,hsv=64,nh=4,nr23=[1,3],kv=512,nb=3,mask=1,sinks=1,max_bias=0.000000,logit_softcap=0.000000,prec=f32,type_K=q5_1,type_V=q5_1,permute=[0,1,2,3]): not supported [ROCm0] 
  FLASH_ATTN_EXT(hsk=64,hsv=64,nh=4,nr23=[1,3],kv=512,nb=3,mask=1,sinks=1,max_bias=0.000000,logit_softcap=0.000000,prec=f32,type_K=q5_1,type_V=q5_1,permute=[0,2,1,3]): not supported [ROCm0] 
  FLASH_ATTN_EXT(hsk=64,hsv=64,nh=4,nr23=[1,3],kv=512,nb=3,mask=1,sinks=1,max_bias=0.000000,logit_softcap=0.000000,prec=f32,type_K=q5_0,type_V=q5_0,permute=[0,1,2,3]): not supported [ROCm0] 
  FLASH_ATTN_EXT(hsk=64,hsv=64,nh=4,nr23=[1,3],kv=512,nb=3,mask=1,sinks=1,max_bias=0.000000,logit_softcap=0.000000,prec=f32,type_K=q5_0,type_V=q5_0,permute=[0,2,1,3]): not supported [ROCm0] 
  FLASH_ATTN_EXT(hsk=64,hsv=64,nh=4,nr23=[1,3],kv=512,nb=3,mask=1,sinks=1,max_bias=0.000000,logit_softcap=0.000000,prec=f32,type_K=q4_1,type_V=q4_1,permute=[0,1,2,3]): not supported [ROCm0] 
  FLASH_ATTN_EXT(hsk=64,hsv=64,nh=4,nr23=[1,3],kv=512,nb=3,mask=1,sinks=1,max_bias=0.000000,logit_softcap=0.000000,prec=f32,type_K=q4_1,type_V=q4_1,permute=[0,2,1,3]): ggml_backend_cuda_graph_compute: CUDA graph warmup reset
ggml_backend_cuda_graph_compute: CUDA graph warmup reset
not supported [ROCm0] 
  FLASH_ATTN_EXT(hsk=64,hsv=64,nh=4,nr23=[1,3],kv=512,nb=3,mask=1,sinks=1,max_bias=0.000000,logit_softcap=0.000000,prec=f32,type_K=q4_0,type_V=q4_0,permute=[0,1,2,3]): [1;32mOK[0m
  FLASH_ATTN_EXT(hsk=64,hsv=64,nh=4,nr23=[1,3],kv=512,nb=3,mask=1,sinks=1,max_bias=0.000000,logit_softcap=0.000000,prec=f32,type_K=q4_0,type_V=q4_0,permute=[0,2,1,3]): [1;32mOK[0m
  FLASH_ATTN_EXT(hsk=64,hsv=64,nh=4,nr23=[1,3],kv=512,nb=3,mask=1,sinks=1,max_bias=0.000000,logit_softcap=0.000000,prec=f32,type_K=iq4_nl,type_V=iq4_nl,permute=[0,1,2,3]): not supported [ROCm0] 
  FLASH_ATTN_EXT(hsk=64,hsv=64,nh=4,nr23=[1,3],kv=512,nb=3,mask=1,sinks=1,max_bias=0.000000,logit_softcap=0.000000,prec=f32,type_K=iq4_nl,type_V=iq4_nl,permute=[0,2,1,3]): not supported [ROCm0] 
  FLASH_ATTN_EXT(hsk=64,hsv=64,nh=4,nr23=[1,3],kv=512,nb=32,mask=1,sinks=1,max_bias=0.000000,logit_softcap=0.000000,prec=f32,type_K=f32,type_V=f32,permute=[0,1,2,3]): ggml_backend_cuda_graph_compute: CUDA graph warmup complete
ggml_backend_cuda_graph_compute: CUDA graph warmup complete
[1;32mOK[0m
  FLASH_ATTN_EXT(hsk=64,hsv=64,nh=4,nr23=[1,3],kv=512,nb=32,mask=1,sinks=1,max_bias=0.000000,logit_softcap=0.000000,prec=f32,type_K=f32,type_V=f32,permute=[0,2,1,3]): ggml_backend_cuda_graph_compute: CUDA graph warmup reset
ggml_backend_cuda_graph_compute: CUDA graph warmup reset
[1;32mOK[0m
  FLASH_ATTN_EXT(hsk=64,hsv=64,nh=4,nr23=[1,3],kv=512,nb=32,mask=1,sinks=1,max_bias=0.000000,logit_softcap=0.000000,prec=f32,type_K=f16,type_V=f16,permute=[0,1,2,3]): [1;32mOK[0m
  FLASH_ATTN_EXT(hsk=64,hsv=64,nh=4,nr23=[1,3],kv=512,nb=32,mask=1,sinks=1,max_bias=0.000000,logit_softcap=0.000000,prec=f32,type_K=f16,type_V=f16,permute=[0,2,1,3]): [1;32mOK[0m
  FLASH_ATTN_EXT(hsk=64,hsv=64,nh=4,nr23=[1,3],kv=512,nb=32,mask=1,sinks=1,max_bias=0.000000,logit_softcap=0.000000,prec=f32,type_K=bf16,type_V=bf16,permute=[0,1,2,3]): [1;32mOK[0m
  FLASH_ATTN_EXT(hsk=64,hsv=64,nh=4,nr23=[1,3],kv=512,nb=32,mask=1,sinks=1,max_bias=0.000000,logit_softcap=0.000000,prec=f32,type_K=bf16,type_V=bf16,permute=[0,2,1,3]): [1;32mOK[0m
  FLASH_ATTN_EXT(hsk=64,hsv=64,nh=4,nr23=[1,3],kv=512,nb=32,mask=1,sinks=1,max_bias=0.000000,logit_softcap=0.000000,prec=f32,type_K=q8_0,type_V=q8_0,permute=[0,1,2,3]): [1;32mOK[0m
  FLASH_ATTN_EXT(hsk=64,hsv=64,nh=4,nr23=[1,3],kv=512,nb=32,mask=1,sinks=1,max_bias=0.000000,logit_softcap=0.000000,prec=f32,type_K=q8_0,type_V=q8_0,permute=[0,2,1,3]): [1;32mOK[0m
  FLASH_ATTN_EXT(hsk=64,hsv=64,nh=4,nr23=[1,3],kv=512,nb=32,mask=1,sinks=1,max_bias=0.000000,logit_softcap=0.000000,prec=f32,type_K=q5_1,type_V=q5_1,permute=[0,1,2,3]): not supported [ROCm0] 
  FLASH_ATTN_EXT(hsk=64,hsv=64,nh=4,nr23=[1,3],kv=512,nb=32,mask=1,sinks=1,max_bias=0.000000,logit_softcap=0.000000,prec=f32,type_K=q5_1,type_V=q5_1,permute=[0,2,1,3]): not supported [ROCm0] 
  FLASH_ATTN_EXT(hsk=64,hsv=64,nh=4,nr23=[1,3],kv=512,nb=32,mask=1,sinks=1,max_bias=0.000000,logit_softcap=0.000000,prec=f32,type_K=q5_0,type_V=q5_0,permute=[0,1,2,3]): not supported [ROCm0] 
  FLASH_ATTN_EXT(hsk=64,hsv=64,nh=4,nr23=[1,3],kv=512,nb=32,mask=1,sinks=1,max_bias=0.000000,logit_softcap=0.000000,prec=f32,type_K=q5_0,type_V=q5_0,permute=[0,2,1,3]): not supported [ROCm0] 
  FLASH_ATTN_EXT(hsk=64,hsv=64,nh=4,nr23=[1,3],kv=512,nb=32,mask=1,sinks=1,max_bias=0.000000,logit_softcap=0.000000,prec=f32,type_K=q4_1,type_V=q4_1,permute=[0,1,2,3]): not supported [ROCm0] 
  FLASH_ATTN_EXT(hsk=64,hsv=64,nh=4,nr23=[1,3],kv=512,nb=32,mask=1,sinks=1,max_bias=0.000000,logit_softcap=0.000000,prec=f32,type_K=q4_1,type_V=q4_1,permute=[0,2,1,3]): not supported [ROCm0] 
  FLASH_ATTN_EXT(hsk=64,hsv=64,nh=4,nr23=[1,3],kv=512,nb=32,mask=1,sinks=1,max_bias=0.000000,logit_softcap=0.000000,prec=f32,type_K=q4_0,type_V=q4_0,permute=[0,1,2,3]): [1;32mOK[0m
  FLASH_ATTN_EXT(hsk=64,hsv=64,nh=4,nr23=[1,3],kv=512,nb=32,mask=1,sinks=1,max_bias=0.000000,logit_softcap=0.000000,prec=f32,type_K=q4_0,type_V=q4_0,permute=[0,2,1,3]): [1;32mOK[0m
  FLASH_ATTN_EXT(hsk=64,hsv=64,nh=4,nr23=[1,3],kv=512,nb=32,mask=1,sinks=1,max_bias=0.000000,logit_softcap=0.000000,prec=f32,type_K=iq4_nl,type_V=iq4_nl,permute=[0,1,2,3]): not supported [ROCm0] 
  FLASH_ATTN_EXT(hsk=64,hsv=64,nh=4,nr23=[1,3],kv=512,nb=32,mask=1,sinks=1,max_bias=0.000000,logit_softcap=0.000000,prec=f32,type_K=iq4_nl,type_V=iq4_nl,permute=[0,2,1,3]): not supported [ROCm0] 
  FLASH_ATTN_EXT(hsk=64,hsv=64,nh=4,nr23=[1,3],kv=512,nb=75,mask=1,sinks=1,max_bias=0.000000,logit_softcap=0.000000,prec=f32,type_K=f32,type_V=f32,permute=[0,1,2,3]): ggml_backend_cuda_graph_compute: CUDA graph warmup complete
ggml_backend_cuda_graph_compute: CUDA graph warmup complete
[1;32mOK[0m
  FLASH_ATTN_EXT(hsk=64,hsv=64,nh=4,nr23=[1,3],kv=512,nb=75,mask=1,sinks=1,max_bias=0.000000,logit_softcap=0.000000,prec=f32,type_K=f32,type_V=f32,permute=[0,2,1,3]): ggml_backend_cuda_graph_compute: CUDA graph warmup reset
ggml_backend_cuda_graph_compute: CUDA graph warmup reset
[1;32mOK[0m
  FLASH_ATTN_EXT(hsk=64,hsv=64,nh=4,nr23=[1,3],kv=512,nb=75,mask=1,sinks=1,max_bias=0.000000,logit_softcap=0.000000,prec=f32,type_K=f16,type_V=f16,permute=[0,1,2,3]): [1;32mOK[0m
  FLASH_ATTN_EXT(hsk=64,hsv=64,nh=4,nr23=[1,3],kv=512,nb=75,mask=1,sinks=1,max_bias=0.000000,logit_softcap=0.000000,prec=f32,type_K=f16,type_V=f16,permute=[0,2,1,3]): [1;32mOK[0m
  FLASH_ATTN_EXT(hsk=64,hsv=64,nh=4,nr23=[1,3],kv=512,nb=75,mask=1,sinks=1,max_bias=0.000000,logit_softcap=0.000000,prec=f32,type_K=bf16,type_V=bf16,permute=[0,1,2,3]): [1;32mOK[0m
  FLASH_ATTN_EXT(hsk=64,hsv=64,nh=4,nr23=[1,3],kv=512,nb=75,mask=1,sinks=1,max_bias=0.000000,logit_softcap=0.000000,prec=f32,type_K=bf16,type_V=bf16,permute=[0,2,1,3]): [1;32mOK[0m
  FLASH_ATTN_EXT(hsk=64,hsv=64,nh=4,nr23=[1,3],kv=512,nb=75,mask=1,sinks=1,max_bias=0.000000,logit_softcap=0.000000,prec=f32,type_K=q8_0,type_V=q8_0,permute=[0,1,2,3]): [1;32mOK[0m
  FLASH_ATTN_EXT(hsk=64,hsv=64,nh=4,nr23=[1,3],kv=512,nb=75,mask=1,sinks=1,max_bias=0.000000,logit_softcap=0.000000,prec=f32,type_K=q8_0,type_V=q8_0,permute=[0,2,1,3]): [1;32mOK[0m
  FLASH_ATTN_EXT(hsk=64,hsv=64,nh=4,nr23=[1,3],kv=512,nb=75,mask=1,sinks=1,max_bias=0.000000,logit_softcap=0.000000,prec=f32,type_K=q5_1,type_V=q5_1,permute=[0,1,2,3]): not supported [ROCm0] 
  FLASH_ATTN_EXT(hsk=64,hsv=64,nh=4,nr23=[1,3],kv=512,nb=75,mask=1,sinks=1,max_bias=0.000000,logit_softcap=0.000000,prec=f32,type_K=q5_1,type_V=q5_1,permute=[0,2,1,3]): not supported [ROCm0] 
  FLASH_ATTN_EXT(hsk=64,hsv=64,nh=4,nr23=[1,3],kv=512,nb=75,mask=1,sinks=1,max_bias=0.000000,logit_softcap=0.000000,prec=f32,type_K=q5_0,type_V=q5_0,permute=[0,1,2,3]): not supported [ROCm0] 
  FLASH_ATTN_EXT(hsk=64,hsv=64,nh=4,nr23=[1,3],kv=512,nb=75,mask=1,sinks=1,max_bias=0.000000,logit_softcap=0.000000,prec=f32,type_K=q5_0,type_V=q5_0,permute=[0,2,1,3]): not supported [ROCm0] 
  FLASH_ATTN_EXT(hsk=64,hsv=64,nh=4,nr23=[1,3],kv=512,nb=75,mask=1,sinks=1,max_bias=0.000000,logit_softcap=0.000000,prec=f32,type_K=q4_1,type_V=q4_1,permute=[0,1,2,3]): not supported [ROCm0] 
  FLASH_ATTN_EXT(hsk=64,hsv=64,nh=4,nr23=[1,3],kv=512,nb=75,mask=1,sinks=1,max_bias=0.000000,logit_softcap=0.000000,prec=f32,type_K=q4_1,type_V=q4_1,permute=[0,2,1,3]): not supported [ROCm0] 
  FLASH_ATTN_EXT(hsk=64,hsv=64,nh=4,nr23=[1,3],kv=512,nb=75,mask=1,sinks=1,max_bias=0.000000,logit_softcap=0.000000,prec=f32,type_K=q4_0,type_V=q4_0,permute=[0,1,2,3]): [1;32mOK[0m
  FLASH_ATTN_EXT(hsk=64,hsv=64,nh=4,nr23=[1,3],kv=512,nb=75,mask=1,sinks=1,max_bias=0.000000,logit_softcap=0.000000,prec=f32,type_K=q4_0,type_V=q4_0,permute=[0,2,1,3]): [1;32mOK[0m
  FLASH_ATTN_EXT(hsk=64,hsv=64,nh=4,nr23=[1,3],kv=512,nb=75,mask=1,sinks=1,max_bias=0.000000,logit_softcap=0.000000,prec=f32,type_K=iq4_nl,type_V=iq4_nl,permute=[0,1,2,3]): not supported [ROCm0] 
  FLASH_ATTN_EXT(hsk=64,hsv=64,nh=4,nr23=[1,3],kv=512,nb=75,mask=1,sinks=1,max_bias=0.000000,logit_softcap=0.000000,prec=f32,type_K=iq4_nl,type_V=iq4_nl,permute=[0,2,1,3]): not supported [ROCm0] 
  FLASH_ATTN_EXT(hsk=64,hsv=64,nh=4,nr23=[1,3],kv=1024,nb=1,mask=1,sinks=1,max_bias=0.000000,logit_softcap=0.000000,prec=f32,type_K=f32,type_V=f32,permute=[0,1,2,3]): [1;32mOK[0m
  FLASH_ATTN_EXT(hsk=64,hsv=64,nh=4,nr23=[1,3],kv=1024,nb=1,mask=1,sinks=1,max_bias=0.000000,logit_softcap=0.000000,prec=f32,type_K=f16,type_V=f16,permute=[0,1,2,3]): [1;32mOK[0m
  FLASH_ATTN_EXT(hsk=64,hsv=64,nh=4,nr23=[1,3],kv=1024,nb=1,mask=1,sinks=1,max_bias=0.000000,logit_softcap=0.000000,prec=f32,type_K=bf16,type_V=bf16,permute=[0,1,2,3]): [1;32mOK[0m
  FLASH_ATTN_EXT(hsk=64,hsv=64,nh=4,nr23=[1,3],kv=1024,nb=1,mask=1,sinks=1,max_bias=0.000000,logit_softcap=0.000000,prec=f32,type_K=q8_0,type_V=q8_0,permute=[0,1,2,3]): [1;32mOK[0m
  FLASH_ATTN_EXT(hsk=64,hsv=64,nh=4,nr23=[1,3],kv=1024,nb=1,mask=1,sinks=1,max_bias=0.000000,logit_softcap=0.000000,prec=f32,type_K=q5_1,type_V=q5_1,permute=[0,1,2,3]): not supported [ROCm0] 
  FLASH_ATTN_EXT(hsk=64,hsv=64,nh=4,nr23=[1,3],kv=1024,nb=1,mask=1,sinks=1,max_bias=0.000000,logit_softcap=0.000000,prec=f32,type_K=q5_0,type_V=q5_0,permute=[0,1,2,3]): not supported [ROCm0] 
  FLASH_ATTN_EXT(hsk=64,hsv=64,nh=4,nr23=[1,3],kv=1024,nb=1,mask=1,sinks=1,max_bias=0.000000,logit_softcap=0.000000,prec=f32,type_K=q4_1,type_V=q4_1,permute=[0,1,2,3]): not supported [ROCm0] 
  FLASH_ATTN_EXT(hsk=64,hsv=64,nh=4,nr23=[1,3],kv=1024,nb=1,mask=1,sinks=1,max_bias=0.000000,logit_softcap=0.000000,prec=f32,type_K=q4_0,type_V=q4_0,permute=[0,1,2,3]): [1;32mOK[0m
  FLASH_ATTN_EXT(hsk=64,hsv=64,nh=4,nr23=[1,3],kv=1024,nb=1,mask=1,sinks=1,max_bias=0.000000,logit_softcap=0.000000,prec=f32,type_K=iq4_nl,type_V=iq4_nl,permute=[0,1,2,3]): not supported [ROCm0] 
  FLASH_ATTN_EXT(hsk=64,hsv=64,nh=4,nr23=[1,3],kv=1024,nb=3,mask=1,sinks=1,max_bias=0.000000,logit_softcap=0.000000,prec=f32,type_K=f32,type_V=f32,permute=[0,1,2,3]): [1;32mOK[0m
  FLASH_ATTN_EXT(hsk=64,hsv=64,nh=4,nr23=[1,3],kv=1024,nb=3,mask=1,sinks=1,max_bias=0.000000,logit_softcap=0.000000,prec=f32,type_K=f16,type_V=f16,permute=[0,1,2,3]): [1;32mOK[0m
  FLASH_ATTN_EXT(hsk=64,hsv=64,nh=4,nr23=[1,3],kv=1024,nb=3,mask=1,sinks=1,max_bias=0.000000,logit_softcap=0.000000,prec=f32,type_K=bf16,type_V=bf16,permute=[0,1,2,3]): [1;32mOK[0m
  FLASH_ATTN_EXT(hsk=64,hsv=64,nh=4,nr23=[1,3],kv=1024,nb=3,mask=1,sinks=1,max_bias=0.000000,logit_softcap=0.000000,prec=f32,type_K=q8_0,type_V=q8_0,permute=[0,1,2,3]): [1;32mOK[0m
  FLASH_ATTN_EXT(hsk=64,hsv=64,nh=4,nr23=[1,3],kv=1024,nb=3,mask=1,sinks=1,max_bias=0.000000,logit_softcap=0.000000,prec=f32,type_K=q5_1,type_V=q5_1,permute=[0,1,2,3]): not supported [ROCm0] 
  FLASH_ATTN_EXT(hsk=64,hsv=64,nh=4,nr23=[1,3],kv=1024,nb=3,mask=1,sinks=1,max_bias=0.000000,logit_softcap=0.000000,prec=f32,type_K=q5_0,type_V=q5_0,permute=[0,1,2,3]): not supported [ROCm0] 
  FLASH_ATTN_EXT(hsk=64,hsv=64,nh=4,nr23=[1,3],kv=1024,nb=3,mask=1,sinks=1,max_bias=0.000000,logit_softcap=0.000000,prec=f32,type_K=q4_1,type_V=q4_1,permute=[0,1,2,3]): not supported [ROCm0] 
  FLASH_ATTN_EXT(hsk=64,hsv=64,nh=4,nr23=[1,3],kv=1024,nb=3,mask=1,sinks=1,max_bias=0.000000,logit_softcap=0.000000,prec=f32,type_K=q4_0,type_V=q4_0,permute=[0,1,2,3]): [1;32mOK[0m
  FLASH_ATTN_EXT(hsk=64,hsv=64,nh=4,nr23=[1,3],kv=1024,nb=3,mask=1,sinks=1,max_bias=0.000000,logit_softcap=0.000000,prec=f32,type_K=iq4_nl,type_V=iq4_nl,permute=[0,1,2,3]): not supported [ROCm0] 
  FLASH_ATTN_EXT(hsk=64,hsv=64,nh=4,nr23=[1,3],kv=1024,nb=32,mask=1,sinks=1,max_bias=0.000000,logit_softcap=0.000000,prec=f32,type_K=f32,type_V=f32,permute=[0,1,2,3]): [1;32mOK[0m
  FLASH_ATTN_EXT(hsk=64,hsv=64,nh=4,nr23=[1,3],kv=1024,nb=32,mask=1,sinks=1,max_bias=0.000000,logit_softcap=0.000000,prec=f32,type_K=f16,type_V=f16,permute=[0,1,2,3]): [1;32mOK[0m
  FLASH_ATTN_EXT(hsk=64,hsv=64,nh=4,nr23=[1,3],kv=1024,nb=32,mask=1,sinks=1,max_bias=0.000000,logit_softcap=0.000000,prec=f32,type_K=bf16,type_V=bf16,permute=[0,1,2,3]): [1;32mOK[0m
  FLASH_ATTN_EXT(hsk=64,hsv=64,nh=4,nr23=[1,3],kv=1024,nb=32,mask=1,sinks=1,max_bias=0.000000,logit_softcap=0.000000,prec=f32,type_K=q8_0,type_V=q8_0,permute=[0,1,2,3]): [1;32mOK[0m
  FLASH_ATTN_EXT(hsk=64,hsv=64,nh=4,nr23=[1,3],kv=1024,nb=32,mask=1,sinks=1,max_bias=0.000000,logit_softcap=0.000000,prec=f32,type_K=q5_1,type_V=q5_1,permute=[0,1,2,3]): not supported [ROCm0] 
  FLASH_ATTN_EXT(hsk=64,hsv=64,nh=4,nr23=[1,3],kv=1024,nb=32,mask=1,sinks=1,max_bias=0.000000,logit_softcap=0.000000,prec=f32,type_K=q5_0,type_V=q5_0,permute=[0,1,2,3]): not supported [ROCm0] 
  FLASH_ATTN_EXT(hsk=64,hsv=64,nh=4,nr23=[1,3],kv=1024,nb=32,mask=1,sinks=1,max_bias=0.000000,logit_softcap=0.000000,prec=f32,type_K=q4_1,type_V=q4_1,permute=[0,1,2,3]): not supported [ROCm0] 
  FLASH_ATTN_EXT(hsk=64,hsv=64,nh=4,nr23=[1,3],kv=1024,nb=32,mask=1,sinks=1,max_bias=0.000000,logit_softcap=0.000000,prec=f32,type_K=q4_0,type_V=q4_0,permute=[0,1,2,3]): [1;32mOK[0m
  FLASH_ATTN_EXT(hsk=64,hsv=64,nh=4,nr23=[1,3],kv=1024,nb=32,mask=1,sinks=1,max_bias=0.000000,logit_softcap=0.000000,prec=f32,type_K=iq4_nl,type_V=iq4_nl,permute=[0,1,2,3]): not supported [ROCm0] 
  FLASH_ATTN_EXT(hsk=64,hsv=64,nh=4,nr23=[1,3],kv=1024,nb=75,mask=1,sinks=1,max_bias=0.000000,logit_softcap=0.000000,prec=f32,type_K=f32,type_V=f32,permute=[0,1,2,3]): [1;32mOK[0m
  FLASH_ATTN_EXT(hsk=64,hsv=64,nh=4,nr23=[1,3],kv=1024,nb=75,mask=1,sinks=1,max_bias=0.000000,logit_softcap=0.000000,prec=f32,type_K=f16,type_V=f16,permute=[0,1,2,3]): [1;32mOK[0m
  FLASH_ATTN_EXT(hsk=64,hsv=64,nh=4,nr23=[1,3],kv=1024,nb=75,mask=1,sinks=1,max_bias=0.000000,logit_softcap=0.000000,prec=f32,type_K=bf16,type_V=bf16,permute=[0,1,2,3]): [1;32mOK[0m
  FLASH_ATTN_EXT(hsk=64,hsv=64,nh=4,nr23=[1,3],kv=1024,nb=75,mask=1,sinks=1,max_bias=0.000000,logit_softcap=0.000000,prec=f32,type_K=q8_0,type_V=q8_0,permute=[0,1,2,3]): [1;32mOK[0m
  FLASH_ATTN_EXT(hsk=64,hsv=64,nh=4,nr23=[1,3],kv=1024,nb=75,mask=1,sinks=1,max_bias=0.000000,logit_softcap=0.000000,prec=f32,type_K=q5_1,type_V=q5_1,permute=[0,1,2,3]): not supported [ROCm0] 
  FLASH_ATTN_EXT(hsk=64,hsv=64,nh=4,nr23=[1,3],kv=1024,nb=75,mask=1,sinks=1,max_bias=0.000000,logit_softcap=0.000000,prec=f32,type_K=q5_0,type_V=q5_0,permute=[0,1,2,3]): not supported [ROCm0] 
  FLASH_ATTN_EXT(hsk=64,hsv=64,nh=4,nr23=[1,3],kv=1024,nb=75,mask=1,sinks=1,max_bias=0.000000,logit_softcap=0.000000,prec=f32,type_K=q4_1,type_V=q4_1,permute=[0,1,2,3]): not supported [ROCm0] 
  FLASH_ATTN_EXT(hsk=64,hsv=64,nh=4,nr23=[1,3],kv=1024,nb=75,mask=1,sinks=1,max_bias=0.000000,logit_softcap=0.000000,prec=f32,type_K=q4_0,type_V=q4_0,permute=[0,1,2,3]): [1;32mOK[0m
  FLASH_ATTN_EXT(hsk=64,hsv=64,nh=4,nr23=[1,3],kv=1024,nb=75,mask=1,sinks=1,max_bias=0.000000,logit_softcap=0.000000,prec=f32,type_K=iq4_nl,type_V=iq4_nl,permute=[0,1,2,3]): not supported [ROCm0] 
  FLASH_ATTN_EXT(hsk=64,hsv=64,nh=4,nr23=[4,3],kv=512,nb=1,mask=1,sinks=1,max_bias=0.000000,logit_softcap=0.000000,prec=f32,type_K=f32,type_V=f32,permute=[0,1,2,3]): ggml_backend_cuda_graph_compute: CUDA graph warmup complete
ggml_backend_cuda_graph_compute: CUDA graph warmup complete
[1;32mOK[0m
  FLASH_ATTN_EXT(hsk=64,hsv=64,nh=4,nr23=[4,3],kv=512,nb=1,mask=1,sinks=1,max_bias=0.000000,logit_softcap=0.000000,prec=f32,type_K=f32,type_V=f32,permute=[0,2,1,3]): ggml_backend_cuda_graph_compute: CUDA graph warmup reset
ggml_backend_cuda_graph_compute: CUDA graph warmup reset
[1;32mOK[0m
  FLASH_ATTN_EXT(hsk=64,hsv=64,nh=4,nr23=[4,3],kv=512,nb=1,mask=1,sinks=1,max_bias=0.000000,logit_softcap=0.000000,prec=f32,type_K=f16,type_V=f16,permute=[0,1,2,3]): [1;32mOK[0m
  FLASH_ATTN_EXT(hsk=64,hsv=64,nh=4,nr23=[4,3],kv=512,nb=1,mask=1,sinks=1,max_bias=0.000000,logit_softcap=0.000000,prec=f32,type_K=f16,type_V=f16,permute=[0,2,1,3]): [1;32mOK[0m
  FLASH_ATTN_EXT(hsk=64,hsv=64,nh=4,nr23=[4,3],kv=512,nb=1,mask=1,sinks=1,max_bias=0.000000,logit_softcap=0.000000,prec=f32,type_K=bf16,type_V=bf16,permute=[0,1,2,3]): [1;32mOK[0m
  FLASH_ATTN_EXT(hsk=64,hsv=64,nh=4,nr23=[4,3],kv=512,nb=1,mask=1,sinks=1,max_bias=0.000000,logit_softcap=0.000000,prec=f32,type_K=bf16,type_V=bf16,permute=[0,2,1,3]): [1;32mOK[0m
  FLASH_ATTN_EXT(hsk=64,hsv=64,nh=4,nr23=[4,3],kv=512,nb=1,mask=1,sinks=1,max_bias=0.000000,logit_softcap=0.000000,prec=f32,type_K=q8_0,type_V=q8_0,permute=[0,1,2,3]): [1;32mOK[0m
  FLASH_ATTN_EXT(hsk=64,hsv=64,nh=4,nr23=[4,3],kv=512,nb=1,mask=1,sinks=1,max_bias=0.000000,logit_softcap=0.000000,prec=f32,type_K=q8_0,type_V=q8_0,permute=[0,2,1,3]): [1;32mOK[0m
  FLASH_ATTN_EXT(hsk=64,hsv=64,nh=4,nr23=[4,3],kv=512,nb=1,mask=1,sinks=1,max_bias=0.000000,logit_softcap=0.000000,prec=f32,type_K=q5_1,type_V=q5_1,permute=[0,1,2,3]): not supported [ROCm0] 
  FLASH_ATTN_EXT(hsk=64,hsv=64,nh=4,nr23=[4,3],kv=512,nb=1,mask=1,sinks=1,max_bias=0.000000,logit_softcap=0.000000,prec=f32,type_K=q5_1,type_V=q5_1,permute=[0,2,1,3]): not supported [ROCm0] 
  FLASH_ATTN_EXT(hsk=64,hsv=64,nh=4,nr23=[4,3],kv=512,nb=1,mask=1,sinks=1,max_bias=0.000000,logit_softcap=0.000000,prec=f32,type_K=q5_0,type_V=q5_0,permute=[0,1,2,3]): not supported [ROCm0] 
  FLASH_ATTN_EXT(hsk=64,hsv=64,nh=4,nr23=[4,3],kv=512,nb=1,mask=1,sinks=1,max_bias=0.000000,logit_softcap=0.000000,prec=f32,type_K=q5_0,type_V=q5_0,permute=[0,2,1,3]): not supported [ROCm0] 
  FLASH_ATTN_EXT(hsk=64,hsv=64,nh=4,nr23=[4,3],kv=512,nb=1,mask=1,sinks=1,max_bias=0.000000,logit_softcap=0.000000,prec=f32,type_K=q4_1,type_V=q4_1,permute=[0,1,2,3]): not supported [ROCm0] 
  FLASH_ATTN_EXT(hsk=64,hsv=64,nh=4,nr23=[4,3],kv=512,nb=1,mask=1,sinks=1,max_bias=0.000000,logit_softcap=0.000000,prec=f32,type_K=q4_1,type_V=q4_1,permute=[0,2,1,3]): not supported [ROCm0] 
  FLASH_ATTN_EXT(hsk=64,hsv=64,nh=4,nr23=[4,3],kv=512,nb=1,mask=1,sinks=1,max_bias=0.000000,logit_softcap=0.000000,prec=f32,type_K=q4_0,type_V=q4_0,permute=[0,1,2,3]): [1;32mOK[0m
  FLASH_ATTN_EXT(hsk=64,hsv=64,nh=4,nr23=[4,3],kv=512,nb=1,mask=1,sinks=1,max_bias=0.000000,logit_softcap=0.000000,prec=f32,type_K=q4_0,type_V=q4_0,permute=[0,2,1,3]): [1;32mOK[0m
  FLASH_ATTN_EXT(hsk=64,hsv=64,nh=4,nr23=[4,3],kv=512,nb=1,mask=1,sinks=1,max_bias=0.000000,logit_softcap=0.000000,prec=f32,type_K=iq4_nl,type_V=iq4_nl,permute=[0,1,2,3]): not supported [ROCm0] 
  FLASH_ATTN_EXT(hsk=64,hsv=64,nh=4,nr23=[4,3],kv=512,nb=1,mask=1,sinks=1,max_bias=0.000000,logit_softcap=0.000000,prec=f32,type_K=iq4_nl,type_V=iq4_nl,permute=[0,2,1,3]): not supported [ROCm0] 
  FLASH_ATTN_EXT(hsk=64,hsv=64,nh=4,nr23=[4,3],kv=512,nb=3,mask=1,sinks=1,max_bias=0.000000,logit_softcap=0.000000,prec=f32,type_K=f32,type_V=f32,permute=[0,1,2,3]): [1;32mOK[0m
  FLASH_ATTN_EXT(hsk=64,hsv=64,nh=4,nr23=[4,3],kv=512,nb=3,mask=1,sinks=1,max_bias=0.000000,logit_softcap=0.000000,prec=f32,type_K=f32,type_V=f32,permute=[0,2,1,3]): [1;32mOK[0m
  FLASH_ATTN_EXT(hsk=64,hsv=64,nh=4,nr23=[4,3],kv=512,nb=3,mask=1,sinks=1,max_bias=0.000000,logit_softcap=0.000000,prec=f32,type_K=f16,type_V=f16,permute=[0,1,2,3]): [1;32mOK[0m
  FLASH_ATTN_EXT(hsk=64,hsv=64,nh=4,nr23=[4,3],kv=512,nb=3,mask=1,sinks=1,max_bias=0.000000,logit_softcap=0.000000,prec=f32,type_K=f16,type_V=f16,permute=[0,2,1,3]): [1;32mOK[0m
  FLASH_ATTN_EXT(hsk=64,hsv=64,nh=4,nr23=[4,3],kv=512,nb=3,mask=1,sinks=1,max_bias=0.000000,logit_softcap=0.000000,prec=f32,type_K=bf16,type_V=bf16,permute=[0,1,2,3]): [1;32mOK[0m
  FLASH_ATTN_EXT(hsk=64,hsv=64,nh=4,nr23=[4,3],kv=512,nb=3,mask=1,sinks=1,max_bias=0.000000,logit_softcap=0.000000,prec=f32,type_K=bf16,type_V=bf16,permute=[0,2,1,3]): [1;32mOK[0m
  FLASH_ATTN_EXT(hsk=64,hsv=64,nh=4,nr23=[4,3],kv=512,nb=3,mask=1,sinks=1,max_bias=0.000000,logit_softcap=0.000000,prec=f32,type_K=q8_0,type_V=q8_0,permute=[0,1,2,3]): [1;32mOK[0m
  FLASH_ATTN_EXT(hsk=64,hsv=64,nh=4,nr23=[4,3],kv=512,nb=3,mask=1,sinks=1,max_bias=0.000000,logit_softcap=0.000000,prec=f32,type_K=q8_0,type_V=q8_0,permute=[0,2,1,3]): [1;32mOK[0m
  FLASH_ATTN_EXT(hsk=64,hsv=64,nh=4,nr23=[4,3],kv=512,nb=3,mask=1,sinks=1,max_bias=0.000000,logit_softcap=0.000000,prec=f32,type_K=q5_1,type_V=q5_1,permute=[0,1,2,3]): not supported [ROCm0] 
  FLASH_ATTN_EXT(hsk=64,hsv=64,nh=4,nr23=[4,3],kv=512,nb=3,mask=1,sinks=1,max_bias=0.000000,logit_softcap=0.000000,prec=f32,type_K=q5_1,type_V=q5_1,permute=[0,2,1,3]): not supported [ROCm0] 
  FLASH_ATTN_EXT(hsk=64,hsv=64,nh=4,nr23=[4,3],kv=512,nb=3,mask=1,sinks=1,max_bias=0.000000,logit_softcap=0.000000,prec=f32,type_K=q5_0,type_V=q5_0,permute=[0,1,2,3]): not supported [ROCm0] 
  FLASH_ATTN_EXT(hsk=64,hsv=64,nh=4,nr23=[4,3],kv=512,nb=3,mask=1,sinks=1,max_bias=0.000000,logit_softcap=0.000000,prec=f32,type_K=q5_0,type_V=q5_0,permute=[0,2,1,3]): not supported [ROCm0] 
  FLASH_ATTN_EXT(hsk=64,hsv=64,nh=4,nr23=[4,3],kv=512,nb=3,mask=1,sinks=1,max_bias=0.000000,logit_softcap=0.000000,prec=f32,type_K=q4_1,type_V=q4_1,permute=[0,1,2,3]): not supported [ROCm0] 
  FLASH_ATTN_EXT(hsk=64,hsv=64,nh=4,nr23=[4,3],kv=512,nb=3,mask=1,sinks=1,max_bias=0.000000,logit_softcap=0.000000,prec=f32,type_K=q4_1,type_V=q4_1,permute=[0,2,1,3]): not supported [ROCm0] 
  FLASH_ATTN_EXT(hsk=64,hsv=64,nh=4,nr23=[4,3],kv=512,nb=3,mask=1,sinks=1,max_bias=0.000000,logit_softcap=0.000000,prec=f32,type_K=q4_0,type_V=q4_0,permute=[0,1,2,3]): [1;32mOK[0m
  FLASH_ATTN_EXT(hsk=64,hsv=64,nh=4,nr23=[4,3],kv=512,nb=3,mask=1,sinks=1,max_bias=0.000000,logit_softcap=0.000000,prec=f32,type_K=q4_0,type_V=q4_0,permute=[0,2,1,3]): [1;32mOK[0m
  FLASH_ATTN_EXT(hsk=64,hsv=64,nh=4,nr23=[4,3],kv=512,nb=3,mask=1,sinks=1,max_bias=0.000000,logit_softcap=0.000000,prec=f32,type_K=iq4_nl,type_V=iq4_nl,permute=[0,1,2,3]): not supported [ROCm0] 
  FLASH_ATTN_EXT(hsk=64,hsv=64,nh=4,nr23=[4,3],kv=512,nb=3,mask=1,sinks=1,max_bias=0.000000,logit_softcap=0.000000,prec=f32,type_K=iq4_nl,type_V=iq4_nl,permute=[0,2,1,3]): not supported [ROCm0] 
  FLASH_ATTN_EXT(hsk=64,hsv=64,nh=4,nr23=[4,3],kv=512,nb=32,mask=1,sinks=1,max_bias=0.000000,logit_softcap=0.000000,prec=f32,type_K=f32,type_V=f32,permute=[0,1,2,3]): ggml_backend_cuda_graph_compute: CUDA graph warmup complete
ggml_backend_cuda_graph_compute: CUDA graph warmup complete
[1;32mOK[0m
  FLASH_ATTN_EXT(hsk=64,hsv=64,nh=4,nr23=[4,3],kv=512,nb=32,mask=1,sinks=1,max_bias=0.000000,logit_softcap=0.000000,prec=f32,type_K=f32,type_V=f32,permute=[0,2,1,3]): ggml_backend_cuda_graph_compute: CUDA graph warmup reset
ggml_backend_cuda_graph_compute: CUDA graph warmup reset
[1;32mOK[0m
  FLASH_ATTN_EXT(hsk=64,hsv=64,nh=4,nr23=[4,3],kv=512,nb=32,mask=1,sinks=1,max_bias=0.000000,logit_softcap=0.000000,prec=f32,type_K=f16,type_V=f16,permute=[0,1,2,3]): [1;32mOK[0m
  FLASH_ATTN_EXT(hsk=64,hsv=64,nh=4,nr23=[4,3],kv=512,nb=32,mask=1,sinks=1,max_bias=0.000000,logit_softcap=0.000000,prec=f32,type_K=f16,type_V=f16,permute=[0,2,1,3]): [1;32mOK[0m
  FLASH_ATTN_EXT(hsk=64,hsv=64,nh=4,nr23=[4,3],kv=512,nb=32,mask=1,sinks=1,max_bias=0.000000,logit_softcap=0.000000,prec=f32,type_K=bf16,type_V=bf16,permute=[0,1,2,3]): [1;32mOK[0m
  FLASH_ATTN_EXT(hsk=64,hsv=64,nh=4,nr23=[4,3],kv=512,nb=32,mask=1,sinks=1,max_bias=0.000000,logit_softcap=0.000000,prec=f32,type_K=bf16,type_V=bf16,permute=[0,2,1,3]): [1;32mOK[0m
  FLASH_ATTN_EXT(hsk=64,hsv=64,nh=4,nr23=[4,3],kv=512,nb=32,mask=1,sinks=1,max_bias=0.000000,logit_softcap=0.000000,prec=f32,type_K=q8_0,type_V=q8_0,permute=[0,1,2,3]): [1;32mOK[0m
  FLASH_ATTN_EXT(hsk=64,hsv=64,nh=4,nr23=[4,3],kv=512,nb=32,mask=1,sinks=1,max_bias=0.000000,logit_softcap=0.000000,prec=f32,type_K=q8_0,type_V=q8_0,permute=[0,2,1,3]): [1;32mOK[0m
  FLASH_ATTN_EXT(hsk=64,hsv=64,nh=4,nr23=[4,3],kv=512,nb=32,mask=1,sinks=1,max_bias=0.000000,logit_softcap=0.000000,prec=f32,type_K=q5_1,type_V=q5_1,permute=[0,1,2,3]): not supported [ROCm0] 
  FLASH_ATTN_EXT(hsk=64,hsv=64,nh=4,nr23=[4,3],kv=512,nb=32,mask=1,sinks=1,max_bias=0.000000,logit_softcap=0.000000,prec=f32,type_K=q5_1,type_V=q5_1,permute=[0,2,1,3]): not supported [ROCm0] 
  FLASH_ATTN_EXT(hsk=64,hsv=64,nh=4,nr23=[4,3],kv=512,nb=32,mask=1,sinks=1,max_bias=0.000000,logit_softcap=0.000000,prec=f32,type_K=q5_0,type_V=q5_0,permute=[0,1,2,3]): not supported [ROCm0] 
  FLASH_ATTN_EXT(hsk=64,hsv=64,nh=4,nr23=[4,3],kv=512,nb=32,mask=1,sinks=1,max_bias=0.000000,logit_softcap=0.000000,prec=f32,type_K=q5_0,type_V=q5_0,permute=[0,2,1,3]): not supported [ROCm0] 
  FLASH_ATTN_EXT(hsk=64,hsv=64,nh=4,nr23=[4,3],kv=512,nb=32,mask=1,sinks=1,max_bias=0.000000,logit_softcap=0.000000,prec=f32,type_K=q4_1,type_V=q4_1,permute=[0,1,2,3]): not supported [ROCm0] 
  FLASH_ATTN_EXT(hsk=64,hsv=64,nh=4,nr23=[4,3],kv=512,nb=32,mask=1,sinks=1,max_bias=0.000000,logit_softcap=0.000000,prec=f32,type_K=q4_1,type_V=q4_1,permute=[0,2,1,3]): not supported [ROCm0] 
  FLASH_ATTN_EXT(hsk=64,hsv=64,nh=4,nr23=[4,3],kv=512,nb=32,mask=1,sinks=1,max_bias=0.000000,logit_softcap=0.000000,prec=f32,type_K=q4_0,type_V=q4_0,permute=[0,1,2,3]): [1;32mOK[0m
  FLASH_ATTN_EXT(hsk=64,hsv=64,nh=4,nr23=[4,3],kv=512,nb=32,mask=1,sinks=1,max_bias=0.000000,logit_softcap=0.000000,prec=f32,type_K=q4_0,type_V=q4_0,permute=[0,2,1,3]): [1;32mOK[0m
  FLASH_ATTN_EXT(hsk=64,hsv=64,nh=4,nr23=[4,3],kv=512,nb=32,mask=1,sinks=1,max_bias=0.000000,logit_softcap=0.000000,prec=f32,type_K=iq4_nl,type_V=iq4_nl,permute=[0,1,2,3]): not supported [ROCm0] 
  FLASH_ATTN_EXT(hsk=64,hsv=64,nh=4,nr23=[4,3],kv=512,nb=32,mask=1,sinks=1,max_bias=0.000000,logit_softcap=0.000000,prec=f32,type_K=iq4_nl,type_V=iq4_nl,permute=[0,2,1,3]): not supported [ROCm0] 
  FLASH_ATTN_EXT(hsk=64,hsv=64,nh=4,nr23=[4,3],kv=512,nb=75,mask=1,sinks=1,max_bias=0.000000,logit_softcap=0.000000,prec=f32,type_K=f32,type_V=f32,permute=[0,1,2,3]): [1;32mOK[0m
  FLASH_ATTN_EXT(hsk=64,hsv=64,nh=4,nr23=[4,3],kv=512,nb=75,mask=1,sinks=1,max_bias=0.000000,logit_softcap=0.000000,prec=f32,type_K=f32,type_V=f32,permute=[0,2,1,3]): [1;32mOK[0m
  FLASH_ATTN_EXT(hsk=64,hsv=64,nh=4,nr23=[4,3],kv=512,nb=75,mask=1,sinks=1,max_bias=0.000000,logit_softcap=0.000000,prec=f32,type_K=f16,type_V=f16,permute=[0,1,2,3]): [1;32mOK[0m
  FLASH_ATTN_EXT(hsk=64,hsv=64,nh=4,nr23=[4,3],kv=512,nb=75,mask=1,sinks=1,max_bias=0.000000,logit_softcap=0.000000,prec=f32,type_K=f16,type_V=f16,permute=[0,2,1,3]): [1;32mOK[0m
  FLASH_ATTN_EXT(hsk=64,hsv=64,nh=4,nr23=[4,3],kv=512,nb=75,mask=1,sinks=1,max_bias=0.000000,logit_softcap=0.000000,prec=f32,type_K=bf16,type_V=bf16,permute=[0,1,2,3]): [1;32mOK[0m
  FLASH_ATTN_EXT(hsk=64,hsv=64,nh=4,nr23=[4,3],kv=512,nb=75,mask=1,sinks=1,max_bias=0.000000,logit_softcap=0.000000,prec=f32,type_K=bf16,type_V=bf16,permute=[0,2,1,3]): [1;32mOK[0m
  FLASH_ATTN_EXT(hsk=64,hsv=64,nh=4,nr23=[4,3],kv=512,nb=75,mask=1,sinks=1,max_bias=0.000000,logit_softcap=0.000000,prec=f32,type_K=q8_0,type_V=q8_0,permute=[0,1,2,3]): [1;32mOK[0m
  FLASH_ATTN_EXT(hsk=64,hsv=64,nh=4,nr23=[4,3],kv=512,nb=75,mask=1,sinks=1,max_bias=0.000000,logit_softcap=0.000000,prec=f32,type_K=q8_0,type_V=q8_0,permute=[0,2,1,3]): [1;32mOK[0m
  FLASH_ATTN_EXT(hsk=64,hsv=64,nh=4,nr23=[4,3],kv=512,nb=75,mask=1,sinks=1,max_bias=0.000000,logit_softcap=0.000000,prec=f32,type_K=q5_1,type_V=q5_1,permute=[0,1,2,3]): not supported [ROCm0] 
  FLASH_ATTN_EXT(hsk=64,hsv=64,nh=4,nr23=[4,3],kv=512,nb=75,mask=1,sinks=1,max_bias=0.000000,logit_softcap=0.000000,prec=f32,type_K=q5_1,type_V=q5_1,permute=[0,2,1,3]): not supported [ROCm0] 
  FLASH_ATTN_EXT(hsk=64,hsv=64,nh=4,nr23=[4,3],kv=512,nb=75,mask=1,sinks=1,max_bias=0.000000,logit_softcap=0.000000,prec=f32,type_K=q5_0,type_V=q5_0,permute=[0,1,2,3]): not supported [ROCm0] 
  FLASH_ATTN_EXT(hsk=64,hsv=64,nh=4,nr23=[4,3],kv=512,nb=75,mask=1,sinks=1,max_bias=0.000000,logit_softcap=0.000000,prec=f32,type_K=q5_0,type_V=q5_0,permute=[0,2,1,3]): not supported [ROCm0] 
  FLASH_ATTN_EXT(hsk=64,hsv=64,nh=4,nr23=[4,3],kv=512,nb=75,mask=1,sinks=1,max_bias=0.000000,logit_softcap=0.000000,prec=f32,type_K=q4_1,type_V=q4_1,permute=[0,1,2,3]): not supported [ROCm0] 
  FLASH_ATTN_EXT(hsk=64,hsv=64,nh=4,nr23=[4,3],kv=512,nb=75,mask=1,sinks=1,max_bias=0.000000,logit_softcap=0.000000,prec=f32,type_K=q4_1,type_V=q4_1,permute=[0,2,1,3]): not supported [ROCm0] 
  FLASH_ATTN_EXT(hsk=64,hsv=64,nh=4,nr23=[4,3],kv=512,nb=75,mask=1,sinks=1,max_bias=0.000000,logit_softcap=0.000000,prec=f32,type_K=q4_0,type_V=q4_0,permute=[0,1,2,3]): [1;32mOK[0m
  FLASH_ATTN_EXT(hsk=64,hsv=64,nh=4,nr23=[4,3],kv=512,nb=75,mask=1,sinks=1,max_bias=0.000000,logit_softcap=0.000000,prec=f32,type_K=q4_0,type_V=q4_0,permute=[0,2,1,3]): [1;32mOK[0m
  FLASH_ATTN_EXT(hsk=64,hsv=64,nh=4,nr23=[4,3],kv=512,nb=75,mask=1,sinks=1,max_bias=0.000000,logit_softcap=0.000000,prec=f32,type_K=iq4_nl,type_V=iq4_nl,permute=[0,1,2,3]): not supported [ROCm0] 
  FLASH_ATTN_EXT(hsk=64,hsv=64,nh=4,nr23=[4,3],kv=512,nb=75,mask=1,sinks=1,max_bias=0.000000,logit_softcap=0.000000,prec=f32,type_K=iq4_nl,type_V=iq4_nl,permute=[0,2,1,3]): not supported [ROCm0] 
  FLASH_ATTN_EXT(hsk=64,hsv=64,nh=4,nr23=[1,1],kv=113,nb=1,mask=1,sinks=1,max_bias=8.000000,logit_softcap=0.000000,prec=f32,type_K=f32,type_V=f32,permute=[0,1,2,3]): [1;32mOK[0m
  FLASH_ATTN_EXT(hsk=64,hsv=64,nh=4,nr23=[1,1],kv=113,nb=1,mask=1,sinks=1,max_bias=8.000000,logit_softcap=0.000000,prec=f32,type_K=f16,type_V=f16,permute=[0,1,2,3]): [1;32mOK[0m
  FLASH_ATTN_EXT(hsk=64,hsv=64,nh=4,nr23=[1,1],kv=113,nb=1,mask=1,sinks=1,max_bias=8.000000,logit_softcap=0.000000,prec=f32,type_K=bf16,type_V=bf16,permute=[0,1,2,3]): [1;32mOK[0m
  FLASH_ATTN_EXT(hsk=64,hsv=64,nh=4,nr23=[1,1],kv=113,nb=1,mask=1,sinks=1,max_bias=8.000000,logit_softcap=0.000000,prec=f32,type_K=q8_0,type_V=q8_0,permute=[0,1,2,3]): [1;32mOK[0m
  FLASH_ATTN_EXT(hsk=64,hsv=64,nh=4,nr23=[1,1],kv=113,nb=1,mask=1,sinks=1,max_bias=8.000000,logit_softcap=0.000000,prec=f32,type_K=q5_1,type_V=q5_1,permute=[0,1,2,3]): not supported [ROCm0] 
  FLASH_ATTN_EXT(hsk=64,hsv=64,nh=4,nr23=[1,1],kv=113,nb=1,mask=1,sinks=1,max_bias=8.000000,logit_softcap=0.000000,prec=f32,type_K=q5_0,type_V=q5_0,permute=[0,1,2,3]): not supported [ROCm0] 
  FLASH_ATTN_EXT(hsk=64,hsv=64,nh=4,nr23=[1,1],kv=113,nb=1,mask=1,sinks=1,max_bias=8.000000,logit_softcap=0.000000,prec=f32,type_K=q4_1,type_V=q4_1,permute=[0,1,2,3]): not supported [ROCm0] 
  FLASH_ATTN_EXT(hsk=64,hsv=64,nh=4,nr23=[1,1],kv=113,nb=1,mask=1,sinks=1,max_bias=8.000000,logit_softcap=0.000000,prec=f32,type_K=q4_0,type_V=q4_0,permute=[0,1,2,3]): [1;32mOK[0m
  FLASH_ATTN_EXT(hsk=64,hsv=64,nh=4,nr23=[1,1],kv=113,nb=1,mask=1,sinks=1,max_bias=8.000000,logit_softcap=0.000000,prec=f32,type_K=iq4_nl,type_V=iq4_nl,permute=[0,1,2,3]): not supported [ROCm0] 
  FLASH_ATTN_EXT(hsk=64,hsv=64,nh=4,nr23=[1,1],kv=113,nb=3,mask=1,sinks=1,max_bias=8.000000,logit_softcap=0.000000,prec=f32,type_K=f32,type_V=f32,permute=[0,1,2,3]): [1;32mOK[0m
  FLASH_ATTN_EXT(hsk=64,hsv=64,nh=4,nr23=[1,1],kv=113,nb=3,mask=1,sinks=1,max_bias=8.000000,logit_softcap=0.000000,prec=f32,type_K=f16,type_V=f16,permute=[0,1,2,3]): [1;32mOK[0m
  FLASH_ATTN_EXT(hsk=64,hsv=64,nh=4,nr23=[1,1],kv=113,nb=3,mask=1,sinks=1,max_bias=8.000000,logit_softcap=0.000000,prec=f32,type_K=bf16,type_V=bf16,permute=[0,1,2,3]): [1;32mOK[0m
  FLASH_ATTN_EXT(hsk=64,hsv=64,nh=4,nr23=[1,1],kv=113,nb=3,mask=1,sinks=1,max_bias=8.000000,logit_softcap=0.000000,prec=f32,type_K=q8_0,type_V=q8_0,permute=[0,1,2,3]): [1;32mOK[0m
  FLASH_ATTN_EXT(hsk=64,hsv=64,nh=4,nr23=[1,1],kv=113,nb=3,mask=1,sinks=1,max_bias=8.000000,logit_softcap=0.000000,prec=f32,type_K=q5_1,type_V=q5_1,permute=[0,1,2,3]): not supported [ROCm0] 
  FLASH_ATTN_EXT(hsk=64,hsv=64,nh=4,nr23=[1,1],kv=113,nb=3,mask=1,sinks=1,max_bias=8.000000,logit_softcap=0.000000,prec=f32,type_K=q5_0,type_V=q5_0,permute=[0,1,2,3]): not supported [ROCm0] 
  FLASH_ATTN_EXT(hsk=64,hsv=64,nh=4,nr23=[1,1],kv=113,nb=3,mask=1,sinks=1,max_bias=8.000000,logit_softcap=0.000000,prec=f32,type_K=q4_1,type_V=q4_1,permute=[0,1,2,3]): not supported [ROCm0] 
  FLASH_ATTN_EXT(hsk=64,hsv=64,nh=4,nr23=[1,1],kv=113,nb=3,mask=1,sinks=1,max_bias=8.000000,logit_softcap=0.000000,prec=f32,type_K=q4_0,type_V=q4_0,permute=[0,1,2,3]): [1;32mOK[0m
  FLASH_ATTN_EXT(hsk=64,hsv=64,nh=4,nr23=[1,1],kv=113,nb=3,mask=1,sinks=1,max_bias=8.000000,logit_softcap=0.000000,prec=f32,type_K=iq4_nl,type_V=iq4_nl,permute=[0,1,2,3]): not supported [ROCm0] 
  FLASH_ATTN_EXT(hsk=64,hsv=64,nh=4,nr23=[1,1],kv=113,nb=32,mask=1,sinks=1,max_bias=8.000000,logit_softcap=0.000000,prec=f32,type_K=f32,type_V=f32,permute=[0,1,2,3]): [1;32mOK[0m
  FLASH_ATTN_EXT(hsk=64,hsv=64,nh=4,nr23=[1,1],kv=113,nb=32,mask=1,sinks=1,max_bias=8.000000,logit_softcap=0.000000,prec=f32,type_K=f16,type_V=f16,permute=[0,1,2,3]): [1;32mOK[0m
  FLASH_ATTN_EXT(hsk=64,hsv=64,nh=4,nr23=[1,1],kv=113,nb=32,mask=1,sinks=1,max_bias=8.000000,logit_softcap=0.000000,prec=f32,type_K=bf16,type_V=bf16,permute=[0,1,2,3]): [1;32mOK[0m
  FLASH_ATTN_EXT(hsk=64,hsv=64,nh=4,nr23=[1,1],kv=113,nb=32,mask=1,sinks=1,max_bias=8.000000,logit_softcap=0.000000,prec=f32,type_K=q8_0,type_V=q8_0,permute=[0,1,2,3]): [1;32mOK[0m
  FLASH_ATTN_EXT(hsk=64,hsv=64,nh=4,nr23=[1,1],kv=113,nb=32,mask=1,sinks=1,max_bias=8.000000,logit_softcap=0.000000,prec=f32,type_K=q5_1,type_V=q5_1,permute=[0,1,2,3]): not supported [ROCm0] 
  FLASH_ATTN_EXT(hsk=64,hsv=64,nh=4,nr23=[1,1],kv=113,nb=32,mask=1,sinks=1,max_bias=8.000000,logit_softcap=0.000000,prec=f32,type_K=q5_0,type_V=q5_0,permute=[0,1,2,3]): not supported [ROCm0] 
  FLASH_ATTN_EXT(hsk=64,hsv=64,nh=4,nr23=[1,1],kv=113,nb=32,mask=1,sinks=1,max_bias=8.000000,logit_softcap=0.000000,prec=f32,type_K=q4_1,type_V=q4_1,permute=[0,1,2,3]): not supported [ROCm0] 
  FLASH_ATTN_EXT(hsk=64,hsv=64,nh=4,nr23=[1,1],kv=113,nb=32,mask=1,sinks=1,max_bias=8.000000,logit_softcap=0.000000,prec=f32,type_K=q4_0,type_V=q4_0,permute=[0,1,2,3]): [1;32mOK[0m
  FLASH_ATTN_EXT(hsk=64,hsv=64,nh=4,nr23=[1,1],kv=113,nb=32,mask=1,sinks=1,max_bias=8.000000,logit_softcap=0.000000,prec=f32,type_K=iq4_nl,type_V=iq4_nl,permute=[0,1,2,3]): not supported [ROCm0] 
  FLASH_ATTN_EXT(hsk=64,hsv=64,nh=4,nr23=[1,1],kv=113,nb=75,mask=1,sinks=1,max_bias=8.000000,logit_softcap=0.000000,prec=f32,type_K=f32,type_V=f32,permute=[0,1,2,3]): [1;32mOK[0m
  FLASH_ATTN_EXT(hsk=64,hsv=64,nh=4,nr23=[1,1],kv=113,nb=75,mask=1,sinks=1,max_bias=8.000000,logit_softcap=0.000000,prec=f32,type_K=f16,type_V=f16,permute=[0,1,2,3]): [1;32mOK[0m
  FLASH_ATTN_EXT(hsk=64,hsv=64,nh=4,nr23=[1,1],kv=113,nb=75,mask=1,sinks=1,max_bias=8.000000,logit_softcap=0.000000,prec=f32,type_K=bf16,type_V=bf16,permute=[0,1,2,3]): [1;32mOK[0m
  FLASH_ATTN_EXT(hsk=64,hsv=64,nh=4,nr23=[1,1],kv=113,nb=75,mask=1,sinks=1,max_bias=8.000000,logit_softcap=0.000000,prec=f32,type_K=q8_0,type_V=q8_0,permute=[0,1,2,3]): [1;32mOK[0m
  FLASH_ATTN_EXT(hsk=64,hsv=64,nh=4,nr23=[1,1],kv=113,nb=75,mask=1,sinks=1,max_bias=8.000000,logit_softcap=0.000000,prec=f32,type_K=q5_1,type_V=q5_1,permute=[0,1,2,3]): not supported [ROCm0] 
  FLASH_ATTN_EXT(hsk=64,hsv=64,nh=4,nr23=[1,1],kv=113,nb=75,mask=1,sinks=1,max_bias=8.000000,logit_softcap=0.000000,prec=f32,type_K=q5_0,type_V=q5_0,permute=[0,1,2,3]): not supported [ROCm0] 
  FLASH_ATTN_EXT(hsk=64,hsv=64,nh=4,nr23=[1,1],kv=113,nb=75,mask=1,sinks=1,max_bias=8.000000,logit_softcap=0.000000,prec=f32,type_K=q4_1,type_V=q4_1,permute=[0,1,2,3]): not supported [ROCm0] 
  FLASH_ATTN_EXT(hsk=64,hsv=64,nh=4,nr23=[1,1],kv=113,nb=75,mask=1,sinks=1,max_bias=8.000000,logit_softcap=0.000000,prec=f32,type_K=q4_0,type_V=q4_0,permute=[0,1,2,3]): [1;32mOK[0m
  FLASH_ATTN_EXT(hsk=64,hsv=64,nh=4,nr23=[1,1],kv=113,nb=75,mask=1,sinks=1,max_bias=8.000000,logit_softcap=0.000000,prec=f32,type_K=iq4_nl,type_V=iq4_nl,permute=[0,1,2,3]): not supported [ROCm0] 
  FLASH_ATTN_EXT(hsk=64,hsv=64,nh=4,nr23=[1,1],kv=512,nb=1,mask=1,sinks=1,max_bias=8.000000,logit_softcap=0.000000,prec=f32,type_K=f32,type_V=f32,permute=[0,1,2,3]): [1;32mOK[0m
  FLASH_ATTN_EXT(hsk=64,hsv=64,nh=4,nr23=[1,1],kv=512,nb=1,mask=1,sinks=1,max_bias=8.000000,logit_softcap=0.000000,prec=f32,type_K=f16,type_V=f16,permute=[0,1,2,3]): [1;32mOK[0m
  FLASH_ATTN_EXT(hsk=64,hsv=64,nh=4,nr23=[1,1],kv=512,nb=1,mask=1,sinks=1,max_bias=8.000000,logit_softcap=0.000000,prec=f32,type_K=bf16,type_V=bf16,permute=[0,1,2,3]): [1;32mOK[0m
  FLASH_ATTN_EXT(hsk=64,hsv=64,nh=4,nr23=[1,1],kv=512,nb=1,mask=1,sinks=1,max_bias=8.000000,logit_softcap=0.000000,prec=f32,type_K=q8_0,type_V=q8_0,permute=[0,1,2,3]): [1;32mOK[0m
  FLASH_ATTN_EXT(hsk=64,hsv=64,nh=4,nr23=[1,1],kv=512,nb=1,mask=1,sinks=1,max_bias=8.000000,logit_softcap=0.000000,prec=f32,type_K=q5_1,type_V=q5_1,permute=[0,1,2,3]): not supported [ROCm0] 
  FLASH_ATTN_EXT(hsk=64,hsv=64,nh=4,nr23=[1,1],kv=512,nb=1,mask=1,sinks=1,max_bias=8.000000,logit_softcap=0.000000,prec=f32,type_K=q5_0,type_V=q5_0,permute=[0,1,2,3]): not supported [ROCm0] 
  FLASH_ATTN_EXT(hsk=64,hsv=64,nh=4,nr23=[1,1],kv=512,nb=1,mask=1,sinks=1,max_bias=8.000000,logit_softcap=0.000000,prec=f32,type_K=q4_1,type_V=q4_1,permute=[0,1,2,3]): not supported [ROCm0] 
  FLASH_ATTN_EXT(hsk=64,hsv=64,nh=4,nr23=[1,1],kv=512,nb=1,mask=1,sinks=1,max_bias=8.000000,logit_softcap=0.000000,prec=f32,type_K=q4_0,type_V=q4_0,permute=[0,1,2,3]): [1;32mOK[0m
  FLASH_ATTN_EXT(hsk=64,hsv=64,nh=4,nr23=[1,1],kv=512,nb=1,mask=1,sinks=1,max_bias=8.000000,logit_softcap=0.000000,prec=f32,type_K=iq4_nl,type_V=iq4_nl,permute=[0,1,2,3]): not supported [ROCm0] 
  FLASH_ATTN_EXT(hsk=64,hsv=64,nh=4,nr23=[1,1],kv=512,nb=3,mask=1,sinks=1,max_bias=8.000000,logit_softcap=0.000000,prec=f32,type_K=f32,type_V=f32,permute=[0,1,2,3]): [1;32mOK[0m
  FLASH_ATTN_EXT(hsk=64,hsv=64,nh=4,nr23=[1,1],kv=512,nb=3,mask=1,sinks=1,max_bias=8.000000,logit_softcap=0.000000,prec=f32,type_K=f16,type_V=f16,permute=[0,1,2,3]): [1;32mOK[0m
  FLASH_ATTN_EXT(hsk=64,hsv=64,nh=4,nr23=[1,1],kv=512,nb=3,mask=1,sinks=1,max_bias=8.000000,logit_softcap=0.000000,prec=f32,type_K=bf16,type_V=bf16,permute=[0,1,2,3]): [1;32mOK[0m
  FLASH_ATTN_EXT(hsk=64,hsv=64,nh=4,nr23=[1,1],kv=512,nb=3,mask=1,sinks=1,max_bias=8.000000,logit_softcap=0.000000,prec=f32,type_K=q8_0,type_V=q8_0,permute=[0,1,2,3]): [1;32mOK[0m
  FLASH_ATTN_EXT(hsk=64,hsv=64,nh=4,nr23=[1,1],kv=512,nb=3,mask=1,sinks=1,max_bias=8.000000,logit_softcap=0.000000,prec=f32,type_K=q5_1,type_V=q5_1,permute=[0,1,2,3]): not supported [ROCm0] 
  FLASH_ATTN_EXT(hsk=64,hsv=64,nh=4,nr23=[1,1],kv=512,nb=3,mask=1,sinks=1,max_bias=8.000000,logit_softcap=0.000000,prec=f32,type_K=q5_0,type_V=q5_0,permute=[0,1,2,3]): not supported [ROCm0] 
  FLASH_ATTN_EXT(hsk=64,hsv=64,nh=4,nr23=[1,1],kv=512,nb=3,mask=1,sinks=1,max_bias=8.000000,logit_softcap=0.000000,prec=f32,type_K=q4_1,type_V=q4_1,permute=[0,1,2,3]): not supported [ROCm0] 
  FLASH_ATTN_EXT(hsk=64,hsv=64,nh=4,nr23=[1,1],kv=512,nb=3,mask=1,sinks=1,max_bias=8.000000,logit_softcap=0.000000,prec=f32,type_K=q4_0,type_V=q4_0,permute=[0,1,2,3]): [1;32mOK[0m
  FLASH_ATTN_EXT(hsk=64,hsv=64,nh=4,nr23=[1,1],kv=512,nb=3,mask=1,sinks=1,max_bias=8.000000,logit_softcap=0.000000,prec=f32,type_K=iq4_nl,type_V=iq4_nl,permute=[0,1,2,3]): not supported [ROCm0] 
  FLASH_ATTN_EXT(hsk=64,hsv=64,nh=4,nr23=[1,1],kv=512,nb=32,mask=1,sinks=1,max_bias=8.000000,logit_softcap=0.000000,prec=f32,type_K=f32,type_V=f32,permute=[0,1,2,3]): [1;32mOK[0m
  FLASH_ATTN_EXT(hsk=64,hsv=64,nh=4,nr23=[1,1],kv=512,nb=32,mask=1,sinks=1,max_bias=8.000000,logit_softcap=0.000000,prec=f32,type_K=f16,type_V=f16,permute=[0,1,2,3]): [1;32mOK[0m
  FLASH_ATTN_EXT(hsk=64,hsv=64,nh=4,nr23=[1,1],kv=512,nb=32,mask=1,sinks=1,max_bias=8.000000,logit_softcap=0.000000,prec=f32,type_K=bf16,type_V=bf16,permute=[0,1,2,3]): [1;32mOK[0m
  FLASH_ATTN_EXT(hsk=64,hsv=64,nh=4,nr23=[1,1],kv=512,nb=32,mask=1,sinks=1,max_bias=8.000000,logit_softcap=0.000000,prec=f32,type_K=q8_0,type_V=q8_0,permute=[0,1,2,3]): [1;32mOK[0m
  FLASH_ATTN_EXT(hsk=64,hsv=64,nh=4,nr23=[1,1],kv=512,nb=32,mask=1,sinks=1,max_bias=8.000000,logit_softcap=0.000000,prec=f32,type_K=q5_1,type_V=q5_1,permute=[0,1,2,3]): not supported [ROCm0] 
  FLASH_ATTN_EXT(hsk=64,hsv=64,nh=4,nr23=[1,1],kv=512,nb=32,mask=1,sinks=1,max_bias=8.000000,logit_softcap=0.000000,prec=f32,type_K=q5_0,type_V=q5_0,permute=[0,1,2,3]): not supported [ROCm0] 
  FLASH_ATTN_EXT(hsk=64,hsv=64,nh=4,nr23=[1,1],kv=512,nb=32,mask=1,sinks=1,max_bias=8.000000,logit_softcap=0.000000,prec=f32,type_K=q4_1,type_V=q4_1,permute=[0,1,2,3]): not supported [ROCm0] 
  FLASH_ATTN_EXT(hsk=64,hsv=64,nh=4,nr23=[1,1],kv=512,nb=32,mask=1,sinks=1,max_bias=8.000000,logit_softcap=0.000000,prec=f32,type_K=q4_0,type_V=q4_0,permute=[0,1,2,3]): [1;32mOK[0m
  FLASH_ATTN_EXT(hsk=64,hsv=64,nh=4,nr23=[1,1],kv=512,nb=32,mask=1,sinks=1,max_bias=8.000000,logit_softcap=0.000000,prec=f32,type_K=iq4_nl,type_V=iq4_nl,permute=[0,1,2,3]): not supported [ROCm0] 
  FLASH_ATTN_EXT(hsk=64,hsv=64,nh=4,nr23=[1,1],kv=512,nb=75,mask=1,sinks=1,max_bias=8.000000,logit_softcap=0.000000,prec=f32,type_K=f32,type_V=f32,permute=[0,1,2,3]): [1;32mOK[0m
  FLASH_ATTN_EXT(hsk=64,hsv=64,nh=4,nr23=[1,1],kv=512,nb=75,mask=1,sinks=1,max_bias=8.000000,logit_softcap=0.000000,prec=f32,type_K=f16,type_V=f16,permute=[0,1,2,3]): [1;32mOK[0m
  FLASH_ATTN_EXT(hsk=64,hsv=64,nh=4,nr23=[1,1],kv=512,nb=75,mask=1,sinks=1,max_bias=8.000000,logit_softcap=0.000000,prec=f32,type_K=bf16,type_V=bf16,permute=[0,1,2,3]): [1;32mOK[0m
  FLASH_ATTN_EXT(hsk=64,hsv=64,nh=4,nr23=[1,1],kv=512,nb=75,mask=1,sinks=1,max_bias=8.000000,logit_softcap=0.000000,prec=f32,type_K=q8_0,type_V=q8_0,permute=[0,1,2,3]): [1;32mOK[0m
  FLASH_ATTN_EXT(hsk=64,hsv=64,nh=4,nr23=[1,1],kv=512,nb=75,mask=1,sinks=1,max_bias=8.000000,logit_softcap=0.000000,prec=f32,type_K=q5_1,type_V=q5_1,permute=[0,1,2,3]): not supported [ROCm0] 
  FLASH_ATTN_EXT(hsk=64,hsv=64,nh=4,nr23=[1,1],kv=512,nb=75,mask=1,sinks=1,max_bias=8.000000,logit_softcap=0.000000,prec=f32,type_K=q5_0,type_V=q5_0,permute=[0,1,2,3]): not supported [ROCm0] 
  FLASH_ATTN_EXT(hsk=64,hsv=64,nh=4,nr23=[1,1],kv=512,nb=75,mask=1,sinks=1,max_bias=8.000000,logit_softcap=0.000000,prec=f32,type_K=q4_1,type_V=q4_1,permute=[0,1,2,3]): not supported [ROCm0] 
  FLASH_ATTN_EXT(hsk=64,hsv=64,nh=4,nr23=[1,1],kv=512,nb=75,mask=1,sinks=1,max_bias=8.000000,logit_softcap=0.000000,prec=f32,type_K=q4_0,type_V=q4_0,permute=[0,1,2,3]): [1;32mOK[0m
  FLASH_ATTN_EXT(hsk=64,hsv=64,nh=4,nr23=[1,1],kv=512,nb=75,mask=1,sinks=1,max_bias=8.000000,logit_softcap=0.000000,prec=f32,type_K=iq4_nl,type_V=iq4_nl,permute=[0,1,2,3]): not supported [ROCm0] 
  FLASH_ATTN_EXT(hsk=64,hsv=64,nh=4,nr23=[1,1],kv=1024,nb=1,mask=1,sinks=1,max_bias=8.000000,logit_softcap=0.000000,prec=f32,type_K=f32,type_V=f32,permute=[0,1,2,3]): [1;32mOK[0m
  FLASH_ATTN_EXT(hsk=64,hsv=64,nh=4,nr23=[1,1],kv=1024,nb=1,mask=1,sinks=1,max_bias=8.000000,logit_softcap=0.000000,prec=f32,type_K=f16,type_V=f16,permute=[0,1,2,3]): [1;32mOK[0m
  FLASH_ATTN_EXT(hsk=64,hsv=64,nh=4,nr23=[1,1],kv=1024,nb=1,mask=1,sinks=1,max_bias=8.000000,logit_softcap=0.000000,prec=f32,type_K=bf16,type_V=bf16,permute=[0,1,2,3]): [1;32mOK[0m
  FLASH_ATTN_EXT(hsk=64,hsv=64,nh=4,nr23=[1,1],kv=1024,nb=1,mask=1,sinks=1,max_bias=8.000000,logit_softcap=0.000000,prec=f32,type_K=q8_0,type_V=q8_0,permute=[0,1,2,3]): [1;32mOK[0m
  FLASH_ATTN_EXT(hsk=64,hsv=64,nh=4,nr23=[1,1],kv=1024,nb=1,mask=1,sinks=1,max_bias=8.000000,logit_softcap=0.000000,prec=f32,type_K=q5_1,type_V=q5_1,permute=[0,1,2,3]): not supported [ROCm0] 
  FLASH_ATTN_EXT(hsk=64,hsv=64,nh=4,nr23=[1,1],kv=1024,nb=1,mask=1,sinks=1,max_bias=8.000000,logit_softcap=0.000000,prec=f32,type_K=q5_0,type_V=q5_0,permute=[0,1,2,3]): not supported [ROCm0] 
  FLASH_ATTN_EXT(hsk=64,hsv=64,nh=4,nr23=[1,1],kv=1024,nb=1,mask=1,sinks=1,max_bias=8.000000,logit_softcap=0.000000,prec=f32,type_K=q4_1,type_V=q4_1,permute=[0,1,2,3]): not supported [ROCm0] 
  FLASH_ATTN_EXT(hsk=64,hsv=64,nh=4,nr23=[1,1],kv=1024,nb=1,mask=1,sinks=1,max_bias=8.000000,logit_softcap=0.000000,prec=f32,type_K=q4_0,type_V=q4_0,permute=[0,1,2,3]): [1;32mOK[0m
  FLASH_ATTN_EXT(hsk=64,hsv=64,nh=4,nr23=[1,1],kv=1024,nb=1,mask=1,sinks=1,max_bias=8.000000,logit_softcap=0.000000,prec=f32,type_K=iq4_nl,type_V=iq4_nl,permute=[0,1,2,3]): not supported [ROCm0] 
  FLASH_ATTN_EXT(hsk=64,hsv=64,nh=4,nr23=[1,1],kv=1024,nb=3,mask=1,sinks=1,max_bias=8.000000,logit_softcap=0.000000,prec=f32,type_K=f32,type_V=f32,permute=[0,1,2,3]): [1;32mOK[0m
  FLASH_ATTN_EXT(hsk=64,hsv=64,nh=4,nr23=[1,1],kv=1024,nb=3,mask=1,sinks=1,max_bias=8.000000,logit_softcap=0.000000,prec=f32,type_K=f16,type_V=f16,permute=[0,1,2,3]): [1;32mOK[0m
  FLASH_ATTN_EXT(hsk=64,hsv=64,nh=4,nr23=[1,1],kv=1024,nb=3,mask=1,sinks=1,max_bias=8.000000,logit_softcap=0.000000,prec=f32,type_K=bf16,type_V=bf16,permute=[0,1,2,3]): [1;32mOK[0m
  FLASH_ATTN_EXT(hsk=64,hsv=64,nh=4,nr23=[1,1],kv=1024,nb=3,mask=1,sinks=1,max_bias=8.000000,logit_softcap=0.000000,prec=f32,type_K=q8_0,type_V=q8_0,permute=[0,1,2,3]): [1;32mOK[0m
  FLASH_ATTN_EXT(hsk=64,hsv=64,nh=4,nr23=[1,1],kv=1024,nb=3,mask=1,sinks=1,max_bias=8.000000,logit_softcap=0.000000,prec=f32,type_K=q5_1,type_V=q5_1,permute=[0,1,2,3]): not supported [ROCm0] 
  FLASH_ATTN_EXT(hsk=64,hsv=64,nh=4,nr23=[1,1],kv=1024,nb=3,mask=1,sinks=1,max_bias=8.000000,logit_softcap=0.000000,prec=f32,type_K=q5_0,type_V=q5_0,permute=[0,1,2,3]): not supported [ROCm0] 
  FLASH_ATTN_EXT(hsk=64,hsv=64,nh=4,nr23=[1,1],kv=1024,nb=3,mask=1,sinks=1,max_bias=8.000000,logit_softcap=0.000000,prec=f32,type_K=q4_1,type_V=q4_1,permute=[0,1,2,3]): not supported [ROCm0] 
  FLASH_ATTN_EXT(hsk=64,hsv=64,nh=4,nr23=[1,1],kv=1024,nb=3,mask=1,sinks=1,max_bias=8.000000,logit_softcap=0.000000,prec=f32,type_K=q4_0,type_V=q4_0,permute=[0,1,2,3]): [1;32mOK[0m
  FLASH_ATTN_EXT(hsk=64,hsv=64,nh=4,nr23=[1,1],kv=1024,nb=3,mask=1,sinks=1,max_bias=8.000000,logit_softcap=0.000000,prec=f32,type_K=iq4_nl,type_V=iq4_nl,permute=[0,1,2,3]): not supported [ROCm0] 
  FLASH_ATTN_EXT(hsk=64,hsv=64,nh=4,nr23=[1,1],kv=1024,nb=32,mask=1,sinks=1,max_bias=8.000000,logit_softcap=0.000000,prec=f32,type_K=f32,type_V=f32,permute=[0,1,2,3]): [1;32mOK[0m
  FLASH_ATTN_EXT(hsk=64,hsv=64,nh=4,nr23=[1,1],kv=1024,nb=32,mask=1,sinks=1,max_bias=8.000000,logit_softcap=0.000000,prec=f32,type_K=f16,type_V=f16,permute=[0,1,2,3]): [1;32mOK[0m
  FLASH_ATTN_EXT(hsk=64,hsv=64,nh=4,nr23=[1,1],kv=1024,nb=32,mask=1,sinks=1,max_bias=8.000000,logit_softcap=0.000000,prec=f32,type_K=bf16,type_V=bf16,permute=[0,1,2,3]): [1;32mOK[0m
  FLASH_ATTN_EXT(hsk=64,hsv=64,nh=4,nr23=[1,1],kv=1024,nb=32,mask=1,sinks=1,max_bias=8.000000,logit_softcap=0.000000,prec=f32,type_K=q8_0,type_V=q8_0,permute=[0,1,2,3]): [1;32mOK[0m
  FLASH_ATTN_EXT(hsk=64,hsv=64,nh=4,nr23=[1,1],kv=1024,nb=32,mask=1,sinks=1,max_bias=8.000000,logit_softcap=0.000000,prec=f32,type_K=q5_1,type_V=q5_1,permute=[0,1,2,3]): not supported [ROCm0] 
  FLASH_ATTN_EXT(hsk=64,hsv=64,nh=4,nr23=[1,1],kv=1024,nb=32,mask=1,sinks=1,max_bias=8.000000,logit_softcap=0.000000,prec=f32,type_K=q5_0,type_V=q5_0,permute=[0,1,2,3]): not supported [ROCm0] 
  FLASH_ATTN_EXT(hsk=64,hsv=64,nh=4,nr23=[1,1],kv=1024,nb=32,mask=1,sinks=1,max_bias=8.000000,logit_softcap=0.000000,prec=f32,type_K=q4_1,type_V=q4_1,permute=[0,1,2,3]): not supported [ROCm0] 
  FLASH_ATTN_EXT(hsk=64,hsv=64,nh=4,nr23=[1,1],kv=1024,nb=32,mask=1,sinks=1,max_bias=8.000000,logit_softcap=0.000000,prec=f32,type_K=q4_0,type_V=q4_0,permute=[0,1,2,3]): [1;32mOK[0m
  FLASH_ATTN_EXT(hsk=64,hsv=64,nh=4,nr23=[1,1],kv=1024,nb=32,mask=1,sinks=1,max_bias=8.000000,logit_softcap=0.000000,prec=f32,type_K=iq4_nl,type_V=iq4_nl,permute=[0,1,2,3]): not supported [ROCm0] 
  FLASH_ATTN_EXT(hsk=64,hsv=64,nh=4,nr23=[1,1],kv=1024,nb=75,mask=1,sinks=1,max_bias=8.000000,logit_softcap=0.000000,prec=f32,type_K=f32,type_V=f32,permute=[0,1,2,3]): [1;32mOK[0m
  FLASH_ATTN_EXT(hsk=64,hsv=64,nh=4,nr23=[1,1],kv=1024,nb=75,mask=1,sinks=1,max_bias=8.000000,logit_softcap=0.000000,prec=f32,type_K=f16,type_V=f16,permute=[0,1,2,3]): [1;32mOK[0m
  FLASH_ATTN_EXT(hsk=64,hsv=64,nh=4,nr23=[1,1],kv=1024,nb=75,mask=1,sinks=1,max_bias=8.000000,logit_softcap=0.000000,prec=f32,type_K=bf16,type_V=bf16,permute=[0,1,2,3]): [1;32mOK[0m
  FLASH_ATTN_EXT(hsk=64,hsv=64,nh=4,nr23=[1,1],kv=1024,nb=75,mask=1,sinks=1,max_bias=8.000000,logit_softcap=0.000000,prec=f32,type_K=q8_0,type_V=q8_0,permute=[0,1,2,3]): [1;32mOK[0m
  FLASH_ATTN_EXT(hsk=64,hsv=64,nh=4,nr23=[1,1],kv=1024,nb=75,mask=1,sinks=1,max_bias=8.000000,logit_softcap=0.000000,prec=f32,type_K=q5_1,type_V=q5_1,permute=[0,1,2,3]): not supported [ROCm0] 
  FLASH_ATTN_EXT(hsk=64,hsv=64,nh=4,nr23=[1,1],kv=1024,nb=75,mask=1,sinks=1,max_bias=8.000000,logit_softcap=0.000000,prec=f32,type_K=q5_0,type_V=q5_0,permute=[0,1,2,3]): not supported [ROCm0] 
  FLASH_ATTN_EXT(hsk=64,hsv=64,nh=4,nr23=[1,1],kv=1024,nb=75,mask=1,sinks=1,max_bias=8.000000,logit_softcap=0.000000,prec=f32,type_K=q4_1,type_V=q4_1,permute=[0,1,2,3]): not supported [ROCm0] 
  FLASH_ATTN_EXT(hsk=64,hsv=64,nh=4,nr23=[1,1],kv=1024,nb=75,mask=1,sinks=1,max_bias=8.000000,logit_softcap=0.000000,prec=f32,type_K=q4_0,type_V=q4_0,permute=[0,1,2,3]): [1;32mOK[0m
  FLASH_ATTN_EXT(hsk=64,hsv=64,nh=4,nr23=[1,1],kv=1024,nb=75,mask=1,sinks=1,max_bias=8.000000,logit_softcap=0.000000,prec=f32,type_K=iq4_nl,type_V=iq4_nl,permute=[0,1,2,3]): not supported [ROCm0] 
  FLASH_ATTN_EXT(hsk=64,hsv=64,nh=4,nr23=[4,1],kv=512,nb=1,mask=1,sinks=1,max_bias=8.000000,logit_softcap=0.000000,prec=f32,type_K=f32,type_V=f32,permute=[0,1,2,3]): [1;32mOK[0m
  FLASH_ATTN_EXT(hsk=64,hsv=64,nh=4,nr23=[4,1],kv=512,nb=1,mask=1,sinks=1,max_bias=8.000000,logit_softcap=0.000000,prec=f32,type_K=f16,type_V=f16,permute=[0,1,2,3]): [1;32mOK[0m
  FLASH_ATTN_EXT(hsk=64,hsv=64,nh=4,nr23=[4,1],kv=512,nb=1,mask=1,sinks=1,max_bias=8.000000,logit_softcap=0.000000,prec=f32,type_K=bf16,type_V=bf16,permute=[0,1,2,3]): [1;32mOK[0m
  FLASH_ATTN_EXT(hsk=64,hsv=64,nh=4,nr23=[4,1],kv=512,nb=1,mask=1,sinks=1,max_bias=8.000000,logit_softcap=0.000000,prec=f32,type_K=q8_0,type_V=q8_0,permute=[0,1,2,3]): [1;32mOK[0m
  FLASH_ATTN_EXT(hsk=64,hsv=64,nh=4,nr23=[4,1],kv=512,nb=1,mask=1,sinks=1,max_bias=8.000000,logit_softcap=0.000000,prec=f32,type_K=q5_1,type_V=q5_1,permute=[0,1,2,3]): not supported [ROCm0] 
  FLASH_ATTN_EXT(hsk=64,hsv=64,nh=4,nr23=[4,1],kv=512,nb=1,mask=1,sinks=1,max_bias=8.000000,logit_softcap=0.000000,prec=f32,type_K=q5_0,type_V=q5_0,permute=[0,1,2,3]): not supported [ROCm0] 
  FLASH_ATTN_EXT(hsk=64,hsv=64,nh=4,nr23=[4,1],kv=512,nb=1,mask=1,sinks=1,max_bias=8.000000,logit_softcap=0.000000,prec=f32,type_K=q4_1,type_V=q4_1,permute=[0,1,2,3]): not supported [ROCm0] 
  FLASH_ATTN_EXT(hsk=64,hsv=64,nh=4,nr23=[4,1],kv=512,nb=1,mask=1,sinks=1,max_bias=8.000000,logit_softcap=0.000000,prec=f32,type_K=q4_0,type_V=q4_0,permute=[0,1,2,3]): [1;32mOK[0m
  FLASH_ATTN_EXT(hsk=64,hsv=64,nh=4,nr23=[4,1],kv=512,nb=1,mask=1,sinks=1,max_bias=8.000000,logit_softcap=0.000000,prec=f32,type_K=iq4_nl,type_V=iq4_nl,permute=[0,1,2,3]): not supported [ROCm0] 
  FLASH_ATTN_EXT(hsk=64,hsv=64,nh=4,nr23=[4,1],kv=512,nb=3,mask=1,sinks=1,max_bias=8.000000,logit_softcap=0.000000,prec=f32,type_K=f32,type_V=f32,permute=[0,1,2,3]): [1;32mOK[0m
  FLASH_ATTN_EXT(hsk=64,hsv=64,nh=4,nr23=[4,1],kv=512,nb=3,mask=1,sinks=1,max_bias=8.000000,logit_softcap=0.000000,prec=f32,type_K=f16,type_V=f16,permute=[0,1,2,3]): [1;32mOK[0m
  FLASH_ATTN_EXT(hsk=64,hsv=64,nh=4,nr23=[4,1],kv=512,nb=3,mask=1,sinks=1,max_bias=8.000000,logit_softcap=0.000000,prec=f32,type_K=bf16,type_V=bf16,permute=[0,1,2,3]): [1;32mOK[0m
  FLASH_ATTN_EXT(hsk=64,hsv=64,nh=4,nr23=[4,1],kv=512,nb=3,mask=1,sinks=1,max_bias=8.000000,logit_softcap=0.000000,prec=f32,type_K=q8_0,type_V=q8_0,permute=[0,1,2,3]): [1;32mOK[0m
  FLASH_ATTN_EXT(hsk=64,hsv=64,nh=4,nr23=[4,1],kv=512,nb=3,mask=1,sinks=1,max_bias=8.000000,logit_softcap=0.000000,prec=f32,type_K=q5_1,type_V=q5_1,permute=[0,1,2,3]): not supported [ROCm0] 
  FLASH_ATTN_EXT(hsk=64,hsv=64,nh=4,nr23=[4,1],kv=512,nb=3,mask=1,sinks=1,max_bias=8.000000,logit_softcap=0.000000,prec=f32,type_K=q5_0,type_V=q5_0,permute=[0,1,2,3]): not supported [ROCm0] 
  FLASH_ATTN_EXT(hsk=64,hsv=64,nh=4,nr23=[4,1],kv=512,nb=3,mask=1,sinks=1,max_bias=8.000000,logit_softcap=0.000000,prec=f32,type_K=q4_1,type_V=q4_1,permute=[0,1,2,3]): not supported [ROCm0] 
  FLASH_ATTN_EXT(hsk=64,hsv=64,nh=4,nr23=[4,1],kv=512,nb=3,mask=1,sinks=1,max_bias=8.000000,logit_softcap=0.000000,prec=f32,type_K=q4_0,type_V=q4_0,permute=[0,1,2,3]): [1;32mOK[0m
  FLASH_ATTN_EXT(hsk=64,hsv=64,nh=4,nr23=[4,1],kv=512,nb=3,mask=1,sinks=1,max_bias=8.000000,logit_softcap=0.000000,prec=f32,type_K=iq4_nl,type_V=iq4_nl,permute=[0,1,2,3]): not supported [ROCm0] 
  FLASH_ATTN_EXT(hsk=64,hsv=64,nh=4,nr23=[4,1],kv=512,nb=32,mask=1,sinks=1,max_bias=8.000000,logit_softcap=0.000000,prec=f32,type_K=f32,type_V=f32,permute=[0,1,2,3]): [1;32mOK[0m
  FLASH_ATTN_EXT(hsk=64,hsv=64,nh=4,nr23=[4,1],kv=512,nb=32,mask=1,sinks=1,max_bias=8.000000,logit_softcap=0.000000,prec=f32,type_K=f16,type_V=f16,permute=[0,1,2,3]): [1;32mOK[0m
  FLASH_ATTN_EXT(hsk=64,hsv=64,nh=4,nr23=[4,1],kv=512,nb=32,mask=1,sinks=1,max_bias=8.000000,logit_softcap=0.000000,prec=f32,type_K=bf16,type_V=bf16,permute=[0,1,2,3]): [1;32mOK[0m
  FLASH_ATTN_EXT(hsk=64,hsv=64,nh=4,nr23=[4,1],kv=512,nb=32,mask=1,sinks=1,max_bias=8.000000,logit_softcap=0.000000,prec=f32,type_K=q8_0,type_V=q8_0,permute=[0,1,2,3]): [1;32mOK[0m
  FLASH_ATTN_EXT(hsk=64,hsv=64,nh=4,nr23=[4,1],kv=512,nb=32,mask=1,sinks=1,max_bias=8.000000,logit_softcap=0.000000,prec=f32,type_K=q5_1,type_V=q5_1,permute=[0,1,2,3]): not supported [ROCm0] 
  FLASH_ATTN_EXT(hsk=64,hsv=64,nh=4,nr23=[4,1],kv=512,nb=32,mask=1,sinks=1,max_bias=8.000000,logit_softcap=0.000000,prec=f32,type_K=q5_0,type_V=q5_0,permute=[0,1,2,3]): not supported [ROCm0] 
  FLASH_ATTN_EXT(hsk=64,hsv=64,nh=4,nr23=[4,1],kv=512,nb=32,mask=1,sinks=1,max_bias=8.000000,logit_softcap=0.000000,prec=f32,type_K=q4_1,type_V=q4_1,permute=[0,1,2,3]): not supported [ROCm0] 
  FLASH_ATTN_EXT(hsk=64,hsv=64,nh=4,nr23=[4,1],kv=512,nb=32,mask=1,sinks=1,max_bias=8.000000,logit_softcap=0.000000,prec=f32,type_K=q4_0,type_V=q4_0,permute=[0,1,2,3]): [1;32mOK[0m
  FLASH_ATTN_EXT(hsk=64,hsv=64,nh=4,nr23=[4,1],kv=512,nb=32,mask=1,sinks=1,max_bias=8.000000,logit_softcap=0.000000,prec=f32,type_K=iq4_nl,type_V=iq4_nl,permute=[0,1,2,3]): not supported [ROCm0] 
  FLASH_ATTN_EXT(hsk=64,hsv=64,nh=4,nr23=[4,1],kv=512,nb=75,mask=1,sinks=1,max_bias=8.000000,logit_softcap=0.000000,prec=f32,type_K=f32,type_V=f32,permute=[0,1,2,3]): [1;32mOK[0m
  FLASH_ATTN_EXT(hsk=64,hsv=64,nh=4,nr23=[4,1],kv=512,nb=75,mask=1,sinks=1,max_bias=8.000000,logit_softcap=0.000000,prec=f32,type_K=f16,type_V=f16,permute=[0,1,2,3]): [1;32mOK[0m
  FLASH_ATTN_EXT(hsk=64,hsv=64,nh=4,nr23=[4,1],kv=512,nb=75,mask=1,sinks=1,max_bias=8.000000,logit_softcap=0.000000,prec=f32,type_K=bf16,type_V=bf16,permute=[0,1,2,3]): [1;32mOK[0m
  FLASH_ATTN_EXT(hsk=64,hsv=64,nh=4,nr23=[4,1],kv=512,nb=75,mask=1,sinks=1,max_bias=8.000000,logit_softcap=0.000000,prec=f32,type_K=q8_0,type_V=q8_0,permute=[0,1,2,3]): [1;32mOK[0m
  FLASH_ATTN_EXT(hsk=64,hsv=64,nh=4,nr23=[4,1],kv=512,nb=75,mask=1,sinks=1,max_bias=8.000000,logit_softcap=0.000000,prec=f32,type_K=q5_1,type_V=q5_1,permute=[0,1,2,3]): not supported [ROCm0] 
  FLASH_ATTN_EXT(hsk=64,hsv=64,nh=4,nr23=[4,1],kv=512,nb=75,mask=1,sinks=1,max_bias=8.000000,logit_softcap=0.000000,prec=f32,type_K=q5_0,type_V=q5_0,permute=[0,1,2,3]): not supported [ROCm0] 
  FLASH_ATTN_EXT(hsk=64,hsv=64,nh=4,nr23=[4,1],kv=512,nb=75,mask=1,sinks=1,max_bias=8.000000,logit_softcap=0.000000,prec=f32,type_K=q4_1,type_V=q4_1,permute=[0,1,2,3]): not supported [ROCm0] 
  FLASH_ATTN_EXT(hsk=64,hsv=64,nh=4,nr23=[4,1],kv=512,nb=75,mask=1,sinks=1,max_bias=8.000000,logit_softcap=0.000000,prec=f32,type_K=q4_0,type_V=q4_0,permute=[0,1,2,3]): [1;32mOK[0m
  FLASH_ATTN_EXT(hsk=64,hsv=64,nh=4,nr23=[4,1],kv=512,nb=75,mask=1,sinks=1,max_bias=8.000000,logit_softcap=0.000000,prec=f32,type_K=iq4_nl,type_V=iq4_nl,permute=[0,1,2,3]): not supported [ROCm0] 
  FLASH_ATTN_EXT(hsk=64,hsv=64,nh=4,nr23=[1,3],kv=113,nb=1,mask=1,sinks=1,max_bias=8.000000,logit_softcap=0.000000,prec=f32,type_K=f32,type_V=f32,permute=[0,1,2,3]): [1;32mOK[0m
  FLASH_ATTN_EXT(hsk=64,hsv=64,nh=4,nr23=[1,3],kv=113,nb=1,mask=1,sinks=1,max_bias=8.000000,logit_softcap=0.000000,prec=f32,type_K=f16,type_V=f16,permute=[0,1,2,3]): [1;32mOK[0m
  FLASH_ATTN_EXT(hsk=64,hsv=64,nh=4,nr23=[1,3],kv=113,nb=1,mask=1,sinks=1,max_bias=8.000000,logit_softcap=0.000000,prec=f32,type_K=bf16,type_V=bf16,permute=[0,1,2,3]): [1;32mOK[0m
  FLASH_ATTN_EXT(hsk=64,hsv=64,nh=4,nr23=[1,3],kv=113,nb=1,mask=1,sinks=1,max_bias=8.000000,logit_softcap=0.000000,prec=f32,type_K=q8_0,type_V=q8_0,permute=[0,1,2,3]): [1;32mOK[0m
  FLASH_ATTN_EXT(hsk=64,hsv=64,nh=4,nr23=[1,3],kv=113,nb=1,mask=1,sinks=1,max_bias=8.000000,logit_softcap=0.000000,prec=f32,type_K=q5_1,type_V=q5_1,permute=[0,1,2,3]): not supported [ROCm0] 
  FLASH_ATTN_EXT(hsk=64,hsv=64,nh=4,nr23=[1,3],kv=113,nb=1,mask=1,sinks=1,max_bias=8.000000,logit_softcap=0.000000,prec=f32,type_K=q5_0,type_V=q5_0,permute=[0,1,2,3]): not supported [ROCm0] 
  FLASH_ATTN_EXT(hsk=64,hsv=64,nh=4,nr23=[1,3],kv=113,nb=1,mask=1,sinks=1,max_bias=8.000000,logit_softcap=0.000000,prec=f32,type_K=q4_1,type_V=q4_1,permute=[0,1,2,3]): not supported [ROCm0] 
  FLASH_ATTN_EXT(hsk=64,hsv=64,nh=4,nr23=[1,3],kv=113,nb=1,mask=1,sinks=1,max_bias=8.000000,logit_softcap=0.000000,prec=f32,type_K=q4_0,type_V=q4_0,permute=[0,1,2,3]): [1;32mOK[0m
  FLASH_ATTN_EXT(hsk=64,hsv=64,nh=4,nr23=[1,3],kv=113,nb=1,mask=1,sinks=1,max_bias=8.000000,logit_softcap=0.000000,prec=f32,type_K=iq4_nl,type_V=iq4_nl,permute=[0,1,2,3]): not supported [ROCm0] 
  FLASH_ATTN_EXT(hsk=64,hsv=64,nh=4,nr23=[1,3],kv=113,nb=3,mask=1,sinks=1,max_bias=8.000000,logit_softcap=0.000000,prec=f32,type_K=f32,type_V=f32,permute=[0,1,2,3]): [1;32mOK[0m
  FLASH_ATTN_EXT(hsk=64,hsv=64,nh=4,nr23=[1,3],kv=113,nb=3,mask=1,sinks=1,max_bias=8.000000,logit_softcap=0.000000,prec=f32,type_K=f16,type_V=f16,permute=[0,1,2,3]): [1;32mOK[0m
  FLASH_ATTN_EXT(hsk=64,hsv=64,nh=4,nr23=[1,3],kv=113,nb=3,mask=1,sinks=1,max_bias=8.000000,logit_softcap=0.000000,prec=f32,type_K=bf16,type_V=bf16,permute=[0,1,2,3]): [1;32mOK[0m
  FLASH_ATTN_EXT(hsk=64,hsv=64,nh=4,nr23=[1,3],kv=113,nb=3,mask=1,sinks=1,max_bias=8.000000,logit_softcap=0.000000,prec=f32,type_K=q8_0,type_V=q8_0,permute=[0,1,2,3]): [1;32mOK[0m
  FLASH_ATTN_EXT(hsk=64,hsv=64,nh=4,nr23=[1,3],kv=113,nb=3,mask=1,sinks=1,max_bias=8.000000,logit_softcap=0.000000,prec=f32,type_K=q5_1,type_V=q5_1,permute=[0,1,2,3]): not supported [ROCm0] 
  FLASH_ATTN_EXT(hsk=64,hsv=64,nh=4,nr23=[1,3],kv=113,nb=3,mask=1,sinks=1,max_bias=8.000000,logit_softcap=0.000000,prec=f32,type_K=q5_0,type_V=q5_0,permute=[0,1,2,3]): not supported [ROCm0] 
  FLASH_ATTN_EXT(hsk=64,hsv=64,nh=4,nr23=[1,3],kv=113,nb=3,mask=1,sinks=1,max_bias=8.000000,logit_softcap=0.000000,prec=f32,type_K=q4_1,type_V=q4_1,permute=[0,1,2,3]): not supported [ROCm0] 
  FLASH_ATTN_EXT(hsk=64,hsv=64,nh=4,nr23=[1,3],kv=113,nb=3,mask=1,sinks=1,max_bias=8.000000,logit_softcap=0.000000,prec=f32,type_K=q4_0,type_V=q4_0,permute=[0,1,2,3]): [1;32mOK[0m
  FLASH_ATTN_EXT(hsk=64,hsv=64,nh=4,nr23=[1,3],kv=113,nb=3,mask=1,sinks=1,max_bias=8.000000,logit_softcap=0.000000,prec=f32,type_K=iq4_nl,type_V=iq4_nl,permute=[0,1,2,3]): not supported [ROCm0] 
  FLASH_ATTN_EXT(hsk=64,hsv=64,nh=4,nr23=[1,3],kv=113,nb=32,mask=1,sinks=1,max_bias=8.000000,logit_softcap=0.000000,prec=f32,type_K=f32,type_V=f32,permute=[0,1,2,3]): [1;32mOK[0m
  FLASH_ATTN_EXT(hsk=64,hsv=64,nh=4,nr23=[1,3],kv=113,nb=32,mask=1,sinks=1,max_bias=8.000000,logit_softcap=0.000000,prec=f32,type_K=f16,type_V=f16,permute=[0,1,2,3]): [1;32mOK[0m
  FLASH_ATTN_EXT(hsk=64,hsv=64,nh=4,nr23=[1,3],kv=113,nb=32,mask=1,sinks=1,max_bias=8.000000,logit_softcap=0.000000,prec=f32,type_K=bf16,type_V=bf16,permute=[0,1,2,3]): [1;32mOK[0m
  FLASH_ATTN_EXT(hsk=64,hsv=64,nh=4,nr23=[1,3],kv=113,nb=32,mask=1,sinks=1,max_bias=8.000000,logit_softcap=0.000000,prec=f32,type_K=q8_0,type_V=q8_0,permute=[0,1,2,3]): [1;32mOK[0m
  FLASH_ATTN_EXT(hsk=64,hsv=64,nh=4,nr23=[1,3],kv=113,nb=32,mask=1,sinks=1,max_bias=8.000000,logit_softcap=0.000000,prec=f32,type_K=q5_1,type_V=q5_1,permute=[0,1,2,3]): not supported [ROCm0] 
  FLASH_ATTN_EXT(hsk=64,hsv=64,nh=4,nr23=[1,3],kv=113,nb=32,mask=1,sinks=1,max_bias=8.000000,logit_softcap=0.000000,prec=f32,type_K=q5_0,type_V=q5_0,permute=[0,1,2,3]): not supported [ROCm0] 
  FLASH_ATTN_EXT(hsk=64,hsv=64,nh=4,nr23=[1,3],kv=113,nb=32,mask=1,sinks=1,max_bias=8.000000,logit_softcap=0.000000,prec=f32,type_K=q4_1,type_V=q4_1,permute=[0,1,2,3]): not supported [ROCm0] 
  FLASH_ATTN_EXT(hsk=64,hsv=64,nh=4,nr23=[1,3],kv=113,nb=32,mask=1,sinks=1,max_bias=8.000000,logit_softcap=0.000000,prec=f32,type_K=q4_0,type_V=q4_0,permute=[0,1,2,3]): [1;32mOK[0m
  FLASH_ATTN_EXT(hsk=64,hsv=64,nh=4,nr23=[1,3],kv=113,nb=32,mask=1,sinks=1,max_bias=8.000000,logit_softcap=0.000000,prec=f32,type_K=iq4_nl,type_V=iq4_nl,permute=[0,1,2,3]): not supported [ROCm0] 
  FLASH_ATTN_EXT(hsk=64,hsv=64,nh=4,nr23=[1,3],kv=113,nb=75,mask=1,sinks=1,max_bias=8.000000,logit_softcap=0.000000,prec=f32,type_K=f32,type_V=f32,permute=[0,1,2,3]): [1;32mOK[0m
  FLASH_ATTN_EXT(hsk=64,hsv=64,nh=4,nr23=[1,3],kv=113,nb=75,mask=1,sinks=1,max_bias=8.000000,logit_softcap=0.000000,prec=f32,type_K=f16,type_V=f16,permute=[0,1,2,3]): [1;32mOK[0m
  FLASH_ATTN_EXT(hsk=64,hsv=64,nh=4,nr23=[1,3],kv=113,nb=75,mask=1,sinks=1,max_bias=8.000000,logit_softcap=0.000000,prec=f32,type_K=bf16,type_V=bf16,permute=[0,1,2,3]): [1;32mOK[0m
  FLASH_ATTN_EXT(hsk=64,hsv=64,nh=4,nr23=[1,3],kv=113,nb=75,mask=1,sinks=1,max_bias=8.000000,logit_softcap=0.000000,prec=f32,type_K=q8_0,type_V=q8_0,permute=[0,1,2,3]): [1;32mOK[0m
  FLASH_ATTN_EXT(hsk=64,hsv=64,nh=4,nr23=[1,3],kv=113,nb=75,mask=1,sinks=1,max_bias=8.000000,logit_softcap=0.000000,prec=f32,type_K=q5_1,type_V=q5_1,permute=[0,1,2,3]): not supported [ROCm0] 
  FLASH_ATTN_EXT(hsk=64,hsv=64,nh=4,nr23=[1,3],kv=113,nb=75,mask=1,sinks=1,max_bias=8.000000,logit_softcap=0.000000,prec=f32,type_K=q5_0,type_V=q5_0,permute=[0,1,2,3]): not supported [ROCm0] 
  FLASH_ATTN_EXT(hsk=64,hsv=64,nh=4,nr23=[1,3],kv=113,nb=75,mask=1,sinks=1,max_bias=8.000000,logit_softcap=0.000000,prec=f32,type_K=q4_1,type_V=q4_1,permute=[0,1,2,3]): not supported [ROCm0] 
  FLASH_ATTN_EXT(hsk=64,hsv=64,nh=4,nr23=[1,3],kv=113,nb=75,mask=1,sinks=1,max_bias=8.000000,logit_softcap=0.000000,prec=f32,type_K=q4_0,type_V=q4_0,permute=[0,1,2,3]): [1;32mOK[0m
  FLASH_ATTN_EXT(hsk=64,hsv=64,nh=4,nr23=[1,3],kv=113,nb=75,mask=1,sinks=1,max_bias=8.000000,logit_softcap=0.000000,prec=f32,type_K=iq4_nl,type_V=iq4_nl,permute=[0,1,2,3]): not supported [ROCm0] 
  FLASH_ATTN_EXT(hsk=64,hsv=64,nh=4,nr23=[1,3],kv=512,nb=1,mask=1,sinks=1,max_bias=8.000000,logit_softcap=0.000000,prec=f32,type_K=f32,type_V=f32,permute=[0,1,2,3]): [1;32mOK[0m
  FLASH_ATTN_EXT(hsk=64,hsv=64,nh=4,nr23=[1,3],kv=512,nb=1,mask=1,sinks=1,max_bias=8.000000,logit_softcap=0.000000,prec=f32,type_K=f16,type_V=f16,permute=[0,1,2,3]): [1;32mOK[0m
  FLASH_ATTN_EXT(hsk=64,hsv=64,nh=4,nr23=[1,3],kv=512,nb=1,mask=1,sinks=1,max_bias=8.000000,logit_softcap=0.000000,prec=f32,type_K=bf16,type_V=bf16,permute=[0,1,2,3]): [1;32mOK[0m
  FLASH_ATTN_EXT(hsk=64,hsv=64,nh=4,nr23=[1,3],kv=512,nb=1,mask=1,sinks=1,max_bias=8.000000,logit_softcap=0.000000,prec=f32,type_K=q8_0,type_V=q8_0,permute=[0,1,2,3]): [1;32mOK[0m
  FLASH_ATTN_EXT(hsk=64,hsv=64,nh=4,nr23=[1,3],kv=512,nb=1,mask=1,sinks=1,max_bias=8.000000,logit_softcap=0.000000,prec=f32,type_K=q5_1,type_V=q5_1,permute=[0,1,2,3]): not supported [ROCm0] 
  FLASH_ATTN_EXT(hsk=64,hsv=64,nh=4,nr23=[1,3],kv=512,nb=1,mask=1,sinks=1,max_bias=8.000000,logit_softcap=0.000000,prec=f32,type_K=q5_0,type_V=q5_0,permute=[0,1,2,3]): not supported [ROCm0] 
  FLASH_ATTN_EXT(hsk=64,hsv=64,nh=4,nr23=[1,3],kv=512,nb=1,mask=1,sinks=1,max_bias=8.000000,logit_softcap=0.000000,prec=f32,type_K=q4_1,type_V=q4_1,permute=[0,1,2,3]): not supported [ROCm0] 
  FLASH_ATTN_EXT(hsk=64,hsv=64,nh=4,nr23=[1,3],kv=512,nb=1,mask=1,sinks=1,max_bias=8.000000,logit_softcap=0.000000,prec=f32,type_K=q4_0,type_V=q4_0,permute=[0,1,2,3]): [1;32mOK[0m
  FLASH_ATTN_EXT(hsk=64,hsv=64,nh=4,nr23=[1,3],kv=512,nb=1,mask=1,sinks=1,max_bias=8.000000,logit_softcap=0.000000,prec=f32,type_K=iq4_nl,type_V=iq4_nl,permute=[0,1,2,3]): not supported [ROCm0] 
  FLASH_ATTN_EXT(hsk=64,hsv=64,nh=4,nr23=[1,3],kv=512,nb=3,mask=1,sinks=1,max_bias=8.000000,logit_softcap=0.000000,prec=f32,type_K=f32,type_V=f32,permute=[0,1,2,3]): [1;32mOK[0m
  FLASH_ATTN_EXT(hsk=64,hsv=64,nh=4,nr23=[1,3],kv=512,nb=3,mask=1,sinks=1,max_bias=8.000000,logit_softcap=0.000000,prec=f32,type_K=f16,type_V=f16,permute=[0,1,2,3]): [1;32mOK[0m
  FLASH_ATTN_EXT(hsk=64,hsv=64,nh=4,nr23=[1,3],kv=512,nb=3,mask=1,sinks=1,max_bias=8.000000,logit_softcap=0.000000,prec=f32,type_K=bf16,type_V=bf16,permute=[0,1,2,3]): [1;32mOK[0m
  FLASH_ATTN_EXT(hsk=64,hsv=64,nh=4,nr23=[1,3],kv=512,nb=3,mask=1,sinks=1,max_bias=8.000000,logit_softcap=0.000000,prec=f32,type_K=q8_0,type_V=q8_0,permute=[0,1,2,3]): [1;32mOK[0m
  FLASH_ATTN_EXT(hsk=64,hsv=64,nh=4,nr23=[1,3],kv=512,nb=3,mask=1,sinks=1,max_bias=8.000000,logit_softcap=0.000000,prec=f32,type_K=q5_1,type_V=q5_1,permute=[0,1,2,3]): not supported [ROCm0] 
  FLASH_ATTN_EXT(hsk=64,hsv=64,nh=4,nr23=[1,3],kv=512,nb=3,mask=1,sinks=1,max_bias=8.000000,logit_softcap=0.000000,prec=f32,type_K=q5_0,type_V=q5_0,permute=[0,1,2,3]): not supported [ROCm0] 
  FLASH_ATTN_EXT(hsk=64,hsv=64,nh=4,nr23=[1,3],kv=512,nb=3,mask=1,sinks=1,max_bias=8.000000,logit_softcap=0.000000,prec=f32,type_K=q4_1,type_V=q4_1,permute=[0,1,2,3]): not supported [ROCm0] 
  FLASH_ATTN_EXT(hsk=64,hsv=64,nh=4,nr23=[1,3],kv=512,nb=3,mask=1,sinks=1,max_bias=8.000000,logit_softcap=0.000000,prec=f32,type_K=q4_0,type_V=q4_0,permute=[0,1,2,3]): [1;32mOK[0m
  FLASH_ATTN_EXT(hsk=64,hsv=64,nh=4,nr23=[1,3],kv=512,nb=3,mask=1,sinks=1,max_bias=8.000000,logit_softcap=0.000000,prec=f32,type_K=iq4_nl,type_V=iq4_nl,permute=[0,1,2,3]): not supported [ROCm0] 
  FLASH_ATTN_EXT(hsk=64,hsv=64,nh=4,nr23=[1,3],kv=512,nb=32,mask=1,sinks=1,max_bias=8.000000,logit_softcap=0.000000,prec=f32,type_K=f32,type_V=f32,permute=[0,1,2,3]): [1;32mOK[0m
  FLASH_ATTN_EXT(hsk=64,hsv=64,nh=4,nr23=[1,3],kv=512,nb=32,mask=1,sinks=1,max_bias=8.000000,logit_softcap=0.000000,prec=f32,type_K=f16,type_V=f16,permute=[0,1,2,3]): [1;32mOK[0m
  FLASH_ATTN_EXT(hsk=64,hsv=64,nh=4,nr23=[1,3],kv=512,nb=32,mask=1,sinks=1,max_bias=8.000000,logit_softcap=0.000000,prec=f32,type_K=bf16,type_V=bf16,permute=[0,1,2,3]): [1;32mOK[0m
  FLASH_ATTN_EXT(hsk=64,hsv=64,nh=4,nr23=[1,3],kv=512,nb=32,mask=1,sinks=1,max_bias=8.000000,logit_softcap=0.000000,prec=f32,type_K=q8_0,type_V=q8_0,permute=[0,1,2,3]): [1;32mOK[0m
  FLASH_ATTN_EXT(hsk=64,hsv=64,nh=4,nr23=[1,3],kv=512,nb=32,mask=1,sinks=1,max_bias=8.000000,logit_softcap=0.000000,prec=f32,type_K=q5_1,type_V=q5_1,permute=[0,1,2,3]): not supported [ROCm0] 
  FLASH_ATTN_EXT(hsk=64,hsv=64,nh=4,nr23=[1,3],kv=512,nb=32,mask=1,sinks=1,max_bias=8.000000,logit_softcap=0.000000,prec=f32,type_K=q5_0,type_V=q5_0,permute=[0,1,2,3]): not supported [ROCm0] 
  FLASH_ATTN_EXT(hsk=64,hsv=64,nh=4,nr23=[1,3],kv=512,nb=32,mask=1,sinks=1,max_bias=8.000000,logit_softcap=0.000000,prec=f32,type_K=q4_1,type_V=q4_1,permute=[0,1,2,3]): not supported [ROCm0] 
  FLASH_ATTN_EXT(hsk=64,hsv=64,nh=4,nr23=[1,3],kv=512,nb=32,mask=1,sinks=1,max_bias=8.000000,logit_softcap=0.000000,prec=f32,type_K=q4_0,type_V=q4_0,permute=[0,1,2,3]): [1;32mOK[0m
  FLASH_ATTN_EXT(hsk=64,hsv=64,nh=4,nr23=[1,3],kv=512,nb=32,mask=1,sinks=1,max_bias=8.000000,logit_softcap=0.000000,prec=f32,type_K=iq4_nl,type_V=iq4_nl,permute=[0,1,2,3]): not supported [ROCm0] 
  FLASH_ATTN_EXT(hsk=64,hsv=64,nh=4,nr23=[1,3],kv=512,nb=75,mask=1,sinks=1,max_bias=8.000000,logit_softcap=0.000000,prec=f32,type_K=f32,type_V=f32,permute=[0,1,2,3]): [1;32mOK[0m
  FLASH_ATTN_EXT(hsk=64,hsv=64,nh=4,nr23=[1,3],kv=512,nb=75,mask=1,sinks=1,max_bias=8.000000,logit_softcap=0.000000,prec=f32,type_K=f16,type_V=f16,permute=[0,1,2,3]): [1;32mOK[0m
  FLASH_ATTN_EXT(hsk=64,hsv=64,nh=4,nr23=[1,3],kv=512,nb=75,mask=1,sinks=1,max_bias=8.000000,logit_softcap=0.000000,prec=f32,type_K=bf16,type_V=bf16,permute=[0,1,2,3]): [1;32mOK[0m
  FLASH_ATTN_EXT(hsk=64,hsv=64,nh=4,nr23=[1,3],kv=512,nb=75,mask=1,sinks=1,max_bias=8.000000,logit_softcap=0.000000,prec=f32,type_K=q8_0,type_V=q8_0,permute=[0,1,2,3]): [1;32mOK[0m
  FLASH_ATTN_EXT(hsk=64,hsv=64,nh=4,nr23=[1,3],kv=512,nb=75,mask=1,sinks=1,max_bias=8.000000,logit_softcap=0.000000,prec=f32,type_K=q5_1,type_V=q5_1,permute=[0,1,2,3]): not supported [ROCm0] 
  FLASH_ATTN_EXT(hsk=64,hsv=64,nh=4,nr23=[1,3],kv=512,nb=75,mask=1,sinks=1,max_bias=8.000000,logit_softcap=0.000000,prec=f32,type_K=q5_0,type_V=q5_0,permute=[0,1,2,3]): not supported [ROCm0] 
  FLASH_ATTN_EXT(hsk=64,hsv=64,nh=4,nr23=[1,3],kv=512,nb=75,mask=1,sinks=1,max_bias=8.000000,logit_softcap=0.000000,prec=f32,type_K=q4_1,type_V=q4_1,permute=[0,1,2,3]): not supported [ROCm0] 
  FLASH_ATTN_EXT(hsk=64,hsv=64,nh=4,nr23=[1,3],kv=512,nb=75,mask=1,sinks=1,max_bias=8.000000,logit_softcap=0.000000,prec=f32,type_K=q4_0,type_V=q4_0,permute=[0,1,2,3]): [1;32mOK[0m
  FLASH_ATTN_EXT(hsk=64,hsv=64,nh=4,nr23=[1,3],kv=512,nb=75,mask=1,sinks=1,max_bias=8.000000,logit_softcap=0.000000,prec=f32,type_K=iq4_nl,type_V=iq4_nl,permute=[0,1,2,3]): not supported [ROCm0] 
  FLASH_ATTN_EXT(hsk=64,hsv=64,nh=4,nr23=[1,3],kv=1024,nb=1,mask=1,sinks=1,max_bias=8.000000,logit_softcap=0.000000,prec=f32,type_K=f32,type_V=f32,permute=[0,1,2,3]): [1;32mOK[0m
  FLASH_ATTN_EXT(hsk=64,hsv=64,nh=4,nr23=[1,3],kv=1024,nb=1,mask=1,sinks=1,max_bias=8.000000,logit_softcap=0.000000,prec=f32,type_K=f16,type_V=f16,permute=[0,1,2,3]): [1;32mOK[0m
  FLASH_ATTN_EXT(hsk=64,hsv=64,nh=4,nr23=[1,3],kv=1024,nb=1,mask=1,sinks=1,max_bias=8.000000,logit_softcap=0.000000,prec=f32,type_K=bf16,type_V=bf16,permute=[0,1,2,3]): [1;32mOK[0m
  FLASH_ATTN_EXT(hsk=64,hsv=64,nh=4,nr23=[1,3],kv=1024,nb=1,mask=1,sinks=1,max_bias=8.000000,logit_softcap=0.000000,prec=f32,type_K=q8_0,type_V=q8_0,permute=[0,1,2,3]): [1;32mOK[0m
  FLASH_ATTN_EXT(hsk=64,hsv=64,nh=4,nr23=[1,3],kv=1024,nb=1,mask=1,sinks=1,max_bias=8.000000,logit_softcap=0.000000,prec=f32,type_K=q5_1,type_V=q5_1,permute=[0,1,2,3]): not supported [ROCm0] 
  FLASH_ATTN_EXT(hsk=64,hsv=64,nh=4,nr23=[1,3],kv=1024,nb=1,mask=1,sinks=1,max_bias=8.000000,logit_softcap=0.000000,prec=f32,type_K=q5_0,type_V=q5_0,permute=[0,1,2,3]): not supported [ROCm0] 
  FLASH_ATTN_EXT(hsk=64,hsv=64,nh=4,nr23=[1,3],kv=1024,nb=1,mask=1,sinks=1,max_bias=8.000000,logit_softcap=0.000000,prec=f32,type_K=q4_1,type_V=q4_1,permute=[0,1,2,3]): not supported [ROCm0] 
  FLASH_ATTN_EXT(hsk=64,hsv=64,nh=4,nr23=[1,3],kv=1024,nb=1,mask=1,sinks=1,max_bias=8.000000,logit_softcap=0.000000,prec=f32,type_K=q4_0,type_V=q4_0,permute=[0,1,2,3]): [1;32mOK[0m
  FLASH_ATTN_EXT(hsk=64,hsv=64,nh=4,nr23=[1,3],kv=1024,nb=1,mask=1,sinks=1,max_bias=8.000000,logit_softcap=0.000000,prec=f32,type_K=iq4_nl,type_V=iq4_nl,permute=[0,1,2,3]): not supported [ROCm0] 
  FLASH_ATTN_EXT(hsk=64,hsv=64,nh=4,nr23=[1,3],kv=1024,nb=3,mask=1,sinks=1,max_bias=8.000000,logit_softcap=0.000000,prec=f32,type_K=f32,type_V=f32,permute=[0,1,2,3]): [1;32mOK[0m
  FLASH_ATTN_EXT(hsk=64,hsv=64,nh=4,nr23=[1,3],kv=1024,nb=3,mask=1,sinks=1,max_bias=8.000000,logit_softcap=0.000000,prec=f32,type_K=f16,type_V=f16,permute=[0,1,2,3]): [1;32mOK[0m
  FLASH_ATTN_EXT(hsk=64,hsv=64,nh=4,nr23=[1,3],kv=1024,nb=3,mask=1,sinks=1,max_bias=8.000000,logit_softcap=0.000000,prec=f32,type_K=bf16,type_V=bf16,permute=[0,1,2,3]): [1;32mOK[0m
  FLASH_ATTN_EXT(hsk=64,hsv=64,nh=4,nr23=[1,3],kv=1024,nb=3,mask=1,sinks=1,max_bias=8.000000,logit_softcap=0.000000,prec=f32,type_K=q8_0,type_V=q8_0,permute=[0,1,2,3]): [1;32mOK[0m
  FLASH_ATTN_EXT(hsk=64,hsv=64,nh=4,nr23=[1,3],kv=1024,nb=3,mask=1,sinks=1,max_bias=8.000000,logit_softcap=0.000000,prec=f32,type_K=q5_1,type_V=q5_1,permute=[0,1,2,3]): not supported [ROCm0] 
  FLASH_ATTN_EXT(hsk=64,hsv=64,nh=4,nr23=[1,3],kv=1024,nb=3,mask=1,sinks=1,max_bias=8.000000,logit_softcap=0.000000,prec=f32,type_K=q5_0,type_V=q5_0,permute=[0,1,2,3]): not supported [ROCm0] 
  FLASH_ATTN_EXT(hsk=64,hsv=64,nh=4,nr23=[1,3],kv=1024,nb=3,mask=1,sinks=1,max_bias=8.000000,logit_softcap=0.000000,prec=f32,type_K=q4_1,type_V=q4_1,permute=[0,1,2,3]): not supported [ROCm0] 
  FLASH_ATTN_EXT(hsk=64,hsv=64,nh=4,nr23=[1,3],kv=1024,nb=3,mask=1,sinks=1,max_bias=8.000000,logit_softcap=0.000000,prec=f32,type_K=q4_0,type_V=q4_0,permute=[0,1,2,3]): [1;32mOK[0m
  FLASH_ATTN_EXT(hsk=64,hsv=64,nh=4,nr23=[1,3],kv=1024,nb=3,mask=1,sinks=1,max_bias=8.000000,logit_softcap=0.000000,prec=f32,type_K=iq4_nl,type_V=iq4_nl,permute=[0,1,2,3]): not supported [ROCm0] 
  FLASH_ATTN_EXT(hsk=64,hsv=64,nh=4,nr23=[1,3],kv=1024,nb=32,mask=1,sinks=1,max_bias=8.000000,logit_softcap=0.000000,prec=f32,type_K=f32,type_V=f32,permute=[0,1,2,3]): [1;32mOK[0m
  FLASH_ATTN_EXT(hsk=64,hsv=64,nh=4,nr23=[1,3],kv=1024,nb=32,mask=1,sinks=1,max_bias=8.000000,logit_softcap=0.000000,prec=f32,type_K=f16,type_V=f16,permute=[0,1,2,3]): [1;32mOK[0m
  FLASH_ATTN_EXT(hsk=64,hsv=64,nh=4,nr23=[1,3],kv=1024,nb=32,mask=1,sinks=1,max_bias=8.000000,logit_softcap=0.000000,prec=f32,type_K=bf16,type_V=bf16,permute=[0,1,2,3]): [1;32mOK[0m
  FLASH_ATTN_EXT(hsk=64,hsv=64,nh=4,nr23=[1,3],kv=1024,nb=32,mask=1,sinks=1,max_bias=8.000000,logit_softcap=0.000000,prec=f32,type_K=q8_0,type_V=q8_0,permute=[0,1,2,3]): [1;32mOK[0m
  FLASH_ATTN_EXT(hsk=64,hsv=64,nh=4,nr23=[1,3],kv=1024,nb=32,mask=1,sinks=1,max_bias=8.000000,logit_softcap=0.000000,prec=f32,type_K=q5_1,type_V=q5_1,permute=[0,1,2,3]): not supported [ROCm0] 
  FLASH_ATTN_EXT(hsk=64,hsv=64,nh=4,nr23=[1,3],kv=1024,nb=32,mask=1,sinks=1,max_bias=8.000000,logit_softcap=0.000000,prec=f32,type_K=q5_0,type_V=q5_0,permute=[0,1,2,3]): not supported [ROCm0] 
  FLASH_ATTN_EXT(hsk=64,hsv=64,nh=4,nr23=[1,3],kv=1024,nb=32,mask=1,sinks=1,max_bias=8.000000,logit_softcap=0.000000,prec=f32,type_K=q4_1,type_V=q4_1,permute=[0,1,2,3]): not supported [ROCm0] 
  FLASH_ATTN_EXT(hsk=64,hsv=64,nh=4,nr23=[1,3],kv=1024,nb=32,mask=1,sinks=1,max_bias=8.000000,logit_softcap=0.000000,prec=f32,type_K=q4_0,type_V=q4_0,permute=[0,1,2,3]): [1;32mOK[0m
  FLASH_ATTN_EXT(hsk=64,hsv=64,nh=4,nr23=[1,3],kv=1024,nb=32,mask=1,sinks=1,max_bias=8.000000,logit_softcap=0.000000,prec=f32,type_K=iq4_nl,type_V=iq4_nl,permute=[0,1,2,3]): not supported [ROCm0] 
  FLASH_ATTN_EXT(hsk=64,hsv=64,nh=4,nr23=[1,3],kv=1024,nb=75,mask=1,sinks=1,max_bias=8.000000,logit_softcap=0.000000,prec=f32,type_K=f32,type_V=f32,permute=[0,1,2,3]): [1;32mOK[0m
  FLASH_ATTN_EXT(hsk=64,hsv=64,nh=4,nr23=[1,3],kv=1024,nb=75,mask=1,sinks=1,max_bias=8.000000,logit_softcap=0.000000,prec=f32,type_K=f16,type_V=f16,permute=[0,1,2,3]): [1;32mOK[0m
  FLASH_ATTN_EXT(hsk=64,hsv=64,nh=4,nr23=[1,3],kv=1024,nb=75,mask=1,sinks=1,max_bias=8.000000,logit_softcap=0.000000,prec=f32,type_K=bf16,type_V=bf16,permute=[0,1,2,3]): [1;32mOK[0m
  FLASH_ATTN_EXT(hsk=64,hsv=64,nh=4,nr23=[1,3],kv=1024,nb=75,mask=1,sinks=1,max_bias=8.000000,logit_softcap=0.000000,prec=f32,type_K=q8_0,type_V=q8_0,permute=[0,1,2,3]): [1;32mOK[0m
  FLASH_ATTN_EXT(hsk=64,hsv=64,nh=4,nr23=[1,3],kv=1024,nb=75,mask=1,sinks=1,max_bias=8.000000,logit_softcap=0.000000,prec=f32,type_K=q5_1,type_V=q5_1,permute=[0,1,2,3]): not supported [ROCm0] 
  FLASH_ATTN_EXT(hsk=64,hsv=64,nh=4,nr23=[1,3],kv=1024,nb=75,mask=1,sinks=1,max_bias=8.000000,logit_softcap=0.000000,prec=f32,type_K=q5_0,type_V=q5_0,permute=[0,1,2,3]): not supported [ROCm0] 
  FLASH_ATTN_EXT(hsk=64,hsv=64,nh=4,nr23=[1,3],kv=1024,nb=75,mask=1,sinks=1,max_bias=8.000000,logit_softcap=0.000000,prec=f32,type_K=q4_1,type_V=q4_1,permute=[0,1,2,3]): not supported [ROCm0] 
  FLASH_ATTN_EXT(hsk=64,hsv=64,nh=4,nr23=[1,3],kv=1024,nb=75,mask=1,sinks=1,max_bias=8.000000,logit_softcap=0.000000,prec=f32,type_K=q4_0,type_V=q4_0,permute=[0,1,2,3]): [1;32mOK[0m
  FLASH_ATTN_EXT(hsk=64,hsv=64,nh=4,nr23=[1,3],kv=1024,nb=75,mask=1,sinks=1,max_bias=8.000000,logit_softcap=0.000000,prec=f32,type_K=iq4_nl,type_V=iq4_nl,permute=[0,1,2,3]): not supported [ROCm0] 
  FLASH_ATTN_EXT(hsk=64,hsv=64,nh=4,nr23=[4,3],kv=512,nb=1,mask=1,sinks=1,max_bias=8.000000,logit_softcap=0.000000,prec=f32,type_K=f32,type_V=f32,permute=[0,1,2,3]): [1;32mOK[0m
  FLASH_ATTN_EXT(hsk=64,hsv=64,nh=4,nr23=[4,3],kv=512,nb=1,mask=1,sinks=1,max_bias=8.000000,logit_softcap=0.000000,prec=f32,type_K=f16,type_V=f16,permute=[0,1,2,3]): [1;32mOK[0m
  FLASH_ATTN_EXT(hsk=64,hsv=64,nh=4,nr23=[4,3],kv=512,nb=1,mask=1,sinks=1,max_bias=8.000000,logit_softcap=0.000000,prec=f32,type_K=bf16,type_V=bf16,permute=[0,1,2,3]): [1;32mOK[0m
  FLASH_ATTN_EXT(hsk=64,hsv=64,nh=4,nr23=[4,3],kv=512,nb=1,mask=1,sinks=1,max_bias=8.000000,logit_softcap=0.000000,prec=f32,type_K=q8_0,type_V=q8_0,permute=[0,1,2,3]): [1;32mOK[0m
  FLASH_ATTN_EXT(hsk=64,hsv=64,nh=4,nr23=[4,3],kv=512,nb=1,mask=1,sinks=1,max_bias=8.000000,logit_softcap=0.000000,prec=f32,type_K=q5_1,type_V=q5_1,permute=[0,1,2,3]): not supported [ROCm0] 
  FLASH_ATTN_EXT(hsk=64,hsv=64,nh=4,nr23=[4,3],kv=512,nb=1,mask=1,sinks=1,max_bias=8.000000,logit_softcap=0.000000,prec=f32,type_K=q5_0,type_V=q5_0,permute=[0,1,2,3]): not supported [ROCm0] 
  FLASH_ATTN_EXT(hsk=64,hsv=64,nh=4,nr23=[4,3],kv=512,nb=1,mask=1,sinks=1,max_bias=8.000000,logit_softcap=0.000000,prec=f32,type_K=q4_1,type_V=q4_1,permute=[0,1,2,3]): not supported [ROCm0] 
  FLASH_ATTN_EXT(hsk=64,hsv=64,nh=4,nr23=[4,3],kv=512,nb=1,mask=1,sinks=1,max_bias=8.000000,logit_softcap=0.000000,prec=f32,type_K=q4_0,type_V=q4_0,permute=[0,1,2,3]): [1;32mOK[0m
  FLASH_ATTN_EXT(hsk=64,hsv=64,nh=4,nr23=[4,3],kv=512,nb=1,mask=1,sinks=1,max_bias=8.000000,logit_softcap=0.000000,prec=f32,type_K=iq4_nl,type_V=iq4_nl,permute=[0,1,2,3]): not supported [ROCm0] 
  FLASH_ATTN_EXT(hsk=64,hsv=64,nh=4,nr23=[4,3],kv=512,nb=3,mask=1,sinks=1,max_bias=8.000000,logit_softcap=0.000000,prec=f32,type_K=f32,type_V=f32,permute=[0,1,2,3]): [1;32mOK[0m
  FLASH_ATTN_EXT(hsk=64,hsv=64,nh=4,nr23=[4,3],kv=512,nb=3,mask=1,sinks=1,max_bias=8.000000,logit_softcap=0.000000,prec=f32,type_K=f16,type_V=f16,permute=[0,1,2,3]): [1;32mOK[0m
  FLASH_ATTN_EXT(hsk=64,hsv=64,nh=4,nr23=[4,3],kv=512,nb=3,mask=1,sinks=1,max_bias=8.000000,logit_softcap=0.000000,prec=f32,type_K=bf16,type_V=bf16,permute=[0,1,2,3]): [1;32mOK[0m
  FLASH_ATTN_EXT(hsk=64,hsv=64,nh=4,nr23=[4,3],kv=512,nb=3,mask=1,sinks=1,max_bias=8.000000,logit_softcap=0.000000,prec=f32,type_K=q8_0,type_V=q8_0,permute=[0,1,2,3]): [1;32mOK[0m
  FLASH_ATTN_EXT(hsk=64,hsv=64,nh=4,nr23=[4,3],kv=512,nb=3,mask=1,sinks=1,max_bias=8.000000,logit_softcap=0.000000,prec=f32,type_K=q5_1,type_V=q5_1,permute=[0,1,2,3]): not supported [ROCm0] 
  FLASH_ATTN_EXT(hsk=64,hsv=64,nh=4,nr23=[4,3],kv=512,nb=3,mask=1,sinks=1,max_bias=8.000000,logit_softcap=0.000000,prec=f32,type_K=q5_0,type_V=q5_0,permute=[0,1,2,3]): not supported [ROCm0] 
  FLASH_ATTN_EXT(hsk=64,hsv=64,nh=4,nr23=[4,3],kv=512,nb=3,mask=1,sinks=1,max_bias=8.000000,logit_softcap=0.000000,prec=f32,type_K=q4_1,type_V=q4_1,permute=[0,1,2,3]): not supported [ROCm0] 
  FLASH_ATTN_EXT(hsk=64,hsv=64,nh=4,nr23=[4,3],kv=512,nb=3,mask=1,sinks=1,max_bias=8.000000,logit_softcap=0.000000,prec=f32,type_K=q4_0,type_V=q4_0,permute=[0,1,2,3]): [1;32mOK[0m
  FLASH_ATTN_EXT(hsk=64,hsv=64,nh=4,nr23=[4,3],kv=512,nb=3,mask=1,sinks=1,max_bias=8.000000,logit_softcap=0.000000,prec=f32,type_K=iq4_nl,type_V=iq4_nl,permute=[0,1,2,3]): not supported [ROCm0] 
  FLASH_ATTN_EXT(hsk=64,hsv=64,nh=4,nr23=[4,3],kv=512,nb=32,mask=1,sinks=1,max_bias=8.000000,logit_softcap=0.000000,prec=f32,type_K=f32,type_V=f32,permute=[0,1,2,3]): [1;32mOK[0m
  FLASH_ATTN_EXT(hsk=64,hsv=64,nh=4,nr23=[4,3],kv=512,nb=32,mask=1,sinks=1,max_bias=8.000000,logit_softcap=0.000000,prec=f32,type_K=f16,type_V=f16,permute=[0,1,2,3]): [1;32mOK[0m
  FLASH_ATTN_EXT(hsk=64,hsv=64,nh=4,nr23=[4,3],kv=512,nb=32,mask=1,sinks=1,max_bias=8.000000,logit_softcap=0.000000,prec=f32,type_K=bf16,type_V=bf16,permute=[0,1,2,3]): [1;32mOK[0m
  FLASH_ATTN_EXT(hsk=64,hsv=64,nh=4,nr23=[4,3],kv=512,nb=32,mask=1,sinks=1,max_bias=8.000000,logit_softcap=0.000000,prec=f32,type_K=q8_0,type_V=q8_0,permute=[0,1,2,3]): [1;32mOK[0m
  FLASH_ATTN_EXT(hsk=64,hsv=64,nh=4,nr23=[4,3],kv=512,nb=32,mask=1,sinks=1,max_bias=8.000000,logit_softcap=0.000000,prec=f32,type_K=q5_1,type_V=q5_1,permute=[0,1,2,3]): not supported [ROCm0] 
  FLASH_ATTN_EXT(hsk=64,hsv=64,nh=4,nr23=[4,3],kv=512,nb=32,mask=1,sinks=1,max_bias=8.000000,logit_softcap=0.000000,prec=f32,type_K=q5_0,type_V=q5_0,permute=[0,1,2,3]): not supported [ROCm0] 
  FLASH_ATTN_EXT(hsk=64,hsv=64,nh=4,nr23=[4,3],kv=512,nb=32,mask=1,sinks=1,max_bias=8.000000,logit_softcap=0.000000,prec=f32,type_K=q4_1,type_V=q4_1,permute=[0,1,2,3]): not supported [ROCm0] 
  FLASH_ATTN_EXT(hsk=64,hsv=64,nh=4,nr23=[4,3],kv=512,nb=32,mask=1,sinks=1,max_bias=8.000000,logit_softcap=0.000000,prec=f32,type_K=q4_0,type_V=q4_0,permute=[0,1,2,3]): [1;32mOK[0m
  FLASH_ATTN_EXT(hsk=64,hsv=64,nh=4,nr23=[4,3],kv=512,nb=32,mask=1,sinks=1,max_bias=8.000000,logit_softcap=0.000000,prec=f32,type_K=iq4_nl,type_V=iq4_nl,permute=[0,1,2,3]): not supported [ROCm0] 
  FLASH_ATTN_EXT(hsk=64,hsv=64,nh=4,nr23=[4,3],kv=512,nb=75,mask=1,sinks=1,max_bias=8.000000,logit_softcap=0.000000,prec=f32,type_K=f32,type_V=f32,permute=[0,1,2,3]): [1;32mOK[0m
  FLASH_ATTN_EXT(hsk=64,hsv=64,nh=4,nr23=[4,3],kv=512,nb=75,mask=1,sinks=1,max_bias=8.000000,logit_softcap=0.000000,prec=f32,type_K=f16,type_V=f16,permute=[0,1,2,3]): [1;32mOK[0m
  FLASH_ATTN_EXT(hsk=64,hsv=64,nh=4,nr23=[4,3],kv=512,nb=75,mask=1,sinks=1,max_bias=8.000000,logit_softcap=0.000000,prec=f32,type_K=bf16,type_V=bf16,permute=[0,1,2,3]): [1;32mOK[0m
  FLASH_ATTN_EXT(hsk=64,hsv=64,nh=4,nr23=[4,3],kv=512,nb=75,mask=1,sinks=1,max_bias=8.000000,logit_softcap=0.000000,prec=f32,type_K=q8_0,type_V=q8_0,permute=[0,1,2,3]): [1;32mOK[0m
  FLASH_ATTN_EXT(hsk=64,hsv=64,nh=4,nr23=[4,3],kv=512,nb=75,mask=1,sinks=1,max_bias=8.000000,logit_softcap=0.000000,prec=f32,type_K=q5_1,type_V=q5_1,permute=[0,1,2,3]): not supported [ROCm0] 
  FLASH_ATTN_EXT(hsk=64,hsv=64,nh=4,nr23=[4,3],kv=512,nb=75,mask=1,sinks=1,max_bias=8.000000,logit_softcap=0.000000,prec=f32,type_K=q5_0,type_V=q5_0,permute=[0,1,2,3]): not supported [ROCm0] 
  FLASH_ATTN_EXT(hsk=64,hsv=64,nh=4,nr23=[4,3],kv=512,nb=75,mask=1,sinks=1,max_bias=8.000000,logit_softcap=0.000000,prec=f32,type_K=q4_1,type_V=q4_1,permute=[0,1,2,3]): not supported [ROCm0] 
  FLASH_ATTN_EXT(hsk=64,hsv=64,nh=4,nr23=[4,3],kv=512,nb=75,mask=1,sinks=1,max_bias=8.000000,logit_softcap=0.000000,prec=f32,type_K=q4_0,type_V=q4_0,permute=[0,1,2,3]): [1;32mOK[0m
  FLASH_ATTN_EXT(hsk=64,hsv=64,nh=4,nr23=[4,3],kv=512,nb=75,mask=1,sinks=1,max_bias=8.000000,logit_softcap=0.000000,prec=f32,type_K=iq4_nl,type_V=iq4_nl,permute=[0,1,2,3]): not supported [ROCm0] 
  FLASH_ATTN_EXT(hsk=64,hsv=64,nh=4,nr23=[1,1],kv=113,nb=1,mask=1,sinks=0,max_bias=0.000000,logit_softcap=0.000000,prec=f32,type_K=f32,type_V=f32,permute=[0,1,2,3]): [1;32mOK[0m
  FLASH_ATTN_EXT(hsk=64,hsv=64,nh=4,nr23=[1,1],kv=113,nb=1,mask=1,sinks=0,max_bias=0.000000,logit_softcap=0.000000,prec=f32,type_K=f16,type_V=f16,permute=[0,1,2,3]): [1;32mOK[0m
  FLASH_ATTN_EXT(hsk=64,hsv=64,nh=4,nr23=[1,1],kv=113,nb=1,mask=1,sinks=0,max_bias=0.000000,logit_softcap=0.000000,prec=f32,type_K=bf16,type_V=bf16,permute=[0,1,2,3]): [1;32mOK[0m
  FLASH_ATTN_EXT(hsk=64,hsv=64,nh=4,nr23=[1,1],kv=113,nb=1,mask=1,sinks=0,max_bias=0.000000,logit_softcap=0.000000,prec=f32,type_K=q8_0,type_V=q8_0,permute=[0,1,2,3]): [1;32mOK[0m
  FLASH_ATTN_EXT(hsk=64,hsv=64,nh=4,nr23=[1,1],kv=113,nb=1,mask=1,sinks=0,max_bias=0.000000,logit_softcap=0.000000,prec=f32,type_K=q5_1,type_V=q5_1,permute=[0,1,2,3]): not supported [ROCm0] 
  FLASH_ATTN_EXT(hsk=64,hsv=64,nh=4,nr23=[1,1],kv=113,nb=1,mask=1,sinks=0,max_bias=0.000000,logit_softcap=0.000000,prec=f32,type_K=q5_0,type_V=q5_0,permute=[0,1,2,3]): not supported [ROCm0] 
  FLASH_ATTN_EXT(hsk=64,hsv=64,nh=4,nr23=[1,1],kv=113,nb=1,mask=1,sinks=0,max_bias=0.000000,logit_softcap=0.000000,prec=f32,type_K=q4_1,type_V=q4_1,permute=[0,1,2,3]): not supported [ROCm0] 
  FLASH_ATTN_EXT(hsk=64,hsv=64,nh=4,nr23=[1,1],kv=113,nb=1,mask=1,sinks=0,max_bias=0.000000,logit_softcap=0.000000,prec=f32,type_K=q4_0,type_V=q4_0,permute=[0,1,2,3]): [1;32mOK[0m
  FLASH_ATTN_EXT(hsk=64,hsv=64,nh=4,nr23=[1,1],kv=113,nb=1,mask=1,sinks=0,max_bias=0.000000,logit_softcap=0.000000,prec=f32,type_K=iq4_nl,type_V=iq4_nl,permute=[0,1,2,3]): not supported [ROCm0] 
  FLASH_ATTN_EXT(hsk=64,hsv=64,nh=4,nr23=[1,1],kv=113,nb=3,mask=1,sinks=0,max_bias=0.000000,logit_softcap=0.000000,prec=f32,type_K=f32,type_V=f32,permute=[0,1,2,3]): [1;32mOK[0m
  FLASH_ATTN_EXT(hsk=64,hsv=64,nh=4,nr23=[1,1],kv=113,nb=3,mask=1,sinks=0,max_bias=0.000000,logit_softcap=0.000000,prec=f32,type_K=f16,type_V=f16,permute=[0,1,2,3]): [1;32mOK[0m
  FLASH_ATTN_EXT(hsk=64,hsv=64,nh=4,nr23=[1,1],kv=113,nb=3,mask=1,sinks=0,max_bias=0.000000,logit_softcap=0.000000,prec=f32,type_K=bf16,type_V=bf16,permute=[0,1,2,3]): [1;32mOK[0m
  FLASH_ATTN_EXT(hsk=64,hsv=64,nh=4,nr23=[1,1],kv=113,nb=3,mask=1,sinks=0,max_bias=0.000000,logit_softcap=0.000000,prec=f32,type_K=q8_0,type_V=q8_0,permute=[0,1,2,3]): [1;32mOK[0m
  FLASH_ATTN_EXT(hsk=64,hsv=64,nh=4,nr23=[1,1],kv=113,nb=3,mask=1,sinks=0,max_bias=0.000000,logit_softcap=0.000000,prec=f32,type_K=q5_1,type_V=q5_1,permute=[0,1,2,3]): not supported [ROCm0] 
  FLASH_ATTN_EXT(hsk=64,hsv=64,nh=4,nr23=[1,1],kv=113,nb=3,mask=1,sinks=0,max_bias=0.000000,logit_softcap=0.000000,prec=f32,type_K=q5_0,type_V=q5_0,permute=[0,1,2,3]): not supported [ROCm0] 
  FLASH_ATTN_EXT(hsk=64,hsv=64,nh=4,nr23=[1,1],kv=113,nb=3,mask=1,sinks=0,max_bias=0.000000,logit_softcap=0.000000,prec=f32,type_K=q4_1,type_V=q4_1,permute=[0,1,2,3]): not supported [ROCm0] 
  FLASH_ATTN_EXT(hsk=64,hsv=64,nh=4,nr23=[1,1],kv=113,nb=3,mask=1,sinks=0,max_bias=0.000000,logit_softcap=0.000000,prec=f32,type_K=q4_0,type_V=q4_0,permute=[0,1,2,3]): [1;32mOK[0m
  FLASH_ATTN_EXT(hsk=64,hsv=64,nh=4,nr23=[1,1],kv=113,nb=3,mask=1,sinks=0,max_bias=0.000000,logit_softcap=0.000000,prec=f32,type_K=iq4_nl,type_V=iq4_nl,permute=[0,1,2,3]): not supported [ROCm0] 
  FLASH_ATTN_EXT(hsk=64,hsv=64,nh=4,nr23=[1,1],kv=113,nb=32,mask=1,sinks=0,max_bias=0.000000,logit_softcap=0.000000,prec=f32,type_K=f32,type_V=f32,permute=[0,1,2,3]): [1;32mOK[0m
  FLASH_ATTN_EXT(hsk=64,hsv=64,nh=4,nr23=[1,1],kv=113,nb=32,mask=1,sinks=0,max_bias=0.000000,logit_softcap=0.000000,prec=f32,type_K=f16,type_V=f16,permute=[0,1,2,3]): [1;32mOK[0m
  FLASH_ATTN_EXT(hsk=64,hsv=64,nh=4,nr23=[1,1],kv=113,nb=32,mask=1,sinks=0,max_bias=0.000000,logit_softcap=0.000000,prec=f32,type_K=bf16,type_V=bf16,permute=[0,1,2,3]): [1;32mOK[0m
  FLASH_ATTN_EXT(hsk=64,hsv=64,nh=4,nr23=[1,1],kv=113,nb=32,mask=1,sinks=0,max_bias=0.000000,logit_softcap=0.000000,prec=f32,type_K=q8_0,type_V=q8_0,permute=[0,1,2,3]): [1;32mOK[0m
  FLASH_ATTN_EXT(hsk=64,hsv=64,nh=4,nr23=[1,1],kv=113,nb=32,mask=1,sinks=0,max_bias=0.000000,logit_softcap=0.000000,prec=f32,type_K=q5_1,type_V=q5_1,permute=[0,1,2,3]): not supported [ROCm0] 
  FLASH_ATTN_EXT(hsk=64,hsv=64,nh=4,nr23=[1,1],kv=113,nb=32,mask=1,sinks=0,max_bias=0.000000,logit_softcap=0.000000,prec=f32,type_K=q5_0,type_V=q5_0,permute=[0,1,2,3]): not supported [ROCm0] 
  FLASH_ATTN_EXT(hsk=64,hsv=64,nh=4,nr23=[1,1],kv=113,nb=32,mask=1,sinks=0,max_bias=0.000000,logit_softcap=0.000000,prec=f32,type_K=q4_1,type_V=q4_1,permute=[0,1,2,3]): not supported [ROCm0] 
  FLASH_ATTN_EXT(hsk=64,hsv=64,nh=4,nr23=[1,1],kv=113,nb=32,mask=1,sinks=0,max_bias=0.000000,logit_softcap=0.000000,prec=f32,type_K=q4_0,type_V=q4_0,permute=[0,1,2,3]): [1;32mOK[0m
  FLASH_ATTN_EXT(hsk=64,hsv=64,nh=4,nr23=[1,1],kv=113,nb=32,mask=1,sinks=0,max_bias=0.000000,logit_softcap=0.000000,prec=f32,type_K=iq4_nl,type_V=iq4_nl,permute=[0,1,2,3]): not supported [ROCm0] 
  FLASH_ATTN_EXT(hsk=64,hsv=64,nh=4,nr23=[1,1],kv=113,nb=75,mask=1,sinks=0,max_bias=0.000000,logit_softcap=0.000000,prec=f32,type_K=f32,type_V=f32,permute=[0,1,2,3]): [1;32mOK[0m
  FLASH_ATTN_EXT(hsk=64,hsv=64,nh=4,nr23=[1,1],kv=113,nb=75,mask=1,sinks=0,max_bias=0.000000,logit_softcap=0.000000,prec=f32,type_K=f16,type_V=f16,permute=[0,1,2,3]): [1;32mOK[0m
  FLASH_ATTN_EXT(hsk=64,hsv=64,nh=4,nr23=[1,1],kv=113,nb=75,mask=1,sinks=0,max_bias=0.000000,logit_softcap=0.000000,prec=f32,type_K=bf16,type_V=bf16,permute=[0,1,2,3]): [1;32mOK[0m
  FLASH_ATTN_EXT(hsk=64,hsv=64,nh=4,nr23=[1,1],kv=113,nb=75,mask=1,sinks=0,max_bias=0.000000,logit_softcap=0.000000,prec=f32,type_K=q8_0,type_V=q8_0,permute=[0,1,2,3]): [1;32mOK[0m
  FLASH_ATTN_EXT(hsk=64,hsv=64,nh=4,nr23=[1,1],kv=113,nb=75,mask=1,sinks=0,max_bias=0.000000,logit_softcap=0.000000,prec=f32,type_K=q5_1,type_V=q5_1,permute=[0,1,2,3]): not supported [ROCm0] 
  FLASH_ATTN_EXT(hsk=64,hsv=64,nh=4,nr23=[1,1],kv=113,nb=75,mask=1,sinks=0,max_bias=0.000000,logit_softcap=0.000000,prec=f32,type_K=q5_0,type_V=q5_0,permute=[0,1,2,3]): not supported [ROCm0] 
  FLASH_ATTN_EXT(hsk=64,hsv=64,nh=4,nr23=[1,1],kv=113,nb=75,mask=1,sinks=0,max_bias=0.000000,logit_softcap=0.000000,prec=f32,type_K=q4_1,type_V=q4_1,permute=[0,1,2,3]): not supported [ROCm0] 
  FLASH_ATTN_EXT(hsk=64,hsv=64,nh=4,nr23=[1,1],kv=113,nb=75,mask=1,sinks=0,max_bias=0.000000,logit_softcap=0.000000,prec=f32,type_K=q4_0,type_V=q4_0,permute=[0,1,2,3]): [1;32mOK[0m
  FLASH_ATTN_EXT(hsk=64,hsv=64,nh=4,nr23=[1,1],kv=113,nb=75,mask=1,sinks=0,max_bias=0.000000,logit_softcap=0.000000,prec=f32,type_K=iq4_nl,type_V=iq4_nl,permute=[0,1,2,3]): not supported [ROCm0] 
  FLASH_ATTN_EXT(hsk=64,hsv=64,nh=4,nr23=[1,1],kv=512,nb=1,mask=1,sinks=0,max_bias=0.000000,logit_softcap=0.000000,prec=f32,type_K=f32,type_V=f32,permute=[0,1,2,3]): [1;32mOK[0m
  FLASH_ATTN_EXT(hsk=64,hsv=64,nh=4,nr23=[1,1],kv=512,nb=1,mask=1,sinks=0,max_bias=0.000000,logit_softcap=0.000000,prec=f32,type_K=f32,type_V=f32,permute=[0,2,1,3]): [1;32mOK[0m
  FLASH_ATTN_EXT(hsk=64,hsv=64,nh=4,nr23=[1,1],kv=512,nb=1,mask=1,sinks=0,max_bias=0.000000,logit_softcap=0.000000,prec=f32,type_K=f16,type_V=f16,permute=[0,1,2,3]): [1;32mOK[0m
  FLASH_ATTN_EXT(hsk=64,hsv=64,nh=4,nr23=[1,1],kv=512,nb=1,mask=1,sinks=0,max_bias=0.000000,logit_softcap=0.000000,prec=f32,type_K=f16,type_V=f16,permute=[0,2,1,3]): [1;32mOK[0m
  FLASH_ATTN_EXT(hsk=64,hsv=64,nh=4,nr23=[1,1],kv=512,nb=1,mask=1,sinks=0,max_bias=0.000000,logit_softcap=0.000000,prec=f32,type_K=bf16,type_V=bf16,permute=[0,1,2,3]): [1;32mOK[0m
  FLASH_ATTN_EXT(hsk=64,hsv=64,nh=4,nr23=[1,1],kv=512,nb=1,mask=1,sinks=0,max_bias=0.000000,logit_softcap=0.000000,prec=f32,type_K=bf16,type_V=bf16,permute=[0,2,1,3]): [1;32mOK[0m
  FLASH_ATTN_EXT(hsk=64,hsv=64,nh=4,nr23=[1,1],kv=512,nb=1,mask=1,sinks=0,max_bias=0.000000,logit_softcap=0.000000,prec=f32,type_K=q8_0,type_V=q8_0,permute=[0,1,2,3]): [1;32mOK[0m
  FLASH_ATTN_EXT(hsk=64,hsv=64,nh=4,nr23=[1,1],kv=512,nb=1,mask=1,sinks=0,max_bias=0.000000,logit_softcap=0.000000,prec=f32,type_K=q8_0,type_V=q8_0,permute=[0,2,1,3]): [1;32mOK[0m
  FLASH_ATTN_EXT(hsk=64,hsv=64,nh=4,nr23=[1,1],kv=512,nb=1,mask=1,sinks=0,max_bias=0.000000,logit_softcap=0.000000,prec=f32,type_K=q5_1,type_V=q5_1,permute=[0,1,2,3]): not supported [ROCm0] 
  FLASH_ATTN_EXT(hsk=64,hsv=64,nh=4,nr23=[1,1],kv=512,nb=1,mask=1,sinks=0,max_bias=0.000000,logit_softcap=0.000000,prec=f32,type_K=q5_1,type_V=q5_1,permute=[0,2,1,3]): not supported [ROCm0] 
  FLASH_ATTN_EXT(hsk=64,hsv=64,nh=4,nr23=[1,1],kv=512,nb=1,mask=1,sinks=0,max_bias=0.000000,logit_softcap=0.000000,prec=f32,type_K=q5_0,type_V=q5_0,permute=[0,1,2,3]): not supported [ROCm0] 
  FLASH_ATTN_EXT(hsk=64,hsv=64,nh=4,nr23=[1,1],kv=512,nb=1,mask=1,sinks=0,max_bias=0.000000,logit_softcap=0.000000,prec=f32,type_K=q5_0,type_V=q5_0,permute=[0,2,1,3]): not supported [ROCm0] 
  FLASH_ATTN_EXT(hsk=64,hsv=64,nh=4,nr23=[1,1],kv=512,nb=1,mask=1,sinks=0,max_bias=0.000000,logit_softcap=0.000000,prec=f32,type_K=q4_1,type_V=q4_1,permute=[0,1,2,3]): not supported [ROCm0] 
  FLASH_ATTN_EXT(hsk=64,hsv=64,nh=4,nr23=[1,1],kv=512,nb=1,mask=1,sinks=0,max_bias=0.000000,logit_softcap=0.000000,prec=f32,type_K=q4_1,type_V=q4_1,permute=[0,2,1,3]): not supported [ROCm0] 
  FLASH_ATTN_EXT(hsk=64,hsv=64,nh=4,nr23=[1,1],kv=512,nb=1,mask=1,sinks=0,max_bias=0.000000,logit_softcap=0.000000,prec=f32,type_K=q4_0,type_V=q4_0,permute=[0,1,2,3]): [1;32mOK[0m
  FLASH_ATTN_EXT(hsk=64,hsv=64,nh=4,nr23=[1,1],kv=512,nb=1,mask=1,sinks=0,max_bias=0.000000,logit_softcap=0.000000,prec=f32,type_K=q4_0,type_V=q4_0,permute=[0,2,1,3]): [1;32mOK[0m
  FLASH_ATTN_EXT(hsk=64,hsv=64,nh=4,nr23=[1,1],kv=512,nb=1,mask=1,sinks=0,max_bias=0.000000,logit_softcap=0.000000,prec=f32,type_K=iq4_nl,type_V=iq4_nl,permute=[0,1,2,3]): not supported [ROCm0] 
  FLASH_ATTN_EXT(hsk=64,hsv=64,nh=4,nr23=[1,1],kv=512,nb=1,mask=1,sinks=0,max_bias=0.000000,logit_softcap=0.000000,prec=f32,type_K=iq4_nl,type_V=iq4_nl,permute=[0,2,1,3]): not supported [ROCm0] 
  FLASH_ATTN_EXT(hsk=64,hsv=64,nh=4,nr23=[1,1],kv=512,nb=3,mask=1,sinks=0,max_bias=0.000000,logit_softcap=0.000000,prec=f32,type_K=f32,type_V=f32,permute=[0,1,2,3]): [1;32mOK[0m
  FLASH_ATTN_EXT(hsk=64,hsv=64,nh=4,nr23=[1,1],kv=512,nb=3,mask=1,sinks=0,max_bias=0.000000,logit_softcap=0.000000,prec=f32,type_K=f32,type_V=f32,permute=[0,2,1,3]): [1;32mOK[0m
  FLASH_ATTN_EXT(hsk=64,hsv=64,nh=4,nr23=[1,1],kv=512,nb=3,mask=1,sinks=0,max_bias=0.000000,logit_softcap=0.000000,prec=f32,type_K=f16,type_V=f16,permute=[0,1,2,3]): [1;32mOK[0m
  FLASH_ATTN_EXT(hsk=64,hsv=64,nh=4,nr23=[1,1],kv=512,nb=3,mask=1,sinks=0,max_bias=0.000000,logit_softcap=0.000000,prec=f32,type_K=f16,type_V=f16,permute=[0,2,1,3]): [1;32mOK[0m
  FLASH_ATTN_EXT(hsk=64,hsv=64,nh=4,nr23=[1,1],kv=512,nb=3,mask=1,sinks=0,max_bias=0.000000,logit_softcap=0.000000,prec=f32,type_K=bf16,type_V=bf16,permute=[0,1,2,3]): [1;32mOK[0m
  FLASH_ATTN_EXT(hsk=64,hsv=64,nh=4,nr23=[1,1],kv=512,nb=3,mask=1,sinks=0,max_bias=0.000000,logit_softcap=0.000000,prec=f32,type_K=bf16,type_V=bf16,permute=[0,2,1,3]): [1;32mOK[0m
  FLASH_ATTN_EXT(hsk=64,hsv=64,nh=4,nr23=[1,1],kv=512,nb=3,mask=1,sinks=0,max_bias=0.000000,logit_softcap=0.000000,prec=f32,type_K=q8_0,type_V=q8_0,permute=[0,1,2,3]): [1;32mOK[0m
  FLASH_ATTN_EXT(hsk=64,hsv=64,nh=4,nr23=[1,1],kv=512,nb=3,mask=1,sinks=0,max_bias=0.000000,logit_softcap=0.000000,prec=f32,type_K=q8_0,type_V=q8_0,permute=[0,2,1,3]): [1;32mOK[0m
  FLASH_ATTN_EXT(hsk=64,hsv=64,nh=4,nr23=[1,1],kv=512,nb=3,mask=1,sinks=0,max_bias=0.000000,logit_softcap=0.000000,prec=f32,type_K=q5_1,type_V=q5_1,permute=[0,1,2,3]): not supported [ROCm0] 
  FLASH_ATTN_EXT(hsk=64,hsv=64,nh=4,nr23=[1,1],kv=512,nb=3,mask=1,sinks=0,max_bias=0.000000,logit_softcap=0.000000,prec=f32,type_K=q5_1,type_V=q5_1,permute=[0,2,1,3]): not supported [ROCm0] 
  FLASH_ATTN_EXT(hsk=64,hsv=64,nh=4,nr23=[1,1],kv=512,nb=3,mask=1,sinks=0,max_bias=0.000000,logit_softcap=0.000000,prec=f32,type_K=q5_0,type_V=q5_0,permute=[0,1,2,3]): not supported [ROCm0] 
  FLASH_ATTN_EXT(hsk=64,hsv=64,nh=4,nr23=[1,1],kv=512,nb=3,mask=1,sinks=0,max_bias=0.000000,logit_softcap=0.000000,prec=f32,type_K=q5_0,type_V=q5_0,permute=[0,2,1,3]): not supported [ROCm0] 
  FLASH_ATTN_EXT(hsk=64,hsv=64,nh=4,nr23=[1,1],kv=512,nb=3,mask=1,sinks=0,max_bias=0.000000,logit_softcap=0.000000,prec=f32,type_K=q4_1,type_V=q4_1,permute=[0,1,2,3]): not supported [ROCm0] 
  FLASH_ATTN_EXT(hsk=64,hsv=64,nh=4,nr23=[1,1],kv=512,nb=3,mask=1,sinks=0,max_bias=0.000000,logit_softcap=0.000000,prec=f32,type_K=q4_1,type_V=q4_1,permute=[0,2,1,3]): not supported [ROCm0] 
  FLASH_ATTN_EXT(hsk=64,hsv=64,nh=4,nr23=[1,1],kv=512,nb=3,mask=1,sinks=0,max_bias=0.000000,logit_softcap=0.000000,prec=f32,type_K=q4_0,type_V=q4_0,permute=[0,1,2,3]): [1;32mOK[0m
  FLASH_ATTN_EXT(hsk=64,hsv=64,nh=4,nr23=[1,1],kv=512,nb=3,mask=1,sinks=0,max_bias=0.000000,logit_softcap=0.000000,prec=f32,type_K=q4_0,type_V=q4_0,permute=[0,2,1,3]): [1;32mOK[0m
  FLASH_ATTN_EXT(hsk=64,hsv=64,nh=4,nr23=[1,1],kv=512,nb=3,mask=1,sinks=0,max_bias=0.000000,logit_softcap=0.000000,prec=f32,type_K=iq4_nl,type_V=iq4_nl,permute=[0,1,2,3]): not supported [ROCm0] 
  FLASH_ATTN_EXT(hsk=64,hsv=64,nh=4,nr23=[1,1],kv=512,nb=3,mask=1,sinks=0,max_bias=0.000000,logit_softcap=0.000000,prec=f32,type_K=iq4_nl,type_V=iq4_nl,permute=[0,2,1,3]): not supported [ROCm0] 
  FLASH_ATTN_EXT(hsk=64,hsv=64,nh=4,nr23=[1,1],kv=512,nb=32,mask=1,sinks=0,max_bias=0.000000,logit_softcap=0.000000,prec=f32,type_K=f32,type_V=f32,permute=[0,1,2,3]): [1;32mOK[0m
  FLASH_ATTN_EXT(hsk=64,hsv=64,nh=4,nr23=[1,1],kv=512,nb=32,mask=1,sinks=0,max_bias=0.000000,logit_softcap=0.000000,prec=f32,type_K=f32,type_V=f32,permute=[0,2,1,3]): [1;32mOK[0m
  FLASH_ATTN_EXT(hsk=64,hsv=64,nh=4,nr23=[1,1],kv=512,nb=32,mask=1,sinks=0,max_bias=0.000000,logit_softcap=0.000000,prec=f32,type_K=f16,type_V=f16,permute=[0,1,2,3]): [1;32mOK[0m
  FLASH_ATTN_EXT(hsk=64,hsv=64,nh=4,nr23=[1,1],kv=512,nb=32,mask=1,sinks=0,max_bias=0.000000,logit_softcap=0.000000,prec=f32,type_K=f16,type_V=f16,permute=[0,2,1,3]): ggml_backend_cuda_graph_compute: CUDA graph warmup complete
[1;32mOK[0m
  FLASH_ATTN_EXT(hsk=64,hsv=64,nh=4,nr23=[1,1],kv=512,nb=32,mask=1,sinks=0,max_bias=0.000000,logit_softcap=0.000000,prec=f32,type_K=bf16,type_V=bf16,permute=[0,1,2,3]): [1;32mOK[0m
  FLASH_ATTN_EXT(hsk=64,hsv=64,nh=4,nr23=[1,1],kv=512,nb=32,mask=1,sinks=0,max_bias=0.000000,logit_softcap=0.000000,prec=f32,type_K=bf16,type_V=bf16,permute=[0,2,1,3]): ggml_backend_cuda_graph_compute: CUDA graph warmup reset
[1;32mOK[0m
  FLASH_ATTN_EXT(hsk=64,hsv=64,nh=4,nr23=[1,1],kv=512,nb=32,mask=1,sinks=0,max_bias=0.000000,logit_softcap=0.000000,prec=f32,type_K=q8_0,type_V=q8_0,permute=[0,1,2,3]): [1;32mOK[0m
  FLASH_ATTN_EXT(hsk=64,hsv=64,nh=4,nr23=[1,1],kv=512,nb=32,mask=1,sinks=0,max_bias=0.000000,logit_softcap=0.000000,prec=f32,type_K=q8_0,type_V=q8_0,permute=[0,2,1,3]): [1;32mOK[0m
  FLASH_ATTN_EXT(hsk=64,hsv=64,nh=4,nr23=[1,1],kv=512,nb=32,mask=1,sinks=0,max_bias=0.000000,logit_softcap=0.000000,prec=f32,type_K=q5_1,type_V=q5_1,permute=[0,1,2,3]): not supported [ROCm0] 
  FLASH_ATTN_EXT(hsk=64,hsv=64,nh=4,nr23=[1,1],kv=512,nb=32,mask=1,sinks=0,max_bias=0.000000,logit_softcap=0.000000,prec=f32,type_K=q5_1,type_V=q5_1,permute=[0,2,1,3]): not supported [ROCm0] 
  FLASH_ATTN_EXT(hsk=64,hsv=64,nh=4,nr23=[1,1],kv=512,nb=32,mask=1,sinks=0,max_bias=0.000000,logit_softcap=0.000000,prec=f32,type_K=q5_0,type_V=q5_0,permute=[0,1,2,3]): not supported [ROCm0] 
  FLASH_ATTN_EXT(hsk=64,hsv=64,nh=4,nr23=[1,1],kv=512,nb=32,mask=1,sinks=0,max_bias=0.000000,logit_softcap=0.000000,prec=f32,type_K=q5_0,type_V=q5_0,permute=[0,2,1,3]): not supported [ROCm0] 
  FLASH_ATTN_EXT(hsk=64,hsv=64,nh=4,nr23=[1,1],kv=512,nb=32,mask=1,sinks=0,max_bias=0.000000,logit_softcap=0.000000,prec=f32,type_K=q4_1,type_V=q4_1,permute=[0,1,2,3]): not supported [ROCm0] 
  FLASH_ATTN_EXT(hsk=64,hsv=64,nh=4,nr23=[1,1],kv=512,nb=32,mask=1,sinks=0,max_bias=0.000000,logit_softcap=0.000000,prec=f32,type_K=q4_1,type_V=q4_1,permute=[0,2,1,3]): not supported [ROCm0] 
  FLASH_ATTN_EXT(hsk=64,hsv=64,nh=4,nr23=[1,1],kv=512,nb=32,mask=1,sinks=0,max_bias=0.000000,logit_softcap=0.000000,prec=f32,type_K=q4_0,type_V=q4_0,permute=[0,1,2,3]): [1;32mOK[0m
  FLASH_ATTN_EXT(hsk=64,hsv=64,nh=4,nr23=[1,1],kv=512,nb=32,mask=1,sinks=0,max_bias=0.000000,logit_softcap=0.000000,prec=f32,type_K=q4_0,type_V=q4_0,permute=[0,2,1,3]): [1;32mOK[0m
  FLASH_ATTN_EXT(hsk=64,hsv=64,nh=4,nr23=[1,1],kv=512,nb=32,mask=1,sinks=0,max_bias=0.000000,logit_softcap=0.000000,prec=f32,type_K=iq4_nl,type_V=iq4_nl,permute=[0,1,2,3]): not supported [ROCm0] 
  FLASH_ATTN_EXT(hsk=64,hsv=64,nh=4,nr23=[1,1],kv=512,nb=32,mask=1,sinks=0,max_bias=0.000000,logit_softcap=0.000000,prec=f32,type_K=iq4_nl,type_V=iq4_nl,permute=[0,2,1,3]): not supported [ROCm0] 
  FLASH_ATTN_EXT(hsk=64,hsv=64,nh=4,nr23=[1,1],kv=512,nb=75,mask=1,sinks=0,max_bias=0.000000,logit_softcap=0.000000,prec=f32,type_K=f32,type_V=f32,permute=[0,1,2,3]): [1;32mOK[0m
  FLASH_ATTN_EXT(hsk=64,hsv=64,nh=4,nr23=[1,1],kv=512,nb=75,mask=1,sinks=0,max_bias=0.000000,logit_softcap=0.000000,prec=f32,type_K=f32,type_V=f32,permute=[0,2,1,3]): [1;32mOK[0m
  FLASH_ATTN_EXT(hsk=64,hsv=64,nh=4,nr23=[1,1],kv=512,nb=75,mask=1,sinks=0,max_bias=0.000000,logit_softcap=0.000000,prec=f32,type_K=f16,type_V=f16,permute=[0,1,2,3]): [1;32mOK[0m
  FLASH_ATTN_EXT(hsk=64,hsv=64,nh=4,nr23=[1,1],kv=512,nb=75,mask=1,sinks=0,max_bias=0.000000,logit_softcap=0.000000,prec=f32,type_K=f16,type_V=f16,permute=[0,2,1,3]): [1;32mOK[0m
  FLASH_ATTN_EXT(hsk=64,hsv=64,nh=4,nr23=[1,1],kv=512,nb=75,mask=1,sinks=0,max_bias=0.000000,logit_softcap=0.000000,prec=f32,type_K=bf16,type_V=bf16,permute=[0,1,2,3]): [1;32mOK[0m
  FLASH_ATTN_EXT(hsk=64,hsv=64,nh=4,nr23=[1,1],kv=512,nb=75,mask=1,sinks=0,max_bias=0.000000,logit_softcap=0.000000,prec=f32,type_K=bf16,type_V=bf16,permute=[0,2,1,3]): [1;32mOK[0m
  FLASH_ATTN_EXT(hsk=64,hsv=64,nh=4,nr23=[1,1],kv=512,nb=75,mask=1,sinks=0,max_bias=0.000000,logit_softcap=0.000000,prec=f32,type_K=q8_0,type_V=q8_0,permute=[0,1,2,3]): [1;32mOK[0m
  FLASH_ATTN_EXT(hsk=64,hsv=64,nh=4,nr23=[1,1],kv=512,nb=75,mask=1,sinks=0,max_bias=0.000000,logit_softcap=0.000000,prec=f32,type_K=q8_0,type_V=q8_0,permute=[0,2,1,3]): [1;32mOK[0m
  FLASH_ATTN_EXT(hsk=64,hsv=64,nh=4,nr23=[1,1],kv=512,nb=75,mask=1,sinks=0,max_bias=0.000000,logit_softcap=0.000000,prec=f32,type_K=q5_1,type_V=q5_1,permute=[0,1,2,3]): not supported [ROCm0] 
  FLASH_ATTN_EXT(hsk=64,hsv=64,nh=4,nr23=[1,1],kv=512,nb=75,mask=1,sinks=0,max_bias=0.000000,logit_softcap=0.000000,prec=f32,type_K=q5_1,type_V=q5_1,permute=[0,2,1,3]): not supported [ROCm0] 
  FLASH_ATTN_EXT(hsk=64,hsv=64,nh=4,nr23=[1,1],kv=512,nb=75,mask=1,sinks=0,max_bias=0.000000,logit_softcap=0.000000,prec=f32,type_K=q5_0,type_V=q5_0,permute=[0,1,2,3]): not supported [ROCm0] 
  FLASH_ATTN_EXT(hsk=64,hsv=64,nh=4,nr23=[1,1],kv=512,nb=75,mask=1,sinks=0,max_bias=0.000000,logit_softcap=0.000000,prec=f32,type_K=q5_0,type_V=q5_0,permute=[0,2,1,3]): not supported [ROCm0] 
  FLASH_ATTN_EXT(hsk=64,hsv=64,nh=4,nr23=[1,1],kv=512,nb=75,mask=1,sinks=0,max_bias=0.000000,logit_softcap=0.000000,prec=f32,type_K=q4_1,type_V=q4_1,permute=[0,1,2,3]): not supported [ROCm0] 
  FLASH_ATTN_EXT(hsk=64,hsv=64,nh=4,nr23=[1,1],kv=512,nb=75,mask=1,sinks=0,max_bias=0.000000,logit_softcap=0.000000,prec=f32,type_K=q4_1,type_V=q4_1,permute=[0,2,1,3]): not supported [ROCm0] 
  FLASH_ATTN_EXT(hsk=64,hsv=64,nh=4,nr23=[1,1],kv=512,nb=75,mask=1,sinks=0,max_bias=0.000000,logit_softcap=0.000000,prec=f32,type_K=q4_0,type_V=q4_0,permute=[0,1,2,3]): [1;32mOK[0m
  FLASH_ATTN_EXT(hsk=64,hsv=64,nh=4,nr23=[1,1],kv=512,nb=75,mask=1,sinks=0,max_bias=0.000000,logit_softcap=0.000000,prec=f32,type_K=q4_0,type_V=q4_0,permute=[0,2,1,3]): [1;32mOK[0m
  FLASH_ATTN_EXT(hsk=64,hsv=64,nh=4,nr23=[1,1],kv=512,nb=75,mask=1,sinks=0,max_bias=0.000000,logit_softcap=0.000000,prec=f32,type_K=iq4_nl,type_V=iq4_nl,permute=[0,1,2,3]): not supported [ROCm0] 
  FLASH_ATTN_EXT(hsk=64,hsv=64,nh=4,nr23=[1,1],kv=512,nb=75,mask=1,sinks=0,max_bias=0.000000,logit_softcap=0.000000,prec=f32,type_K=iq4_nl,type_V=iq4_nl,permute=[0,2,1,3]): not supported [ROCm0] 
  FLASH_ATTN_EXT(hsk=64,hsv=64,nh=4,nr23=[1,1],kv=1024,nb=1,mask=1,sinks=0,max_bias=0.000000,logit_softcap=0.000000,prec=f32,type_K=f32,type_V=f32,permute=[0,1,2,3]): [1;32mOK[0m
  FLASH_ATTN_EXT(hsk=64,hsv=64,nh=4,nr23=[1,1],kv=1024,nb=1,mask=1,sinks=0,max_bias=0.000000,logit_softcap=0.000000,prec=f32,type_K=f16,type_V=f16,permute=[0,1,2,3]): [1;32mOK[0m
  FLASH_ATTN_EXT(hsk=64,hsv=64,nh=4,nr23=[1,1],kv=1024,nb=1,mask=1,sinks=0,max_bias=0.000000,logit_softcap=0.000000,prec=f32,type_K=bf16,type_V=bf16,permute=[0,1,2,3]): [1;32mOK[0m
  FLASH_ATTN_EXT(hsk=64,hsv=64,nh=4,nr23=[1,1],kv=1024,nb=1,mask=1,sinks=0,max_bias=0.000000,logit_softcap=0.000000,prec=f32,type_K=q8_0,type_V=q8_0,permute=[0,1,2,3]): [1;32mOK[0m
  FLASH_ATTN_EXT(hsk=64,hsv=64,nh=4,nr23=[1,1],kv=1024,nb=1,mask=1,sinks=0,max_bias=0.000000,logit_softcap=0.000000,prec=f32,type_K=q5_1,type_V=q5_1,permute=[0,1,2,3]): not supported [ROCm0] 
  FLASH_ATTN_EXT(hsk=64,hsv=64,nh=4,nr23=[1,1],kv=1024,nb=1,mask=1,sinks=0,max_bias=0.000000,logit_softcap=0.000000,prec=f32,type_K=q5_0,type_V=q5_0,permute=[0,1,2,3]): not supported [ROCm0] 
  FLASH_ATTN_EXT(hsk=64,hsv=64,nh=4,nr23=[1,1],kv=1024,nb=1,mask=1,sinks=0,max_bias=0.000000,logit_softcap=0.000000,prec=f32,type_K=q4_1,type_V=q4_1,permute=[0,1,2,3]): not supported [ROCm0] 
  FLASH_ATTN_EXT(hsk=64,hsv=64,nh=4,nr23=[1,1],kv=1024,nb=1,mask=1,sinks=0,max_bias=0.000000,logit_softcap=0.000000,prec=f32,type_K=q4_0,type_V=q4_0,permute=[0,1,2,3]): [1;32mOK[0m
  FLASH_ATTN_EXT(hsk=64,hsv=64,nh=4,nr23=[1,1],kv=1024,nb=1,mask=1,sinks=0,max_bias=0.000000,logit_softcap=0.000000,prec=f32,type_K=iq4_nl,type_V=iq4_nl,permute=[0,1,2,3]): not supported [ROCm0] 
  FLASH_ATTN_EXT(hsk=64,hsv=64,nh=4,nr23=[1,1],kv=1024,nb=3,mask=1,sinks=0,max_bias=0.000000,logit_softcap=0.000000,prec=f32,type_K=f32,type_V=f32,permute=[0,1,2,3]): [1;32mOK[0m
  FLASH_ATTN_EXT(hsk=64,hsv=64,nh=4,nr23=[1,1],kv=1024,nb=3,mask=1,sinks=0,max_bias=0.000000,logit_softcap=0.000000,prec=f32,type_K=f16,type_V=f16,permute=[0,1,2,3]): [1;32mOK[0m
  FLASH_ATTN_EXT(hsk=64,hsv=64,nh=4,nr23=[1,1],kv=1024,nb=3,mask=1,sinks=0,max_bias=0.000000,logit_softcap=0.000000,prec=f32,type_K=bf16,type_V=bf16,permute=[0,1,2,3]): [1;32mOK[0m
  FLASH_ATTN_EXT(hsk=64,hsv=64,nh=4,nr23=[1,1],kv=1024,nb=3,mask=1,sinks=0,max_bias=0.000000,logit_softcap=0.000000,prec=f32,type_K=q8_0,type_V=q8_0,permute=[0,1,2,3]): [1;32mOK[0m
  FLASH_ATTN_EXT(hsk=64,hsv=64,nh=4,nr23=[1,1],kv=1024,nb=3,mask=1,sinks=0,max_bias=0.000000,logit_softcap=0.000000,prec=f32,type_K=q5_1,type_V=q5_1,permute=[0,1,2,3]): not supported [ROCm0] 
  FLASH_ATTN_EXT(hsk=64,hsv=64,nh=4,nr23=[1,1],kv=1024,nb=3,mask=1,sinks=0,max_bias=0.000000,logit_softcap=0.000000,prec=f32,type_K=q5_0,type_V=q5_0,permute=[0,1,2,3]): not supported [ROCm0] 
  FLASH_ATTN_EXT(hsk=64,hsv=64,nh=4,nr23=[1,1],kv=1024,nb=3,mask=1,sinks=0,max_bias=0.000000,logit_softcap=0.000000,prec=f32,type_K=q4_1,type_V=q4_1,permute=[0,1,2,3]): not supported [ROCm0] 
  FLASH_ATTN_EXT(hsk=64,hsv=64,nh=4,nr23=[1,1],kv=1024,nb=3,mask=1,sinks=0,max_bias=0.000000,logit_softcap=0.000000,prec=f32,type_K=q4_0,type_V=q4_0,permute=[0,1,2,3]): [1;32mOK[0m
  FLASH_ATTN_EXT(hsk=64,hsv=64,nh=4,nr23=[1,1],kv=1024,nb=3,mask=1,sinks=0,max_bias=0.000000,logit_softcap=0.000000,prec=f32,type_K=iq4_nl,type_V=iq4_nl,permute=[0,1,2,3]): not supported [ROCm0] 
  FLASH_ATTN_EXT(hsk=64,hsv=64,nh=4,nr23=[1,1],kv=1024,nb=32,mask=1,sinks=0,max_bias=0.000000,logit_softcap=0.000000,prec=f32,type_K=f32,type_V=f32,permute=[0,1,2,3]): [1;32mOK[0m
  FLASH_ATTN_EXT(hsk=64,hsv=64,nh=4,nr23=[1,1],kv=1024,nb=32,mask=1,sinks=0,max_bias=0.000000,logit_softcap=0.000000,prec=f32,type_K=f16,type_V=f16,permute=[0,1,2,3]): [1;32mOK[0m
  FLASH_ATTN_EXT(hsk=64,hsv=64,nh=4,nr23=[1,1],kv=1024,nb=32,mask=1,sinks=0,max_bias=0.000000,logit_softcap=0.000000,prec=f32,type_K=bf16,type_V=bf16,permute=[0,1,2,3]): [1;32mOK[0m
  FLASH_ATTN_EXT(hsk=64,hsv=64,nh=4,nr23=[1,1],kv=1024,nb=32,mask=1,sinks=0,max_bias=0.000000,logit_softcap=0.000000,prec=f32,type_K=q8_0,type_V=q8_0,permute=[0,1,2,3]): [1;32mOK[0m
  FLASH_ATTN_EXT(hsk=64,hsv=64,nh=4,nr23=[1,1],kv=1024,nb=32,mask=1,sinks=0,max_bias=0.000000,logit_softcap=0.000000,prec=f32,type_K=q5_1,type_V=q5_1,permute=[0,1,2,3]): not supported [ROCm0] 
  FLASH_ATTN_EXT(hsk=64,hsv=64,nh=4,nr23=[1,1],kv=1024,nb=32,mask=1,sinks=0,max_bias=0.000000,logit_softcap=0.000000,prec=f32,type_K=q5_0,type_V=q5_0,permute=[0,1,2,3]): not supported [ROCm0] 
  FLASH_ATTN_EXT(hsk=64,hsv=64,nh=4,nr23=[1,1],kv=1024,nb=32,mask=1,sinks=0,max_bias=0.000000,logit_softcap=0.000000,prec=f32,type_K=q4_1,type_V=q4_1,permute=[0,1,2,3]): not supported [ROCm0] 
  FLASH_ATTN_EXT(hsk=64,hsv=64,nh=4,nr23=[1,1],kv=1024,nb=32,mask=1,sinks=0,max_bias=0.000000,logit_softcap=0.000000,prec=f32,type_K=q4_0,type_V=q4_0,permute=[0,1,2,3]): [1;32mOK[0m
  FLASH_ATTN_EXT(hsk=64,hsv=64,nh=4,nr23=[1,1],kv=1024,nb=32,mask=1,sinks=0,max_bias=0.000000,logit_softcap=0.000000,prec=f32,type_K=iq4_nl,type_V=iq4_nl,permute=[0,1,2,3]): not supported [ROCm0] 
  FLASH_ATTN_EXT(hsk=64,hsv=64,nh=4,nr23=[1,1],kv=1024,nb=75,mask=1,sinks=0,max_bias=0.000000,logit_softcap=0.000000,prec=f32,type_K=f32,type_V=f32,permute=[0,1,2,3]): [1;32mOK[0m
  FLASH_ATTN_EXT(hsk=64,hsv=64,nh=4,nr23=[1,1],kv=1024,nb=75,mask=1,sinks=0,max_bias=0.000000,logit_softcap=0.000000,prec=f32,type_K=f16,type_V=f16,permute=[0,1,2,3]): [1;32mOK[0m
  FLASH_ATTN_EXT(hsk=64,hsv=64,nh=4,nr23=[1,1],kv=1024,nb=75,mask=1,sinks=0,max_bias=0.000000,logit_softcap=0.000000,prec=f32,type_K=bf16,type_V=bf16,permute=[0,1,2,3]): [1;32mOK[0m
  FLASH_ATTN_EXT(hsk=64,hsv=64,nh=4,nr23=[1,1],kv=1024,nb=75,mask=1,sinks=0,max_bias=0.000000,logit_softcap=0.000000,prec=f32,type_K=q8_0,type_V=q8_0,permute=[0,1,2,3]): [1;32mOK[0m
  FLASH_ATTN_EXT(hsk=64,hsv=64,nh=4,nr23=[1,1],kv=1024,nb=75,mask=1,sinks=0,max_bias=0.000000,logit_softcap=0.000000,prec=f32,type_K=q5_1,type_V=q5_1,permute=[0,1,2,3]): not supported [ROCm0] 
  FLASH_ATTN_EXT(hsk=64,hsv=64,nh=4,nr23=[1,1],kv=1024,nb=75,mask=1,sinks=0,max_bias=0.000000,logit_softcap=0.000000,prec=f32,type_K=q5_0,type_V=q5_0,permute=[0,1,2,3]): not supported [ROCm0] 
  FLASH_ATTN_EXT(hsk=64,hsv=64,nh=4,nr23=[1,1],kv=1024,nb=75,mask=1,sinks=0,max_bias=0.000000,logit_softcap=0.000000,prec=f32,type_K=q4_1,type_V=q4_1,permute=[0,1,2,3]): not supported [ROCm0] 
  FLASH_ATTN_EXT(hsk=64,hsv=64,nh=4,nr23=[1,1],kv=1024,nb=75,mask=1,sinks=0,max_bias=0.000000,logit_softcap=0.000000,prec=f32,type_K=q4_0,type_V=q4_0,permute=[0,1,2,3]): [1;32mOK[0m
  FLASH_ATTN_EXT(hsk=64,hsv=64,nh=4,nr23=[1,1],kv=1024,nb=75,mask=1,sinks=0,max_bias=0.000000,logit_softcap=0.000000,prec=f32,type_K=iq4_nl,type_V=iq4_nl,permute=[0,1,2,3]): not supported [ROCm0] 
  FLASH_ATTN_EXT(hsk=64,hsv=64,nh=4,nr23=[4,1],kv=512,nb=1,mask=1,sinks=0,max_bias=0.000000,logit_softcap=0.000000,prec=f32,type_K=f32,type_V=f32,permute=[0,1,2,3]): [1;32mOK[0m
  FLASH_ATTN_EXT(hsk=64,hsv=64,nh=4,nr23=[4,1],kv=512,nb=1,mask=1,sinks=0,max_bias=0.000000,logit_softcap=0.000000,prec=f32,type_K=f32,type_V=f32,permute=[0,2,1,3]): [1;32mOK[0m
  FLASH_ATTN_EXT(hsk=64,hsv=64,nh=4,nr23=[4,1],kv=512,nb=1,mask=1,sinks=0,max_bias=0.000000,logit_softcap=0.000000,prec=f32,type_K=f16,type_V=f16,permute=[0,1,2,3]): [1;32mOK[0m
  FLASH_ATTN_EXT(hsk=64,hsv=64,nh=4,nr23=[4,1],kv=512,nb=1,mask=1,sinks=0,max_bias=0.000000,logit_softcap=0.000000,prec=f32,type_K=f16,type_V=f16,permute=[0,2,1,3]): [1;32mOK[0m
  FLASH_ATTN_EXT(hsk=64,hsv=64,nh=4,nr23=[4,1],kv=512,nb=1,mask=1,sinks=0,max_bias=0.000000,logit_softcap=0.000000,prec=f32,type_K=bf16,type_V=bf16,permute=[0,1,2,3]): [1;32mOK[0m
  FLASH_ATTN_EXT(hsk=64,hsv=64,nh=4,nr23=[4,1],kv=512,nb=1,mask=1,sinks=0,max_bias=0.000000,logit_softcap=0.000000,prec=f32,type_K=bf16,type_V=bf16,permute=[0,2,1,3]): [1;32mOK[0m
  FLASH_ATTN_EXT(hsk=64,hsv=64,nh=4,nr23=[4,1],kv=512,nb=1,mask=1,sinks=0,max_bias=0.000000,logit_softcap=0.000000,prec=f32,type_K=q8_0,type_V=q8_0,permute=[0,1,2,3]): [1;32mOK[0m
  FLASH_ATTN_EXT(hsk=64,hsv=64,nh=4,nr23=[4,1],kv=512,nb=1,mask=1,sinks=0,max_bias=0.000000,logit_softcap=0.000000,prec=f32,type_K=q8_0,type_V=q8_0,permute=[0,2,1,3]): [1;32mOK[0m
  FLASH_ATTN_EXT(hsk=64,hsv=64,nh=4,nr23=[4,1],kv=512,nb=1,mask=1,sinks=0,max_bias=0.000000,logit_softcap=0.000000,prec=f32,type_K=q5_1,type_V=q5_1,permute=[0,1,2,3]): not supported [ROCm0] 
  FLASH_ATTN_EXT(hsk=64,hsv=64,nh=4,nr23=[4,1],kv=512,nb=1,mask=1,sinks=0,max_bias=0.000000,logit_softcap=0.000000,prec=f32,type_K=q5_1,type_V=q5_1,permute=[0,2,1,3]): not supported [ROCm0] 
  FLASH_ATTN_EXT(hsk=64,hsv=64,nh=4,nr23=[4,1],kv=512,nb=1,mask=1,sinks=0,max_bias=0.000000,logit_softcap=0.000000,prec=f32,type_K=q5_0,type_V=q5_0,permute=[0,1,2,3]): not supported [ROCm0] 
  FLASH_ATTN_EXT(hsk=64,hsv=64,nh=4,nr23=[4,1],kv=512,nb=1,mask=1,sinks=0,max_bias=0.000000,logit_softcap=0.000000,prec=f32,type_K=q5_0,type_V=q5_0,permute=[0,2,1,3]): not supported [ROCm0] 
  FLASH_ATTN_EXT(hsk=64,hsv=64,nh=4,nr23=[4,1],kv=512,nb=1,mask=1,sinks=0,max_bias=0.000000,logit_softcap=0.000000,prec=f32,type_K=q4_1,type_V=q4_1,permute=[0,1,2,3]): not supported [ROCm0] 
  FLASH_ATTN_EXT(hsk=64,hsv=64,nh=4,nr23=[4,1],kv=512,nb=1,mask=1,sinks=0,max_bias=0.000000,logit_softcap=0.000000,prec=f32,type_K=q4_1,type_V=q4_1,permute=[0,2,1,3]): not supported [ROCm0] 
  FLASH_ATTN_EXT(hsk=64,hsv=64,nh=4,nr23=[4,1],kv=512,nb=1,mask=1,sinks=0,max_bias=0.000000,logit_softcap=0.000000,prec=f32,type_K=q4_0,type_V=q4_0,permute=[0,1,2,3]): [1;32mOK[0m
  FLASH_ATTN_EXT(hsk=64,hsv=64,nh=4,nr23=[4,1],kv=512,nb=1,mask=1,sinks=0,max_bias=0.000000,logit_softcap=0.000000,prec=f32,type_K=q4_0,type_V=q4_0,permute=[0,2,1,3]): [1;32mOK[0m
  FLASH_ATTN_EXT(hsk=64,hsv=64,nh=4,nr23=[4,1],kv=512,nb=1,mask=1,sinks=0,max_bias=0.000000,logit_softcap=0.000000,prec=f32,type_K=iq4_nl,type_V=iq4_nl,permute=[0,1,2,3]): not supported [ROCm0] 
  FLASH_ATTN_EXT(hsk=64,hsv=64,nh=4,nr23=[4,1],kv=512,nb=1,mask=1,sinks=0,max_bias=0.000000,logit_softcap=0.000000,prec=f32,type_K=iq4_nl,type_V=iq4_nl,permute=[0,2,1,3]): not supported [ROCm0] 
  FLASH_ATTN_EXT(hsk=64,hsv=64,nh=4,nr23=[4,1],kv=512,nb=3,mask=1,sinks=0,max_bias=0.000000,logit_softcap=0.000000,prec=f32,type_K=f32,type_V=f32,permute=[0,1,2,3]): [1;32mOK[0m
  FLASH_ATTN_EXT(hsk=64,hsv=64,nh=4,nr23=[4,1],kv=512,nb=3,mask=1,sinks=0,max_bias=0.000000,logit_softcap=0.000000,prec=f32,type_K=f32,type_V=f32,permute=[0,2,1,3]): [1;32mOK[0m
  FLASH_ATTN_EXT(hsk=64,hsv=64,nh=4,nr23=[4,1],kv=512,nb=3,mask=1,sinks=0,max_bias=0.000000,logit_softcap=0.000000,prec=f32,type_K=f16,type_V=f16,permute=[0,1,2,3]): [1;32mOK[0m
  FLASH_ATTN_EXT(hsk=64,hsv=64,nh=4,nr23=[4,1],kv=512,nb=3,mask=1,sinks=0,max_bias=0.000000,logit_softcap=0.000000,prec=f32,type_K=f16,type_V=f16,permute=[0,2,1,3]): [1;32mOK[0m
  FLASH_ATTN_EXT(hsk=64,hsv=64,nh=4,nr23=[4,1],kv=512,nb=3,mask=1,sinks=0,max_bias=0.000000,logit_softcap=0.000000,prec=f32,type_K=bf16,type_V=bf16,permute=[0,1,2,3]): [1;32mOK[0m
  FLASH_ATTN_EXT(hsk=64,hsv=64,nh=4,nr23=[4,1],kv=512,nb=3,mask=1,sinks=0,max_bias=0.000000,logit_softcap=0.000000,prec=f32,type_K=bf16,type_V=bf16,permute=[0,2,1,3]): [1;32mOK[0m
  FLASH_ATTN_EXT(hsk=64,hsv=64,nh=4,nr23=[4,1],kv=512,nb=3,mask=1,sinks=0,max_bias=0.000000,logit_softcap=0.000000,prec=f32,type_K=q8_0,type_V=q8_0,permute=[0,1,2,3]): [1;32mOK[0m
  FLASH_ATTN_EXT(hsk=64,hsv=64,nh=4,nr23=[4,1],kv=512,nb=3,mask=1,sinks=0,max_bias=0.000000,logit_softcap=0.000000,prec=f32,type_K=q8_0,type_V=q8_0,permute=[0,2,1,3]): [1;32mOK[0m
  FLASH_ATTN_EXT(hsk=64,hsv=64,nh=4,nr23=[4,1],kv=512,nb=3,mask=1,sinks=0,max_bias=0.000000,logit_softcap=0.000000,prec=f32,type_K=q5_1,type_V=q5_1,permute=[0,1,2,3]): not supported [ROCm0] 
  FLASH_ATTN_EXT(hsk=64,hsv=64,nh=4,nr23=[4,1],kv=512,nb=3,mask=1,sinks=0,max_bias=0.000000,logit_softcap=0.000000,prec=f32,type_K=q5_1,type_V=q5_1,permute=[0,2,1,3]): not supported [ROCm0] 
  FLASH_ATTN_EXT(hsk=64,hsv=64,nh=4,nr23=[4,1],kv=512,nb=3,mask=1,sinks=0,max_bias=0.000000,logit_softcap=0.000000,prec=f32,type_K=q5_0,type_V=q5_0,permute=[0,1,2,3]): not supported [ROCm0] 
  FLASH_ATTN_EXT(hsk=64,hsv=64,nh=4,nr23=[4,1],kv=512,nb=3,mask=1,sinks=0,max_bias=0.000000,logit_softcap=0.000000,prec=f32,type_K=q5_0,type_V=q5_0,permute=[0,2,1,3]): not supported [ROCm0] 
  FLASH_ATTN_EXT(hsk=64,hsv=64,nh=4,nr23=[4,1],kv=512,nb=3,mask=1,sinks=0,max_bias=0.000000,logit_softcap=0.000000,prec=f32,type_K=q4_1,type_V=q4_1,permute=[0,1,2,3]): not supported [ROCm0] 
  FLASH_ATTN_EXT(hsk=64,hsv=64,nh=4,nr23=[4,1],kv=512,nb=3,mask=1,sinks=0,max_bias=0.000000,logit_softcap=0.000000,prec=f32,type_K=q4_1,type_V=q4_1,permute=[0,2,1,3]): not supported [ROCm0] 
  FLASH_ATTN_EXT(hsk=64,hsv=64,nh=4,nr23=[4,1],kv=512,nb=3,mask=1,sinks=0,max_bias=0.000000,logit_softcap=0.000000,prec=f32,type_K=q4_0,type_V=q4_0,permute=[0,1,2,3]): [1;32mOK[0m
  FLASH_ATTN_EXT(hsk=64,hsv=64,nh=4,nr23=[4,1],kv=512,nb=3,mask=1,sinks=0,max_bias=0.000000,logit_softcap=0.000000,prec=f32,type_K=q4_0,type_V=q4_0,permute=[0,2,1,3]): [1;32mOK[0m
  FLASH_ATTN_EXT(hsk=64,hsv=64,nh=4,nr23=[4,1],kv=512,nb=3,mask=1,sinks=0,max_bias=0.000000,logit_softcap=0.000000,prec=f32,type_K=iq4_nl,type_V=iq4_nl,permute=[0,1,2,3]): not supported [ROCm0] 
  FLASH_ATTN_EXT(hsk=64,hsv=64,nh=4,nr23=[4,1],kv=512,nb=3,mask=1,sinks=0,max_bias=0.000000,logit_softcap=0.000000,prec=f32,type_K=iq4_nl,type_V=iq4_nl,permute=[0,2,1,3]): not supported [ROCm0] 
  FLASH_ATTN_EXT(hsk=64,hsv=64,nh=4,nr23=[4,1],kv=512,nb=32,mask=1,sinks=0,max_bias=0.000000,logit_softcap=0.000000,prec=f32,type_K=f32,type_V=f32,permute=[0,1,2,3]): [1;32mOK[0m
  FLASH_ATTN_EXT(hsk=64,hsv=64,nh=4,nr23=[4,1],kv=512,nb=32,mask=1,sinks=0,max_bias=0.000000,logit_softcap=0.000000,prec=f32,type_K=f32,type_V=f32,permute=[0,2,1,3]): [1;32mOK[0m
  FLASH_ATTN_EXT(hsk=64,hsv=64,nh=4,nr23=[4,1],kv=512,nb=32,mask=1,sinks=0,max_bias=0.000000,logit_softcap=0.000000,prec=f32,type_K=f16,type_V=f16,permute=[0,1,2,3]): [1;32mOK[0m
  FLASH_ATTN_EXT(hsk=64,hsv=64,nh=4,nr23=[4,1],kv=512,nb=32,mask=1,sinks=0,max_bias=0.000000,logit_softcap=0.000000,prec=f32,type_K=f16,type_V=f16,permute=[0,2,1,3]): [1;32mOK[0m
  FLASH_ATTN_EXT(hsk=64,hsv=64,nh=4,nr23=[4,1],kv=512,nb=32,mask=1,sinks=0,max_bias=0.000000,logit_softcap=0.000000,prec=f32,type_K=bf16,type_V=bf16,permute=[0,1,2,3]): [1;32mOK[0m
  FLASH_ATTN_EXT(hsk=64,hsv=64,nh=4,nr23=[4,1],kv=512,nb=32,mask=1,sinks=0,max_bias=0.000000,logit_softcap=0.000000,prec=f32,type_K=bf16,type_V=bf16,permute=[0,2,1,3]): [1;32mOK[0m
  FLASH_ATTN_EXT(hsk=64,hsv=64,nh=4,nr23=[4,1],kv=512,nb=32,mask=1,sinks=0,max_bias=0.000000,logit_softcap=0.000000,prec=f32,type_K=q8_0,type_V=q8_0,permute=[0,1,2,3]): [1;32mOK[0m
  FLASH_ATTN_EXT(hsk=64,hsv=64,nh=4,nr23=[4,1],kv=512,nb=32,mask=1,sinks=0,max_bias=0.000000,logit_softcap=0.000000,prec=f32,type_K=q8_0,type_V=q8_0,permute=[0,2,1,3]): [1;32mOK[0m
  FLASH_ATTN_EXT(hsk=64,hsv=64,nh=4,nr23=[4,1],kv=512,nb=32,mask=1,sinks=0,max_bias=0.000000,logit_softcap=0.000000,prec=f32,type_K=q5_1,type_V=q5_1,permute=[0,1,2,3]): not supported [ROCm0] 
  FLASH_ATTN_EXT(hsk=64,hsv=64,nh=4,nr23=[4,1],kv=512,nb=32,mask=1,sinks=0,max_bias=0.000000,logit_softcap=0.000000,prec=f32,type_K=q5_1,type_V=q5_1,permute=[0,2,1,3]): not supported [ROCm0] 
  FLASH_ATTN_EXT(hsk=64,hsv=64,nh=4,nr23=[4,1],kv=512,nb=32,mask=1,sinks=0,max_bias=0.000000,logit_softcap=0.000000,prec=f32,type_K=q5_0,type_V=q5_0,permute=[0,1,2,3]): not supported [ROCm0] 
  FLASH_ATTN_EXT(hsk=64,hsv=64,nh=4,nr23=[4,1],kv=512,nb=32,mask=1,sinks=0,max_bias=0.000000,logit_softcap=0.000000,prec=f32,type_K=q5_0,type_V=q5_0,permute=[0,2,1,3]): not supported [ROCm0] 
  FLASH_ATTN_EXT(hsk=64,hsv=64,nh=4,nr23=[4,1],kv=512,nb=32,mask=1,sinks=0,max_bias=0.000000,logit_softcap=0.000000,prec=f32,type_K=q4_1,type_V=q4_1,permute=[0,1,2,3]): not supported [ROCm0] 
  FLASH_ATTN_EXT(hsk=64,hsv=64,nh=4,nr23=[4,1],kv=512,nb=32,mask=1,sinks=0,max_bias=0.000000,logit_softcap=0.000000,prec=f32,type_K=q4_1,type_V=q4_1,permute=[0,2,1,3]): not supported [ROCm0] 
  FLASH_ATTN_EXT(hsk=64,hsv=64,nh=4,nr23=[4,1],kv=512,nb=32,mask=1,sinks=0,max_bias=0.000000,logit_softcap=0.000000,prec=f32,type_K=q4_0,type_V=q4_0,permute=[0,1,2,3]): [1;32mOK[0m
  FLASH_ATTN_EXT(hsk=64,hsv=64,nh=4,nr23=[4,1],kv=512,nb=32,mask=1,sinks=0,max_bias=0.000000,logit_softcap=0.000000,prec=f32,type_K=q4_0,type_V=q4_0,permute=[0,2,1,3]): [1;32mOK[0m
  FLASH_ATTN_EXT(hsk=64,hsv=64,nh=4,nr23=[4,1],kv=512,nb=32,mask=1,sinks=0,max_bias=0.000000,logit_softcap=0.000000,prec=f32,type_K=iq4_nl,type_V=iq4_nl,permute=[0,1,2,3]): not supported [ROCm0] 
  FLASH_ATTN_EXT(hsk=64,hsv=64,nh=4,nr23=[4,1],kv=512,nb=32,mask=1,sinks=0,max_bias=0.000000,logit_softcap=0.000000,prec=f32,type_K=iq4_nl,type_V=iq4_nl,permute=[0,2,1,3]): not supported [ROCm0] 
  FLASH_ATTN_EXT(hsk=64,hsv=64,nh=4,nr23=[4,1],kv=512,nb=75,mask=1,sinks=0,max_bias=0.000000,logit_softcap=0.000000,prec=f32,type_K=f32,type_V=f32,permute=[0,1,2,3]): [1;32mOK[0m
  FLASH_ATTN_EXT(hsk=64,hsv=64,nh=4,nr23=[4,1],kv=512,nb=75,mask=1,sinks=0,max_bias=0.000000,logit_softcap=0.000000,prec=f32,type_K=f32,type_V=f32,permute=[0,2,1,3]): [1;32mOK[0m
  FLASH_ATTN_EXT(hsk=64,hsv=64,nh=4,nr23=[4,1],kv=512,nb=75,mask=1,sinks=0,max_bias=0.000000,logit_softcap=0.000000,prec=f32,type_K=f16,type_V=f16,permute=[0,1,2,3]): [1;32mOK[0m
  FLASH_ATTN_EXT(hsk=64,hsv=64,nh=4,nr23=[4,1],kv=512,nb=75,mask=1,sinks=0,max_bias=0.000000,logit_softcap=0.000000,prec=f32,type_K=f16,type_V=f16,permute=[0,2,1,3]): [1;32mOK[0m
  FLASH_ATTN_EXT(hsk=64,hsv=64,nh=4,nr23=[4,1],kv=512,nb=75,mask=1,sinks=0,max_bias=0.000000,logit_softcap=0.000000,prec=f32,type_K=bf16,type_V=bf16,permute=[0,1,2,3]): [1;32mOK[0m
  FLASH_ATTN_EXT(hsk=64,hsv=64,nh=4,nr23=[4,1],kv=512,nb=75,mask=1,sinks=0,max_bias=0.000000,logit_softcap=0.000000,prec=f32,type_K=bf16,type_V=bf16,permute=[0,2,1,3]): [1;32mOK[0m
  FLASH_ATTN_EXT(hsk=64,hsv=64,nh=4,nr23=[4,1],kv=512,nb=75,mask=1,sinks=0,max_bias=0.000000,logit_softcap=0.000000,prec=f32,type_K=q8_0,type_V=q8_0,permute=[0,1,2,3]): [1;32mOK[0m
  FLASH_ATTN_EXT(hsk=64,hsv=64,nh=4,nr23=[4,1],kv=512,nb=75,mask=1,sinks=0,max_bias=0.000000,logit_softcap=0.000000,prec=f32,type_K=q8_0,type_V=q8_0,permute=[0,2,1,3]): [1;32mOK[0m
  FLASH_ATTN_EXT(hsk=64,hsv=64,nh=4,nr23=[4,1],kv=512,nb=75,mask=1,sinks=0,max_bias=0.000000,logit_softcap=0.000000,prec=f32,type_K=q5_1,type_V=q5_1,permute=[0,1,2,3]): not supported [ROCm0] 
  FLASH_ATTN_EXT(hsk=64,hsv=64,nh=4,nr23=[4,1],kv=512,nb=75,mask=1,sinks=0,max_bias=0.000000,logit_softcap=0.000000,prec=f32,type_K=q5_1,type_V=q5_1,permute=[0,2,1,3]): not supported [ROCm0] 
  FLASH_ATTN_EXT(hsk=64,hsv=64,nh=4,nr23=[4,1],kv=512,nb=75,mask=1,sinks=0,max_bias=0.000000,logit_softcap=0.000000,prec=f32,type_K=q5_0,type_V=q5_0,permute=[0,1,2,3]): not supported [ROCm0] 
  FLASH_ATTN_EXT(hsk=64,hsv=64,nh=4,nr23=[4,1],kv=512,nb=75,mask=1,sinks=0,max_bias=0.000000,logit_softcap=0.000000,prec=f32,type_K=q5_0,type_V=q5_0,permute=[0,2,1,3]): not supported [ROCm0] 
  FLASH_ATTN_EXT(hsk=64,hsv=64,nh=4,nr23=[4,1],kv=512,nb=75,mask=1,sinks=0,max_bias=0.000000,logit_softcap=0.000000,prec=f32,type_K=q4_1,type_V=q4_1,permute=[0,1,2,3]): not supported [ROCm0] 
  FLASH_ATTN_EXT(hsk=64,hsv=64,nh=4,nr23=[4,1],kv=512,nb=75,mask=1,sinks=0,max_bias=0.000000,logit_softcap=0.000000,prec=f32,type_K=q4_1,type_V=q4_1,permute=[0,2,1,3]): not supported [ROCm0] 
  FLASH_ATTN_EXT(hsk=64,hsv=64,nh=4,nr23=[4,1],kv=512,nb=75,mask=1,sinks=0,max_bias=0.000000,logit_softcap=0.000000,prec=f32,type_K=q4_0,type_V=q4_0,permute=[0,1,2,3]): [1;32mOK[0m
  FLASH_ATTN_EXT(hsk=64,hsv=64,nh=4,nr23=[4,1],kv=512,nb=75,mask=1,sinks=0,max_bias=0.000000,logit_softcap=0.000000,prec=f32,type_K=q4_0,type_V=q4_0,permute=[0,2,1,3]): [1;32mOK[0m
  FLASH_ATTN_EXT(hsk=64,hsv=64,nh=4,nr23=[4,1],kv=512,nb=75,mask=1,sinks=0,max_bias=0.000000,logit_softcap=0.000000,prec=f32,type_K=iq4_nl,type_V=iq4_nl,permute=[0,1,2,3]): not supported [ROCm0] 
  FLASH_ATTN_EXT(hsk=64,hsv=64,nh=4,nr23=[4,1],kv=512,nb=75,mask=1,sinks=0,max_bias=0.000000,logit_softcap=0.000000,prec=f32,type_K=iq4_nl,type_V=iq4_nl,permute=[0,2,1,3]): not supported [ROCm0] 
  FLASH_ATTN_EXT(hsk=64,hsv=64,nh=4,nr23=[1,3],kv=113,nb=1,mask=1,sinks=0,max_bias=0.000000,logit_softcap=0.000000,prec=f32,type_K=f32,type_V=f32,permute=[0,1,2,3]): [1;32mOK[0m
  FLASH_ATTN_EXT(hsk=64,hsv=64,nh=4,nr23=[1,3],kv=113,nb=1,mask=1,sinks=0,max_bias=0.000000,logit_softcap=0.000000,prec=f32,type_K=f16,type_V=f16,permute=[0,1,2,3]): [1;32mOK[0m
  FLASH_ATTN_EXT(hsk=64,hsv=64,nh=4,nr23=[1,3],kv=113,nb=1,mask=1,sinks=0,max_bias=0.000000,logit_softcap=0.000000,prec=f32,type_K=bf16,type_V=bf16,permute=[0,1,2,3]): [1;32mOK[0m
  FLASH_ATTN_EXT(hsk=64,hsv=64,nh=4,nr23=[1,3],kv=113,nb=1,mask=1,sinks=0,max_bias=0.000000,logit_softcap=0.000000,prec=f32,type_K=q8_0,type_V=q8_0,permute=[0,1,2,3]): [1;32mOK[0m
  FLASH_ATTN_EXT(hsk=64,hsv=64,nh=4,nr23=[1,3],kv=113,nb=1,mask=1,sinks=0,max_bias=0.000000,logit_softcap=0.000000,prec=f32,type_K=q5_1,type_V=q5_1,permute=[0,1,2,3]): not supported [ROCm0] 
  FLASH_ATTN_EXT(hsk=64,hsv=64,nh=4,nr23=[1,3],kv=113,nb=1,mask=1,sinks=0,max_bias=0.000000,logit_softcap=0.000000,prec=f32,type_K=q5_0,type_V=q5_0,permute=[0,1,2,3]): not supported [ROCm0] 
  FLASH_ATTN_EXT(hsk=64,hsv=64,nh=4,nr23=[1,3],kv=113,nb=1,mask=1,sinks=0,max_bias=0.000000,logit_softcap=0.000000,prec=f32,type_K=q4_1,type_V=q4_1,permute=[0,1,2,3]): not supported [ROCm0] 
  FLASH_ATTN_EXT(hsk=64,hsv=64,nh=4,nr23=[1,3],kv=113,nb=1,mask=1,sinks=0,max_bias=0.000000,logit_softcap=0.000000,prec=f32,type_K=q4_0,type_V=q4_0,permute=[0,1,2,3]): [1;32mOK[0m
  FLASH_ATTN_EXT(hsk=64,hsv=64,nh=4,nr23=[1,3],kv=113,nb=1,mask=1,sinks=0,max_bias=0.000000,logit_softcap=0.000000,prec=f32,type_K=iq4_nl,type_V=iq4_nl,permute=[0,1,2,3]): not supported [ROCm0] 
  FLASH_ATTN_EXT(hsk=64,hsv=64,nh=4,nr23=[1,3],kv=113,nb=3,mask=1,sinks=0,max_bias=0.000000,logit_softcap=0.000000,prec=f32,type_K=f32,type_V=f32,permute=[0,1,2,3]): [1;32mOK[0m
  FLASH_ATTN_EXT(hsk=64,hsv=64,nh=4,nr23=[1,3],kv=113,nb=3,mask=1,sinks=0,max_bias=0.000000,logit_softcap=0.000000,prec=f32,type_K=f16,type_V=f16,permute=[0,1,2,3]): [1;32mOK[0m
  FLASH_ATTN_EXT(hsk=64,hsv=64,nh=4,nr23=[1,3],kv=113,nb=3,mask=1,sinks=0,max_bias=0.000000,logit_softcap=0.000000,prec=f32,type_K=bf16,type_V=bf16,permute=[0,1,2,3]): [1;32mOK[0m
  FLASH_ATTN_EXT(hsk=64,hsv=64,nh=4,nr23=[1,3],kv=113,nb=3,mask=1,sinks=0,max_bias=0.000000,logit_softcap=0.000000,prec=f32,type_K=q8_0,type_V=q8_0,permute=[0,1,2,3]): [1;32mOK[0m
  FLASH_ATTN_EXT(hsk=64,hsv=64,nh=4,nr23=[1,3],kv=113,nb=3,mask=1,sinks=0,max_bias=0.000000,logit_softcap=0.000000,prec=f32,type_K=q5_1,type_V=q5_1,permute=[0,1,2,3]): not supported [ROCm0] 
  FLASH_ATTN_EXT(hsk=64,hsv=64,nh=4,nr23=[1,3],kv=113,nb=3,mask=1,sinks=0,max_bias=0.000000,logit_softcap=0.000000,prec=f32,type_K=q5_0,type_V=q5_0,permute=[0,1,2,3]): not supported [ROCm0] 
  FLASH_ATTN_EXT(hsk=64,hsv=64,nh=4,nr23=[1,3],kv=113,nb=3,mask=1,sinks=0,max_bias=0.000000,logit_softcap=0.000000,prec=f32,type_K=q4_1,type_V=q4_1,permute=[0,1,2,3]): not supported [ROCm0] 
  FLASH_ATTN_EXT(hsk=64,hsv=64,nh=4,nr23=[1,3],kv=113,nb=3,mask=1,sinks=0,max_bias=0.000000,logit_softcap=0.000000,prec=f32,type_K=q4_0,type_V=q4_0,permute=[0,1,2,3]): [1;32mOK[0m
  FLASH_ATTN_EXT(hsk=64,hsv=64,nh=4,nr23=[1,3],kv=113,nb=3,mask=1,sinks=0,max_bias=0.000000,logit_softcap=0.000000,prec=f32,type_K=iq4_nl,type_V=iq4_nl,permute=[0,1,2,3]): not supported [ROCm0] 
  FLASH_ATTN_EXT(hsk=64,hsv=64,nh=4,nr23=[1,3],kv=113,nb=32,mask=1,sinks=0,max_bias=0.000000,logit_softcap=0.000000,prec=f32,type_K=f32,type_V=f32,permute=[0,1,2,3]): [1;32mOK[0m
  FLASH_ATTN_EXT(hsk=64,hsv=64,nh=4,nr23=[1,3],kv=113,nb=32,mask=1,sinks=0,max_bias=0.000000,logit_softcap=0.000000,prec=f32,type_K=f16,type_V=f16,permute=[0,1,2,3]): [1;32mOK[0m
  FLASH_ATTN_EXT(hsk=64,hsv=64,nh=4,nr23=[1,3],kv=113,nb=32,mask=1,sinks=0,max_bias=0.000000,logit_softcap=0.000000,prec=f32,type_K=bf16,type_V=bf16,permute=[0,1,2,3]): [1;32mOK[0m
  FLASH_ATTN_EXT(hsk=64,hsv=64,nh=4,nr23=[1,3],kv=113,nb=32,mask=1,sinks=0,max_bias=0.000000,logit_softcap=0.000000,prec=f32,type_K=q8_0,type_V=q8_0,permute=[0,1,2,3]): [1;32mOK[0m
  FLASH_ATTN_EXT(hsk=64,hsv=64,nh=4,nr23=[1,3],kv=113,nb=32,mask=1,sinks=0,max_bias=0.000000,logit_softcap=0.000000,prec=f32,type_K=q5_1,type_V=q5_1,permute=[0,1,2,3]): not supported [ROCm0] 
  FLASH_ATTN_EXT(hsk=64,hsv=64,nh=4,nr23=[1,3],kv=113,nb=32,mask=1,sinks=0,max_bias=0.000000,logit_softcap=0.000000,prec=f32,type_K=q5_0,type_V=q5_0,permute=[0,1,2,3]): not supported [ROCm0] 
  FLASH_ATTN_EXT(hsk=64,hsv=64,nh=4,nr23=[1,3],kv=113,nb=32,mask=1,sinks=0,max_bias=0.000000,logit_softcap=0.000000,prec=f32,type_K=q4_1,type_V=q4_1,permute=[0,1,2,3]): not supported [ROCm0] 
  FLASH_ATTN_EXT(hsk=64,hsv=64,nh=4,nr23=[1,3],kv=113,nb=32,mask=1,sinks=0,max_bias=0.000000,logit_softcap=0.000000,prec=f32,type_K=q4_0,type_V=q4_0,permute=[0,1,2,3]): [1;32mOK[0m
  FLASH_ATTN_EXT(hsk=64,hsv=64,nh=4,nr23=[1,3],kv=113,nb=32,mask=1,sinks=0,max_bias=0.000000,logit_softcap=0.000000,prec=f32,type_K=iq4_nl,type_V=iq4_nl,permute=[0,1,2,3]): not supported [ROCm0] 
  FLASH_ATTN_EXT(hsk=64,hsv=64,nh=4,nr23=[1,3],kv=113,nb=75,mask=1,sinks=0,max_bias=0.000000,logit_softcap=0.000000,prec=f32,type_K=f32,type_V=f32,permute=[0,1,2,3]): [1;32mOK[0m
  FLASH_ATTN_EXT(hsk=64,hsv=64,nh=4,nr23=[1,3],kv=113,nb=75,mask=1,sinks=0,max_bias=0.000000,logit_softcap=0.000000,prec=f32,type_K=f16,type_V=f16,permute=[0,1,2,3]): [1;32mOK[0m
  FLASH_ATTN_EXT(hsk=64,hsv=64,nh=4,nr23=[1,3],kv=113,nb=75,mask=1,sinks=0,max_bias=0.000000,logit_softcap=0.000000,prec=f32,type_K=bf16,type_V=bf16,permute=[0,1,2,3]): [1;32mOK[0m
  FLASH_ATTN_EXT(hsk=64,hsv=64,nh=4,nr23=[1,3],kv=113,nb=75,mask=1,sinks=0,max_bias=0.000000,logit_softcap=0.000000,prec=f32,type_K=q8_0,type_V=q8_0,permute=[0,1,2,3]): [1;32mOK[0m
  FLASH_ATTN_EXT(hsk=64,hsv=64,nh=4,nr23=[1,3],kv=113,nb=75,mask=1,sinks=0,max_bias=0.000000,logit_softcap=0.000000,prec=f32,type_K=q5_1,type_V=q5_1,permute=[0,1,2,3]): not supported [ROCm0] 
  FLASH_ATTN_EXT(hsk=64,hsv=64,nh=4,nr23=[1,3],kv=113,nb=75,mask=1,sinks=0,max_bias=0.000000,logit_softcap=0.000000,prec=f32,type_K=q5_0,type_V=q5_0,permute=[0,1,2,3]): not supported [ROCm0] 
  FLASH_ATTN_EXT(hsk=64,hsv=64,nh=4,nr23=[1,3],kv=113,nb=75,mask=1,sinks=0,max_bias=0.000000,logit_softcap=0.000000,prec=f32,type_K=q4_1,type_V=q4_1,permute=[0,1,2,3]): not supported [ROCm0] 
  FLASH_ATTN_EXT(hsk=64,hsv=64,nh=4,nr23=[1,3],kv=113,nb=75,mask=1,sinks=0,max_bias=0.000000,logit_softcap=0.000000,prec=f32,type_K=q4_0,type_V=q4_0,permute=[0,1,2,3]): [1;32mOK[0m
  FLASH_ATTN_EXT(hsk=64,hsv=64,nh=4,nr23=[1,3],kv=113,nb=75,mask=1,sinks=0,max_bias=0.000000,logit_softcap=0.000000,prec=f32,type_K=iq4_nl,type_V=iq4_nl,permute=[0,1,2,3]): not supported [ROCm0] 
  FLASH_ATTN_EXT(hsk=64,hsv=64,nh=4,nr23=[1,3],kv=512,nb=1,mask=1,sinks=0,max_bias=0.000000,logit_softcap=0.000000,prec=f32,type_K=f32,type_V=f32,permute=[0,1,2,3]): [1;32mOK[0m
  FLASH_ATTN_EXT(hsk=64,hsv=64,nh=4,nr23=[1,3],kv=512,nb=1,mask=1,sinks=0,max_bias=0.000000,logit_softcap=0.000000,prec=f32,type_K=f32,type_V=f32,permute=[0,2,1,3]): [1;32mOK[0m
  FLASH_ATTN_EXT(hsk=64,hsv=64,nh=4,nr23=[1,3],kv=512,nb=1,mask=1,sinks=0,max_bias=0.000000,logit_softcap=0.000000,prec=f32,type_K=f16,type_V=f16,permute=[0,1,2,3]): [1;32mOK[0m
  FLASH_ATTN_EXT(hsk=64,hsv=64,nh=4,nr23=[1,3],kv=512,nb=1,mask=1,sinks=0,max_bias=0.000000,logit_softcap=0.000000,prec=f32,type_K=f16,type_V=f16,permute=[0,2,1,3]): ggml_backend_cuda_graph_compute: CUDA graph warmup complete
ggml_backend_cuda_graph_compute: CUDA graph warmup complete
[1;32mOK[0m
  FLASH_ATTN_EXT(hsk=64,hsv=64,nh=4,nr23=[1,3],kv=512,nb=1,mask=1,sinks=0,max_bias=0.000000,logit_softcap=0.000000,prec=f32,type_K=bf16,type_V=bf16,permute=[0,1,2,3]): [1;32mOK[0m
  FLASH_ATTN_EXT(hsk=64,hsv=64,nh=4,nr23=[1,3],kv=512,nb=1,mask=1,sinks=0,max_bias=0.000000,logit_softcap=0.000000,prec=f32,type_K=bf16,type_V=bf16,permute=[0,2,1,3]): ggml_backend_cuda_graph_compute: CUDA graph warmup reset
ggml_backend_cuda_graph_compute: CUDA graph warmup reset
[1;32mOK[0m
  FLASH_ATTN_EXT(hsk=64,hsv=64,nh=4,nr23=[1,3],kv=512,nb=1,mask=1,sinks=0,max_bias=0.000000,logit_softcap=0.000000,prec=f32,type_K=q8_0,type_V=q8_0,permute=[0,1,2,3]): ggml_backend_cuda_graph_compute: CUDA graph warmup complete
ggml_backend_cuda_graph_compute: CUDA graph warmup complete
[1;32mOK[0m
  FLASH_ATTN_EXT(hsk=64,hsv=64,nh=4,nr23=[1,3],kv=512,nb=1,mask=1,sinks=0,max_bias=0.000000,logit_softcap=0.000000,prec=f32,type_K=q8_0,type_V=q8_0,permute=[0,2,1,3]): [1;32mOK[0m
  FLASH_ATTN_EXT(hsk=64,hsv=64,nh=4,nr23=[1,3],kv=512,nb=1,mask=1,sinks=0,max_bias=0.000000,logit_softcap=0.000000,prec=f32,type_K=q5_1,type_V=q5_1,permute=[0,1,2,3]): not supported [ROCm0] 
  FLASH_ATTN_EXT(hsk=64,hsv=64,nh=4,nr23=[1,3],kv=512,nb=1,mask=1,sinks=0,max_bias=0.000000,logit_softcap=0.000000,prec=f32,type_K=q5_1,type_V=q5_1,permute=[0,2,1,3]): not supported [ROCm0] 
  FLASH_ATTN_EXT(hsk=64,hsv=64,nh=4,nr23=[1,3],kv=512,nb=1,mask=1,sinks=0,max_bias=0.000000,logit_softcap=0.000000,prec=f32,type_K=q5_0,type_V=q5_0,permute=[0,1,2,3]): not supported [ROCm0] 
  FLASH_ATTN_EXT(hsk=64,hsv=64,nh=4,nr23=[1,3],kv=512,nb=1,mask=1,sinks=0,max_bias=0.000000,logit_softcap=0.000000,prec=f32,type_K=q5_0,type_V=q5_0,permute=[0,2,1,3]): not supported [ROCm0] 
  FLASH_ATTN_EXT(hsk=64,hsv=64,nh=4,nr23=[1,3],kv=512,nb=1,mask=1,sinks=0,max_bias=0.000000,logit_softcap=0.000000,prec=f32,type_K=q4_1,type_V=q4_1,permute=[0,1,2,3]): not supported [ROCm0] 
  FLASH_ATTN_EXT(hsk=64,hsv=64,nh=4,nr23=[1,3],kv=512,nb=1,mask=1,sinks=0,max_bias=0.000000,logit_softcap=0.000000,prec=f32,type_K=q4_1,type_V=q4_1,permute=[0,2,1,3]): ggml_backend_cuda_graph_compute: CUDA graph warmup reset
ggml_backend_cuda_graph_compute: CUDA graph warmup reset
not supported [ROCm0] 
  FLASH_ATTN_EXT(hsk=64,hsv=64,nh=4,nr23=[1,3],kv=512,nb=1,mask=1,sinks=0,max_bias=0.000000,logit_softcap=0.000000,prec=f32,type_K=q4_0,type_V=q4_0,permute=[0,1,2,3]): [1;32mOK[0m
  FLASH_ATTN_EXT(hsk=64,hsv=64,nh=4,nr23=[1,3],kv=512,nb=1,mask=1,sinks=0,max_bias=0.000000,logit_softcap=0.000000,prec=f32,type_K=q4_0,type_V=q4_0,permute=[0,2,1,3]): [1;32mOK[0m
  FLASH_ATTN_EXT(hsk=64,hsv=64,nh=4,nr23=[1,3],kv=512,nb=1,mask=1,sinks=0,max_bias=0.000000,logit_softcap=0.000000,prec=f32,type_K=iq4_nl,type_V=iq4_nl,permute=[0,1,2,3]): not supported [ROCm0] 
  FLASH_ATTN_EXT(hsk=64,hsv=64,nh=4,nr23=[1,3],kv=512,nb=1,mask=1,sinks=0,max_bias=0.000000,logit_softcap=0.000000,prec=f32,type_K=iq4_nl,type_V=iq4_nl,permute=[0,2,1,3]): not supported [ROCm0] 
  FLASH_ATTN_EXT(hsk=64,hsv=64,nh=4,nr23=[1,3],kv=512,nb=3,mask=1,sinks=0,max_bias=0.000000,logit_softcap=0.000000,prec=f32,type_K=f32,type_V=f32,permute=[0,1,2,3]): [1;32mOK[0m
  FLASH_ATTN_EXT(hsk=64,hsv=64,nh=4,nr23=[1,3],kv=512,nb=3,mask=1,sinks=0,max_bias=0.000000,logit_softcap=0.000000,prec=f32,type_K=f32,type_V=f32,permute=[0,2,1,3]): [1;32mOK[0m
  FLASH_ATTN_EXT(hsk=64,hsv=64,nh=4,nr23=[1,3],kv=512,nb=3,mask=1,sinks=0,max_bias=0.000000,logit_softcap=0.000000,prec=f32,type_K=f16,type_V=f16,permute=[0,1,2,3]): [1;32mOK[0m
  FLASH_ATTN_EXT(hsk=64,hsv=64,nh=4,nr23=[1,3],kv=512,nb=3,mask=1,sinks=0,max_bias=0.000000,logit_softcap=0.000000,prec=f32,type_K=f16,type_V=f16,permute=[0,2,1,3]): [1;32mOK[0m
  FLASH_ATTN_EXT(hsk=64,hsv=64,nh=4,nr23=[1,3],kv=512,nb=3,mask=1,sinks=0,max_bias=0.000000,logit_softcap=0.000000,prec=f32,type_K=bf16,type_V=bf16,permute=[0,1,2,3]): [1;32mOK[0m
  FLASH_ATTN_EXT(hsk=64,hsv=64,nh=4,nr23=[1,3],kv=512,nb=3,mask=1,sinks=0,max_bias=0.000000,logit_softcap=0.000000,prec=f32,type_K=bf16,type_V=bf16,permute=[0,2,1,3]): [1;32mOK[0m
  FLASH_ATTN_EXT(hsk=64,hsv=64,nh=4,nr23=[1,3],kv=512,nb=3,mask=1,sinks=0,max_bias=0.000000,logit_softcap=0.000000,prec=f32,type_K=q8_0,type_V=q8_0,permute=[0,1,2,3]): [1;32mOK[0m
  FLASH_ATTN_EXT(hsk=64,hsv=64,nh=4,nr23=[1,3],kv=512,nb=3,mask=1,sinks=0,max_bias=0.000000,logit_softcap=0.000000,prec=f32,type_K=q8_0,type_V=q8_0,permute=[0,2,1,3]): [1;32mOK[0m
  FLASH_ATTN_EXT(hsk=64,hsv=64,nh=4,nr23=[1,3],kv=512,nb=3,mask=1,sinks=0,max_bias=0.000000,logit_softcap=0.000000,prec=f32,type_K=q5_1,type_V=q5_1,permute=[0,1,2,3]): not supported [ROCm0] 
  FLASH_ATTN_EXT(hsk=64,hsv=64,nh=4,nr23=[1,3],kv=512,nb=3,mask=1,sinks=0,max_bias=0.000000,logit_softcap=0.000000,prec=f32,type_K=q5_1,type_V=q5_1,permute=[0,2,1,3]): not supported [ROCm0] 
  FLASH_ATTN_EXT(hsk=64,hsv=64,nh=4,nr23=[1,3],kv=512,nb=3,mask=1,sinks=0,max_bias=0.000000,logit_softcap=0.000000,prec=f32,type_K=q5_0,type_V=q5_0,permute=[0,1,2,3]): not supported [ROCm0] 
  FLASH_ATTN_EXT(hsk=64,hsv=64,nh=4,nr23=[1,3],kv=512,nb=3,mask=1,sinks=0,max_bias=0.000000,logit_softcap=0.000000,prec=f32,type_K=q5_0,type_V=q5_0,permute=[0,2,1,3]): not supported [ROCm0] 
  FLASH_ATTN_EXT(hsk=64,hsv=64,nh=4,nr23=[1,3],kv=512,nb=3,mask=1,sinks=0,max_bias=0.000000,logit_softcap=0.000000,prec=f32,type_K=q4_1,type_V=q4_1,permute=[0,1,2,3]): not supported [ROCm0] 
  FLASH_ATTN_EXT(hsk=64,hsv=64,nh=4,nr23=[1,3],kv=512,nb=3,mask=1,sinks=0,max_bias=0.000000,logit_softcap=0.000000,prec=f32,type_K=q4_1,type_V=q4_1,permute=[0,2,1,3]): not supported [ROCm0] 
  FLASH_ATTN_EXT(hsk=64,hsv=64,nh=4,nr23=[1,3],kv=512,nb=3,mask=1,sinks=0,max_bias=0.000000,logit_softcap=0.000000,prec=f32,type_K=q4_0,type_V=q4_0,permute=[0,1,2,3]): [1;32mOK[0m
  FLASH_ATTN_EXT(hsk=64,hsv=64,nh=4,nr23=[1,3],kv=512,nb=3,mask=1,sinks=0,max_bias=0.000000,logit_softcap=0.000000,prec=f32,type_K=q4_0,type_V=q4_0,permute=[0,2,1,3]): [1;32mOK[0m
  FLASH_ATTN_EXT(hsk=64,hsv=64,nh=4,nr23=[1,3],kv=512,nb=3,mask=1,sinks=0,max_bias=0.000000,logit_softcap=0.000000,prec=f32,type_K=iq4_nl,type_V=iq4_nl,permute=[0,1,2,3]): not supported [ROCm0] 
  FLASH_ATTN_EXT(hsk=64,hsv=64,nh=4,nr23=[1,3],kv=512,nb=3,mask=1,sinks=0,max_bias=0.000000,logit_softcap=0.000000,prec=f32,type_K=iq4_nl,type_V=iq4_nl,permute=[0,2,1,3]): not supported [ROCm0] 
  FLASH_ATTN_EXT(hsk=64,hsv=64,nh=4,nr23=[1,3],kv=512,nb=32,mask=1,sinks=0,max_bias=0.000000,logit_softcap=0.000000,prec=f32,type_K=f32,type_V=f32,permute=[0,1,2,3]): [1;32mOK[0m
  FLASH_ATTN_EXT(hsk=64,hsv=64,nh=4,nr23=[1,3],kv=512,nb=32,mask=1,sinks=0,max_bias=0.000000,logit_softcap=0.000000,prec=f32,type_K=f32,type_V=f32,permute=[0,2,1,3]): [1;32mOK[0m
  FLASH_ATTN_EXT(hsk=64,hsv=64,nh=4,nr23=[1,3],kv=512,nb=32,mask=1,sinks=0,max_bias=0.000000,logit_softcap=0.000000,prec=f32,type_K=f16,type_V=f16,permute=[0,1,2,3]): [1;32mOK[0m
  FLASH_ATTN_EXT(hsk=64,hsv=64,nh=4,nr23=[1,3],kv=512,nb=32,mask=1,sinks=0,max_bias=0.000000,logit_softcap=0.000000,prec=f32,type_K=f16,type_V=f16,permute=[0,2,1,3]): [1;32mOK[0m
  FLASH_ATTN_EXT(hsk=64,hsv=64,nh=4,nr23=[1,3],kv=512,nb=32,mask=1,sinks=0,max_bias=0.000000,logit_softcap=0.000000,prec=f32,type_K=bf16,type_V=bf16,permute=[0,1,2,3]): [1;32mOK[0m
  FLASH_ATTN_EXT(hsk=64,hsv=64,nh=4,nr23=[1,3],kv=512,nb=32,mask=1,sinks=0,max_bias=0.000000,logit_softcap=0.000000,prec=f32,type_K=bf16,type_V=bf16,permute=[0,2,1,3]): [1;32mOK[0m
  FLASH_ATTN_EXT(hsk=64,hsv=64,nh=4,nr23=[1,3],kv=512,nb=32,mask=1,sinks=0,max_bias=0.000000,logit_softcap=0.000000,prec=f32,type_K=q8_0,type_V=q8_0,permute=[0,1,2,3]): [1;32mOK[0m
  FLASH_ATTN_EXT(hsk=64,hsv=64,nh=4,nr23=[1,3],kv=512,nb=32,mask=1,sinks=0,max_bias=0.000000,logit_softcap=0.000000,prec=f32,type_K=q8_0,type_V=q8_0,permute=[0,2,1,3]): [1;32mOK[0m
  FLASH_ATTN_EXT(hsk=64,hsv=64,nh=4,nr23=[1,3],kv=512,nb=32,mask=1,sinks=0,max_bias=0.000000,logit_softcap=0.000000,prec=f32,type_K=q5_1,type_V=q5_1,permute=[0,1,2,3]): not supported [ROCm0] 
  FLASH_ATTN_EXT(hsk=64,hsv=64,nh=4,nr23=[1,3],kv=512,nb=32,mask=1,sinks=0,max_bias=0.000000,logit_softcap=0.000000,prec=f32,type_K=q5_1,type_V=q5_1,permute=[0,2,1,3]): not supported [ROCm0] 
  FLASH_ATTN_EXT(hsk=64,hsv=64,nh=4,nr23=[1,3],kv=512,nb=32,mask=1,sinks=0,max_bias=0.000000,logit_softcap=0.000000,prec=f32,type_K=q5_0,type_V=q5_0,permute=[0,1,2,3]): not supported [ROCm0] 
  FLASH_ATTN_EXT(hsk=64,hsv=64,nh=4,nr23=[1,3],kv=512,nb=32,mask=1,sinks=0,max_bias=0.000000,logit_softcap=0.000000,prec=f32,type_K=q5_0,type_V=q5_0,permute=[0,2,1,3]): not supported [ROCm0] 
  FLASH_ATTN_EXT(hsk=64,hsv=64,nh=4,nr23=[1,3],kv=512,nb=32,mask=1,sinks=0,max_bias=0.000000,logit_softcap=0.000000,prec=f32,type_K=q4_1,type_V=q4_1,permute=[0,1,2,3]): not supported [ROCm0] 
  FLASH_ATTN_EXT(hsk=64,hsv=64,nh=4,nr23=[1,3],kv=512,nb=32,mask=1,sinks=0,max_bias=0.000000,logit_softcap=0.000000,prec=f32,type_K=q4_1,type_V=q4_1,permute=[0,2,1,3]): not supported [ROCm0] 
  FLASH_ATTN_EXT(hsk=64,hsv=64,nh=4,nr23=[1,3],kv=512,nb=32,mask=1,sinks=0,max_bias=0.000000,logit_softcap=0.000000,prec=f32,type_K=q4_0,type_V=q4_0,permute=[0,1,2,3]): [1;32mOK[0m
  FLASH_ATTN_EXT(hsk=64,hsv=64,nh=4,nr23=[1,3],kv=512,nb=32,mask=1,sinks=0,max_bias=0.000000,logit_softcap=0.000000,prec=f32,type_K=q4_0,type_V=q4_0,permute=[0,2,1,3]): [1;32mOK[0m
  FLASH_ATTN_EXT(hsk=64,hsv=64,nh=4,nr23=[1,3],kv=512,nb=32,mask=1,sinks=0,max_bias=0.000000,logit_softcap=0.000000,prec=f32,type_K=iq4_nl,type_V=iq4_nl,permute=[0,1,2,3]): not supported [ROCm0] 
  FLASH_ATTN_EXT(hsk=64,hsv=64,nh=4,nr23=[1,3],kv=512,nb=32,mask=1,sinks=0,max_bias=0.000000,logit_softcap=0.000000,prec=f32,type_K=iq4_nl,type_V=iq4_nl,permute=[0,2,1,3]): not supported [ROCm0] 
  FLASH_ATTN_EXT(hsk=64,hsv=64,nh=4,nr23=[1,3],kv=512,nb=75,mask=1,sinks=0,max_bias=0.000000,logit_softcap=0.000000,prec=f32,type_K=f32,type_V=f32,permute=[0,1,2,3]): [1;32mOK[0m
  FLASH_ATTN_EXT(hsk=64,hsv=64,nh=4,nr23=[1,3],kv=512,nb=75,mask=1,sinks=0,max_bias=0.000000,logit_softcap=0.000000,prec=f32,type_K=f32,type_V=f32,permute=[0,2,1,3]): [1;32mOK[0m
  FLASH_ATTN_EXT(hsk=64,hsv=64,nh=4,nr23=[1,3],kv=512,nb=75,mask=1,sinks=0,max_bias=0.000000,logit_softcap=0.000000,prec=f32,type_K=f16,type_V=f16,permute=[0,1,2,3]): [1;32mOK[0m
  FLASH_ATTN_EXT(hsk=64,hsv=64,nh=4,nr23=[1,3],kv=512,nb=75,mask=1,sinks=0,max_bias=0.000000,logit_softcap=0.000000,prec=f32,type_K=f16,type_V=f16,permute=[0,2,1,3]): [1;32mOK[0m
  FLASH_ATTN_EXT(hsk=64,hsv=64,nh=4,nr23=[1,3],kv=512,nb=75,mask=1,sinks=0,max_bias=0.000000,logit_softcap=0.000000,prec=f32,type_K=bf16,type_V=bf16,permute=[0,1,2,3]): [1;32mOK[0m
  FLASH_ATTN_EXT(hsk=64,hsv=64,nh=4,nr23=[1,3],kv=512,nb=75,mask=1,sinks=0,max_bias=0.000000,logit_softcap=0.000000,prec=f32,type_K=bf16,type_V=bf16,permute=[0,2,1,3]): [1;32mOK[0m
  FLASH_ATTN_EXT(hsk=64,hsv=64,nh=4,nr23=[1,3],kv=512,nb=75,mask=1,sinks=0,max_bias=0.000000,logit_softcap=0.000000,prec=f32,type_K=q8_0,type_V=q8_0,permute=[0,1,2,3]): [1;32mOK[0m
  FLASH_ATTN_EXT(hsk=64,hsv=64,nh=4,nr23=[1,3],kv=512,nb=75,mask=1,sinks=0,max_bias=0.000000,logit_softcap=0.000000,prec=f32,type_K=q8_0,type_V=q8_0,permute=[0,2,1,3]): [1;32mOK[0m
  FLASH_ATTN_EXT(hsk=64,hsv=64,nh=4,nr23=[1,3],kv=512,nb=75,mask=1,sinks=0,max_bias=0.000000,logit_softcap=0.000000,prec=f32,type_K=q5_1,type_V=q5_1,permute=[0,1,2,3]): not supported [ROCm0] 
  FLASH_ATTN_EXT(hsk=64,hsv=64,nh=4,nr23=[1,3],kv=512,nb=75,mask=1,sinks=0,max_bias=0.000000,logit_softcap=0.000000,prec=f32,type_K=q5_1,type_V=q5_1,permute=[0,2,1,3]): not supported [ROCm0] 
  FLASH_ATTN_EXT(hsk=64,hsv=64,nh=4,nr23=[1,3],kv=512,nb=75,mask=1,sinks=0,max_bias=0.000000,logit_softcap=0.000000,prec=f32,type_K=q5_0,type_V=q5_0,permute=[0,1,2,3]): not supported [ROCm0] 
  FLASH_ATTN_EXT(hsk=64,hsv=64,nh=4,nr23=[1,3],kv=512,nb=75,mask=1,sinks=0,max_bias=0.000000,logit_softcap=0.000000,prec=f32,type_K=q5_0,type_V=q5_0,permute=[0,2,1,3]): not supported [ROCm0] 
  FLASH_ATTN_EXT(hsk=64,hsv=64,nh=4,nr23=[1,3],kv=512,nb=75,mask=1,sinks=0,max_bias=0.000000,logit_softcap=0.000000,prec=f32,type_K=q4_1,type_V=q4_1,permute=[0,1,2,3]): not supported [ROCm0] 
  FLASH_ATTN_EXT(hsk=64,hsv=64,nh=4,nr23=[1,3],kv=512,nb=75,mask=1,sinks=0,max_bias=0.000000,logit_softcap=0.000000,prec=f32,type_K=q4_1,type_V=q4_1,permute=[0,2,1,3]): not supported [ROCm0] 
  FLASH_ATTN_EXT(hsk=64,hsv=64,nh=4,nr23=[1,3],kv=512,nb=75,mask=1,sinks=0,max_bias=0.000000,logit_softcap=0.000000,prec=f32,type_K=q4_0,type_V=q4_0,permute=[0,1,2,3]): [1;32mOK[0m
  FLASH_ATTN_EXT(hsk=64,hsv=64,nh=4,nr23=[1,3],kv=512,nb=75,mask=1,sinks=0,max_bias=0.000000,logit_softcap=0.000000,prec=f32,type_K=q4_0,type_V=q4_0,permute=[0,2,1,3]): [1;32mOK[0m
  FLASH_ATTN_EXT(hsk=64,hsv=64,nh=4,nr23=[1,3],kv=512,nb=75,mask=1,sinks=0,max_bias=0.000000,logit_softcap=0.000000,prec=f32,type_K=iq4_nl,type_V=iq4_nl,permute=[0,1,2,3]): not supported [ROCm0] 
  FLASH_ATTN_EXT(hsk=64,hsv=64,nh=4,nr23=[1,3],kv=512,nb=75,mask=1,sinks=0,max_bias=0.000000,logit_softcap=0.000000,prec=f32,type_K=iq4_nl,type_V=iq4_nl,permute=[0,2,1,3]): not supported [ROCm0] 
  FLASH_ATTN_EXT(hsk=64,hsv=64,nh=4,nr23=[1,3],kv=1024,nb=1,mask=1,sinks=0,max_bias=0.000000,logit_softcap=0.000000,prec=f32,type_K=f32,type_V=f32,permute=[0,1,2,3]): [1;32mOK[0m
  FLASH_ATTN_EXT(hsk=64,hsv=64,nh=4,nr23=[1,3],kv=1024,nb=1,mask=1,sinks=0,max_bias=0.000000,logit_softcap=0.000000,prec=f32,type_K=f16,type_V=f16,permute=[0,1,2,3]): [1;32mOK[0m
  FLASH_ATTN_EXT(hsk=64,hsv=64,nh=4,nr23=[1,3],kv=1024,nb=1,mask=1,sinks=0,max_bias=0.000000,logit_softcap=0.000000,prec=f32,type_K=bf16,type_V=bf16,permute=[0,1,2,3]): [1;32mOK[0m
  FLASH_ATTN_EXT(hsk=64,hsv=64,nh=4,nr23=[1,3],kv=1024,nb=1,mask=1,sinks=0,max_bias=0.000000,logit_softcap=0.000000,prec=f32,type_K=q8_0,type_V=q8_0,permute=[0,1,2,3]): [1;32mOK[0m
  FLASH_ATTN_EXT(hsk=64,hsv=64,nh=4,nr23=[1,3],kv=1024,nb=1,mask=1,sinks=0,max_bias=0.000000,logit_softcap=0.000000,prec=f32,type_K=q5_1,type_V=q5_1,permute=[0,1,2,3]): not supported [ROCm0] 
  FLASH_ATTN_EXT(hsk=64,hsv=64,nh=4,nr23=[1,3],kv=1024,nb=1,mask=1,sinks=0,max_bias=0.000000,logit_softcap=0.000000,prec=f32,type_K=q5_0,type_V=q5_0,permute=[0,1,2,3]): not supported [ROCm0] 
  FLASH_ATTN_EXT(hsk=64,hsv=64,nh=4,nr23=[1,3],kv=1024,nb=1,mask=1,sinks=0,max_bias=0.000000,logit_softcap=0.000000,prec=f32,type_K=q4_1,type_V=q4_1,permute=[0,1,2,3]): not supported [ROCm0] 
  FLASH_ATTN_EXT(hsk=64,hsv=64,nh=4,nr23=[1,3],kv=1024,nb=1,mask=1,sinks=0,max_bias=0.000000,logit_softcap=0.000000,prec=f32,type_K=q4_0,type_V=q4_0,permute=[0,1,2,3]): [1;32mOK[0m
  FLASH_ATTN_EXT(hsk=64,hsv=64,nh=4,nr23=[1,3],kv=1024,nb=1,mask=1,sinks=0,max_bias=0.000000,logit_softcap=0.000000,prec=f32,type_K=iq4_nl,type_V=iq4_nl,permute=[0,1,2,3]): not supported [ROCm0] 
  FLASH_ATTN_EXT(hsk=64,hsv=64,nh=4,nr23=[1,3],kv=1024,nb=3,mask=1,sinks=0,max_bias=0.000000,logit_softcap=0.000000,prec=f32,type_K=f32,type_V=f32,permute=[0,1,2,3]): [1;32mOK[0m
  FLASH_ATTN_EXT(hsk=64,hsv=64,nh=4,nr23=[1,3],kv=1024,nb=3,mask=1,sinks=0,max_bias=0.000000,logit_softcap=0.000000,prec=f32,type_K=f16,type_V=f16,permute=[0,1,2,3]): [1;32mOK[0m
  FLASH_ATTN_EXT(hsk=64,hsv=64,nh=4,nr23=[1,3],kv=1024,nb=3,mask=1,sinks=0,max_bias=0.000000,logit_softcap=0.000000,prec=f32,type_K=bf16,type_V=bf16,permute=[0,1,2,3]): [1;32mOK[0m
  FLASH_ATTN_EXT(hsk=64,hsv=64,nh=4,nr23=[1,3],kv=1024,nb=3,mask=1,sinks=0,max_bias=0.000000,logit_softcap=0.000000,prec=f32,type_K=q8_0,type_V=q8_0,permute=[0,1,2,3]): [1;32mOK[0m
  FLASH_ATTN_EXT(hsk=64,hsv=64,nh=4,nr23=[1,3],kv=1024,nb=3,mask=1,sinks=0,max_bias=0.000000,logit_softcap=0.000000,prec=f32,type_K=q5_1,type_V=q5_1,permute=[0,1,2,3]): not supported [ROCm0] 
  FLASH_ATTN_EXT(hsk=64,hsv=64,nh=4,nr23=[1,3],kv=1024,nb=3,mask=1,sinks=0,max_bias=0.000000,logit_softcap=0.000000,prec=f32,type_K=q5_0,type_V=q5_0,permute=[0,1,2,3]): not supported [ROCm0] 
  FLASH_ATTN_EXT(hsk=64,hsv=64,nh=4,nr23=[1,3],kv=1024,nb=3,mask=1,sinks=0,max_bias=0.000000,logit_softcap=0.000000,prec=f32,type_K=q4_1,type_V=q4_1,permute=[0,1,2,3]): not supported [ROCm0] 
  FLASH_ATTN_EXT(hsk=64,hsv=64,nh=4,nr23=[1,3],kv=1024,nb=3,mask=1,sinks=0,max_bias=0.000000,logit_softcap=0.000000,prec=f32,type_K=q4_0,type_V=q4_0,permute=[0,1,2,3]): [1;32mOK[0m
  FLASH_ATTN_EXT(hsk=64,hsv=64,nh=4,nr23=[1,3],kv=1024,nb=3,mask=1,sinks=0,max_bias=0.000000,logit_softcap=0.000000,prec=f32,type_K=iq4_nl,type_V=iq4_nl,permute=[0,1,2,3]): not supported [ROCm0] 
  FLASH_ATTN_EXT(hsk=64,hsv=64,nh=4,nr23=[1,3],kv=1024,nb=32,mask=1,sinks=0,max_bias=0.000000,logit_softcap=0.000000,prec=f32,type_K=f32,type_V=f32,permute=[0,1,2,3]): [1;32mOK[0m
  FLASH_ATTN_EXT(hsk=64,hsv=64,nh=4,nr23=[1,3],kv=1024,nb=32,mask=1,sinks=0,max_bias=0.000000,logit_softcap=0.000000,prec=f32,type_K=f16,type_V=f16,permute=[0,1,2,3]): [1;32mOK[0m
  FLASH_ATTN_EXT(hsk=64,hsv=64,nh=4,nr23=[1,3],kv=1024,nb=32,mask=1,sinks=0,max_bias=0.000000,logit_softcap=0.000000,prec=f32,type_K=bf16,type_V=bf16,permute=[0,1,2,3]): [1;32mOK[0m
  FLASH_ATTN_EXT(hsk=64,hsv=64,nh=4,nr23=[1,3],kv=1024,nb=32,mask=1,sinks=0,max_bias=0.000000,logit_softcap=0.000000,prec=f32,type_K=q8_0,type_V=q8_0,permute=[0,1,2,3]): [1;32mOK[0m
  FLASH_ATTN_EXT(hsk=64,hsv=64,nh=4,nr23=[1,3],kv=1024,nb=32,mask=1,sinks=0,max_bias=0.000000,logit_softcap=0.000000,prec=f32,type_K=q5_1,type_V=q5_1,permute=[0,1,2,3]): not supported [ROCm0] 
  FLASH_ATTN_EXT(hsk=64,hsv=64,nh=4,nr23=[1,3],kv=1024,nb=32,mask=1,sinks=0,max_bias=0.000000,logit_softcap=0.000000,prec=f32,type_K=q5_0,type_V=q5_0,permute=[0,1,2,3]): not supported [ROCm0] 
  FLASH_ATTN_EXT(hsk=64,hsv=64,nh=4,nr23=[1,3],kv=1024,nb=32,mask=1,sinks=0,max_bias=0.000000,logit_softcap=0.000000,prec=f32,type_K=q4_1,type_V=q4_1,permute=[0,1,2,3]): not supported [ROCm0] 
  FLASH_ATTN_EXT(hsk=64,hsv=64,nh=4,nr23=[1,3],kv=1024,nb=32,mask=1,sinks=0,max_bias=0.000000,logit_softcap=0.000000,prec=f32,type_K=q4_0,type_V=q4_0,permute=[0,1,2,3]): [1;32mOK[0m
  FLASH_ATTN_EXT(hsk=64,hsv=64,nh=4,nr23=[1,3],kv=1024,nb=32,mask=1,sinks=0,max_bias=0.000000,logit_softcap=0.000000,prec=f32,type_K=iq4_nl,type_V=iq4_nl,permute=[0,1,2,3]): not supported [ROCm0] 
  FLASH_ATTN_EXT(hsk=64,hsv=64,nh=4,nr23=[1,3],kv=1024,nb=75,mask=1,sinks=0,max_bias=0.000000,logit_softcap=0.000000,prec=f32,type_K=f32,type_V=f32,permute=[0,1,2,3]): [1;32mOK[0m
  FLASH_ATTN_EXT(hsk=64,hsv=64,nh=4,nr23=[1,3],kv=1024,nb=75,mask=1,sinks=0,max_bias=0.000000,logit_softcap=0.000000,prec=f32,type_K=f16,type_V=f16,permute=[0,1,2,3]): [1;32mOK[0m
  FLASH_ATTN_EXT(hsk=64,hsv=64,nh=4,nr23=[1,3],kv=1024,nb=75,mask=1,sinks=0,max_bias=0.000000,logit_softcap=0.000000,prec=f32,type_K=bf16,type_V=bf16,permute=[0,1,2,3]): [1;32mOK[0m
  FLASH_ATTN_EXT(hsk=64,hsv=64,nh=4,nr23=[1,3],kv=1024,nb=75,mask=1,sinks=0,max_bias=0.000000,logit_softcap=0.000000,prec=f32,type_K=q8_0,type_V=q8_0,permute=[0,1,2,3]): [1;32mOK[0m
  FLASH_ATTN_EXT(hsk=64,hsv=64,nh=4,nr23=[1,3],kv=1024,nb=75,mask=1,sinks=0,max_bias=0.000000,logit_softcap=0.000000,prec=f32,type_K=q5_1,type_V=q5_1,permute=[0,1,2,3]): not supported [ROCm0] 
  FLASH_ATTN_EXT(hsk=64,hsv=64,nh=4,nr23=[1,3],kv=1024,nb=75,mask=1,sinks=0,max_bias=0.000000,logit_softcap=0.000000,prec=f32,type_K=q5_0,type_V=q5_0,permute=[0,1,2,3]): not supported [ROCm0] 
  FLASH_ATTN_EXT(hsk=64,hsv=64,nh=4,nr23=[1,3],kv=1024,nb=75,mask=1,sinks=0,max_bias=0.000000,logit_softcap=0.000000,prec=f32,type_K=q4_1,type_V=q4_1,permute=[0,1,2,3]): not supported [ROCm0] 
  FLASH_ATTN_EXT(hsk=64,hsv=64,nh=4,nr23=[1,3],kv=1024,nb=75,mask=1,sinks=0,max_bias=0.000000,logit_softcap=0.000000,prec=f32,type_K=q4_0,type_V=q4_0,permute=[0,1,2,3]): [1;32mOK[0m
  FLASH_ATTN_EXT(hsk=64,hsv=64,nh=4,nr23=[1,3],kv=1024,nb=75,mask=1,sinks=0,max_bias=0.000000,logit_softcap=0.000000,prec=f32,type_K=iq4_nl,type_V=iq4_nl,permute=[0,1,2,3]): not supported [ROCm0] 
  FLASH_ATTN_EXT(hsk=64,hsv=64,nh=4,nr23=[4,3],kv=512,nb=1,mask=1,sinks=0,max_bias=0.000000,logit_softcap=0.000000,prec=f32,type_K=f32,type_V=f32,permute=[0,1,2,3]): [1;32mOK[0m
  FLASH_ATTN_EXT(hsk=64,hsv=64,nh=4,nr23=[4,3],kv=512,nb=1,mask=1,sinks=0,max_bias=0.000000,logit_softcap=0.000000,prec=f32,type_K=f32,type_V=f32,permute=[0,2,1,3]): [1;32mOK[0m
  FLASH_ATTN_EXT(hsk=64,hsv=64,nh=4,nr23=[4,3],kv=512,nb=1,mask=1,sinks=0,max_bias=0.000000,logit_softcap=0.000000,prec=f32,type_K=f16,type_V=f16,permute=[0,1,2,3]): [1;32mOK[0m
  FLASH_ATTN_EXT(hsk=64,hsv=64,nh=4,nr23=[4,3],kv=512,nb=1,mask=1,sinks=0,max_bias=0.000000,logit_softcap=0.000000,prec=f32,type_K=f16,type_V=f16,permute=[0,2,1,3]): [1;32mOK[0m
  FLASH_ATTN_EXT(hsk=64,hsv=64,nh=4,nr23=[4,3],kv=512,nb=1,mask=1,sinks=0,max_bias=0.000000,logit_softcap=0.000000,prec=f32,type_K=bf16,type_V=bf16,permute=[0,1,2,3]): [1;32mOK[0m
  FLASH_ATTN_EXT(hsk=64,hsv=64,nh=4,nr23=[4,3],kv=512,nb=1,mask=1,sinks=0,max_bias=0.000000,logit_softcap=0.000000,prec=f32,type_K=bf16,type_V=bf16,permute=[0,2,1,3]): [1;32mOK[0m
  FLASH_ATTN_EXT(hsk=64,hsv=64,nh=4,nr23=[4,3],kv=512,nb=1,mask=1,sinks=0,max_bias=0.000000,logit_softcap=0.000000,prec=f32,type_K=q8_0,type_V=q8_0,permute=[0,1,2,3]): [1;32mOK[0m
  FLASH_ATTN_EXT(hsk=64,hsv=64,nh=4,nr23=[4,3],kv=512,nb=1,mask=1,sinks=0,max_bias=0.000000,logit_softcap=0.000000,prec=f32,type_K=q8_0,type_V=q8_0,permute=[0,2,1,3]): [1;32mOK[0m
  FLASH_ATTN_EXT(hsk=64,hsv=64,nh=4,nr23=[4,3],kv=512,nb=1,mask=1,sinks=0,max_bias=0.000000,logit_softcap=0.000000,prec=f32,type_K=q5_1,type_V=q5_1,permute=[0,1,2,3]): not supported [ROCm0] 
  FLASH_ATTN_EXT(hsk=64,hsv=64,nh=4,nr23=[4,3],kv=512,nb=1,mask=1,sinks=0,max_bias=0.000000,logit_softcap=0.000000,prec=f32,type_K=q5_1,type_V=q5_1,permute=[0,2,1,3]): not supported [ROCm0] 
  FLASH_ATTN_EXT(hsk=64,hsv=64,nh=4,nr23=[4,3],kv=512,nb=1,mask=1,sinks=0,max_bias=0.000000,logit_softcap=0.000000,prec=f32,type_K=q5_0,type_V=q5_0,permute=[0,1,2,3]): not supported [ROCm0] 
  FLASH_ATTN_EXT(hsk=64,hsv=64,nh=4,nr23=[4,3],kv=512,nb=1,mask=1,sinks=0,max_bias=0.000000,logit_softcap=0.000000,prec=f32,type_K=q5_0,type_V=q5_0,permute=[0,2,1,3]): not supported [ROCm0] 
  FLASH_ATTN_EXT(hsk=64,hsv=64,nh=4,nr23=[4,3],kv=512,nb=1,mask=1,sinks=0,max_bias=0.000000,logit_softcap=0.000000,prec=f32,type_K=q4_1,type_V=q4_1,permute=[0,1,2,3]): not supported [ROCm0] 
  FLASH_ATTN_EXT(hsk=64,hsv=64,nh=4,nr23=[4,3],kv=512,nb=1,mask=1,sinks=0,max_bias=0.000000,logit_softcap=0.000000,prec=f32,type_K=q4_1,type_V=q4_1,permute=[0,2,1,3]): not supported [ROCm0] 
  FLASH_ATTN_EXT(hsk=64,hsv=64,nh=4,nr23=[4,3],kv=512,nb=1,mask=1,sinks=0,max_bias=0.000000,logit_softcap=0.000000,prec=f32,type_K=q4_0,type_V=q4_0,permute=[0,1,2,3]): [1;32mOK[0m
  FLASH_ATTN_EXT(hsk=64,hsv=64,nh=4,nr23=[4,3],kv=512,nb=1,mask=1,sinks=0,max_bias=0.000000,logit_softcap=0.000000,prec=f32,type_K=q4_0,type_V=q4_0,permute=[0,2,1,3]): [1;32mOK[0m
  FLASH_ATTN_EXT(hsk=64,hsv=64,nh=4,nr23=[4,3],kv=512,nb=1,mask=1,sinks=0,max_bias=0.000000,logit_softcap=0.000000,prec=f32,type_K=iq4_nl,type_V=iq4_nl,permute=[0,1,2,3]): not supported [ROCm0] 
  FLASH_ATTN_EXT(hsk=64,hsv=64,nh=4,nr23=[4,3],kv=512,nb=1,mask=1,sinks=0,max_bias=0.000000,logit_softcap=0.000000,prec=f32,type_K=iq4_nl,type_V=iq4_nl,permute=[0,2,1,3]): not supported [ROCm0] 
  FLASH_ATTN_EXT(hsk=64,hsv=64,nh=4,nr23=[4,3],kv=512,nb=3,mask=1,sinks=0,max_bias=0.000000,logit_softcap=0.000000,prec=f32,type_K=f32,type_V=f32,permute=[0,1,2,3]): ggml_backend_cuda_graph_compute: CUDA graph warmup complete
ggml_backend_cuda_graph_compute: CUDA graph warmup complete
[1;32mOK[0m
  FLASH_ATTN_EXT(hsk=64,hsv=64,nh=4,nr23=[4,3],kv=512,nb=3,mask=1,sinks=0,max_bias=0.000000,logit_softcap=0.000000,prec=f32,type_K=f32,type_V=f32,permute=[0,2,1,3]): ggml_backend_cuda_graph_compute: CUDA graph warmup reset
ggml_backend_cuda_graph_compute: CUDA graph warmup reset
[1;32mOK[0m
  FLASH_ATTN_EXT(hsk=64,hsv=64,nh=4,nr23=[4,3],kv=512,nb=3,mask=1,sinks=0,max_bias=0.000000,logit_softcap=0.000000,prec=f32,type_K=f16,type_V=f16,permute=[0,1,2,3]): ggml_backend_cuda_graph_compute: CUDA graph warmup complete
ggml_backend_cuda_graph_compute: CUDA graph warmup complete
[1;32mOK[0m
  FLASH_ATTN_EXT(hsk=64,hsv=64,nh=4,nr23=[4,3],kv=512,nb=3,mask=1,sinks=0,max_bias=0.000000,logit_softcap=0.000000,prec=f32,type_K=f16,type_V=f16,permute=[0,2,1,3]): ggml_backend_cuda_graph_compute: CUDA graph warmup reset
ggml_backend_cuda_graph_compute: CUDA graph warmup reset
[1;32mOK[0m
  FLASH_ATTN_EXT(hsk=64,hsv=64,nh=4,nr23=[4,3],kv=512,nb=3,mask=1,sinks=0,max_bias=0.000000,logit_softcap=0.000000,prec=f32,type_K=bf16,type_V=bf16,permute=[0,1,2,3]): ggml_backend_cuda_graph_compute: CUDA graph warmup complete
ggml_backend_cuda_graph_compute: CUDA graph warmup complete
[1;32mOK[0m
  FLASH_ATTN_EXT(hsk=64,hsv=64,nh=4,nr23=[4,3],kv=512,nb=3,mask=1,sinks=0,max_bias=0.000000,logit_softcap=0.000000,prec=f32,type_K=bf16,type_V=bf16,permute=[0,2,1,3]): ggml_backend_cuda_graph_compute: CUDA graph warmup reset
ggml_backend_cuda_graph_compute: CUDA graph warmup reset
[1;32mOK[0m
  FLASH_ATTN_EXT(hsk=64,hsv=64,nh=4,nr23=[4,3],kv=512,nb=3,mask=1,sinks=0,max_bias=0.000000,logit_softcap=0.000000,prec=f32,type_K=q8_0,type_V=q8_0,permute=[0,1,2,3]): ggml_backend_cuda_graph_compute: CUDA graph warmup complete
ggml_backend_cuda_graph_compute: CUDA graph warmup complete
[1;32mOK[0m
  FLASH_ATTN_EXT(hsk=64,hsv=64,nh=4,nr23=[4,3],kv=512,nb=3,mask=1,sinks=0,max_bias=0.000000,logit_softcap=0.000000,prec=f32,type_K=q8_0,type_V=q8_0,permute=[0,2,1,3]): [1;32mOK[0m
  FLASH_ATTN_EXT(hsk=64,hsv=64,nh=4,nr23=[4,3],kv=512,nb=3,mask=1,sinks=0,max_bias=0.000000,logit_softcap=0.000000,prec=f32,type_K=q5_1,type_V=q5_1,permute=[0,1,2,3]): not supported [ROCm0] 
  FLASH_ATTN_EXT(hsk=64,hsv=64,nh=4,nr23=[4,3],kv=512,nb=3,mask=1,sinks=0,max_bias=0.000000,logit_softcap=0.000000,prec=f32,type_K=q5_1,type_V=q5_1,permute=[0,2,1,3]): not supported [ROCm0] 
  FLASH_ATTN_EXT(hsk=64,hsv=64,nh=4,nr23=[4,3],kv=512,nb=3,mask=1,sinks=0,max_bias=0.000000,logit_softcap=0.000000,prec=f32,type_K=q5_0,type_V=q5_0,permute=[0,1,2,3]): not supported [ROCm0] 
  FLASH_ATTN_EXT(hsk=64,hsv=64,nh=4,nr23=[4,3],kv=512,nb=3,mask=1,sinks=0,max_bias=0.000000,logit_softcap=0.000000,prec=f32,type_K=q5_0,type_V=q5_0,permute=[0,2,1,3]): not supported [ROCm0] 
  FLASH_ATTN_EXT(hsk=64,hsv=64,nh=4,nr23=[4,3],kv=512,nb=3,mask=1,sinks=0,max_bias=0.000000,logit_softcap=0.000000,prec=f32,type_K=q4_1,type_V=q4_1,permute=[0,1,2,3]): not supported [ROCm0] 
  FLASH_ATTN_EXT(hsk=64,hsv=64,nh=4,nr23=[4,3],kv=512,nb=3,mask=1,sinks=0,max_bias=0.000000,logit_softcap=0.000000,prec=f32,type_K=q4_1,type_V=q4_1,permute=[0,2,1,3]): not supported [ROCm0] 
  FLASH_ATTN_EXT(hsk=64,hsv=64,nh=4,nr23=[4,3],kv=512,nb=3,mask=1,sinks=0,max_bias=0.000000,logit_softcap=0.000000,prec=f32,type_K=q4_0,type_V=q4_0,permute=[0,1,2,3]): ggml_backend_cuda_graph_compute: CUDA graph warmup reset
ggml_backend_cuda_graph_compute: CUDA graph warmup reset
[1;32mOK[0m
  FLASH_ATTN_EXT(hsk=64,hsv=64,nh=4,nr23=[4,3],kv=512,nb=3,mask=1,sinks=0,max_bias=0.000000,logit_softcap=0.000000,prec=f32,type_K=q4_0,type_V=q4_0,permute=[0,2,1,3]): [1;32mOK[0m
  FLASH_ATTN_EXT(hsk=64,hsv=64,nh=4,nr23=[4,3],kv=512,nb=3,mask=1,sinks=0,max_bias=0.000000,logit_softcap=0.000000,prec=f32,type_K=iq4_nl,type_V=iq4_nl,permute=[0,1,2,3]): not supported [ROCm0] 
  FLASH_ATTN_EXT(hsk=64,hsv=64,nh=4,nr23=[4,3],kv=512,nb=3,mask=1,sinks=0,max_bias=0.000000,logit_softcap=0.000000,prec=f32,type_K=iq4_nl,type_V=iq4_nl,permute=[0,2,1,3]): not supported [ROCm0] 
  FLASH_ATTN_EXT(hsk=64,hsv=64,nh=4,nr23=[4,3],kv=512,nb=32,mask=1,sinks=0,max_bias=0.000000,logit_softcap=0.000000,prec=f32,type_K=f32,type_V=f32,permute=[0,1,2,3]): [1;32mOK[0m
  FLASH_ATTN_EXT(hsk=64,hsv=64,nh=4,nr23=[4,3],kv=512,nb=32,mask=1,sinks=0,max_bias=0.000000,logit_softcap=0.000000,prec=f32,type_K=f32,type_V=f32,permute=[0,2,1,3]): [1;32mOK[0m
  FLASH_ATTN_EXT(hsk=64,hsv=64,nh=4,nr23=[4,3],kv=512,nb=32,mask=1,sinks=0,max_bias=0.000000,logit_softcap=0.000000,prec=f32,type_K=f16,type_V=f16,permute=[0,1,2,3]): [1;32mOK[0m
  FLASH_ATTN_EXT(hsk=64,hsv=64,nh=4,nr23=[4,3],kv=512,nb=32,mask=1,sinks=0,max_bias=0.000000,logit_softcap=0.000000,prec=f32,type_K=f16,type_V=f16,permute=[0,2,1,3]): [1;32mOK[0m
  FLASH_ATTN_EXT(hsk=64,hsv=64,nh=4,nr23=[4,3],kv=512,nb=32,mask=1,sinks=0,max_bias=0.000000,logit_softcap=0.000000,prec=f32,type_K=bf16,type_V=bf16,permute=[0,1,2,3]): [1;32mOK[0m
  FLASH_ATTN_EXT(hsk=64,hsv=64,nh=4,nr23=[4,3],kv=512,nb=32,mask=1,sinks=0,max_bias=0.000000,logit_softcap=0.000000,prec=f32,type_K=bf16,type_V=bf16,permute=[0,2,1,3]): [1;32mOK[0m
  FLASH_ATTN_EXT(hsk=64,hsv=64,nh=4,nr23=[4,3],kv=512,nb=32,mask=1,sinks=0,max_bias=0.000000,logit_softcap=0.000000,prec=f32,type_K=q8_0,type_V=q8_0,permute=[0,1,2,3]): [1;32mOK[0m
  FLASH_ATTN_EXT(hsk=64,hsv=64,nh=4,nr23=[4,3],kv=512,nb=32,mask=1,sinks=0,max_bias=0.000000,logit_softcap=0.000000,prec=f32,type_K=q8_0,type_V=q8_0,permute=[0,2,1,3]): [1;32mOK[0m
  FLASH_ATTN_EXT(hsk=64,hsv=64,nh=4,nr23=[4,3],kv=512,nb=32,mask=1,sinks=0,max_bias=0.000000,logit_softcap=0.000000,prec=f32,type_K=q5_1,type_V=q5_1,permute=[0,1,2,3]): not supported [ROCm0] 
  FLASH_ATTN_EXT(hsk=64,hsv=64,nh=4,nr23=[4,3],kv=512,nb=32,mask=1,sinks=0,max_bias=0.000000,logit_softcap=0.000000,prec=f32,type_K=q5_1,type_V=q5_1,permute=[0,2,1,3]): not supported [ROCm0] 
  FLASH_ATTN_EXT(hsk=64,hsv=64,nh=4,nr23=[4,3],kv=512,nb=32,mask=1,sinks=0,max_bias=0.000000,logit_softcap=0.000000,prec=f32,type_K=q5_0,type_V=q5_0,permute=[0,1,2,3]): not supported [ROCm0] 
  FLASH_ATTN_EXT(hsk=64,hsv=64,nh=4,nr23=[4,3],kv=512,nb=32,mask=1,sinks=0,max_bias=0.000000,logit_softcap=0.000000,prec=f32,type_K=q5_0,type_V=q5_0,permute=[0,2,1,3]): not supported [ROCm0] 
  FLASH_ATTN_EXT(hsk=64,hsv=64,nh=4,nr23=[4,3],kv=512,nb=32,mask=1,sinks=0,max_bias=0.000000,logit_softcap=0.000000,prec=f32,type_K=q4_1,type_V=q4_1,permute=[0,1,2,3]): not supported [ROCm0] 
  FLASH_ATTN_EXT(hsk=64,hsv=64,nh=4,nr23=[4,3],kv=512,nb=32,mask=1,sinks=0,max_bias=0.000000,logit_softcap=0.000000,prec=f32,type_K=q4_1,type_V=q4_1,permute=[0,2,1,3]): not supported [ROCm0] 
  FLASH_ATTN_EXT(hsk=64,hsv=64,nh=4,nr23=[4,3],kv=512,nb=32,mask=1,sinks=0,max_bias=0.000000,logit_softcap=0.000000,prec=f32,type_K=q4_0,type_V=q4_0,permute=[0,1,2,3]): [1;32mOK[0m
  FLASH_ATTN_EXT(hsk=64,hsv=64,nh=4,nr23=[4,3],kv=512,nb=32,mask=1,sinks=0,max_bias=0.000000,logit_softcap=0.000000,prec=f32,type_K=q4_0,type_V=q4_0,permute=[0,2,1,3]): [1;32mOK[0m
  FLASH_ATTN_EXT(hsk=64,hsv=64,nh=4,nr23=[4,3],kv=512,nb=32,mask=1,sinks=0,max_bias=0.000000,logit_softcap=0.000000,prec=f32,type_K=iq4_nl,type_V=iq4_nl,permute=[0,1,2,3]): not supported [ROCm0] 
  FLASH_ATTN_EXT(hsk=64,hsv=64,nh=4,nr23=[4,3],kv=512,nb=32,mask=1,sinks=0,max_bias=0.000000,logit_softcap=0.000000,prec=f32,type_K=iq4_nl,type_V=iq4_nl,permute=[0,2,1,3]): not supported [ROCm0] 
  FLASH_ATTN_EXT(hsk=64,hsv=64,nh=4,nr23=[4,3],kv=512,nb=75,mask=1,sinks=0,max_bias=0.000000,logit_softcap=0.000000,prec=f32,type_K=f32,type_V=f32,permute=[0,1,2,3]): [1;32mOK[0m
  FLASH_ATTN_EXT(hsk=64,hsv=64,nh=4,nr23=[4,3],kv=512,nb=75,mask=1,sinks=0,max_bias=0.000000,logit_softcap=0.000000,prec=f32,type_K=f32,type_V=f32,permute=[0,2,1,3]): [1;32mOK[0m
  FLASH_ATTN_EXT(hsk=64,hsv=64,nh=4,nr23=[4,3],kv=512,nb=75,mask=1,sinks=0,max_bias=0.000000,logit_softcap=0.000000,prec=f32,type_K=f16,type_V=f16,permute=[0,1,2,3]): [1;32mOK[0m
  FLASH_ATTN_EXT(hsk=64,hsv=64,nh=4,nr23=[4,3],kv=512,nb=75,mask=1,sinks=0,max_bias=0.000000,logit_softcap=0.000000,prec=f32,type_K=f16,type_V=f16,permute=[0,2,1,3]): [1;32mOK[0m
  FLASH_ATTN_EXT(hsk=64,hsv=64,nh=4,nr23=[4,3],kv=512,nb=75,mask=1,sinks=0,max_bias=0.000000,logit_softcap=0.000000,prec=f32,type_K=bf16,type_V=bf16,permute=[0,1,2,3]): [1;32mOK[0m
  FLASH_ATTN_EXT(hsk=64,hsv=64,nh=4,nr23=[4,3],kv=512,nb=75,mask=1,sinks=0,max_bias=0.000000,logit_softcap=0.000000,prec=f32,type_K=bf16,type_V=bf16,permute=[0,2,1,3]): [1;32mOK[0m
  FLASH_ATTN_EXT(hsk=64,hsv=64,nh=4,nr23=[4,3],kv=512,nb=75,mask=1,sinks=0,max_bias=0.000000,logit_softcap=0.000000,prec=f32,type_K=q8_0,type_V=q8_0,permute=[0,1,2,3]): [1;32mOK[0m
  FLASH_ATTN_EXT(hsk=64,hsv=64,nh=4,nr23=[4,3],kv=512,nb=75,mask=1,sinks=0,max_bias=0.000000,logit_softcap=0.000000,prec=f32,type_K=q8_0,type_V=q8_0,permute=[0,2,1,3]): [1;32mOK[0m
  FLASH_ATTN_EXT(hsk=64,hsv=64,nh=4,nr23=[4,3],kv=512,nb=75,mask=1,sinks=0,max_bias=0.000000,logit_softcap=0.000000,prec=f32,type_K=q5_1,type_V=q5_1,permute=[0,1,2,3]): not supported [ROCm0] 
  FLASH_ATTN_EXT(hsk=64,hsv=64,nh=4,nr23=[4,3],kv=512,nb=75,mask=1,sinks=0,max_bias=0.000000,logit_softcap=0.000000,prec=f32,type_K=q5_1,type_V=q5_1,permute=[0,2,1,3]): not supported [ROCm0] 
  FLASH_ATTN_EXT(hsk=64,hsv=64,nh=4,nr23=[4,3],kv=512,nb=75,mask=1,sinks=0,max_bias=0.000000,logit_softcap=0.000000,prec=f32,type_K=q5_0,type_V=q5_0,permute=[0,1,2,3]): not supported [ROCm0] 
  FLASH_ATTN_EXT(hsk=64,hsv=64,nh=4,nr23=[4,3],kv=512,nb=75,mask=1,sinks=0,max_bias=0.000000,logit_softcap=0.000000,prec=f32,type_K=q5_0,type_V=q5_0,permute=[0,2,1,3]): not supported [ROCm0] 
  FLASH_ATTN_EXT(hsk=64,hsv=64,nh=4,nr23=[4,3],kv=512,nb=75,mask=1,sinks=0,max_bias=0.000000,logit_softcap=0.000000,prec=f32,type_K=q4_1,type_V=q4_1,permute=[0,1,2,3]): not supported [ROCm0] 
  FLASH_ATTN_EXT(hsk=64,hsv=64,nh=4,nr23=[4,3],kv=512,nb=75,mask=1,sinks=0,max_bias=0.000000,logit_softcap=0.000000,prec=f32,type_K=q4_1,type_V=q4_1,permute=[0,2,1,3]): not supported [ROCm0] 
  FLASH_ATTN_EXT(hsk=64,hsv=64,nh=4,nr23=[4,3],kv=512,nb=75,mask=1,sinks=0,max_bias=0.000000,logit_softcap=0.000000,prec=f32,type_K=q4_0,type_V=q4_0,permute=[0,1,2,3]): [1;32mOK[0m
  FLASH_ATTN_EXT(hsk=64,hsv=64,nh=4,nr23=[4,3],kv=512,nb=75,mask=1,sinks=0,max_bias=0.000000,logit_softcap=0.000000,prec=f32,type_K=q4_0,type_V=q4_0,permute=[0,2,1,3]): [1;32mOK[0m
  FLASH_ATTN_EXT(hsk=64,hsv=64,nh=4,nr23=[4,3],kv=512,nb=75,mask=1,sinks=0,max_bias=0.000000,logit_softcap=0.000000,prec=f32,type_K=iq4_nl,type_V=iq4_nl,permute=[0,1,2,3]): not supported [ROCm0] 
  FLASH_ATTN_EXT(hsk=64,hsv=64,nh=4,nr23=[4,3],kv=512,nb=75,mask=1,sinks=0,max_bias=0.000000,logit_softcap=0.000000,prec=f32,type_K=iq4_nl,type_V=iq4_nl,permute=[0,2,1,3]): not supported [ROCm0] 
  FLASH_ATTN_EXT(hsk=64,hsv=64,nh=4,nr23=[1,1],kv=113,nb=1,mask=1,sinks=0,max_bias=8.000000,logit_softcap=0.000000,prec=f32,type_K=f32,type_V=f32,permute=[0,1,2,3]): [1;32mOK[0m
  FLASH_ATTN_EXT(hsk=64,hsv=64,nh=4,nr23=[1,1],kv=113,nb=1,mask=1,sinks=0,max_bias=8.000000,logit_softcap=0.000000,prec=f32,type_K=f16,type_V=f16,permute=[0,1,2,3]): [1;32mOK[0m
  FLASH_ATTN_EXT(hsk=64,hsv=64,nh=4,nr23=[1,1],kv=113,nb=1,mask=1,sinks=0,max_bias=8.000000,logit_softcap=0.000000,prec=f32,type_K=bf16,type_V=bf16,permute=[0,1,2,3]): [1;32mOK[0m
  FLASH_ATTN_EXT(hsk=64,hsv=64,nh=4,nr23=[1,1],kv=113,nb=1,mask=1,sinks=0,max_bias=8.000000,logit_softcap=0.000000,prec=f32,type_K=q8_0,type_V=q8_0,permute=[0,1,2,3]): [1;32mOK[0m
  FLASH_ATTN_EXT(hsk=64,hsv=64,nh=4,nr23=[1,1],kv=113,nb=1,mask=1,sinks=0,max_bias=8.000000,logit_softcap=0.000000,prec=f32,type_K=q5_1,type_V=q5_1,permute=[0,1,2,3]): not supported [ROCm0] 
  FLASH_ATTN_EXT(hsk=64,hsv=64,nh=4,nr23=[1,1],kv=113,nb=1,mask=1,sinks=0,max_bias=8.000000,logit_softcap=0.000000,prec=f32,type_K=q5_0,type_V=q5_0,permute=[0,1,2,3]): not supported [ROCm0] 
  FLASH_ATTN_EXT(hsk=64,hsv=64,nh=4,nr23=[1,1],kv=113,nb=1,mask=1,sinks=0,max_bias=8.000000,logit_softcap=0.000000,prec=f32,type_K=q4_1,type_V=q4_1,permute=[0,1,2,3]): not supported [ROCm0] 
  FLASH_ATTN_EXT(hsk=64,hsv=64,nh=4,nr23=[1,1],kv=113,nb=1,mask=1,sinks=0,max_bias=8.000000,logit_softcap=0.000000,prec=f32,type_K=q4_0,type_V=q4_0,permute=[0,1,2,3]): [1;32mOK[0m
  FLASH_ATTN_EXT(hsk=64,hsv=64,nh=4,nr23=[1,1],kv=113,nb=1,mask=1,sinks=0,max_bias=8.000000,logit_softcap=0.000000,prec=f32,type_K=iq4_nl,type_V=iq4_nl,permute=[0,1,2,3]): not supported [ROCm0] 
  FLASH_ATTN_EXT(hsk=64,hsv=64,nh=4,nr23=[1,1],kv=113,nb=3,mask=1,sinks=0,max_bias=8.000000,logit_softcap=0.000000,prec=f32,type_K=f32,type_V=f32,permute=[0,1,2,3]): [1;32mOK[0m
  FLASH_ATTN_EXT(hsk=64,hsv=64,nh=4,nr23=[1,1],kv=113,nb=3,mask=1,sinks=0,max_bias=8.000000,logit_softcap=0.000000,prec=f32,type_K=f16,type_V=f16,permute=[0,1,2,3]): [1;32mOK[0m
  FLASH_ATTN_EXT(hsk=64,hsv=64,nh=4,nr23=[1,1],kv=113,nb=3,mask=1,sinks=0,max_bias=8.000000,logit_softcap=0.000000,prec=f32,type_K=bf16,type_V=bf16,permute=[0,1,2,3]): [1;32mOK[0m
  FLASH_ATTN_EXT(hsk=64,hsv=64,nh=4,nr23=[1,1],kv=113,nb=3,mask=1,sinks=0,max_bias=8.000000,logit_softcap=0.000000,prec=f32,type_K=q8_0,type_V=q8_0,permute=[0,1,2,3]): [1;32mOK[0m
  FLASH_ATTN_EXT(hsk=64,hsv=64,nh=4,nr23=[1,1],kv=113,nb=3,mask=1,sinks=0,max_bias=8.000000,logit_softcap=0.000000,prec=f32,type_K=q5_1,type_V=q5_1,permute=[0,1,2,3]): not supported [ROCm0] 
  FLASH_ATTN_EXT(hsk=64,hsv=64,nh=4,nr23=[1,1],kv=113,nb=3,mask=1,sinks=0,max_bias=8.000000,logit_softcap=0.000000,prec=f32,type_K=q5_0,type_V=q5_0,permute=[0,1,2,3]): not supported [ROCm0] 
  FLASH_ATTN_EXT(hsk=64,hsv=64,nh=4,nr23=[1,1],kv=113,nb=3,mask=1,sinks=0,max_bias=8.000000,logit_softcap=0.000000,prec=f32,type_K=q4_1,type_V=q4_1,permute=[0,1,2,3]): ggml_backend_cuda_graph_compute: CUDA graph warmup complete
ggml_backend_cuda_graph_compute: CUDA graph warmup complete
not supported [ROCm0] 
  FLASH_ATTN_EXT(hsk=64,hsv=64,nh=4,nr23=[1,1],kv=113,nb=3,mask=1,sinks=0,max_bias=8.000000,logit_softcap=0.000000,prec=f32,type_K=q4_0,type_V=q4_0,permute=[0,1,2,3]): [1;32mOK[0m
  FLASH_ATTN_EXT(hsk=64,hsv=64,nh=4,nr23=[1,1],kv=113,nb=3,mask=1,sinks=0,max_bias=8.000000,logit_softcap=0.000000,prec=f32,type_K=iq4_nl,type_V=iq4_nl,permute=[0,1,2,3]): ggml_backend_cuda_graph_compute: CUDA graph warmup reset
ggml_backend_cuda_graph_compute: CUDA graph warmup reset
not supported [ROCm0] 
  FLASH_ATTN_EXT(hsk=64,hsv=64,nh=4,nr23=[1,1],kv=113,nb=32,mask=1,sinks=0,max_bias=8.000000,logit_softcap=0.000000,prec=f32,type_K=f32,type_V=f32,permute=[0,1,2,3]): [1;32mOK[0m
  FLASH_ATTN_EXT(hsk=64,hsv=64,nh=4,nr23=[1,1],kv=113,nb=32,mask=1,sinks=0,max_bias=8.000000,logit_softcap=0.000000,prec=f32,type_K=f16,type_V=f16,permute=[0,1,2,3]): [1;32mOK[0m
  FLASH_ATTN_EXT(hsk=64,hsv=64,nh=4,nr23=[1,1],kv=113,nb=32,mask=1,sinks=0,max_bias=8.000000,logit_softcap=0.000000,prec=f32,type_K=bf16,type_V=bf16,permute=[0,1,2,3]): [1;32mOK[0m
  FLASH_ATTN_EXT(hsk=64,hsv=64,nh=4,nr23=[1,1],kv=113,nb=32,mask=1,sinks=0,max_bias=8.000000,logit_softcap=0.000000,prec=f32,type_K=q8_0,type_V=q8_0,permute=[0,1,2,3]): [1;32mOK[0m
  FLASH_ATTN_EXT(hsk=64,hsv=64,nh=4,nr23=[1,1],kv=113,nb=32,mask=1,sinks=0,max_bias=8.000000,logit_softcap=0.000000,prec=f32,type_K=q5_1,type_V=q5_1,permute=[0,1,2,3]): not supported [ROCm0] 
  FLASH_ATTN_EXT(hsk=64,hsv=64,nh=4,nr23=[1,1],kv=113,nb=32,mask=1,sinks=0,max_bias=8.000000,logit_softcap=0.000000,prec=f32,type_K=q5_0,type_V=q5_0,permute=[0,1,2,3]): not supported [ROCm0] 
  FLASH_ATTN_EXT(hsk=64,hsv=64,nh=4,nr23=[1,1],kv=113,nb=32,mask=1,sinks=0,max_bias=8.000000,logit_softcap=0.000000,prec=f32,type_K=q4_1,type_V=q4_1,permute=[0,1,2,3]): not supported [ROCm0] 
  FLASH_ATTN_EXT(hsk=64,hsv=64,nh=4,nr23=[1,1],kv=113,nb=32,mask=1,sinks=0,max_bias=8.000000,logit_softcap=0.000000,prec=f32,type_K=q4_0,type_V=q4_0,permute=[0,1,2,3]): [1;32mOK[0m
  FLASH_ATTN_EXT(hsk=64,hsv=64,nh=4,nr23=[1,1],kv=113,nb=32,mask=1,sinks=0,max_bias=8.000000,logit_softcap=0.000000,prec=f32,type_K=iq4_nl,type_V=iq4_nl,permute=[0,1,2,3]): not supported [ROCm0] 
  FLASH_ATTN_EXT(hsk=64,hsv=64,nh=4,nr23=[1,1],kv=113,nb=75,mask=1,sinks=0,max_bias=8.000000,logit_softcap=0.000000,prec=f32,type_K=f32,type_V=f32,permute=[0,1,2,3]): [1;32mOK[0m
  FLASH_ATTN_EXT(hsk=64,hsv=64,nh=4,nr23=[1,1],kv=113,nb=75,mask=1,sinks=0,max_bias=8.000000,logit_softcap=0.000000,prec=f32,type_K=f16,type_V=f16,permute=[0,1,2,3]): [1;32mOK[0m
  FLASH_ATTN_EXT(hsk=64,hsv=64,nh=4,nr23=[1,1],kv=113,nb=75,mask=1,sinks=0,max_bias=8.000000,logit_softcap=0.000000,prec=f32,type_K=bf16,type_V=bf16,permute=[0,1,2,3]): [1;32mOK[0m
  FLASH_ATTN_EXT(hsk=64,hsv=64,nh=4,nr23=[1,1],kv=113,nb=75,mask=1,sinks=0,max_bias=8.000000,logit_softcap=0.000000,prec=f32,type_K=q8_0,type_V=q8_0,permute=[0,1,2,3]): [1;32mOK[0m
  FLASH_ATTN_EXT(hsk=64,hsv=64,nh=4,nr23=[1,1],kv=113,nb=75,mask=1,sinks=0,max_bias=8.000000,logit_softcap=0.000000,prec=f32,type_K=q5_1,type_V=q5_1,permute=[0,1,2,3]): not supported [ROCm0] 
  FLASH_ATTN_EXT(hsk=64,hsv=64,nh=4,nr23=[1,1],kv=113,nb=75,mask=1,sinks=0,max_bias=8.000000,logit_softcap=0.000000,prec=f32,type_K=q5_0,type_V=q5_0,permute=[0,1,2,3]): not supported [ROCm0] 
  FLASH_ATTN_EXT(hsk=64,hsv=64,nh=4,nr23=[1,1],kv=113,nb=75,mask=1,sinks=0,max_bias=8.000000,logit_softcap=0.000000,prec=f32,type_K=q4_1,type_V=q4_1,permute=[0,1,2,3]): not supported [ROCm0] 
  FLASH_ATTN_EXT(hsk=64,hsv=64,nh=4,nr23=[1,1],kv=113,nb=75,mask=1,sinks=0,max_bias=8.000000,logit_softcap=0.000000,prec=f32,type_K=q4_0,type_V=q4_0,permute=[0,1,2,3]): [1;32mOK[0m
  FLASH_ATTN_EXT(hsk=64,hsv=64,nh=4,nr23=[1,1],kv=113,nb=75,mask=1,sinks=0,max_bias=8.000000,logit_softcap=0.000000,prec=f32,type_K=iq4_nl,type_V=iq4_nl,permute=[0,1,2,3]): not supported [ROCm0] 
  FLASH_ATTN_EXT(hsk=64,hsv=64,nh=4,nr23=[1,1],kv=512,nb=1,mask=1,sinks=0,max_bias=8.000000,logit_softcap=0.000000,prec=f32,type_K=f32,type_V=f32,permute=[0,1,2,3]): [1;32mOK[0m
  FLASH_ATTN_EXT(hsk=64,hsv=64,nh=4,nr23=[1,1],kv=512,nb=1,mask=1,sinks=0,max_bias=8.000000,logit_softcap=0.000000,prec=f32,type_K=f16,type_V=f16,permute=[0,1,2,3]): [1;32mOK[0m
  FLASH_ATTN_EXT(hsk=64,hsv=64,nh=4,nr23=[1,1],kv=512,nb=1,mask=1,sinks=0,max_bias=8.000000,logit_softcap=0.000000,prec=f32,type_K=bf16,type_V=bf16,permute=[0,1,2,3]): [1;32mOK[0m
  FLASH_ATTN_EXT(hsk=64,hsv=64,nh=4,nr23=[1,1],kv=512,nb=1,mask=1,sinks=0,max_bias=8.000000,logit_softcap=0.000000,prec=f32,type_K=q8_0,type_V=q8_0,permute=[0,1,2,3]): [1;32mOK[0m
  FLASH_ATTN_EXT(hsk=64,hsv=64,nh=4,nr23=[1,1],kv=512,nb=1,mask=1,sinks=0,max_bias=8.000000,logit_softcap=0.000000,prec=f32,type_K=q5_1,type_V=q5_1,permute=[0,1,2,3]): not supported [ROCm0] 
  FLASH_ATTN_EXT(hsk=64,hsv=64,nh=4,nr23=[1,1],kv=512,nb=1,mask=1,sinks=0,max_bias=8.000000,logit_softcap=0.000000,prec=f32,type_K=q5_0,type_V=q5_0,permute=[0,1,2,3]): not supported [ROCm0] 
  FLASH_ATTN_EXT(hsk=64,hsv=64,nh=4,nr23=[1,1],kv=512,nb=1,mask=1,sinks=0,max_bias=8.000000,logit_softcap=0.000000,prec=f32,type_K=q4_1,type_V=q4_1,permute=[0,1,2,3]): not supported [ROCm0] 
  FLASH_ATTN_EXT(hsk=64,hsv=64,nh=4,nr23=[1,1],kv=512,nb=1,mask=1,sinks=0,max_bias=8.000000,logit_softcap=0.000000,prec=f32,type_K=q4_0,type_V=q4_0,permute=[0,1,2,3]): [1;32mOK[0m
  FLASH_ATTN_EXT(hsk=64,hsv=64,nh=4,nr23=[1,1],kv=512,nb=1,mask=1,sinks=0,max_bias=8.000000,logit_softcap=0.000000,prec=f32,type_K=iq4_nl,type_V=iq4_nl,permute=[0,1,2,3]): not supported [ROCm0] 
  FLASH_ATTN_EXT(hsk=64,hsv=64,nh=4,nr23=[1,1],kv=512,nb=3,mask=1,sinks=0,max_bias=8.000000,logit_softcap=0.000000,prec=f32,type_K=f32,type_V=f32,permute=[0,1,2,3]): [1;32mOK[0m
  FLASH_ATTN_EXT(hsk=64,hsv=64,nh=4,nr23=[1,1],kv=512,nb=3,mask=1,sinks=0,max_bias=8.000000,logit_softcap=0.000000,prec=f32,type_K=f16,type_V=f16,permute=[0,1,2,3]): [1;32mOK[0m
  FLASH_ATTN_EXT(hsk=64,hsv=64,nh=4,nr23=[1,1],kv=512,nb=3,mask=1,sinks=0,max_bias=8.000000,logit_softcap=0.000000,prec=f32,type_K=bf16,type_V=bf16,permute=[0,1,2,3]): [1;32mOK[0m
  FLASH_ATTN_EXT(hsk=64,hsv=64,nh=4,nr23=[1,1],kv=512,nb=3,mask=1,sinks=0,max_bias=8.000000,logit_softcap=0.000000,prec=f32,type_K=q8_0,type_V=q8_0,permute=[0,1,2,3]): [1;32mOK[0m
  FLASH_ATTN_EXT(hsk=64,hsv=64,nh=4,nr23=[1,1],kv=512,nb=3,mask=1,sinks=0,max_bias=8.000000,logit_softcap=0.000000,prec=f32,type_K=q5_1,type_V=q5_1,permute=[0,1,2,3]): not supported [ROCm0] 
  FLASH_ATTN_EXT(hsk=64,hsv=64,nh=4,nr23=[1,1],kv=512,nb=3,mask=1,sinks=0,max_bias=8.000000,logit_softcap=0.000000,prec=f32,type_K=q5_0,type_V=q5_0,permute=[0,1,2,3]): not supported [ROCm0] 
  FLASH_ATTN_EXT(hsk=64,hsv=64,nh=4,nr23=[1,1],kv=512,nb=3,mask=1,sinks=0,max_bias=8.000000,logit_softcap=0.000000,prec=f32,type_K=q4_1,type_V=q4_1,permute=[0,1,2,3]): not supported [ROCm0] 
  FLASH_ATTN_EXT(hsk=64,hsv=64,nh=4,nr23=[1,1],kv=512,nb=3,mask=1,sinks=0,max_bias=8.000000,logit_softcap=0.000000,prec=f32,type_K=q4_0,type_V=q4_0,permute=[0,1,2,3]): [1;32mOK[0m
  FLASH_ATTN_EXT(hsk=64,hsv=64,nh=4,nr23=[1,1],kv=512,nb=3,mask=1,sinks=0,max_bias=8.000000,logit_softcap=0.000000,prec=f32,type_K=iq4_nl,type_V=iq4_nl,permute=[0,1,2,3]): not supported [ROCm0] 
  FLASH_ATTN_EXT(hsk=64,hsv=64,nh=4,nr23=[1,1],kv=512,nb=32,mask=1,sinks=0,max_bias=8.000000,logit_softcap=0.000000,prec=f32,type_K=f32,type_V=f32,permute=[0,1,2,3]): [1;32mOK[0m
  FLASH_ATTN_EXT(hsk=64,hsv=64,nh=4,nr23=[1,1],kv=512,nb=32,mask=1,sinks=0,max_bias=8.000000,logit_softcap=0.000000,prec=f32,type_K=f16,type_V=f16,permute=[0,1,2,3]): [1;32mOK[0m
  FLASH_ATTN_EXT(hsk=64,hsv=64,nh=4,nr23=[1,1],kv=512,nb=32,mask=1,sinks=0,max_bias=8.000000,logit_softcap=0.000000,prec=f32,type_K=bf16,type_V=bf16,permute=[0,1,2,3]): [1;32mOK[0m
  FLASH_ATTN_EXT(hsk=64,hsv=64,nh=4,nr23=[1,1],kv=512,nb=32,mask=1,sinks=0,max_bias=8.000000,logit_softcap=0.000000,prec=f32,type_K=q8_0,type_V=q8_0,permute=[0,1,2,3]): [1;32mOK[0m
  FLASH_ATTN_EXT(hsk=64,hsv=64,nh=4,nr23=[1,1],kv=512,nb=32,mask=1,sinks=0,max_bias=8.000000,logit_softcap=0.000000,prec=f32,type_K=q5_1,type_V=q5_1,permute=[0,1,2,3]): not supported [ROCm0] 
  FLASH_ATTN_EXT(hsk=64,hsv=64,nh=4,nr23=[1,1],kv=512,nb=32,mask=1,sinks=0,max_bias=8.000000,logit_softcap=0.000000,prec=f32,type_K=q5_0,type_V=q5_0,permute=[0,1,2,3]): not supported [ROCm0] 
  FLASH_ATTN_EXT(hsk=64,hsv=64,nh=4,nr23=[1,1],kv=512,nb=32,mask=1,sinks=0,max_bias=8.000000,logit_softcap=0.000000,prec=f32,type_K=q4_1,type_V=q4_1,permute=[0,1,2,3]): not supported [ROCm0] 
  FLASH_ATTN_EXT(hsk=64,hsv=64,nh=4,nr23=[1,1],kv=512,nb=32,mask=1,sinks=0,max_bias=8.000000,logit_softcap=0.000000,prec=f32,type_K=q4_0,type_V=q4_0,permute=[0,1,2,3]): [1;32mOK[0m
  FLASH_ATTN_EXT(hsk=64,hsv=64,nh=4,nr23=[1,1],kv=512,nb=32,mask=1,sinks=0,max_bias=8.000000,logit_softcap=0.000000,prec=f32,type_K=iq4_nl,type_V=iq4_nl,permute=[0,1,2,3]): not supported [ROCm0] 
  FLASH_ATTN_EXT(hsk=64,hsv=64,nh=4,nr23=[1,1],kv=512,nb=75,mask=1,sinks=0,max_bias=8.000000,logit_softcap=0.000000,prec=f32,type_K=f32,type_V=f32,permute=[0,1,2,3]): [1;32mOK[0m
  FLASH_ATTN_EXT(hsk=64,hsv=64,nh=4,nr23=[1,1],kv=512,nb=75,mask=1,sinks=0,max_bias=8.000000,logit_softcap=0.000000,prec=f32,type_K=f16,type_V=f16,permute=[0,1,2,3]): [1;32mOK[0m
  FLASH_ATTN_EXT(hsk=64,hsv=64,nh=4,nr23=[1,1],kv=512,nb=75,mask=1,sinks=0,max_bias=8.000000,logit_softcap=0.000000,prec=f32,type_K=bf16,type_V=bf16,permute=[0,1,2,3]): [1;32mOK[0m
  FLASH_ATTN_EXT(hsk=64,hsv=64,nh=4,nr23=[1,1],kv=512,nb=75,mask=1,sinks=0,max_bias=8.000000,logit_softcap=0.000000,prec=f32,type_K=q8_0,type_V=q8_0,permute=[0,1,2,3]): [1;32mOK[0m
  FLASH_ATTN_EXT(hsk=64,hsv=64,nh=4,nr23=[1,1],kv=512,nb=75,mask=1,sinks=0,max_bias=8.000000,logit_softcap=0.000000,prec=f32,type_K=q5_1,type_V=q5_1,permute=[0,1,2,3]): not supported [ROCm0] 
  FLASH_ATTN_EXT(hsk=64,hsv=64,nh=4,nr23=[1,1],kv=512,nb=75,mask=1,sinks=0,max_bias=8.000000,logit_softcap=0.000000,prec=f32,type_K=q5_0,type_V=q5_0,permute=[0,1,2,3]): not supported [ROCm0] 
  FLASH_ATTN_EXT(hsk=64,hsv=64,nh=4,nr23=[1,1],kv=512,nb=75,mask=1,sinks=0,max_bias=8.000000,logit_softcap=0.000000,prec=f32,type_K=q4_1,type_V=q4_1,permute=[0,1,2,3]): not supported [ROCm0] 
  FLASH_ATTN_EXT(hsk=64,hsv=64,nh=4,nr23=[1,1],kv=512,nb=75,mask=1,sinks=0,max_bias=8.000000,logit_softcap=0.000000,prec=f32,type_K=q4_0,type_V=q4_0,permute=[0,1,2,3]): [1;32mOK[0m
  FLASH_ATTN_EXT(hsk=64,hsv=64,nh=4,nr23=[1,1],kv=512,nb=75,mask=1,sinks=0,max_bias=8.000000,logit_softcap=0.000000,prec=f32,type_K=iq4_nl,type_V=iq4_nl,permute=[0,1,2,3]): not supported [ROCm0] 
  FLASH_ATTN_EXT(hsk=64,hsv=64,nh=4,nr23=[1,1],kv=1024,nb=1,mask=1,sinks=0,max_bias=8.000000,logit_softcap=0.000000,prec=f32,type_K=f32,type_V=f32,permute=[0,1,2,3]): [1;32mOK[0m
  FLASH_ATTN_EXT(hsk=64,hsv=64,nh=4,nr23=[1,1],kv=1024,nb=1,mask=1,sinks=0,max_bias=8.000000,logit_softcap=0.000000,prec=f32,type_K=f16,type_V=f16,permute=[0,1,2,3]): [1;32mOK[0m
  FLASH_ATTN_EXT(hsk=64,hsv=64,nh=4,nr23=[1,1],kv=1024,nb=1,mask=1,sinks=0,max_bias=8.000000,logit_softcap=0.000000,prec=f32,type_K=bf16,type_V=bf16,permute=[0,1,2,3]): [1;32mOK[0m
  FLASH_ATTN_EXT(hsk=64,hsv=64,nh=4,nr23=[1,1],kv=1024,nb=1,mask=1,sinks=0,max_bias=8.000000,logit_softcap=0.000000,prec=f32,type_K=q8_0,type_V=q8_0,permute=[0,1,2,3]): [1;32mOK[0m
  FLASH_ATTN_EXT(hsk=64,hsv=64,nh=4,nr23=[1,1],kv=1024,nb=1,mask=1,sinks=0,max_bias=8.000000,logit_softcap=0.000000,prec=f32,type_K=q5_1,type_V=q5_1,permute=[0,1,2,3]): not supported [ROCm0] 
  FLASH_ATTN_EXT(hsk=64,hsv=64,nh=4,nr23=[1,1],kv=1024,nb=1,mask=1,sinks=0,max_bias=8.000000,logit_softcap=0.000000,prec=f32,type_K=q5_0,type_V=q5_0,permute=[0,1,2,3]): not supported [ROCm0] 
  FLASH_ATTN_EXT(hsk=64,hsv=64,nh=4,nr23=[1,1],kv=1024,nb=1,mask=1,sinks=0,max_bias=8.000000,logit_softcap=0.000000,prec=f32,type_K=q4_1,type_V=q4_1,permute=[0,1,2,3]): not supported [ROCm0] 
  FLASH_ATTN_EXT(hsk=64,hsv=64,nh=4,nr23=[1,1],kv=1024,nb=1,mask=1,sinks=0,max_bias=8.000000,logit_softcap=0.000000,prec=f32,type_K=q4_0,type_V=q4_0,permute=[0,1,2,3]): [1;32mOK[0m
  FLASH_ATTN_EXT(hsk=64,hsv=64,nh=4,nr23=[1,1],kv=1024,nb=1,mask=1,sinks=0,max_bias=8.000000,logit_softcap=0.000000,prec=f32,type_K=iq4_nl,type_V=iq4_nl,permute=[0,1,2,3]): not supported [ROCm0] 
  FLASH_ATTN_EXT(hsk=64,hsv=64,nh=4,nr23=[1,1],kv=1024,nb=3,mask=1,sinks=0,max_bias=8.000000,logit_softcap=0.000000,prec=f32,type_K=f32,type_V=f32,permute=[0,1,2,3]): [1;32mOK[0m
  FLASH_ATTN_EXT(hsk=64,hsv=64,nh=4,nr23=[1,1],kv=1024,nb=3,mask=1,sinks=0,max_bias=8.000000,logit_softcap=0.000000,prec=f32,type_K=f16,type_V=f16,permute=[0,1,2,3]): [1;32mOK[0m
  FLASH_ATTN_EXT(hsk=64,hsv=64,nh=4,nr23=[1,1],kv=1024,nb=3,mask=1,sinks=0,max_bias=8.000000,logit_softcap=0.000000,prec=f32,type_K=bf16,type_V=bf16,permute=[0,1,2,3]): [1;32mOK[0m
  FLASH_ATTN_EXT(hsk=64,hsv=64,nh=4,nr23=[1,1],kv=1024,nb=3,mask=1,sinks=0,max_bias=8.000000,logit_softcap=0.000000,prec=f32,type_K=q8_0,type_V=q8_0,permute=[0,1,2,3]): [1;32mOK[0m
  FLASH_ATTN_EXT(hsk=64,hsv=64,nh=4,nr23=[1,1],kv=1024,nb=3,mask=1,sinks=0,max_bias=8.000000,logit_softcap=0.000000,prec=f32,type_K=q5_1,type_V=q5_1,permute=[0,1,2,3]): not supported [ROCm0] 
  FLASH_ATTN_EXT(hsk=64,hsv=64,nh=4,nr23=[1,1],kv=1024,nb=3,mask=1,sinks=0,max_bias=8.000000,logit_softcap=0.000000,prec=f32,type_K=q5_0,type_V=q5_0,permute=[0,1,2,3]): not supported [ROCm0] 
  FLASH_ATTN_EXT(hsk=64,hsv=64,nh=4,nr23=[1,1],kv=1024,nb=3,mask=1,sinks=0,max_bias=8.000000,logit_softcap=0.000000,prec=f32,type_K=q4_1,type_V=q4_1,permute=[0,1,2,3]): not supported [ROCm0] 
  FLASH_ATTN_EXT(hsk=64,hsv=64,nh=4,nr23=[1,1],kv=1024,nb=3,mask=1,sinks=0,max_bias=8.000000,logit_softcap=0.000000,prec=f32,type_K=q4_0,type_V=q4_0,permute=[0,1,2,3]): [1;32mOK[0m
  FLASH_ATTN_EXT(hsk=64,hsv=64,nh=4,nr23=[1,1],kv=1024,nb=3,mask=1,sinks=0,max_bias=8.000000,logit_softcap=0.000000,prec=f32,type_K=iq4_nl,type_V=iq4_nl,permute=[0,1,2,3]): not supported [ROCm0] 
  FLASH_ATTN_EXT(hsk=64,hsv=64,nh=4,nr23=[1,1],kv=1024,nb=32,mask=1,sinks=0,max_bias=8.000000,logit_softcap=0.000000,prec=f32,type_K=f32,type_V=f32,permute=[0,1,2,3]): [1;32mOK[0m
  FLASH_ATTN_EXT(hsk=64,hsv=64,nh=4,nr23=[1,1],kv=1024,nb=32,mask=1,sinks=0,max_bias=8.000000,logit_softcap=0.000000,prec=f32,type_K=f16,type_V=f16,permute=[0,1,2,3]): [1;32mOK[0m
  FLASH_ATTN_EXT(hsk=64,hsv=64,nh=4,nr23=[1,1],kv=1024,nb=32,mask=1,sinks=0,max_bias=8.000000,logit_softcap=0.000000,prec=f32,type_K=bf16,type_V=bf16,permute=[0,1,2,3]): [1;32mOK[0m
  FLASH_ATTN_EXT(hsk=64,hsv=64,nh=4,nr23=[1,1],kv=1024,nb=32,mask=1,sinks=0,max_bias=8.000000,logit_softcap=0.000000,prec=f32,type_K=q8_0,type_V=q8_0,permute=[0,1,2,3]): [1;32mOK[0m
  FLASH_ATTN_EXT(hsk=64,hsv=64,nh=4,nr23=[1,1],kv=1024,nb=32,mask=1,sinks=0,max_bias=8.000000,logit_softcap=0.000000,prec=f32,type_K=q5_1,type_V=q5_1,permute=[0,1,2,3]): not supported [ROCm0] 
  FLASH_ATTN_EXT(hsk=64,hsv=64,nh=4,nr23=[1,1],kv=1024,nb=32,mask=1,sinks=0,max_bias=8.000000,logit_softcap=0.000000,prec=f32,type_K=q5_0,type_V=q5_0,permute=[0,1,2,3]): not supported [ROCm0] 
  FLASH_ATTN_EXT(hsk=64,hsv=64,nh=4,nr23=[1,1],kv=1024,nb=32,mask=1,sinks=0,max_bias=8.000000,logit_softcap=0.000000,prec=f32,type_K=q4_1,type_V=q4_1,permute=[0,1,2,3]): not supported [ROCm0] 
  FLASH_ATTN_EXT(hsk=64,hsv=64,nh=4,nr23=[1,1],kv=1024,nb=32,mask=1,sinks=0,max_bias=8.000000,logit_softcap=0.000000,prec=f32,type_K=q4_0,type_V=q4_0,permute=[0,1,2,3]): [1;32mOK[0m
  FLASH_ATTN_EXT(hsk=64,hsv=64,nh=4,nr23=[1,1],kv=1024,nb=32,mask=1,sinks=0,max_bias=8.000000,logit_softcap=0.000000,prec=f32,type_K=iq4_nl,type_V=iq4_nl,permute=[0,1,2,3]): not supported [ROCm0] 
  FLASH_ATTN_EXT(hsk=64,hsv=64,nh=4,nr23=[1,1],kv=1024,nb=75,mask=1,sinks=0,max_bias=8.000000,logit_softcap=0.000000,prec=f32,type_K=f32,type_V=f32,permute=[0,1,2,3]): [1;32mOK[0m
  FLASH_ATTN_EXT(hsk=64,hsv=64,nh=4,nr23=[1,1],kv=1024,nb=75,mask=1,sinks=0,max_bias=8.000000,logit_softcap=0.000000,prec=f32,type_K=f16,type_V=f16,permute=[0,1,2,3]): [1;32mOK[0m
  FLASH_ATTN_EXT(hsk=64,hsv=64,nh=4,nr23=[1,1],kv=1024,nb=75,mask=1,sinks=0,max_bias=8.000000,logit_softcap=0.000000,prec=f32,type_K=bf16,type_V=bf16,permute=[0,1,2,3]): [1;32mOK[0m
  FLASH_ATTN_EXT(hsk=64,hsv=64,nh=4,nr23=[1,1],kv=1024,nb=75,mask=1,sinks=0,max_bias=8.000000,logit_softcap=0.000000,prec=f32,type_K=q8_0,type_V=q8_0,permute=[0,1,2,3]): [1;32mOK[0m
  FLASH_ATTN_EXT(hsk=64,hsv=64,nh=4,nr23=[1,1],kv=1024,nb=75,mask=1,sinks=0,max_bias=8.000000,logit_softcap=0.000000,prec=f32,type_K=q5_1,type_V=q5_1,permute=[0,1,2,3]): not supported [ROCm0] 
  FLASH_ATTN_EXT(hsk=64,hsv=64,nh=4,nr23=[1,1],kv=1024,nb=75,mask=1,sinks=0,max_bias=8.000000,logit_softcap=0.000000,prec=f32,type_K=q5_0,type_V=q5_0,permute=[0,1,2,3]): not supported [ROCm0] 
  FLASH_ATTN_EXT(hsk=64,hsv=64,nh=4,nr23=[1,1],kv=1024,nb=75,mask=1,sinks=0,max_bias=8.000000,logit_softcap=0.000000,prec=f32,type_K=q4_1,type_V=q4_1,permute=[0,1,2,3]): not supported [ROCm0] 
  FLASH_ATTN_EXT(hsk=64,hsv=64,nh=4,nr23=[1,1],kv=1024,nb=75,mask=1,sinks=0,max_bias=8.000000,logit_softcap=0.000000,prec=f32,type_K=q4_0,type_V=q4_0,permute=[0,1,2,3]): [1;32mOK[0m
  FLASH_ATTN_EXT(hsk=64,hsv=64,nh=4,nr23=[1,1],kv=1024,nb=75,mask=1,sinks=0,max_bias=8.000000,logit_softcap=0.000000,prec=f32,type_K=iq4_nl,type_V=iq4_nl,permute=[0,1,2,3]): not supported [ROCm0] 
  FLASH_ATTN_EXT(hsk=64,hsv=64,nh=4,nr23=[4,1],kv=512,nb=1,mask=1,sinks=0,max_bias=8.000000,logit_softcap=0.000000,prec=f32,type_K=f32,type_V=f32,permute=[0,1,2,3]): [1;32mOK[0m
  FLASH_ATTN_EXT(hsk=64,hsv=64,nh=4,nr23=[4,1],kv=512,nb=1,mask=1,sinks=0,max_bias=8.000000,logit_softcap=0.000000,prec=f32,type_K=f16,type_V=f16,permute=[0,1,2,3]): [1;32mOK[0m
  FLASH_ATTN_EXT(hsk=64,hsv=64,nh=4,nr23=[4,1],kv=512,nb=1,mask=1,sinks=0,max_bias=8.000000,logit_softcap=0.000000,prec=f32,type_K=bf16,type_V=bf16,permute=[0,1,2,3]): [1;32mOK[0m
  FLASH_ATTN_EXT(hsk=64,hsv=64,nh=4,nr23=[4,1],kv=512,nb=1,mask=1,sinks=0,max_bias=8.000000,logit_softcap=0.000000,prec=f32,type_K=q8_0,type_V=q8_0,permute=[0,1,2,3]): [1;32mOK[0m
  FLASH_ATTN_EXT(hsk=64,hsv=64,nh=4,nr23=[4,1],kv=512,nb=1,mask=1,sinks=0,max_bias=8.000000,logit_softcap=0.000000,prec=f32,type_K=q5_1,type_V=q5_1,permute=[0,1,2,3]): not supported [ROCm0] 
  FLASH_ATTN_EXT(hsk=64,hsv=64,nh=4,nr23=[4,1],kv=512,nb=1,mask=1,sinks=0,max_bias=8.000000,logit_softcap=0.000000,prec=f32,type_K=q5_0,type_V=q5_0,permute=[0,1,2,3]): not supported [ROCm0] 
  FLASH_ATTN_EXT(hsk=64,hsv=64,nh=4,nr23=[4,1],kv=512,nb=1,mask=1,sinks=0,max_bias=8.000000,logit_softcap=0.000000,prec=f32,type_K=q4_1,type_V=q4_1,permute=[0,1,2,3]): not supported [ROCm0] 
  FLASH_ATTN_EXT(hsk=64,hsv=64,nh=4,nr23=[4,1],kv=512,nb=1,mask=1,sinks=0,max_bias=8.000000,logit_softcap=0.000000,prec=f32,type_K=q4_0,type_V=q4_0,permute=[0,1,2,3]): [1;32mOK[0m
  FLASH_ATTN_EXT(hsk=64,hsv=64,nh=4,nr23=[4,1],kv=512,nb=1,mask=1,sinks=0,max_bias=8.000000,logit_softcap=0.000000,prec=f32,type_K=iq4_nl,type_V=iq4_nl,permute=[0,1,2,3]): not supported [ROCm0] 
  FLASH_ATTN_EXT(hsk=64,hsv=64,nh=4,nr23=[4,1],kv=512,nb=3,mask=1,sinks=0,max_bias=8.000000,logit_softcap=0.000000,prec=f32,type_K=f32,type_V=f32,permute=[0,1,2,3]): [1;32mOK[0m
  FLASH_ATTN_EXT(hsk=64,hsv=64,nh=4,nr23=[4,1],kv=512,nb=3,mask=1,sinks=0,max_bias=8.000000,logit_softcap=0.000000,prec=f32,type_K=f16,type_V=f16,permute=[0,1,2,3]): [1;32mOK[0m
  FLASH_ATTN_EXT(hsk=64,hsv=64,nh=4,nr23=[4,1],kv=512,nb=3,mask=1,sinks=0,max_bias=8.000000,logit_softcap=0.000000,prec=f32,type_K=bf16,type_V=bf16,permute=[0,1,2,3]): [1;32mOK[0m
  FLASH_ATTN_EXT(hsk=64,hsv=64,nh=4,nr23=[4,1],kv=512,nb=3,mask=1,sinks=0,max_bias=8.000000,logit_softcap=0.000000,prec=f32,type_K=q8_0,type_V=q8_0,permute=[0,1,2,3]): [1;32mOK[0m
  FLASH_ATTN_EXT(hsk=64,hsv=64,nh=4,nr23=[4,1],kv=512,nb=3,mask=1,sinks=0,max_bias=8.000000,logit_softcap=0.000000,prec=f32,type_K=q5_1,type_V=q5_1,permute=[0,1,2,3]): not supported [ROCm0] 
  FLASH_ATTN_EXT(hsk=64,hsv=64,nh=4,nr23=[4,1],kv=512,nb=3,mask=1,sinks=0,max_bias=8.000000,logit_softcap=0.000000,prec=f32,type_K=q5_0,type_V=q5_0,permute=[0,1,2,3]): not supported [ROCm0] 
  FLASH_ATTN_EXT(hsk=64,hsv=64,nh=4,nr23=[4,1],kv=512,nb=3,mask=1,sinks=0,max_bias=8.000000,logit_softcap=0.000000,prec=f32,type_K=q4_1,type_V=q4_1,permute=[0,1,2,3]): not supported [ROCm0] 
  FLASH_ATTN_EXT(hsk=64,hsv=64,nh=4,nr23=[4,1],kv=512,nb=3,mask=1,sinks=0,max_bias=8.000000,logit_softcap=0.000000,prec=f32,type_K=q4_0,type_V=q4_0,permute=[0,1,2,3]): [1;32mOK[0m
  FLASH_ATTN_EXT(hsk=64,hsv=64,nh=4,nr23=[4,1],kv=512,nb=3,mask=1,sinks=0,max_bias=8.000000,logit_softcap=0.000000,prec=f32,type_K=iq4_nl,type_V=iq4_nl,permute=[0,1,2,3]): not supported [ROCm0] 
  FLASH_ATTN_EXT(hsk=64,hsv=64,nh=4,nr23=[4,1],kv=512,nb=32,mask=1,sinks=0,max_bias=8.000000,logit_softcap=0.000000,prec=f32,type_K=f32,type_V=f32,permute=[0,1,2,3]): [1;32mOK[0m
  FLASH_ATTN_EXT(hsk=64,hsv=64,nh=4,nr23=[4,1],kv=512,nb=32,mask=1,sinks=0,max_bias=8.000000,logit_softcap=0.000000,prec=f32,type_K=f16,type_V=f16,permute=[0,1,2,3]): [1;32mOK[0m
  FLASH_ATTN_EXT(hsk=64,hsv=64,nh=4,nr23=[4,1],kv=512,nb=32,mask=1,sinks=0,max_bias=8.000000,logit_softcap=0.000000,prec=f32,type_K=bf16,type_V=bf16,permute=[0,1,2,3]): [1;32mOK[0m
  FLASH_ATTN_EXT(hsk=64,hsv=64,nh=4,nr23=[4,1],kv=512,nb=32,mask=1,sinks=0,max_bias=8.000000,logit_softcap=0.000000,prec=f32,type_K=q8_0,type_V=q8_0,permute=[0,1,2,3]): [1;32mOK[0m
  FLASH_ATTN_EXT(hsk=64,hsv=64,nh=4,nr23=[4,1],kv=512,nb=32,mask=1,sinks=0,max_bias=8.000000,logit_softcap=0.000000,prec=f32,type_K=q5_1,type_V=q5_1,permute=[0,1,2,3]): not supported [ROCm0] 
  FLASH_ATTN_EXT(hsk=64,hsv=64,nh=4,nr23=[4,1],kv=512,nb=32,mask=1,sinks=0,max_bias=8.000000,logit_softcap=0.000000,prec=f32,type_K=q5_0,type_V=q5_0,permute=[0,1,2,3]): not supported [ROCm0] 
  FLASH_ATTN_EXT(hsk=64,hsv=64,nh=4,nr23=[4,1],kv=512,nb=32,mask=1,sinks=0,max_bias=8.000000,logit_softcap=0.000000,prec=f32,type_K=q4_1,type_V=q4_1,permute=[0,1,2,3]): not supported [ROCm0] 
  FLASH_ATTN_EXT(hsk=64,hsv=64,nh=4,nr23=[4,1],kv=512,nb=32,mask=1,sinks=0,max_bias=8.000000,logit_softcap=0.000000,prec=f32,type_K=q4_0,type_V=q4_0,permute=[0,1,2,3]): [1;32mOK[0m
  FLASH_ATTN_EXT(hsk=64,hsv=64,nh=4,nr23=[4,1],kv=512,nb=32,mask=1,sinks=0,max_bias=8.000000,logit_softcap=0.000000,prec=f32,type_K=iq4_nl,type_V=iq4_nl,permute=[0,1,2,3]): not supported [ROCm0] 
  FLASH_ATTN_EXT(hsk=64,hsv=64,nh=4,nr23=[4,1],kv=512,nb=75,mask=1,sinks=0,max_bias=8.000000,logit_softcap=0.000000,prec=f32,type_K=f32,type_V=f32,permute=[0,1,2,3]): [1;32mOK[0m
  FLASH_ATTN_EXT(hsk=64,hsv=64,nh=4,nr23=[4,1],kv=512,nb=75,mask=1,sinks=0,max_bias=8.000000,logit_softcap=0.000000,prec=f32,type_K=f16,type_V=f16,permute=[0,1,2,3]): [1;32mOK[0m
  FLASH_ATTN_EXT(hsk=64,hsv=64,nh=4,nr23=[4,1],kv=512,nb=75,mask=1,sinks=0,max_bias=8.000000,logit_softcap=0.000000,prec=f32,type_K=bf16,type_V=bf16,permute=[0,1,2,3]): [1;32mOK[0m
  FLASH_ATTN_EXT(hsk=64,hsv=64,nh=4,nr23=[4,1],kv=512,nb=75,mask=1,sinks=0,max_bias=8.000000,logit_softcap=0.000000,prec=f32,type_K=q8_0,type_V=q8_0,permute=[0,1,2,3]): [1;32mOK[0m
  FLASH_ATTN_EXT(hsk=64,hsv=64,nh=4,nr23=[4,1],kv=512,nb=75,mask=1,sinks=0,max_bias=8.000000,logit_softcap=0.000000,prec=f32,type_K=q5_1,type_V=q5_1,permute=[0,1,2,3]): not supported [ROCm0] 
  FLASH_ATTN_EXT(hsk=64,hsv=64,nh=4,nr23=[4,1],kv=512,nb=75,mask=1,sinks=0,max_bias=8.000000,logit_softcap=0.000000,prec=f32,type_K=q5_0,type_V=q5_0,permute=[0,1,2,3]): not supported [ROCm0] 
  FLASH_ATTN_EXT(hsk=64,hsv=64,nh=4,nr23=[4,1],kv=512,nb=75,mask=1,sinks=0,max_bias=8.000000,logit_softcap=0.000000,prec=f32,type_K=q4_1,type_V=q4_1,permute=[0,1,2,3]): ggml_backend_cuda_graph_compute: CUDA graph warmup complete
ggml_backend_cuda_graph_compute: CUDA graph warmup complete
not supported [ROCm0] 
  FLASH_ATTN_EXT(hsk=64,hsv=64,nh=4,nr23=[4,1],kv=512,nb=75,mask=1,sinks=0,max_bias=8.000000,logit_softcap=0.000000,prec=f32,type_K=q4_0,type_V=q4_0,permute=[0,1,2,3]): [1;32mOK[0m
  FLASH_ATTN_EXT(hsk=64,hsv=64,nh=4,nr23=[4,1],kv=512,nb=75,mask=1,sinks=0,max_bias=8.000000,logit_softcap=0.000000,prec=f32,type_K=iq4_nl,type_V=iq4_nl,permute=[0,1,2,3]): ggml_backend_cuda_graph_compute: CUDA graph warmup reset
ggml_backend_cuda_graph_compute: CUDA graph warmup reset
not supported [ROCm0] 
  FLASH_ATTN_EXT(hsk=64,hsv=64,nh=4,nr23=[1,3],kv=113,nb=1,mask=1,sinks=0,max_bias=8.000000,logit_softcap=0.000000,prec=f32,type_K=f32,type_V=f32,permute=[0,1,2,3]): [1;32mOK[0m
  FLASH_ATTN_EXT(hsk=64,hsv=64,nh=4,nr23=[1,3],kv=113,nb=1,mask=1,sinks=0,max_bias=8.000000,logit_softcap=0.000000,prec=f32,type_K=f16,type_V=f16,permute=[0,1,2,3]): [1;32mOK[0m
  FLASH_ATTN_EXT(hsk=64,hsv=64,nh=4,nr23=[1,3],kv=113,nb=1,mask=1,sinks=0,max_bias=8.000000,logit_softcap=0.000000,prec=f32,type_K=bf16,type_V=bf16,permute=[0,1,2,3]): ggml_backend_cuda_graph_compute: CUDA graph warmup complete
ggml_backend_cuda_graph_compute: CUDA graph warmup complete
[1;32mOK[0m
  FLASH_ATTN_EXT(hsk=64,hsv=64,nh=4,nr23=[1,3],kv=113,nb=1,mask=1,sinks=0,max_bias=8.000000,logit_softcap=0.000000,prec=f32,type_K=q8_0,type_V=q8_0,permute=[0,1,2,3]): [1;32mOK[0m
  FLASH_ATTN_EXT(hsk=64,hsv=64,nh=4,nr23=[1,3],kv=113,nb=1,mask=1,sinks=0,max_bias=8.000000,logit_softcap=0.000000,prec=f32,type_K=q5_1,type_V=q5_1,permute=[0,1,2,3]): not supported [ROCm0] 
  FLASH_ATTN_EXT(hsk=64,hsv=64,nh=4,nr23=[1,3],kv=113,nb=1,mask=1,sinks=0,max_bias=8.000000,logit_softcap=0.000000,prec=f32,type_K=q5_0,type_V=q5_0,permute=[0,1,2,3]): not supported [ROCm0] 
  FLASH_ATTN_EXT(hsk=64,hsv=64,nh=4,nr23=[1,3],kv=113,nb=1,mask=1,sinks=0,max_bias=8.000000,logit_softcap=0.000000,prec=f32,type_K=q4_1,type_V=q4_1,permute=[0,1,2,3]): ggml_backend_cuda_graph_compute: CUDA graph warmup reset
ggml_backend_cuda_graph_compute: CUDA graph warmup reset
not supported [ROCm0] 
  FLASH_ATTN_EXT(hsk=64,hsv=64,nh=4,nr23=[1,3],kv=113,nb=1,mask=1,sinks=0,max_bias=8.000000,logit_softcap=0.000000,prec=f32,type_K=q4_0,type_V=q4_0,permute=[0,1,2,3]): [1;32mOK[0m
  FLASH_ATTN_EXT(hsk=64,hsv=64,nh=4,nr23=[1,3],kv=113,nb=1,mask=1,sinks=0,max_bias=8.000000,logit_softcap=0.000000,prec=f32,type_K=iq4_nl,type_V=iq4_nl,permute=[0,1,2,3]): not supported [ROCm0] 
  FLASH_ATTN_EXT(hsk=64,hsv=64,nh=4,nr23=[1,3],kv=113,nb=3,mask=1,sinks=0,max_bias=8.000000,logit_softcap=0.000000,prec=f32,type_K=f32,type_V=f32,permute=[0,1,2,3]): [1;32mOK[0m
  FLASH_ATTN_EXT(hsk=64,hsv=64,nh=4,nr23=[1,3],kv=113,nb=3,mask=1,sinks=0,max_bias=8.000000,logit_softcap=0.000000,prec=f32,type_K=f16,type_V=f16,permute=[0,1,2,3]): [1;32mOK[0m
  FLASH_ATTN_EXT(hsk=64,hsv=64,nh=4,nr23=[1,3],kv=113,nb=3,mask=1,sinks=0,max_bias=8.000000,logit_softcap=0.000000,prec=f32,type_K=bf16,type_V=bf16,permute=[0,1,2,3]): [1;32mOK[0m
  FLASH_ATTN_EXT(hsk=64,hsv=64,nh=4,nr23=[1,3],kv=113,nb=3,mask=1,sinks=0,max_bias=8.000000,logit_softcap=0.000000,prec=f32,type_K=q8_0,type_V=q8_0,permute=[0,1,2,3]): [1;32mOK[0m
  FLASH_ATTN_EXT(hsk=64,hsv=64,nh=4,nr23=[1,3],kv=113,nb=3,mask=1,sinks=0,max_bias=8.000000,logit_softcap=0.000000,prec=f32,type_K=q5_1,type_V=q5_1,permute=[0,1,2,3]): not supported [ROCm0] 
  FLASH_ATTN_EXT(hsk=64,hsv=64,nh=4,nr23=[1,3],kv=113,nb=3,mask=1,sinks=0,max_bias=8.000000,logit_softcap=0.000000,prec=f32,type_K=q5_0,type_V=q5_0,permute=[0,1,2,3]): not supported [ROCm0] 
  FLASH_ATTN_EXT(hsk=64,hsv=64,nh=4,nr23=[1,3],kv=113,nb=3,mask=1,sinks=0,max_bias=8.000000,logit_softcap=0.000000,prec=f32,type_K=q4_1,type_V=q4_1,permute=[0,1,2,3]): not supported [ROCm0] 
  FLASH_ATTN_EXT(hsk=64,hsv=64,nh=4,nr23=[1,3],kv=113,nb=3,mask=1,sinks=0,max_bias=8.000000,logit_softcap=0.000000,prec=f32,type_K=q4_0,type_V=q4_0,permute=[0,1,2,3]): [1;32mOK[0m
  FLASH_ATTN_EXT(hsk=64,hsv=64,nh=4,nr23=[1,3],kv=113,nb=3,mask=1,sinks=0,max_bias=8.000000,logit_softcap=0.000000,prec=f32,type_K=iq4_nl,type_V=iq4_nl,permute=[0,1,2,3]): not supported [ROCm0] 
  FLASH_ATTN_EXT(hsk=64,hsv=64,nh=4,nr23=[1,3],kv=113,nb=32,mask=1,sinks=0,max_bias=8.000000,logit_softcap=0.000000,prec=f32,type_K=f32,type_V=f32,permute=[0,1,2,3]): [1;32mOK[0m
  FLASH_ATTN_EXT(hsk=64,hsv=64,nh=4,nr23=[1,3],kv=113,nb=32,mask=1,sinks=0,max_bias=8.000000,logit_softcap=0.000000,prec=f32,type_K=f16,type_V=f16,permute=[0,1,2,3]): [1;32mOK[0m
  FLASH_ATTN_EXT(hsk=64,hsv=64,nh=4,nr23=[1,3],kv=113,nb=32,mask=1,sinks=0,max_bias=8.000000,logit_softcap=0.000000,prec=f32,type_K=bf16,type_V=bf16,permute=[0,1,2,3]): ggml_backend_cuda_graph_compute: CUDA graph warmup complete
ggml_backend_cuda_graph_compute: CUDA graph warmup complete
[1;32mOK[0m
  FLASH_ATTN_EXT(hsk=64,hsv=64,nh=4,nr23=[1,3],kv=113,nb=32,mask=1,sinks=0,max_bias=8.000000,logit_softcap=0.000000,prec=f32,type_K=q8_0,type_V=q8_0,permute=[0,1,2,3]): [1;32mOK[0m
  FLASH_ATTN_EXT(hsk=64,hsv=64,nh=4,nr23=[1,3],kv=113,nb=32,mask=1,sinks=0,max_bias=8.000000,logit_softcap=0.000000,prec=f32,type_K=q5_1,type_V=q5_1,permute=[0,1,2,3]): not supported [ROCm0] 
  FLASH_ATTN_EXT(hsk=64,hsv=64,nh=4,nr23=[1,3],kv=113,nb=32,mask=1,sinks=0,max_bias=8.000000,logit_softcap=0.000000,prec=f32,type_K=q5_0,type_V=q5_0,permute=[0,1,2,3]): not supported [ROCm0] 
  FLASH_ATTN_EXT(hsk=64,hsv=64,nh=4,nr23=[1,3],kv=113,nb=32,mask=1,sinks=0,max_bias=8.000000,logit_softcap=0.000000,prec=f32,type_K=q4_1,type_V=q4_1,permute=[0,1,2,3]): ggml_backend_cuda_graph_compute: CUDA graph warmup reset
ggml_backend_cuda_graph_compute: CUDA graph warmup reset
not supported [ROCm0] 
  FLASH_ATTN_EXT(hsk=64,hsv=64,nh=4,nr23=[1,3],kv=113,nb=32,mask=1,sinks=0,max_bias=8.000000,logit_softcap=0.000000,prec=f32,type_K=q4_0,type_V=q4_0,permute=[0,1,2,3]): [1;32mOK[0m
  FLASH_ATTN_EXT(hsk=64,hsv=64,nh=4,nr23=[1,3],kv=113,nb=32,mask=1,sinks=0,max_bias=8.000000,logit_softcap=0.000000,prec=f32,type_K=iq4_nl,type_V=iq4_nl,permute=[0,1,2,3]): not supported [ROCm0] 
  FLASH_ATTN_EXT(hsk=64,hsv=64,nh=4,nr23=[1,3],kv=113,nb=75,mask=1,sinks=0,max_bias=8.000000,logit_softcap=0.000000,prec=f32,type_K=f32,type_V=f32,permute=[0,1,2,3]): [1;32mOK[0m
  FLASH_ATTN_EXT(hsk=64,hsv=64,nh=4,nr23=[1,3],kv=113,nb=75,mask=1,sinks=0,max_bias=8.000000,logit_softcap=0.000000,prec=f32,type_K=f16,type_V=f16,permute=[0,1,2,3]): [1;32mOK[0m
  FLASH_ATTN_EXT(hsk=64,hsv=64,nh=4,nr23=[1,3],kv=113,nb=75,mask=1,sinks=0,max_bias=8.000000,logit_softcap=0.000000,prec=f32,type_K=bf16,type_V=bf16,permute=[0,1,2,3]): [1;32mOK[0m
  FLASH_ATTN_EXT(hsk=64,hsv=64,nh=4,nr23=[1,3],kv=113,nb=75,mask=1,sinks=0,max_bias=8.000000,logit_softcap=0.000000,prec=f32,type_K=q8_0,type_V=q8_0,permute=[0,1,2,3]): [1;32mOK[0m
  FLASH_ATTN_EXT(hsk=64,hsv=64,nh=4,nr23=[1,3],kv=113,nb=75,mask=1,sinks=0,max_bias=8.000000,logit_softcap=0.000000,prec=f32,type_K=q5_1,type_V=q5_1,permute=[0,1,2,3]): not supported [ROCm0] 
  FLASH_ATTN_EXT(hsk=64,hsv=64,nh=4,nr23=[1,3],kv=113,nb=75,mask=1,sinks=0,max_bias=8.000000,logit_softcap=0.000000,prec=f32,type_K=q5_0,type_V=q5_0,permute=[0,1,2,3]): not supported [ROCm0] 
  FLASH_ATTN_EXT(hsk=64,hsv=64,nh=4,nr23=[1,3],kv=113,nb=75,mask=1,sinks=0,max_bias=8.000000,logit_softcap=0.000000,prec=f32,type_K=q4_1,type_V=q4_1,permute=[0,1,2,3]): not supported [ROCm0] 
  FLASH_ATTN_EXT(hsk=64,hsv=64,nh=4,nr23=[1,3],kv=113,nb=75,mask=1,sinks=0,max_bias=8.000000,logit_softcap=0.000000,prec=f32,type_K=q4_0,type_V=q4_0,permute=[0,1,2,3]): [1;32mOK[0m
  FLASH_ATTN_EXT(hsk=64,hsv=64,nh=4,nr23=[1,3],kv=113,nb=75,mask=1,sinks=0,max_bias=8.000000,logit_softcap=0.000000,prec=f32,type_K=iq4_nl,type_V=iq4_nl,permute=[0,1,2,3]): not supported [ROCm0] 
  FLASH_ATTN_EXT(hsk=64,hsv=64,nh=4,nr23=[1,3],kv=512,nb=1,mask=1,sinks=0,max_bias=8.000000,logit_softcap=0.000000,prec=f32,type_K=f32,type_V=f32,permute=[0,1,2,3]): [1;32mOK[0m
  FLASH_ATTN_EXT(hsk=64,hsv=64,nh=4,nr23=[1,3],kv=512,nb=1,mask=1,sinks=0,max_bias=8.000000,logit_softcap=0.000000,prec=f32,type_K=f16,type_V=f16,permute=[0,1,2,3]): [1;32mOK[0m
  FLASH_ATTN_EXT(hsk=64,hsv=64,nh=4,nr23=[1,3],kv=512,nb=1,mask=1,sinks=0,max_bias=8.000000,logit_softcap=0.000000,prec=f32,type_K=bf16,type_V=bf16,permute=[0,1,2,3]): [1;32mOK[0m
  FLASH_ATTN_EXT(hsk=64,hsv=64,nh=4,nr23=[1,3],kv=512,nb=1,mask=1,sinks=0,max_bias=8.000000,logit_softcap=0.000000,prec=f32,type_K=q8_0,type_V=q8_0,permute=[0,1,2,3]): [1;32mOK[0m
  FLASH_ATTN_EXT(hsk=64,hsv=64,nh=4,nr23=[1,3],kv=512,nb=1,mask=1,sinks=0,max_bias=8.000000,logit_softcap=0.000000,prec=f32,type_K=q5_1,type_V=q5_1,permute=[0,1,2,3]): not supported [ROCm0] 
  FLASH_ATTN_EXT(hsk=64,hsv=64,nh=4,nr23=[1,3],kv=512,nb=1,mask=1,sinks=0,max_bias=8.000000,logit_softcap=0.000000,prec=f32,type_K=q5_0,type_V=q5_0,permute=[0,1,2,3]): not supported [ROCm0] 
  FLASH_ATTN_EXT(hsk=64,hsv=64,nh=4,nr23=[1,3],kv=512,nb=1,mask=1,sinks=0,max_bias=8.000000,logit_softcap=0.000000,prec=f32,type_K=q4_1,type_V=q4_1,permute=[0,1,2,3]): not supported [ROCm0] 
  FLASH_ATTN_EXT(hsk=64,hsv=64,nh=4,nr23=[1,3],kv=512,nb=1,mask=1,sinks=0,max_bias=8.000000,logit_softcap=0.000000,prec=f32,type_K=q4_0,type_V=q4_0,permute=[0,1,2,3]): [1;32mOK[0m
  FLASH_ATTN_EXT(hsk=64,hsv=64,nh=4,nr23=[1,3],kv=512,nb=1,mask=1,sinks=0,max_bias=8.000000,logit_softcap=0.000000,prec=f32,type_K=iq4_nl,type_V=iq4_nl,permute=[0,1,2,3]): not supported [ROCm0] 
  FLASH_ATTN_EXT(hsk=64,hsv=64,nh=4,nr23=[1,3],kv=512,nb=3,mask=1,sinks=0,max_bias=8.000000,logit_softcap=0.000000,prec=f32,type_K=f32,type_V=f32,permute=[0,1,2,3]): [1;32mOK[0m
  FLASH_ATTN_EXT(hsk=64,hsv=64,nh=4,nr23=[1,3],kv=512,nb=3,mask=1,sinks=0,max_bias=8.000000,logit_softcap=0.000000,prec=f32,type_K=f16,type_V=f16,permute=[0,1,2,3]): [1;32mOK[0m
  FLASH_ATTN_EXT(hsk=64,hsv=64,nh=4,nr23=[1,3],kv=512,nb=3,mask=1,sinks=0,max_bias=8.000000,logit_softcap=0.000000,prec=f32,type_K=bf16,type_V=bf16,permute=[0,1,2,3]): [1;32mOK[0m
  FLASH_ATTN_EXT(hsk=64,hsv=64,nh=4,nr23=[1,3],kv=512,nb=3,mask=1,sinks=0,max_bias=8.000000,logit_softcap=0.000000,prec=f32,type_K=q8_0,type_V=q8_0,permute=[0,1,2,3]): [1;32mOK[0m
  FLASH_ATTN_EXT(hsk=64,hsv=64,nh=4,nr23=[1,3],kv=512,nb=3,mask=1,sinks=0,max_bias=8.000000,logit_softcap=0.000000,prec=f32,type_K=q5_1,type_V=q5_1,permute=[0,1,2,3]): not supported [ROCm0] 
  FLASH_ATTN_EXT(hsk=64,hsv=64,nh=4,nr23=[1,3],kv=512,nb=3,mask=1,sinks=0,max_bias=8.000000,logit_softcap=0.000000,prec=f32,type_K=q5_0,type_V=q5_0,permute=[0,1,2,3]): not supported [ROCm0] 
  FLASH_ATTN_EXT(hsk=64,hsv=64,nh=4,nr23=[1,3],kv=512,nb=3,mask=1,sinks=0,max_bias=8.000000,logit_softcap=0.000000,prec=f32,type_K=q4_1,type_V=q4_1,permute=[0,1,2,3]): not supported [ROCm0] 
  FLASH_ATTN_EXT(hsk=64,hsv=64,nh=4,nr23=[1,3],kv=512,nb=3,mask=1,sinks=0,max_bias=8.000000,logit_softcap=0.000000,prec=f32,type_K=q4_0,type_V=q4_0,permute=[0,1,2,3]): [1;32mOK[0m
  FLASH_ATTN_EXT(hsk=64,hsv=64,nh=4,nr23=[1,3],kv=512,nb=3,mask=1,sinks=0,max_bias=8.000000,logit_softcap=0.000000,prec=f32,type_K=iq4_nl,type_V=iq4_nl,permute=[0,1,2,3]): not supported [ROCm0] 
  FLASH_ATTN_EXT(hsk=64,hsv=64,nh=4,nr23=[1,3],kv=512,nb=32,mask=1,sinks=0,max_bias=8.000000,logit_softcap=0.000000,prec=f32,type_K=f32,type_V=f32,permute=[0,1,2,3]): [1;32mOK[0m
  FLASH_ATTN_EXT(hsk=64,hsv=64,nh=4,nr23=[1,3],kv=512,nb=32,mask=1,sinks=0,max_bias=8.000000,logit_softcap=0.000000,prec=f32,type_K=f16,type_V=f16,permute=[0,1,2,3]): [1;32mOK[0m
  FLASH_ATTN_EXT(hsk=64,hsv=64,nh=4,nr23=[1,3],kv=512,nb=32,mask=1,sinks=0,max_bias=8.000000,logit_softcap=0.000000,prec=f32,type_K=bf16,type_V=bf16,permute=[0,1,2,3]): [1;32mOK[0m
  FLASH_ATTN_EXT(hsk=64,hsv=64,nh=4,nr23=[1,3],kv=512,nb=32,mask=1,sinks=0,max_bias=8.000000,logit_softcap=0.000000,prec=f32,type_K=q8_0,type_V=q8_0,permute=[0,1,2,3]): [1;32mOK[0m
  FLASH_ATTN_EXT(hsk=64,hsv=64,nh=4,nr23=[1,3],kv=512,nb=32,mask=1,sinks=0,max_bias=8.000000,logit_softcap=0.000000,prec=f32,type_K=q5_1,type_V=q5_1,permute=[0,1,2,3]): not supported [ROCm0] 
  FLASH_ATTN_EXT(hsk=64,hsv=64,nh=4,nr23=[1,3],kv=512,nb=32,mask=1,sinks=0,max_bias=8.000000,logit_softcap=0.000000,prec=f32,type_K=q5_0,type_V=q5_0,permute=[0,1,2,3]): not supported [ROCm0] 
  FLASH_ATTN_EXT(hsk=64,hsv=64,nh=4,nr23=[1,3],kv=512,nb=32,mask=1,sinks=0,max_bias=8.000000,logit_softcap=0.000000,prec=f32,type_K=q4_1,type_V=q4_1,permute=[0,1,2,3]): not supported [ROCm0] 
  FLASH_ATTN_EXT(hsk=64,hsv=64,nh=4,nr23=[1,3],kv=512,nb=32,mask=1,sinks=0,max_bias=8.000000,logit_softcap=0.000000,prec=f32,type_K=q4_0,type_V=q4_0,permute=[0,1,2,3]): [1;32mOK[0m
  FLASH_ATTN_EXT(hsk=64,hsv=64,nh=4,nr23=[1,3],kv=512,nb=32,mask=1,sinks=0,max_bias=8.000000,logit_softcap=0.000000,prec=f32,type_K=iq4_nl,type_V=iq4_nl,permute=[0,1,2,3]): not supported [ROCm0] 
  FLASH_ATTN_EXT(hsk=64,hsv=64,nh=4,nr23=[1,3],kv=512,nb=75,mask=1,sinks=0,max_bias=8.000000,logit_softcap=0.000000,prec=f32,type_K=f32,type_V=f32,permute=[0,1,2,3]): [1;32mOK[0m
  FLASH_ATTN_EXT(hsk=64,hsv=64,nh=4,nr23=[1,3],kv=512,nb=75,mask=1,sinks=0,max_bias=8.000000,logit_softcap=0.000000,prec=f32,type_K=f16,type_V=f16,permute=[0,1,2,3]): [1;32mOK[0m
  FLASH_ATTN_EXT(hsk=64,hsv=64,nh=4,nr23=[1,3],kv=512,nb=75,mask=1,sinks=0,max_bias=8.000000,logit_softcap=0.000000,prec=f32,type_K=bf16,type_V=bf16,permute=[0,1,2,3]): [1;32mOK[0m
  FLASH_ATTN_EXT(hsk=64,hsv=64,nh=4,nr23=[1,3],kv=512,nb=75,mask=1,sinks=0,max_bias=8.000000,logit_softcap=0.000000,prec=f32,type_K=q8_0,type_V=q8_0,permute=[0,1,2,3]): [1;32mOK[0m
  FLASH_ATTN_EXT(hsk=64,hsv=64,nh=4,nr23=[1,3],kv=512,nb=75,mask=1,sinks=0,max_bias=8.000000,logit_softcap=0.000000,prec=f32,type_K=q5_1,type_V=q5_1,permute=[0,1,2,3]): not supported [ROCm0] 
  FLASH_ATTN_EXT(hsk=64,hsv=64,nh=4,nr23=[1,3],kv=512,nb=75,mask=1,sinks=0,max_bias=8.000000,logit_softcap=0.000000,prec=f32,type_K=q5_0,type_V=q5_0,permute=[0,1,2,3]): not supported [ROCm0] 
  FLASH_ATTN_EXT(hsk=64,hsv=64,nh=4,nr23=[1,3],kv=512,nb=75,mask=1,sinks=0,max_bias=8.000000,logit_softcap=0.000000,prec=f32,type_K=q4_1,type_V=q4_1,permute=[0,1,2,3]): ggml_backend_cuda_graph_compute: CUDA graph warmup complete
ggml_backend_cuda_graph_compute: CUDA graph warmup complete
not supported [ROCm0] 
  FLASH_ATTN_EXT(hsk=64,hsv=64,nh=4,nr23=[1,3],kv=512,nb=75,mask=1,sinks=0,max_bias=8.000000,logit_softcap=0.000000,prec=f32,type_K=q4_0,type_V=q4_0,permute=[0,1,2,3]): [1;32mOK[0m
  FLASH_ATTN_EXT(hsk=64,hsv=64,nh=4,nr23=[1,3],kv=512,nb=75,mask=1,sinks=0,max_bias=8.000000,logit_softcap=0.000000,prec=f32,type_K=iq4_nl,type_V=iq4_nl,permute=[0,1,2,3]): ggml_backend_cuda_graph_compute: CUDA graph warmup reset
ggml_backend_cuda_graph_compute: CUDA graph warmup reset
not supported [ROCm0] 
  FLASH_ATTN_EXT(hsk=64,hsv=64,nh=4,nr23=[1,3],kv=1024,nb=1,mask=1,sinks=0,max_bias=8.000000,logit_softcap=0.000000,prec=f32,type_K=f32,type_V=f32,permute=[0,1,2,3]): [1;32mOK[0m
  FLASH_ATTN_EXT(hsk=64,hsv=64,nh=4,nr23=[1,3],kv=1024,nb=1,mask=1,sinks=0,max_bias=8.000000,logit_softcap=0.000000,prec=f32,type_K=f16,type_V=f16,permute=[0,1,2,3]): ggml_backend_cuda_graph_compute: CUDA graph warmup complete
ggml_backend_cuda_graph_compute: CUDA graph warmup complete
ggml_backend_cuda_graph_compute: CUDA graph warmup complete
ggml_backend_cuda_graph_compute: CUDA graph warmup complete
ggml_backend_cuda_graph_compute: CUDA graph warmup complete
ggml_backend_cuda_graph_compute: CUDA graph warmup complete
ggml_backend_cuda_graph_compute: CUDA graph warmup complete
[1;32mOK[0m
  FLASH_ATTN_EXT(hsk=64,hsv=64,nh=4,nr23=[1,3],kv=1024,nb=1,mask=1,sinks=0,max_bias=8.000000,logit_softcap=0.000000,prec=f32,type_K=bf16,type_V=bf16,permute=[0,1,2,3]): ggml_backend_cuda_graph_compute: CUDA graph warmup reset
ggml_backend_cuda_graph_compute: CUDA graph warmup reset
ggml_backend_cuda_graph_compute: CUDA graph warmup reset
ggml_backend_cuda_graph_compute: CUDA graph warmup reset
ggml_backend_cuda_graph_compute: CUDA graph warmup reset
ggml_backend_cuda_graph_compute: CUDA graph warmup reset
ggml_backend_cuda_graph_compute: CUDA graph warmup reset
[1;32mOK[0m
  FLASH_ATTN_EXT(hsk=64,hsv=64,nh=4,nr23=[1,3],kv=1024,nb=1,mask=1,sinks=0,max_bias=8.000000,logit_softcap=0.000000,prec=f32,type_K=q8_0,type_V=q8_0,permute=[0,1,2,3]): [1;32mOK[0m
  FLASH_ATTN_EXT(hsk=64,hsv=64,nh=4,nr23=[1,3],kv=1024,nb=1,mask=1,sinks=0,max_bias=8.000000,logit_softcap=0.000000,prec=f32,type_K=q5_1,type_V=q5_1,permute=[0,1,2,3]): not supported [ROCm0] 
  FLASH_ATTN_EXT(hsk=64,hsv=64,nh=4,nr23=[1,3],kv=1024,nb=1,mask=1,sinks=0,max_bias=8.000000,logit_softcap=0.000000,prec=f32,type_K=q5_0,type_V=q5_0,permute=[0,1,2,3]): not supported [ROCm0] 
  FLASH_ATTN_EXT(hsk=64,hsv=64,nh=4,nr23=[1,3],kv=1024,nb=1,mask=1,sinks=0,max_bias=8.000000,logit_softcap=0.000000,prec=f32,type_K=q4_1,type_V=q4_1,permute=[0,1,2,3]): not supported [ROCm0] 
  FLASH_ATTN_EXT(hsk=64,hsv=64,nh=4,nr23=[1,3],kv=1024,nb=1,mask=1,sinks=0,max_bias=8.000000,logit_softcap=0.000000,prec=f32,type_K=q4_0,type_V=q4_0,permute=[0,1,2,3]): [1;32mOK[0m
  FLASH_ATTN_EXT(hsk=64,hsv=64,nh=4,nr23=[1,3],kv=1024,nb=1,mask=1,sinks=0,max_bias=8.000000,logit_softcap=0.000000,prec=f32,type_K=iq4_nl,type_V=iq4_nl,permute=[0,1,2,3]): not supported [ROCm0] 
  FLASH_ATTN_EXT(hsk=64,hsv=64,nh=4,nr23=[1,3],kv=1024,nb=3,mask=1,sinks=0,max_bias=8.000000,logit_softcap=0.000000,prec=f32,type_K=f32,type_V=f32,permute=[0,1,2,3]): [1;32mOK[0m
  FLASH_ATTN_EXT(hsk=64,hsv=64,nh=4,nr23=[1,3],kv=1024,nb=3,mask=1,sinks=0,max_bias=8.000000,logit_softcap=0.000000,prec=f32,type_K=f16,type_V=f16,permute=[0,1,2,3]): [1;32mOK[0m
  FLASH_ATTN_EXT(hsk=64,hsv=64,nh=4,nr23=[1,3],kv=1024,nb=3,mask=1,sinks=0,max_bias=8.000000,logit_softcap=0.000000,prec=f32,type_K=bf16,type_V=bf16,permute=[0,1,2,3]): [1;32mOK[0m
  FLASH_ATTN_EXT(hsk=64,hsv=64,nh=4,nr23=[1,3],kv=1024,nb=3,mask=1,sinks=0,max_bias=8.000000,logit_softcap=0.000000,prec=f32,type_K=q8_0,type_V=q8_0,permute=[0,1,2,3]): [1;32mOK[0m
  FLASH_ATTN_EXT(hsk=64,hsv=64,nh=4,nr23=[1,3],kv=1024,nb=3,mask=1,sinks=0,max_bias=8.000000,logit_softcap=0.000000,prec=f32,type_K=q5_1,type_V=q5_1,permute=[0,1,2,3]): not supported [ROCm0] 
  FLASH_ATTN_EXT(hsk=64,hsv=64,nh=4,nr23=[1,3],kv=1024,nb=3,mask=1,sinks=0,max_bias=8.000000,logit_softcap=0.000000,prec=f32,type_K=q5_0,type_V=q5_0,permute=[0,1,2,3]): not supported [ROCm0] 
  FLASH_ATTN_EXT(hsk=64,hsv=64,nh=4,nr23=[1,3],kv=1024,nb=3,mask=1,sinks=0,max_bias=8.000000,logit_softcap=0.000000,prec=f32,type_K=q4_1,type_V=q4_1,permute=[0,1,2,3]): not supported [ROCm0] 
  FLASH_ATTN_EXT(hsk=64,hsv=64,nh=4,nr23=[1,3],kv=1024,nb=3,mask=1,sinks=0,max_bias=8.000000,logit_softcap=0.000000,prec=f32,type_K=q4_0,type_V=q4_0,permute=[0,1,2,3]): [1;32mOK[0m
  FLASH_ATTN_EXT(hsk=64,hsv=64,nh=4,nr23=[1,3],kv=1024,nb=3,mask=1,sinks=0,max_bias=8.000000,logit_softcap=0.000000,prec=f32,type_K=iq4_nl,type_V=iq4_nl,permute=[0,1,2,3]): not supported [ROCm0] 
  FLASH_ATTN_EXT(hsk=64,hsv=64,nh=4,nr23=[1,3],kv=1024,nb=32,mask=1,sinks=0,max_bias=8.000000,logit_softcap=0.000000,prec=f32,type_K=f32,type_V=f32,permute=[0,1,2,3]): [1;32mOK[0m
  FLASH_ATTN_EXT(hsk=64,hsv=64,nh=4,nr23=[1,3],kv=1024,nb=32,mask=1,sinks=0,max_bias=8.000000,logit_softcap=0.000000,prec=f32,type_K=f16,type_V=f16,permute=[0,1,2,3]): [1;32mOK[0m
  FLASH_ATTN_EXT(hsk=64,hsv=64,nh=4,nr23=[1,3],kv=1024,nb=32,mask=1,sinks=0,max_bias=8.000000,logit_softcap=0.000000,prec=f32,type_K=bf16,type_V=bf16,permute=[0,1,2,3]): [1;32mOK[0m
  FLASH_ATTN_EXT(hsk=64,hsv=64,nh=4,nr23=[1,3],kv=1024,nb=32,mask=1,sinks=0,max_bias=8.000000,logit_softcap=0.000000,prec=f32,type_K=q8_0,type_V=q8_0,permute=[0,1,2,3]): [1;32mOK[0m
  FLASH_ATTN_EXT(hsk=64,hsv=64,nh=4,nr23=[1,3],kv=1024,nb=32,mask=1,sinks=0,max_bias=8.000000,logit_softcap=0.000000,prec=f32,type_K=q5_1,type_V=q5_1,permute=[0,1,2,3]): not supported [ROCm0] 
  FLASH_ATTN_EXT(hsk=64,hsv=64,nh=4,nr23=[1,3],kv=1024,nb=32,mask=1,sinks=0,max_bias=8.000000,logit_softcap=0.000000,prec=f32,type_K=q5_0,type_V=q5_0,permute=[0,1,2,3]): not supported [ROCm0] 
  FLASH_ATTN_EXT(hsk=64,hsv=64,nh=4,nr23=[1,3],kv=1024,nb=32,mask=1,sinks=0,max_bias=8.000000,logit_softcap=0.000000,prec=f32,type_K=q4_1,type_V=q4_1,permute=[0,1,2,3]): not supported [ROCm0] 
  FLASH_ATTN_EXT(hsk=64,hsv=64,nh=4,nr23=[1,3],kv=1024,nb=32,mask=1,sinks=0,max_bias=8.000000,logit_softcap=0.000000,prec=f32,type_K=q4_0,type_V=q4_0,permute=[0,1,2,3]): [1;32mOK[0m
  FLASH_ATTN_EXT(hsk=64,hsv=64,nh=4,nr23=[1,3],kv=1024,nb=32,mask=1,sinks=0,max_bias=8.000000,logit_softcap=0.000000,prec=f32,type_K=iq4_nl,type_V=iq4_nl,permute=[0,1,2,3]): not supported [ROCm0] 
  FLASH_ATTN_EXT(hsk=64,hsv=64,nh=4,nr23=[1,3],kv=1024,nb=75,mask=1,sinks=0,max_bias=8.000000,logit_softcap=0.000000,prec=f32,type_K=f32,type_V=f32,permute=[0,1,2,3]): [1;32mOK[0m
  FLASH_ATTN_EXT(hsk=64,hsv=64,nh=4,nr23=[1,3],kv=1024,nb=75,mask=1,sinks=0,max_bias=8.000000,logit_softcap=0.000000,prec=f32,type_K=f16,type_V=f16,permute=[0,1,2,3]): [1;32mOK[0m
  FLASH_ATTN_EXT(hsk=64,hsv=64,nh=4,nr23=[1,3],kv=1024,nb=75,mask=1,sinks=0,max_bias=8.000000,logit_softcap=0.000000,prec=f32,type_K=bf16,type_V=bf16,permute=[0,1,2,3]): [1;32mOK[0m
  FLASH_ATTN_EXT(hsk=64,hsv=64,nh=4,nr23=[1,3],kv=1024,nb=75,mask=1,sinks=0,max_bias=8.000000,logit_softcap=0.000000,prec=f32,type_K=q8_0,type_V=q8_0,permute=[0,1,2,3]): [1;32mOK[0m
  FLASH_ATTN_EXT(hsk=64,hsv=64,nh=4,nr23=[1,3],kv=1024,nb=75,mask=1,sinks=0,max_bias=8.000000,logit_softcap=0.000000,prec=f32,type_K=q5_1,type_V=q5_1,permute=[0,1,2,3]): not supported [ROCm0] 
  FLASH_ATTN_EXT(hsk=64,hsv=64,nh=4,nr23=[1,3],kv=1024,nb=75,mask=1,sinks=0,max_bias=8.000000,logit_softcap=0.000000,prec=f32,type_K=q5_0,type_V=q5_0,permute=[0,1,2,3]): not supported [ROCm0] 
  FLASH_ATTN_EXT(hsk=64,hsv=64,nh=4,nr23=[1,3],kv=1024,nb=75,mask=1,sinks=0,max_bias=8.000000,logit_softcap=0.000000,prec=f32,type_K=q4_1,type_V=q4_1,permute=[0,1,2,3]): not supported [ROCm0] 
  FLASH_ATTN_EXT(hsk=64,hsv=64,nh=4,nr23=[1,3],kv=1024,nb=75,mask=1,sinks=0,max_bias=8.000000,logit_softcap=0.000000,prec=f32,type_K=q4_0,type_V=q4_0,permute=[0,1,2,3]): [1;32mOK[0m
  FLASH_ATTN_EXT(hsk=64,hsv=64,nh=4,nr23=[1,3],kv=1024,nb=75,mask=1,sinks=0,max_bias=8.000000,logit_softcap=0.000000,prec=f32,type_K=iq4_nl,type_V=iq4_nl,permute=[0,1,2,3]): not supported [ROCm0] 
  FLASH_ATTN_EXT(hsk=64,hsv=64,nh=4,nr23=[4,3],kv=512,nb=1,mask=1,sinks=0,max_bias=8.000000,logit_softcap=0.000000,prec=f32,type_K=f32,type_V=f32,permute=[0,1,2,3]): [1;32mOK[0m
  FLASH_ATTN_EXT(hsk=64,hsv=64,nh=4,nr23=[4,3],kv=512,nb=1,mask=1,sinks=0,max_bias=8.000000,logit_softcap=0.000000,prec=f32,type_K=f16,type_V=f16,permute=[0,1,2,3]): [1;32mOK[0m
  FLASH_ATTN_EXT(hsk=64,hsv=64,nh=4,nr23=[4,3],kv=512,nb=1,mask=1,sinks=0,max_bias=8.000000,logit_softcap=0.000000,prec=f32,type_K=bf16,type_V=bf16,permute=[0,1,2,3]): [1;32mOK[0m
  FLASH_ATTN_EXT(hsk=64,hsv=64,nh=4,nr23=[4,3],kv=512,nb=1,mask=1,sinks=0,max_bias=8.000000,logit_softcap=0.000000,prec=f32,type_K=q8_0,type_V=q8_0,permute=[0,1,2,3]): [1;32mOK[0m
  FLASH_ATTN_EXT(hsk=64,hsv=64,nh=4,nr23=[4,3],kv=512,nb=1,mask=1,sinks=0,max_bias=8.000000,logit_softcap=0.000000,prec=f32,type_K=q5_1,type_V=q5_1,permute=[0,1,2,3]): not supported [ROCm0] 
  FLASH_ATTN_EXT(hsk=64,hsv=64,nh=4,nr23=[4,3],kv=512,nb=1,mask=1,sinks=0,max_bias=8.000000,logit_softcap=0.000000,prec=f32,type_K=q5_0,type_V=q5_0,permute=[0,1,2,3]): not supported [ROCm0] 
  FLASH_ATTN_EXT(hsk=64,hsv=64,nh=4,nr23=[4,3],kv=512,nb=1,mask=1,sinks=0,max_bias=8.000000,logit_softcap=0.000000,prec=f32,type_K=q4_1,type_V=q4_1,permute=[0,1,2,3]): not supported [ROCm0] 
  FLASH_ATTN_EXT(hsk=64,hsv=64,nh=4,nr23=[4,3],kv=512,nb=1,mask=1,sinks=0,max_bias=8.000000,logit_softcap=0.000000,prec=f32,type_K=q4_0,type_V=q4_0,permute=[0,1,2,3]): [1;32mOK[0m
  FLASH_ATTN_EXT(hsk=64,hsv=64,nh=4,nr23=[4,3],kv=512,nb=1,mask=1,sinks=0,max_bias=8.000000,logit_softcap=0.000000,prec=f32,type_K=iq4_nl,type_V=iq4_nl,permute=[0,1,2,3]): not supported [ROCm0] 
  FLASH_ATTN_EXT(hsk=64,hsv=64,nh=4,nr23=[4,3],kv=512,nb=3,mask=1,sinks=0,max_bias=8.000000,logit_softcap=0.000000,prec=f32,type_K=f32,type_V=f32,permute=[0,1,2,3]): [1;32mOK[0m
  FLASH_ATTN_EXT(hsk=64,hsv=64,nh=4,nr23=[4,3],kv=512,nb=3,mask=1,sinks=0,max_bias=8.000000,logit_softcap=0.000000,prec=f32,type_K=f16,type_V=f16,permute=[0,1,2,3]): [1;32mOK[0m
  FLASH_ATTN_EXT(hsk=64,hsv=64,nh=4,nr23=[4,3],kv=512,nb=3,mask=1,sinks=0,max_bias=8.000000,logit_softcap=0.000000,prec=f32,type_K=bf16,type_V=bf16,permute=[0,1,2,3]): [1;32mOK[0m
  FLASH_ATTN_EXT(hsk=64,hsv=64,nh=4,nr23=[4,3],kv=512,nb=3,mask=1,sinks=0,max_bias=8.000000,logit_softcap=0.000000,prec=f32,type_K=q8_0,type_V=q8_0,permute=[0,1,2,3]): [1;32mOK[0m
  FLASH_ATTN_EXT(hsk=64,hsv=64,nh=4,nr23=[4,3],kv=512,nb=3,mask=1,sinks=0,max_bias=8.000000,logit_softcap=0.000000,prec=f32,type_K=q5_1,type_V=q5_1,permute=[0,1,2,3]): not supported [ROCm0] 
  FLASH_ATTN_EXT(hsk=64,hsv=64,nh=4,nr23=[4,3],kv=512,nb=3,mask=1,sinks=0,max_bias=8.000000,logit_softcap=0.000000,prec=f32,type_K=q5_0,type_V=q5_0,permute=[0,1,2,3]): not supported [ROCm0] 
  FLASH_ATTN_EXT(hsk=64,hsv=64,nh=4,nr23=[4,3],kv=512,nb=3,mask=1,sinks=0,max_bias=8.000000,logit_softcap=0.000000,prec=f32,type_K=q4_1,type_V=q4_1,permute=[0,1,2,3]): not supported [ROCm0] 
  FLASH_ATTN_EXT(hsk=64,hsv=64,nh=4,nr23=[4,3],kv=512,nb=3,mask=1,sinks=0,max_bias=8.000000,logit_softcap=0.000000,prec=f32,type_K=q4_0,type_V=q4_0,permute=[0,1,2,3]): [1;32mOK[0m
  FLASH_ATTN_EXT(hsk=64,hsv=64,nh=4,nr23=[4,3],kv=512,nb=3,mask=1,sinks=0,max_bias=8.000000,logit_softcap=0.000000,prec=f32,type_K=iq4_nl,type_V=iq4_nl,permute=[0,1,2,3]): not supported [ROCm0] 
  FLASH_ATTN_EXT(hsk=64,hsv=64,nh=4,nr23=[4,3],kv=512,nb=32,mask=1,sinks=0,max_bias=8.000000,logit_softcap=0.000000,prec=f32,type_K=f32,type_V=f32,permute=[0,1,2,3]): [1;32mOK[0m
  FLASH_ATTN_EXT(hsk=64,hsv=64,nh=4,nr23=[4,3],kv=512,nb=32,mask=1,sinks=0,max_bias=8.000000,logit_softcap=0.000000,prec=f32,type_K=f16,type_V=f16,permute=[0,1,2,3]): [1;32mOK[0m
  FLASH_ATTN_EXT(hsk=64,hsv=64,nh=4,nr23=[4,3],kv=512,nb=32,mask=1,sinks=0,max_bias=8.000000,logit_softcap=0.000000,prec=f32,type_K=bf16,type_V=bf16,permute=[0,1,2,3]): [1;32mOK[0m
  FLASH_ATTN_EXT(hsk=64,hsv=64,nh=4,nr23=[4,3],kv=512,nb=32,mask=1,sinks=0,max_bias=8.000000,logit_softcap=0.000000,prec=f32,type_K=q8_0,type_V=q8_0,permute=[0,1,2,3]): [1;32mOK[0m
  FLASH_ATTN_EXT(hsk=64,hsv=64,nh=4,nr23=[4,3],kv=512,nb=32,mask=1,sinks=0,max_bias=8.000000,logit_softcap=0.000000,prec=f32,type_K=q5_1,type_V=q5_1,permute=[0,1,2,3]): not supported [ROCm0] 
  FLASH_ATTN_EXT(hsk=64,hsv=64,nh=4,nr23=[4,3],kv=512,nb=32,mask=1,sinks=0,max_bias=8.000000,logit_softcap=0.000000,prec=f32,type_K=q5_0,type_V=q5_0,permute=[0,1,2,3]): not supported [ROCm0] 
  FLASH_ATTN_EXT(hsk=64,hsv=64,nh=4,nr23=[4,3],kv=512,nb=32,mask=1,sinks=0,max_bias=8.000000,logit_softcap=0.000000,prec=f32,type_K=q4_1,type_V=q4_1,permute=[0,1,2,3]): not supported [ROCm0] 
  FLASH_ATTN_EXT(hsk=64,hsv=64,nh=4,nr23=[4,3],kv=512,nb=32,mask=1,sinks=0,max_bias=8.000000,logit_softcap=0.000000,prec=f32,type_K=q4_0,type_V=q4_0,permute=[0,1,2,3]): [1;32mOK[0m
  FLASH_ATTN_EXT(hsk=64,hsv=64,nh=4,nr23=[4,3],kv=512,nb=32,mask=1,sinks=0,max_bias=8.000000,logit_softcap=0.000000,prec=f32,type_K=iq4_nl,type_V=iq4_nl,permute=[0,1,2,3]): not supported [ROCm0] 
  FLASH_ATTN_EXT(hsk=64,hsv=64,nh=4,nr23=[4,3],kv=512,nb=75,mask=1,sinks=0,max_bias=8.000000,logit_softcap=0.000000,prec=f32,type_K=f32,type_V=f32,permute=[0,1,2,3]): [1;32mOK[0m
  FLASH_ATTN_EXT(hsk=64,hsv=64,nh=4,nr23=[4,3],kv=512,nb=75,mask=1,sinks=0,max_bias=8.000000,logit_softcap=0.000000,prec=f32,type_K=f16,type_V=f16,permute=[0,1,2,3]): [1;32mOK[0m
  FLASH_ATTN_EXT(hsk=64,hsv=64,nh=4,nr23=[4,3],kv=512,nb=75,mask=1,sinks=0,max_bias=8.000000,logit_softcap=0.000000,prec=f32,type_K=bf16,type_V=bf16,permute=[0,1,2,3]): [1;32mOK[0m
  FLASH_ATTN_EXT(hsk=64,hsv=64,nh=4,nr23=[4,3],kv=512,nb=75,mask=1,sinks=0,max_bias=8.000000,logit_softcap=0.000000,prec=f32,type_K=q8_0,type_V=q8_0,permute=[0,1,2,3]): [1;32mOK[0m
  FLASH_ATTN_EXT(hsk=64,hsv=64,nh=4,nr23=[4,3],kv=512,nb=75,mask=1,sinks=0,max_bias=8.000000,logit_softcap=0.000000,prec=f32,type_K=q5_1,type_V=q5_1,permute=[0,1,2,3]): not supported [ROCm0] 
  FLASH_ATTN_EXT(hsk=64,hsv=64,nh=4,nr23=[4,3],kv=512,nb=75,mask=1,sinks=0,max_bias=8.000000,logit_softcap=0.000000,prec=f32,type_K=q5_0,type_V=q5_0,permute=[0,1,2,3]): not supported [ROCm0] 
  FLASH_ATTN_EXT(hsk=64,hsv=64,nh=4,nr23=[4,3],kv=512,nb=75,mask=1,sinks=0,max_bias=8.000000,logit_softcap=0.000000,prec=f32,type_K=q4_1,type_V=q4_1,permute=[0,1,2,3]): not supported [ROCm0] 
  FLASH_ATTN_EXT(hsk=64,hsv=64,nh=4,nr23=[4,3],kv=512,nb=75,mask=1,sinks=0,max_bias=8.000000,logit_softcap=0.000000,prec=f32,type_K=q4_0,type_V=q4_0,permute=[0,1,2,3]): [1;32mOK[0m
  FLASH_ATTN_EXT(hsk=64,hsv=64,nh=4,nr23=[4,3],kv=512,nb=75,mask=1,sinks=0,max_bias=8.000000,logit_softcap=0.000000,prec=f32,type_K=iq4_nl,type_V=iq4_nl,permute=[0,1,2,3]): not supported [ROCm0] 
  FLASH_ATTN_EXT(hsk=64,hsv=64,nh=4,nr23=[1,1],kv=113,nb=1,mask=0,sinks=1,max_bias=0.000000,logit_softcap=0.000000,prec=f32,type_K=f32,type_V=f32,permute=[0,1,2,3]): [1;32mOK[0m
  FLASH_ATTN_EXT(hsk=64,hsv=64,nh=4,nr23=[1,1],kv=113,nb=1,mask=0,sinks=1,max_bias=0.000000,logit_softcap=0.000000,prec=f32,type_K=f16,type_V=f16,permute=[0,1,2,3]): [1;32mOK[0m
  FLASH_ATTN_EXT(hsk=64,hsv=64,nh=4,nr23=[1,1],kv=113,nb=1,mask=0,sinks=1,max_bias=0.000000,logit_softcap=0.000000,prec=f32,type_K=bf16,type_V=bf16,permute=[0,1,2,3]): [1;32mOK[0m
  FLASH_ATTN_EXT(hsk=64,hsv=64,nh=4,nr23=[1,1],kv=113,nb=1,mask=0,sinks=1,max_bias=0.000000,logit_softcap=0.000000,prec=f32,type_K=q8_0,type_V=q8_0,permute=[0,1,2,3]): [1;32mOK[0m
  FLASH_ATTN_EXT(hsk=64,hsv=64,nh=4,nr23=[1,1],kv=113,nb=1,mask=0,sinks=1,max_bias=0.000000,logit_softcap=0.000000,prec=f32,type_K=q5_1,type_V=q5_1,permute=[0,1,2,3]): not supported [ROCm0] 
  FLASH_ATTN_EXT(hsk=64,hsv=64,nh=4,nr23=[1,1],kv=113,nb=1,mask=0,sinks=1,max_bias=0.000000,logit_softcap=0.000000,prec=f32,type_K=q5_0,type_V=q5_0,permute=[0,1,2,3]): not supported [ROCm0] 
  FLASH_ATTN_EXT(hsk=64,hsv=64,nh=4,nr23=[1,1],kv=113,nb=1,mask=0,sinks=1,max_bias=0.000000,logit_softcap=0.000000,prec=f32,type_K=q4_1,type_V=q4_1,permute=[0,1,2,3]): not supported [ROCm0] 
  FLASH_ATTN_EXT(hsk=64,hsv=64,nh=4,nr23=[1,1],kv=113,nb=1,mask=0,sinks=1,max_bias=0.000000,logit_softcap=0.000000,prec=f32,type_K=q4_0,type_V=q4_0,permute=[0,1,2,3]): [1;32mOK[0m
  FLASH_ATTN_EXT(hsk=64,hsv=64,nh=4,nr23=[1,1],kv=113,nb=1,mask=0,sinks=1,max_bias=0.000000,logit_softcap=0.000000,prec=f32,type_K=iq4_nl,type_V=iq4_nl,permute=[0,1,2,3]): not supported [ROCm0] 
  FLASH_ATTN_EXT(hsk=64,hsv=64,nh=4,nr23=[1,1],kv=113,nb=3,mask=0,sinks=1,max_bias=0.000000,logit_softcap=0.000000,prec=f32,type_K=f32,type_V=f32,permute=[0,1,2,3]): [1;32mOK[0m
  FLASH_ATTN_EXT(hsk=64,hsv=64,nh=4,nr23=[1,1],kv=113,nb=3,mask=0,sinks=1,max_bias=0.000000,logit_softcap=0.000000,prec=f32,type_K=f16,type_V=f16,permute=[0,1,2,3]): [1;32mOK[0m
  FLASH_ATTN_EXT(hsk=64,hsv=64,nh=4,nr23=[1,1],kv=113,nb=3,mask=0,sinks=1,max_bias=0.000000,logit_softcap=0.000000,prec=f32,type_K=bf16,type_V=bf16,permute=[0,1,2,3]): [1;32mOK[0m
  FLASH_ATTN_EXT(hsk=64,hsv=64,nh=4,nr23=[1,1],kv=113,nb=3,mask=0,sinks=1,max_bias=0.000000,logit_softcap=0.000000,prec=f32,type_K=q8_0,type_V=q8_0,permute=[0,1,2,3]): [1;32mOK[0m
  FLASH_ATTN_EXT(hsk=64,hsv=64,nh=4,nr23=[1,1],kv=113,nb=3,mask=0,sinks=1,max_bias=0.000000,logit_softcap=0.000000,prec=f32,type_K=q5_1,type_V=q5_1,permute=[0,1,2,3]): not supported [ROCm0] 
  FLASH_ATTN_EXT(hsk=64,hsv=64,nh=4,nr23=[1,1],kv=113,nb=3,mask=0,sinks=1,max_bias=0.000000,logit_softcap=0.000000,prec=f32,type_K=q5_0,type_V=q5_0,permute=[0,1,2,3]): not supported [ROCm0] 
  FLASH_ATTN_EXT(hsk=64,hsv=64,nh=4,nr23=[1,1],kv=113,nb=3,mask=0,sinks=1,max_bias=0.000000,logit_softcap=0.000000,prec=f32,type_K=q4_1,type_V=q4_1,permute=[0,1,2,3]): not supported [ROCm0] 
  FLASH_ATTN_EXT(hsk=64,hsv=64,nh=4,nr23=[1,1],kv=113,nb=3,mask=0,sinks=1,max_bias=0.000000,logit_softcap=0.000000,prec=f32,type_K=q4_0,type_V=q4_0,permute=[0,1,2,3]): [1;32mOK[0m
  FLASH_ATTN_EXT(hsk=64,hsv=64,nh=4,nr23=[1,1],kv=113,nb=3,mask=0,sinks=1,max_bias=0.000000,logit_softcap=0.000000,prec=f32,type_K=iq4_nl,type_V=iq4_nl,permute=[0,1,2,3]): not supported [ROCm0] 
  FLASH_ATTN_EXT(hsk=64,hsv=64,nh=4,nr23=[1,1],kv=113,nb=32,mask=0,sinks=1,max_bias=0.000000,logit_softcap=0.000000,prec=f32,type_K=f32,type_V=f32,permute=[0,1,2,3]): [1;32mOK[0m
  FLASH_ATTN_EXT(hsk=64,hsv=64,nh=4,nr23=[1,1],kv=113,nb=32,mask=0,sinks=1,max_bias=0.000000,logit_softcap=0.000000,prec=f32,type_K=f16,type_V=f16,permute=[0,1,2,3]): [1;32mOK[0m
  FLASH_ATTN_EXT(hsk=64,hsv=64,nh=4,nr23=[1,1],kv=113,nb=32,mask=0,sinks=1,max_bias=0.000000,logit_softcap=0.000000,prec=f32,type_K=bf16,type_V=bf16,permute=[0,1,2,3]): [1;32mOK[0m
  FLASH_ATTN_EXT(hsk=64,hsv=64,nh=4,nr23=[1,1],kv=113,nb=32,mask=0,sinks=1,max_bias=0.000000,logit_softcap=0.000000,prec=f32,type_K=q8_0,type_V=q8_0,permute=[0,1,2,3]): [1;32mOK[0m
  FLASH_ATTN_EXT(hsk=64,hsv=64,nh=4,nr23=[1,1],kv=113,nb=32,mask=0,sinks=1,max_bias=0.000000,logit_softcap=0.000000,prec=f32,type_K=q5_1,type_V=q5_1,permute=[0,1,2,3]): not supported [ROCm0] 
  FLASH_ATTN_EXT(hsk=64,hsv=64,nh=4,nr23=[1,1],kv=113,nb=32,mask=0,sinks=1,max_bias=0.000000,logit_softcap=0.000000,prec=f32,type_K=q5_0,type_V=q5_0,permute=[0,1,2,3]): not supported [ROCm0] 
  FLASH_ATTN_EXT(hsk=64,hsv=64,nh=4,nr23=[1,1],kv=113,nb=32,mask=0,sinks=1,max_bias=0.000000,logit_softcap=0.000000,prec=f32,type_K=q4_1,type_V=q4_1,permute=[0,1,2,3]): not supported [ROCm0] 
  FLASH_ATTN_EXT(hsk=64,hsv=64,nh=4,nr23=[1,1],kv=113,nb=32,mask=0,sinks=1,max_bias=0.000000,logit_softcap=0.000000,prec=f32,type_K=q4_0,type_V=q4_0,permute=[0,1,2,3]): [1;32mOK[0m
  FLASH_ATTN_EXT(hsk=64,hsv=64,nh=4,nr23=[1,1],kv=113,nb=32,mask=0,sinks=1,max_bias=0.000000,logit_softcap=0.000000,prec=f32,type_K=iq4_nl,type_V=iq4_nl,permute=[0,1,2,3]): not supported [ROCm0] 
  FLASH_ATTN_EXT(hsk=64,hsv=64,nh=4,nr23=[1,1],kv=113,nb=75,mask=0,sinks=1,max_bias=0.000000,logit_softcap=0.000000,prec=f32,type_K=f32,type_V=f32,permute=[0,1,2,3]): [1;32mOK[0m
  FLASH_ATTN_EXT(hsk=64,hsv=64,nh=4,nr23=[1,1],kv=113,nb=75,mask=0,sinks=1,max_bias=0.000000,logit_softcap=0.000000,prec=f32,type_K=f16,type_V=f16,permute=[0,1,2,3]): [1;32mOK[0m
  FLASH_ATTN_EXT(hsk=64,hsv=64,nh=4,nr23=[1,1],kv=113,nb=75,mask=0,sinks=1,max_bias=0.000000,logit_softcap=0.000000,prec=f32,type_K=bf16,type_V=bf16,permute=[0,1,2,3]): [1;32mOK[0m
  FLASH_ATTN_EXT(hsk=64,hsv=64,nh=4,nr23=[1,1],kv=113,nb=75,mask=0,sinks=1,max_bias=0.000000,logit_softcap=0.000000,prec=f32,type_K=q8_0,type_V=q8_0,permute=[0,1,2,3]): [1;32mOK[0m
  FLASH_ATTN_EXT(hsk=64,hsv=64,nh=4,nr23=[1,1],kv=113,nb=75,mask=0,sinks=1,max_bias=0.000000,logit_softcap=0.000000,prec=f32,type_K=q5_1,type_V=q5_1,permute=[0,1,2,3]): not supported [ROCm0] 
  FLASH_ATTN_EXT(hsk=64,hsv=64,nh=4,nr23=[1,1],kv=113,nb=75,mask=0,sinks=1,max_bias=0.000000,logit_softcap=0.000000,prec=f32,type_K=q5_0,type_V=q5_0,permute=[0,1,2,3]): not supported [ROCm0] 
  FLASH_ATTN_EXT(hsk=64,hsv=64,nh=4,nr23=[1,1],kv=113,nb=75,mask=0,sinks=1,max_bias=0.000000,logit_softcap=0.000000,prec=f32,type_K=q4_1,type_V=q4_1,permute=[0,1,2,3]): not supported [ROCm0] 
  FLASH_ATTN_EXT(hsk=64,hsv=64,nh=4,nr23=[1,1],kv=113,nb=75,mask=0,sinks=1,max_bias=0.000000,logit_softcap=0.000000,prec=f32,type_K=q4_0,type_V=q4_0,permute=[0,1,2,3]): [1;32mOK[0m
  FLASH_ATTN_EXT(hsk=64,hsv=64,nh=4,nr23=[1,1],kv=113,nb=75,mask=0,sinks=1,max_bias=0.000000,logit_softcap=0.000000,prec=f32,type_K=iq4_nl,type_V=iq4_nl,permute=[0,1,2,3]): not supported [ROCm0] 
  FLASH_ATTN_EXT(hsk=64,hsv=64,nh=4,nr23=[1,1],kv=512,nb=1,mask=0,sinks=1,max_bias=0.000000,logit_softcap=0.000000,prec=f32,type_K=f32,type_V=f32,permute=[0,1,2,3]): [1;32mOK[0m
  FLASH_ATTN_EXT(hsk=64,hsv=64,nh=4,nr23=[1,1],kv=512,nb=1,mask=0,sinks=1,max_bias=0.000000,logit_softcap=0.000000,prec=f32,type_K=f16,type_V=f16,permute=[0,1,2,3]): [1;32mOK[0m
  FLASH_ATTN_EXT(hsk=64,hsv=64,nh=4,nr23=[1,1],kv=512,nb=1,mask=0,sinks=1,max_bias=0.000000,logit_softcap=0.000000,prec=f32,type_K=bf16,type_V=bf16,permute=[0,1,2,3]): [1;32mOK[0m
  FLASH_ATTN_EXT(hsk=64,hsv=64,nh=4,nr23=[1,1],kv=512,nb=1,mask=0,sinks=1,max_bias=0.000000,logit_softcap=0.000000,prec=f32,type_K=q8_0,type_V=q8_0,permute=[0,1,2,3]): [1;32mOK[0m
  FLASH_ATTN_EXT(hsk=64,hsv=64,nh=4,nr23=[1,1],kv=512,nb=1,mask=0,sinks=1,max_bias=0.000000,logit_softcap=0.000000,prec=f32,type_K=q5_1,type_V=q5_1,permute=[0,1,2,3]): not supported [ROCm0] 
  FLASH_ATTN_EXT(hsk=64,hsv=64,nh=4,nr23=[1,1],kv=512,nb=1,mask=0,sinks=1,max_bias=0.000000,logit_softcap=0.000000,prec=f32,type_K=q5_0,type_V=q5_0,permute=[0,1,2,3]): not supported [ROCm0] 
  FLASH_ATTN_EXT(hsk=64,hsv=64,nh=4,nr23=[1,1],kv=512,nb=1,mask=0,sinks=1,max_bias=0.000000,logit_softcap=0.000000,prec=f32,type_K=q4_1,type_V=q4_1,permute=[0,1,2,3]): not supported [ROCm0] 
  FLASH_ATTN_EXT(hsk=64,hsv=64,nh=4,nr23=[1,1],kv=512,nb=1,mask=0,sinks=1,max_bias=0.000000,logit_softcap=0.000000,prec=f32,type_K=q4_0,type_V=q4_0,permute=[0,1,2,3]): [1;32mOK[0m
  FLASH_ATTN_EXT(hsk=64,hsv=64,nh=4,nr23=[1,1],kv=512,nb=1,mask=0,sinks=1,max_bias=0.000000,logit_softcap=0.000000,prec=f32,type_K=iq4_nl,type_V=iq4_nl,permute=[0,1,2,3]): not supported [ROCm0] 
  FLASH_ATTN_EXT(hsk=64,hsv=64,nh=4,nr23=[1,1],kv=512,nb=3,mask=0,sinks=1,max_bias=0.000000,logit_softcap=0.000000,prec=f32,type_K=f32,type_V=f32,permute=[0,1,2,3]): [1;32mOK[0m
  FLASH_ATTN_EXT(hsk=64,hsv=64,nh=4,nr23=[1,1],kv=512,nb=3,mask=0,sinks=1,max_bias=0.000000,logit_softcap=0.000000,prec=f32,type_K=f16,type_V=f16,permute=[0,1,2,3]): [1;32mOK[0m
  FLASH_ATTN_EXT(hsk=64,hsv=64,nh=4,nr23=[1,1],kv=512,nb=3,mask=0,sinks=1,max_bias=0.000000,logit_softcap=0.000000,prec=f32,type_K=bf16,type_V=bf16,permute=[0,1,2,3]): [1;32mOK[0m
  FLASH_ATTN_EXT(hsk=64,hsv=64,nh=4,nr23=[1,1],kv=512,nb=3,mask=0,sinks=1,max_bias=0.000000,logit_softcap=0.000000,prec=f32,type_K=q8_0,type_V=q8_0,permute=[0,1,2,3]): [1;32mOK[0m
  FLASH_ATTN_EXT(hsk=64,hsv=64,nh=4,nr23=[1,1],kv=512,nb=3,mask=0,sinks=1,max_bias=0.000000,logit_softcap=0.000000,prec=f32,type_K=q5_1,type_V=q5_1,permute=[0,1,2,3]): not supported [ROCm0] 
  FLASH_ATTN_EXT(hsk=64,hsv=64,nh=4,nr23=[1,1],kv=512,nb=3,mask=0,sinks=1,max_bias=0.000000,logit_softcap=0.000000,prec=f32,type_K=q5_0,type_V=q5_0,permute=[0,1,2,3]): not supported [ROCm0] 
  FLASH_ATTN_EXT(hsk=64,hsv=64,nh=4,nr23=[1,1],kv=512,nb=3,mask=0,sinks=1,max_bias=0.000000,logit_softcap=0.000000,prec=f32,type_K=q4_1,type_V=q4_1,permute=[0,1,2,3]): not supported [ROCm0] 
  FLASH_ATTN_EXT(hsk=64,hsv=64,nh=4,nr23=[1,1],kv=512,nb=3,mask=0,sinks=1,max_bias=0.000000,logit_softcap=0.000000,prec=f32,type_K=q4_0,type_V=q4_0,permute=[0,1,2,3]): [1;32mOK[0m
  FLASH_ATTN_EXT(hsk=64,hsv=64,nh=4,nr23=[1,1],kv=512,nb=3,mask=0,sinks=1,max_bias=0.000000,logit_softcap=0.000000,prec=f32,type_K=iq4_nl,type_V=iq4_nl,permute=[0,1,2,3]): not supported [ROCm0] 
  FLASH_ATTN_EXT(hsk=64,hsv=64,nh=4,nr23=[1,1],kv=512,nb=32,mask=0,sinks=1,max_bias=0.000000,logit_softcap=0.000000,prec=f32,type_K=f32,type_V=f32,permute=[0,1,2,3]): [1;32mOK[0m
  FLASH_ATTN_EXT(hsk=64,hsv=64,nh=4,nr23=[1,1],kv=512,nb=32,mask=0,sinks=1,max_bias=0.000000,logit_softcap=0.000000,prec=f32,type_K=f16,type_V=f16,permute=[0,1,2,3]): [1;32mOK[0m
  FLASH_ATTN_EXT(hsk=64,hsv=64,nh=4,nr23=[1,1],kv=512,nb=32,mask=0,sinks=1,max_bias=0.000000,logit_softcap=0.000000,prec=f32,type_K=bf16,type_V=bf16,permute=[0,1,2,3]): [1;32mOK[0m
  FLASH_ATTN_EXT(hsk=64,hsv=64,nh=4,nr23=[1,1],kv=512,nb=32,mask=0,sinks=1,max_bias=0.000000,logit_softcap=0.000000,prec=f32,type_K=q8_0,type_V=q8_0,permute=[0,1,2,3]): [1;32mOK[0m
  FLASH_ATTN_EXT(hsk=64,hsv=64,nh=4,nr23=[1,1],kv=512,nb=32,mask=0,sinks=1,max_bias=0.000000,logit_softcap=0.000000,prec=f32,type_K=q5_1,type_V=q5_1,permute=[0,1,2,3]): not supported [ROCm0] 
  FLASH_ATTN_EXT(hsk=64,hsv=64,nh=4,nr23=[1,1],kv=512,nb=32,mask=0,sinks=1,max_bias=0.000000,logit_softcap=0.000000,prec=f32,type_K=q5_0,type_V=q5_0,permute=[0,1,2,3]): not supported [ROCm0] 
  FLASH_ATTN_EXT(hsk=64,hsv=64,nh=4,nr23=[1,1],kv=512,nb=32,mask=0,sinks=1,max_bias=0.000000,logit_softcap=0.000000,prec=f32,type_K=q4_1,type_V=q4_1,permute=[0,1,2,3]): not supported [ROCm0] 
  FLASH_ATTN_EXT(hsk=64,hsv=64,nh=4,nr23=[1,1],kv=512,nb=32,mask=0,sinks=1,max_bias=0.000000,logit_softcap=0.000000,prec=f32,type_K=q4_0,type_V=q4_0,permute=[0,1,2,3]): [1;32mOK[0m
  FLASH_ATTN_EXT(hsk=64,hsv=64,nh=4,nr23=[1,1],kv=512,nb=32,mask=0,sinks=1,max_bias=0.000000,logit_softcap=0.000000,prec=f32,type_K=iq4_nl,type_V=iq4_nl,permute=[0,1,2,3]): not supported [ROCm0] 
  FLASH_ATTN_EXT(hsk=64,hsv=64,nh=4,nr23=[1,1],kv=512,nb=75,mask=0,sinks=1,max_bias=0.000000,logit_softcap=0.000000,prec=f32,type_K=f32,type_V=f32,permute=[0,1,2,3]): [1;32mOK[0m
  FLASH_ATTN_EXT(hsk=64,hsv=64,nh=4,nr23=[1,1],kv=512,nb=75,mask=0,sinks=1,max_bias=0.000000,logit_softcap=0.000000,prec=f32,type_K=f16,type_V=f16,permute=[0,1,2,3]): [1;32mOK[0m
  FLASH_ATTN_EXT(hsk=64,hsv=64,nh=4,nr23=[1,1],kv=512,nb=75,mask=0,sinks=1,max_bias=0.000000,logit_softcap=0.000000,prec=f32,type_K=bf16,type_V=bf16,permute=[0,1,2,3]): [1;32mOK[0m
  FLASH_ATTN_EXT(hsk=64,hsv=64,nh=4,nr23=[1,1],kv=512,nb=75,mask=0,sinks=1,max_bias=0.000000,logit_softcap=0.000000,prec=f32,type_K=q8_0,type_V=q8_0,permute=[0,1,2,3]): [1;32mOK[0m
  FLASH_ATTN_EXT(hsk=64,hsv=64,nh=4,nr23=[1,1],kv=512,nb=75,mask=0,sinks=1,max_bias=0.000000,logit_softcap=0.000000,prec=f32,type_K=q5_1,type_V=q5_1,permute=[0,1,2,3]): not supported [ROCm0] 
  FLASH_ATTN_EXT(hsk=64,hsv=64,nh=4,nr23=[1,1],kv=512,nb=75,mask=0,sinks=1,max_bias=0.000000,logit_softcap=0.000000,prec=f32,type_K=q5_0,type_V=q5_0,permute=[0,1,2,3]): not supported [ROCm0] 
  FLASH_ATTN_EXT(hsk=64,hsv=64,nh=4,nr23=[1,1],kv=512,nb=75,mask=0,sinks=1,max_bias=0.000000,logit_softcap=0.000000,prec=f32,type_K=q4_1,type_V=q4_1,permute=[0,1,2,3]): not supported [ROCm0] 
  FLASH_ATTN_EXT(hsk=64,hsv=64,nh=4,nr23=[1,1],kv=512,nb=75,mask=0,sinks=1,max_bias=0.000000,logit_softcap=0.000000,prec=f32,type_K=q4_0,type_V=q4_0,permute=[0,1,2,3]): [1;32mOK[0m
  FLASH_ATTN_EXT(hsk=64,hsv=64,nh=4,nr23=[1,1],kv=512,nb=75,mask=0,sinks=1,max_bias=0.000000,logit_softcap=0.000000,prec=f32,type_K=iq4_nl,type_V=iq4_nl,permute=[0,1,2,3]): not supported [ROCm0] 
  FLASH_ATTN_EXT(hsk=64,hsv=64,nh=4,nr23=[1,1],kv=1024,nb=1,mask=0,sinks=1,max_bias=0.000000,logit_softcap=0.000000,prec=f32,type_K=f32,type_V=f32,permute=[0,1,2,3]): [1;32mOK[0m
  FLASH_ATTN_EXT(hsk=64,hsv=64,nh=4,nr23=[1,1],kv=1024,nb=1,mask=0,sinks=1,max_bias=0.000000,logit_softcap=0.000000,prec=f32,type_K=f16,type_V=f16,permute=[0,1,2,3]): [1;32mOK[0m
  FLASH_ATTN_EXT(hsk=64,hsv=64,nh=4,nr23=[1,1],kv=1024,nb=1,mask=0,sinks=1,max_bias=0.000000,logit_softcap=0.000000,prec=f32,type_K=bf16,type_V=bf16,permute=[0,1,2,3]): [1;32mOK[0m
  FLASH_ATTN_EXT(hsk=64,hsv=64,nh=4,nr23=[1,1],kv=1024,nb=1,mask=0,sinks=1,max_bias=0.000000,logit_softcap=0.000000,prec=f32,type_K=q8_0,type_V=q8_0,permute=[0,1,2,3]): [1;32mOK[0m
  FLASH_ATTN_EXT(hsk=64,hsv=64,nh=4,nr23=[1,1],kv=1024,nb=1,mask=0,sinks=1,max_bias=0.000000,logit_softcap=0.000000,prec=f32,type_K=q5_1,type_V=q5_1,permute=[0,1,2,3]): not supported [ROCm0] 
  FLASH_ATTN_EXT(hsk=64,hsv=64,nh=4,nr23=[1,1],kv=1024,nb=1,mask=0,sinks=1,max_bias=0.000000,logit_softcap=0.000000,prec=f32,type_K=q5_0,type_V=q5_0,permute=[0,1,2,3]): not supported [ROCm0] 
  FLASH_ATTN_EXT(hsk=64,hsv=64,nh=4,nr23=[1,1],kv=1024,nb=1,mask=0,sinks=1,max_bias=0.000000,logit_softcap=0.000000,prec=f32,type_K=q4_1,type_V=q4_1,permute=[0,1,2,3]): not supported [ROCm0] 
  FLASH_ATTN_EXT(hsk=64,hsv=64,nh=4,nr23=[1,1],kv=1024,nb=1,mask=0,sinks=1,max_bias=0.000000,logit_softcap=0.000000,prec=f32,type_K=q4_0,type_V=q4_0,permute=[0,1,2,3]): [1;32mOK[0m
  FLASH_ATTN_EXT(hsk=64,hsv=64,nh=4,nr23=[1,1],kv=1024,nb=1,mask=0,sinks=1,max_bias=0.000000,logit_softcap=0.000000,prec=f32,type_K=iq4_nl,type_V=iq4_nl,permute=[0,1,2,3]): not supported [ROCm0] 
  FLASH_ATTN_EXT(hsk=64,hsv=64,nh=4,nr23=[1,1],kv=1024,nb=3,mask=0,sinks=1,max_bias=0.000000,logit_softcap=0.000000,prec=f32,type_K=f32,type_V=f32,permute=[0,1,2,3]): [1;32mOK[0m
  FLASH_ATTN_EXT(hsk=64,hsv=64,nh=4,nr23=[1,1],kv=1024,nb=3,mask=0,sinks=1,max_bias=0.000000,logit_softcap=0.000000,prec=f32,type_K=f16,type_V=f16,permute=[0,1,2,3]): [1;32mOK[0m
  FLASH_ATTN_EXT(hsk=64,hsv=64,nh=4,nr23=[1,1],kv=1024,nb=3,mask=0,sinks=1,max_bias=0.000000,logit_softcap=0.000000,prec=f32,type_K=bf16,type_V=bf16,permute=[0,1,2,3]): [1;32mOK[0m
  FLASH_ATTN_EXT(hsk=64,hsv=64,nh=4,nr23=[1,1],kv=1024,nb=3,mask=0,sinks=1,max_bias=0.000000,logit_softcap=0.000000,prec=f32,type_K=q8_0,type_V=q8_0,permute=[0,1,2,3]): [1;32mOK[0m
  FLASH_ATTN_EXT(hsk=64,hsv=64,nh=4,nr23=[1,1],kv=1024,nb=3,mask=0,sinks=1,max_bias=0.000000,logit_softcap=0.000000,prec=f32,type_K=q5_1,type_V=q5_1,permute=[0,1,2,3]): not supported [ROCm0] 
  FLASH_ATTN_EXT(hsk=64,hsv=64,nh=4,nr23=[1,1],kv=1024,nb=3,mask=0,sinks=1,max_bias=0.000000,logit_softcap=0.000000,prec=f32,type_K=q5_0,type_V=q5_0,permute=[0,1,2,3]): not supported [ROCm0] 
  FLASH_ATTN_EXT(hsk=64,hsv=64,nh=4,nr23=[1,1],kv=1024,nb=3,mask=0,sinks=1,max_bias=0.000000,logit_softcap=0.000000,prec=f32,type_K=q4_1,type_V=q4_1,permute=[0,1,2,3]): not supported [ROCm0] 
  FLASH_ATTN_EXT(hsk=64,hsv=64,nh=4,nr23=[1,1],kv=1024,nb=3,mask=0,sinks=1,max_bias=0.000000,logit_softcap=0.000000,prec=f32,type_K=q4_0,type_V=q4_0,permute=[0,1,2,3]): [1;32mOK[0m
  FLASH_ATTN_EXT(hsk=64,hsv=64,nh=4,nr23=[1,1],kv=1024,nb=3,mask=0,sinks=1,max_bias=0.000000,logit_softcap=0.000000,prec=f32,type_K=iq4_nl,type_V=iq4_nl,permute=[0,1,2,3]): not supported [ROCm0] 
  FLASH_ATTN_EXT(hsk=64,hsv=64,nh=4,nr23=[1,1],kv=1024,nb=32,mask=0,sinks=1,max_bias=0.000000,logit_softcap=0.000000,prec=f32,type_K=f32,type_V=f32,permute=[0,1,2,3]): [1;32mOK[0m
  FLASH_ATTN_EXT(hsk=64,hsv=64,nh=4,nr23=[1,1],kv=1024,nb=32,mask=0,sinks=1,max_bias=0.000000,logit_softcap=0.000000,prec=f32,type_K=f16,type_V=f16,permute=[0,1,2,3]): [1;32mOK[0m
  FLASH_ATTN_EXT(hsk=64,hsv=64,nh=4,nr23=[1,1],kv=1024,nb=32,mask=0,sinks=1,max_bias=0.000000,logit_softcap=0.000000,prec=f32,type_K=bf16,type_V=bf16,permute=[0,1,2,3]): [1;32mOK[0m
  FLASH_ATTN_EXT(hsk=64,hsv=64,nh=4,nr23=[1,1],kv=1024,nb=32,mask=0,sinks=1,max_bias=0.000000,logit_softcap=0.000000,prec=f32,type_K=q8_0,type_V=q8_0,permute=[0,1,2,3]): [1;32mOK[0m
  FLASH_ATTN_EXT(hsk=64,hsv=64,nh=4,nr23=[1,1],kv=1024,nb=32,mask=0,sinks=1,max_bias=0.000000,logit_softcap=0.000000,prec=f32,type_K=q5_1,type_V=q5_1,permute=[0,1,2,3]): not supported [ROCm0] 
  FLASH_ATTN_EXT(hsk=64,hsv=64,nh=4,nr23=[1,1],kv=1024,nb=32,mask=0,sinks=1,max_bias=0.000000,logit_softcap=0.000000,prec=f32,type_K=q5_0,type_V=q5_0,permute=[0,1,2,3]): not supported [ROCm0] 
  FLASH_ATTN_EXT(hsk=64,hsv=64,nh=4,nr23=[1,1],kv=1024,nb=32,mask=0,sinks=1,max_bias=0.000000,logit_softcap=0.000000,prec=f32,type_K=q4_1,type_V=q4_1,permute=[0,1,2,3]): not supported [ROCm0] 
  FLASH_ATTN_EXT(hsk=64,hsv=64,nh=4,nr23=[1,1],kv=1024,nb=32,mask=0,sinks=1,max_bias=0.000000,logit_softcap=0.000000,prec=f32,type_K=q4_0,type_V=q4_0,permute=[0,1,2,3]): [1;32mOK[0m
  FLASH_ATTN_EXT(hsk=64,hsv=64,nh=4,nr23=[1,1],kv=1024,nb=32,mask=0,sinks=1,max_bias=0.000000,logit_softcap=0.000000,prec=f32,type_K=iq4_nl,type_V=iq4_nl,permute=[0,1,2,3]): not supported [ROCm0] 
  FLASH_ATTN_EXT(hsk=64,hsv=64,nh=4,nr23=[1,1],kv=1024,nb=75,mask=0,sinks=1,max_bias=0.000000,logit_softcap=0.000000,prec=f32,type_K=f32,type_V=f32,permute=[0,1,2,3]): [1;32mOK[0m
  FLASH_ATTN_EXT(hsk=64,hsv=64,nh=4,nr23=[1,1],kv=1024,nb=75,mask=0,sinks=1,max_bias=0.000000,logit_softcap=0.000000,prec=f32,type_K=f16,type_V=f16,permute=[0,1,2,3]): [1;32mOK[0m
  FLASH_ATTN_EXT(hsk=64,hsv=64,nh=4,nr23=[1,1],kv=1024,nb=75,mask=0,sinks=1,max_bias=0.000000,logit_softcap=0.000000,prec=f32,type_K=bf16,type_V=bf16,permute=[0,1,2,3]): [1;32mOK[0m
  FLASH_ATTN_EXT(hsk=64,hsv=64,nh=4,nr23=[1,1],kv=1024,nb=75,mask=0,sinks=1,max_bias=0.000000,logit_softcap=0.000000,prec=f32,type_K=q8_0,type_V=q8_0,permute=[0,1,2,3]): [1;32mOK[0m
  FLASH_ATTN_EXT(hsk=64,hsv=64,nh=4,nr23=[1,1],kv=1024,nb=75,mask=0,sinks=1,max_bias=0.000000,logit_softcap=0.000000,prec=f32,type_K=q5_1,type_V=q5_1,permute=[0,1,2,3]): not supported [ROCm0] 
  FLASH_ATTN_EXT(hsk=64,hsv=64,nh=4,nr23=[1,1],kv=1024,nb=75,mask=0,sinks=1,max_bias=0.000000,logit_softcap=0.000000,prec=f32,type_K=q5_0,type_V=q5_0,permute=[0,1,2,3]): not supported [ROCm0] 
  FLASH_ATTN_EXT(hsk=64,hsv=64,nh=4,nr23=[1,1],kv=1024,nb=75,mask=0,sinks=1,max_bias=0.000000,logit_softcap=0.000000,prec=f32,type_K=q4_1,type_V=q4_1,permute=[0,1,2,3]): not supported [ROCm0] 
  FLASH_ATTN_EXT(hsk=64,hsv=64,nh=4,nr23=[1,1],kv=1024,nb=75,mask=0,sinks=1,max_bias=0.000000,logit_softcap=0.000000,prec=f32,type_K=q4_0,type_V=q4_0,permute=[0,1,2,3]): [1;32mOK[0m
  FLASH_ATTN_EXT(hsk=64,hsv=64,nh=4,nr23=[1,1],kv=1024,nb=75,mask=0,sinks=1,max_bias=0.000000,logit_softcap=0.000000,prec=f32,type_K=iq4_nl,type_V=iq4_nl,permute=[0,1,2,3]): not supported [ROCm0] 
  FLASH_ATTN_EXT(hsk=64,hsv=64,nh=4,nr23=[4,1],kv=512,nb=1,mask=0,sinks=1,max_bias=0.000000,logit_softcap=0.000000,prec=f32,type_K=f32,type_V=f32,permute=[0,1,2,3]): [1;32mOK[0m
  FLASH_ATTN_EXT(hsk=64,hsv=64,nh=4,nr23=[4,1],kv=512,nb=1,mask=0,sinks=1,max_bias=0.000000,logit_softcap=0.000000,prec=f32,type_K=f16,type_V=f16,permute=[0,1,2,3]): [1;32mOK[0m
  FLASH_ATTN_EXT(hsk=64,hsv=64,nh=4,nr23=[4,1],kv=512,nb=1,mask=0,sinks=1,max_bias=0.000000,logit_softcap=0.000000,prec=f32,type_K=bf16,type_V=bf16,permute=[0,1,2,3]): [1;32mOK[0m
  FLASH_ATTN_EXT(hsk=64,hsv=64,nh=4,nr23=[4,1],kv=512,nb=1,mask=0,sinks=1,max_bias=0.000000,logit_softcap=0.000000,prec=f32,type_K=q8_0,type_V=q8_0,permute=[0,1,2,3]): [1;32mOK[0m
  FLASH_ATTN_EXT(hsk=64,hsv=64,nh=4,nr23=[4,1],kv=512,nb=1,mask=0,sinks=1,max_bias=0.000000,logit_softcap=0.000000,prec=f32,type_K=q5_1,type_V=q5_1,permute=[0,1,2,3]): not supported [ROCm0] 
  FLASH_ATTN_EXT(hsk=64,hsv=64,nh=4,nr23=[4,1],kv=512,nb=1,mask=0,sinks=1,max_bias=0.000000,logit_softcap=0.000000,prec=f32,type_K=q5_0,type_V=q5_0,permute=[0,1,2,3]): not supported [ROCm0] 
  FLASH_ATTN_EXT(hsk=64,hsv=64,nh=4,nr23=[4,1],kv=512,nb=1,mask=0,sinks=1,max_bias=0.000000,logit_softcap=0.000000,prec=f32,type_K=q4_1,type_V=q4_1,permute=[0,1,2,3]): not supported [ROCm0] 
  FLASH_ATTN_EXT(hsk=64,hsv=64,nh=4,nr23=[4,1],kv=512,nb=1,mask=0,sinks=1,max_bias=0.000000,logit_softcap=0.000000,prec=f32,type_K=q4_0,type_V=q4_0,permute=[0,1,2,3]): [1;32mOK[0m
  FLASH_ATTN_EXT(hsk=64,hsv=64,nh=4,nr23=[4,1],kv=512,nb=1,mask=0,sinks=1,max_bias=0.000000,logit_softcap=0.000000,prec=f32,type_K=iq4_nl,type_V=iq4_nl,permute=[0,1,2,3]): not supported [ROCm0] 
  FLASH_ATTN_EXT(hsk=64,hsv=64,nh=4,nr23=[4,1],kv=512,nb=3,mask=0,sinks=1,max_bias=0.000000,logit_softcap=0.000000,prec=f32,type_K=f32,type_V=f32,permute=[0,1,2,3]): [1;32mOK[0m
  FLASH_ATTN_EXT(hsk=64,hsv=64,nh=4,nr23=[4,1],kv=512,nb=3,mask=0,sinks=1,max_bias=0.000000,logit_softcap=0.000000,prec=f32,type_K=f16,type_V=f16,permute=[0,1,2,3]): [1;32mOK[0m
  FLASH_ATTN_EXT(hsk=64,hsv=64,nh=4,nr23=[4,1],kv=512,nb=3,mask=0,sinks=1,max_bias=0.000000,logit_softcap=0.000000,prec=f32,type_K=bf16,type_V=bf16,permute=[0,1,2,3]): [1;32mOK[0m
  FLASH_ATTN_EXT(hsk=64,hsv=64,nh=4,nr23=[4,1],kv=512,nb=3,mask=0,sinks=1,max_bias=0.000000,logit_softcap=0.000000,prec=f32,type_K=q8_0,type_V=q8_0,permute=[0,1,2,3]): [1;32mOK[0m
  FLASH_ATTN_EXT(hsk=64,hsv=64,nh=4,nr23=[4,1],kv=512,nb=3,mask=0,sinks=1,max_bias=0.000000,logit_softcap=0.000000,prec=f32,type_K=q5_1,type_V=q5_1,permute=[0,1,2,3]): not supported [ROCm0] 
  FLASH_ATTN_EXT(hsk=64,hsv=64,nh=4,nr23=[4,1],kv=512,nb=3,mask=0,sinks=1,max_bias=0.000000,logit_softcap=0.000000,prec=f32,type_K=q5_0,type_V=q5_0,permute=[0,1,2,3]): not supported [ROCm0] 
  FLASH_ATTN_EXT(hsk=64,hsv=64,nh=4,nr23=[4,1],kv=512,nb=3,mask=0,sinks=1,max_bias=0.000000,logit_softcap=0.000000,prec=f32,type_K=q4_1,type_V=q4_1,permute=[0,1,2,3]): not supported [ROCm0] 
  FLASH_ATTN_EXT(hsk=64,hsv=64,nh=4,nr23=[4,1],kv=512,nb=3,mask=0,sinks=1,max_bias=0.000000,logit_softcap=0.000000,prec=f32,type_K=q4_0,type_V=q4_0,permute=[0,1,2,3]): [1;32mOK[0m
  FLASH_ATTN_EXT(hsk=64,hsv=64,nh=4,nr23=[4,1],kv=512,nb=3,mask=0,sinks=1,max_bias=0.000000,logit_softcap=0.000000,prec=f32,type_K=iq4_nl,type_V=iq4_nl,permute=[0,1,2,3]): not supported [ROCm0] 
  FLASH_ATTN_EXT(hsk=64,hsv=64,nh=4,nr23=[4,1],kv=512,nb=32,mask=0,sinks=1,max_bias=0.000000,logit_softcap=0.000000,prec=f32,type_K=f32,type_V=f32,permute=[0,1,2,3]): [1;32mOK[0m
  FLASH_ATTN_EXT(hsk=64,hsv=64,nh=4,nr23=[4,1],kv=512,nb=32,mask=0,sinks=1,max_bias=0.000000,logit_softcap=0.000000,prec=f32,type_K=f16,type_V=f16,permute=[0,1,2,3]): [1;32mOK[0m
  FLASH_ATTN_EXT(hsk=64,hsv=64,nh=4,nr23=[4,1],kv=512,nb=32,mask=0,sinks=1,max_bias=0.000000,logit_softcap=0.000000,prec=f32,type_K=bf16,type_V=bf16,permute=[0,1,2,3]): [1;32mOK[0m
  FLASH_ATTN_EXT(hsk=64,hsv=64,nh=4,nr23=[4,1],kv=512,nb=32,mask=0,sinks=1,max_bias=0.000000,logit_softcap=0.000000,prec=f32,type_K=q8_0,type_V=q8_0,permute=[0,1,2,3]): [1;32mOK[0m
  FLASH_ATTN_EXT(hsk=64,hsv=64,nh=4,nr23=[4,1],kv=512,nb=32,mask=0,sinks=1,max_bias=0.000000,logit_softcap=0.000000,prec=f32,type_K=q5_1,type_V=q5_1,permute=[0,1,2,3]): not supported [ROCm0] 
  FLASH_ATTN_EXT(hsk=64,hsv=64,nh=4,nr23=[4,1],kv=512,nb=32,mask=0,sinks=1,max_bias=0.000000,logit_softcap=0.000000,prec=f32,type_K=q5_0,type_V=q5_0,permute=[0,1,2,3]): not supported [ROCm0] 
  FLASH_ATTN_EXT(hsk=64,hsv=64,nh=4,nr23=[4,1],kv=512,nb=32,mask=0,sinks=1,max_bias=0.000000,logit_softcap=0.000000,prec=f32,type_K=q4_1,type_V=q4_1,permute=[0,1,2,3]): not supported [ROCm0] 
  FLASH_ATTN_EXT(hsk=64,hsv=64,nh=4,nr23=[4,1],kv=512,nb=32,mask=0,sinks=1,max_bias=0.000000,logit_softcap=0.000000,prec=f32,type_K=q4_0,type_V=q4_0,permute=[0,1,2,3]): [1;32mOK[0m
  FLASH_ATTN_EXT(hsk=64,hsv=64,nh=4,nr23=[4,1],kv=512,nb=32,mask=0,sinks=1,max_bias=0.000000,logit_softcap=0.000000,prec=f32,type_K=iq4_nl,type_V=iq4_nl,permute=[0,1,2,3]): not supported [ROCm0] 
  FLASH_ATTN_EXT(hsk=64,hsv=64,nh=4,nr23=[4,1],kv=512,nb=75,mask=0,sinks=1,max_bias=0.000000,logit_softcap=0.000000,prec=f32,type_K=f32,type_V=f32,permute=[0,1,2,3]): [1;32mOK[0m
  FLASH_ATTN_EXT(hsk=64,hsv=64,nh=4,nr23=[4,1],kv=512,nb=75,mask=0,sinks=1,max_bias=0.000000,logit_softcap=0.000000,prec=f32,type_K=f16,type_V=f16,permute=[0,1,2,3]): [1;32mOK[0m
  FLASH_ATTN_EXT(hsk=64,hsv=64,nh=4,nr23=[4,1],kv=512,nb=75,mask=0,sinks=1,max_bias=0.000000,logit_softcap=0.000000,prec=f32,type_K=bf16,type_V=bf16,permute=[0,1,2,3]): [1;32mOK[0m
  FLASH_ATTN_EXT(hsk=64,hsv=64,nh=4,nr23=[4,1],kv=512,nb=75,mask=0,sinks=1,max_bias=0.000000,logit_softcap=0.000000,prec=f32,type_K=q8_0,type_V=q8_0,permute=[0,1,2,3]): [1;32mOK[0m
  FLASH_ATTN_EXT(hsk=64,hsv=64,nh=4,nr23=[4,1],kv=512,nb=75,mask=0,sinks=1,max_bias=0.000000,logit_softcap=0.000000,prec=f32,type_K=q5_1,type_V=q5_1,permute=[0,1,2,3]): not supported [ROCm0] 
  FLASH_ATTN_EXT(hsk=64,hsv=64,nh=4,nr23=[4,1],kv=512,nb=75,mask=0,sinks=1,max_bias=0.000000,logit_softcap=0.000000,prec=f32,type_K=q5_0,type_V=q5_0,permute=[0,1,2,3]): not supported [ROCm0] 
  FLASH_ATTN_EXT(hsk=64,hsv=64,nh=4,nr23=[4,1],kv=512,nb=75,mask=0,sinks=1,max_bias=0.000000,logit_softcap=0.000000,prec=f32,type_K=q4_1,type_V=q4_1,permute=[0,1,2,3]): ggml_backend_cuda_graph_compute: CUDA graph warmup complete
ggml_backend_cuda_graph_compute: CUDA graph warmup complete
not supported [ROCm0] 
  FLASH_ATTN_EXT(hsk=64,hsv=64,nh=4,nr23=[4,1],kv=512,nb=75,mask=0,sinks=1,max_bias=0.000000,logit_softcap=0.000000,prec=f32,type_K=q4_0,type_V=q4_0,permute=[0,1,2,3]): [1;32mOK[0m
  FLASH_ATTN_EXT(hsk=64,hsv=64,nh=4,nr23=[4,1],kv=512,nb=75,mask=0,sinks=1,max_bias=0.000000,logit_softcap=0.000000,prec=f32,type_K=iq4_nl,type_V=iq4_nl,permute=[0,1,2,3]): ggml_backend_cuda_graph_compute: CUDA graph warmup reset
ggml_backend_cuda_graph_compute: CUDA graph warmup reset
not supported [ROCm0] 
  FLASH_ATTN_EXT(hsk=64,hsv=64,nh=4,nr23=[1,3],kv=113,nb=1,mask=0,sinks=1,max_bias=0.000000,logit_softcap=0.000000,prec=f32,type_K=f32,type_V=f32,permute=[0,1,2,3]): [1;32mOK[0m
  FLASH_ATTN_EXT(hsk=64,hsv=64,nh=4,nr23=[1,3],kv=113,nb=1,mask=0,sinks=1,max_bias=0.000000,logit_softcap=0.000000,prec=f32,type_K=f16,type_V=f16,permute=[0,1,2,3]): [1;32mOK[0m
  FLASH_ATTN_EXT(hsk=64,hsv=64,nh=4,nr23=[1,3],kv=113,nb=1,mask=0,sinks=1,max_bias=0.000000,logit_softcap=0.000000,prec=f32,type_K=bf16,type_V=bf16,permute=[0,1,2,3]): [1;32mOK[0m
  FLASH_ATTN_EXT(hsk=64,hsv=64,nh=4,nr23=[1,3],kv=113,nb=1,mask=0,sinks=1,max_bias=0.000000,logit_softcap=0.000000,prec=f32,type_K=q8_0,type_V=q8_0,permute=[0,1,2,3]): [1;32mOK[0m
  FLASH_ATTN_EXT(hsk=64,hsv=64,nh=4,nr23=[1,3],kv=113,nb=1,mask=0,sinks=1,max_bias=0.000000,logit_softcap=0.000000,prec=f32,type_K=q5_1,type_V=q5_1,permute=[0,1,2,3]): not supported [ROCm0] 
  FLASH_ATTN_EXT(hsk=64,hsv=64,nh=4,nr23=[1,3],kv=113,nb=1,mask=0,sinks=1,max_bias=0.000000,logit_softcap=0.000000,prec=f32,type_K=q5_0,type_V=q5_0,permute=[0,1,2,3]): not supported [ROCm0] 
  FLASH_ATTN_EXT(hsk=64,hsv=64,nh=4,nr23=[1,3],kv=113,nb=1,mask=0,sinks=1,max_bias=0.000000,logit_softcap=0.000000,prec=f32,type_K=q4_1,type_V=q4_1,permute=[0,1,2,3]): ggml_backend_cuda_graph_compute: CUDA graph warmup complete
ggml_backend_cuda_graph_compute: CUDA graph warmup complete
not supported [ROCm0] 
  FLASH_ATTN_EXT(hsk=64,hsv=64,nh=4,nr23=[1,3],kv=113,nb=1,mask=0,sinks=1,max_bias=0.000000,logit_softcap=0.000000,prec=f32,type_K=q4_0,type_V=q4_0,permute=[0,1,2,3]): [1;32mOK[0m
  FLASH_ATTN_EXT(hsk=64,hsv=64,nh=4,nr23=[1,3],kv=113,nb=1,mask=0,sinks=1,max_bias=0.000000,logit_softcap=0.000000,prec=f32,type_K=iq4_nl,type_V=iq4_nl,permute=[0,1,2,3]): ggml_backend_cuda_graph_compute: CUDA graph warmup reset
ggml_backend_cuda_graph_compute: CUDA graph warmup reset
not supported [ROCm0] 
  FLASH_ATTN_EXT(hsk=64,hsv=64,nh=4,nr23=[1,3],kv=113,nb=3,mask=0,sinks=1,max_bias=0.000000,logit_softcap=0.000000,prec=f32,type_K=f32,type_V=f32,permute=[0,1,2,3]): [1;32mOK[0m
  FLASH_ATTN_EXT(hsk=64,hsv=64,nh=4,nr23=[1,3],kv=113,nb=3,mask=0,sinks=1,max_bias=0.000000,logit_softcap=0.000000,prec=f32,type_K=f16,type_V=f16,permute=[0,1,2,3]): [1;32mOK[0m
  FLASH_ATTN_EXT(hsk=64,hsv=64,nh=4,nr23=[1,3],kv=113,nb=3,mask=0,sinks=1,max_bias=0.000000,logit_softcap=0.000000,prec=f32,type_K=bf16,type_V=bf16,permute=[0,1,2,3]): [1;32mOK[0m
  FLASH_ATTN_EXT(hsk=64,hsv=64,nh=4,nr23=[1,3],kv=113,nb=3,mask=0,sinks=1,max_bias=0.000000,logit_softcap=0.000000,prec=f32,type_K=q8_0,type_V=q8_0,permute=[0,1,2,3]): [1;32mOK[0m
  FLASH_ATTN_EXT(hsk=64,hsv=64,nh=4,nr23=[1,3],kv=113,nb=3,mask=0,sinks=1,max_bias=0.000000,logit_softcap=0.000000,prec=f32,type_K=q5_1,type_V=q5_1,permute=[0,1,2,3]): not supported [ROCm0] 
  FLASH_ATTN_EXT(hsk=64,hsv=64,nh=4,nr23=[1,3],kv=113,nb=3,mask=0,sinks=1,max_bias=0.000000,logit_softcap=0.000000,prec=f32,type_K=q5_0,type_V=q5_0,permute=[0,1,2,3]): not supported [ROCm0] 
  FLASH_ATTN_EXT(hsk=64,hsv=64,nh=4,nr23=[1,3],kv=113,nb=3,mask=0,sinks=1,max_bias=0.000000,logit_softcap=0.000000,prec=f32,type_K=q4_1,type_V=q4_1,permute=[0,1,2,3]): ggml_backend_cuda_graph_compute: CUDA graph warmup complete
ggml_backend_cuda_graph_compute: CUDA graph warmup complete
not supported [ROCm0] 
  FLASH_ATTN_EXT(hsk=64,hsv=64,nh=4,nr23=[1,3],kv=113,nb=3,mask=0,sinks=1,max_bias=0.000000,logit_softcap=0.000000,prec=f32,type_K=q4_0,type_V=q4_0,permute=[0,1,2,3]): [1;32mOK[0m
  FLASH_ATTN_EXT(hsk=64,hsv=64,nh=4,nr23=[1,3],kv=113,nb=3,mask=0,sinks=1,max_bias=0.000000,logit_softcap=0.000000,prec=f32,type_K=iq4_nl,type_V=iq4_nl,permute=[0,1,2,3]): ggml_backend_cuda_graph_compute: CUDA graph warmup reset
ggml_backend_cuda_graph_compute: CUDA graph warmup reset
not supported [ROCm0] 
  FLASH_ATTN_EXT(hsk=64,hsv=64,nh=4,nr23=[1,3],kv=113,nb=32,mask=0,sinks=1,max_bias=0.000000,logit_softcap=0.000000,prec=f32,type_K=f32,type_V=f32,permute=[0,1,2,3]): [1;32mOK[0m
  FLASH_ATTN_EXT(hsk=64,hsv=64,nh=4,nr23=[1,3],kv=113,nb=32,mask=0,sinks=1,max_bias=0.000000,logit_softcap=0.000000,prec=f32,type_K=f16,type_V=f16,permute=[0,1,2,3]): [1;32mOK[0m
  FLASH_ATTN_EXT(hsk=64,hsv=64,nh=4,nr23=[1,3],kv=113,nb=32,mask=0,sinks=1,max_bias=0.000000,logit_softcap=0.000000,prec=f32,type_K=bf16,type_V=bf16,permute=[0,1,2,3]): [1;32mOK[0m
  FLASH_ATTN_EXT(hsk=64,hsv=64,nh=4,nr23=[1,3],kv=113,nb=32,mask=0,sinks=1,max_bias=0.000000,logit_softcap=0.000000,prec=f32,type_K=q8_0,type_V=q8_0,permute=[0,1,2,3]): [1;32mOK[0m
  FLASH_ATTN_EXT(hsk=64,hsv=64,nh=4,nr23=[1,3],kv=113,nb=32,mask=0,sinks=1,max_bias=0.000000,logit_softcap=0.000000,prec=f32,type_K=q5_1,type_V=q5_1,permute=[0,1,2,3]): not supported [ROCm0] 
  FLASH_ATTN_EXT(hsk=64,hsv=64,nh=4,nr23=[1,3],kv=113,nb=32,mask=0,sinks=1,max_bias=0.000000,logit_softcap=0.000000,prec=f32,type_K=q5_0,type_V=q5_0,permute=[0,1,2,3]): not supported [ROCm0] 
  FLASH_ATTN_EXT(hsk=64,hsv=64,nh=4,nr23=[1,3],kv=113,nb=32,mask=0,sinks=1,max_bias=0.000000,logit_softcap=0.000000,prec=f32,type_K=q4_1,type_V=q4_1,permute=[0,1,2,3]): not supported [ROCm0] 
  FLASH_ATTN_EXT(hsk=64,hsv=64,nh=4,nr23=[1,3],kv=113,nb=32,mask=0,sinks=1,max_bias=0.000000,logit_softcap=0.000000,prec=f32,type_K=q4_0,type_V=q4_0,permute=[0,1,2,3]): [1;32mOK[0m
  FLASH_ATTN_EXT(hsk=64,hsv=64,nh=4,nr23=[1,3],kv=113,nb=32,mask=0,sinks=1,max_bias=0.000000,logit_softcap=0.000000,prec=f32,type_K=iq4_nl,type_V=iq4_nl,permute=[0,1,2,3]): not supported [ROCm0] 
  FLASH_ATTN_EXT(hsk=64,hsv=64,nh=4,nr23=[1,3],kv=113,nb=75,mask=0,sinks=1,max_bias=0.000000,logit_softcap=0.000000,prec=f32,type_K=f32,type_V=f32,permute=[0,1,2,3]): [1;32mOK[0m
  FLASH_ATTN_EXT(hsk=64,hsv=64,nh=4,nr23=[1,3],kv=113,nb=75,mask=0,sinks=1,max_bias=0.000000,logit_softcap=0.000000,prec=f32,type_K=f16,type_V=f16,permute=[0,1,2,3]): [1;32mOK[0m
  FLASH_ATTN_EXT(hsk=64,hsv=64,nh=4,nr23=[1,3],kv=113,nb=75,mask=0,sinks=1,max_bias=0.000000,logit_softcap=0.000000,prec=f32,type_K=bf16,type_V=bf16,permute=[0,1,2,3]): [1;32mOK[0m
  FLASH_ATTN_EXT(hsk=64,hsv=64,nh=4,nr23=[1,3],kv=113,nb=75,mask=0,sinks=1,max_bias=0.000000,logit_softcap=0.000000,prec=f32,type_K=q8_0,type_V=q8_0,permute=[0,1,2,3]): [1;32mOK[0m
  FLASH_ATTN_EXT(hsk=64,hsv=64,nh=4,nr23=[1,3],kv=113,nb=75,mask=0,sinks=1,max_bias=0.000000,logit_softcap=0.000000,prec=f32,type_K=q5_1,type_V=q5_1,permute=[0,1,2,3]): not supported [ROCm0] 
  FLASH_ATTN_EXT(hsk=64,hsv=64,nh=4,nr23=[1,3],kv=113,nb=75,mask=0,sinks=1,max_bias=0.000000,logit_softcap=0.000000,prec=f32,type_K=q5_0,type_V=q5_0,permute=[0,1,2,3]): not supported [ROCm0] 
  FLASH_ATTN_EXT(hsk=64,hsv=64,nh=4,nr23=[1,3],kv=113,nb=75,mask=0,sinks=1,max_bias=0.000000,logit_softcap=0.000000,prec=f32,type_K=q4_1,type_V=q4_1,permute=[0,1,2,3]): not supported [ROCm0] 
  FLASH_ATTN_EXT(hsk=64,hsv=64,nh=4,nr23=[1,3],kv=113,nb=75,mask=0,sinks=1,max_bias=0.000000,logit_softcap=0.000000,prec=f32,type_K=q4_0,type_V=q4_0,permute=[0,1,2,3]): [1;32mOK[0m
  FLASH_ATTN_EXT(hsk=64,hsv=64,nh=4,nr23=[1,3],kv=113,nb=75,mask=0,sinks=1,max_bias=0.000000,logit_softcap=0.000000,prec=f32,type_K=iq4_nl,type_V=iq4_nl,permute=[0,1,2,3]): not supported [ROCm0] 
  FLASH_ATTN_EXT(hsk=64,hsv=64,nh=4,nr23=[1,3],kv=512,nb=1,mask=0,sinks=1,max_bias=0.000000,logit_softcap=0.000000,prec=f32,type_K=f32,type_V=f32,permute=[0,1,2,3]): [1;32mOK[0m
  FLASH_ATTN_EXT(hsk=64,hsv=64,nh=4,nr23=[1,3],kv=512,nb=1,mask=0,sinks=1,max_bias=0.000000,logit_softcap=0.000000,prec=f32,type_K=f16,type_V=f16,permute=[0,1,2,3]): [1;32mOK[0m
  FLASH_ATTN_EXT(hsk=64,hsv=64,nh=4,nr23=[1,3],kv=512,nb=1,mask=0,sinks=1,max_bias=0.000000,logit_softcap=0.000000,prec=f32,type_K=bf16,type_V=bf16,permute=[0,1,2,3]): [1;32mOK[0m
  FLASH_ATTN_EXT(hsk=64,hsv=64,nh=4,nr23=[1,3],kv=512,nb=1,mask=0,sinks=1,max_bias=0.000000,logit_softcap=0.000000,prec=f32,type_K=q8_0,type_V=q8_0,permute=[0,1,2,3]): [1;32mOK[0m
  FLASH_ATTN_EXT(hsk=64,hsv=64,nh=4,nr23=[1,3],kv=512,nb=1,mask=0,sinks=1,max_bias=0.000000,logit_softcap=0.000000,prec=f32,type_K=q5_1,type_V=q5_1,permute=[0,1,2,3]): not supported [ROCm0] 
  FLASH_ATTN_EXT(hsk=64,hsv=64,nh=4,nr23=[1,3],kv=512,nb=1,mask=0,sinks=1,max_bias=0.000000,logit_softcap=0.000000,prec=f32,type_K=q5_0,type_V=q5_0,permute=[0,1,2,3]): not supported [ROCm0] 
  FLASH_ATTN_EXT(hsk=64,hsv=64,nh=4,nr23=[1,3],kv=512,nb=1,mask=0,sinks=1,max_bias=0.000000,logit_softcap=0.000000,prec=f32,type_K=q4_1,type_V=q4_1,permute=[0,1,2,3]): not supported [ROCm0] 
  FLASH_ATTN_EXT(hsk=64,hsv=64,nh=4,nr23=[1,3],kv=512,nb=1,mask=0,sinks=1,max_bias=0.000000,logit_softcap=0.000000,prec=f32,type_K=q4_0,type_V=q4_0,permute=[0,1,2,3]): [1;32mOK[0m
  FLASH_ATTN_EXT(hsk=64,hsv=64,nh=4,nr23=[1,3],kv=512,nb=1,mask=0,sinks=1,max_bias=0.000000,logit_softcap=0.000000,prec=f32,type_K=iq4_nl,type_V=iq4_nl,permute=[0,1,2,3]): not supported [ROCm0] 
  FLASH_ATTN_EXT(hsk=64,hsv=64,nh=4,nr23=[1,3],kv=512,nb=3,mask=0,sinks=1,max_bias=0.000000,logit_softcap=0.000000,prec=f32,type_K=f32,type_V=f32,permute=[0,1,2,3]): [1;32mOK[0m
  FLASH_ATTN_EXT(hsk=64,hsv=64,nh=4,nr23=[1,3],kv=512,nb=3,mask=0,sinks=1,max_bias=0.000000,logit_softcap=0.000000,prec=f32,type_K=f16,type_V=f16,permute=[0,1,2,3]): [1;32mOK[0m
  FLASH_ATTN_EXT(hsk=64,hsv=64,nh=4,nr23=[1,3],kv=512,nb=3,mask=0,sinks=1,max_bias=0.000000,logit_softcap=0.000000,prec=f32,type_K=bf16,type_V=bf16,permute=[0,1,2,3]): [1;32mOK[0m
  FLASH_ATTN_EXT(hsk=64,hsv=64,nh=4,nr23=[1,3],kv=512,nb=3,mask=0,sinks=1,max_bias=0.000000,logit_softcap=0.000000,prec=f32,type_K=q8_0,type_V=q8_0,permute=[0,1,2,3]): [1;32mOK[0m
  FLASH_ATTN_EXT(hsk=64,hsv=64,nh=4,nr23=[1,3],kv=512,nb=3,mask=0,sinks=1,max_bias=0.000000,logit_softcap=0.000000,prec=f32,type_K=q5_1,type_V=q5_1,permute=[0,1,2,3]): not supported [ROCm0] 
  FLASH_ATTN_EXT(hsk=64,hsv=64,nh=4,nr23=[1,3],kv=512,nb=3,mask=0,sinks=1,max_bias=0.000000,logit_softcap=0.000000,prec=f32,type_K=q5_0,type_V=q5_0,permute=[0,1,2,3]): not supported [ROCm0] 
  FLASH_ATTN_EXT(hsk=64,hsv=64,nh=4,nr23=[1,3],kv=512,nb=3,mask=0,sinks=1,max_bias=0.000000,logit_softcap=0.000000,prec=f32,type_K=q4_1,type_V=q4_1,permute=[0,1,2,3]): not supported [ROCm0] 
  FLASH_ATTN_EXT(hsk=64,hsv=64,nh=4,nr23=[1,3],kv=512,nb=3,mask=0,sinks=1,max_bias=0.000000,logit_softcap=0.000000,prec=f32,type_K=q4_0,type_V=q4_0,permute=[0,1,2,3]): [1;32mOK[0m
  FLASH_ATTN_EXT(hsk=64,hsv=64,nh=4,nr23=[1,3],kv=512,nb=3,mask=0,sinks=1,max_bias=0.000000,logit_softcap=0.000000,prec=f32,type_K=iq4_nl,type_V=iq4_nl,permute=[0,1,2,3]): not supported [ROCm0] 
  FLASH_ATTN_EXT(hsk=64,hsv=64,nh=4,nr23=[1,3],kv=512,nb=32,mask=0,sinks=1,max_bias=0.000000,logit_softcap=0.000000,prec=f32,type_K=f32,type_V=f32,permute=[0,1,2,3]): [1;32mOK[0m
  FLASH_ATTN_EXT(hsk=64,hsv=64,nh=4,nr23=[1,3],kv=512,nb=32,mask=0,sinks=1,max_bias=0.000000,logit_softcap=0.000000,prec=f32,type_K=f16,type_V=f16,permute=[0,1,2,3]): [1;32mOK[0m
  FLASH_ATTN_EXT(hsk=64,hsv=64,nh=4,nr23=[1,3],kv=512,nb=32,mask=0,sinks=1,max_bias=0.000000,logit_softcap=0.000000,prec=f32,type_K=bf16,type_V=bf16,permute=[0,1,2,3]): [1;32mOK[0m
  FLASH_ATTN_EXT(hsk=64,hsv=64,nh=4,nr23=[1,3],kv=512,nb=32,mask=0,sinks=1,max_bias=0.000000,logit_softcap=0.000000,prec=f32,type_K=q8_0,type_V=q8_0,permute=[0,1,2,3]): [1;32mOK[0m
  FLASH_ATTN_EXT(hsk=64,hsv=64,nh=4,nr23=[1,3],kv=512,nb=32,mask=0,sinks=1,max_bias=0.000000,logit_softcap=0.000000,prec=f32,type_K=q5_1,type_V=q5_1,permute=[0,1,2,3]): not supported [ROCm0] 
  FLASH_ATTN_EXT(hsk=64,hsv=64,nh=4,nr23=[1,3],kv=512,nb=32,mask=0,sinks=1,max_bias=0.000000,logit_softcap=0.000000,prec=f32,type_K=q5_0,type_V=q5_0,permute=[0,1,2,3]): not supported [ROCm0] 
  FLASH_ATTN_EXT(hsk=64,hsv=64,nh=4,nr23=[1,3],kv=512,nb=32,mask=0,sinks=1,max_bias=0.000000,logit_softcap=0.000000,prec=f32,type_K=q4_1,type_V=q4_1,permute=[0,1,2,3]): not supported [ROCm0] 
  FLASH_ATTN_EXT(hsk=64,hsv=64,nh=4,nr23=[1,3],kv=512,nb=32,mask=0,sinks=1,max_bias=0.000000,logit_softcap=0.000000,prec=f32,type_K=q4_0,type_V=q4_0,permute=[0,1,2,3]): [1;32mOK[0m
  FLASH_ATTN_EXT(hsk=64,hsv=64,nh=4,nr23=[1,3],kv=512,nb=32,mask=0,sinks=1,max_bias=0.000000,logit_softcap=0.000000,prec=f32,type_K=iq4_nl,type_V=iq4_nl,permute=[0,1,2,3]): not supported [ROCm0] 
  FLASH_ATTN_EXT(hsk=64,hsv=64,nh=4,nr23=[1,3],kv=512,nb=75,mask=0,sinks=1,max_bias=0.000000,logit_softcap=0.000000,prec=f32,type_K=f32,type_V=f32,permute=[0,1,2,3]): [1;32mOK[0m
  FLASH_ATTN_EXT(hsk=64,hsv=64,nh=4,nr23=[1,3],kv=512,nb=75,mask=0,sinks=1,max_bias=0.000000,logit_softcap=0.000000,prec=f32,type_K=f16,type_V=f16,permute=[0,1,2,3]): [1;32mOK[0m
  FLASH_ATTN_EXT(hsk=64,hsv=64,nh=4,nr23=[1,3],kv=512,nb=75,mask=0,sinks=1,max_bias=0.000000,logit_softcap=0.000000,prec=f32,type_K=bf16,type_V=bf16,permute=[0,1,2,3]): [1;32mOK[0m
  FLASH_ATTN_EXT(hsk=64,hsv=64,nh=4,nr23=[1,3],kv=512,nb=75,mask=0,sinks=1,max_bias=0.000000,logit_softcap=0.000000,prec=f32,type_K=q8_0,type_V=q8_0,permute=[0,1,2,3]): [1;32mOK[0m
  FLASH_ATTN_EXT(hsk=64,hsv=64,nh=4,nr23=[1,3],kv=512,nb=75,mask=0,sinks=1,max_bias=0.000000,logit_softcap=0.000000,prec=f32,type_K=q5_1,type_V=q5_1,permute=[0,1,2,3]): not supported [ROCm0] 
  FLASH_ATTN_EXT(hsk=64,hsv=64,nh=4,nr23=[1,3],kv=512,nb=75,mask=0,sinks=1,max_bias=0.000000,logit_softcap=0.000000,prec=f32,type_K=q5_0,type_V=q5_0,permute=[0,1,2,3]): not supported [ROCm0] 
  FLASH_ATTN_EXT(hsk=64,hsv=64,nh=4,nr23=[1,3],kv=512,nb=75,mask=0,sinks=1,max_bias=0.000000,logit_softcap=0.000000,prec=f32,type_K=q4_1,type_V=q4_1,permute=[0,1,2,3]): not supported [ROCm0] 
  FLASH_ATTN_EXT(hsk=64,hsv=64,nh=4,nr23=[1,3],kv=512,nb=75,mask=0,sinks=1,max_bias=0.000000,logit_softcap=0.000000,prec=f32,type_K=q4_0,type_V=q4_0,permute=[0,1,2,3]): [1;32mOK[0m
  FLASH_ATTN_EXT(hsk=64,hsv=64,nh=4,nr23=[1,3],kv=512,nb=75,mask=0,sinks=1,max_bias=0.000000,logit_softcap=0.000000,prec=f32,type_K=iq4_nl,type_V=iq4_nl,permute=[0,1,2,3]): not supported [ROCm0] 
  FLASH_ATTN_EXT(hsk=64,hsv=64,nh=4,nr23=[1,3],kv=1024,nb=1,mask=0,sinks=1,max_bias=0.000000,logit_softcap=0.000000,prec=f32,type_K=f32,type_V=f32,permute=[0,1,2,3]): [1;32mOK[0m
  FLASH_ATTN_EXT(hsk=64,hsv=64,nh=4,nr23=[1,3],kv=1024,nb=1,mask=0,sinks=1,max_bias=0.000000,logit_softcap=0.000000,prec=f32,type_K=f16,type_V=f16,permute=[0,1,2,3]): [1;32mOK[0m
  FLASH_ATTN_EXT(hsk=64,hsv=64,nh=4,nr23=[1,3],kv=1024,nb=1,mask=0,sinks=1,max_bias=0.000000,logit_softcap=0.000000,prec=f32,type_K=bf16,type_V=bf16,permute=[0,1,2,3]): [1;32mOK[0m
  FLASH_ATTN_EXT(hsk=64,hsv=64,nh=4,nr23=[1,3],kv=1024,nb=1,mask=0,sinks=1,max_bias=0.000000,logit_softcap=0.000000,prec=f32,type_K=q8_0,type_V=q8_0,permute=[0,1,2,3]): [1;32mOK[0m
  FLASH_ATTN_EXT(hsk=64,hsv=64,nh=4,nr23=[1,3],kv=1024,nb=1,mask=0,sinks=1,max_bias=0.000000,logit_softcap=0.000000,prec=f32,type_K=q5_1,type_V=q5_1,permute=[0,1,2,3]): not supported [ROCm0] 
  FLASH_ATTN_EXT(hsk=64,hsv=64,nh=4,nr23=[1,3],kv=1024,nb=1,mask=0,sinks=1,max_bias=0.000000,logit_softcap=0.000000,prec=f32,type_K=q5_0,type_V=q5_0,permute=[0,1,2,3]): not supported [ROCm0] 
  FLASH_ATTN_EXT(hsk=64,hsv=64,nh=4,nr23=[1,3],kv=1024,nb=1,mask=0,sinks=1,max_bias=0.000000,logit_softcap=0.000000,prec=f32,type_K=q4_1,type_V=q4_1,permute=[0,1,2,3]): not supported [ROCm0] 
  FLASH_ATTN_EXT(hsk=64,hsv=64,nh=4,nr23=[1,3],kv=1024,nb=1,mask=0,sinks=1,max_bias=0.000000,logit_softcap=0.000000,prec=f32,type_K=q4_0,type_V=q4_0,permute=[0,1,2,3]): [1;32mOK[0m
  FLASH_ATTN_EXT(hsk=64,hsv=64,nh=4,nr23=[1,3],kv=1024,nb=1,mask=0,sinks=1,max_bias=0.000000,logit_softcap=0.000000,prec=f32,type_K=iq4_nl,type_V=iq4_nl,permute=[0,1,2,3]): not supported [ROCm0] 
  FLASH_ATTN_EXT(hsk=64,hsv=64,nh=4,nr23=[1,3],kv=1024,nb=3,mask=0,sinks=1,max_bias=0.000000,logit_softcap=0.000000,prec=f32,type_K=f32,type_V=f32,permute=[0,1,2,3]): [1;32mOK[0m
  FLASH_ATTN_EXT(hsk=64,hsv=64,nh=4,nr23=[1,3],kv=1024,nb=3,mask=0,sinks=1,max_bias=0.000000,logit_softcap=0.000000,prec=f32,type_K=f16,type_V=f16,permute=[0,1,2,3]): [1;32mOK[0m
  FLASH_ATTN_EXT(hsk=64,hsv=64,nh=4,nr23=[1,3],kv=1024,nb=3,mask=0,sinks=1,max_bias=0.000000,logit_softcap=0.000000,prec=f32,type_K=bf16,type_V=bf16,permute=[0,1,2,3]): [1;32mOK[0m
  FLASH_ATTN_EXT(hsk=64,hsv=64,nh=4,nr23=[1,3],kv=1024,nb=3,mask=0,sinks=1,max_bias=0.000000,logit_softcap=0.000000,prec=f32,type_K=q8_0,type_V=q8_0,permute=[0,1,2,3]): [1;32mOK[0m
  FLASH_ATTN_EXT(hsk=64,hsv=64,nh=4,nr23=[1,3],kv=1024,nb=3,mask=0,sinks=1,max_bias=0.000000,logit_softcap=0.000000,prec=f32,type_K=q5_1,type_V=q5_1,permute=[0,1,2,3]): not supported [ROCm0] 
  FLASH_ATTN_EXT(hsk=64,hsv=64,nh=4,nr23=[1,3],kv=1024,nb=3,mask=0,sinks=1,max_bias=0.000000,logit_softcap=0.000000,prec=f32,type_K=q5_0,type_V=q5_0,permute=[0,1,2,3]): not supported [ROCm0] 
  FLASH_ATTN_EXT(hsk=64,hsv=64,nh=4,nr23=[1,3],kv=1024,nb=3,mask=0,sinks=1,max_bias=0.000000,logit_softcap=0.000000,prec=f32,type_K=q4_1,type_V=q4_1,permute=[0,1,2,3]): not supported [ROCm0] 
  FLASH_ATTN_EXT(hsk=64,hsv=64,nh=4,nr23=[1,3],kv=1024,nb=3,mask=0,sinks=1,max_bias=0.000000,logit_softcap=0.000000,prec=f32,type_K=q4_0,type_V=q4_0,permute=[0,1,2,3]): [1;32mOK[0m
  FLASH_ATTN_EXT(hsk=64,hsv=64,nh=4,nr23=[1,3],kv=1024,nb=3,mask=0,sinks=1,max_bias=0.000000,logit_softcap=0.000000,prec=f32,type_K=iq4_nl,type_V=iq4_nl,permute=[0,1,2,3]): not supported [ROCm0] 
  FLASH_ATTN_EXT(hsk=64,hsv=64,nh=4,nr23=[1,3],kv=1024,nb=32,mask=0,sinks=1,max_bias=0.000000,logit_softcap=0.000000,prec=f32,type_K=f32,type_V=f32,permute=[0,1,2,3]): [1;32mOK[0m
  FLASH_ATTN_EXT(hsk=64,hsv=64,nh=4,nr23=[1,3],kv=1024,nb=32,mask=0,sinks=1,max_bias=0.000000,logit_softcap=0.000000,prec=f32,type_K=f16,type_V=f16,permute=[0,1,2,3]): [1;32mOK[0m
  FLASH_ATTN_EXT(hsk=64,hsv=64,nh=4,nr23=[1,3],kv=1024,nb=32,mask=0,sinks=1,max_bias=0.000000,logit_softcap=0.000000,prec=f32,type_K=bf16,type_V=bf16,permute=[0,1,2,3]): [1;32mOK[0m
  FLASH_ATTN_EXT(hsk=64,hsv=64,nh=4,nr23=[1,3],kv=1024,nb=32,mask=0,sinks=1,max_bias=0.000000,logit_softcap=0.000000,prec=f32,type_K=q8_0,type_V=q8_0,permute=[0,1,2,3]): [1;32mOK[0m
  FLASH_ATTN_EXT(hsk=64,hsv=64,nh=4,nr23=[1,3],kv=1024,nb=32,mask=0,sinks=1,max_bias=0.000000,logit_softcap=0.000000,prec=f32,type_K=q5_1,type_V=q5_1,permute=[0,1,2,3]): not supported [ROCm0] 
  FLASH_ATTN_EXT(hsk=64,hsv=64,nh=4,nr23=[1,3],kv=1024,nb=32,mask=0,sinks=1,max_bias=0.000000,logit_softcap=0.000000,prec=f32,type_K=q5_0,type_V=q5_0,permute=[0,1,2,3]): not supported [ROCm0] 
  FLASH_ATTN_EXT(hsk=64,hsv=64,nh=4,nr23=[1,3],kv=1024,nb=32,mask=0,sinks=1,max_bias=0.000000,logit_softcap=0.000000,prec=f32,type_K=q4_1,type_V=q4_1,permute=[0,1,2,3]): not supported [ROCm0] 
  FLASH_ATTN_EXT(hsk=64,hsv=64,nh=4,nr23=[1,3],kv=1024,nb=32,mask=0,sinks=1,max_bias=0.000000,logit_softcap=0.000000,prec=f32,type_K=q4_0,type_V=q4_0,permute=[0,1,2,3]): [1;32mOK[0m
  FLASH_ATTN_EXT(hsk=64,hsv=64,nh=4,nr23=[1,3],kv=1024,nb=32,mask=0,sinks=1,max_bias=0.000000,logit_softcap=0.000000,prec=f32,type_K=iq4_nl,type_V=iq4_nl,permute=[0,1,2,3]): not supported [ROCm0] 
  FLASH_ATTN_EXT(hsk=64,hsv=64,nh=4,nr23=[1,3],kv=1024,nb=75,mask=0,sinks=1,max_bias=0.000000,logit_softcap=0.000000,prec=f32,type_K=f32,type_V=f32,permute=[0,1,2,3]): [1;32mOK[0m
  FLASH_ATTN_EXT(hsk=64,hsv=64,nh=4,nr23=[1,3],kv=1024,nb=75,mask=0,sinks=1,max_bias=0.000000,logit_softcap=0.000000,prec=f32,type_K=f16,type_V=f16,permute=[0,1,2,3]): [1;32mOK[0m
  FLASH_ATTN_EXT(hsk=64,hsv=64,nh=4,nr23=[1,3],kv=1024,nb=75,mask=0,sinks=1,max_bias=0.000000,logit_softcap=0.000000,prec=f32,type_K=bf16,type_V=bf16,permute=[0,1,2,3]): [1;32mOK[0m
  FLASH_ATTN_EXT(hsk=64,hsv=64,nh=4,nr23=[1,3],kv=1024,nb=75,mask=0,sinks=1,max_bias=0.000000,logit_softcap=0.000000,prec=f32,type_K=q8_0,type_V=q8_0,permute=[0,1,2,3]): [1;32mOK[0m
  FLASH_ATTN_EXT(hsk=64,hsv=64,nh=4,nr23=[1,3],kv=1024,nb=75,mask=0,sinks=1,max_bias=0.000000,logit_softcap=0.000000,prec=f32,type_K=q5_1,type_V=q5_1,permute=[0,1,2,3]): not supported [ROCm0] 
  FLASH_ATTN_EXT(hsk=64,hsv=64,nh=4,nr23=[1,3],kv=1024,nb=75,mask=0,sinks=1,max_bias=0.000000,logit_softcap=0.000000,prec=f32,type_K=q5_0,type_V=q5_0,permute=[0,1,2,3]): not supported [ROCm0] 
  FLASH_ATTN_EXT(hsk=64,hsv=64,nh=4,nr23=[1,3],kv=1024,nb=75,mask=0,sinks=1,max_bias=0.000000,logit_softcap=0.000000,prec=f32,type_K=q4_1,type_V=q4_1,permute=[0,1,2,3]): not supported [ROCm0] 
  FLASH_ATTN_EXT(hsk=64,hsv=64,nh=4,nr23=[1,3],kv=1024,nb=75,mask=0,sinks=1,max_bias=0.000000,logit_softcap=0.000000,prec=f32,type_K=q4_0,type_V=q4_0,permute=[0,1,2,3]): [1;32mOK[0m
  FLASH_ATTN_EXT(hsk=64,hsv=64,nh=4,nr23=[1,3],kv=1024,nb=75,mask=0,sinks=1,max_bias=0.000000,logit_softcap=0.000000,prec=f32,type_K=iq4_nl,type_V=iq4_nl,permute=[0,1,2,3]): not supported [ROCm0] 
  FLASH_ATTN_EXT(hsk=64,hsv=64,nh=4,nr23=[4,3],kv=512,nb=1,mask=0,sinks=1,max_bias=0.000000,logit_softcap=0.000000,prec=f32,type_K=f32,type_V=f32,permute=[0,1,2,3]): [1;32mOK[0m
  FLASH_ATTN_EXT(hsk=64,hsv=64,nh=4,nr23=[4,3],kv=512,nb=1,mask=0,sinks=1,max_bias=0.000000,logit_softcap=0.000000,prec=f32,type_K=f16,type_V=f16,permute=[0,1,2,3]): [1;32mOK[0m
  FLASH_ATTN_EXT(hsk=64,hsv=64,nh=4,nr23=[4,3],kv=512,nb=1,mask=0,sinks=1,max_bias=0.000000,logit_softcap=0.000000,prec=f32,type_K=bf16,type_V=bf16,permute=[0,1,2,3]): [1;32mOK[0m
  FLASH_ATTN_EXT(hsk=64,hsv=64,nh=4,nr23=[4,3],kv=512,nb=1,mask=0,sinks=1,max_bias=0.000000,logit_softcap=0.000000,prec=f32,type_K=q8_0,type_V=q8_0,permute=[0,1,2,3]): [1;32mOK[0m
  FLASH_ATTN_EXT(hsk=64,hsv=64,nh=4,nr23=[4,3],kv=512,nb=1,mask=0,sinks=1,max_bias=0.000000,logit_softcap=0.000000,prec=f32,type_K=q5_1,type_V=q5_1,permute=[0,1,2,3]): not supported [ROCm0] 
  FLASH_ATTN_EXT(hsk=64,hsv=64,nh=4,nr23=[4,3],kv=512,nb=1,mask=0,sinks=1,max_bias=0.000000,logit_softcap=0.000000,prec=f32,type_K=q5_0,type_V=q5_0,permute=[0,1,2,3]): not supported [ROCm0] 
  FLASH_ATTN_EXT(hsk=64,hsv=64,nh=4,nr23=[4,3],kv=512,nb=1,mask=0,sinks=1,max_bias=0.000000,logit_softcap=0.000000,prec=f32,type_K=q4_1,type_V=q4_1,permute=[0,1,2,3]): not supported [ROCm0] 
  FLASH_ATTN_EXT(hsk=64,hsv=64,nh=4,nr23=[4,3],kv=512,nb=1,mask=0,sinks=1,max_bias=0.000000,logit_softcap=0.000000,prec=f32,type_K=q4_0,type_V=q4_0,permute=[0,1,2,3]): [1;32mOK[0m
  FLASH_ATTN_EXT(hsk=64,hsv=64,nh=4,nr23=[4,3],kv=512,nb=1,mask=0,sinks=1,max_bias=0.000000,logit_softcap=0.000000,prec=f32,type_K=iq4_nl,type_V=iq4_nl,permute=[0,1,2,3]): not supported [ROCm0] 
  FLASH_ATTN_EXT(hsk=64,hsv=64,nh=4,nr23=[4,3],kv=512,nb=3,mask=0,sinks=1,max_bias=0.000000,logit_softcap=0.000000,prec=f32,type_K=f32,type_V=f32,permute=[0,1,2,3]): [1;32mOK[0m
  FLASH_ATTN_EXT(hsk=64,hsv=64,nh=4,nr23=[4,3],kv=512,nb=3,mask=0,sinks=1,max_bias=0.000000,logit_softcap=0.000000,prec=f32,type_K=f16,type_V=f16,permute=[0,1,2,3]): [1;32mOK[0m
  FLASH_ATTN_EXT(hsk=64,hsv=64,nh=4,nr23=[4,3],kv=512,nb=3,mask=0,sinks=1,max_bias=0.000000,logit_softcap=0.000000,prec=f32,type_K=bf16,type_V=bf16,permute=[0,1,2,3]): [1;32mOK[0m
  FLASH_ATTN_EXT(hsk=64,hsv=64,nh=4,nr23=[4,3],kv=512,nb=3,mask=0,sinks=1,max_bias=0.000000,logit_softcap=0.000000,prec=f32,type_K=q8_0,type_V=q8_0,permute=[0,1,2,3]): [1;32mOK[0m
  FLASH_ATTN_EXT(hsk=64,hsv=64,nh=4,nr23=[4,3],kv=512,nb=3,mask=0,sinks=1,max_bias=0.000000,logit_softcap=0.000000,prec=f32,type_K=q5_1,type_V=q5_1,permute=[0,1,2,3]): not supported [ROCm0] 
  FLASH_ATTN_EXT(hsk=64,hsv=64,nh=4,nr23=[4,3],kv=512,nb=3,mask=0,sinks=1,max_bias=0.000000,logit_softcap=0.000000,prec=f32,type_K=q5_0,type_V=q5_0,permute=[0,1,2,3]): not supported [ROCm0] 
  FLASH_ATTN_EXT(hsk=64,hsv=64,nh=4,nr23=[4,3],kv=512,nb=3,mask=0,sinks=1,max_bias=0.000000,logit_softcap=0.000000,prec=f32,type_K=q4_1,type_V=q4_1,permute=[0,1,2,3]): not supported [ROCm0] 
  FLASH_ATTN_EXT(hsk=64,hsv=64,nh=4,nr23=[4,3],kv=512,nb=3,mask=0,sinks=1,max_bias=0.000000,logit_softcap=0.000000,prec=f32,type_K=q4_0,type_V=q4_0,permute=[0,1,2,3]): [1;32mOK[0m
  FLASH_ATTN_EXT(hsk=64,hsv=64,nh=4,nr23=[4,3],kv=512,nb=3,mask=0,sinks=1,max_bias=0.000000,logit_softcap=0.000000,prec=f32,type_K=iq4_nl,type_V=iq4_nl,permute=[0,1,2,3]): not supported [ROCm0] 
  FLASH_ATTN_EXT(hsk=64,hsv=64,nh=4,nr23=[4,3],kv=512,nb=32,mask=0,sinks=1,max_bias=0.000000,logit_softcap=0.000000,prec=f32,type_K=f32,type_V=f32,permute=[0,1,2,3]): [1;32mOK[0m
  FLASH_ATTN_EXT(hsk=64,hsv=64,nh=4,nr23=[4,3],kv=512,nb=32,mask=0,sinks=1,max_bias=0.000000,logit_softcap=0.000000,prec=f32,type_K=f16,type_V=f16,permute=[0,1,2,3]): [1;32mOK[0m
  FLASH_ATTN_EXT(hsk=64,hsv=64,nh=4,nr23=[4,3],kv=512,nb=32,mask=0,sinks=1,max_bias=0.000000,logit_softcap=0.000000,prec=f32,type_K=bf16,type_V=bf16,permute=[0,1,2,3]): [1;32mOK[0m
  FLASH_ATTN_EXT(hsk=64,hsv=64,nh=4,nr23=[4,3],kv=512,nb=32,mask=0,sinks=1,max_bias=0.000000,logit_softcap=0.000000,prec=f32,type_K=q8_0,type_V=q8_0,permute=[0,1,2,3]): [1;32mOK[0m
  FLASH_ATTN_EXT(hsk=64,hsv=64,nh=4,nr23=[4,3],kv=512,nb=32,mask=0,sinks=1,max_bias=0.000000,logit_softcap=0.000000,prec=f32,type_K=q5_1,type_V=q5_1,permute=[0,1,2,3]): not supported [ROCm0] 
  FLASH_ATTN_EXT(hsk=64,hsv=64,nh=4,nr23=[4,3],kv=512,nb=32,mask=0,sinks=1,max_bias=0.000000,logit_softcap=0.000000,prec=f32,type_K=q5_0,type_V=q5_0,permute=[0,1,2,3]): not supported [ROCm0] 
  FLASH_ATTN_EXT(hsk=64,hsv=64,nh=4,nr23=[4,3],kv=512,nb=32,mask=0,sinks=1,max_bias=0.000000,logit_softcap=0.000000,prec=f32,type_K=q4_1,type_V=q4_1,permute=[0,1,2,3]): not supported [ROCm0] 
  FLASH_ATTN_EXT(hsk=64,hsv=64,nh=4,nr23=[4,3],kv=512,nb=32,mask=0,sinks=1,max_bias=0.000000,logit_softcap=0.000000,prec=f32,type_K=q4_0,type_V=q4_0,permute=[0,1,2,3]): [1;32mOK[0m
  FLASH_ATTN_EXT(hsk=64,hsv=64,nh=4,nr23=[4,3],kv=512,nb=32,mask=0,sinks=1,max_bias=0.000000,logit_softcap=0.000000,prec=f32,type_K=iq4_nl,type_V=iq4_nl,permute=[0,1,2,3]): not supported [ROCm0] 
  FLASH_ATTN_EXT(hsk=64,hsv=64,nh=4,nr23=[4,3],kv=512,nb=75,mask=0,sinks=1,max_bias=0.000000,logit_softcap=0.000000,prec=f32,type_K=f32,type_V=f32,permute=[0,1,2,3]): [1;32mOK[0m
  FLASH_ATTN_EXT(hsk=64,hsv=64,nh=4,nr23=[4,3],kv=512,nb=75,mask=0,sinks=1,max_bias=0.000000,logit_softcap=0.000000,prec=f32,type_K=f16,type_V=f16,permute=[0,1,2,3]): [1;32mOK[0m
  FLASH_ATTN_EXT(hsk=64,hsv=64,nh=4,nr23=[4,3],kv=512,nb=75,mask=0,sinks=1,max_bias=0.000000,logit_softcap=0.000000,prec=f32,type_K=bf16,type_V=bf16,permute=[0,1,2,3]): [1;32mOK[0m
  FLASH_ATTN_EXT(hsk=64,hsv=64,nh=4,nr23=[4,3],kv=512,nb=75,mask=0,sinks=1,max_bias=0.000000,logit_softcap=0.000000,prec=f32,type_K=q8_0,type_V=q8_0,permute=[0,1,2,3]): [1;32mOK[0m
  FLASH_ATTN_EXT(hsk=64,hsv=64,nh=4,nr23=[4,3],kv=512,nb=75,mask=0,sinks=1,max_bias=0.000000,logit_softcap=0.000000,prec=f32,type_K=q5_1,type_V=q5_1,permute=[0,1,2,3]): not supported [ROCm0] 
  FLASH_ATTN_EXT(hsk=64,hsv=64,nh=4,nr23=[4,3],kv=512,nb=75,mask=0,sinks=1,max_bias=0.000000,logit_softcap=0.000000,prec=f32,type_K=q5_0,type_V=q5_0,permute=[0,1,2,3]): not supported [ROCm0] 
  FLASH_ATTN_EXT(hsk=64,hsv=64,nh=4,nr23=[4,3],kv=512,nb=75,mask=0,sinks=1,max_bias=0.000000,logit_softcap=0.000000,prec=f32,type_K=q4_1,type_V=q4_1,permute=[0,1,2,3]): not supported [ROCm0] 
  FLASH_ATTN_EXT(hsk=64,hsv=64,nh=4,nr23=[4,3],kv=512,nb=75,mask=0,sinks=1,max_bias=0.000000,logit_softcap=0.000000,prec=f32,type_K=q4_0,type_V=q4_0,permute=[0,1,2,3]): [1;32mOK[0m
  FLASH_ATTN_EXT(hsk=64,hsv=64,nh=4,nr23=[4,3],kv=512,nb=75,mask=0,sinks=1,max_bias=0.000000,logit_softcap=0.000000,prec=f32,type_K=iq4_nl,type_V=iq4_nl,permute=[0,1,2,3]): not supported [ROCm0] 
  FLASH_ATTN_EXT(hsk=64,hsv=64,nh=4,nr23=[1,1],kv=113,nb=1,mask=0,sinks=0,max_bias=0.000000,logit_softcap=0.000000,prec=f32,type_K=f32,type_V=f32,permute=[0,1,2,3]): [1;32mOK[0m
  FLASH_ATTN_EXT(hsk=64,hsv=64,nh=4,nr23=[1,1],kv=113,nb=1,mask=0,sinks=0,max_bias=0.000000,logit_softcap=0.000000,prec=f32,type_K=f16,type_V=f16,permute=[0,1,2,3]): [1;32mOK[0m
  FLASH_ATTN_EXT(hsk=64,hsv=64,nh=4,nr23=[1,1],kv=113,nb=1,mask=0,sinks=0,max_bias=0.000000,logit_softcap=0.000000,prec=f32,type_K=bf16,type_V=bf16,permute=[0,1,2,3]): [1;32mOK[0m
  FLASH_ATTN_EXT(hsk=64,hsv=64,nh=4,nr23=[1,1],kv=113,nb=1,mask=0,sinks=0,max_bias=0.000000,logit_softcap=0.000000,prec=f32,type_K=q8_0,type_V=q8_0,permute=[0,1,2,3]): [1;32mOK[0m
  FLASH_ATTN_EXT(hsk=64,hsv=64,nh=4,nr23=[1,1],kv=113,nb=1,mask=0,sinks=0,max_bias=0.000000,logit_softcap=0.000000,prec=f32,type_K=q5_1,type_V=q5_1,permute=[0,1,2,3]): not supported [ROCm0] 
  FLASH_ATTN_EXT(hsk=64,hsv=64,nh=4,nr23=[1,1],kv=113,nb=1,mask=0,sinks=0,max_bias=0.000000,logit_softcap=0.000000,prec=f32,type_K=q5_0,type_V=q5_0,permute=[0,1,2,3]): not supported [ROCm0] 
  FLASH_ATTN_EXT(hsk=64,hsv=64,nh=4,nr23=[1,1],kv=113,nb=1,mask=0,sinks=0,max_bias=0.000000,logit_softcap=0.000000,prec=f32,type_K=q4_1,type_V=q4_1,permute=[0,1,2,3]): not supported [ROCm0] 
  FLASH_ATTN_EXT(hsk=64,hsv=64,nh=4,nr23=[1,1],kv=113,nb=1,mask=0,sinks=0,max_bias=0.000000,logit_softcap=0.000000,prec=f32,type_K=q4_0,type_V=q4_0,permute=[0,1,2,3]): [1;32mOK[0m
  FLASH_ATTN_EXT(hsk=64,hsv=64,nh=4,nr23=[1,1],kv=113,nb=1,mask=0,sinks=0,max_bias=0.000000,logit_softcap=0.000000,prec=f32,type_K=iq4_nl,type_V=iq4_nl,permute=[0,1,2,3]): not supported [ROCm0] 
  FLASH_ATTN_EXT(hsk=64,hsv=64,nh=4,nr23=[1,1],kv=113,nb=3,mask=0,sinks=0,max_bias=0.000000,logit_softcap=0.000000,prec=f32,type_K=f32,type_V=f32,permute=[0,1,2,3]): [1;32mOK[0m
  FLASH_ATTN_EXT(hsk=64,hsv=64,nh=4,nr23=[1,1],kv=113,nb=3,mask=0,sinks=0,max_bias=0.000000,logit_softcap=0.000000,prec=f32,type_K=f16,type_V=f16,permute=[0,1,2,3]): [1;32mOK[0m
  FLASH_ATTN_EXT(hsk=64,hsv=64,nh=4,nr23=[1,1],kv=113,nb=3,mask=0,sinks=0,max_bias=0.000000,logit_softcap=0.000000,prec=f32,type_K=bf16,type_V=bf16,permute=[0,1,2,3]): [1;32mOK[0m
  FLASH_ATTN_EXT(hsk=64,hsv=64,nh=4,nr23=[1,1],kv=113,nb=3,mask=0,sinks=0,max_bias=0.000000,logit_softcap=0.000000,prec=f32,type_K=q8_0,type_V=q8_0,permute=[0,1,2,3]): [1;32mOK[0m
  FLASH_ATTN_EXT(hsk=64,hsv=64,nh=4,nr23=[1,1],kv=113,nb=3,mask=0,sinks=0,max_bias=0.000000,logit_softcap=0.000000,prec=f32,type_K=q5_1,type_V=q5_1,permute=[0,1,2,3]): not supported [ROCm0] 
  FLASH_ATTN_EXT(hsk=64,hsv=64,nh=4,nr23=[1,1],kv=113,nb=3,mask=0,sinks=0,max_bias=0.000000,logit_softcap=0.000000,prec=f32,type_K=q5_0,type_V=q5_0,permute=[0,1,2,3]): not supported [ROCm0] 
  FLASH_ATTN_EXT(hsk=64,hsv=64,nh=4,nr23=[1,1],kv=113,nb=3,mask=0,sinks=0,max_bias=0.000000,logit_softcap=0.000000,prec=f32,type_K=q4_1,type_V=q4_1,permute=[0,1,2,3]): not supported [ROCm0] 
  FLASH_ATTN_EXT(hsk=64,hsv=64,nh=4,nr23=[1,1],kv=113,nb=3,mask=0,sinks=0,max_bias=0.000000,logit_softcap=0.000000,prec=f32,type_K=q4_0,type_V=q4_0,permute=[0,1,2,3]): [1;32mOK[0m
  FLASH_ATTN_EXT(hsk=64,hsv=64,nh=4,nr23=[1,1],kv=113,nb=3,mask=0,sinks=0,max_bias=0.000000,logit_softcap=0.000000,prec=f32,type_K=iq4_nl,type_V=iq4_nl,permute=[0,1,2,3]): not supported [ROCm0] 
  FLASH_ATTN_EXT(hsk=64,hsv=64,nh=4,nr23=[1,1],kv=113,nb=32,mask=0,sinks=0,max_bias=0.000000,logit_softcap=0.000000,prec=f32,type_K=f32,type_V=f32,permute=[0,1,2,3]): [1;32mOK[0m
  FLASH_ATTN_EXT(hsk=64,hsv=64,nh=4,nr23=[1,1],kv=113,nb=32,mask=0,sinks=0,max_bias=0.000000,logit_softcap=0.000000,prec=f32,type_K=f16,type_V=f16,permute=[0,1,2,3]): [1;32mOK[0m
  FLASH_ATTN_EXT(hsk=64,hsv=64,nh=4,nr23=[1,1],kv=113,nb=32,mask=0,sinks=0,max_bias=0.000000,logit_softcap=0.000000,prec=f32,type_K=bf16,type_V=bf16,permute=[0,1,2,3]): [1;32mOK[0m
  FLASH_ATTN_EXT(hsk=64,hsv=64,nh=4,nr23=[1,1],kv=113,nb=32,mask=0,sinks=0,max_bias=0.000000,logit_softcap=0.000000,prec=f32,type_K=q8_0,type_V=q8_0,permute=[0,1,2,3]): [1;32mOK[0m
  FLASH_ATTN_EXT(hsk=64,hsv=64,nh=4,nr23=[1,1],kv=113,nb=32,mask=0,sinks=0,max_bias=0.000000,logit_softcap=0.000000,prec=f32,type_K=q5_1,type_V=q5_1,permute=[0,1,2,3]): not supported [ROCm0] 
  FLASH_ATTN_EXT(hsk=64,hsv=64,nh=4,nr23=[1,1],kv=113,nb=32,mask=0,sinks=0,max_bias=0.000000,logit_softcap=0.000000,prec=f32,type_K=q5_0,type_V=q5_0,permute=[0,1,2,3]): not supported [ROCm0] 
  FLASH_ATTN_EXT(hsk=64,hsv=64,nh=4,nr23=[1,1],kv=113,nb=32,mask=0,sinks=0,max_bias=0.000000,logit_softcap=0.000000,prec=f32,type_K=q4_1,type_V=q4_1,permute=[0,1,2,3]): not supported [ROCm0] 
  FLASH_ATTN_EXT(hsk=64,hsv=64,nh=4,nr23=[1,1],kv=113,nb=32,mask=0,sinks=0,max_bias=0.000000,logit_softcap=0.000000,prec=f32,type_K=q4_0,type_V=q4_0,permute=[0,1,2,3]): [1;32mOK[0m
  FLASH_ATTN_EXT(hsk=64,hsv=64,nh=4,nr23=[1,1],kv=113,nb=32,mask=0,sinks=0,max_bias=0.000000,logit_softcap=0.000000,prec=f32,type_K=iq4_nl,type_V=iq4_nl,permute=[0,1,2,3]): not supported [ROCm0] 
  FLASH_ATTN_EXT(hsk=64,hsv=64,nh=4,nr23=[1,1],kv=113,nb=75,mask=0,sinks=0,max_bias=0.000000,logit_softcap=0.000000,prec=f32,type_K=f32,type_V=f32,permute=[0,1,2,3]): [1;32mOK[0m
  FLASH_ATTN_EXT(hsk=64,hsv=64,nh=4,nr23=[1,1],kv=113,nb=75,mask=0,sinks=0,max_bias=0.000000,logit_softcap=0.000000,prec=f32,type_K=f16,type_V=f16,permute=[0,1,2,3]): [1;32mOK[0m
  FLASH_ATTN_EXT(hsk=64,hsv=64,nh=4,nr23=[1,1],kv=113,nb=75,mask=0,sinks=0,max_bias=0.000000,logit_softcap=0.000000,prec=f32,type_K=bf16,type_V=bf16,permute=[0,1,2,3]): [1;32mOK[0m
  FLASH_ATTN_EXT(hsk=64,hsv=64,nh=4,nr23=[1,1],kv=113,nb=75,mask=0,sinks=0,max_bias=0.000000,logit_softcap=0.000000,prec=f32,type_K=q8_0,type_V=q8_0,permute=[0,1,2,3]): [1;32mOK[0m
  FLASH_ATTN_EXT(hsk=64,hsv=64,nh=4,nr23=[1,1],kv=113,nb=75,mask=0,sinks=0,max_bias=0.000000,logit_softcap=0.000000,prec=f32,type_K=q5_1,type_V=q5_1,permute=[0,1,2,3]): not supported [ROCm0] 
  FLASH_ATTN_EXT(hsk=64,hsv=64,nh=4,nr23=[1,1],kv=113,nb=75,mask=0,sinks=0,max_bias=0.000000,logit_softcap=0.000000,prec=f32,type_K=q5_0,type_V=q5_0,permute=[0,1,2,3]): not supported [ROCm0] 
  FLASH_ATTN_EXT(hsk=64,hsv=64,nh=4,nr23=[1,1],kv=113,nb=75,mask=0,sinks=0,max_bias=0.000000,logit_softcap=0.000000,prec=f32,type_K=q4_1,type_V=q4_1,permute=[0,1,2,3]): not supported [ROCm0] 
  FLASH_ATTN_EXT(hsk=64,hsv=64,nh=4,nr23=[1,1],kv=113,nb=75,mask=0,sinks=0,max_bias=0.000000,logit_softcap=0.000000,prec=f32,type_K=q4_0,type_V=q4_0,permute=[0,1,2,3]): [1;32mOK[0m
  FLASH_ATTN_EXT(hsk=64,hsv=64,nh=4,nr23=[1,1],kv=113,nb=75,mask=0,sinks=0,max_bias=0.000000,logit_softcap=0.000000,prec=f32,type_K=iq4_nl,type_V=iq4_nl,permute=[0,1,2,3]): not supported [ROCm0] 
  FLASH_ATTN_EXT(hsk=64,hsv=64,nh=4,nr23=[1,1],kv=512,nb=1,mask=0,sinks=0,max_bias=0.000000,logit_softcap=0.000000,prec=f32,type_K=f32,type_V=f32,permute=[0,1,2,3]): [1;32mOK[0m
  FLASH_ATTN_EXT(hsk=64,hsv=64,nh=4,nr23=[1,1],kv=512,nb=1,mask=0,sinks=0,max_bias=0.000000,logit_softcap=0.000000,prec=f32,type_K=f16,type_V=f16,permute=[0,1,2,3]): [1;32mOK[0m
  FLASH_ATTN_EXT(hsk=64,hsv=64,nh=4,nr23=[1,1],kv=512,nb=1,mask=0,sinks=0,max_bias=0.000000,logit_softcap=0.000000,prec=f32,type_K=bf16,type_V=bf16,permute=[0,1,2,3]): [1;32mOK[0m
  FLASH_ATTN_EXT(hsk=64,hsv=64,nh=4,nr23=[1,1],kv=512,nb=1,mask=0,sinks=0,max_bias=0.000000,logit_softcap=0.000000,prec=f32,type_K=q8_0,type_V=q8_0,permute=[0,1,2,3]): [1;32mOK[0m
  FLASH_ATTN_EXT(hsk=64,hsv=64,nh=4,nr23=[1,1],kv=512,nb=1,mask=0,sinks=0,max_bias=0.000000,logit_softcap=0.000000,prec=f32,type_K=q5_1,type_V=q5_1,permute=[0,1,2,3]): not supported [ROCm0] 
  FLASH_ATTN_EXT(hsk=64,hsv=64,nh=4,nr23=[1,1],kv=512,nb=1,mask=0,sinks=0,max_bias=0.000000,logit_softcap=0.000000,prec=f32,type_K=q5_0,type_V=q5_0,permute=[0,1,2,3]): not supported [ROCm0] 
  FLASH_ATTN_EXT(hsk=64,hsv=64,nh=4,nr23=[1,1],kv=512,nb=1,mask=0,sinks=0,max_bias=0.000000,logit_softcap=0.000000,prec=f32,type_K=q4_1,type_V=q4_1,permute=[0,1,2,3]): not supported [ROCm0] 
  FLASH_ATTN_EXT(hsk=64,hsv=64,nh=4,nr23=[1,1],kv=512,nb=1,mask=0,sinks=0,max_bias=0.000000,logit_softcap=0.000000,prec=f32,type_K=q4_0,type_V=q4_0,permute=[0,1,2,3]): [1;32mOK[0m
  FLASH_ATTN_EXT(hsk=64,hsv=64,nh=4,nr23=[1,1],kv=512,nb=1,mask=0,sinks=0,max_bias=0.000000,logit_softcap=0.000000,prec=f32,type_K=iq4_nl,type_V=iq4_nl,permute=[0,1,2,3]): not supported [ROCm0] 
  FLASH_ATTN_EXT(hsk=64,hsv=64,nh=4,nr23=[1,1],kv=512,nb=3,mask=0,sinks=0,max_bias=0.000000,logit_softcap=0.000000,prec=f32,type_K=f32,type_V=f32,permute=[0,1,2,3]): [1;32mOK[0m
  FLASH_ATTN_EXT(hsk=64,hsv=64,nh=4,nr23=[1,1],kv=512,nb=3,mask=0,sinks=0,max_bias=0.000000,logit_softcap=0.000000,prec=f32,type_K=f16,type_V=f16,permute=[0,1,2,3]): [1;32mOK[0m
  FLASH_ATTN_EXT(hsk=64,hsv=64,nh=4,nr23=[1,1],kv=512,nb=3,mask=0,sinks=0,max_bias=0.000000,logit_softcap=0.000000,prec=f32,type_K=bf16,type_V=bf16,permute=[0,1,2,3]): [1;32mOK[0m
  FLASH_ATTN_EXT(hsk=64,hsv=64,nh=4,nr23=[1,1],kv=512,nb=3,mask=0,sinks=0,max_bias=0.000000,logit_softcap=0.000000,prec=f32,type_K=q8_0,type_V=q8_0,permute=[0,1,2,3]): [1;32mOK[0m
  FLASH_ATTN_EXT(hsk=64,hsv=64,nh=4,nr23=[1,1],kv=512,nb=3,mask=0,sinks=0,max_bias=0.000000,logit_softcap=0.000000,prec=f32,type_K=q5_1,type_V=q5_1,permute=[0,1,2,3]): not supported [ROCm0] 
  FLASH_ATTN_EXT(hsk=64,hsv=64,nh=4,nr23=[1,1],kv=512,nb=3,mask=0,sinks=0,max_bias=0.000000,logit_softcap=0.000000,prec=f32,type_K=q5_0,type_V=q5_0,permute=[0,1,2,3]): not supported [ROCm0] 
  FLASH_ATTN_EXT(hsk=64,hsv=64,nh=4,nr23=[1,1],kv=512,nb=3,mask=0,sinks=0,max_bias=0.000000,logit_softcap=0.000000,prec=f32,type_K=q4_1,type_V=q4_1,permute=[0,1,2,3]): not supported [ROCm0] 
  FLASH_ATTN_EXT(hsk=64,hsv=64,nh=4,nr23=[1,1],kv=512,nb=3,mask=0,sinks=0,max_bias=0.000000,logit_softcap=0.000000,prec=f32,type_K=q4_0,type_V=q4_0,permute=[0,1,2,3]): [1;32mOK[0m
  FLASH_ATTN_EXT(hsk=64,hsv=64,nh=4,nr23=[1,1],kv=512,nb=3,mask=0,sinks=0,max_bias=0.000000,logit_softcap=0.000000,prec=f32,type_K=iq4_nl,type_V=iq4_nl,permute=[0,1,2,3]): not supported [ROCm0] 
  FLASH_ATTN_EXT(hsk=64,hsv=64,nh=4,nr23=[1,1],kv=512,nb=32,mask=0,sinks=0,max_bias=0.000000,logit_softcap=0.000000,prec=f32,type_K=f32,type_V=f32,permute=[0,1,2,3]): [1;32mOK[0m
  FLASH_ATTN_EXT(hsk=64,hsv=64,nh=4,nr23=[1,1],kv=512,nb=32,mask=0,sinks=0,max_bias=0.000000,logit_softcap=0.000000,prec=f32,type_K=f16,type_V=f16,permute=[0,1,2,3]): [1;32mOK[0m
  FLASH_ATTN_EXT(hsk=64,hsv=64,nh=4,nr23=[1,1],kv=512,nb=32,mask=0,sinks=0,max_bias=0.000000,logit_softcap=0.000000,prec=f32,type_K=bf16,type_V=bf16,permute=[0,1,2,3]): [1;32mOK[0m
  FLASH_ATTN_EXT(hsk=64,hsv=64,nh=4,nr23=[1,1],kv=512,nb=32,mask=0,sinks=0,max_bias=0.000000,logit_softcap=0.000000,prec=f32,type_K=q8_0,type_V=q8_0,permute=[0,1,2,3]): [1;32mOK[0m
  FLASH_ATTN_EXT(hsk=64,hsv=64,nh=4,nr23=[1,1],kv=512,nb=32,mask=0,sinks=0,max_bias=0.000000,logit_softcap=0.000000,prec=f32,type_K=q5_1,type_V=q5_1,permute=[0,1,2,3]): not supported [ROCm0] 
  FLASH_ATTN_EXT(hsk=64,hsv=64,nh=4,nr23=[1,1],kv=512,nb=32,mask=0,sinks=0,max_bias=0.000000,logit_softcap=0.000000,prec=f32,type_K=q5_0,type_V=q5_0,permute=[0,1,2,3]): not supported [ROCm0] 
  FLASH_ATTN_EXT(hsk=64,hsv=64,nh=4,nr23=[1,1],kv=512,nb=32,mask=0,sinks=0,max_bias=0.000000,logit_softcap=0.000000,prec=f32,type_K=q4_1,type_V=q4_1,permute=[0,1,2,3]): not supported [ROCm0] 
  FLASH_ATTN_EXT(hsk=64,hsv=64,nh=4,nr23=[1,1],kv=512,nb=32,mask=0,sinks=0,max_bias=0.000000,logit_softcap=0.000000,prec=f32,type_K=q4_0,type_V=q4_0,permute=[0,1,2,3]): [1;32mOK[0m
  FLASH_ATTN_EXT(hsk=64,hsv=64,nh=4,nr23=[1,1],kv=512,nb=32,mask=0,sinks=0,max_bias=0.000000,logit_softcap=0.000000,prec=f32,type_K=iq4_nl,type_V=iq4_nl,permute=[0,1,2,3]): not supported [ROCm0] 
  FLASH_ATTN_EXT(hsk=64,hsv=64,nh=4,nr23=[1,1],kv=512,nb=75,mask=0,sinks=0,max_bias=0.000000,logit_softcap=0.000000,prec=f32,type_K=f32,type_V=f32,permute=[0,1,2,3]): [1;32mOK[0m
  FLASH_ATTN_EXT(hsk=64,hsv=64,nh=4,nr23=[1,1],kv=512,nb=75,mask=0,sinks=0,max_bias=0.000000,logit_softcap=0.000000,prec=f32,type_K=f16,type_V=f16,permute=[0,1,2,3]): [1;32mOK[0m
  FLASH_ATTN_EXT(hsk=64,hsv=64,nh=4,nr23=[1,1],kv=512,nb=75,mask=0,sinks=0,max_bias=0.000000,logit_softcap=0.000000,prec=f32,type_K=bf16,type_V=bf16,permute=[0,1,2,3]): [1;32mOK[0m
  FLASH_ATTN_EXT(hsk=64,hsv=64,nh=4,nr23=[1,1],kv=512,nb=75,mask=0,sinks=0,max_bias=0.000000,logit_softcap=0.000000,prec=f32,type_K=q8_0,type_V=q8_0,permute=[0,1,2,3]): [1;32mOK[0m
  FLASH_ATTN_EXT(hsk=64,hsv=64,nh=4,nr23=[1,1],kv=512,nb=75,mask=0,sinks=0,max_bias=0.000000,logit_softcap=0.000000,prec=f32,type_K=q5_1,type_V=q5_1,permute=[0,1,2,3]): not supported [ROCm0] 
  FLASH_ATTN_EXT(hsk=64,hsv=64,nh=4,nr23=[1,1],kv=512,nb=75,mask=0,sinks=0,max_bias=0.000000,logit_softcap=0.000000,prec=f32,type_K=q5_0,type_V=q5_0,permute=[0,1,2,3]): not supported [ROCm0] 
  FLASH_ATTN_EXT(hsk=64,hsv=64,nh=4,nr23=[1,1],kv=512,nb=75,mask=0,sinks=0,max_bias=0.000000,logit_softcap=0.000000,prec=f32,type_K=q4_1,type_V=q4_1,permute=[0,1,2,3]): not supported [ROCm0] 
  FLASH_ATTN_EXT(hsk=64,hsv=64,nh=4,nr23=[1,1],kv=512,nb=75,mask=0,sinks=0,max_bias=0.000000,logit_softcap=0.000000,prec=f32,type_K=q4_0,type_V=q4_0,permute=[0,1,2,3]): [1;32mOK[0m
  FLASH_ATTN_EXT(hsk=64,hsv=64,nh=4,nr23=[1,1],kv=512,nb=75,mask=0,sinks=0,max_bias=0.000000,logit_softcap=0.000000,prec=f32,type_K=iq4_nl,type_V=iq4_nl,permute=[0,1,2,3]): not supported [ROCm0] 
  FLASH_ATTN_EXT(hsk=64,hsv=64,nh=4,nr23=[1,1],kv=1024,nb=1,mask=0,sinks=0,max_bias=0.000000,logit_softcap=0.000000,prec=f32,type_K=f32,type_V=f32,permute=[0,1,2,3]): [1;32mOK[0m
  FLASH_ATTN_EXT(hsk=64,hsv=64,nh=4,nr23=[1,1],kv=1024,nb=1,mask=0,sinks=0,max_bias=0.000000,logit_softcap=0.000000,prec=f32,type_K=f16,type_V=f16,permute=[0,1,2,3]): [1;32mOK[0m
  FLASH_ATTN_EXT(hsk=64,hsv=64,nh=4,nr23=[1,1],kv=1024,nb=1,mask=0,sinks=0,max_bias=0.000000,logit_softcap=0.000000,prec=f32,type_K=bf16,type_V=bf16,permute=[0,1,2,3]): [1;32mOK[0m
  FLASH_ATTN_EXT(hsk=64,hsv=64,nh=4,nr23=[1,1],kv=1024,nb=1,mask=0,sinks=0,max_bias=0.000000,logit_softcap=0.000000,prec=f32,type_K=q8_0,type_V=q8_0,permute=[0,1,2,3]): [1;32mOK[0m
  FLASH_ATTN_EXT(hsk=64,hsv=64,nh=4,nr23=[1,1],kv=1024,nb=1,mask=0,sinks=0,max_bias=0.000000,logit_softcap=0.000000,prec=f32,type_K=q5_1,type_V=q5_1,permute=[0,1,2,3]): not supported [ROCm0] 
  FLASH_ATTN_EXT(hsk=64,hsv=64,nh=4,nr23=[1,1],kv=1024,nb=1,mask=0,sinks=0,max_bias=0.000000,logit_softcap=0.000000,prec=f32,type_K=q5_0,type_V=q5_0,permute=[0,1,2,3]): not supported [ROCm0] 
  FLASH_ATTN_EXT(hsk=64,hsv=64,nh=4,nr23=[1,1],kv=1024,nb=1,mask=0,sinks=0,max_bias=0.000000,logit_softcap=0.000000,prec=f32,type_K=q4_1,type_V=q4_1,permute=[0,1,2,3]): not supported [ROCm0] 
  FLASH_ATTN_EXT(hsk=64,hsv=64,nh=4,nr23=[1,1],kv=1024,nb=1,mask=0,sinks=0,max_bias=0.000000,logit_softcap=0.000000,prec=f32,type_K=q4_0,type_V=q4_0,permute=[0,1,2,3]): [1;32mOK[0m
  FLASH_ATTN_EXT(hsk=64,hsv=64,nh=4,nr23=[1,1],kv=1024,nb=1,mask=0,sinks=0,max_bias=0.000000,logit_softcap=0.000000,prec=f32,type_K=iq4_nl,type_V=iq4_nl,permute=[0,1,2,3]): not supported [ROCm0] 
  FLASH_ATTN_EXT(hsk=64,hsv=64,nh=4,nr23=[1,1],kv=1024,nb=3,mask=0,sinks=0,max_bias=0.000000,logit_softcap=0.000000,prec=f32,type_K=f32,type_V=f32,permute=[0,1,2,3]): [1;32mOK[0m
  FLASH_ATTN_EXT(hsk=64,hsv=64,nh=4,nr23=[1,1],kv=1024,nb=3,mask=0,sinks=0,max_bias=0.000000,logit_softcap=0.000000,prec=f32,type_K=f16,type_V=f16,permute=[0,1,2,3]): [1;32mOK[0m
  FLASH_ATTN_EXT(hsk=64,hsv=64,nh=4,nr23=[1,1],kv=1024,nb=3,mask=0,sinks=0,max_bias=0.000000,logit_softcap=0.000000,prec=f32,type_K=bf16,type_V=bf16,permute=[0,1,2,3]): [1;32mOK[0m
  FLASH_ATTN_EXT(hsk=64,hsv=64,nh=4,nr23=[1,1],kv=1024,nb=3,mask=0,sinks=0,max_bias=0.000000,logit_softcap=0.000000,prec=f32,type_K=q8_0,type_V=q8_0,permute=[0,1,2,3]): [1;32mOK[0m
  FLASH_ATTN_EXT(hsk=64,hsv=64,nh=4,nr23=[1,1],kv=1024,nb=3,mask=0,sinks=0,max_bias=0.000000,logit_softcap=0.000000,prec=f32,type_K=q5_1,type_V=q5_1,permute=[0,1,2,3]): not supported [ROCm0] 
  FLASH_ATTN_EXT(hsk=64,hsv=64,nh=4,nr23=[1,1],kv=1024,nb=3,mask=0,sinks=0,max_bias=0.000000,logit_softcap=0.000000,prec=f32,type_K=q5_0,type_V=q5_0,permute=[0,1,2,3]): not supported [ROCm0] 
  FLASH_ATTN_EXT(hsk=64,hsv=64,nh=4,nr23=[1,1],kv=1024,nb=3,mask=0,sinks=0,max_bias=0.000000,logit_softcap=0.000000,prec=f32,type_K=q4_1,type_V=q4_1,permute=[0,1,2,3]): not supported [ROCm0] 
  FLASH_ATTN_EXT(hsk=64,hsv=64,nh=4,nr23=[1,1],kv=1024,nb=3,mask=0,sinks=0,max_bias=0.000000,logit_softcap=0.000000,prec=f32,type_K=q4_0,type_V=q4_0,permute=[0,1,2,3]): [1;32mOK[0m
  FLASH_ATTN_EXT(hsk=64,hsv=64,nh=4,nr23=[1,1],kv=1024,nb=3,mask=0,sinks=0,max_bias=0.000000,logit_softcap=0.000000,prec=f32,type_K=iq4_nl,type_V=iq4_nl,permute=[0,1,2,3]): not supported [ROCm0] 
  FLASH_ATTN_EXT(hsk=64,hsv=64,nh=4,nr23=[1,1],kv=1024,nb=32,mask=0,sinks=0,max_bias=0.000000,logit_softcap=0.000000,prec=f32,type_K=f32,type_V=f32,permute=[0,1,2,3]): [1;32mOK[0m
  FLASH_ATTN_EXT(hsk=64,hsv=64,nh=4,nr23=[1,1],kv=1024,nb=32,mask=0,sinks=0,max_bias=0.000000,logit_softcap=0.000000,prec=f32,type_K=f16,type_V=f16,permute=[0,1,2,3]): [1;32mOK[0m
  FLASH_ATTN_EXT(hsk=64,hsv=64,nh=4,nr23=[1,1],kv=1024,nb=32,mask=0,sinks=0,max_bias=0.000000,logit_softcap=0.000000,prec=f32,type_K=bf16,type_V=bf16,permute=[0,1,2,3]): [1;32mOK[0m
  FLASH_ATTN_EXT(hsk=64,hsv=64,nh=4,nr23=[1,1],kv=1024,nb=32,mask=0,sinks=0,max_bias=0.000000,logit_softcap=0.000000,prec=f32,type_K=q8_0,type_V=q8_0,permute=[0,1,2,3]): [1;32mOK[0m
  FLASH_ATTN_EXT(hsk=64,hsv=64,nh=4,nr23=[1,1],kv=1024,nb=32,mask=0,sinks=0,max_bias=0.000000,logit_softcap=0.000000,prec=f32,type_K=q5_1,type_V=q5_1,permute=[0,1,2,3]): not supported [ROCm0] 
  FLASH_ATTN_EXT(hsk=64,hsv=64,nh=4,nr23=[1,1],kv=1024,nb=32,mask=0,sinks=0,max_bias=0.000000,logit_softcap=0.000000,prec=f32,type_K=q5_0,type_V=q5_0,permute=[0,1,2,3]): not supported [ROCm0] 
  FLASH_ATTN_EXT(hsk=64,hsv=64,nh=4,nr23=[1,1],kv=1024,nb=32,mask=0,sinks=0,max_bias=0.000000,logit_softcap=0.000000,prec=f32,type_K=q4_1,type_V=q4_1,permute=[0,1,2,3]): not supported [ROCm0] 
  FLASH_ATTN_EXT(hsk=64,hsv=64,nh=4,nr23=[1,1],kv=1024,nb=32,mask=0,sinks=0,max_bias=0.000000,logit_softcap=0.000000,prec=f32,type_K=q4_0,type_V=q4_0,permute=[0,1,2,3]): [1;32mOK[0m
  FLASH_ATTN_EXT(hsk=64,hsv=64,nh=4,nr23=[1,1],kv=1024,nb=32,mask=0,sinks=0,max_bias=0.000000,logit_softcap=0.000000,prec=f32,type_K=iq4_nl,type_V=iq4_nl,permute=[0,1,2,3]): not supported [ROCm0] 
  FLASH_ATTN_EXT(hsk=64,hsv=64,nh=4,nr23=[1,1],kv=1024,nb=75,mask=0,sinks=0,max_bias=0.000000,logit_softcap=0.000000,prec=f32,type_K=f32,type_V=f32,permute=[0,1,2,3]): [1;32mOK[0m
  FLASH_ATTN_EXT(hsk=64,hsv=64,nh=4,nr23=[1,1],kv=1024,nb=75,mask=0,sinks=0,max_bias=0.000000,logit_softcap=0.000000,prec=f32,type_K=f16,type_V=f16,permute=[0,1,2,3]): [1;32mOK[0m
  FLASH_ATTN_EXT(hsk=64,hsv=64,nh=4,nr23=[1,1],kv=1024,nb=75,mask=0,sinks=0,max_bias=0.000000,logit_softcap=0.000000,prec=f32,type_K=bf16,type_V=bf16,permute=[0,1,2,3]): [1;32mOK[0m
  FLASH_ATTN_EXT(hsk=64,hsv=64,nh=4,nr23=[1,1],kv=1024,nb=75,mask=0,sinks=0,max_bias=0.000000,logit_softcap=0.000000,prec=f32,type_K=q8_0,type_V=q8_0,permute=[0,1,2,3]): [1;32mOK[0m
  FLASH_ATTN_EXT(hsk=64,hsv=64,nh=4,nr23=[1,1],kv=1024,nb=75,mask=0,sinks=0,max_bias=0.000000,logit_softcap=0.000000,prec=f32,type_K=q5_1,type_V=q5_1,permute=[0,1,2,3]): not supported [ROCm0] 
  FLASH_ATTN_EXT(hsk=64,hsv=64,nh=4,nr23=[1,1],kv=1024,nb=75,mask=0,sinks=0,max_bias=0.000000,logit_softcap=0.000000,prec=f32,type_K=q5_0,type_V=q5_0,permute=[0,1,2,3]): not supported [ROCm0] 
  FLASH_ATTN_EXT(hsk=64,hsv=64,nh=4,nr23=[1,1],kv=1024,nb=75,mask=0,sinks=0,max_bias=0.000000,logit_softcap=0.000000,prec=f32,type_K=q4_1,type_V=q4_1,permute=[0,1,2,3]): not supported [ROCm0] 
  FLASH_ATTN_EXT(hsk=64,hsv=64,nh=4,nr23=[1,1],kv=1024,nb=75,mask=0,sinks=0,max_bias=0.000000,logit_softcap=0.000000,prec=f32,type_K=q4_0,type_V=q4_0,permute=[0,1,2,3]): [1;32mOK[0m
  FLASH_ATTN_EXT(hsk=64,hsv=64,nh=4,nr23=[1,1],kv=1024,nb=75,mask=0,sinks=0,max_bias=0.000000,logit_softcap=0.000000,prec=f32,type_K=iq4_nl,type_V=iq4_nl,permute=[0,1,2,3]): not supported [ROCm0] 
  FLASH_ATTN_EXT(hsk=64,hsv=64,nh=4,nr23=[4,1],kv=512,nb=1,mask=0,sinks=0,max_bias=0.000000,logit_softcap=0.000000,prec=f32,type_K=f32,type_V=f32,permute=[0,1,2,3]): [1;32mOK[0m
  FLASH_ATTN_EXT(hsk=64,hsv=64,nh=4,nr23=[4,1],kv=512,nb=1,mask=0,sinks=0,max_bias=0.000000,logit_softcap=0.000000,prec=f32,type_K=f16,type_V=f16,permute=[0,1,2,3]): [1;32mOK[0m
  FLASH_ATTN_EXT(hsk=64,hsv=64,nh=4,nr23=[4,1],kv=512,nb=1,mask=0,sinks=0,max_bias=0.000000,logit_softcap=0.000000,prec=f32,type_K=bf16,type_V=bf16,permute=[0,1,2,3]): [1;32mOK[0m
  FLASH_ATTN_EXT(hsk=64,hsv=64,nh=4,nr23=[4,1],kv=512,nb=1,mask=0,sinks=0,max_bias=0.000000,logit_softcap=0.000000,prec=f32,type_K=q8_0,type_V=q8_0,permute=[0,1,2,3]): [1;32mOK[0m
  FLASH_ATTN_EXT(hsk=64,hsv=64,nh=4,nr23=[4,1],kv=512,nb=1,mask=0,sinks=0,max_bias=0.000000,logit_softcap=0.000000,prec=f32,type_K=q5_1,type_V=q5_1,permute=[0,1,2,3]): not supported [ROCm0] 
  FLASH_ATTN_EXT(hsk=64,hsv=64,nh=4,nr23=[4,1],kv=512,nb=1,mask=0,sinks=0,max_bias=0.000000,logit_softcap=0.000000,prec=f32,type_K=q5_0,type_V=q5_0,permute=[0,1,2,3]): not supported [ROCm0] 
  FLASH_ATTN_EXT(hsk=64,hsv=64,nh=4,nr23=[4,1],kv=512,nb=1,mask=0,sinks=0,max_bias=0.000000,logit_softcap=0.000000,prec=f32,type_K=q4_1,type_V=q4_1,permute=[0,1,2,3]): ggml_backend_cuda_graph_compute: CUDA graph warmup complete
ggml_backend_cuda_graph_compute: CUDA graph warmup complete
not supported [ROCm0] 
  FLASH_ATTN_EXT(hsk=64,hsv=64,nh=4,nr23=[4,1],kv=512,nb=1,mask=0,sinks=0,max_bias=0.000000,logit_softcap=0.000000,prec=f32,type_K=q4_0,type_V=q4_0,permute=[0,1,2,3]): [1;32mOK[0m
  FLASH_ATTN_EXT(hsk=64,hsv=64,nh=4,nr23=[4,1],kv=512,nb=1,mask=0,sinks=0,max_bias=0.000000,logit_softcap=0.000000,prec=f32,type_K=iq4_nl,type_V=iq4_nl,permute=[0,1,2,3]): ggml_backend_cuda_graph_compute: CUDA graph warmup reset
ggml_backend_cuda_graph_compute: CUDA graph warmup reset
not supported [ROCm0] 
  FLASH_ATTN_EXT(hsk=64,hsv=64,nh=4,nr23=[4,1],kv=512,nb=3,mask=0,sinks=0,max_bias=0.000000,logit_softcap=0.000000,prec=f32,type_K=f32,type_V=f32,permute=[0,1,2,3]): [1;32mOK[0m
  FLASH_ATTN_EXT(hsk=64,hsv=64,nh=4,nr23=[4,1],kv=512,nb=3,mask=0,sinks=0,max_bias=0.000000,logit_softcap=0.000000,prec=f32,type_K=f16,type_V=f16,permute=[0,1,2,3]): [1;32mOK[0m
  FLASH_ATTN_EXT(hsk=64,hsv=64,nh=4,nr23=[4,1],kv=512,nb=3,mask=0,sinks=0,max_bias=0.000000,logit_softcap=0.000000,prec=f32,type_K=bf16,type_V=bf16,permute=[0,1,2,3]): [1;32mOK[0m
  FLASH_ATTN_EXT(hsk=64,hsv=64,nh=4,nr23=[4,1],kv=512,nb=3,mask=0,sinks=0,max_bias=0.000000,logit_softcap=0.000000,prec=f32,type_K=q8_0,type_V=q8_0,permute=[0,1,2,3]): [1;32mOK[0m
  FLASH_ATTN_EXT(hsk=64,hsv=64,nh=4,nr23=[4,1],kv=512,nb=3,mask=0,sinks=0,max_bias=0.000000,logit_softcap=0.000000,prec=f32,type_K=q5_1,type_V=q5_1,permute=[0,1,2,3]): not supported [ROCm0] 
  FLASH_ATTN_EXT(hsk=64,hsv=64,nh=4,nr23=[4,1],kv=512,nb=3,mask=0,sinks=0,max_bias=0.000000,logit_softcap=0.000000,prec=f32,type_K=q5_0,type_V=q5_0,permute=[0,1,2,3]): not supported [ROCm0] 
  FLASH_ATTN_EXT(hsk=64,hsv=64,nh=4,nr23=[4,1],kv=512,nb=3,mask=0,sinks=0,max_bias=0.000000,logit_softcap=0.000000,prec=f32,type_K=q4_1,type_V=q4_1,permute=[0,1,2,3]): not supported [ROCm0] 
  FLASH_ATTN_EXT(hsk=64,hsv=64,nh=4,nr23=[4,1],kv=512,nb=3,mask=0,sinks=0,max_bias=0.000000,logit_softcap=0.000000,prec=f32,type_K=q4_0,type_V=q4_0,permute=[0,1,2,3]): [1;32mOK[0m
  FLASH_ATTN_EXT(hsk=64,hsv=64,nh=4,nr23=[4,1],kv=512,nb=3,mask=0,sinks=0,max_bias=0.000000,logit_softcap=0.000000,prec=f32,type_K=iq4_nl,type_V=iq4_nl,permute=[0,1,2,3]): not supported [ROCm0] 
  FLASH_ATTN_EXT(hsk=64,hsv=64,nh=4,nr23=[4,1],kv=512,nb=32,mask=0,sinks=0,max_bias=0.000000,logit_softcap=0.000000,prec=f32,type_K=f32,type_V=f32,permute=[0,1,2,3]): [1;32mOK[0m
  FLASH_ATTN_EXT(hsk=64,hsv=64,nh=4,nr23=[4,1],kv=512,nb=32,mask=0,sinks=0,max_bias=0.000000,logit_softcap=0.000000,prec=f32,type_K=f16,type_V=f16,permute=[0,1,2,3]): [1;32mOK[0m
  FLASH_ATTN_EXT(hsk=64,hsv=64,nh=4,nr23=[4,1],kv=512,nb=32,mask=0,sinks=0,max_bias=0.000000,logit_softcap=0.000000,prec=f32,type_K=bf16,type_V=bf16,permute=[0,1,2,3]): [1;32mOK[0m
  FLASH_ATTN_EXT(hsk=64,hsv=64,nh=4,nr23=[4,1],kv=512,nb=32,mask=0,sinks=0,max_bias=0.000000,logit_softcap=0.000000,prec=f32,type_K=q8_0,type_V=q8_0,permute=[0,1,2,3]): [1;32mOK[0m
  FLASH_ATTN_EXT(hsk=64,hsv=64,nh=4,nr23=[4,1],kv=512,nb=32,mask=0,sinks=0,max_bias=0.000000,logit_softcap=0.000000,prec=f32,type_K=q5_1,type_V=q5_1,permute=[0,1,2,3]): not supported [ROCm0] 
  FLASH_ATTN_EXT(hsk=64,hsv=64,nh=4,nr23=[4,1],kv=512,nb=32,mask=0,sinks=0,max_bias=0.000000,logit_softcap=0.000000,prec=f32,type_K=q5_0,type_V=q5_0,permute=[0,1,2,3]): not supported [ROCm0] 
  FLASH_ATTN_EXT(hsk=64,hsv=64,nh=4,nr23=[4,1],kv=512,nb=32,mask=0,sinks=0,max_bias=0.000000,logit_softcap=0.000000,prec=f32,type_K=q4_1,type_V=q4_1,permute=[0,1,2,3]): not supported [ROCm0] 
  FLASH_ATTN_EXT(hsk=64,hsv=64,nh=4,nr23=[4,1],kv=512,nb=32,mask=0,sinks=0,max_bias=0.000000,logit_softcap=0.000000,prec=f32,type_K=q4_0,type_V=q4_0,permute=[0,1,2,3]): [1;32mOK[0m
  FLASH_ATTN_EXT(hsk=64,hsv=64,nh=4,nr23=[4,1],kv=512,nb=32,mask=0,sinks=0,max_bias=0.000000,logit_softcap=0.000000,prec=f32,type_K=iq4_nl,type_V=iq4_nl,permute=[0,1,2,3]): not supported [ROCm0] 
  FLASH_ATTN_EXT(hsk=64,hsv=64,nh=4,nr23=[4,1],kv=512,nb=75,mask=0,sinks=0,max_bias=0.000000,logit_softcap=0.000000,prec=f32,type_K=f32,type_V=f32,permute=[0,1,2,3]): [1;32mOK[0m
  FLASH_ATTN_EXT(hsk=64,hsv=64,nh=4,nr23=[4,1],kv=512,nb=75,mask=0,sinks=0,max_bias=0.000000,logit_softcap=0.000000,prec=f32,type_K=f16,type_V=f16,permute=[0,1,2,3]): [1;32mOK[0m
  FLASH_ATTN_EXT(hsk=64,hsv=64,nh=4,nr23=[4,1],kv=512,nb=75,mask=0,sinks=0,max_bias=0.000000,logit_softcap=0.000000,prec=f32,type_K=bf16,type_V=bf16,permute=[0,1,2,3]): [1;32mOK[0m
  FLASH_ATTN_EXT(hsk=64,hsv=64,nh=4,nr23=[4,1],kv=512,nb=75,mask=0,sinks=0,max_bias=0.000000,logit_softcap=0.000000,prec=f32,type_K=q8_0,type_V=q8_0,permute=[0,1,2,3]): [1;32mOK[0m
  FLASH_ATTN_EXT(hsk=64,hsv=64,nh=4,nr23=[4,1],kv=512,nb=75,mask=0,sinks=0,max_bias=0.000000,logit_softcap=0.000000,prec=f32,type_K=q5_1,type_V=q5_1,permute=[0,1,2,3]): not supported [ROCm0] 
  FLASH_ATTN_EXT(hsk=64,hsv=64,nh=4,nr23=[4,1],kv=512,nb=75,mask=0,sinks=0,max_bias=0.000000,logit_softcap=0.000000,prec=f32,type_K=q5_0,type_V=q5_0,permute=[0,1,2,3]): not supported [ROCm0] 
  FLASH_ATTN_EXT(hsk=64,hsv=64,nh=4,nr23=[4,1],kv=512,nb=75,mask=0,sinks=0,max_bias=0.000000,logit_softcap=0.000000,prec=f32,type_K=q4_1,type_V=q4_1,permute=[0,1,2,3]): not supported [ROCm0] 
  FLASH_ATTN_EXT(hsk=64,hsv=64,nh=4,nr23=[4,1],kv=512,nb=75,mask=0,sinks=0,max_bias=0.000000,logit_softcap=0.000000,prec=f32,type_K=q4_0,type_V=q4_0,permute=[0,1,2,3]): [1;32mOK[0m
  FLASH_ATTN_EXT(hsk=64,hsv=64,nh=4,nr23=[4,1],kv=512,nb=75,mask=0,sinks=0,max_bias=0.000000,logit_softcap=0.000000,prec=f32,type_K=iq4_nl,type_V=iq4_nl,permute=[0,1,2,3]): not supported [ROCm0] 
  FLASH_ATTN_EXT(hsk=64,hsv=64,nh=4,nr23=[1,3],kv=113,nb=1,mask=0,sinks=0,max_bias=0.000000,logit_softcap=0.000000,prec=f32,type_K=f32,type_V=f32,permute=[0,1,2,3]): [1;32mOK[0m
  FLASH_ATTN_EXT(hsk=64,hsv=64,nh=4,nr23=[1,3],kv=113,nb=1,mask=0,sinks=0,max_bias=0.000000,logit_softcap=0.000000,prec=f32,type_K=f16,type_V=f16,permute=[0,1,2,3]): [1;32mOK[0m
  FLASH_ATTN_EXT(hsk=64,hsv=64,nh=4,nr23=[1,3],kv=113,nb=1,mask=0,sinks=0,max_bias=0.000000,logit_softcap=0.000000,prec=f32,type_K=bf16,type_V=bf16,permute=[0,1,2,3]): [1;32mOK[0m
  FLASH_ATTN_EXT(hsk=64,hsv=64,nh=4,nr23=[1,3],kv=113,nb=1,mask=0,sinks=0,max_bias=0.000000,logit_softcap=0.000000,prec=f32,type_K=q8_0,type_V=q8_0,permute=[0,1,2,3]): [1;32mOK[0m
  FLASH_ATTN_EXT(hsk=64,hsv=64,nh=4,nr23=[1,3],kv=113,nb=1,mask=0,sinks=0,max_bias=0.000000,logit_softcap=0.000000,prec=f32,type_K=q5_1,type_V=q5_1,permute=[0,1,2,3]): not supported [ROCm0] 
  FLASH_ATTN_EXT(hsk=64,hsv=64,nh=4,nr23=[1,3],kv=113,nb=1,mask=0,sinks=0,max_bias=0.000000,logit_softcap=0.000000,prec=f32,type_K=q5_0,type_V=q5_0,permute=[0,1,2,3]): not supported [ROCm0] 
  FLASH_ATTN_EXT(hsk=64,hsv=64,nh=4,nr23=[1,3],kv=113,nb=1,mask=0,sinks=0,max_bias=0.000000,logit_softcap=0.000000,prec=f32,type_K=q4_1,type_V=q4_1,permute=[0,1,2,3]): not supported [ROCm0] 
  FLASH_ATTN_EXT(hsk=64,hsv=64,nh=4,nr23=[1,3],kv=113,nb=1,mask=0,sinks=0,max_bias=0.000000,logit_softcap=0.000000,prec=f32,type_K=q4_0,type_V=q4_0,permute=[0,1,2,3]): [1;32mOK[0m
  FLASH_ATTN_EXT(hsk=64,hsv=64,nh=4,nr23=[1,3],kv=113,nb=1,mask=0,sinks=0,max_bias=0.000000,logit_softcap=0.000000,prec=f32,type_K=iq4_nl,type_V=iq4_nl,permute=[0,1,2,3]): not supported [ROCm0] 
  FLASH_ATTN_EXT(hsk=64,hsv=64,nh=4,nr23=[1,3],kv=113,nb=3,mask=0,sinks=0,max_bias=0.000000,logit_softcap=0.000000,prec=f32,type_K=f32,type_V=f32,permute=[0,1,2,3]): [1;32mOK[0m
  FLASH_ATTN_EXT(hsk=64,hsv=64,nh=4,nr23=[1,3],kv=113,nb=3,mask=0,sinks=0,max_bias=0.000000,logit_softcap=0.000000,prec=f32,type_K=f16,type_V=f16,permute=[0,1,2,3]): [1;32mOK[0m
  FLASH_ATTN_EXT(hsk=64,hsv=64,nh=4,nr23=[1,3],kv=113,nb=3,mask=0,sinks=0,max_bias=0.000000,logit_softcap=0.000000,prec=f32,type_K=bf16,type_V=bf16,permute=[0,1,2,3]): [1;32mOK[0m
  FLASH_ATTN_EXT(hsk=64,hsv=64,nh=4,nr23=[1,3],kv=113,nb=3,mask=0,sinks=0,max_bias=0.000000,logit_softcap=0.000000,prec=f32,type_K=q8_0,type_V=q8_0,permute=[0,1,2,3]): [1;32mOK[0m
  FLASH_ATTN_EXT(hsk=64,hsv=64,nh=4,nr23=[1,3],kv=113,nb=3,mask=0,sinks=0,max_bias=0.000000,logit_softcap=0.000000,prec=f32,type_K=q5_1,type_V=q5_1,permute=[0,1,2,3]): not supported [ROCm0] 
  FLASH_ATTN_EXT(hsk=64,hsv=64,nh=4,nr23=[1,3],kv=113,nb=3,mask=0,sinks=0,max_bias=0.000000,logit_softcap=0.000000,prec=f32,type_K=q5_0,type_V=q5_0,permute=[0,1,2,3]): not supported [ROCm0] 
  FLASH_ATTN_EXT(hsk=64,hsv=64,nh=4,nr23=[1,3],kv=113,nb=3,mask=0,sinks=0,max_bias=0.000000,logit_softcap=0.000000,prec=f32,type_K=q4_1,type_V=q4_1,permute=[0,1,2,3]): not supported [ROCm0] 
  FLASH_ATTN_EXT(hsk=64,hsv=64,nh=4,nr23=[1,3],kv=113,nb=3,mask=0,sinks=0,max_bias=0.000000,logit_softcap=0.000000,prec=f32,type_K=q4_0,type_V=q4_0,permute=[0,1,2,3]): [1;32mOK[0m
  FLASH_ATTN_EXT(hsk=64,hsv=64,nh=4,nr23=[1,3],kv=113,nb=3,mask=0,sinks=0,max_bias=0.000000,logit_softcap=0.000000,prec=f32,type_K=iq4_nl,type_V=iq4_nl,permute=[0,1,2,3]): not supported [ROCm0] 
  FLASH_ATTN_EXT(hsk=64,hsv=64,nh=4,nr23=[1,3],kv=113,nb=32,mask=0,sinks=0,max_bias=0.000000,logit_softcap=0.000000,prec=f32,type_K=f32,type_V=f32,permute=[0,1,2,3]): [1;32mOK[0m
  FLASH_ATTN_EXT(hsk=64,hsv=64,nh=4,nr23=[1,3],kv=113,nb=32,mask=0,sinks=0,max_bias=0.000000,logit_softcap=0.000000,prec=f32,type_K=f16,type_V=f16,permute=[0,1,2,3]): [1;32mOK[0m
  FLASH_ATTN_EXT(hsk=64,hsv=64,nh=4,nr23=[1,3],kv=113,nb=32,mask=0,sinks=0,max_bias=0.000000,logit_softcap=0.000000,prec=f32,type_K=bf16,type_V=bf16,permute=[0,1,2,3]): [1;32mOK[0m
  FLASH_ATTN_EXT(hsk=64,hsv=64,nh=4,nr23=[1,3],kv=113,nb=32,mask=0,sinks=0,max_bias=0.000000,logit_softcap=0.000000,prec=f32,type_K=q8_0,type_V=q8_0,permute=[0,1,2,3]): [1;32mOK[0m
  FLASH_ATTN_EXT(hsk=64,hsv=64,nh=4,nr23=[1,3],kv=113,nb=32,mask=0,sinks=0,max_bias=0.000000,logit_softcap=0.000000,prec=f32,type_K=q5_1,type_V=q5_1,permute=[0,1,2,3]): not supported [ROCm0] 
  FLASH_ATTN_EXT(hsk=64,hsv=64,nh=4,nr23=[1,3],kv=113,nb=32,mask=0,sinks=0,max_bias=0.000000,logit_softcap=0.000000,prec=f32,type_K=q5_0,type_V=q5_0,permute=[0,1,2,3]): not supported [ROCm0] 
  FLASH_ATTN_EXT(hsk=64,hsv=64,nh=4,nr23=[1,3],kv=113,nb=32,mask=0,sinks=0,max_bias=0.000000,logit_softcap=0.000000,prec=f32,type_K=q4_1,type_V=q4_1,permute=[0,1,2,3]): not supported [ROCm0] 
  FLASH_ATTN_EXT(hsk=64,hsv=64,nh=4,nr23=[1,3],kv=113,nb=32,mask=0,sinks=0,max_bias=0.000000,logit_softcap=0.000000,prec=f32,type_K=q4_0,type_V=q4_0,permute=[0,1,2,3]): [1;32mOK[0m
  FLASH_ATTN_EXT(hsk=64,hsv=64,nh=4,nr23=[1,3],kv=113,nb=32,mask=0,sinks=0,max_bias=0.000000,logit_softcap=0.000000,prec=f32,type_K=iq4_nl,type_V=iq4_nl,permute=[0,1,2,3]): not supported [ROCm0] 
  FLASH_ATTN_EXT(hsk=64,hsv=64,nh=4,nr23=[1,3],kv=113,nb=75,mask=0,sinks=0,max_bias=0.000000,logit_softcap=0.000000,prec=f32,type_K=f32,type_V=f32,permute=[0,1,2,3]): [1;32mOK[0m
  FLASH_ATTN_EXT(hsk=64,hsv=64,nh=4,nr23=[1,3],kv=113,nb=75,mask=0,sinks=0,max_bias=0.000000,logit_softcap=0.000000,prec=f32,type_K=f16,type_V=f16,permute=[0,1,2,3]): [1;32mOK[0m
  FLASH_ATTN_EXT(hsk=64,hsv=64,nh=4,nr23=[1,3],kv=113,nb=75,mask=0,sinks=0,max_bias=0.000000,logit_softcap=0.000000,prec=f32,type_K=bf16,type_V=bf16,permute=[0,1,2,3]): [1;32mOK[0m
  FLASH_ATTN_EXT(hsk=64,hsv=64,nh=4,nr23=[1,3],kv=113,nb=75,mask=0,sinks=0,max_bias=0.000000,logit_softcap=0.000000,prec=f32,type_K=q8_0,type_V=q8_0,permute=[0,1,2,3]): [1;32mOK[0m
  FLASH_ATTN_EXT(hsk=64,hsv=64,nh=4,nr23=[1,3],kv=113,nb=75,mask=0,sinks=0,max_bias=0.000000,logit_softcap=0.000000,prec=f32,type_K=q5_1,type_V=q5_1,permute=[0,1,2,3]): not supported [ROCm0] 
  FLASH_ATTN_EXT(hsk=64,hsv=64,nh=4,nr23=[1,3],kv=113,nb=75,mask=0,sinks=0,max_bias=0.000000,logit_softcap=0.000000,prec=f32,type_K=q5_0,type_V=q5_0,permute=[0,1,2,3]): not supported [ROCm0] 
  FLASH_ATTN_EXT(hsk=64,hsv=64,nh=4,nr23=[1,3],kv=113,nb=75,mask=0,sinks=0,max_bias=0.000000,logit_softcap=0.000000,prec=f32,type_K=q4_1,type_V=q4_1,permute=[0,1,2,3]): not supported [ROCm0] 
  FLASH_ATTN_EXT(hsk=64,hsv=64,nh=4,nr23=[1,3],kv=113,nb=75,mask=0,sinks=0,max_bias=0.000000,logit_softcap=0.000000,prec=f32,type_K=q4_0,type_V=q4_0,permute=[0,1,2,3]): [1;32mOK[0m
  FLASH_ATTN_EXT(hsk=64,hsv=64,nh=4,nr23=[1,3],kv=113,nb=75,mask=0,sinks=0,max_bias=0.000000,logit_softcap=0.000000,prec=f32,type_K=iq4_nl,type_V=iq4_nl,permute=[0,1,2,3]): not supported [ROCm0] 
  FLASH_ATTN_EXT(hsk=64,hsv=64,nh=4,nr23=[1,3],kv=512,nb=1,mask=0,sinks=0,max_bias=0.000000,logit_softcap=0.000000,prec=f32,type_K=f32,type_V=f32,permute=[0,1,2,3]): [1;32mOK[0m
  FLASH_ATTN_EXT(hsk=64,hsv=64,nh=4,nr23=[1,3],kv=512,nb=1,mask=0,sinks=0,max_bias=0.000000,logit_softcap=0.000000,prec=f32,type_K=f16,type_V=f16,permute=[0,1,2,3]): [1;32mOK[0m
  FLASH_ATTN_EXT(hsk=64,hsv=64,nh=4,nr23=[1,3],kv=512,nb=1,mask=0,sinks=0,max_bias=0.000000,logit_softcap=0.000000,prec=f32,type_K=bf16,type_V=bf16,permute=[0,1,2,3]): [1;32mOK[0m
  FLASH_ATTN_EXT(hsk=64,hsv=64,nh=4,nr23=[1,3],kv=512,nb=1,mask=0,sinks=0,max_bias=0.000000,logit_softcap=0.000000,prec=f32,type_K=q8_0,type_V=q8_0,permute=[0,1,2,3]): [1;32mOK[0m
  FLASH_ATTN_EXT(hsk=64,hsv=64,nh=4,nr23=[1,3],kv=512,nb=1,mask=0,sinks=0,max_bias=0.000000,logit_softcap=0.000000,prec=f32,type_K=q5_1,type_V=q5_1,permute=[0,1,2,3]): not supported [ROCm0] 
  FLASH_ATTN_EXT(hsk=64,hsv=64,nh=4,nr23=[1,3],kv=512,nb=1,mask=0,sinks=0,max_bias=0.000000,logit_softcap=0.000000,prec=f32,type_K=q5_0,type_V=q5_0,permute=[0,1,2,3]): not supported [ROCm0] 
  FLASH_ATTN_EXT(hsk=64,hsv=64,nh=4,nr23=[1,3],kv=512,nb=1,mask=0,sinks=0,max_bias=0.000000,logit_softcap=0.000000,prec=f32,type_K=q4_1,type_V=q4_1,permute=[0,1,2,3]): not supported [ROCm0] 
  FLASH_ATTN_EXT(hsk=64,hsv=64,nh=4,nr23=[1,3],kv=512,nb=1,mask=0,sinks=0,max_bias=0.000000,logit_softcap=0.000000,prec=f32,type_K=q4_0,type_V=q4_0,permute=[0,1,2,3]): [1;32mOK[0m
  FLASH_ATTN_EXT(hsk=64,hsv=64,nh=4,nr23=[1,3],kv=512,nb=1,mask=0,sinks=0,max_bias=0.000000,logit_softcap=0.000000,prec=f32,type_K=iq4_nl,type_V=iq4_nl,permute=[0,1,2,3]): not supported [ROCm0] 
  FLASH_ATTN_EXT(hsk=64,hsv=64,nh=4,nr23=[1,3],kv=512,nb=3,mask=0,sinks=0,max_bias=0.000000,logit_softcap=0.000000,prec=f32,type_K=f32,type_V=f32,permute=[0,1,2,3]): [1;32mOK[0m
  FLASH_ATTN_EXT(hsk=64,hsv=64,nh=4,nr23=[1,3],kv=512,nb=3,mask=0,sinks=0,max_bias=0.000000,logit_softcap=0.000000,prec=f32,type_K=f16,type_V=f16,permute=[0,1,2,3]): [1;32mOK[0m
  FLASH_ATTN_EXT(hsk=64,hsv=64,nh=4,nr23=[1,3],kv=512,nb=3,mask=0,sinks=0,max_bias=0.000000,logit_softcap=0.000000,prec=f32,type_K=bf16,type_V=bf16,permute=[0,1,2,3]): [1;32mOK[0m
  FLASH_ATTN_EXT(hsk=64,hsv=64,nh=4,nr23=[1,3],kv=512,nb=3,mask=0,sinks=0,max_bias=0.000000,logit_softcap=0.000000,prec=f32,type_K=q8_0,type_V=q8_0,permute=[0,1,2,3]): [1;32mOK[0m
  FLASH_ATTN_EXT(hsk=64,hsv=64,nh=4,nr23=[1,3],kv=512,nb=3,mask=0,sinks=0,max_bias=0.000000,logit_softcap=0.000000,prec=f32,type_K=q5_1,type_V=q5_1,permute=[0,1,2,3]): not supported [ROCm0] 
  FLASH_ATTN_EXT(hsk=64,hsv=64,nh=4,nr23=[1,3],kv=512,nb=3,mask=0,sinks=0,max_bias=0.000000,logit_softcap=0.000000,prec=f32,type_K=q5_0,type_V=q5_0,permute=[0,1,2,3]): not supported [ROCm0] 
  FLASH_ATTN_EXT(hsk=64,hsv=64,nh=4,nr23=[1,3],kv=512,nb=3,mask=0,sinks=0,max_bias=0.000000,logit_softcap=0.000000,prec=f32,type_K=q4_1,type_V=q4_1,permute=[0,1,2,3]): not supported [ROCm0] 
  FLASH_ATTN_EXT(hsk=64,hsv=64,nh=4,nr23=[1,3],kv=512,nb=3,mask=0,sinks=0,max_bias=0.000000,logit_softcap=0.000000,prec=f32,type_K=q4_0,type_V=q4_0,permute=[0,1,2,3]): [1;32mOK[0m
  FLASH_ATTN_EXT(hsk=64,hsv=64,nh=4,nr23=[1,3],kv=512,nb=3,mask=0,sinks=0,max_bias=0.000000,logit_softcap=0.000000,prec=f32,type_K=iq4_nl,type_V=iq4_nl,permute=[0,1,2,3]): not supported [ROCm0] 
  FLASH_ATTN_EXT(hsk=64,hsv=64,nh=4,nr23=[1,3],kv=512,nb=32,mask=0,sinks=0,max_bias=0.000000,logit_softcap=0.000000,prec=f32,type_K=f32,type_V=f32,permute=[0,1,2,3]): [1;32mOK[0m
  FLASH_ATTN_EXT(hsk=64,hsv=64,nh=4,nr23=[1,3],kv=512,nb=32,mask=0,sinks=0,max_bias=0.000000,logit_softcap=0.000000,prec=f32,type_K=f16,type_V=f16,permute=[0,1,2,3]): [1;32mOK[0m
  FLASH_ATTN_EXT(hsk=64,hsv=64,nh=4,nr23=[1,3],kv=512,nb=32,mask=0,sinks=0,max_bias=0.000000,logit_softcap=0.000000,prec=f32,type_K=bf16,type_V=bf16,permute=[0,1,2,3]): [1;32mOK[0m
  FLASH_ATTN_EXT(hsk=64,hsv=64,nh=4,nr23=[1,3],kv=512,nb=32,mask=0,sinks=0,max_bias=0.000000,logit_softcap=0.000000,prec=f32,type_K=q8_0,type_V=q8_0,permute=[0,1,2,3]): [1;32mOK[0m
  FLASH_ATTN_EXT(hsk=64,hsv=64,nh=4,nr23=[1,3],kv=512,nb=32,mask=0,sinks=0,max_bias=0.000000,logit_softcap=0.000000,prec=f32,type_K=q5_1,type_V=q5_1,permute=[0,1,2,3]): not supported [ROCm0] 
  FLASH_ATTN_EXT(hsk=64,hsv=64,nh=4,nr23=[1,3],kv=512,nb=32,mask=0,sinks=0,max_bias=0.000000,logit_softcap=0.000000,prec=f32,type_K=q5_0,type_V=q5_0,permute=[0,1,2,3]): not supported [ROCm0] 
  FLASH_ATTN_EXT(hsk=64,hsv=64,nh=4,nr23=[1,3],kv=512,nb=32,mask=0,sinks=0,max_bias=0.000000,logit_softcap=0.000000,prec=f32,type_K=q4_1,type_V=q4_1,permute=[0,1,2,3]): not supported [ROCm0] 
  FLASH_ATTN_EXT(hsk=64,hsv=64,nh=4,nr23=[1,3],kv=512,nb=32,mask=0,sinks=0,max_bias=0.000000,logit_softcap=0.000000,prec=f32,type_K=q4_0,type_V=q4_0,permute=[0,1,2,3]): [1;32mOK[0m
  FLASH_ATTN_EXT(hsk=64,hsv=64,nh=4,nr23=[1,3],kv=512,nb=32,mask=0,sinks=0,max_bias=0.000000,logit_softcap=0.000000,prec=f32,type_K=iq4_nl,type_V=iq4_nl,permute=[0,1,2,3]): not supported [ROCm0] 
  FLASH_ATTN_EXT(hsk=64,hsv=64,nh=4,nr23=[1,3],kv=512,nb=75,mask=0,sinks=0,max_bias=0.000000,logit_softcap=0.000000,prec=f32,type_K=f32,type_V=f32,permute=[0,1,2,3]): [1;32mOK[0m
  FLASH_ATTN_EXT(hsk=64,hsv=64,nh=4,nr23=[1,3],kv=512,nb=75,mask=0,sinks=0,max_bias=0.000000,logit_softcap=0.000000,prec=f32,type_K=f16,type_V=f16,permute=[0,1,2,3]): [1;32mOK[0m
  FLASH_ATTN_EXT(hsk=64,hsv=64,nh=4,nr23=[1,3],kv=512,nb=75,mask=0,sinks=0,max_bias=0.000000,logit_softcap=0.000000,prec=f32,type_K=bf16,type_V=bf16,permute=[0,1,2,3]): [1;32mOK[0m
  FLASH_ATTN_EXT(hsk=64,hsv=64,nh=4,nr23=[1,3],kv=512,nb=75,mask=0,sinks=0,max_bias=0.000000,logit_softcap=0.000000,prec=f32,type_K=q8_0,type_V=q8_0,permute=[0,1,2,3]): [1;32mOK[0m
  FLASH_ATTN_EXT(hsk=64,hsv=64,nh=4,nr23=[1,3],kv=512,nb=75,mask=0,sinks=0,max_bias=0.000000,logit_softcap=0.000000,prec=f32,type_K=q5_1,type_V=q5_1,permute=[0,1,2,3]): not supported [ROCm0] 
  FLASH_ATTN_EXT(hsk=64,hsv=64,nh=4,nr23=[1,3],kv=512,nb=75,mask=0,sinks=0,max_bias=0.000000,logit_softcap=0.000000,prec=f32,type_K=q5_0,type_V=q5_0,permute=[0,1,2,3]): not supported [ROCm0] 
  FLASH_ATTN_EXT(hsk=64,hsv=64,nh=4,nr23=[1,3],kv=512,nb=75,mask=0,sinks=0,max_bias=0.000000,logit_softcap=0.000000,prec=f32,type_K=q4_1,type_V=q4_1,permute=[0,1,2,3]): not supported [ROCm0] 
  FLASH_ATTN_EXT(hsk=64,hsv=64,nh=4,nr23=[1,3],kv=512,nb=75,mask=0,sinks=0,max_bias=0.000000,logit_softcap=0.000000,prec=f32,type_K=q4_0,type_V=q4_0,permute=[0,1,2,3]): [1;32mOK[0m
  FLASH_ATTN_EXT(hsk=64,hsv=64,nh=4,nr23=[1,3],kv=512,nb=75,mask=0,sinks=0,max_bias=0.000000,logit_softcap=0.000000,prec=f32,type_K=iq4_nl,type_V=iq4_nl,permute=[0,1,2,3]): not supported [ROCm0] 
  FLASH_ATTN_EXT(hsk=64,hsv=64,nh=4,nr23=[1,3],kv=1024,nb=1,mask=0,sinks=0,max_bias=0.000000,logit_softcap=0.000000,prec=f32,type_K=f32,type_V=f32,permute=[0,1,2,3]): [1;32mOK[0m
  FLASH_ATTN_EXT(hsk=64,hsv=64,nh=4,nr23=[1,3],kv=1024,nb=1,mask=0,sinks=0,max_bias=0.000000,logit_softcap=0.000000,prec=f32,type_K=f16,type_V=f16,permute=[0,1,2,3]): [1;32mOK[0m
  FLASH_ATTN_EXT(hsk=64,hsv=64,nh=4,nr23=[1,3],kv=1024,nb=1,mask=0,sinks=0,max_bias=0.000000,logit_softcap=0.000000,prec=f32,type_K=bf16,type_V=bf16,permute=[0,1,2,3]): [1;32mOK[0m
  FLASH_ATTN_EXT(hsk=64,hsv=64,nh=4,nr23=[1,3],kv=1024,nb=1,mask=0,sinks=0,max_bias=0.000000,logit_softcap=0.000000,prec=f32,type_K=q8_0,type_V=q8_0,permute=[0,1,2,3]): [1;32mOK[0m
  FLASH_ATTN_EXT(hsk=64,hsv=64,nh=4,nr23=[1,3],kv=1024,nb=1,mask=0,sinks=0,max_bias=0.000000,logit_softcap=0.000000,prec=f32,type_K=q5_1,type_V=q5_1,permute=[0,1,2,3]): not supported [ROCm0] 
  FLASH_ATTN_EXT(hsk=64,hsv=64,nh=4,nr23=[1,3],kv=1024,nb=1,mask=0,sinks=0,max_bias=0.000000,logit_softcap=0.000000,prec=f32,type_K=q5_0,type_V=q5_0,permute=[0,1,2,3]): not supported [ROCm0] 
  FLASH_ATTN_EXT(hsk=64,hsv=64,nh=4,nr23=[1,3],kv=1024,nb=1,mask=0,sinks=0,max_bias=0.000000,logit_softcap=0.000000,prec=f32,type_K=q4_1,type_V=q4_1,permute=[0,1,2,3]): not supported [ROCm0] 
  FLASH_ATTN_EXT(hsk=64,hsv=64,nh=4,nr23=[1,3],kv=1024,nb=1,mask=0,sinks=0,max_bias=0.000000,logit_softcap=0.000000,prec=f32,type_K=q4_0,type_V=q4_0,permute=[0,1,2,3]): [1;32mOK[0m
  FLASH_ATTN_EXT(hsk=64,hsv=64,nh=4,nr23=[1,3],kv=1024,nb=1,mask=0,sinks=0,max_bias=0.000000,logit_softcap=0.000000,prec=f32,type_K=iq4_nl,type_V=iq4_nl,permute=[0,1,2,3]): not supported [ROCm0] 
  FLASH_ATTN_EXT(hsk=64,hsv=64,nh=4,nr23=[1,3],kv=1024,nb=3,mask=0,sinks=0,max_bias=0.000000,logit_softcap=0.000000,prec=f32,type_K=f32,type_V=f32,permute=[0,1,2,3]): [1;32mOK[0m
  FLASH_ATTN_EXT(hsk=64,hsv=64,nh=4,nr23=[1,3],kv=1024,nb=3,mask=0,sinks=0,max_bias=0.000000,logit_softcap=0.000000,prec=f32,type_K=f16,type_V=f16,permute=[0,1,2,3]): [1;32mOK[0m
  FLASH_ATTN_EXT(hsk=64,hsv=64,nh=4,nr23=[1,3],kv=1024,nb=3,mask=0,sinks=0,max_bias=0.000000,logit_softcap=0.000000,prec=f32,type_K=bf16,type_V=bf16,permute=[0,1,2,3]): [1;32mOK[0m
  FLASH_ATTN_EXT(hsk=64,hsv=64,nh=4,nr23=[1,3],kv=1024,nb=3,mask=0,sinks=0,max_bias=0.000000,logit_softcap=0.000000,prec=f32,type_K=q8_0,type_V=q8_0,permute=[0,1,2,3]): [1;32mOK[0m
  FLASH_ATTN_EXT(hsk=64,hsv=64,nh=4,nr23=[1,3],kv=1024,nb=3,mask=0,sinks=0,max_bias=0.000000,logit_softcap=0.000000,prec=f32,type_K=q5_1,type_V=q5_1,permute=[0,1,2,3]): not supported [ROCm0] 
  FLASH_ATTN_EXT(hsk=64,hsv=64,nh=4,nr23=[1,3],kv=1024,nb=3,mask=0,sinks=0,max_bias=0.000000,logit_softcap=0.000000,prec=f32,type_K=q5_0,type_V=q5_0,permute=[0,1,2,3]): not supported [ROCm0] 
  FLASH_ATTN_EXT(hsk=64,hsv=64,nh=4,nr23=[1,3],kv=1024,nb=3,mask=0,sinks=0,max_bias=0.000000,logit_softcap=0.000000,prec=f32,type_K=q4_1,type_V=q4_1,permute=[0,1,2,3]): not supported [ROCm0] 
  FLASH_ATTN_EXT(hsk=64,hsv=64,nh=4,nr23=[1,3],kv=1024,nb=3,mask=0,sinks=0,max_bias=0.000000,logit_softcap=0.000000,prec=f32,type_K=q4_0,type_V=q4_0,permute=[0,1,2,3]): [1;32mOK[0m
  FLASH_ATTN_EXT(hsk=64,hsv=64,nh=4,nr23=[1,3],kv=1024,nb=3,mask=0,sinks=0,max_bias=0.000000,logit_softcap=0.000000,prec=f32,type_K=iq4_nl,type_V=iq4_nl,permute=[0,1,2,3]): not supported [ROCm0] 
  FLASH_ATTN_EXT(hsk=64,hsv=64,nh=4,nr23=[1,3],kv=1024,nb=32,mask=0,sinks=0,max_bias=0.000000,logit_softcap=0.000000,prec=f32,type_K=f32,type_V=f32,permute=[0,1,2,3]): [1;32mOK[0m
  FLASH_ATTN_EXT(hsk=64,hsv=64,nh=4,nr23=[1,3],kv=1024,nb=32,mask=0,sinks=0,max_bias=0.000000,logit_softcap=0.000000,prec=f32,type_K=f16,type_V=f16,permute=[0,1,2,3]): [1;32mOK[0m
  FLASH_ATTN_EXT(hsk=64,hsv=64,nh=4,nr23=[1,3],kv=1024,nb=32,mask=0,sinks=0,max_bias=0.000000,logit_softcap=0.000000,prec=f32,type_K=bf16,type_V=bf16,permute=[0,1,2,3]): [1;32mOK[0m
  FLASH_ATTN_EXT(hsk=64,hsv=64,nh=4,nr23=[1,3],kv=1024,nb=32,mask=0,sinks=0,max_bias=0.000000,logit_softcap=0.000000,prec=f32,type_K=q8_0,type_V=q8_0,permute=[0,1,2,3]): [1;32mOK[0m
  FLASH_ATTN_EXT(hsk=64,hsv=64,nh=4,nr23=[1,3],kv=1024,nb=32,mask=0,sinks=0,max_bias=0.000000,logit_softcap=0.000000,prec=f32,type_K=q5_1,type_V=q5_1,permute=[0,1,2,3]): not supported [ROCm0] 
  FLASH_ATTN_EXT(hsk=64,hsv=64,nh=4,nr23=[1,3],kv=1024,nb=32,mask=0,sinks=0,max_bias=0.000000,logit_softcap=0.000000,prec=f32,type_K=q5_0,type_V=q5_0,permute=[0,1,2,3]): not supported [ROCm0] 
  FLASH_ATTN_EXT(hsk=64,hsv=64,nh=4,nr23=[1,3],kv=1024,nb=32,mask=0,sinks=0,max_bias=0.000000,logit_softcap=0.000000,prec=f32,type_K=q4_1,type_V=q4_1,permute=[0,1,2,3]): not supported [ROCm0] 
  FLASH_ATTN_EXT(hsk=64,hsv=64,nh=4,nr23=[1,3],kv=1024,nb=32,mask=0,sinks=0,max_bias=0.000000,logit_softcap=0.000000,prec=f32,type_K=q4_0,type_V=q4_0,permute=[0,1,2,3]): [1;32mOK[0m
  FLASH_ATTN_EXT(hsk=64,hsv=64,nh=4,nr23=[1,3],kv=1024,nb=32,mask=0,sinks=0,max_bias=0.000000,logit_softcap=0.000000,prec=f32,type_K=iq4_nl,type_V=iq4_nl,permute=[0,1,2,3]): not supported [ROCm0] 
  FLASH_ATTN_EXT(hsk=64,hsv=64,nh=4,nr23=[1,3],kv=1024,nb=75,mask=0,sinks=0,max_bias=0.000000,logit_softcap=0.000000,prec=f32,type_K=f32,type_V=f32,permute=[0,1,2,3]): [1;32mOK[0m
  FLASH_ATTN_EXT(hsk=64,hsv=64,nh=4,nr23=[1,3],kv=1024,nb=75,mask=0,sinks=0,max_bias=0.000000,logit_softcap=0.000000,prec=f32,type_K=f16,type_V=f16,permute=[0,1,2,3]): [1;32mOK[0m
  FLASH_ATTN_EXT(hsk=64,hsv=64,nh=4,nr23=[1,3],kv=1024,nb=75,mask=0,sinks=0,max_bias=0.000000,logit_softcap=0.000000,prec=f32,type_K=bf16,type_V=bf16,permute=[0,1,2,3]): [1;32mOK[0m
  FLASH_ATTN_EXT(hsk=64,hsv=64,nh=4,nr23=[1,3],kv=1024,nb=75,mask=0,sinks=0,max_bias=0.000000,logit_softcap=0.000000,prec=f32,type_K=q8_0,type_V=q8_0,permute=[0,1,2,3]): [1;32mOK[0m
  FLASH_ATTN_EXT(hsk=64,hsv=64,nh=4,nr23=[1,3],kv=1024,nb=75,mask=0,sinks=0,max_bias=0.000000,logit_softcap=0.000000,prec=f32,type_K=q5_1,type_V=q5_1,permute=[0,1,2,3]): not supported [ROCm0] 
  FLASH_ATTN_EXT(hsk=64,hsv=64,nh=4,nr23=[1,3],kv=1024,nb=75,mask=0,sinks=0,max_bias=0.000000,logit_softcap=0.000000,prec=f32,type_K=q5_0,type_V=q5_0,permute=[0,1,2,3]): not supported [ROCm0] 
  FLASH_ATTN_EXT(hsk=64,hsv=64,nh=4,nr23=[1,3],kv=1024,nb=75,mask=0,sinks=0,max_bias=0.000000,logit_softcap=0.000000,prec=f32,type_K=q4_1,type_V=q4_1,permute=[0,1,2,3]): not supported [ROCm0] 
  FLASH_ATTN_EXT(hsk=64,hsv=64,nh=4,nr23=[1,3],kv=1024,nb=75,mask=0,sinks=0,max_bias=0.000000,logit_softcap=0.000000,prec=f32,type_K=q4_0,type_V=q4_0,permute=[0,1,2,3]): [1;32mOK[0m
  FLASH_ATTN_EXT(hsk=64,hsv=64,nh=4,nr23=[1,3],kv=1024,nb=75,mask=0,sinks=0,max_bias=0.000000,logit_softcap=0.000000,prec=f32,type_K=iq4_nl,type_V=iq4_nl,permute=[0,1,2,3]): not supported [ROCm0] 
  FLASH_ATTN_EXT(hsk=64,hsv=64,nh=4,nr23=[4,3],kv=512,nb=1,mask=0,sinks=0,max_bias=0.000000,logit_softcap=0.000000,prec=f32,type_K=f32,type_V=f32,permute=[0,1,2,3]): [1;32mOK[0m
  FLASH_ATTN_EXT(hsk=64,hsv=64,nh=4,nr23=[4,3],kv=512,nb=1,mask=0,sinks=0,max_bias=0.000000,logit_softcap=0.000000,prec=f32,type_K=f16,type_V=f16,permute=[0,1,2,3]): [1;32mOK[0m
  FLASH_ATTN_EXT(hsk=64,hsv=64,nh=4,nr23=[4,3],kv=512,nb=1,mask=0,sinks=0,max_bias=0.000000,logit_softcap=0.000000,prec=f32,type_K=bf16,type_V=bf16,permute=[0,1,2,3]): [1;32mOK[0m
  FLASH_ATTN_EXT(hsk=64,hsv=64,nh=4,nr23=[4,3],kv=512,nb=1,mask=0,sinks=0,max_bias=0.000000,logit_softcap=0.000000,prec=f32,type_K=q8_0,type_V=q8_0,permute=[0,1,2,3]): [1;32mOK[0m
  FLASH_ATTN_EXT(hsk=64,hsv=64,nh=4,nr23=[4,3],kv=512,nb=1,mask=0,sinks=0,max_bias=0.000000,logit_softcap=0.000000,prec=f32,type_K=q5_1,type_V=q5_1,permute=[0,1,2,3]): not supported [ROCm0] 
  FLASH_ATTN_EXT(hsk=64,hsv=64,nh=4,nr23=[4,3],kv=512,nb=1,mask=0,sinks=0,max_bias=0.000000,logit_softcap=0.000000,prec=f32,type_K=q5_0,type_V=q5_0,permute=[0,1,2,3]): not supported [ROCm0] 
  FLASH_ATTN_EXT(hsk=64,hsv=64,nh=4,nr23=[4,3],kv=512,nb=1,mask=0,sinks=0,max_bias=0.000000,logit_softcap=0.000000,prec=f32,type_K=q4_1,type_V=q4_1,permute=[0,1,2,3]): not supported [ROCm0] 
  FLASH_ATTN_EXT(hsk=64,hsv=64,nh=4,nr23=[4,3],kv=512,nb=1,mask=0,sinks=0,max_bias=0.000000,logit_softcap=0.000000,prec=f32,type_K=q4_0,type_V=q4_0,permute=[0,1,2,3]): [1;32mOK[0m
  FLASH_ATTN_EXT(hsk=64,hsv=64,nh=4,nr23=[4,3],kv=512,nb=1,mask=0,sinks=0,max_bias=0.000000,logit_softcap=0.000000,prec=f32,type_K=iq4_nl,type_V=iq4_nl,permute=[0,1,2,3]): not supported [ROCm0] 
  FLASH_ATTN_EXT(hsk=64,hsv=64,nh=4,nr23=[4,3],kv=512,nb=3,mask=0,sinks=0,max_bias=0.000000,logit_softcap=0.000000,prec=f32,type_K=f32,type_V=f32,permute=[0,1,2,3]): [1;32mOK[0m
  FLASH_ATTN_EXT(hsk=64,hsv=64,nh=4,nr23=[4,3],kv=512,nb=3,mask=0,sinks=0,max_bias=0.000000,logit_softcap=0.000000,prec=f32,type_K=f16,type_V=f16,permute=[0,1,2,3]): [1;32mOK[0m
  FLASH_ATTN_EXT(hsk=64,hsv=64,nh=4,nr23=[4,3],kv=512,nb=3,mask=0,sinks=0,max_bias=0.000000,logit_softcap=0.000000,prec=f32,type_K=bf16,type_V=bf16,permute=[0,1,2,3]): [1;32mOK[0m
  FLASH_ATTN_EXT(hsk=64,hsv=64,nh=4,nr23=[4,3],kv=512,nb=3,mask=0,sinks=0,max_bias=0.000000,logit_softcap=0.000000,prec=f32,type_K=q8_0,type_V=q8_0,permute=[0,1,2,3]): [1;32mOK[0m
  FLASH_ATTN_EXT(hsk=64,hsv=64,nh=4,nr23=[4,3],kv=512,nb=3,mask=0,sinks=0,max_bias=0.000000,logit_softcap=0.000000,prec=f32,type_K=q5_1,type_V=q5_1,permute=[0,1,2,3]): not supported [ROCm0] 
  FLASH_ATTN_EXT(hsk=64,hsv=64,nh=4,nr23=[4,3],kv=512,nb=3,mask=0,sinks=0,max_bias=0.000000,logit_softcap=0.000000,prec=f32,type_K=q5_0,type_V=q5_0,permute=[0,1,2,3]): not supported [ROCm0] 
  FLASH_ATTN_EXT(hsk=64,hsv=64,nh=4,nr23=[4,3],kv=512,nb=3,mask=0,sinks=0,max_bias=0.000000,logit_softcap=0.000000,prec=f32,type_K=q4_1,type_V=q4_1,permute=[0,1,2,3]): not supported [ROCm0] 
  FLASH_ATTN_EXT(hsk=64,hsv=64,nh=4,nr23=[4,3],kv=512,nb=3,mask=0,sinks=0,max_bias=0.000000,logit_softcap=0.000000,prec=f32,type_K=q4_0,type_V=q4_0,permute=[0,1,2,3]): [1;32mOK[0m
  FLASH_ATTN_EXT(hsk=64,hsv=64,nh=4,nr23=[4,3],kv=512,nb=3,mask=0,sinks=0,max_bias=0.000000,logit_softcap=0.000000,prec=f32,type_K=iq4_nl,type_V=iq4_nl,permute=[0,1,2,3]): not supported [ROCm0] 
  FLASH_ATTN_EXT(hsk=64,hsv=64,nh=4,nr23=[4,3],kv=512,nb=32,mask=0,sinks=0,max_bias=0.000000,logit_softcap=0.000000,prec=f32,type_K=f32,type_V=f32,permute=[0,1,2,3]): [1;32mOK[0m
  FLASH_ATTN_EXT(hsk=64,hsv=64,nh=4,nr23=[4,3],kv=512,nb=32,mask=0,sinks=0,max_bias=0.000000,logit_softcap=0.000000,prec=f32,type_K=f16,type_V=f16,permute=[0,1,2,3]): [1;32mOK[0m
  FLASH_ATTN_EXT(hsk=64,hsv=64,nh=4,nr23=[4,3],kv=512,nb=32,mask=0,sinks=0,max_bias=0.000000,logit_softcap=0.000000,prec=f32,type_K=bf16,type_V=bf16,permute=[0,1,2,3]): [1;32mOK[0m
  FLASH_ATTN_EXT(hsk=64,hsv=64,nh=4,nr23=[4,3],kv=512,nb=32,mask=0,sinks=0,max_bias=0.000000,logit_softcap=0.000000,prec=f32,type_K=q8_0,type_V=q8_0,permute=[0,1,2,3]): [1;32mOK[0m
  FLASH_ATTN_EXT(hsk=64,hsv=64,nh=4,nr23=[4,3],kv=512,nb=32,mask=0,sinks=0,max_bias=0.000000,logit_softcap=0.000000,prec=f32,type_K=q5_1,type_V=q5_1,permute=[0,1,2,3]): not supported [ROCm0] 
  FLASH_ATTN_EXT(hsk=64,hsv=64,nh=4,nr23=[4,3],kv=512,nb=32,mask=0,sinks=0,max_bias=0.000000,logit_softcap=0.000000,prec=f32,type_K=q5_0,type_V=q5_0,permute=[0,1,2,3]): not supported [ROCm0] 
  FLASH_ATTN_EXT(hsk=64,hsv=64,nh=4,nr23=[4,3],kv=512,nb=32,mask=0,sinks=0,max_bias=0.000000,logit_softcap=0.000000,prec=f32,type_K=q4_1,type_V=q4_1,permute=[0,1,2,3]): not supported [ROCm0] 
  FLASH_ATTN_EXT(hsk=64,hsv=64,nh=4,nr23=[4,3],kv=512,nb=32,mask=0,sinks=0,max_bias=0.000000,logit_softcap=0.000000,prec=f32,type_K=q4_0,type_V=q4_0,permute=[0,1,2,3]): [1;32mOK[0m
  FLASH_ATTN_EXT(hsk=64,hsv=64,nh=4,nr23=[4,3],kv=512,nb=32,mask=0,sinks=0,max_bias=0.000000,logit_softcap=0.000000,prec=f32,type_K=iq4_nl,type_V=iq4_nl,permute=[0,1,2,3]): not supported [ROCm0] 
  FLASH_ATTN_EXT(hsk=64,hsv=64,nh=4,nr23=[4,3],kv=512,nb=75,mask=0,sinks=0,max_bias=0.000000,logit_softcap=0.000000,prec=f32,type_K=f32,type_V=f32,permute=[0,1,2,3]): [1;32mOK[0m
  FLASH_ATTN_EXT(hsk=64,hsv=64,nh=4,nr23=[4,3],kv=512,nb=75,mask=0,sinks=0,max_bias=0.000000,logit_softcap=0.000000,prec=f32,type_K=f16,type_V=f16,permute=[0,1,2,3]): [1;32mOK[0m
  FLASH_ATTN_EXT(hsk=64,hsv=64,nh=4,nr23=[4,3],kv=512,nb=75,mask=0,sinks=0,max_bias=0.000000,logit_softcap=0.000000,prec=f32,type_K=bf16,type_V=bf16,permute=[0,1,2,3]): [1;32mOK[0m
  FLASH_ATTN_EXT(hsk=64,hsv=64,nh=4,nr23=[4,3],kv=512,nb=75,mask=0,sinks=0,max_bias=0.000000,logit_softcap=0.000000,prec=f32,type_K=q8_0,type_V=q8_0,permute=[0,1,2,3]): [1;32mOK[0m
  FLASH_ATTN_EXT(hsk=64,hsv=64,nh=4,nr23=[4,3],kv=512,nb=75,mask=0,sinks=0,max_bias=0.000000,logit_softcap=0.000000,prec=f32,type_K=q5_1,type_V=q5_1,permute=[0,1,2,3]): not supported [ROCm0] 
  FLASH_ATTN_EXT(hsk=64,hsv=64,nh=4,nr23=[4,3],kv=512,nb=75,mask=0,sinks=0,max_bias=0.000000,logit_softcap=0.000000,prec=f32,type_K=q5_0,type_V=q5_0,permute=[0,1,2,3]): not supported [ROCm0] 
  FLASH_ATTN_EXT(hsk=64,hsv=64,nh=4,nr23=[4,3],kv=512,nb=75,mask=0,sinks=0,max_bias=0.000000,logit_softcap=0.000000,prec=f32,type_K=q4_1,type_V=q4_1,permute=[0,1,2,3]): not supported [ROCm0] 
  FLASH_ATTN_EXT(hsk=64,hsv=64,nh=4,nr23=[4,3],kv=512,nb=75,mask=0,sinks=0,max_bias=0.000000,logit_softcap=0.000000,prec=f32,type_K=q4_0,type_V=q4_0,permute=[0,1,2,3]): [1;32mOK[0m
  FLASH_ATTN_EXT(hsk=64,hsv=64,nh=4,nr23=[4,3],kv=512,nb=75,mask=0,sinks=0,max_bias=0.000000,logit_softcap=0.000000,prec=f32,type_K=iq4_nl,type_V=iq4_nl,permute=[0,1,2,3]): not supported [ROCm0] 
  FLASH_ATTN_EXT(hsk=72,hsv=72,nh=4,nr23=[1,1],kv=113,nb=1,mask=1,sinks=1,max_bias=0.000000,logit_softcap=0.000000,prec=f32,type_K=f32,type_V=f32,permute=[0,1,2,3]): [1;32mOK[0m
  FLASH_ATTN_EXT(hsk=72,hsv=72,nh=4,nr23=[1,1],kv=113,nb=1,mask=1,sinks=1,max_bias=0.000000,logit_softcap=0.000000,prec=f32,type_K=f16,type_V=f16,permute=[0,1,2,3]): [1;32mOK[0m
  FLASH_ATTN_EXT(hsk=72,hsv=72,nh=4,nr23=[1,1],kv=113,nb=1,mask=1,sinks=1,max_bias=0.000000,logit_softcap=0.000000,prec=f32,type_K=bf16,type_V=bf16,permute=[0,1,2,3]): [1;32mOK[0m
  FLASH_ATTN_EXT(hsk=72,hsv=72,nh=4,nr23=[1,1],kv=113,nb=1,mask=1,sinks=1,max_bias=0.000000,logit_softcap=0.000000,prec=f32,type_K=q8_0,type_V=q8_0,permute=[0,1,2,3]): [1;32mOK[0m
  FLASH_ATTN_EXT(hsk=72,hsv=72,nh=4,nr23=[1,1],kv=113,nb=1,mask=1,sinks=1,max_bias=0.000000,logit_softcap=0.000000,prec=f32,type_K=q5_1,type_V=q5_1,permute=[0,1,2,3]): not supported [ROCm0] 
  FLASH_ATTN_EXT(hsk=72,hsv=72,nh=4,nr23=[1,1],kv=113,nb=1,mask=1,sinks=1,max_bias=0.000000,logit_softcap=0.000000,prec=f32,type_K=q5_0,type_V=q5_0,permute=[0,1,2,3]): not supported [ROCm0] 
  FLASH_ATTN_EXT(hsk=72,hsv=72,nh=4,nr23=[1,1],kv=113,nb=1,mask=1,sinks=1,max_bias=0.000000,logit_softcap=0.000000,prec=f32,type_K=q4_1,type_V=q4_1,permute=[0,1,2,3]): not supported [ROCm0] 
  FLASH_ATTN_EXT(hsk=72,hsv=72,nh=4,nr23=[1,1],kv=113,nb=1,mask=1,sinks=1,max_bias=0.000000,logit_softcap=0.000000,prec=f32,type_K=q4_0,type_V=q4_0,permute=[0,1,2,3]): [1;32mOK[0m
  FLASH_ATTN_EXT(hsk=72,hsv=72,nh=4,nr23=[1,1],kv=113,nb=1,mask=1,sinks=1,max_bias=0.000000,logit_softcap=0.000000,prec=f32,type_K=iq4_nl,type_V=iq4_nl,permute=[0,1,2,3]): not supported [ROCm0] 
  FLASH_ATTN_EXT(hsk=72,hsv=72,nh=4,nr23=[1,1],kv=113,nb=3,mask=1,sinks=1,max_bias=0.000000,logit_softcap=0.000000,prec=f32,type_K=f32,type_V=f32,permute=[0,1,2,3]): [1;32mOK[0m
  FLASH_ATTN_EXT(hsk=72,hsv=72,nh=4,nr23=[1,1],kv=113,nb=3,mask=1,sinks=1,max_bias=0.000000,logit_softcap=0.000000,prec=f32,type_K=f16,type_V=f16,permute=[0,1,2,3]): [1;32mOK[0m
  FLASH_ATTN_EXT(hsk=72,hsv=72,nh=4,nr23=[1,1],kv=113,nb=3,mask=1,sinks=1,max_bias=0.000000,logit_softcap=0.000000,prec=f32,type_K=bf16,type_V=bf16,permute=[0,1,2,3]): [1;32mOK[0m
  FLASH_ATTN_EXT(hsk=72,hsv=72,nh=4,nr23=[1,1],kv=113,nb=3,mask=1,sinks=1,max_bias=0.000000,logit_softcap=0.000000,prec=f32,type_K=q8_0,type_V=q8_0,permute=[0,1,2,3]): [1;32mOK[0m
  FLASH_ATTN_EXT(hsk=72,hsv=72,nh=4,nr23=[1,1],kv=113,nb=3,mask=1,sinks=1,max_bias=0.000000,logit_softcap=0.000000,prec=f32,type_K=q5_1,type_V=q5_1,permute=[0,1,2,3]): not supported [ROCm0] 
  FLASH_ATTN_EXT(hsk=72,hsv=72,nh=4,nr23=[1,1],kv=113,nb=3,mask=1,sinks=1,max_bias=0.000000,logit_softcap=0.000000,prec=f32,type_K=q5_0,type_V=q5_0,permute=[0,1,2,3]): not supported [ROCm0] 
  FLASH_ATTN_EXT(hsk=72,hsv=72,nh=4,nr23=[1,1],kv=113,nb=3,mask=1,sinks=1,max_bias=0.000000,logit_softcap=0.000000,prec=f32,type_K=q4_1,type_V=q4_1,permute=[0,1,2,3]): not supported [ROCm0] 
  FLASH_ATTN_EXT(hsk=72,hsv=72,nh=4,nr23=[1,1],kv=113,nb=3,mask=1,sinks=1,max_bias=0.000000,logit_softcap=0.000000,prec=f32,type_K=q4_0,type_V=q4_0,permute=[0,1,2,3]): [1;32mOK[0m
  FLASH_ATTN_EXT(hsk=72,hsv=72,nh=4,nr23=[1,1],kv=113,nb=3,mask=1,sinks=1,max_bias=0.000000,logit_softcap=0.000000,prec=f32,type_K=iq4_nl,type_V=iq4_nl,permute=[0,1,2,3]): not supported [ROCm0] 
  FLASH_ATTN_EXT(hsk=72,hsv=72,nh=4,nr23=[1,1],kv=113,nb=32,mask=1,sinks=1,max_bias=0.000000,logit_softcap=0.000000,prec=f32,type_K=f32,type_V=f32,permute=[0,1,2,3]): [1;32mOK[0m
  FLASH_ATTN_EXT(hsk=72,hsv=72,nh=4,nr23=[1,1],kv=113,nb=32,mask=1,sinks=1,max_bias=0.000000,logit_softcap=0.000000,prec=f32,type_K=f16,type_V=f16,permute=[0,1,2,3]): [1;32mOK[0m
  FLASH_ATTN_EXT(hsk=72,hsv=72,nh=4,nr23=[1,1],kv=113,nb=32,mask=1,sinks=1,max_bias=0.000000,logit_softcap=0.000000,prec=f32,type_K=bf16,type_V=bf16,permute=[0,1,2,3]): [1;32mOK[0m
  FLASH_ATTN_EXT(hsk=72,hsv=72,nh=4,nr23=[1,1],kv=113,nb=32,mask=1,sinks=1,max_bias=0.000000,logit_softcap=0.000000,prec=f32,type_K=q8_0,type_V=q8_0,permute=[0,1,2,3]): [1;32mOK[0m
  FLASH_ATTN_EXT(hsk=72,hsv=72,nh=4,nr23=[1,1],kv=113,nb=32,mask=1,sinks=1,max_bias=0.000000,logit_softcap=0.000000,prec=f32,type_K=q5_1,type_V=q5_1,permute=[0,1,2,3]): not supported [ROCm0] 
  FLASH_ATTN_EXT(hsk=72,hsv=72,nh=4,nr23=[1,1],kv=113,nb=32,mask=1,sinks=1,max_bias=0.000000,logit_softcap=0.000000,prec=f32,type_K=q5_0,type_V=q5_0,permute=[0,1,2,3]): not supported [ROCm0] 
  FLASH_ATTN_EXT(hsk=72,hsv=72,nh=4,nr23=[1,1],kv=113,nb=32,mask=1,sinks=1,max_bias=0.000000,logit_softcap=0.000000,prec=f32,type_K=q4_1,type_V=q4_1,permute=[0,1,2,3]): not supported [ROCm0] 
  FLASH_ATTN_EXT(hsk=72,hsv=72,nh=4,nr23=[1,1],kv=113,nb=32,mask=1,sinks=1,max_bias=0.000000,logit_softcap=0.000000,prec=f32,type_K=q4_0,type_V=q4_0,permute=[0,1,2,3]): [1;32mOK[0m
  FLASH_ATTN_EXT(hsk=72,hsv=72,nh=4,nr23=[1,1],kv=113,nb=32,mask=1,sinks=1,max_bias=0.000000,logit_softcap=0.000000,prec=f32,type_K=iq4_nl,type_V=iq4_nl,permute=[0,1,2,3]): not supported [ROCm0] 
  FLASH_ATTN_EXT(hsk=72,hsv=72,nh=4,nr23=[1,1],kv=113,nb=75,mask=1,sinks=1,max_bias=0.000000,logit_softcap=0.000000,prec=f32,type_K=f32,type_V=f32,permute=[0,1,2,3]): [1;32mOK[0m
  FLASH_ATTN_EXT(hsk=72,hsv=72,nh=4,nr23=[1,1],kv=113,nb=75,mask=1,sinks=1,max_bias=0.000000,logit_softcap=0.000000,prec=f32,type_K=f16,type_V=f16,permute=[0,1,2,3]): [1;32mOK[0m
  FLASH_ATTN_EXT(hsk=72,hsv=72,nh=4,nr23=[1,1],kv=113,nb=75,mask=1,sinks=1,max_bias=0.000000,logit_softcap=0.000000,prec=f32,type_K=bf16,type_V=bf16,permute=[0,1,2,3]): [1;32mOK[0m
  FLASH_ATTN_EXT(hsk=72,hsv=72,nh=4,nr23=[1,1],kv=113,nb=75,mask=1,sinks=1,max_bias=0.000000,logit_softcap=0.000000,prec=f32,type_K=q8_0,type_V=q8_0,permute=[0,1,2,3]): [1;32mOK[0m
  FLASH_ATTN_EXT(hsk=72,hsv=72,nh=4,nr23=[1,1],kv=113,nb=75,mask=1,sinks=1,max_bias=0.000000,logit_softcap=0.000000,prec=f32,type_K=q5_1,type_V=q5_1,permute=[0,1,2,3]): not supported [ROCm0] 
  FLASH_ATTN_EXT(hsk=72,hsv=72,nh=4,nr23=[1,1],kv=113,nb=75,mask=1,sinks=1,max_bias=0.000000,logit_softcap=0.000000,prec=f32,type_K=q5_0,type_V=q5_0,permute=[0,1,2,3]): not supported [ROCm0] 
  FLASH_ATTN_EXT(hsk=72,hsv=72,nh=4,nr23=[1,1],kv=113,nb=75,mask=1,sinks=1,max_bias=0.000000,logit_softcap=0.000000,prec=f32,type_K=q4_1,type_V=q4_1,permute=[0,1,2,3]): not supported [ROCm0] 
  FLASH_ATTN_EXT(hsk=72,hsv=72,nh=4,nr23=[1,1],kv=113,nb=75,mask=1,sinks=1,max_bias=0.000000,logit_softcap=0.000000,prec=f32,type_K=q4_0,type_V=q4_0,permute=[0,1,2,3]): [1;32mOK[0m
  FLASH_ATTN_EXT(hsk=72,hsv=72,nh=4,nr23=[1,1],kv=113,nb=75,mask=1,sinks=1,max_bias=0.000000,logit_softcap=0.000000,prec=f32,type_K=iq4_nl,type_V=iq4_nl,permute=[0,1,2,3]): not supported [ROCm0] 
  FLASH_ATTN_EXT(hsk=72,hsv=72,nh=4,nr23=[1,1],kv=512,nb=1,mask=1,sinks=1,max_bias=0.000000,logit_softcap=0.000000,prec=f32,type_K=f32,type_V=f32,permute=[0,1,2,3]): [1;32mOK[0m
  FLASH_ATTN_EXT(hsk=72,hsv=72,nh=4,nr23=[1,1],kv=512,nb=1,mask=1,sinks=1,max_bias=0.000000,logit_softcap=0.000000,prec=f32,type_K=f32,type_V=f32,permute=[0,2,1,3]): [1;32mOK[0m
  FLASH_ATTN_EXT(hsk=72,hsv=72,nh=4,nr23=[1,1],kv=512,nb=1,mask=1,sinks=1,max_bias=0.000000,logit_softcap=0.000000,prec=f32,type_K=f16,type_V=f16,permute=[0,1,2,3]): [1;32mOK[0m
  FLASH_ATTN_EXT(hsk=72,hsv=72,nh=4,nr23=[1,1],kv=512,nb=1,mask=1,sinks=1,max_bias=0.000000,logit_softcap=0.000000,prec=f32,type_K=f16,type_V=f16,permute=[0,2,1,3]): [1;32mOK[0m
  FLASH_ATTN_EXT(hsk=72,hsv=72,nh=4,nr23=[1,1],kv=512,nb=1,mask=1,sinks=1,max_bias=0.000000,logit_softcap=0.000000,prec=f32,type_K=bf16,type_V=bf16,permute=[0,1,2,3]): [1;32mOK[0m
  FLASH_ATTN_EXT(hsk=72,hsv=72,nh=4,nr23=[1,1],kv=512,nb=1,mask=1,sinks=1,max_bias=0.000000,logit_softcap=0.000000,prec=f32,type_K=bf16,type_V=bf16,permute=[0,2,1,3]): [1;32mOK[0m
  FLASH_ATTN_EXT(hsk=72,hsv=72,nh=4,nr23=[1,1],kv=512,nb=1,mask=1,sinks=1,max_bias=0.000000,logit_softcap=0.000000,prec=f32,type_K=q8_0,type_V=q8_0,permute=[0,1,2,3]): [1;32mOK[0m
  FLASH_ATTN_EXT(hsk=72,hsv=72,nh=4,nr23=[1,1],kv=512,nb=1,mask=1,sinks=1,max_bias=0.000000,logit_softcap=0.000000,prec=f32,type_K=q8_0,type_V=q8_0,permute=[0,2,1,3]): [1;32mOK[0m
  FLASH_ATTN_EXT(hsk=72,hsv=72,nh=4,nr23=[1,1],kv=512,nb=1,mask=1,sinks=1,max_bias=0.000000,logit_softcap=0.000000,prec=f32,type_K=q5_1,type_V=q5_1,permute=[0,1,2,3]): not supported [ROCm0] 
  FLASH_ATTN_EXT(hsk=72,hsv=72,nh=4,nr23=[1,1],kv=512,nb=1,mask=1,sinks=1,max_bias=0.000000,logit_softcap=0.000000,prec=f32,type_K=q5_1,type_V=q5_1,permute=[0,2,1,3]): not supported [ROCm0] 
  FLASH_ATTN_EXT(hsk=72,hsv=72,nh=4,nr23=[1,1],kv=512,nb=1,mask=1,sinks=1,max_bias=0.000000,logit_softcap=0.000000,prec=f32,type_K=q5_0,type_V=q5_0,permute=[0,1,2,3]): not supported [ROCm0] 
  FLASH_ATTN_EXT(hsk=72,hsv=72,nh=4,nr23=[1,1],kv=512,nb=1,mask=1,sinks=1,max_bias=0.000000,logit_softcap=0.000000,prec=f32,type_K=q5_0,type_V=q5_0,permute=[0,2,1,3]): not supported [ROCm0] 
  FLASH_ATTN_EXT(hsk=72,hsv=72,nh=4,nr23=[1,1],kv=512,nb=1,mask=1,sinks=1,max_bias=0.000000,logit_softcap=0.000000,prec=f32,type_K=q4_1,type_V=q4_1,permute=[0,1,2,3]): not supported [ROCm0] 
  FLASH_ATTN_EXT(hsk=72,hsv=72,nh=4,nr23=[1,1],kv=512,nb=1,mask=1,sinks=1,max_bias=0.000000,logit_softcap=0.000000,prec=f32,type_K=q4_1,type_V=q4_1,permute=[0,2,1,3]): not supported [ROCm0] 
  FLASH_ATTN_EXT(hsk=72,hsv=72,nh=4,nr23=[1,1],kv=512,nb=1,mask=1,sinks=1,max_bias=0.000000,logit_softcap=0.000000,prec=f32,type_K=q4_0,type_V=q4_0,permute=[0,1,2,3]): [1;32mOK[0m
  FLASH_ATTN_EXT(hsk=72,hsv=72,nh=4,nr23=[1,1],kv=512,nb=1,mask=1,sinks=1,max_bias=0.000000,logit_softcap=0.000000,prec=f32,type_K=q4_0,type_V=q4_0,permute=[0,2,1,3]): [1;32mOK[0m
  FLASH_ATTN_EXT(hsk=72,hsv=72,nh=4,nr23=[1,1],kv=512,nb=1,mask=1,sinks=1,max_bias=0.000000,logit_softcap=0.000000,prec=f32,type_K=iq4_nl,type_V=iq4_nl,permute=[0,1,2,3]): not supported [ROCm0] 
  FLASH_ATTN_EXT(hsk=72,hsv=72,nh=4,nr23=[1,1],kv=512,nb=1,mask=1,sinks=1,max_bias=0.000000,logit_softcap=0.000000,prec=f32,type_K=iq4_nl,type_V=iq4_nl,permute=[0,2,1,3]): not supported [ROCm0] 
  FLASH_ATTN_EXT(hsk=72,hsv=72,nh=4,nr23=[1,1],kv=512,nb=3,mask=1,sinks=1,max_bias=0.000000,logit_softcap=0.000000,prec=f32,type_K=f32,type_V=f32,permute=[0,1,2,3]): [1;32mOK[0m
  FLASH_ATTN_EXT(hsk=72,hsv=72,nh=4,nr23=[1,1],kv=512,nb=3,mask=1,sinks=1,max_bias=0.000000,logit_softcap=0.000000,prec=f32,type_K=f32,type_V=f32,permute=[0,2,1,3]): [1;32mOK[0m
  FLASH_ATTN_EXT(hsk=72,hsv=72,nh=4,nr23=[1,1],kv=512,nb=3,mask=1,sinks=1,max_bias=0.000000,logit_softcap=0.000000,prec=f32,type_K=f16,type_V=f16,permute=[0,1,2,3]): [1;32mOK[0m
  FLASH_ATTN_EXT(hsk=72,hsv=72,nh=4,nr23=[1,1],kv=512,nb=3,mask=1,sinks=1,max_bias=0.000000,logit_softcap=0.000000,prec=f32,type_K=f16,type_V=f16,permute=[0,2,1,3]): ggml_backend_cuda_graph_compute: CUDA graph warmup complete
ggml_backend_cuda_graph_compute: CUDA graph warmup complete
[1;32mOK[0m
  FLASH_ATTN_EXT(hsk=72,hsv=72,nh=4,nr23=[1,1],kv=512,nb=3,mask=1,sinks=1,max_bias=0.000000,logit_softcap=0.000000,prec=f32,type_K=bf16,type_V=bf16,permute=[0,1,2,3]): [1;32mOK[0m
  FLASH_ATTN_EXT(hsk=72,hsv=72,nh=4,nr23=[1,1],kv=512,nb=3,mask=1,sinks=1,max_bias=0.000000,logit_softcap=0.000000,prec=f32,type_K=bf16,type_V=bf16,permute=[0,2,1,3]): ggml_backend_cuda_graph_compute: CUDA graph warmup reset
ggml_backend_cuda_graph_compute: CUDA graph warmup reset
[1;32mOK[0m
  FLASH_ATTN_EXT(hsk=72,hsv=72,nh=4,nr23=[1,1],kv=512,nb=3,mask=1,sinks=1,max_bias=0.000000,logit_softcap=0.000000,prec=f32,type_K=q8_0,type_V=q8_0,permute=[0,1,2,3]): [1;32mOK[0m
  FLASH_ATTN_EXT(hsk=72,hsv=72,nh=4,nr23=[1,1],kv=512,nb=3,mask=1,sinks=1,max_bias=0.000000,logit_softcap=0.000000,prec=f32,type_K=q8_0,type_V=q8_0,permute=[0,2,1,3]): [1;32mOK[0m
  FLASH_ATTN_EXT(hsk=72,hsv=72,nh=4,nr23=[1,1],kv=512,nb=3,mask=1,sinks=1,max_bias=0.000000,logit_softcap=0.000000,prec=f32,type_K=q5_1,type_V=q5_1,permute=[0,1,2,3]): not supported [ROCm0] 
  FLASH_ATTN_EXT(hsk=72,hsv=72,nh=4,nr23=[1,1],kv=512,nb=3,mask=1,sinks=1,max_bias=0.000000,logit_softcap=0.000000,prec=f32,type_K=q5_1,type_V=q5_1,permute=[0,2,1,3]): not supported [ROCm0] 
  FLASH_ATTN_EXT(hsk=72,hsv=72,nh=4,nr23=[1,1],kv=512,nb=3,mask=1,sinks=1,max_bias=0.000000,logit_softcap=0.000000,prec=f32,type_K=q5_0,type_V=q5_0,permute=[0,1,2,3]): not supported [ROCm0] 
  FLASH_ATTN_EXT(hsk=72,hsv=72,nh=4,nr23=[1,1],kv=512,nb=3,mask=1,sinks=1,max_bias=0.000000,logit_softcap=0.000000,prec=f32,type_K=q5_0,type_V=q5_0,permute=[0,2,1,3]): not supported [ROCm0] 
  FLASH_ATTN_EXT(hsk=72,hsv=72,nh=4,nr23=[1,1],kv=512,nb=3,mask=1,sinks=1,max_bias=0.000000,logit_softcap=0.000000,prec=f32,type_K=q4_1,type_V=q4_1,permute=[0,1,2,3]): not supported [ROCm0] 
  FLASH_ATTN_EXT(hsk=72,hsv=72,nh=4,nr23=[1,1],kv=512,nb=3,mask=1,sinks=1,max_bias=0.000000,logit_softcap=0.000000,prec=f32,type_K=q4_1,type_V=q4_1,permute=[0,2,1,3]): not supported [ROCm0] 
  FLASH_ATTN_EXT(hsk=72,hsv=72,nh=4,nr23=[1,1],kv=512,nb=3,mask=1,sinks=1,max_bias=0.000000,logit_softcap=0.000000,prec=f32,type_K=q4_0,type_V=q4_0,permute=[0,1,2,3]): [1;32mOK[0m
  FLASH_ATTN_EXT(hsk=72,hsv=72,nh=4,nr23=[1,1],kv=512,nb=3,mask=1,sinks=1,max_bias=0.000000,logit_softcap=0.000000,prec=f32,type_K=q4_0,type_V=q4_0,permute=[0,2,1,3]): [1;32mOK[0m
  FLASH_ATTN_EXT(hsk=72,hsv=72,nh=4,nr23=[1,1],kv=512,nb=3,mask=1,sinks=1,max_bias=0.000000,logit_softcap=0.000000,prec=f32,type_K=iq4_nl,type_V=iq4_nl,permute=[0,1,2,3]): not supported [ROCm0] 
  FLASH_ATTN_EXT(hsk=72,hsv=72,nh=4,nr23=[1,1],kv=512,nb=3,mask=1,sinks=1,max_bias=0.000000,logit_softcap=0.000000,prec=f32,type_K=iq4_nl,type_V=iq4_nl,permute=[0,2,1,3]): not supported [ROCm0] 
  FLASH_ATTN_EXT(hsk=72,hsv=72,nh=4,nr23=[1,1],kv=512,nb=32,mask=1,sinks=1,max_bias=0.000000,logit_softcap=0.000000,prec=f32,type_K=f32,type_V=f32,permute=[0,1,2,3]): [1;32mOK[0m
  FLASH_ATTN_EXT(hsk=72,hsv=72,nh=4,nr23=[1,1],kv=512,nb=32,mask=1,sinks=1,max_bias=0.000000,logit_softcap=0.000000,prec=f32,type_K=f32,type_V=f32,permute=[0,2,1,3]): [1;32mOK[0m
  FLASH_ATTN_EXT(hsk=72,hsv=72,nh=4,nr23=[1,1],kv=512,nb=32,mask=1,sinks=1,max_bias=0.000000,logit_softcap=0.000000,prec=f32,type_K=f16,type_V=f16,permute=[0,1,2,3]): [1;32mOK[0m
  FLASH_ATTN_EXT(hsk=72,hsv=72,nh=4,nr23=[1,1],kv=512,nb=32,mask=1,sinks=1,max_bias=0.000000,logit_softcap=0.000000,prec=f32,type_K=f16,type_V=f16,permute=[0,2,1,3]): ggml_backend_cuda_graph_compute: CUDA graph warmup complete
ggml_backend_cuda_graph_compute: CUDA graph warmup complete
[1;32mOK[0m
  FLASH_ATTN_EXT(hsk=72,hsv=72,nh=4,nr23=[1,1],kv=512,nb=32,mask=1,sinks=1,max_bias=0.000000,logit_softcap=0.000000,prec=f32,type_K=bf16,type_V=bf16,permute=[0,1,2,3]): [1;32mOK[0m
  FLASH_ATTN_EXT(hsk=72,hsv=72,nh=4,nr23=[1,1],kv=512,nb=32,mask=1,sinks=1,max_bias=0.000000,logit_softcap=0.000000,prec=f32,type_K=bf16,type_V=bf16,permute=[0,2,1,3]): ggml_backend_cuda_graph_compute: CUDA graph warmup reset
ggml_backend_cuda_graph_compute: CUDA graph warmup reset
[1;32mOK[0m
  FLASH_ATTN_EXT(hsk=72,hsv=72,nh=4,nr23=[1,1],kv=512,nb=32,mask=1,sinks=1,max_bias=0.000000,logit_softcap=0.000000,prec=f32,type_K=q8_0,type_V=q8_0,permute=[0,1,2,3]): [1;32mOK[0m
  FLASH_ATTN_EXT(hsk=72,hsv=72,nh=4,nr23=[1,1],kv=512,nb=32,mask=1,sinks=1,max_bias=0.000000,logit_softcap=0.000000,prec=f32,type_K=q8_0,type_V=q8_0,permute=[0,2,1,3]): [1;32mOK[0m
  FLASH_ATTN_EXT(hsk=72,hsv=72,nh=4,nr23=[1,1],kv=512,nb=32,mask=1,sinks=1,max_bias=0.000000,logit_softcap=0.000000,prec=f32,type_K=q5_1,type_V=q5_1,permute=[0,1,2,3]): not supported [ROCm0] 
  FLASH_ATTN_EXT(hsk=72,hsv=72,nh=4,nr23=[1,1],kv=512,nb=32,mask=1,sinks=1,max_bias=0.000000,logit_softcap=0.000000,prec=f32,type_K=q5_1,type_V=q5_1,permute=[0,2,1,3]): not supported [ROCm0] 
  FLASH_ATTN_EXT(hsk=72,hsv=72,nh=4,nr23=[1,1],kv=512,nb=32,mask=1,sinks=1,max_bias=0.000000,logit_softcap=0.000000,prec=f32,type_K=q5_0,type_V=q5_0,permute=[0,1,2,3]): not supported [ROCm0] 
  FLASH_ATTN_EXT(hsk=72,hsv=72,nh=4,nr23=[1,1],kv=512,nb=32,mask=1,sinks=1,max_bias=0.000000,logit_softcap=0.000000,prec=f32,type_K=q5_0,type_V=q5_0,permute=[0,2,1,3]): not supported [ROCm0] 
  FLASH_ATTN_EXT(hsk=72,hsv=72,nh=4,nr23=[1,1],kv=512,nb=32,mask=1,sinks=1,max_bias=0.000000,logit_softcap=0.000000,prec=f32,type_K=q4_1,type_V=q4_1,permute=[0,1,2,3]): not supported [ROCm0] 
  FLASH_ATTN_EXT(hsk=72,hsv=72,nh=4,nr23=[1,1],kv=512,nb=32,mask=1,sinks=1,max_bias=0.000000,logit_softcap=0.000000,prec=f32,type_K=q4_1,type_V=q4_1,permute=[0,2,1,3]): not supported [ROCm0] 
  FLASH_ATTN_EXT(hsk=72,hsv=72,nh=4,nr23=[1,1],kv=512,nb=32,mask=1,sinks=1,max_bias=0.000000,logit_softcap=0.000000,prec=f32,type_K=q4_0,type_V=q4_0,permute=[0,1,2,3]): [1;32mOK[0m
  FLASH_ATTN_EXT(hsk=72,hsv=72,nh=4,nr23=[1,1],kv=512,nb=32,mask=1,sinks=1,max_bias=0.000000,logit_softcap=0.000000,prec=f32,type_K=q4_0,type_V=q4_0,permute=[0,2,1,3]): [1;32mOK[0m
  FLASH_ATTN_EXT(hsk=72,hsv=72,nh=4,nr23=[1,1],kv=512,nb=32,mask=1,sinks=1,max_bias=0.000000,logit_softcap=0.000000,prec=f32,type_K=iq4_nl,type_V=iq4_nl,permute=[0,1,2,3]): not supported [ROCm0] 
  FLASH_ATTN_EXT(hsk=72,hsv=72,nh=4,nr23=[1,1],kv=512,nb=32,mask=1,sinks=1,max_bias=0.000000,logit_softcap=0.000000,prec=f32,type_K=iq4_nl,type_V=iq4_nl,permute=[0,2,1,3]): not supported [ROCm0] 
  FLASH_ATTN_EXT(hsk=72,hsv=72,nh=4,nr23=[1,1],kv=512,nb=75,mask=1,sinks=1,max_bias=0.000000,logit_softcap=0.000000,prec=f32,type_K=f32,type_V=f32,permute=[0,1,2,3]): [1;32mOK[0m
  FLASH_ATTN_EXT(hsk=72,hsv=72,nh=4,nr23=[1,1],kv=512,nb=75,mask=1,sinks=1,max_bias=0.000000,logit_softcap=0.000000,prec=f32,type_K=f32,type_V=f32,permute=[0,2,1,3]): [1;32mOK[0m
  FLASH_ATTN_EXT(hsk=72,hsv=72,nh=4,nr23=[1,1],kv=512,nb=75,mask=1,sinks=1,max_bias=0.000000,logit_softcap=0.000000,prec=f32,type_K=f16,type_V=f16,permute=[0,1,2,3]): [1;32mOK[0m
  FLASH_ATTN_EXT(hsk=72,hsv=72,nh=4,nr23=[1,1],kv=512,nb=75,mask=1,sinks=1,max_bias=0.000000,logit_softcap=0.000000,prec=f32,type_K=f16,type_V=f16,permute=[0,2,1,3]): [1;32mOK[0m
  FLASH_ATTN_EXT(hsk=72,hsv=72,nh=4,nr23=[1,1],kv=512,nb=75,mask=1,sinks=1,max_bias=0.000000,logit_softcap=0.000000,prec=f32,type_K=bf16,type_V=bf16,permute=[0,1,2,3]): [1;32mOK[0m
  FLASH_ATTN_EXT(hsk=72,hsv=72,nh=4,nr23=[1,1],kv=512,nb=75,mask=1,sinks=1,max_bias=0.000000,logit_softcap=0.000000,prec=f32,type_K=bf16,type_V=bf16,permute=[0,2,1,3]): [1;32mOK[0m
  FLASH_ATTN_EXT(hsk=72,hsv=72,nh=4,nr23=[1,1],kv=512,nb=75,mask=1,sinks=1,max_bias=0.000000,logit_softcap=0.000000,prec=f32,type_K=q8_0,type_V=q8_0,permute=[0,1,2,3]): [1;32mOK[0m
  FLASH_ATTN_EXT(hsk=72,hsv=72,nh=4,nr23=[1,1],kv=512,nb=75,mask=1,sinks=1,max_bias=0.000000,logit_softcap=0.000000,prec=f32,type_K=q8_0,type_V=q8_0,permute=[0,2,1,3]): [1;32mOK[0m
  FLASH_ATTN_EXT(hsk=72,hsv=72,nh=4,nr23=[1,1],kv=512,nb=75,mask=1,sinks=1,max_bias=0.000000,logit_softcap=0.000000,prec=f32,type_K=q5_1,type_V=q5_1,permute=[0,1,2,3]): not supported [ROCm0] 
  FLASH_ATTN_EXT(hsk=72,hsv=72,nh=4,nr23=[1,1],kv=512,nb=75,mask=1,sinks=1,max_bias=0.000000,logit_softcap=0.000000,prec=f32,type_K=q5_1,type_V=q5_1,permute=[0,2,1,3]): not supported [ROCm0] 
  FLASH_ATTN_EXT(hsk=72,hsv=72,nh=4,nr23=[1,1],kv=512,nb=75,mask=1,sinks=1,max_bias=0.000000,logit_softcap=0.000000,prec=f32,type_K=q5_0,type_V=q5_0,permute=[0,1,2,3]): not supported [ROCm0] 
  FLASH_ATTN_EXT(hsk=72,hsv=72,nh=4,nr23=[1,1],kv=512,nb=75,mask=1,sinks=1,max_bias=0.000000,logit_softcap=0.000000,prec=f32,type_K=q5_0,type_V=q5_0,permute=[0,2,1,3]): not supported [ROCm0] 
  FLASH_ATTN_EXT(hsk=72,hsv=72,nh=4,nr23=[1,1],kv=512,nb=75,mask=1,sinks=1,max_bias=0.000000,logit_softcap=0.000000,prec=f32,type_K=q4_1,type_V=q4_1,permute=[0,1,2,3]): not supported [ROCm0] 
  FLASH_ATTN_EXT(hsk=72,hsv=72,nh=4,nr23=[1,1],kv=512,nb=75,mask=1,sinks=1,max_bias=0.000000,logit_softcap=0.000000,prec=f32,type_K=q4_1,type_V=q4_1,permute=[0,2,1,3]): not supported [ROCm0] 
  FLASH_ATTN_EXT(hsk=72,hsv=72,nh=4,nr23=[1,1],kv=512,nb=75,mask=1,sinks=1,max_bias=0.000000,logit_softcap=0.000000,prec=f32,type_K=q4_0,type_V=q4_0,permute=[0,1,2,3]): [1;32mOK[0m
  FLASH_ATTN_EXT(hsk=72,hsv=72,nh=4,nr23=[1,1],kv=512,nb=75,mask=1,sinks=1,max_bias=0.000000,logit_softcap=0.000000,prec=f32,type_K=q4_0,type_V=q4_0,permute=[0,2,1,3]): [1;32mOK[0m
  FLASH_ATTN_EXT(hsk=72,hsv=72,nh=4,nr23=[1,1],kv=512,nb=75,mask=1,sinks=1,max_bias=0.000000,logit_softcap=0.000000,prec=f32,type_K=iq4_nl,type_V=iq4_nl,permute=[0,1,2,3]): not supported [ROCm0] 
  FLASH_ATTN_EXT(hsk=72,hsv=72,nh=4,nr23=[1,1],kv=512,nb=75,mask=1,sinks=1,max_bias=0.000000,logit_softcap=0.000000,prec=f32,type_K=iq4_nl,type_V=iq4_nl,permute=[0,2,1,3]): not supported [ROCm0] 
  FLASH_ATTN_EXT(hsk=72,hsv=72,nh=4,nr23=[1,1],kv=1024,nb=1,mask=1,sinks=1,max_bias=0.000000,logit_softcap=0.000000,prec=f32,type_K=f32,type_V=f32,permute=[0,1,2,3]): [1;32mOK[0m
  FLASH_ATTN_EXT(hsk=72,hsv=72,nh=4,nr23=[1,1],kv=1024,nb=1,mask=1,sinks=1,max_bias=0.000000,logit_softcap=0.000000,prec=f32,type_K=f16,type_V=f16,permute=[0,1,2,3]): [1;32mOK[0m
  FLASH_ATTN_EXT(hsk=72,hsv=72,nh=4,nr23=[1,1],kv=1024,nb=1,mask=1,sinks=1,max_bias=0.000000,logit_softcap=0.000000,prec=f32,type_K=bf16,type_V=bf16,permute=[0,1,2,3]): [1;32mOK[0m
  FLASH_ATTN_EXT(hsk=72,hsv=72,nh=4,nr23=[1,1],kv=1024,nb=1,mask=1,sinks=1,max_bias=0.000000,logit_softcap=0.000000,prec=f32,type_K=q8_0,type_V=q8_0,permute=[0,1,2,3]): [1;32mOK[0m
  FLASH_ATTN_EXT(hsk=72,hsv=72,nh=4,nr23=[1,1],kv=1024,nb=1,mask=1,sinks=1,max_bias=0.000000,logit_softcap=0.000000,prec=f32,type_K=q5_1,type_V=q5_1,permute=[0,1,2,3]): not supported [ROCm0] 
  FLASH_ATTN_EXT(hsk=72,hsv=72,nh=4,nr23=[1,1],kv=1024,nb=1,mask=1,sinks=1,max_bias=0.000000,logit_softcap=0.000000,prec=f32,type_K=q5_0,type_V=q5_0,permute=[0,1,2,3]): not supported [ROCm0] 
  FLASH_ATTN_EXT(hsk=72,hsv=72,nh=4,nr23=[1,1],kv=1024,nb=1,mask=1,sinks=1,max_bias=0.000000,logit_softcap=0.000000,prec=f32,type_K=q4_1,type_V=q4_1,permute=[0,1,2,3]): not supported [ROCm0] 
  FLASH_ATTN_EXT(hsk=72,hsv=72,nh=4,nr23=[1,1],kv=1024,nb=1,mask=1,sinks=1,max_bias=0.000000,logit_softcap=0.000000,prec=f32,type_K=q4_0,type_V=q4_0,permute=[0,1,2,3]): [1;32mOK[0m
  FLASH_ATTN_EXT(hsk=72,hsv=72,nh=4,nr23=[1,1],kv=1024,nb=1,mask=1,sinks=1,max_bias=0.000000,logit_softcap=0.000000,prec=f32,type_K=iq4_nl,type_V=iq4_nl,permute=[0,1,2,3]): not supported [ROCm0] 
  FLASH_ATTN_EXT(hsk=72,hsv=72,nh=4,nr23=[1,1],kv=1024,nb=3,mask=1,sinks=1,max_bias=0.000000,logit_softcap=0.000000,prec=f32,type_K=f32,type_V=f32,permute=[0,1,2,3]): [1;32mOK[0m
  FLASH_ATTN_EXT(hsk=72,hsv=72,nh=4,nr23=[1,1],kv=1024,nb=3,mask=1,sinks=1,max_bias=0.000000,logit_softcap=0.000000,prec=f32,type_K=f16,type_V=f16,permute=[0,1,2,3]): [1;32mOK[0m
  FLASH_ATTN_EXT(hsk=72,hsv=72,nh=4,nr23=[1,1],kv=1024,nb=3,mask=1,sinks=1,max_bias=0.000000,logit_softcap=0.000000,prec=f32,type_K=bf16,type_V=bf16,permute=[0,1,2,3]): [1;32mOK[0m
  FLASH_ATTN_EXT(hsk=72,hsv=72,nh=4,nr23=[1,1],kv=1024,nb=3,mask=1,sinks=1,max_bias=0.000000,logit_softcap=0.000000,prec=f32,type_K=q8_0,type_V=q8_0,permute=[0,1,2,3]): [1;32mOK[0m
  FLASH_ATTN_EXT(hsk=72,hsv=72,nh=4,nr23=[1,1],kv=1024,nb=3,mask=1,sinks=1,max_bias=0.000000,logit_softcap=0.000000,prec=f32,type_K=q5_1,type_V=q5_1,permute=[0,1,2,3]): not supported [ROCm0] 
  FLASH_ATTN_EXT(hsk=72,hsv=72,nh=4,nr23=[1,1],kv=1024,nb=3,mask=1,sinks=1,max_bias=0.000000,logit_softcap=0.000000,prec=f32,type_K=q5_0,type_V=q5_0,permute=[0,1,2,3]): not supported [ROCm0] 
  FLASH_ATTN_EXT(hsk=72,hsv=72,nh=4,nr23=[1,1],kv=1024,nb=3,mask=1,sinks=1,max_bias=0.000000,logit_softcap=0.000000,prec=f32,type_K=q4_1,type_V=q4_1,permute=[0,1,2,3]): not supported [ROCm0] 
  FLASH_ATTN_EXT(hsk=72,hsv=72,nh=4,nr23=[1,1],kv=1024,nb=3,mask=1,sinks=1,max_bias=0.000000,logit_softcap=0.000000,prec=f32,type_K=q4_0,type_V=q4_0,permute=[0,1,2,3]): [1;32mOK[0m
  FLASH_ATTN_EXT(hsk=72,hsv=72,nh=4,nr23=[1,1],kv=1024,nb=3,mask=1,sinks=1,max_bias=0.000000,logit_softcap=0.000000,prec=f32,type_K=iq4_nl,type_V=iq4_nl,permute=[0,1,2,3]): not supported [ROCm0] 
  FLASH_ATTN_EXT(hsk=72,hsv=72,nh=4,nr23=[1,1],kv=1024,nb=32,mask=1,sinks=1,max_bias=0.000000,logit_softcap=0.000000,prec=f32,type_K=f32,type_V=f32,permute=[0,1,2,3]): [1;32mOK[0m
  FLASH_ATTN_EXT(hsk=72,hsv=72,nh=4,nr23=[1,1],kv=1024,nb=32,mask=1,sinks=1,max_bias=0.000000,logit_softcap=0.000000,prec=f32,type_K=f16,type_V=f16,permute=[0,1,2,3]): [1;32mOK[0m
  FLASH_ATTN_EXT(hsk=72,hsv=72,nh=4,nr23=[1,1],kv=1024,nb=32,mask=1,sinks=1,max_bias=0.000000,logit_softcap=0.000000,prec=f32,type_K=bf16,type_V=bf16,permute=[0,1,2,3]): [1;32mOK[0m
  FLASH_ATTN_EXT(hsk=72,hsv=72,nh=4,nr23=[1,1],kv=1024,nb=32,mask=1,sinks=1,max_bias=0.000000,logit_softcap=0.000000,prec=f32,type_K=q8_0,type_V=q8_0,permute=[0,1,2,3]): [1;32mOK[0m
  FLASH_ATTN_EXT(hsk=72,hsv=72,nh=4,nr23=[1,1],kv=1024,nb=32,mask=1,sinks=1,max_bias=0.000000,logit_softcap=0.000000,prec=f32,type_K=q5_1,type_V=q5_1,permute=[0,1,2,3]): not supported [ROCm0] 
  FLASH_ATTN_EXT(hsk=72,hsv=72,nh=4,nr23=[1,1],kv=1024,nb=32,mask=1,sinks=1,max_bias=0.000000,logit_softcap=0.000000,prec=f32,type_K=q5_0,type_V=q5_0,permute=[0,1,2,3]): not supported [ROCm0] 
  FLASH_ATTN_EXT(hsk=72,hsv=72,nh=4,nr23=[1,1],kv=1024,nb=32,mask=1,sinks=1,max_bias=0.000000,logit_softcap=0.000000,prec=f32,type_K=q4_1,type_V=q4_1,permute=[0,1,2,3]): not supported [ROCm0] 
  FLASH_ATTN_EXT(hsk=72,hsv=72,nh=4,nr23=[1,1],kv=1024,nb=32,mask=1,sinks=1,max_bias=0.000000,logit_softcap=0.000000,prec=f32,type_K=q4_0,type_V=q4_0,permute=[0,1,2,3]): [1;32mOK[0m
  FLASH_ATTN_EXT(hsk=72,hsv=72,nh=4,nr23=[1,1],kv=1024,nb=32,mask=1,sinks=1,max_bias=0.000000,logit_softcap=0.000000,prec=f32,type_K=iq4_nl,type_V=iq4_nl,permute=[0,1,2,3]): not supported [ROCm0] 
  FLASH_ATTN_EXT(hsk=72,hsv=72,nh=4,nr23=[1,1],kv=1024,nb=75,mask=1,sinks=1,max_bias=0.000000,logit_softcap=0.000000,prec=f32,type_K=f32,type_V=f32,permute=[0,1,2,3]): [1;32mOK[0m
  FLASH_ATTN_EXT(hsk=72,hsv=72,nh=4,nr23=[1,1],kv=1024,nb=75,mask=1,sinks=1,max_bias=0.000000,logit_softcap=0.000000,prec=f32,type_K=f16,type_V=f16,permute=[0,1,2,3]): [1;32mOK[0m
  FLASH_ATTN_EXT(hsk=72,hsv=72,nh=4,nr23=[1,1],kv=1024,nb=75,mask=1,sinks=1,max_bias=0.000000,logit_softcap=0.000000,prec=f32,type_K=bf16,type_V=bf16,permute=[0,1,2,3]): [1;32mOK[0m
  FLASH_ATTN_EXT(hsk=72,hsv=72,nh=4,nr23=[1,1],kv=1024,nb=75,mask=1,sinks=1,max_bias=0.000000,logit_softcap=0.000000,prec=f32,type_K=q8_0,type_V=q8_0,permute=[0,1,2,3]): [1;32mOK[0m
  FLASH_ATTN_EXT(hsk=72,hsv=72,nh=4,nr23=[1,1],kv=1024,nb=75,mask=1,sinks=1,max_bias=0.000000,logit_softcap=0.000000,prec=f32,type_K=q5_1,type_V=q5_1,permute=[0,1,2,3]): not supported [ROCm0] 
  FLASH_ATTN_EXT(hsk=72,hsv=72,nh=4,nr23=[1,1],kv=1024,nb=75,mask=1,sinks=1,max_bias=0.000000,logit_softcap=0.000000,prec=f32,type_K=q5_0,type_V=q5_0,permute=[0,1,2,3]): not supported [ROCm0] 
  FLASH_ATTN_EXT(hsk=72,hsv=72,nh=4,nr23=[1,1],kv=1024,nb=75,mask=1,sinks=1,max_bias=0.000000,logit_softcap=0.000000,prec=f32,type_K=q4_1,type_V=q4_1,permute=[0,1,2,3]): not supported [ROCm0] 
  FLASH_ATTN_EXT(hsk=72,hsv=72,nh=4,nr23=[1,1],kv=1024,nb=75,mask=1,sinks=1,max_bias=0.000000,logit_softcap=0.000000,prec=f32,type_K=q4_0,type_V=q4_0,permute=[0,1,2,3]): [1;32mOK[0m
  FLASH_ATTN_EXT(hsk=72,hsv=72,nh=4,nr23=[1,1],kv=1024,nb=75,mask=1,sinks=1,max_bias=0.000000,logit_softcap=0.000000,prec=f32,type_K=iq4_nl,type_V=iq4_nl,permute=[0,1,2,3]): not supported [ROCm0] 
  FLASH_ATTN_EXT(hsk=72,hsv=72,nh=4,nr23=[4,1],kv=512,nb=1,mask=1,sinks=1,max_bias=0.000000,logit_softcap=0.000000,prec=f32,type_K=f32,type_V=f32,permute=[0,1,2,3]): [1;32mOK[0m
  FLASH_ATTN_EXT(hsk=72,hsv=72,nh=4,nr23=[4,1],kv=512,nb=1,mask=1,sinks=1,max_bias=0.000000,logit_softcap=0.000000,prec=f32,type_K=f32,type_V=f32,permute=[0,2,1,3]): [1;32mOK[0m
  FLASH_ATTN_EXT(hsk=72,hsv=72,nh=4,nr23=[4,1],kv=512,nb=1,mask=1,sinks=1,max_bias=0.000000,logit_softcap=0.000000,prec=f32,type_K=f16,type_V=f16,permute=[0,1,2,3]): [1;32mOK[0m
  FLASH_ATTN_EXT(hsk=72,hsv=72,nh=4,nr23=[4,1],kv=512,nb=1,mask=1,sinks=1,max_bias=0.000000,logit_softcap=0.000000,prec=f32,type_K=f16,type_V=f16,permute=[0,2,1,3]): [1;32mOK[0m
  FLASH_ATTN_EXT(hsk=72,hsv=72,nh=4,nr23=[4,1],kv=512,nb=1,mask=1,sinks=1,max_bias=0.000000,logit_softcap=0.000000,prec=f32,type_K=bf16,type_V=bf16,permute=[0,1,2,3]): [1;32mOK[0m
  FLASH_ATTN_EXT(hsk=72,hsv=72,nh=4,nr23=[4,1],kv=512,nb=1,mask=1,sinks=1,max_bias=0.000000,logit_softcap=0.000000,prec=f32,type_K=bf16,type_V=bf16,permute=[0,2,1,3]): [1;32mOK[0m
  FLASH_ATTN_EXT(hsk=72,hsv=72,nh=4,nr23=[4,1],kv=512,nb=1,mask=1,sinks=1,max_bias=0.000000,logit_softcap=0.000000,prec=f32,type_K=q8_0,type_V=q8_0,permute=[0,1,2,3]): [1;32mOK[0m
  FLASH_ATTN_EXT(hsk=72,hsv=72,nh=4,nr23=[4,1],kv=512,nb=1,mask=1,sinks=1,max_bias=0.000000,logit_softcap=0.000000,prec=f32,type_K=q8_0,type_V=q8_0,permute=[0,2,1,3]): [1;32mOK[0m
  FLASH_ATTN_EXT(hsk=72,hsv=72,nh=4,nr23=[4,1],kv=512,nb=1,mask=1,sinks=1,max_bias=0.000000,logit_softcap=0.000000,prec=f32,type_K=q5_1,type_V=q5_1,permute=[0,1,2,3]): not supported [ROCm0] 
  FLASH_ATTN_EXT(hsk=72,hsv=72,nh=4,nr23=[4,1],kv=512,nb=1,mask=1,sinks=1,max_bias=0.000000,logit_softcap=0.000000,prec=f32,type_K=q5_1,type_V=q5_1,permute=[0,2,1,3]): not supported [ROCm0] 
  FLASH_ATTN_EXT(hsk=72,hsv=72,nh=4,nr23=[4,1],kv=512,nb=1,mask=1,sinks=1,max_bias=0.000000,logit_softcap=0.000000,prec=f32,type_K=q5_0,type_V=q5_0,permute=[0,1,2,3]): not supported [ROCm0] 
  FLASH_ATTN_EXT(hsk=72,hsv=72,nh=4,nr23=[4,1],kv=512,nb=1,mask=1,sinks=1,max_bias=0.000000,logit_softcap=0.000000,prec=f32,type_K=q5_0,type_V=q5_0,permute=[0,2,1,3]): not supported [ROCm0] 
  FLASH_ATTN_EXT(hsk=72,hsv=72,nh=4,nr23=[4,1],kv=512,nb=1,mask=1,sinks=1,max_bias=0.000000,logit_softcap=0.000000,prec=f32,type_K=q4_1,type_V=q4_1,permute=[0,1,2,3]): not supported [ROCm0] 
  FLASH_ATTN_EXT(hsk=72,hsv=72,nh=4,nr23=[4,1],kv=512,nb=1,mask=1,sinks=1,max_bias=0.000000,logit_softcap=0.000000,prec=f32,type_K=q4_1,type_V=q4_1,permute=[0,2,1,3]): not supported [ROCm0] 
  FLASH_ATTN_EXT(hsk=72,hsv=72,nh=4,nr23=[4,1],kv=512,nb=1,mask=1,sinks=1,max_bias=0.000000,logit_softcap=0.000000,prec=f32,type_K=q4_0,type_V=q4_0,permute=[0,1,2,3]): [1;32mOK[0m
  FLASH_ATTN_EXT(hsk=72,hsv=72,nh=4,nr23=[4,1],kv=512,nb=1,mask=1,sinks=1,max_bias=0.000000,logit_softcap=0.000000,prec=f32,type_K=q4_0,type_V=q4_0,permute=[0,2,1,3]): [1;32mOK[0m
  FLASH_ATTN_EXT(hsk=72,hsv=72,nh=4,nr23=[4,1],kv=512,nb=1,mask=1,sinks=1,max_bias=0.000000,logit_softcap=0.000000,prec=f32,type_K=iq4_nl,type_V=iq4_nl,permute=[0,1,2,3]): not supported [ROCm0] 
  FLASH_ATTN_EXT(hsk=72,hsv=72,nh=4,nr23=[4,1],kv=512,nb=1,mask=1,sinks=1,max_bias=0.000000,logit_softcap=0.000000,prec=f32,type_K=iq4_nl,type_V=iq4_nl,permute=[0,2,1,3]): not supported [ROCm0] 
  FLASH_ATTN_EXT(hsk=72,hsv=72,nh=4,nr23=[4,1],kv=512,nb=3,mask=1,sinks=1,max_bias=0.000000,logit_softcap=0.000000,prec=f32,type_K=f32,type_V=f32,permute=[0,1,2,3]): [1;32mOK[0m
  FLASH_ATTN_EXT(hsk=72,hsv=72,nh=4,nr23=[4,1],kv=512,nb=3,mask=1,sinks=1,max_bias=0.000000,logit_softcap=0.000000,prec=f32,type_K=f32,type_V=f32,permute=[0,2,1,3]): [1;32mOK[0m
  FLASH_ATTN_EXT(hsk=72,hsv=72,nh=4,nr23=[4,1],kv=512,nb=3,mask=1,sinks=1,max_bias=0.000000,logit_softcap=0.000000,prec=f32,type_K=f16,type_V=f16,permute=[0,1,2,3]): [1;32mOK[0m
  FLASH_ATTN_EXT(hsk=72,hsv=72,nh=4,nr23=[4,1],kv=512,nb=3,mask=1,sinks=1,max_bias=0.000000,logit_softcap=0.000000,prec=f32,type_K=f16,type_V=f16,permute=[0,2,1,3]): ggml_backend_cuda_graph_compute: CUDA graph warmup complete
ggml_backend_cuda_graph_compute: CUDA graph warmup complete
[1;32mOK[0m
  FLASH_ATTN_EXT(hsk=72,hsv=72,nh=4,nr23=[4,1],kv=512,nb=3,mask=1,sinks=1,max_bias=0.000000,logit_softcap=0.000000,prec=f32,type_K=bf16,type_V=bf16,permute=[0,1,2,3]): [1;32mOK[0m
  FLASH_ATTN_EXT(hsk=72,hsv=72,nh=4,nr23=[4,1],kv=512,nb=3,mask=1,sinks=1,max_bias=0.000000,logit_softcap=0.000000,prec=f32,type_K=bf16,type_V=bf16,permute=[0,2,1,3]): ggml_backend_cuda_graph_compute: CUDA graph warmup reset
ggml_backend_cuda_graph_compute: CUDA graph warmup reset
[1;32mOK[0m
  FLASH_ATTN_EXT(hsk=72,hsv=72,nh=4,nr23=[4,1],kv=512,nb=3,mask=1,sinks=1,max_bias=0.000000,logit_softcap=0.000000,prec=f32,type_K=q8_0,type_V=q8_0,permute=[0,1,2,3]): ggml_backend_cuda_graph_compute: CUDA graph warmup complete
ggml_backend_cuda_graph_compute: CUDA graph warmup complete
[1;32mOK[0m
  FLASH_ATTN_EXT(hsk=72,hsv=72,nh=4,nr23=[4,1],kv=512,nb=3,mask=1,sinks=1,max_bias=0.000000,logit_softcap=0.000000,prec=f32,type_K=q8_0,type_V=q8_0,permute=[0,2,1,3]): [1;32mOK[0m
  FLASH_ATTN_EXT(hsk=72,hsv=72,nh=4,nr23=[4,1],kv=512,nb=3,mask=1,sinks=1,max_bias=0.000000,logit_softcap=0.000000,prec=f32,type_K=q5_1,type_V=q5_1,permute=[0,1,2,3]): not supported [ROCm0] 
  FLASH_ATTN_EXT(hsk=72,hsv=72,nh=4,nr23=[4,1],kv=512,nb=3,mask=1,sinks=1,max_bias=0.000000,logit_softcap=0.000000,prec=f32,type_K=q5_1,type_V=q5_1,permute=[0,2,1,3]): not supported [ROCm0] 
  FLASH_ATTN_EXT(hsk=72,hsv=72,nh=4,nr23=[4,1],kv=512,nb=3,mask=1,sinks=1,max_bias=0.000000,logit_softcap=0.000000,prec=f32,type_K=q5_0,type_V=q5_0,permute=[0,1,2,3]): not supported [ROCm0] 
  FLASH_ATTN_EXT(hsk=72,hsv=72,nh=4,nr23=[4,1],kv=512,nb=3,mask=1,sinks=1,max_bias=0.000000,logit_softcap=0.000000,prec=f32,type_K=q5_0,type_V=q5_0,permute=[0,2,1,3]): not supported [ROCm0] 
  FLASH_ATTN_EXT(hsk=72,hsv=72,nh=4,nr23=[4,1],kv=512,nb=3,mask=1,sinks=1,max_bias=0.000000,logit_softcap=0.000000,prec=f32,type_K=q4_1,type_V=q4_1,permute=[0,1,2,3]): not supported [ROCm0] 
  FLASH_ATTN_EXT(hsk=72,hsv=72,nh=4,nr23=[4,1],kv=512,nb=3,mask=1,sinks=1,max_bias=0.000000,logit_softcap=0.000000,prec=f32,type_K=q4_1,type_V=q4_1,permute=[0,2,1,3]): ggml_backend_cuda_graph_compute: CUDA graph warmup reset
ggml_backend_cuda_graph_compute: CUDA graph warmup reset
not supported [ROCm0] 
  FLASH_ATTN_EXT(hsk=72,hsv=72,nh=4,nr23=[4,1],kv=512,nb=3,mask=1,sinks=1,max_bias=0.000000,logit_softcap=0.000000,prec=f32,type_K=q4_0,type_V=q4_0,permute=[0,1,2,3]): [1;32mOK[0m
  FLASH_ATTN_EXT(hsk=72,hsv=72,nh=4,nr23=[4,1],kv=512,nb=3,mask=1,sinks=1,max_bias=0.000000,logit_softcap=0.000000,prec=f32,type_K=q4_0,type_V=q4_0,permute=[0,2,1,3]): [1;32mOK[0m
  FLASH_ATTN_EXT(hsk=72,hsv=72,nh=4,nr23=[4,1],kv=512,nb=3,mask=1,sinks=1,max_bias=0.000000,logit_softcap=0.000000,prec=f32,type_K=iq4_nl,type_V=iq4_nl,permute=[0,1,2,3]): not supported [ROCm0] 
  FLASH_ATTN_EXT(hsk=72,hsv=72,nh=4,nr23=[4,1],kv=512,nb=3,mask=1,sinks=1,max_bias=0.000000,logit_softcap=0.000000,prec=f32,type_K=iq4_nl,type_V=iq4_nl,permute=[0,2,1,3]): not supported [ROCm0] 
  FLASH_ATTN_EXT(hsk=72,hsv=72,nh=4,nr23=[4,1],kv=512,nb=32,mask=1,sinks=1,max_bias=0.000000,logit_softcap=0.000000,prec=f32,type_K=f32,type_V=f32,permute=[0,1,2,3]): [1;32mOK[0m
  FLASH_ATTN_EXT(hsk=72,hsv=72,nh=4,nr23=[4,1],kv=512,nb=32,mask=1,sinks=1,max_bias=0.000000,logit_softcap=0.000000,prec=f32,type_K=f32,type_V=f32,permute=[0,2,1,3]): [1;32mOK[0m
  FLASH_ATTN_EXT(hsk=72,hsv=72,nh=4,nr23=[4,1],kv=512,nb=32,mask=1,sinks=1,max_bias=0.000000,logit_softcap=0.000000,prec=f32,type_K=f16,type_V=f16,permute=[0,1,2,3]): [1;32mOK[0m
  FLASH_ATTN_EXT(hsk=72,hsv=72,nh=4,nr23=[4,1],kv=512,nb=32,mask=1,sinks=1,max_bias=0.000000,logit_softcap=0.000000,prec=f32,type_K=f16,type_V=f16,permute=[0,2,1,3]): [1;32mOK[0m
  FLASH_ATTN_EXT(hsk=72,hsv=72,nh=4,nr23=[4,1],kv=512,nb=32,mask=1,sinks=1,max_bias=0.000000,logit_softcap=0.000000,prec=f32,type_K=bf16,type_V=bf16,permute=[0,1,2,3]): [1;32mOK[0m
  FLASH_ATTN_EXT(hsk=72,hsv=72,nh=4,nr23=[4,1],kv=512,nb=32,mask=1,sinks=1,max_bias=0.000000,logit_softcap=0.000000,prec=f32,type_K=bf16,type_V=bf16,permute=[0,2,1,3]): [1;32mOK[0m
  FLASH_ATTN_EXT(hsk=72,hsv=72,nh=4,nr23=[4,1],kv=512,nb=32,mask=1,sinks=1,max_bias=0.000000,logit_softcap=0.000000,prec=f32,type_K=q8_0,type_V=q8_0,permute=[0,1,2,3]): ggml_backend_cuda_graph_compute: CUDA graph warmup complete
ggml_backend_cuda_graph_compute: CUDA graph warmup complete
[1;32mOK[0m
  FLASH_ATTN_EXT(hsk=72,hsv=72,nh=4,nr23=[4,1],kv=512,nb=32,mask=1,sinks=1,max_bias=0.000000,logit_softcap=0.000000,prec=f32,type_K=q8_0,type_V=q8_0,permute=[0,2,1,3]): [1;32mOK[0m
  FLASH_ATTN_EXT(hsk=72,hsv=72,nh=4,nr23=[4,1],kv=512,nb=32,mask=1,sinks=1,max_bias=0.000000,logit_softcap=0.000000,prec=f32,type_K=q5_1,type_V=q5_1,permute=[0,1,2,3]): not supported [ROCm0] 
  FLASH_ATTN_EXT(hsk=72,hsv=72,nh=4,nr23=[4,1],kv=512,nb=32,mask=1,sinks=1,max_bias=0.000000,logit_softcap=0.000000,prec=f32,type_K=q5_1,type_V=q5_1,permute=[0,2,1,3]): not supported [ROCm0] 
  FLASH_ATTN_EXT(hsk=72,hsv=72,nh=4,nr23=[4,1],kv=512,nb=32,mask=1,sinks=1,max_bias=0.000000,logit_softcap=0.000000,prec=f32,type_K=q5_0,type_V=q5_0,permute=[0,1,2,3]): not supported [ROCm0] 
  FLASH_ATTN_EXT(hsk=72,hsv=72,nh=4,nr23=[4,1],kv=512,nb=32,mask=1,sinks=1,max_bias=0.000000,logit_softcap=0.000000,prec=f32,type_K=q5_0,type_V=q5_0,permute=[0,2,1,3]): not supported [ROCm0] 
  FLASH_ATTN_EXT(hsk=72,hsv=72,nh=4,nr23=[4,1],kv=512,nb=32,mask=1,sinks=1,max_bias=0.000000,logit_softcap=0.000000,prec=f32,type_K=q4_1,type_V=q4_1,permute=[0,1,2,3]): not supported [ROCm0] 
  FLASH_ATTN_EXT(hsk=72,hsv=72,nh=4,nr23=[4,1],kv=512,nb=32,mask=1,sinks=1,max_bias=0.000000,logit_softcap=0.000000,prec=f32,type_K=q4_1,type_V=q4_1,permute=[0,2,1,3]): ggml_backend_cuda_graph_compute: CUDA graph warmup reset
ggml_backend_cuda_graph_compute: CUDA graph warmup reset
not supported [ROCm0] 
  FLASH_ATTN_EXT(hsk=72,hsv=72,nh=4,nr23=[4,1],kv=512,nb=32,mask=1,sinks=1,max_bias=0.000000,logit_softcap=0.000000,prec=f32,type_K=q4_0,type_V=q4_0,permute=[0,1,2,3]): [1;32mOK[0m
  FLASH_ATTN_EXT(hsk=72,hsv=72,nh=4,nr23=[4,1],kv=512,nb=32,mask=1,sinks=1,max_bias=0.000000,logit_softcap=0.000000,prec=f32,type_K=q4_0,type_V=q4_0,permute=[0,2,1,3]): [1;32mOK[0m
  FLASH_ATTN_EXT(hsk=72,hsv=72,nh=4,nr23=[4,1],kv=512,nb=32,mask=1,sinks=1,max_bias=0.000000,logit_softcap=0.000000,prec=f32,type_K=iq4_nl,type_V=iq4_nl,permute=[0,1,2,3]): not supported [ROCm0] 
  FLASH_ATTN_EXT(hsk=72,hsv=72,nh=4,nr23=[4,1],kv=512,nb=32,mask=1,sinks=1,max_bias=0.000000,logit_softcap=0.000000,prec=f32,type_K=iq4_nl,type_V=iq4_nl,permute=[0,2,1,3]): not supported [ROCm0] 
  FLASH_ATTN_EXT(hsk=72,hsv=72,nh=4,nr23=[4,1],kv=512,nb=75,mask=1,sinks=1,max_bias=0.000000,logit_softcap=0.000000,prec=f32,type_K=f32,type_V=f32,permute=[0,1,2,3]): [1;32mOK[0m
  FLASH_ATTN_EXT(hsk=72,hsv=72,nh=4,nr23=[4,1],kv=512,nb=75,mask=1,sinks=1,max_bias=0.000000,logit_softcap=0.000000,prec=f32,type_K=f32,type_V=f32,permute=[0,2,1,3]): [1;32mOK[0m
  FLASH_ATTN_EXT(hsk=72,hsv=72,nh=4,nr23=[4,1],kv=512,nb=75,mask=1,sinks=1,max_bias=0.000000,logit_softcap=0.000000,prec=f32,type_K=f16,type_V=f16,permute=[0,1,2,3]): [1;32mOK[0m
  FLASH_ATTN_EXT(hsk=72,hsv=72,nh=4,nr23=[4,1],kv=512,nb=75,mask=1,sinks=1,max_bias=0.000000,logit_softcap=0.000000,prec=f32,type_K=f16,type_V=f16,permute=[0,2,1,3]): [1;32mOK[0m
  FLASH_ATTN_EXT(hsk=72,hsv=72,nh=4,nr23=[4,1],kv=512,nb=75,mask=1,sinks=1,max_bias=0.000000,logit_softcap=0.000000,prec=f32,type_K=bf16,type_V=bf16,permute=[0,1,2,3]): [1;32mOK[0m
  FLASH_ATTN_EXT(hsk=72,hsv=72,nh=4,nr23=[4,1],kv=512,nb=75,mask=1,sinks=1,max_bias=0.000000,logit_softcap=0.000000,prec=f32,type_K=bf16,type_V=bf16,permute=[0,2,1,3]): [1;32mOK[0m
  FLASH_ATTN_EXT(hsk=72,hsv=72,nh=4,nr23=[4,1],kv=512,nb=75,mask=1,sinks=1,max_bias=0.000000,logit_softcap=0.000000,prec=f32,type_K=q8_0,type_V=q8_0,permute=[0,1,2,3]): ggml_backend_cuda_graph_compute: CUDA graph warmup complete
ggml_backend_cuda_graph_compute: CUDA graph warmup complete
[1;32mOK[0m
  FLASH_ATTN_EXT(hsk=72,hsv=72,nh=4,nr23=[4,1],kv=512,nb=75,mask=1,sinks=1,max_bias=0.000000,logit_softcap=0.000000,prec=f32,type_K=q8_0,type_V=q8_0,permute=[0,2,1,3]): [1;32mOK[0m
  FLASH_ATTN_EXT(hsk=72,hsv=72,nh=4,nr23=[4,1],kv=512,nb=75,mask=1,sinks=1,max_bias=0.000000,logit_softcap=0.000000,prec=f32,type_K=q5_1,type_V=q5_1,permute=[0,1,2,3]): not supported [ROCm0] 
  FLASH_ATTN_EXT(hsk=72,hsv=72,nh=4,nr23=[4,1],kv=512,nb=75,mask=1,sinks=1,max_bias=0.000000,logit_softcap=0.000000,prec=f32,type_K=q5_1,type_V=q5_1,permute=[0,2,1,3]): not supported [ROCm0] 
  FLASH_ATTN_EXT(hsk=72,hsv=72,nh=4,nr23=[4,1],kv=512,nb=75,mask=1,sinks=1,max_bias=0.000000,logit_softcap=0.000000,prec=f32,type_K=q5_0,type_V=q5_0,permute=[0,1,2,3]): not supported [ROCm0] 
  FLASH_ATTN_EXT(hsk=72,hsv=72,nh=4,nr23=[4,1],kv=512,nb=75,mask=1,sinks=1,max_bias=0.000000,logit_softcap=0.000000,prec=f32,type_K=q5_0,type_V=q5_0,permute=[0,2,1,3]): not supported [ROCm0] 
  FLASH_ATTN_EXT(hsk=72,hsv=72,nh=4,nr23=[4,1],kv=512,nb=75,mask=1,sinks=1,max_bias=0.000000,logit_softcap=0.000000,prec=f32,type_K=q4_1,type_V=q4_1,permute=[0,1,2,3]): not supported [ROCm0] 
  FLASH_ATTN_EXT(hsk=72,hsv=72,nh=4,nr23=[4,1],kv=512,nb=75,mask=1,sinks=1,max_bias=0.000000,logit_softcap=0.000000,prec=f32,type_K=q4_1,type_V=q4_1,permute=[0,2,1,3]): ggml_backend_cuda_graph_compute: CUDA graph warmup reset
ggml_backend_cuda_graph_compute: CUDA graph warmup reset
not supported [ROCm0] 
  FLASH_ATTN_EXT(hsk=72,hsv=72,nh=4,nr23=[4,1],kv=512,nb=75,mask=1,sinks=1,max_bias=0.000000,logit_softcap=0.000000,prec=f32,type_K=q4_0,type_V=q4_0,permute=[0,1,2,3]): [1;32mOK[0m
  FLASH_ATTN_EXT(hsk=72,hsv=72,nh=4,nr23=[4,1],kv=512,nb=75,mask=1,sinks=1,max_bias=0.000000,logit_softcap=0.000000,prec=f32,type_K=q4_0,type_V=q4_0,permute=[0,2,1,3]): [1;32mOK[0m
  FLASH_ATTN_EXT(hsk=72,hsv=72,nh=4,nr23=[4,1],kv=512,nb=75,mask=1,sinks=1,max_bias=0.000000,logit_softcap=0.000000,prec=f32,type_K=iq4_nl,type_V=iq4_nl,permute=[0,1,2,3]): not supported [ROCm0] 
  FLASH_ATTN_EXT(hsk=72,hsv=72,nh=4,nr23=[4,1],kv=512,nb=75,mask=1,sinks=1,max_bias=0.000000,logit_softcap=0.000000,prec=f32,type_K=iq4_nl,type_V=iq4_nl,permute=[0,2,1,3]): not supported [ROCm0] 
  FLASH_ATTN_EXT(hsk=72,hsv=72,nh=4,nr23=[1,1],kv=113,nb=1,mask=1,sinks=1,max_bias=8.000000,logit_softcap=0.000000,prec=f32,type_K=f32,type_V=f32,permute=[0,1,2,3]): [1;32mOK[0m
  FLASH_ATTN_EXT(hsk=72,hsv=72,nh=4,nr23=[1,1],kv=113,nb=1,mask=1,sinks=1,max_bias=8.000000,logit_softcap=0.000000,prec=f32,type_K=f16,type_V=f16,permute=[0,1,2,3]): [1;32mOK[0m
  FLASH_ATTN_EXT(hsk=72,hsv=72,nh=4,nr23=[1,1],kv=113,nb=1,mask=1,sinks=1,max_bias=8.000000,logit_softcap=0.000000,prec=f32,type_K=bf16,type_V=bf16,permute=[0,1,2,3]): [1;32mOK[0m
  FLASH_ATTN_EXT(hsk=72,hsv=72,nh=4,nr23=[1,1],kv=113,nb=1,mask=1,sinks=1,max_bias=8.000000,logit_softcap=0.000000,prec=f32,type_K=q8_0,type_V=q8_0,permute=[0,1,2,3]): [1;32mOK[0m
  FLASH_ATTN_EXT(hsk=72,hsv=72,nh=4,nr23=[1,1],kv=113,nb=1,mask=1,sinks=1,max_bias=8.000000,logit_softcap=0.000000,prec=f32,type_K=q5_1,type_V=q5_1,permute=[0,1,2,3]): not supported [ROCm0] 
  FLASH_ATTN_EXT(hsk=72,hsv=72,nh=4,nr23=[1,1],kv=113,nb=1,mask=1,sinks=1,max_bias=8.000000,logit_softcap=0.000000,prec=f32,type_K=q5_0,type_V=q5_0,permute=[0,1,2,3]): not supported [ROCm0] 
  FLASH_ATTN_EXT(hsk=72,hsv=72,nh=4,nr23=[1,1],kv=113,nb=1,mask=1,sinks=1,max_bias=8.000000,logit_softcap=0.000000,prec=f32,type_K=q4_1,type_V=q4_1,permute=[0,1,2,3]): not supported [ROCm0] 
  FLASH_ATTN_EXT(hsk=72,hsv=72,nh=4,nr23=[1,1],kv=113,nb=1,mask=1,sinks=1,max_bias=8.000000,logit_softcap=0.000000,prec=f32,type_K=q4_0,type_V=q4_0,permute=[0,1,2,3]): [1;32mOK[0m
  FLASH_ATTN_EXT(hsk=72,hsv=72,nh=4,nr23=[1,1],kv=113,nb=1,mask=1,sinks=1,max_bias=8.000000,logit_softcap=0.000000,prec=f32,type_K=iq4_nl,type_V=iq4_nl,permute=[0,1,2,3]): not supported [ROCm0] 
  FLASH_ATTN_EXT(hsk=72,hsv=72,nh=4,nr23=[1,1],kv=113,nb=3,mask=1,sinks=1,max_bias=8.000000,logit_softcap=0.000000,prec=f32,type_K=f32,type_V=f32,permute=[0,1,2,3]): [1;32mOK[0m
  FLASH_ATTN_EXT(hsk=72,hsv=72,nh=4,nr23=[1,1],kv=113,nb=3,mask=1,sinks=1,max_bias=8.000000,logit_softcap=0.000000,prec=f32,type_K=f16,type_V=f16,permute=[0,1,2,3]): [1;32mOK[0m
  FLASH_ATTN_EXT(hsk=72,hsv=72,nh=4,nr23=[1,1],kv=113,nb=3,mask=1,sinks=1,max_bias=8.000000,logit_softcap=0.000000,prec=f32,type_K=bf16,type_V=bf16,permute=[0,1,2,3]): [1;32mOK[0m
  FLASH_ATTN_EXT(hsk=72,hsv=72,nh=4,nr23=[1,1],kv=113,nb=3,mask=1,sinks=1,max_bias=8.000000,logit_softcap=0.000000,prec=f32,type_K=q8_0,type_V=q8_0,permute=[0,1,2,3]): [1;32mOK[0m
  FLASH_ATTN_EXT(hsk=72,hsv=72,nh=4,nr23=[1,1],kv=113,nb=3,mask=1,sinks=1,max_bias=8.000000,logit_softcap=0.000000,prec=f32,type_K=q5_1,type_V=q5_1,permute=[0,1,2,3]): not supported [ROCm0] 
  FLASH_ATTN_EXT(hsk=72,hsv=72,nh=4,nr23=[1,1],kv=113,nb=3,mask=1,sinks=1,max_bias=8.000000,logit_softcap=0.000000,prec=f32,type_K=q5_0,type_V=q5_0,permute=[0,1,2,3]): not supported [ROCm0] 
  FLASH_ATTN_EXT(hsk=72,hsv=72,nh=4,nr23=[1,1],kv=113,nb=3,mask=1,sinks=1,max_bias=8.000000,logit_softcap=0.000000,prec=f32,type_K=q4_1,type_V=q4_1,permute=[0,1,2,3]): not supported [ROCm0] 
  FLASH_ATTN_EXT(hsk=72,hsv=72,nh=4,nr23=[1,1],kv=113,nb=3,mask=1,sinks=1,max_bias=8.000000,logit_softcap=0.000000,prec=f32,type_K=q4_0,type_V=q4_0,permute=[0,1,2,3]): [1;32mOK[0m
  FLASH_ATTN_EXT(hsk=72,hsv=72,nh=4,nr23=[1,1],kv=113,nb=3,mask=1,sinks=1,max_bias=8.000000,logit_softcap=0.000000,prec=f32,type_K=iq4_nl,type_V=iq4_nl,permute=[0,1,2,3]): not supported [ROCm0] 
  FLASH_ATTN_EXT(hsk=72,hsv=72,nh=4,nr23=[1,1],kv=113,nb=32,mask=1,sinks=1,max_bias=8.000000,logit_softcap=0.000000,prec=f32,type_K=f32,type_V=f32,permute=[0,1,2,3]): [1;32mOK[0m
  FLASH_ATTN_EXT(hsk=72,hsv=72,nh=4,nr23=[1,1],kv=113,nb=32,mask=1,sinks=1,max_bias=8.000000,logit_softcap=0.000000,prec=f32,type_K=f16,type_V=f16,permute=[0,1,2,3]): [1;32mOK[0m
  FLASH_ATTN_EXT(hsk=72,hsv=72,nh=4,nr23=[1,1],kv=113,nb=32,mask=1,sinks=1,max_bias=8.000000,logit_softcap=0.000000,prec=f32,type_K=bf16,type_V=bf16,permute=[0,1,2,3]): [1;32mOK[0m
  FLASH_ATTN_EXT(hsk=72,hsv=72,nh=4,nr23=[1,1],kv=113,nb=32,mask=1,sinks=1,max_bias=8.000000,logit_softcap=0.000000,prec=f32,type_K=q8_0,type_V=q8_0,permute=[0,1,2,3]): [1;32mOK[0m
  FLASH_ATTN_EXT(hsk=72,hsv=72,nh=4,nr23=[1,1],kv=113,nb=32,mask=1,sinks=1,max_bias=8.000000,logit_softcap=0.000000,prec=f32,type_K=q5_1,type_V=q5_1,permute=[0,1,2,3]): not supported [ROCm0] 
  FLASH_ATTN_EXT(hsk=72,hsv=72,nh=4,nr23=[1,1],kv=113,nb=32,mask=1,sinks=1,max_bias=8.000000,logit_softcap=0.000000,prec=f32,type_K=q5_0,type_V=q5_0,permute=[0,1,2,3]): not supported [ROCm0] 
  FLASH_ATTN_EXT(hsk=72,hsv=72,nh=4,nr23=[1,1],kv=113,nb=32,mask=1,sinks=1,max_bias=8.000000,logit_softcap=0.000000,prec=f32,type_K=q4_1,type_V=q4_1,permute=[0,1,2,3]): not supported [ROCm0] 
  FLASH_ATTN_EXT(hsk=72,hsv=72,nh=4,nr23=[1,1],kv=113,nb=32,mask=1,sinks=1,max_bias=8.000000,logit_softcap=0.000000,prec=f32,type_K=q4_0,type_V=q4_0,permute=[0,1,2,3]): [1;32mOK[0m
  FLASH_ATTN_EXT(hsk=72,hsv=72,nh=4,nr23=[1,1],kv=113,nb=32,mask=1,sinks=1,max_bias=8.000000,logit_softcap=0.000000,prec=f32,type_K=iq4_nl,type_V=iq4_nl,permute=[0,1,2,3]): not supported [ROCm0] 
  FLASH_ATTN_EXT(hsk=72,hsv=72,nh=4,nr23=[1,1],kv=113,nb=75,mask=1,sinks=1,max_bias=8.000000,logit_softcap=0.000000,prec=f32,type_K=f32,type_V=f32,permute=[0,1,2,3]): [1;32mOK[0m
  FLASH_ATTN_EXT(hsk=72,hsv=72,nh=4,nr23=[1,1],kv=113,nb=75,mask=1,sinks=1,max_bias=8.000000,logit_softcap=0.000000,prec=f32,type_K=f16,type_V=f16,permute=[0,1,2,3]): [1;32mOK[0m
  FLASH_ATTN_EXT(hsk=72,hsv=72,nh=4,nr23=[1,1],kv=113,nb=75,mask=1,sinks=1,max_bias=8.000000,logit_softcap=0.000000,prec=f32,type_K=bf16,type_V=bf16,permute=[0,1,2,3]): [1;32mOK[0m
  FLASH_ATTN_EXT(hsk=72,hsv=72,nh=4,nr23=[1,1],kv=113,nb=75,mask=1,sinks=1,max_bias=8.000000,logit_softcap=0.000000,prec=f32,type_K=q8_0,type_V=q8_0,permute=[0,1,2,3]): [1;32mOK[0m
  FLASH_ATTN_EXT(hsk=72,hsv=72,nh=4,nr23=[1,1],kv=113,nb=75,mask=1,sinks=1,max_bias=8.000000,logit_softcap=0.000000,prec=f32,type_K=q5_1,type_V=q5_1,permute=[0,1,2,3]): not supported [ROCm0] 
  FLASH_ATTN_EXT(hsk=72,hsv=72,nh=4,nr23=[1,1],kv=113,nb=75,mask=1,sinks=1,max_bias=8.000000,logit_softcap=0.000000,prec=f32,type_K=q5_0,type_V=q5_0,permute=[0,1,2,3]): not supported [ROCm0] 
  FLASH_ATTN_EXT(hsk=72,hsv=72,nh=4,nr23=[1,1],kv=113,nb=75,mask=1,sinks=1,max_bias=8.000000,logit_softcap=0.000000,prec=f32,type_K=q4_1,type_V=q4_1,permute=[0,1,2,3]): not supported [ROCm0] 
  FLASH_ATTN_EXT(hsk=72,hsv=72,nh=4,nr23=[1,1],kv=113,nb=75,mask=1,sinks=1,max_bias=8.000000,logit_softcap=0.000000,prec=f32,type_K=q4_0,type_V=q4_0,permute=[0,1,2,3]): [1;32mOK[0m
  FLASH_ATTN_EXT(hsk=72,hsv=72,nh=4,nr23=[1,1],kv=113,nb=75,mask=1,sinks=1,max_bias=8.000000,logit_softcap=0.000000,prec=f32,type_K=iq4_nl,type_V=iq4_nl,permute=[0,1,2,3]): not supported [ROCm0] 
  FLASH_ATTN_EXT(hsk=72,hsv=72,nh=4,nr23=[1,1],kv=512,nb=1,mask=1,sinks=1,max_bias=8.000000,logit_softcap=0.000000,prec=f32,type_K=f32,type_V=f32,permute=[0,1,2,3]): [1;32mOK[0m
  FLASH_ATTN_EXT(hsk=72,hsv=72,nh=4,nr23=[1,1],kv=512,nb=1,mask=1,sinks=1,max_bias=8.000000,logit_softcap=0.000000,prec=f32,type_K=f16,type_V=f16,permute=[0,1,2,3]): [1;32mOK[0m
  FLASH_ATTN_EXT(hsk=72,hsv=72,nh=4,nr23=[1,1],kv=512,nb=1,mask=1,sinks=1,max_bias=8.000000,logit_softcap=0.000000,prec=f32,type_K=bf16,type_V=bf16,permute=[0,1,2,3]): [1;32mOK[0m
  FLASH_ATTN_EXT(hsk=72,hsv=72,nh=4,nr23=[1,1],kv=512,nb=1,mask=1,sinks=1,max_bias=8.000000,logit_softcap=0.000000,prec=f32,type_K=q8_0,type_V=q8_0,permute=[0,1,2,3]): [1;32mOK[0m
  FLASH_ATTN_EXT(hsk=72,hsv=72,nh=4,nr23=[1,1],kv=512,nb=1,mask=1,sinks=1,max_bias=8.000000,logit_softcap=0.000000,prec=f32,type_K=q5_1,type_V=q5_1,permute=[0,1,2,3]): not supported [ROCm0] 
  FLASH_ATTN_EXT(hsk=72,hsv=72,nh=4,nr23=[1,1],kv=512,nb=1,mask=1,sinks=1,max_bias=8.000000,logit_softcap=0.000000,prec=f32,type_K=q5_0,type_V=q5_0,permute=[0,1,2,3]): not supported [ROCm0] 
  FLASH_ATTN_EXT(hsk=72,hsv=72,nh=4,nr23=[1,1],kv=512,nb=1,mask=1,sinks=1,max_bias=8.000000,logit_softcap=0.000000,prec=f32,type_K=q4_1,type_V=q4_1,permute=[0,1,2,3]): not supported [ROCm0] 
  FLASH_ATTN_EXT(hsk=72,hsv=72,nh=4,nr23=[1,1],kv=512,nb=1,mask=1,sinks=1,max_bias=8.000000,logit_softcap=0.000000,prec=f32,type_K=q4_0,type_V=q4_0,permute=[0,1,2,3]): [1;32mOK[0m
  FLASH_ATTN_EXT(hsk=72,hsv=72,nh=4,nr23=[1,1],kv=512,nb=1,mask=1,sinks=1,max_bias=8.000000,logit_softcap=0.000000,prec=f32,type_K=iq4_nl,type_V=iq4_nl,permute=[0,1,2,3]): not supported [ROCm0] 
  FLASH_ATTN_EXT(hsk=72,hsv=72,nh=4,nr23=[1,1],kv=512,nb=3,mask=1,sinks=1,max_bias=8.000000,logit_softcap=0.000000,prec=f32,type_K=f32,type_V=f32,permute=[0,1,2,3]): [1;32mOK[0m
  FLASH_ATTN_EXT(hsk=72,hsv=72,nh=4,nr23=[1,1],kv=512,nb=3,mask=1,sinks=1,max_bias=8.000000,logit_softcap=0.000000,prec=f32,type_K=f16,type_V=f16,permute=[0,1,2,3]): [1;32mOK[0m
  FLASH_ATTN_EXT(hsk=72,hsv=72,nh=4,nr23=[1,1],kv=512,nb=3,mask=1,sinks=1,max_bias=8.000000,logit_softcap=0.000000,prec=f32,type_K=bf16,type_V=bf16,permute=[0,1,2,3]): [1;32mOK[0m
  FLASH_ATTN_EXT(hsk=72,hsv=72,nh=4,nr23=[1,1],kv=512,nb=3,mask=1,sinks=1,max_bias=8.000000,logit_softcap=0.000000,prec=f32,type_K=q8_0,type_V=q8_0,permute=[0,1,2,3]): [1;32mOK[0m
  FLASH_ATTN_EXT(hsk=72,hsv=72,nh=4,nr23=[1,1],kv=512,nb=3,mask=1,sinks=1,max_bias=8.000000,logit_softcap=0.000000,prec=f32,type_K=q5_1,type_V=q5_1,permute=[0,1,2,3]): not supported [ROCm0] 
  FLASH_ATTN_EXT(hsk=72,hsv=72,nh=4,nr23=[1,1],kv=512,nb=3,mask=1,sinks=1,max_bias=8.000000,logit_softcap=0.000000,prec=f32,type_K=q5_0,type_V=q5_0,permute=[0,1,2,3]): not supported [ROCm0] 
  FLASH_ATTN_EXT(hsk=72,hsv=72,nh=4,nr23=[1,1],kv=512,nb=3,mask=1,sinks=1,max_bias=8.000000,logit_softcap=0.000000,prec=f32,type_K=q4_1,type_V=q4_1,permute=[0,1,2,3]): not supported [ROCm0] 
  FLASH_ATTN_EXT(hsk=72,hsv=72,nh=4,nr23=[1,1],kv=512,nb=3,mask=1,sinks=1,max_bias=8.000000,logit_softcap=0.000000,prec=f32,type_K=q4_0,type_V=q4_0,permute=[0,1,2,3]): [1;32mOK[0m
  FLASH_ATTN_EXT(hsk=72,hsv=72,nh=4,nr23=[1,1],kv=512,nb=3,mask=1,sinks=1,max_bias=8.000000,logit_softcap=0.000000,prec=f32,type_K=iq4_nl,type_V=iq4_nl,permute=[0,1,2,3]): not supported [ROCm0] 
  FLASH_ATTN_EXT(hsk=72,hsv=72,nh=4,nr23=[1,1],kv=512,nb=32,mask=1,sinks=1,max_bias=8.000000,logit_softcap=0.000000,prec=f32,type_K=f32,type_V=f32,permute=[0,1,2,3]): [1;32mOK[0m
  FLASH_ATTN_EXT(hsk=72,hsv=72,nh=4,nr23=[1,1],kv=512,nb=32,mask=1,sinks=1,max_bias=8.000000,logit_softcap=0.000000,prec=f32,type_K=f16,type_V=f16,permute=[0,1,2,3]): [1;32mOK[0m
  FLASH_ATTN_EXT(hsk=72,hsv=72,nh=4,nr23=[1,1],kv=512,nb=32,mask=1,sinks=1,max_bias=8.000000,logit_softcap=0.000000,prec=f32,type_K=bf16,type_V=bf16,permute=[0,1,2,3]): [1;32mOK[0m
  FLASH_ATTN_EXT(hsk=72,hsv=72,nh=4,nr23=[1,1],kv=512,nb=32,mask=1,sinks=1,max_bias=8.000000,logit_softcap=0.000000,prec=f32,type_K=q8_0,type_V=q8_0,permute=[0,1,2,3]): [1;32mOK[0m
  FLASH_ATTN_EXT(hsk=72,hsv=72,nh=4,nr23=[1,1],kv=512,nb=32,mask=1,sinks=1,max_bias=8.000000,logit_softcap=0.000000,prec=f32,type_K=q5_1,type_V=q5_1,permute=[0,1,2,3]): not supported [ROCm0] 
  FLASH_ATTN_EXT(hsk=72,hsv=72,nh=4,nr23=[1,1],kv=512,nb=32,mask=1,sinks=1,max_bias=8.000000,logit_softcap=0.000000,prec=f32,type_K=q5_0,type_V=q5_0,permute=[0,1,2,3]): not supported [ROCm0] 
  FLASH_ATTN_EXT(hsk=72,hsv=72,nh=4,nr23=[1,1],kv=512,nb=32,mask=1,sinks=1,max_bias=8.000000,logit_softcap=0.000000,prec=f32,type_K=q4_1,type_V=q4_1,permute=[0,1,2,3]): not supported [ROCm0] 
  FLASH_ATTN_EXT(hsk=72,hsv=72,nh=4,nr23=[1,1],kv=512,nb=32,mask=1,sinks=1,max_bias=8.000000,logit_softcap=0.000000,prec=f32,type_K=q4_0,type_V=q4_0,permute=[0,1,2,3]): [1;32mOK[0m
  FLASH_ATTN_EXT(hsk=72,hsv=72,nh=4,nr23=[1,1],kv=512,nb=32,mask=1,sinks=1,max_bias=8.000000,logit_softcap=0.000000,prec=f32,type_K=iq4_nl,type_V=iq4_nl,permute=[0,1,2,3]): not supported [ROCm0] 
  FLASH_ATTN_EXT(hsk=72,hsv=72,nh=4,nr23=[1,1],kv=512,nb=75,mask=1,sinks=1,max_bias=8.000000,logit_softcap=0.000000,prec=f32,type_K=f32,type_V=f32,permute=[0,1,2,3]): [1;32mOK[0m
  FLASH_ATTN_EXT(hsk=72,hsv=72,nh=4,nr23=[1,1],kv=512,nb=75,mask=1,sinks=1,max_bias=8.000000,logit_softcap=0.000000,prec=f32,type_K=f16,type_V=f16,permute=[0,1,2,3]): [1;32mOK[0m
  FLASH_ATTN_EXT(hsk=72,hsv=72,nh=4,nr23=[1,1],kv=512,nb=75,mask=1,sinks=1,max_bias=8.000000,logit_softcap=0.000000,prec=f32,type_K=bf16,type_V=bf16,permute=[0,1,2,3]): [1;32mOK[0m
  FLASH_ATTN_EXT(hsk=72,hsv=72,nh=4,nr23=[1,1],kv=512,nb=75,mask=1,sinks=1,max_bias=8.000000,logit_softcap=0.000000,prec=f32,type_K=q8_0,type_V=q8_0,permute=[0,1,2,3]): [1;32mOK[0m
  FLASH_ATTN_EXT(hsk=72,hsv=72,nh=4,nr23=[1,1],kv=512,nb=75,mask=1,sinks=1,max_bias=8.000000,logit_softcap=0.000000,prec=f32,type_K=q5_1,type_V=q5_1,permute=[0,1,2,3]): not supported [ROCm0] 
  FLASH_ATTN_EXT(hsk=72,hsv=72,nh=4,nr23=[1,1],kv=512,nb=75,mask=1,sinks=1,max_bias=8.000000,logit_softcap=0.000000,prec=f32,type_K=q5_0,type_V=q5_0,permute=[0,1,2,3]): not supported [ROCm0] 
  FLASH_ATTN_EXT(hsk=72,hsv=72,nh=4,nr23=[1,1],kv=512,nb=75,mask=1,sinks=1,max_bias=8.000000,logit_softcap=0.000000,prec=f32,type_K=q4_1,type_V=q4_1,permute=[0,1,2,3]): not supported [ROCm0] 
  FLASH_ATTN_EXT(hsk=72,hsv=72,nh=4,nr23=[1,1],kv=512,nb=75,mask=1,sinks=1,max_bias=8.000000,logit_softcap=0.000000,prec=f32,type_K=q4_0,type_V=q4_0,permute=[0,1,2,3]): [1;32mOK[0m
  FLASH_ATTN_EXT(hsk=72,hsv=72,nh=4,nr23=[1,1],kv=512,nb=75,mask=1,sinks=1,max_bias=8.000000,logit_softcap=0.000000,prec=f32,type_K=iq4_nl,type_V=iq4_nl,permute=[0,1,2,3]): not supported [ROCm0] 
  FLASH_ATTN_EXT(hsk=72,hsv=72,nh=4,nr23=[1,1],kv=1024,nb=1,mask=1,sinks=1,max_bias=8.000000,logit_softcap=0.000000,prec=f32,type_K=f32,type_V=f32,permute=[0,1,2,3]): [1;32mOK[0m
  FLASH_ATTN_EXT(hsk=72,hsv=72,nh=4,nr23=[1,1],kv=1024,nb=1,mask=1,sinks=1,max_bias=8.000000,logit_softcap=0.000000,prec=f32,type_K=f16,type_V=f16,permute=[0,1,2,3]): [1;32mOK[0m
  FLASH_ATTN_EXT(hsk=72,hsv=72,nh=4,nr23=[1,1],kv=1024,nb=1,mask=1,sinks=1,max_bias=8.000000,logit_softcap=0.000000,prec=f32,type_K=bf16,type_V=bf16,permute=[0,1,2,3]): [1;32mOK[0m
  FLASH_ATTN_EXT(hsk=72,hsv=72,nh=4,nr23=[1,1],kv=1024,nb=1,mask=1,sinks=1,max_bias=8.000000,logit_softcap=0.000000,prec=f32,type_K=q8_0,type_V=q8_0,permute=[0,1,2,3]): [1;32mOK[0m
  FLASH_ATTN_EXT(hsk=72,hsv=72,nh=4,nr23=[1,1],kv=1024,nb=1,mask=1,sinks=1,max_bias=8.000000,logit_softcap=0.000000,prec=f32,type_K=q5_1,type_V=q5_1,permute=[0,1,2,3]): not supported [ROCm0] 
  FLASH_ATTN_EXT(hsk=72,hsv=72,nh=4,nr23=[1,1],kv=1024,nb=1,mask=1,sinks=1,max_bias=8.000000,logit_softcap=0.000000,prec=f32,type_K=q5_0,type_V=q5_0,permute=[0,1,2,3]): not supported [ROCm0] 
  FLASH_ATTN_EXT(hsk=72,hsv=72,nh=4,nr23=[1,1],kv=1024,nb=1,mask=1,sinks=1,max_bias=8.000000,logit_softcap=0.000000,prec=f32,type_K=q4_1,type_V=q4_1,permute=[0,1,2,3]): not supported [ROCm0] 
  FLASH_ATTN_EXT(hsk=72,hsv=72,nh=4,nr23=[1,1],kv=1024,nb=1,mask=1,sinks=1,max_bias=8.000000,logit_softcap=0.000000,prec=f32,type_K=q4_0,type_V=q4_0,permute=[0,1,2,3]): [1;32mOK[0m
  FLASH_ATTN_EXT(hsk=72,hsv=72,nh=4,nr23=[1,1],kv=1024,nb=1,mask=1,sinks=1,max_bias=8.000000,logit_softcap=0.000000,prec=f32,type_K=iq4_nl,type_V=iq4_nl,permute=[0,1,2,3]): not supported [ROCm0] 
  FLASH_ATTN_EXT(hsk=72,hsv=72,nh=4,nr23=[1,1],kv=1024,nb=3,mask=1,sinks=1,max_bias=8.000000,logit_softcap=0.000000,prec=f32,type_K=f32,type_V=f32,permute=[0,1,2,3]): [1;32mOK[0m
  FLASH_ATTN_EXT(hsk=72,hsv=72,nh=4,nr23=[1,1],kv=1024,nb=3,mask=1,sinks=1,max_bias=8.000000,logit_softcap=0.000000,prec=f32,type_K=f16,type_V=f16,permute=[0,1,2,3]): [1;32mOK[0m
  FLASH_ATTN_EXT(hsk=72,hsv=72,nh=4,nr23=[1,1],kv=1024,nb=3,mask=1,sinks=1,max_bias=8.000000,logit_softcap=0.000000,prec=f32,type_K=bf16,type_V=bf16,permute=[0,1,2,3]): [1;32mOK[0m
  FLASH_ATTN_EXT(hsk=72,hsv=72,nh=4,nr23=[1,1],kv=1024,nb=3,mask=1,sinks=1,max_bias=8.000000,logit_softcap=0.000000,prec=f32,type_K=q8_0,type_V=q8_0,permute=[0,1,2,3]): [1;32mOK[0m
  FLASH_ATTN_EXT(hsk=72,hsv=72,nh=4,nr23=[1,1],kv=1024,nb=3,mask=1,sinks=1,max_bias=8.000000,logit_softcap=0.000000,prec=f32,type_K=q5_1,type_V=q5_1,permute=[0,1,2,3]): not supported [ROCm0] 
  FLASH_ATTN_EXT(hsk=72,hsv=72,nh=4,nr23=[1,1],kv=1024,nb=3,mask=1,sinks=1,max_bias=8.000000,logit_softcap=0.000000,prec=f32,type_K=q5_0,type_V=q5_0,permute=[0,1,2,3]): not supported [ROCm0] 
  FLASH_ATTN_EXT(hsk=72,hsv=72,nh=4,nr23=[1,1],kv=1024,nb=3,mask=1,sinks=1,max_bias=8.000000,logit_softcap=0.000000,prec=f32,type_K=q4_1,type_V=q4_1,permute=[0,1,2,3]): not supported [ROCm0] 
  FLASH_ATTN_EXT(hsk=72,hsv=72,nh=4,nr23=[1,1],kv=1024,nb=3,mask=1,sinks=1,max_bias=8.000000,logit_softcap=0.000000,prec=f32,type_K=q4_0,type_V=q4_0,permute=[0,1,2,3]): [1;32mOK[0m
  FLASH_ATTN_EXT(hsk=72,hsv=72,nh=4,nr23=[1,1],kv=1024,nb=3,mask=1,sinks=1,max_bias=8.000000,logit_softcap=0.000000,prec=f32,type_K=iq4_nl,type_V=iq4_nl,permute=[0,1,2,3]): not supported [ROCm0] 
  FLASH_ATTN_EXT(hsk=72,hsv=72,nh=4,nr23=[1,1],kv=1024,nb=32,mask=1,sinks=1,max_bias=8.000000,logit_softcap=0.000000,prec=f32,type_K=f32,type_V=f32,permute=[0,1,2,3]): [1;32mOK[0m
  FLASH_ATTN_EXT(hsk=72,hsv=72,nh=4,nr23=[1,1],kv=1024,nb=32,mask=1,sinks=1,max_bias=8.000000,logit_softcap=0.000000,prec=f32,type_K=f16,type_V=f16,permute=[0,1,2,3]): [1;32mOK[0m
  FLASH_ATTN_EXT(hsk=72,hsv=72,nh=4,nr23=[1,1],kv=1024,nb=32,mask=1,sinks=1,max_bias=8.000000,logit_softcap=0.000000,prec=f32,type_K=bf16,type_V=bf16,permute=[0,1,2,3]): [1;32mOK[0m
  FLASH_ATTN_EXT(hsk=72,hsv=72,nh=4,nr23=[1,1],kv=1024,nb=32,mask=1,sinks=1,max_bias=8.000000,logit_softcap=0.000000,prec=f32,type_K=q8_0,type_V=q8_0,permute=[0,1,2,3]): [1;32mOK[0m
  FLASH_ATTN_EXT(hsk=72,hsv=72,nh=4,nr23=[1,1],kv=1024,nb=32,mask=1,sinks=1,max_bias=8.000000,logit_softcap=0.000000,prec=f32,type_K=q5_1,type_V=q5_1,permute=[0,1,2,3]): not supported [ROCm0] 
  FLASH_ATTN_EXT(hsk=72,hsv=72,nh=4,nr23=[1,1],kv=1024,nb=32,mask=1,sinks=1,max_bias=8.000000,logit_softcap=0.000000,prec=f32,type_K=q5_0,type_V=q5_0,permute=[0,1,2,3]): not supported [ROCm0] 
  FLASH_ATTN_EXT(hsk=72,hsv=72,nh=4,nr23=[1,1],kv=1024,nb=32,mask=1,sinks=1,max_bias=8.000000,logit_softcap=0.000000,prec=f32,type_K=q4_1,type_V=q4_1,permute=[0,1,2,3]): not supported [ROCm0] 
  FLASH_ATTN_EXT(hsk=72,hsv=72,nh=4,nr23=[1,1],kv=1024,nb=32,mask=1,sinks=1,max_bias=8.000000,logit_softcap=0.000000,prec=f32,type_K=q4_0,type_V=q4_0,permute=[0,1,2,3]): [1;32mOK[0m
  FLASH_ATTN_EXT(hsk=72,hsv=72,nh=4,nr23=[1,1],kv=1024,nb=32,mask=1,sinks=1,max_bias=8.000000,logit_softcap=0.000000,prec=f32,type_K=iq4_nl,type_V=iq4_nl,permute=[0,1,2,3]): not supported [ROCm0] 
  FLASH_ATTN_EXT(hsk=72,hsv=72,nh=4,nr23=[1,1],kv=1024,nb=75,mask=1,sinks=1,max_bias=8.000000,logit_softcap=0.000000,prec=f32,type_K=f32,type_V=f32,permute=[0,1,2,3]): [1;32mOK[0m
  FLASH_ATTN_EXT(hsk=72,hsv=72,nh=4,nr23=[1,1],kv=1024,nb=75,mask=1,sinks=1,max_bias=8.000000,logit_softcap=0.000000,prec=f32,type_K=f16,type_V=f16,permute=[0,1,2,3]): [1;32mOK[0m
  FLASH_ATTN_EXT(hsk=72,hsv=72,nh=4,nr23=[1,1],kv=1024,nb=75,mask=1,sinks=1,max_bias=8.000000,logit_softcap=0.000000,prec=f32,type_K=bf16,type_V=bf16,permute=[0,1,2,3]): [1;32mOK[0m
  FLASH_ATTN_EXT(hsk=72,hsv=72,nh=4,nr23=[1,1],kv=1024,nb=75,mask=1,sinks=1,max_bias=8.000000,logit_softcap=0.000000,prec=f32,type_K=q8_0,type_V=q8_0,permute=[0,1,2,3]): [1;32mOK[0m
  FLASH_ATTN_EXT(hsk=72,hsv=72,nh=4,nr23=[1,1],kv=1024,nb=75,mask=1,sinks=1,max_bias=8.000000,logit_softcap=0.000000,prec=f32,type_K=q5_1,type_V=q5_1,permute=[0,1,2,3]): not supported [ROCm0] 
  FLASH_ATTN_EXT(hsk=72,hsv=72,nh=4,nr23=[1,1],kv=1024,nb=75,mask=1,sinks=1,max_bias=8.000000,logit_softcap=0.000000,prec=f32,type_K=q5_0,type_V=q5_0,permute=[0,1,2,3]): not supported [ROCm0] 
  FLASH_ATTN_EXT(hsk=72,hsv=72,nh=4,nr23=[1,1],kv=1024,nb=75,mask=1,sinks=1,max_bias=8.000000,logit_softcap=0.000000,prec=f32,type_K=q4_1,type_V=q4_1,permute=[0,1,2,3]): not supported [ROCm0] 
  FLASH_ATTN_EXT(hsk=72,hsv=72,nh=4,nr23=[1,1],kv=1024,nb=75,mask=1,sinks=1,max_bias=8.000000,logit_softcap=0.000000,prec=f32,type_K=q4_0,type_V=q4_0,permute=[0,1,2,3]): [1;32mOK[0m
  FLASH_ATTN_EXT(hsk=72,hsv=72,nh=4,nr23=[1,1],kv=1024,nb=75,mask=1,sinks=1,max_bias=8.000000,logit_softcap=0.000000,prec=f32,type_K=iq4_nl,type_V=iq4_nl,permute=[0,1,2,3]): not supported [ROCm0] 
  FLASH_ATTN_EXT(hsk=72,hsv=72,nh=4,nr23=[4,1],kv=512,nb=1,mask=1,sinks=1,max_bias=8.000000,logit_softcap=0.000000,prec=f32,type_K=f32,type_V=f32,permute=[0,1,2,3]): [1;32mOK[0m
  FLASH_ATTN_EXT(hsk=72,hsv=72,nh=4,nr23=[4,1],kv=512,nb=1,mask=1,sinks=1,max_bias=8.000000,logit_softcap=0.000000,prec=f32,type_K=f16,type_V=f16,permute=[0,1,2,3]): [1;32mOK[0m
  FLASH_ATTN_EXT(hsk=72,hsv=72,nh=4,nr23=[4,1],kv=512,nb=1,mask=1,sinks=1,max_bias=8.000000,logit_softcap=0.000000,prec=f32,type_K=bf16,type_V=bf16,permute=[0,1,2,3]): [1;32mOK[0m
  FLASH_ATTN_EXT(hsk=72,hsv=72,nh=4,nr23=[4,1],kv=512,nb=1,mask=1,sinks=1,max_bias=8.000000,logit_softcap=0.000000,prec=f32,type_K=q8_0,type_V=q8_0,permute=[0,1,2,3]): [1;32mOK[0m
  FLASH_ATTN_EXT(hsk=72,hsv=72,nh=4,nr23=[4,1],kv=512,nb=1,mask=1,sinks=1,max_bias=8.000000,logit_softcap=0.000000,prec=f32,type_K=q5_1,type_V=q5_1,permute=[0,1,2,3]): not supported [ROCm0] 
  FLASH_ATTN_EXT(hsk=72,hsv=72,nh=4,nr23=[4,1],kv=512,nb=1,mask=1,sinks=1,max_bias=8.000000,logit_softcap=0.000000,prec=f32,type_K=q5_0,type_V=q5_0,permute=[0,1,2,3]): not supported [ROCm0] 
  FLASH_ATTN_EXT(hsk=72,hsv=72,nh=4,nr23=[4,1],kv=512,nb=1,mask=1,sinks=1,max_bias=8.000000,logit_softcap=0.000000,prec=f32,type_K=q4_1,type_V=q4_1,permute=[0,1,2,3]): not supported [ROCm0] 
  FLASH_ATTN_EXT(hsk=72,hsv=72,nh=4,nr23=[4,1],kv=512,nb=1,mask=1,sinks=1,max_bias=8.000000,logit_softcap=0.000000,prec=f32,type_K=q4_0,type_V=q4_0,permute=[0,1,2,3]): [1;32mOK[0m
  FLASH_ATTN_EXT(hsk=72,hsv=72,nh=4,nr23=[4,1],kv=512,nb=1,mask=1,sinks=1,max_bias=8.000000,logit_softcap=0.000000,prec=f32,type_K=iq4_nl,type_V=iq4_nl,permute=[0,1,2,3]): not supported [ROCm0] 
  FLASH_ATTN_EXT(hsk=72,hsv=72,nh=4,nr23=[4,1],kv=512,nb=3,mask=1,sinks=1,max_bias=8.000000,logit_softcap=0.000000,prec=f32,type_K=f32,type_V=f32,permute=[0,1,2,3]): [1;32mOK[0m
  FLASH_ATTN_EXT(hsk=72,hsv=72,nh=4,nr23=[4,1],kv=512,nb=3,mask=1,sinks=1,max_bias=8.000000,logit_softcap=0.000000,prec=f32,type_K=f16,type_V=f16,permute=[0,1,2,3]): [1;32mOK[0m
  FLASH_ATTN_EXT(hsk=72,hsv=72,nh=4,nr23=[4,1],kv=512,nb=3,mask=1,sinks=1,max_bias=8.000000,logit_softcap=0.000000,prec=f32,type_K=bf16,type_V=bf16,permute=[0,1,2,3]): [1;32mOK[0m
  FLASH_ATTN_EXT(hsk=72,hsv=72,nh=4,nr23=[4,1],kv=512,nb=3,mask=1,sinks=1,max_bias=8.000000,logit_softcap=0.000000,prec=f32,type_K=q8_0,type_V=q8_0,permute=[0,1,2,3]): [1;32mOK[0m
  FLASH_ATTN_EXT(hsk=72,hsv=72,nh=4,nr23=[4,1],kv=512,nb=3,mask=1,sinks=1,max_bias=8.000000,logit_softcap=0.000000,prec=f32,type_K=q5_1,type_V=q5_1,permute=[0,1,2,3]): not supported [ROCm0] 
  FLASH_ATTN_EXT(hsk=72,hsv=72,nh=4,nr23=[4,1],kv=512,nb=3,mask=1,sinks=1,max_bias=8.000000,logit_softcap=0.000000,prec=f32,type_K=q5_0,type_V=q5_0,permute=[0,1,2,3]): not supported [ROCm0] 
  FLASH_ATTN_EXT(hsk=72,hsv=72,nh=4,nr23=[4,1],kv=512,nb=3,mask=1,sinks=1,max_bias=8.000000,logit_softcap=0.000000,prec=f32,type_K=q4_1,type_V=q4_1,permute=[0,1,2,3]): not supported [ROCm0] 
  FLASH_ATTN_EXT(hsk=72,hsv=72,nh=4,nr23=[4,1],kv=512,nb=3,mask=1,sinks=1,max_bias=8.000000,logit_softcap=0.000000,prec=f32,type_K=q4_0,type_V=q4_0,permute=[0,1,2,3]): [1;32mOK[0m
  FLASH_ATTN_EXT(hsk=72,hsv=72,nh=4,nr23=[4,1],kv=512,nb=3,mask=1,sinks=1,max_bias=8.000000,logit_softcap=0.000000,prec=f32,type_K=iq4_nl,type_V=iq4_nl,permute=[0,1,2,3]): not supported [ROCm0] 
  FLASH_ATTN_EXT(hsk=72,hsv=72,nh=4,nr23=[4,1],kv=512,nb=32,mask=1,sinks=1,max_bias=8.000000,logit_softcap=0.000000,prec=f32,type_K=f32,type_V=f32,permute=[0,1,2,3]): [1;32mOK[0m
  FLASH_ATTN_EXT(hsk=72,hsv=72,nh=4,nr23=[4,1],kv=512,nb=32,mask=1,sinks=1,max_bias=8.000000,logit_softcap=0.000000,prec=f32,type_K=f16,type_V=f16,permute=[0,1,2,3]): [1;32mOK[0m
  FLASH_ATTN_EXT(hsk=72,hsv=72,nh=4,nr23=[4,1],kv=512,nb=32,mask=1,sinks=1,max_bias=8.000000,logit_softcap=0.000000,prec=f32,type_K=bf16,type_V=bf16,permute=[0,1,2,3]): [1;32mOK[0m
  FLASH_ATTN_EXT(hsk=72,hsv=72,nh=4,nr23=[4,1],kv=512,nb=32,mask=1,sinks=1,max_bias=8.000000,logit_softcap=0.000000,prec=f32,type_K=q8_0,type_V=q8_0,permute=[0,1,2,3]): [1;32mOK[0m
  FLASH_ATTN_EXT(hsk=72,hsv=72,nh=4,nr23=[4,1],kv=512,nb=32,mask=1,sinks=1,max_bias=8.000000,logit_softcap=0.000000,prec=f32,type_K=q5_1,type_V=q5_1,permute=[0,1,2,3]): not supported [ROCm0] 
  FLASH_ATTN_EXT(hsk=72,hsv=72,nh=4,nr23=[4,1],kv=512,nb=32,mask=1,sinks=1,max_bias=8.000000,logit_softcap=0.000000,prec=f32,type_K=q5_0,type_V=q5_0,permute=[0,1,2,3]): not supported [ROCm0] 
  FLASH_ATTN_EXT(hsk=72,hsv=72,nh=4,nr23=[4,1],kv=512,nb=32,mask=1,sinks=1,max_bias=8.000000,logit_softcap=0.000000,prec=f32,type_K=q4_1,type_V=q4_1,permute=[0,1,2,3]): not supported [ROCm0] 
  FLASH_ATTN_EXT(hsk=72,hsv=72,nh=4,nr23=[4,1],kv=512,nb=32,mask=1,sinks=1,max_bias=8.000000,logit_softcap=0.000000,prec=f32,type_K=q4_0,type_V=q4_0,permute=[0,1,2,3]): [1;32mOK[0m
  FLASH_ATTN_EXT(hsk=72,hsv=72,nh=4,nr23=[4,1],kv=512,nb=32,mask=1,sinks=1,max_bias=8.000000,logit_softcap=0.000000,prec=f32,type_K=iq4_nl,type_V=iq4_nl,permute=[0,1,2,3]): not supported [ROCm0] 
  FLASH_ATTN_EXT(hsk=72,hsv=72,nh=4,nr23=[4,1],kv=512,nb=75,mask=1,sinks=1,max_bias=8.000000,logit_softcap=0.000000,prec=f32,type_K=f32,type_V=f32,permute=[0,1,2,3]): [1;32mOK[0m
  FLASH_ATTN_EXT(hsk=72,hsv=72,nh=4,nr23=[4,1],kv=512,nb=75,mask=1,sinks=1,max_bias=8.000000,logit_softcap=0.000000,prec=f32,type_K=f16,type_V=f16,permute=[0,1,2,3]): [1;32mOK[0m
  FLASH_ATTN_EXT(hsk=72,hsv=72,nh=4,nr23=[4,1],kv=512,nb=75,mask=1,sinks=1,max_bias=8.000000,logit_softcap=0.000000,prec=f32,type_K=bf16,type_V=bf16,permute=[0,1,2,3]): [1;32mOK[0m
  FLASH_ATTN_EXT(hsk=72,hsv=72,nh=4,nr23=[4,1],kv=512,nb=75,mask=1,sinks=1,max_bias=8.000000,logit_softcap=0.000000,prec=f32,type_K=q8_0,type_V=q8_0,permute=[0,1,2,3]): [1;32mOK[0m
  FLASH_ATTN_EXT(hsk=72,hsv=72,nh=4,nr23=[4,1],kv=512,nb=75,mask=1,sinks=1,max_bias=8.000000,logit_softcap=0.000000,prec=f32,type_K=q5_1,type_V=q5_1,permute=[0,1,2,3]): not supported [ROCm0] 
  FLASH_ATTN_EXT(hsk=72,hsv=72,nh=4,nr23=[4,1],kv=512,nb=75,mask=1,sinks=1,max_bias=8.000000,logit_softcap=0.000000,prec=f32,type_K=q5_0,type_V=q5_0,permute=[0,1,2,3]): not supported [ROCm0] 
  FLASH_ATTN_EXT(hsk=72,hsv=72,nh=4,nr23=[4,1],kv=512,nb=75,mask=1,sinks=1,max_bias=8.000000,logit_softcap=0.000000,prec=f32,type_K=q4_1,type_V=q4_1,permute=[0,1,2,3]): not supported [ROCm0] 
  FLASH_ATTN_EXT(hsk=72,hsv=72,nh=4,nr23=[4,1],kv=512,nb=75,mask=1,sinks=1,max_bias=8.000000,logit_softcap=0.000000,prec=f32,type_K=q4_0,type_V=q4_0,permute=[0,1,2,3]): [1;32mOK[0m
  FLASH_ATTN_EXT(hsk=72,hsv=72,nh=4,nr23=[4,1],kv=512,nb=75,mask=1,sinks=1,max_bias=8.000000,logit_softcap=0.000000,prec=f32,type_K=iq4_nl,type_V=iq4_nl,permute=[0,1,2,3]): not supported [ROCm0] 
  FLASH_ATTN_EXT(hsk=72,hsv=72,nh=4,nr23=[1,1],kv=113,nb=1,mask=1,sinks=0,max_bias=0.000000,logit_softcap=0.000000,prec=f32,type_K=f32,type_V=f32,permute=[0,1,2,3]): [1;32mOK[0m
  FLASH_ATTN_EXT(hsk=72,hsv=72,nh=4,nr23=[1,1],kv=113,nb=1,mask=1,sinks=0,max_bias=0.000000,logit_softcap=0.000000,prec=f32,type_K=f16,type_V=f16,permute=[0,1,2,3]): [1;32mOK[0m
  FLASH_ATTN_EXT(hsk=72,hsv=72,nh=4,nr23=[1,1],kv=113,nb=1,mask=1,sinks=0,max_bias=0.000000,logit_softcap=0.000000,prec=f32,type_K=bf16,type_V=bf16,permute=[0,1,2,3]): [1;32mOK[0m
  FLASH_ATTN_EXT(hsk=72,hsv=72,nh=4,nr23=[1,1],kv=113,nb=1,mask=1,sinks=0,max_bias=0.000000,logit_softcap=0.000000,prec=f32,type_K=q8_0,type_V=q8_0,permute=[0,1,2,3]): [1;32mOK[0m
  FLASH_ATTN_EXT(hsk=72,hsv=72,nh=4,nr23=[1,1],kv=113,nb=1,mask=1,sinks=0,max_bias=0.000000,logit_softcap=0.000000,prec=f32,type_K=q5_1,type_V=q5_1,permute=[0,1,2,3]): not supported [ROCm0] 
  FLASH_ATTN_EXT(hsk=72,hsv=72,nh=4,nr23=[1,1],kv=113,nb=1,mask=1,sinks=0,max_bias=0.000000,logit_softcap=0.000000,prec=f32,type_K=q5_0,type_V=q5_0,permute=[0,1,2,3]): not supported [ROCm0] 
  FLASH_ATTN_EXT(hsk=72,hsv=72,nh=4,nr23=[1,1],kv=113,nb=1,mask=1,sinks=0,max_bias=0.000000,logit_softcap=0.000000,prec=f32,type_K=q4_1,type_V=q4_1,permute=[0,1,2,3]): not supported [ROCm0] 
  FLASH_ATTN_EXT(hsk=72,hsv=72,nh=4,nr23=[1,1],kv=113,nb=1,mask=1,sinks=0,max_bias=0.000000,logit_softcap=0.000000,prec=f32,type_K=q4_0,type_V=q4_0,permute=[0,1,2,3]): [1;32mOK[0m
  FLASH_ATTN_EXT(hsk=72,hsv=72,nh=4,nr23=[1,1],kv=113,nb=1,mask=1,sinks=0,max_bias=0.000000,logit_softcap=0.000000,prec=f32,type_K=iq4_nl,type_V=iq4_nl,permute=[0,1,2,3]): not supported [ROCm0] 
  FLASH_ATTN_EXT(hsk=72,hsv=72,nh=4,nr23=[1,1],kv=113,nb=3,mask=1,sinks=0,max_bias=0.000000,logit_softcap=0.000000,prec=f32,type_K=f32,type_V=f32,permute=[0,1,2,3]): [1;32mOK[0m
  FLASH_ATTN_EXT(hsk=72,hsv=72,nh=4,nr23=[1,1],kv=113,nb=3,mask=1,sinks=0,max_bias=0.000000,logit_softcap=0.000000,prec=f32,type_K=f16,type_V=f16,permute=[0,1,2,3]): [1;32mOK[0m
  FLASH_ATTN_EXT(hsk=72,hsv=72,nh=4,nr23=[1,1],kv=113,nb=3,mask=1,sinks=0,max_bias=0.000000,logit_softcap=0.000000,prec=f32,type_K=bf16,type_V=bf16,permute=[0,1,2,3]): [1;32mOK[0m
  FLASH_ATTN_EXT(hsk=72,hsv=72,nh=4,nr23=[1,1],kv=113,nb=3,mask=1,sinks=0,max_bias=0.000000,logit_softcap=0.000000,prec=f32,type_K=q8_0,type_V=q8_0,permute=[0,1,2,3]): [1;32mOK[0m
  FLASH_ATTN_EXT(hsk=72,hsv=72,nh=4,nr23=[1,1],kv=113,nb=3,mask=1,sinks=0,max_bias=0.000000,logit_softcap=0.000000,prec=f32,type_K=q5_1,type_V=q5_1,permute=[0,1,2,3]): not supported [ROCm0] 
  FLASH_ATTN_EXT(hsk=72,hsv=72,nh=4,nr23=[1,1],kv=113,nb=3,mask=1,sinks=0,max_bias=0.000000,logit_softcap=0.000000,prec=f32,type_K=q5_0,type_V=q5_0,permute=[0,1,2,3]): not supported [ROCm0] 
  FLASH_ATTN_EXT(hsk=72,hsv=72,nh=4,nr23=[1,1],kv=113,nb=3,mask=1,sinks=0,max_bias=0.000000,logit_softcap=0.000000,prec=f32,type_K=q4_1,type_V=q4_1,permute=[0,1,2,3]): not supported [ROCm0] 
  FLASH_ATTN_EXT(hsk=72,hsv=72,nh=4,nr23=[1,1],kv=113,nb=3,mask=1,sinks=0,max_bias=0.000000,logit_softcap=0.000000,prec=f32,type_K=q4_0,type_V=q4_0,permute=[0,1,2,3]): [1;32mOK[0m
  FLASH_ATTN_EXT(hsk=72,hsv=72,nh=4,nr23=[1,1],kv=113,nb=3,mask=1,sinks=0,max_bias=0.000000,logit_softcap=0.000000,prec=f32,type_K=iq4_nl,type_V=iq4_nl,permute=[0,1,2,3]): not supported [ROCm0] 
  FLASH_ATTN_EXT(hsk=72,hsv=72,nh=4,nr23=[1,1],kv=113,nb=32,mask=1,sinks=0,max_bias=0.000000,logit_softcap=0.000000,prec=f32,type_K=f32,type_V=f32,permute=[0,1,2,3]): [1;32mOK[0m
  FLASH_ATTN_EXT(hsk=72,hsv=72,nh=4,nr23=[1,1],kv=113,nb=32,mask=1,sinks=0,max_bias=0.000000,logit_softcap=0.000000,prec=f32,type_K=f16,type_V=f16,permute=[0,1,2,3]): [1;32mOK[0m
  FLASH_ATTN_EXT(hsk=72,hsv=72,nh=4,nr23=[1,1],kv=113,nb=32,mask=1,sinks=0,max_bias=0.000000,logit_softcap=0.000000,prec=f32,type_K=bf16,type_V=bf16,permute=[0,1,2,3]): [1;32mOK[0m
  FLASH_ATTN_EXT(hsk=72,hsv=72,nh=4,nr23=[1,1],kv=113,nb=32,mask=1,sinks=0,max_bias=0.000000,logit_softcap=0.000000,prec=f32,type_K=q8_0,type_V=q8_0,permute=[0,1,2,3]): [1;32mOK[0m
  FLASH_ATTN_EXT(hsk=72,hsv=72,nh=4,nr23=[1,1],kv=113,nb=32,mask=1,sinks=0,max_bias=0.000000,logit_softcap=0.000000,prec=f32,type_K=q5_1,type_V=q5_1,permute=[0,1,2,3]): not supported [ROCm0] 
  FLASH_ATTN_EXT(hsk=72,hsv=72,nh=4,nr23=[1,1],kv=113,nb=32,mask=1,sinks=0,max_bias=0.000000,logit_softcap=0.000000,prec=f32,type_K=q5_0,type_V=q5_0,permute=[0,1,2,3]): not supported [ROCm0] 
  FLASH_ATTN_EXT(hsk=72,hsv=72,nh=4,nr23=[1,1],kv=113,nb=32,mask=1,sinks=0,max_bias=0.000000,logit_softcap=0.000000,prec=f32,type_K=q4_1,type_V=q4_1,permute=[0,1,2,3]): not supported [ROCm0] 
  FLASH_ATTN_EXT(hsk=72,hsv=72,nh=4,nr23=[1,1],kv=113,nb=32,mask=1,sinks=0,max_bias=0.000000,logit_softcap=0.000000,prec=f32,type_K=q4_0,type_V=q4_0,permute=[0,1,2,3]): [1;32mOK[0m
  FLASH_ATTN_EXT(hsk=72,hsv=72,nh=4,nr23=[1,1],kv=113,nb=32,mask=1,sinks=0,max_bias=0.000000,logit_softcap=0.000000,prec=f32,type_K=iq4_nl,type_V=iq4_nl,permute=[0,1,2,3]): not supported [ROCm0] 
  FLASH_ATTN_EXT(hsk=72,hsv=72,nh=4,nr23=[1,1],kv=113,nb=75,mask=1,sinks=0,max_bias=0.000000,logit_softcap=0.000000,prec=f32,type_K=f32,type_V=f32,permute=[0,1,2,3]): [1;32mOK[0m
  FLASH_ATTN_EXT(hsk=72,hsv=72,nh=4,nr23=[1,1],kv=113,nb=75,mask=1,sinks=0,max_bias=0.000000,logit_softcap=0.000000,prec=f32,type_K=f16,type_V=f16,permute=[0,1,2,3]): [1;32mOK[0m
  FLASH_ATTN_EXT(hsk=72,hsv=72,nh=4,nr23=[1,1],kv=113,nb=75,mask=1,sinks=0,max_bias=0.000000,logit_softcap=0.000000,prec=f32,type_K=bf16,type_V=bf16,permute=[0,1,2,3]): [1;32mOK[0m
  FLASH_ATTN_EXT(hsk=72,hsv=72,nh=4,nr23=[1,1],kv=113,nb=75,mask=1,sinks=0,max_bias=0.000000,logit_softcap=0.000000,prec=f32,type_K=q8_0,type_V=q8_0,permute=[0,1,2,3]): [1;32mOK[0m
  FLASH_ATTN_EXT(hsk=72,hsv=72,nh=4,nr23=[1,1],kv=113,nb=75,mask=1,sinks=0,max_bias=0.000000,logit_softcap=0.000000,prec=f32,type_K=q5_1,type_V=q5_1,permute=[0,1,2,3]): not supported [ROCm0] 
  FLASH_ATTN_EXT(hsk=72,hsv=72,nh=4,nr23=[1,1],kv=113,nb=75,mask=1,sinks=0,max_bias=0.000000,logit_softcap=0.000000,prec=f32,type_K=q5_0,type_V=q5_0,permute=[0,1,2,3]): not supported [ROCm0] 
  FLASH_ATTN_EXT(hsk=72,hsv=72,nh=4,nr23=[1,1],kv=113,nb=75,mask=1,sinks=0,max_bias=0.000000,logit_softcap=0.000000,prec=f32,type_K=q4_1,type_V=q4_1,permute=[0,1,2,3]): not supported [ROCm0] 
  FLASH_ATTN_EXT(hsk=72,hsv=72,nh=4,nr23=[1,1],kv=113,nb=75,mask=1,sinks=0,max_bias=0.000000,logit_softcap=0.000000,prec=f32,type_K=q4_0,type_V=q4_0,permute=[0,1,2,3]): [1;32mOK[0m
  FLASH_ATTN_EXT(hsk=72,hsv=72,nh=4,nr23=[1,1],kv=113,nb=75,mask=1,sinks=0,max_bias=0.000000,logit_softcap=0.000000,prec=f32,type_K=iq4_nl,type_V=iq4_nl,permute=[0,1,2,3]): not supported [ROCm0] 
  FLASH_ATTN_EXT(hsk=72,hsv=72,nh=4,nr23=[1,1],kv=512,nb=1,mask=1,sinks=0,max_bias=0.000000,logit_softcap=0.000000,prec=f32,type_K=f32,type_V=f32,permute=[0,1,2,3]): [1;32mOK[0m
  FLASH_ATTN_EXT(hsk=72,hsv=72,nh=4,nr23=[1,1],kv=512,nb=1,mask=1,sinks=0,max_bias=0.000000,logit_softcap=0.000000,prec=f32,type_K=f32,type_V=f32,permute=[0,2,1,3]): [1;32mOK[0m
  FLASH_ATTN_EXT(hsk=72,hsv=72,nh=4,nr23=[1,1],kv=512,nb=1,mask=1,sinks=0,max_bias=0.000000,logit_softcap=0.000000,prec=f32,type_K=f16,type_V=f16,permute=[0,1,2,3]): [1;32mOK[0m
  FLASH_ATTN_EXT(hsk=72,hsv=72,nh=4,nr23=[1,1],kv=512,nb=1,mask=1,sinks=0,max_bias=0.000000,logit_softcap=0.000000,prec=f32,type_K=f16,type_V=f16,permute=[0,2,1,3]): [1;32mOK[0m
  FLASH_ATTN_EXT(hsk=72,hsv=72,nh=4,nr23=[1,1],kv=512,nb=1,mask=1,sinks=0,max_bias=0.000000,logit_softcap=0.000000,prec=f32,type_K=bf16,type_V=bf16,permute=[0,1,2,3]): [1;32mOK[0m
  FLASH_ATTN_EXT(hsk=72,hsv=72,nh=4,nr23=[1,1],kv=512,nb=1,mask=1,sinks=0,max_bias=0.000000,logit_softcap=0.000000,prec=f32,type_K=bf16,type_V=bf16,permute=[0,2,1,3]): [1;32mOK[0m
  FLASH_ATTN_EXT(hsk=72,hsv=72,nh=4,nr23=[1,1],kv=512,nb=1,mask=1,sinks=0,max_bias=0.000000,logit_softcap=0.000000,prec=f32,type_K=q8_0,type_V=q8_0,permute=[0,1,2,3]): [1;32mOK[0m
  FLASH_ATTN_EXT(hsk=72,hsv=72,nh=4,nr23=[1,1],kv=512,nb=1,mask=1,sinks=0,max_bias=0.000000,logit_softcap=0.000000,prec=f32,type_K=q8_0,type_V=q8_0,permute=[0,2,1,3]): [1;32mOK[0m
  FLASH_ATTN_EXT(hsk=72,hsv=72,nh=4,nr23=[1,1],kv=512,nb=1,mask=1,sinks=0,max_bias=0.000000,logit_softcap=0.000000,prec=f32,type_K=q5_1,type_V=q5_1,permute=[0,1,2,3]): not supported [ROCm0] 
  FLASH_ATTN_EXT(hsk=72,hsv=72,nh=4,nr23=[1,1],kv=512,nb=1,mask=1,sinks=0,max_bias=0.000000,logit_softcap=0.000000,prec=f32,type_K=q5_1,type_V=q5_1,permute=[0,2,1,3]): not supported [ROCm0] 
  FLASH_ATTN_EXT(hsk=72,hsv=72,nh=4,nr23=[1,1],kv=512,nb=1,mask=1,sinks=0,max_bias=0.000000,logit_softcap=0.000000,prec=f32,type_K=q5_0,type_V=q5_0,permute=[0,1,2,3]): not supported [ROCm0] 
  FLASH_ATTN_EXT(hsk=72,hsv=72,nh=4,nr23=[1,1],kv=512,nb=1,mask=1,sinks=0,max_bias=0.000000,logit_softcap=0.000000,prec=f32,type_K=q5_0,type_V=q5_0,permute=[0,2,1,3]): not supported [ROCm0] 
  FLASH_ATTN_EXT(hsk=72,hsv=72,nh=4,nr23=[1,1],kv=512,nb=1,mask=1,sinks=0,max_bias=0.000000,logit_softcap=0.000000,prec=f32,type_K=q4_1,type_V=q4_1,permute=[0,1,2,3]): not supported [ROCm0] 
  FLASH_ATTN_EXT(hsk=72,hsv=72,nh=4,nr23=[1,1],kv=512,nb=1,mask=1,sinks=0,max_bias=0.000000,logit_softcap=0.000000,prec=f32,type_K=q4_1,type_V=q4_1,permute=[0,2,1,3]): not supported [ROCm0] 
  FLASH_ATTN_EXT(hsk=72,hsv=72,nh=4,nr23=[1,1],kv=512,nb=1,mask=1,sinks=0,max_bias=0.000000,logit_softcap=0.000000,prec=f32,type_K=q4_0,type_V=q4_0,permute=[0,1,2,3]): [1;32mOK[0m
  FLASH_ATTN_EXT(hsk=72,hsv=72,nh=4,nr23=[1,1],kv=512,nb=1,mask=1,sinks=0,max_bias=0.000000,logit_softcap=0.000000,prec=f32,type_K=q4_0,type_V=q4_0,permute=[0,2,1,3]): [1;32mOK[0m
  FLASH_ATTN_EXT(hsk=72,hsv=72,nh=4,nr23=[1,1],kv=512,nb=1,mask=1,sinks=0,max_bias=0.000000,logit_softcap=0.000000,prec=f32,type_K=iq4_nl,type_V=iq4_nl,permute=[0,1,2,3]): not supported [ROCm0] 
  FLASH_ATTN_EXT(hsk=72,hsv=72,nh=4,nr23=[1,1],kv=512,nb=1,mask=1,sinks=0,max_bias=0.000000,logit_softcap=0.000000,prec=f32,type_K=iq4_nl,type_V=iq4_nl,permute=[0,2,1,3]): not supported [ROCm0] 
  FLASH_ATTN_EXT(hsk=72,hsv=72,nh=4,nr23=[1,1],kv=512,nb=3,mask=1,sinks=0,max_bias=0.000000,logit_softcap=0.000000,prec=f32,type_K=f32,type_V=f32,permute=[0,1,2,3]): [1;32mOK[0m
  FLASH_ATTN_EXT(hsk=72,hsv=72,nh=4,nr23=[1,1],kv=512,nb=3,mask=1,sinks=0,max_bias=0.000000,logit_softcap=0.000000,prec=f32,type_K=f32,type_V=f32,permute=[0,2,1,3]): [1;32mOK[0m
  FLASH_ATTN_EXT(hsk=72,hsv=72,nh=4,nr23=[1,1],kv=512,nb=3,mask=1,sinks=0,max_bias=0.000000,logit_softcap=0.000000,prec=f32,type_K=f16,type_V=f16,permute=[0,1,2,3]): [1;32mOK[0m
  FLASH_ATTN_EXT(hsk=72,hsv=72,nh=4,nr23=[1,1],kv=512,nb=3,mask=1,sinks=0,max_bias=0.000000,logit_softcap=0.000000,prec=f32,type_K=f16,type_V=f16,permute=[0,2,1,3]): [1;32mOK[0m
  FLASH_ATTN_EXT(hsk=72,hsv=72,nh=4,nr23=[1,1],kv=512,nb=3,mask=1,sinks=0,max_bias=0.000000,logit_softcap=0.000000,prec=f32,type_K=bf16,type_V=bf16,permute=[0,1,2,3]): [1;32mOK[0m
  FLASH_ATTN_EXT(hsk=72,hsv=72,nh=4,nr23=[1,1],kv=512,nb=3,mask=1,sinks=0,max_bias=0.000000,logit_softcap=0.000000,prec=f32,type_K=bf16,type_V=bf16,permute=[0,2,1,3]): [1;32mOK[0m
  FLASH_ATTN_EXT(hsk=72,hsv=72,nh=4,nr23=[1,1],kv=512,nb=3,mask=1,sinks=0,max_bias=0.000000,logit_softcap=0.000000,prec=f32,type_K=q8_0,type_V=q8_0,permute=[0,1,2,3]): [1;32mOK[0m
  FLASH_ATTN_EXT(hsk=72,hsv=72,nh=4,nr23=[1,1],kv=512,nb=3,mask=1,sinks=0,max_bias=0.000000,logit_softcap=0.000000,prec=f32,type_K=q8_0,type_V=q8_0,permute=[0,2,1,3]): [1;32mOK[0m
  FLASH_ATTN_EXT(hsk=72,hsv=72,nh=4,nr23=[1,1],kv=512,nb=3,mask=1,sinks=0,max_bias=0.000000,logit_softcap=0.000000,prec=f32,type_K=q5_1,type_V=q5_1,permute=[0,1,2,3]): not supported [ROCm0] 
  FLASH_ATTN_EXT(hsk=72,hsv=72,nh=4,nr23=[1,1],kv=512,nb=3,mask=1,sinks=0,max_bias=0.000000,logit_softcap=0.000000,prec=f32,type_K=q5_1,type_V=q5_1,permute=[0,2,1,3]): not supported [ROCm0] 
  FLASH_ATTN_EXT(hsk=72,hsv=72,nh=4,nr23=[1,1],kv=512,nb=3,mask=1,sinks=0,max_bias=0.000000,logit_softcap=0.000000,prec=f32,type_K=q5_0,type_V=q5_0,permute=[0,1,2,3]): not supported [ROCm0] 
  FLASH_ATTN_EXT(hsk=72,hsv=72,nh=4,nr23=[1,1],kv=512,nb=3,mask=1,sinks=0,max_bias=0.000000,logit_softcap=0.000000,prec=f32,type_K=q5_0,type_V=q5_0,permute=[0,2,1,3]): not supported [ROCm0] 
  FLASH_ATTN_EXT(hsk=72,hsv=72,nh=4,nr23=[1,1],kv=512,nb=3,mask=1,sinks=0,max_bias=0.000000,logit_softcap=0.000000,prec=f32,type_K=q4_1,type_V=q4_1,permute=[0,1,2,3]): not supported [ROCm0] 
  FLASH_ATTN_EXT(hsk=72,hsv=72,nh=4,nr23=[1,1],kv=512,nb=3,mask=1,sinks=0,max_bias=0.000000,logit_softcap=0.000000,prec=f32,type_K=q4_1,type_V=q4_1,permute=[0,2,1,3]): not supported [ROCm0] 
  FLASH_ATTN_EXT(hsk=72,hsv=72,nh=4,nr23=[1,1],kv=512,nb=3,mask=1,sinks=0,max_bias=0.000000,logit_softcap=0.000000,prec=f32,type_K=q4_0,type_V=q4_0,permute=[0,1,2,3]): [1;32mOK[0m
  FLASH_ATTN_EXT(hsk=72,hsv=72,nh=4,nr23=[1,1],kv=512,nb=3,mask=1,sinks=0,max_bias=0.000000,logit_softcap=0.000000,prec=f32,type_K=q4_0,type_V=q4_0,permute=[0,2,1,3]): [1;32mOK[0m
  FLASH_ATTN_EXT(hsk=72,hsv=72,nh=4,nr23=[1,1],kv=512,nb=3,mask=1,sinks=0,max_bias=0.000000,logit_softcap=0.000000,prec=f32,type_K=iq4_nl,type_V=iq4_nl,permute=[0,1,2,3]): not supported [ROCm0] 
  FLASH_ATTN_EXT(hsk=72,hsv=72,nh=4,nr23=[1,1],kv=512,nb=3,mask=1,sinks=0,max_bias=0.000000,logit_softcap=0.000000,prec=f32,type_K=iq4_nl,type_V=iq4_nl,permute=[0,2,1,3]): not supported [ROCm0] 
  FLASH_ATTN_EXT(hsk=72,hsv=72,nh=4,nr23=[1,1],kv=512,nb=32,mask=1,sinks=0,max_bias=0.000000,logit_softcap=0.000000,prec=f32,type_K=f32,type_V=f32,permute=[0,1,2,3]): [1;32mOK[0m
  FLASH_ATTN_EXT(hsk=72,hsv=72,nh=4,nr23=[1,1],kv=512,nb=32,mask=1,sinks=0,max_bias=0.000000,logit_softcap=0.000000,prec=f32,type_K=f32,type_V=f32,permute=[0,2,1,3]): [1;32mOK[0m
  FLASH_ATTN_EXT(hsk=72,hsv=72,nh=4,nr23=[1,1],kv=512,nb=32,mask=1,sinks=0,max_bias=0.000000,logit_softcap=0.000000,prec=f32,type_K=f16,type_V=f16,permute=[0,1,2,3]): [1;32mOK[0m
  FLASH_ATTN_EXT(hsk=72,hsv=72,nh=4,nr23=[1,1],kv=512,nb=32,mask=1,sinks=0,max_bias=0.000000,logit_softcap=0.000000,prec=f32,type_K=f16,type_V=f16,permute=[0,2,1,3]): [1;32mOK[0m
  FLASH_ATTN_EXT(hsk=72,hsv=72,nh=4,nr23=[1,1],kv=512,nb=32,mask=1,sinks=0,max_bias=0.000000,logit_softcap=0.000000,prec=f32,type_K=bf16,type_V=bf16,permute=[0,1,2,3]): [1;32mOK[0m
  FLASH_ATTN_EXT(hsk=72,hsv=72,nh=4,nr23=[1,1],kv=512,nb=32,mask=1,sinks=0,max_bias=0.000000,logit_softcap=0.000000,prec=f32,type_K=bf16,type_V=bf16,permute=[0,2,1,3]): [1;32mOK[0m
  FLASH_ATTN_EXT(hsk=72,hsv=72,nh=4,nr23=[1,1],kv=512,nb=32,mask=1,sinks=0,max_bias=0.000000,logit_softcap=0.000000,prec=f32,type_K=q8_0,type_V=q8_0,permute=[0,1,2,3]): [1;32mOK[0m
  FLASH_ATTN_EXT(hsk=72,hsv=72,nh=4,nr23=[1,1],kv=512,nb=32,mask=1,sinks=0,max_bias=0.000000,logit_softcap=0.000000,prec=f32,type_K=q8_0,type_V=q8_0,permute=[0,2,1,3]): [1;32mOK[0m
  FLASH_ATTN_EXT(hsk=72,hsv=72,nh=4,nr23=[1,1],kv=512,nb=32,mask=1,sinks=0,max_bias=0.000000,logit_softcap=0.000000,prec=f32,type_K=q5_1,type_V=q5_1,permute=[0,1,2,3]): not supported [ROCm0] 
  FLASH_ATTN_EXT(hsk=72,hsv=72,nh=4,nr23=[1,1],kv=512,nb=32,mask=1,sinks=0,max_bias=0.000000,logit_softcap=0.000000,prec=f32,type_K=q5_1,type_V=q5_1,permute=[0,2,1,3]): not supported [ROCm0] 
  FLASH_ATTN_EXT(hsk=72,hsv=72,nh=4,nr23=[1,1],kv=512,nb=32,mask=1,sinks=0,max_bias=0.000000,logit_softcap=0.000000,prec=f32,type_K=q5_0,type_V=q5_0,permute=[0,1,2,3]): not supported [ROCm0] 
  FLASH_ATTN_EXT(hsk=72,hsv=72,nh=4,nr23=[1,1],kv=512,nb=32,mask=1,sinks=0,max_bias=0.000000,logit_softcap=0.000000,prec=f32,type_K=q5_0,type_V=q5_0,permute=[0,2,1,3]): not supported [ROCm0] 
  FLASH_ATTN_EXT(hsk=72,hsv=72,nh=4,nr23=[1,1],kv=512,nb=32,mask=1,sinks=0,max_bias=0.000000,logit_softcap=0.000000,prec=f32,type_K=q4_1,type_V=q4_1,permute=[0,1,2,3]): not supported [ROCm0] 
  FLASH_ATTN_EXT(hsk=72,hsv=72,nh=4,nr23=[1,1],kv=512,nb=32,mask=1,sinks=0,max_bias=0.000000,logit_softcap=0.000000,prec=f32,type_K=q4_1,type_V=q4_1,permute=[0,2,1,3]): not supported [ROCm0] 
  FLASH_ATTN_EXT(hsk=72,hsv=72,nh=4,nr23=[1,1],kv=512,nb=32,mask=1,sinks=0,max_bias=0.000000,logit_softcap=0.000000,prec=f32,type_K=q4_0,type_V=q4_0,permute=[0,1,2,3]): [1;32mOK[0m
  FLASH_ATTN_EXT(hsk=72,hsv=72,nh=4,nr23=[1,1],kv=512,nb=32,mask=1,sinks=0,max_bias=0.000000,logit_softcap=0.000000,prec=f32,type_K=q4_0,type_V=q4_0,permute=[0,2,1,3]): [1;32mOK[0m
  FLASH_ATTN_EXT(hsk=72,hsv=72,nh=4,nr23=[1,1],kv=512,nb=32,mask=1,sinks=0,max_bias=0.000000,logit_softcap=0.000000,prec=f32,type_K=iq4_nl,type_V=iq4_nl,permute=[0,1,2,3]): not supported [ROCm0] 
  FLASH_ATTN_EXT(hsk=72,hsv=72,nh=4,nr23=[1,1],kv=512,nb=32,mask=1,sinks=0,max_bias=0.000000,logit_softcap=0.000000,prec=f32,type_K=iq4_nl,type_V=iq4_nl,permute=[0,2,1,3]): not supported [ROCm0] 
  FLASH_ATTN_EXT(hsk=72,hsv=72,nh=4,nr23=[1,1],kv=512,nb=75,mask=1,sinks=0,max_bias=0.000000,logit_softcap=0.000000,prec=f32,type_K=f32,type_V=f32,permute=[0,1,2,3]): [1;32mOK[0m
  FLASH_ATTN_EXT(hsk=72,hsv=72,nh=4,nr23=[1,1],kv=512,nb=75,mask=1,sinks=0,max_bias=0.000000,logit_softcap=0.000000,prec=f32,type_K=f32,type_V=f32,permute=[0,2,1,3]): [1;32mOK[0m
  FLASH_ATTN_EXT(hsk=72,hsv=72,nh=4,nr23=[1,1],kv=512,nb=75,mask=1,sinks=0,max_bias=0.000000,logit_softcap=0.000000,prec=f32,type_K=f16,type_V=f16,permute=[0,1,2,3]): [1;32mOK[0m
  FLASH_ATTN_EXT(hsk=72,hsv=72,nh=4,nr23=[1,1],kv=512,nb=75,mask=1,sinks=0,max_bias=0.000000,logit_softcap=0.000000,prec=f32,type_K=f16,type_V=f16,permute=[0,2,1,3]): [1;32mOK[0m
  FLASH_ATTN_EXT(hsk=72,hsv=72,nh=4,nr23=[1,1],kv=512,nb=75,mask=1,sinks=0,max_bias=0.000000,logit_softcap=0.000000,prec=f32,type_K=bf16,type_V=bf16,permute=[0,1,2,3]): [1;32mOK[0m
  FLASH_ATTN_EXT(hsk=72,hsv=72,nh=4,nr23=[1,1],kv=512,nb=75,mask=1,sinks=0,max_bias=0.000000,logit_softcap=0.000000,prec=f32,type_K=bf16,type_V=bf16,permute=[0,2,1,3]): [1;32mOK[0m
  FLASH_ATTN_EXT(hsk=72,hsv=72,nh=4,nr23=[1,1],kv=512,nb=75,mask=1,sinks=0,max_bias=0.000000,logit_softcap=0.000000,prec=f32,type_K=q8_0,type_V=q8_0,permute=[0,1,2,3]): [1;32mOK[0m
  FLASH_ATTN_EXT(hsk=72,hsv=72,nh=4,nr23=[1,1],kv=512,nb=75,mask=1,sinks=0,max_bias=0.000000,logit_softcap=0.000000,prec=f32,type_K=q8_0,type_V=q8_0,permute=[0,2,1,3]): [1;32mOK[0m
  FLASH_ATTN_EXT(hsk=72,hsv=72,nh=4,nr23=[1,1],kv=512,nb=75,mask=1,sinks=0,max_bias=0.000000,logit_softcap=0.000000,prec=f32,type_K=q5_1,type_V=q5_1,permute=[0,1,2,3]): not supported [ROCm0] 
  FLASH_ATTN_EXT(hsk=72,hsv=72,nh=4,nr23=[1,1],kv=512,nb=75,mask=1,sinks=0,max_bias=0.000000,logit_softcap=0.000000,prec=f32,type_K=q5_1,type_V=q5_1,permute=[0,2,1,3]): not supported [ROCm0] 
  FLASH_ATTN_EXT(hsk=72,hsv=72,nh=4,nr23=[1,1],kv=512,nb=75,mask=1,sinks=0,max_bias=0.000000,logit_softcap=0.000000,prec=f32,type_K=q5_0,type_V=q5_0,permute=[0,1,2,3]): not supported [ROCm0] 
  FLASH_ATTN_EXT(hsk=72,hsv=72,nh=4,nr23=[1,1],kv=512,nb=75,mask=1,sinks=0,max_bias=0.000000,logit_softcap=0.000000,prec=f32,type_K=q5_0,type_V=q5_0,permute=[0,2,1,3]): not supported [ROCm0] 
  FLASH_ATTN_EXT(hsk=72,hsv=72,nh=4,nr23=[1,1],kv=512,nb=75,mask=1,sinks=0,max_bias=0.000000,logit_softcap=0.000000,prec=f32,type_K=q4_1,type_V=q4_1,permute=[0,1,2,3]): not supported [ROCm0] 
  FLASH_ATTN_EXT(hsk=72,hsv=72,nh=4,nr23=[1,1],kv=512,nb=75,mask=1,sinks=0,max_bias=0.000000,logit_softcap=0.000000,prec=f32,type_K=q4_1,type_V=q4_1,permute=[0,2,1,3]): not supported [ROCm0] 
  FLASH_ATTN_EXT(hsk=72,hsv=72,nh=4,nr23=[1,1],kv=512,nb=75,mask=1,sinks=0,max_bias=0.000000,logit_softcap=0.000000,prec=f32,type_K=q4_0,type_V=q4_0,permute=[0,1,2,3]): [1;32mOK[0m
  FLASH_ATTN_EXT(hsk=72,hsv=72,nh=4,nr23=[1,1],kv=512,nb=75,mask=1,sinks=0,max_bias=0.000000,logit_softcap=0.000000,prec=f32,type_K=q4_0,type_V=q4_0,permute=[0,2,1,3]): [1;32mOK[0m
  FLASH_ATTN_EXT(hsk=72,hsv=72,nh=4,nr23=[1,1],kv=512,nb=75,mask=1,sinks=0,max_bias=0.000000,logit_softcap=0.000000,prec=f32,type_K=iq4_nl,type_V=iq4_nl,permute=[0,1,2,3]): not supported [ROCm0] 
  FLASH_ATTN_EXT(hsk=72,hsv=72,nh=4,nr23=[1,1],kv=512,nb=75,mask=1,sinks=0,max_bias=0.000000,logit_softcap=0.000000,prec=f32,type_K=iq4_nl,type_V=iq4_nl,permute=[0,2,1,3]): not supported [ROCm0] 
  FLASH_ATTN_EXT(hsk=72,hsv=72,nh=4,nr23=[1,1],kv=1024,nb=1,mask=1,sinks=0,max_bias=0.000000,logit_softcap=0.000000,prec=f32,type_K=f32,type_V=f32,permute=[0,1,2,3]): [1;32mOK[0m
  FLASH_ATTN_EXT(hsk=72,hsv=72,nh=4,nr23=[1,1],kv=1024,nb=1,mask=1,sinks=0,max_bias=0.000000,logit_softcap=0.000000,prec=f32,type_K=f16,type_V=f16,permute=[0,1,2,3]): [1;32mOK[0m
  FLASH_ATTN_EXT(hsk=72,hsv=72,nh=4,nr23=[1,1],kv=1024,nb=1,mask=1,sinks=0,max_bias=0.000000,logit_softcap=0.000000,prec=f32,type_K=bf16,type_V=bf16,permute=[0,1,2,3]): [1;32mOK[0m
  FLASH_ATTN_EXT(hsk=72,hsv=72,nh=4,nr23=[1,1],kv=1024,nb=1,mask=1,sinks=0,max_bias=0.000000,logit_softcap=0.000000,prec=f32,type_K=q8_0,type_V=q8_0,permute=[0,1,2,3]): [1;32mOK[0m
  FLASH_ATTN_EXT(hsk=72,hsv=72,nh=4,nr23=[1,1],kv=1024,nb=1,mask=1,sinks=0,max_bias=0.000000,logit_softcap=0.000000,prec=f32,type_K=q5_1,type_V=q5_1,permute=[0,1,2,3]): not supported [ROCm0] 
  FLASH_ATTN_EXT(hsk=72,hsv=72,nh=4,nr23=[1,1],kv=1024,nb=1,mask=1,sinks=0,max_bias=0.000000,logit_softcap=0.000000,prec=f32,type_K=q5_0,type_V=q5_0,permute=[0,1,2,3]): not supported [ROCm0] 
  FLASH_ATTN_EXT(hsk=72,hsv=72,nh=4,nr23=[1,1],kv=1024,nb=1,mask=1,sinks=0,max_bias=0.000000,logit_softcap=0.000000,prec=f32,type_K=q4_1,type_V=q4_1,permute=[0,1,2,3]): not supported [ROCm0] 
  FLASH_ATTN_EXT(hsk=72,hsv=72,nh=4,nr23=[1,1],kv=1024,nb=1,mask=1,sinks=0,max_bias=0.000000,logit_softcap=0.000000,prec=f32,type_K=q4_0,type_V=q4_0,permute=[0,1,2,3]): [1;32mOK[0m
  FLASH_ATTN_EXT(hsk=72,hsv=72,nh=4,nr23=[1,1],kv=1024,nb=1,mask=1,sinks=0,max_bias=0.000000,logit_softcap=0.000000,prec=f32,type_K=iq4_nl,type_V=iq4_nl,permute=[0,1,2,3]): not supported [ROCm0] 
  FLASH_ATTN_EXT(hsk=72,hsv=72,nh=4,nr23=[1,1],kv=1024,nb=3,mask=1,sinks=0,max_bias=0.000000,logit_softcap=0.000000,prec=f32,type_K=f32,type_V=f32,permute=[0,1,2,3]): [1;32mOK[0m
  FLASH_ATTN_EXT(hsk=72,hsv=72,nh=4,nr23=[1,1],kv=1024,nb=3,mask=1,sinks=0,max_bias=0.000000,logit_softcap=0.000000,prec=f32,type_K=f16,type_V=f16,permute=[0,1,2,3]): [1;32mOK[0m
  FLASH_ATTN_EXT(hsk=72,hsv=72,nh=4,nr23=[1,1],kv=1024,nb=3,mask=1,sinks=0,max_bias=0.000000,logit_softcap=0.000000,prec=f32,type_K=bf16,type_V=bf16,permute=[0,1,2,3]): [1;32mOK[0m
  FLASH_ATTN_EXT(hsk=72,hsv=72,nh=4,nr23=[1,1],kv=1024,nb=3,mask=1,sinks=0,max_bias=0.000000,logit_softcap=0.000000,prec=f32,type_K=q8_0,type_V=q8_0,permute=[0,1,2,3]): [1;32mOK[0m
  FLASH_ATTN_EXT(hsk=72,hsv=72,nh=4,nr23=[1,1],kv=1024,nb=3,mask=1,sinks=0,max_bias=0.000000,logit_softcap=0.000000,prec=f32,type_K=q5_1,type_V=q5_1,permute=[0,1,2,3]): not supported [ROCm0] 
  FLASH_ATTN_EXT(hsk=72,hsv=72,nh=4,nr23=[1,1],kv=1024,nb=3,mask=1,sinks=0,max_bias=0.000000,logit_softcap=0.000000,prec=f32,type_K=q5_0,type_V=q5_0,permute=[0,1,2,3]): not supported [ROCm0] 
  FLASH_ATTN_EXT(hsk=72,hsv=72,nh=4,nr23=[1,1],kv=1024,nb=3,mask=1,sinks=0,max_bias=0.000000,logit_softcap=0.000000,prec=f32,type_K=q4_1,type_V=q4_1,permute=[0,1,2,3]): not supported [ROCm0] 
  FLASH_ATTN_EXT(hsk=72,hsv=72,nh=4,nr23=[1,1],kv=1024,nb=3,mask=1,sinks=0,max_bias=0.000000,logit_softcap=0.000000,prec=f32,type_K=q4_0,type_V=q4_0,permute=[0,1,2,3]): [1;32mOK[0m
  FLASH_ATTN_EXT(hsk=72,hsv=72,nh=4,nr23=[1,1],kv=1024,nb=3,mask=1,sinks=0,max_bias=0.000000,logit_softcap=0.000000,prec=f32,type_K=iq4_nl,type_V=iq4_nl,permute=[0,1,2,3]): not supported [ROCm0] 
  FLASH_ATTN_EXT(hsk=72,hsv=72,nh=4,nr23=[1,1],kv=1024,nb=32,mask=1,sinks=0,max_bias=0.000000,logit_softcap=0.000000,prec=f32,type_K=f32,type_V=f32,permute=[0,1,2,3]): [1;32mOK[0m
  FLASH_ATTN_EXT(hsk=72,hsv=72,nh=4,nr23=[1,1],kv=1024,nb=32,mask=1,sinks=0,max_bias=0.000000,logit_softcap=0.000000,prec=f32,type_K=f16,type_V=f16,permute=[0,1,2,3]): [1;32mOK[0m
  FLASH_ATTN_EXT(hsk=72,hsv=72,nh=4,nr23=[1,1],kv=1024,nb=32,mask=1,sinks=0,max_bias=0.000000,logit_softcap=0.000000,prec=f32,type_K=bf16,type_V=bf16,permute=[0,1,2,3]): [1;32mOK[0m
  FLASH_ATTN_EXT(hsk=72,hsv=72,nh=4,nr23=[1,1],kv=1024,nb=32,mask=1,sinks=0,max_bias=0.000000,logit_softcap=0.000000,prec=f32,type_K=q8_0,type_V=q8_0,permute=[0,1,2,3]): [1;32mOK[0m
  FLASH_ATTN_EXT(hsk=72,hsv=72,nh=4,nr23=[1,1],kv=1024,nb=32,mask=1,sinks=0,max_bias=0.000000,logit_softcap=0.000000,prec=f32,type_K=q5_1,type_V=q5_1,permute=[0,1,2,3]): not supported [ROCm0] 
  FLASH_ATTN_EXT(hsk=72,hsv=72,nh=4,nr23=[1,1],kv=1024,nb=32,mask=1,sinks=0,max_bias=0.000000,logit_softcap=0.000000,prec=f32,type_K=q5_0,type_V=q5_0,permute=[0,1,2,3]): not supported [ROCm0] 
  FLASH_ATTN_EXT(hsk=72,hsv=72,nh=4,nr23=[1,1],kv=1024,nb=32,mask=1,sinks=0,max_bias=0.000000,logit_softcap=0.000000,prec=f32,type_K=q4_1,type_V=q4_1,permute=[0,1,2,3]): not supported [ROCm0] 
  FLASH_ATTN_EXT(hsk=72,hsv=72,nh=4,nr23=[1,1],kv=1024,nb=32,mask=1,sinks=0,max_bias=0.000000,logit_softcap=0.000000,prec=f32,type_K=q4_0,type_V=q4_0,permute=[0,1,2,3]): [1;32mOK[0m
  FLASH_ATTN_EXT(hsk=72,hsv=72,nh=4,nr23=[1,1],kv=1024,nb=32,mask=1,sinks=0,max_bias=0.000000,logit_softcap=0.000000,prec=f32,type_K=iq4_nl,type_V=iq4_nl,permute=[0,1,2,3]): not supported [ROCm0] 
  FLASH_ATTN_EXT(hsk=72,hsv=72,nh=4,nr23=[1,1],kv=1024,nb=75,mask=1,sinks=0,max_bias=0.000000,logit_softcap=0.000000,prec=f32,type_K=f32,type_V=f32,permute=[0,1,2,3]): [1;32mOK[0m
  FLASH_ATTN_EXT(hsk=72,hsv=72,nh=4,nr23=[1,1],kv=1024,nb=75,mask=1,sinks=0,max_bias=0.000000,logit_softcap=0.000000,prec=f32,type_K=f16,type_V=f16,permute=[0,1,2,3]): [1;32mOK[0m
  FLASH_ATTN_EXT(hsk=72,hsv=72,nh=4,nr23=[1,1],kv=1024,nb=75,mask=1,sinks=0,max_bias=0.000000,logit_softcap=0.000000,prec=f32,type_K=bf16,type_V=bf16,permute=[0,1,2,3]): [1;32mOK[0m
  FLASH_ATTN_EXT(hsk=72,hsv=72,nh=4,nr23=[1,1],kv=1024,nb=75,mask=1,sinks=0,max_bias=0.000000,logit_softcap=0.000000,prec=f32,type_K=q8_0,type_V=q8_0,permute=[0,1,2,3]): [1;32mOK[0m
  FLASH_ATTN_EXT(hsk=72,hsv=72,nh=4,nr23=[1,1],kv=1024,nb=75,mask=1,sinks=0,max_bias=0.000000,logit_softcap=0.000000,prec=f32,type_K=q5_1,type_V=q5_1,permute=[0,1,2,3]): not supported [ROCm0] 
  FLASH_ATTN_EXT(hsk=72,hsv=72,nh=4,nr23=[1,1],kv=1024,nb=75,mask=1,sinks=0,max_bias=0.000000,logit_softcap=0.000000,prec=f32,type_K=q5_0,type_V=q5_0,permute=[0,1,2,3]): not supported [ROCm0] 
  FLASH_ATTN_EXT(hsk=72,hsv=72,nh=4,nr23=[1,1],kv=1024,nb=75,mask=1,sinks=0,max_bias=0.000000,logit_softcap=0.000000,prec=f32,type_K=q4_1,type_V=q4_1,permute=[0,1,2,3]): not supported [ROCm0] 
  FLASH_ATTN_EXT(hsk=72,hsv=72,nh=4,nr23=[1,1],kv=1024,nb=75,mask=1,sinks=0,max_bias=0.000000,logit_softcap=0.000000,prec=f32,type_K=q4_0,type_V=q4_0,permute=[0,1,2,3]): [1;32mOK[0m
  FLASH_ATTN_EXT(hsk=72,hsv=72,nh=4,nr23=[1,1],kv=1024,nb=75,mask=1,sinks=0,max_bias=0.000000,logit_softcap=0.000000,prec=f32,type_K=iq4_nl,type_V=iq4_nl,permute=[0,1,2,3]): not supported [ROCm0] 
  FLASH_ATTN_EXT(hsk=72,hsv=72,nh=4,nr23=[4,1],kv=512,nb=1,mask=1,sinks=0,max_bias=0.000000,logit_softcap=0.000000,prec=f32,type_K=f32,type_V=f32,permute=[0,1,2,3]): [1;32mOK[0m
  FLASH_ATTN_EXT(hsk=72,hsv=72,nh=4,nr23=[4,1],kv=512,nb=1,mask=1,sinks=0,max_bias=0.000000,logit_softcap=0.000000,prec=f32,type_K=f32,type_V=f32,permute=[0,2,1,3]): [1;32mOK[0m
  FLASH_ATTN_EXT(hsk=72,hsv=72,nh=4,nr23=[4,1],kv=512,nb=1,mask=1,sinks=0,max_bias=0.000000,logit_softcap=0.000000,prec=f32,type_K=f16,type_V=f16,permute=[0,1,2,3]): [1;32mOK[0m
  FLASH_ATTN_EXT(hsk=72,hsv=72,nh=4,nr23=[4,1],kv=512,nb=1,mask=1,sinks=0,max_bias=0.000000,logit_softcap=0.000000,prec=f32,type_K=f16,type_V=f16,permute=[0,2,1,3]): [1;32mOK[0m
  FLASH_ATTN_EXT(hsk=72,hsv=72,nh=4,nr23=[4,1],kv=512,nb=1,mask=1,sinks=0,max_bias=0.000000,logit_softcap=0.000000,prec=f32,type_K=bf16,type_V=bf16,permute=[0,1,2,3]): [1;32mOK[0m
  FLASH_ATTN_EXT(hsk=72,hsv=72,nh=4,nr23=[4,1],kv=512,nb=1,mask=1,sinks=0,max_bias=0.000000,logit_softcap=0.000000,prec=f32,type_K=bf16,type_V=bf16,permute=[0,2,1,3]): [1;32mOK[0m
  FLASH_ATTN_EXT(hsk=72,hsv=72,nh=4,nr23=[4,1],kv=512,nb=1,mask=1,sinks=0,max_bias=0.000000,logit_softcap=0.000000,prec=f32,type_K=q8_0,type_V=q8_0,permute=[0,1,2,3]): [1;32mOK[0m
  FLASH_ATTN_EXT(hsk=72,hsv=72,nh=4,nr23=[4,1],kv=512,nb=1,mask=1,sinks=0,max_bias=0.000000,logit_softcap=0.000000,prec=f32,type_K=q8_0,type_V=q8_0,permute=[0,2,1,3]): [1;32mOK[0m
  FLASH_ATTN_EXT(hsk=72,hsv=72,nh=4,nr23=[4,1],kv=512,nb=1,mask=1,sinks=0,max_bias=0.000000,logit_softcap=0.000000,prec=f32,type_K=q5_1,type_V=q5_1,permute=[0,1,2,3]): not supported [ROCm0] 
  FLASH_ATTN_EXT(hsk=72,hsv=72,nh=4,nr23=[4,1],kv=512,nb=1,mask=1,sinks=0,max_bias=0.000000,logit_softcap=0.000000,prec=f32,type_K=q5_1,type_V=q5_1,permute=[0,2,1,3]): not supported [ROCm0] 
  FLASH_ATTN_EXT(hsk=72,hsv=72,nh=4,nr23=[4,1],kv=512,nb=1,mask=1,sinks=0,max_bias=0.000000,logit_softcap=0.000000,prec=f32,type_K=q5_0,type_V=q5_0,permute=[0,1,2,3]): not supported [ROCm0] 
  FLASH_ATTN_EXT(hsk=72,hsv=72,nh=4,nr23=[4,1],kv=512,nb=1,mask=1,sinks=0,max_bias=0.000000,logit_softcap=0.000000,prec=f32,type_K=q5_0,type_V=q5_0,permute=[0,2,1,3]): not supported [ROCm0] 
  FLASH_ATTN_EXT(hsk=72,hsv=72,nh=4,nr23=[4,1],kv=512,nb=1,mask=1,sinks=0,max_bias=0.000000,logit_softcap=0.000000,prec=f32,type_K=q4_1,type_V=q4_1,permute=[0,1,2,3]): not supported [ROCm0] 
  FLASH_ATTN_EXT(hsk=72,hsv=72,nh=4,nr23=[4,1],kv=512,nb=1,mask=1,sinks=0,max_bias=0.000000,logit_softcap=0.000000,prec=f32,type_K=q4_1,type_V=q4_1,permute=[0,2,1,3]): not supported [ROCm0] 
  FLASH_ATTN_EXT(hsk=72,hsv=72,nh=4,nr23=[4,1],kv=512,nb=1,mask=1,sinks=0,max_bias=0.000000,logit_softcap=0.000000,prec=f32,type_K=q4_0,type_V=q4_0,permute=[0,1,2,3]): [1;32mOK[0m
  FLASH_ATTN_EXT(hsk=72,hsv=72,nh=4,nr23=[4,1],kv=512,nb=1,mask=1,sinks=0,max_bias=0.000000,logit_softcap=0.000000,prec=f32,type_K=q4_0,type_V=q4_0,permute=[0,2,1,3]): [1;32mOK[0m
  FLASH_ATTN_EXT(hsk=72,hsv=72,nh=4,nr23=[4,1],kv=512,nb=1,mask=1,sinks=0,max_bias=0.000000,logit_softcap=0.000000,prec=f32,type_K=iq4_nl,type_V=iq4_nl,permute=[0,1,2,3]): not supported [ROCm0] 
  FLASH_ATTN_EXT(hsk=72,hsv=72,nh=4,nr23=[4,1],kv=512,nb=1,mask=1,sinks=0,max_bias=0.000000,logit_softcap=0.000000,prec=f32,type_K=iq4_nl,type_V=iq4_nl,permute=[0,2,1,3]): not supported [ROCm0] 
  FLASH_ATTN_EXT(hsk=72,hsv=72,nh=4,nr23=[4,1],kv=512,nb=3,mask=1,sinks=0,max_bias=0.000000,logit_softcap=0.000000,prec=f32,type_K=f32,type_V=f32,permute=[0,1,2,3]): [1;32mOK[0m
  FLASH_ATTN_EXT(hsk=72,hsv=72,nh=4,nr23=[4,1],kv=512,nb=3,mask=1,sinks=0,max_bias=0.000000,logit_softcap=0.000000,prec=f32,type_K=f32,type_V=f32,permute=[0,2,1,3]): [1;32mOK[0m
  FLASH_ATTN_EXT(hsk=72,hsv=72,nh=4,nr23=[4,1],kv=512,nb=3,mask=1,sinks=0,max_bias=0.000000,logit_softcap=0.000000,prec=f32,type_K=f16,type_V=f16,permute=[0,1,2,3]): [1;32mOK[0m
  FLASH_ATTN_EXT(hsk=72,hsv=72,nh=4,nr23=[4,1],kv=512,nb=3,mask=1,sinks=0,max_bias=0.000000,logit_softcap=0.000000,prec=f32,type_K=f16,type_V=f16,permute=[0,2,1,3]): [1;32mOK[0m
  FLASH_ATTN_EXT(hsk=72,hsv=72,nh=4,nr23=[4,1],kv=512,nb=3,mask=1,sinks=0,max_bias=0.000000,logit_softcap=0.000000,prec=f32,type_K=bf16,type_V=bf16,permute=[0,1,2,3]): [1;32mOK[0m
  FLASH_ATTN_EXT(hsk=72,hsv=72,nh=4,nr23=[4,1],kv=512,nb=3,mask=1,sinks=0,max_bias=0.000000,logit_softcap=0.000000,prec=f32,type_K=bf16,type_V=bf16,permute=[0,2,1,3]): [1;32mOK[0m
  FLASH_ATTN_EXT(hsk=72,hsv=72,nh=4,nr23=[4,1],kv=512,nb=3,mask=1,sinks=0,max_bias=0.000000,logit_softcap=0.000000,prec=f32,type_K=q8_0,type_V=q8_0,permute=[0,1,2,3]): [1;32mOK[0m
  FLASH_ATTN_EXT(hsk=72,hsv=72,nh=4,nr23=[4,1],kv=512,nb=3,mask=1,sinks=0,max_bias=0.000000,logit_softcap=0.000000,prec=f32,type_K=q8_0,type_V=q8_0,permute=[0,2,1,3]): [1;32mOK[0m
  FLASH_ATTN_EXT(hsk=72,hsv=72,nh=4,nr23=[4,1],kv=512,nb=3,mask=1,sinks=0,max_bias=0.000000,logit_softcap=0.000000,prec=f32,type_K=q5_1,type_V=q5_1,permute=[0,1,2,3]): not supported [ROCm0] 
  FLASH_ATTN_EXT(hsk=72,hsv=72,nh=4,nr23=[4,1],kv=512,nb=3,mask=1,sinks=0,max_bias=0.000000,logit_softcap=0.000000,prec=f32,type_K=q5_1,type_V=q5_1,permute=[0,2,1,3]): not supported [ROCm0] 
  FLASH_ATTN_EXT(hsk=72,hsv=72,nh=4,nr23=[4,1],kv=512,nb=3,mask=1,sinks=0,max_bias=0.000000,logit_softcap=0.000000,prec=f32,type_K=q5_0,type_V=q5_0,permute=[0,1,2,3]): not supported [ROCm0] 
  FLASH_ATTN_EXT(hsk=72,hsv=72,nh=4,nr23=[4,1],kv=512,nb=3,mask=1,sinks=0,max_bias=0.000000,logit_softcap=0.000000,prec=f32,type_K=q5_0,type_V=q5_0,permute=[0,2,1,3]): not supported [ROCm0] 
  FLASH_ATTN_EXT(hsk=72,hsv=72,nh=4,nr23=[4,1],kv=512,nb=3,mask=1,sinks=0,max_bias=0.000000,logit_softcap=0.000000,prec=f32,type_K=q4_1,type_V=q4_1,permute=[0,1,2,3]): not supported [ROCm0] 
  FLASH_ATTN_EXT(hsk=72,hsv=72,nh=4,nr23=[4,1],kv=512,nb=3,mask=1,sinks=0,max_bias=0.000000,logit_softcap=0.000000,prec=f32,type_K=q4_1,type_V=q4_1,permute=[0,2,1,3]): not supported [ROCm0] 
  FLASH_ATTN_EXT(hsk=72,hsv=72,nh=4,nr23=[4,1],kv=512,nb=3,mask=1,sinks=0,max_bias=0.000000,logit_softcap=0.000000,prec=f32,type_K=q4_0,type_V=q4_0,permute=[0,1,2,3]): [1;32mOK[0m
  FLASH_ATTN_EXT(hsk=72,hsv=72,nh=4,nr23=[4,1],kv=512,nb=3,mask=1,sinks=0,max_bias=0.000000,logit_softcap=0.000000,prec=f32,type_K=q4_0,type_V=q4_0,permute=[0,2,1,3]): [1;32mOK[0m
  FLASH_ATTN_EXT(hsk=72,hsv=72,nh=4,nr23=[4,1],kv=512,nb=3,mask=1,sinks=0,max_bias=0.000000,logit_softcap=0.000000,prec=f32,type_K=iq4_nl,type_V=iq4_nl,permute=[0,1,2,3]): not supported [ROCm0] 
  FLASH_ATTN_EXT(hsk=72,hsv=72,nh=4,nr23=[4,1],kv=512,nb=3,mask=1,sinks=0,max_bias=0.000000,logit_softcap=0.000000,prec=f32,type_K=iq4_nl,type_V=iq4_nl,permute=[0,2,1,3]): not supported [ROCm0] 
  FLASH_ATTN_EXT(hsk=72,hsv=72,nh=4,nr23=[4,1],kv=512,nb=32,mask=1,sinks=0,max_bias=0.000000,logit_softcap=0.000000,prec=f32,type_K=f32,type_V=f32,permute=[0,1,2,3]): [1;32mOK[0m
  FLASH_ATTN_EXT(hsk=72,hsv=72,nh=4,nr23=[4,1],kv=512,nb=32,mask=1,sinks=0,max_bias=0.000000,logit_softcap=0.000000,prec=f32,type_K=f32,type_V=f32,permute=[0,2,1,3]): [1;32mOK[0m
  FLASH_ATTN_EXT(hsk=72,hsv=72,nh=4,nr23=[4,1],kv=512,nb=32,mask=1,sinks=0,max_bias=0.000000,logit_softcap=0.000000,prec=f32,type_K=f16,type_V=f16,permute=[0,1,2,3]): [1;32mOK[0m
  FLASH_ATTN_EXT(hsk=72,hsv=72,nh=4,nr23=[4,1],kv=512,nb=32,mask=1,sinks=0,max_bias=0.000000,logit_softcap=0.000000,prec=f32,type_K=f16,type_V=f16,permute=[0,2,1,3]): [1;32mOK[0m
  FLASH_ATTN_EXT(hsk=72,hsv=72,nh=4,nr23=[4,1],kv=512,nb=32,mask=1,sinks=0,max_bias=0.000000,logit_softcap=0.000000,prec=f32,type_K=bf16,type_V=bf16,permute=[0,1,2,3]): [1;32mOK[0m
  FLASH_ATTN_EXT(hsk=72,hsv=72,nh=4,nr23=[4,1],kv=512,nb=32,mask=1,sinks=0,max_bias=0.000000,logit_softcap=0.000000,prec=f32,type_K=bf16,type_V=bf16,permute=[0,2,1,3]): [1;32mOK[0m
  FLASH_ATTN_EXT(hsk=72,hsv=72,nh=4,nr23=[4,1],kv=512,nb=32,mask=1,sinks=0,max_bias=0.000000,logit_softcap=0.000000,prec=f32,type_K=q8_0,type_V=q8_0,permute=[0,1,2,3]): [1;32mOK[0m
  FLASH_ATTN_EXT(hsk=72,hsv=72,nh=4,nr23=[4,1],kv=512,nb=32,mask=1,sinks=0,max_bias=0.000000,logit_softcap=0.000000,prec=f32,type_K=q8_0,type_V=q8_0,permute=[0,2,1,3]): [1;32mOK[0m
  FLASH_ATTN_EXT(hsk=72,hsv=72,nh=4,nr23=[4,1],kv=512,nb=32,mask=1,sinks=0,max_bias=0.000000,logit_softcap=0.000000,prec=f32,type_K=q5_1,type_V=q5_1,permute=[0,1,2,3]): not supported [ROCm0] 
  FLASH_ATTN_EXT(hsk=72,hsv=72,nh=4,nr23=[4,1],kv=512,nb=32,mask=1,sinks=0,max_bias=0.000000,logit_softcap=0.000000,prec=f32,type_K=q5_1,type_V=q5_1,permute=[0,2,1,3]): not supported [ROCm0] 
  FLASH_ATTN_EXT(hsk=72,hsv=72,nh=4,nr23=[4,1],kv=512,nb=32,mask=1,sinks=0,max_bias=0.000000,logit_softcap=0.000000,prec=f32,type_K=q5_0,type_V=q5_0,permute=[0,1,2,3]): not supported [ROCm0] 
  FLASH_ATTN_EXT(hsk=72,hsv=72,nh=4,nr23=[4,1],kv=512,nb=32,mask=1,sinks=0,max_bias=0.000000,logit_softcap=0.000000,prec=f32,type_K=q5_0,type_V=q5_0,permute=[0,2,1,3]): not supported [ROCm0] 
  FLASH_ATTN_EXT(hsk=72,hsv=72,nh=4,nr23=[4,1],kv=512,nb=32,mask=1,sinks=0,max_bias=0.000000,logit_softcap=0.000000,prec=f32,type_K=q4_1,type_V=q4_1,permute=[0,1,2,3]): not supported [ROCm0] 
  FLASH_ATTN_EXT(hsk=72,hsv=72,nh=4,nr23=[4,1],kv=512,nb=32,mask=1,sinks=0,max_bias=0.000000,logit_softcap=0.000000,prec=f32,type_K=q4_1,type_V=q4_1,permute=[0,2,1,3]): not supported [ROCm0] 
  FLASH_ATTN_EXT(hsk=72,hsv=72,nh=4,nr23=[4,1],kv=512,nb=32,mask=1,sinks=0,max_bias=0.000000,logit_softcap=0.000000,prec=f32,type_K=q4_0,type_V=q4_0,permute=[0,1,2,3]): [1;32mOK[0m
  FLASH_ATTN_EXT(hsk=72,hsv=72,nh=4,nr23=[4,1],kv=512,nb=32,mask=1,sinks=0,max_bias=0.000000,logit_softcap=0.000000,prec=f32,type_K=q4_0,type_V=q4_0,permute=[0,2,1,3]): [1;32mOK[0m
  FLASH_ATTN_EXT(hsk=72,hsv=72,nh=4,nr23=[4,1],kv=512,nb=32,mask=1,sinks=0,max_bias=0.000000,logit_softcap=0.000000,prec=f32,type_K=iq4_nl,type_V=iq4_nl,permute=[0,1,2,3]): not supported [ROCm0] 
  FLASH_ATTN_EXT(hsk=72,hsv=72,nh=4,nr23=[4,1],kv=512,nb=32,mask=1,sinks=0,max_bias=0.000000,logit_softcap=0.000000,prec=f32,type_K=iq4_nl,type_V=iq4_nl,permute=[0,2,1,3]): not supported [ROCm0] 
  FLASH_ATTN_EXT(hsk=72,hsv=72,nh=4,nr23=[4,1],kv=512,nb=75,mask=1,sinks=0,max_bias=0.000000,logit_softcap=0.000000,prec=f32,type_K=f32,type_V=f32,permute=[0,1,2,3]): [1;32mOK[0m
  FLASH_ATTN_EXT(hsk=72,hsv=72,nh=4,nr23=[4,1],kv=512,nb=75,mask=1,sinks=0,max_bias=0.000000,logit_softcap=0.000000,prec=f32,type_K=f32,type_V=f32,permute=[0,2,1,3]): [1;32mOK[0m
  FLASH_ATTN_EXT(hsk=72,hsv=72,nh=4,nr23=[4,1],kv=512,nb=75,mask=1,sinks=0,max_bias=0.000000,logit_softcap=0.000000,prec=f32,type_K=f16,type_V=f16,permute=[0,1,2,3]): [1;32mOK[0m
  FLASH_ATTN_EXT(hsk=72,hsv=72,nh=4,nr23=[4,1],kv=512,nb=75,mask=1,sinks=0,max_bias=0.000000,logit_softcap=0.000000,prec=f32,type_K=f16,type_V=f16,permute=[0,2,1,3]): [1;32mOK[0m
  FLASH_ATTN_EXT(hsk=72,hsv=72,nh=4,nr23=[4,1],kv=512,nb=75,mask=1,sinks=0,max_bias=0.000000,logit_softcap=0.000000,prec=f32,type_K=bf16,type_V=bf16,permute=[0,1,2,3]): [1;32mOK[0m
  FLASH_ATTN_EXT(hsk=72,hsv=72,nh=4,nr23=[4,1],kv=512,nb=75,mask=1,sinks=0,max_bias=0.000000,logit_softcap=0.000000,prec=f32,type_K=bf16,type_V=bf16,permute=[0,2,1,3]): [1;32mOK[0m
  FLASH_ATTN_EXT(hsk=72,hsv=72,nh=4,nr23=[4,1],kv=512,nb=75,mask=1,sinks=0,max_bias=0.000000,logit_softcap=0.000000,prec=f32,type_K=q8_0,type_V=q8_0,permute=[0,1,2,3]): [1;32mOK[0m
  FLASH_ATTN_EXT(hsk=72,hsv=72,nh=4,nr23=[4,1],kv=512,nb=75,mask=1,sinks=0,max_bias=0.000000,logit_softcap=0.000000,prec=f32,type_K=q8_0,type_V=q8_0,permute=[0,2,1,3]): [1;32mOK[0m
  FLASH_ATTN_EXT(hsk=72,hsv=72,nh=4,nr23=[4,1],kv=512,nb=75,mask=1,sinks=0,max_bias=0.000000,logit_softcap=0.000000,prec=f32,type_K=q5_1,type_V=q5_1,permute=[0,1,2,3]): not supported [ROCm0] 
  FLASH_ATTN_EXT(hsk=72,hsv=72,nh=4,nr23=[4,1],kv=512,nb=75,mask=1,sinks=0,max_bias=0.000000,logit_softcap=0.000000,prec=f32,type_K=q5_1,type_V=q5_1,permute=[0,2,1,3]): not supported [ROCm0] 
  FLASH_ATTN_EXT(hsk=72,hsv=72,nh=4,nr23=[4,1],kv=512,nb=75,mask=1,sinks=0,max_bias=0.000000,logit_softcap=0.000000,prec=f32,type_K=q5_0,type_V=q5_0,permute=[0,1,2,3]): not supported [ROCm0] 
  FLASH_ATTN_EXT(hsk=72,hsv=72,nh=4,nr23=[4,1],kv=512,nb=75,mask=1,sinks=0,max_bias=0.000000,logit_softcap=0.000000,prec=f32,type_K=q5_0,type_V=q5_0,permute=[0,2,1,3]): not supported [ROCm0] 
  FLASH_ATTN_EXT(hsk=72,hsv=72,nh=4,nr23=[4,1],kv=512,nb=75,mask=1,sinks=0,max_bias=0.000000,logit_softcap=0.000000,prec=f32,type_K=q4_1,type_V=q4_1,permute=[0,1,2,3]): not supported [ROCm0] 
  FLASH_ATTN_EXT(hsk=72,hsv=72,nh=4,nr23=[4,1],kv=512,nb=75,mask=1,sinks=0,max_bias=0.000000,logit_softcap=0.000000,prec=f32,type_K=q4_1,type_V=q4_1,permute=[0,2,1,3]): not supported [ROCm0] 
  FLASH_ATTN_EXT(hsk=72,hsv=72,nh=4,nr23=[4,1],kv=512,nb=75,mask=1,sinks=0,max_bias=0.000000,logit_softcap=0.000000,prec=f32,type_K=q4_0,type_V=q4_0,permute=[0,1,2,3]): [1;32mOK[0m
  FLASH_ATTN_EXT(hsk=72,hsv=72,nh=4,nr23=[4,1],kv=512,nb=75,mask=1,sinks=0,max_bias=0.000000,logit_softcap=0.000000,prec=f32,type_K=q4_0,type_V=q4_0,permute=[0,2,1,3]): [1;32mOK[0m
  FLASH_ATTN_EXT(hsk=72,hsv=72,nh=4,nr23=[4,1],kv=512,nb=75,mask=1,sinks=0,max_bias=0.000000,logit_softcap=0.000000,prec=f32,type_K=iq4_nl,type_V=iq4_nl,permute=[0,1,2,3]): not supported [ROCm0] 
  FLASH_ATTN_EXT(hsk=72,hsv=72,nh=4,nr23=[4,1],kv=512,nb=75,mask=1,sinks=0,max_bias=0.000000,logit_softcap=0.000000,prec=f32,type_K=iq4_nl,type_V=iq4_nl,permute=[0,2,1,3]): not supported [ROCm0] 
  FLASH_ATTN_EXT(hsk=72,hsv=72,nh=4,nr23=[1,1],kv=113,nb=1,mask=1,sinks=0,max_bias=8.000000,logit_softcap=0.000000,prec=f32,type_K=f32,type_V=f32,permute=[0,1,2,3]): [1;32mOK[0m
  FLASH_ATTN_EXT(hsk=72,hsv=72,nh=4,nr23=[1,1],kv=113,nb=1,mask=1,sinks=0,max_bias=8.000000,logit_softcap=0.000000,prec=f32,type_K=f16,type_V=f16,permute=[0,1,2,3]): [1;32mOK[0m
  FLASH_ATTN_EXT(hsk=72,hsv=72,nh=4,nr23=[1,1],kv=113,nb=1,mask=1,sinks=0,max_bias=8.000000,logit_softcap=0.000000,prec=f32,type_K=bf16,type_V=bf16,permute=[0,1,2,3]): [1;32mOK[0m
  FLASH_ATTN_EXT(hsk=72,hsv=72,nh=4,nr23=[1,1],kv=113,nb=1,mask=1,sinks=0,max_bias=8.000000,logit_softcap=0.000000,prec=f32,type_K=q8_0,type_V=q8_0,permute=[0,1,2,3]): [1;32mOK[0m
  FLASH_ATTN_EXT(hsk=72,hsv=72,nh=4,nr23=[1,1],kv=113,nb=1,mask=1,sinks=0,max_bias=8.000000,logit_softcap=0.000000,prec=f32,type_K=q5_1,type_V=q5_1,permute=[0,1,2,3]): not supported [ROCm0] 
  FLASH_ATTN_EXT(hsk=72,hsv=72,nh=4,nr23=[1,1],kv=113,nb=1,mask=1,sinks=0,max_bias=8.000000,logit_softcap=0.000000,prec=f32,type_K=q5_0,type_V=q5_0,permute=[0,1,2,3]): not supported [ROCm0] 
  FLASH_ATTN_EXT(hsk=72,hsv=72,nh=4,nr23=[1,1],kv=113,nb=1,mask=1,sinks=0,max_bias=8.000000,logit_softcap=0.000000,prec=f32,type_K=q4_1,type_V=q4_1,permute=[0,1,2,3]): not supported [ROCm0] 
  FLASH_ATTN_EXT(hsk=72,hsv=72,nh=4,nr23=[1,1],kv=113,nb=1,mask=1,sinks=0,max_bias=8.000000,logit_softcap=0.000000,prec=f32,type_K=q4_0,type_V=q4_0,permute=[0,1,2,3]): [1;32mOK[0m
  FLASH_ATTN_EXT(hsk=72,hsv=72,nh=4,nr23=[1,1],kv=113,nb=1,mask=1,sinks=0,max_bias=8.000000,logit_softcap=0.000000,prec=f32,type_K=iq4_nl,type_V=iq4_nl,permute=[0,1,2,3]): not supported [ROCm0] 
  FLASH_ATTN_EXT(hsk=72,hsv=72,nh=4,nr23=[1,1],kv=113,nb=3,mask=1,sinks=0,max_bias=8.000000,logit_softcap=0.000000,prec=f32,type_K=f32,type_V=f32,permute=[0,1,2,3]): [1;32mOK[0m
  FLASH_ATTN_EXT(hsk=72,hsv=72,nh=4,nr23=[1,1],kv=113,nb=3,mask=1,sinks=0,max_bias=8.000000,logit_softcap=0.000000,prec=f32,type_K=f16,type_V=f16,permute=[0,1,2,3]): [1;32mOK[0m
  FLASH_ATTN_EXT(hsk=72,hsv=72,nh=4,nr23=[1,1],kv=113,nb=3,mask=1,sinks=0,max_bias=8.000000,logit_softcap=0.000000,prec=f32,type_K=bf16,type_V=bf16,permute=[0,1,2,3]): [1;32mOK[0m
  FLASH_ATTN_EXT(hsk=72,hsv=72,nh=4,nr23=[1,1],kv=113,nb=3,mask=1,sinks=0,max_bias=8.000000,logit_softcap=0.000000,prec=f32,type_K=q8_0,type_V=q8_0,permute=[0,1,2,3]): [1;32mOK[0m
  FLASH_ATTN_EXT(hsk=72,hsv=72,nh=4,nr23=[1,1],kv=113,nb=3,mask=1,sinks=0,max_bias=8.000000,logit_softcap=0.000000,prec=f32,type_K=q5_1,type_V=q5_1,permute=[0,1,2,3]): not supported [ROCm0] 
  FLASH_ATTN_EXT(hsk=72,hsv=72,nh=4,nr23=[1,1],kv=113,nb=3,mask=1,sinks=0,max_bias=8.000000,logit_softcap=0.000000,prec=f32,type_K=q5_0,type_V=q5_0,permute=[0,1,2,3]): not supported [ROCm0] 
  FLASH_ATTN_EXT(hsk=72,hsv=72,nh=4,nr23=[1,1],kv=113,nb=3,mask=1,sinks=0,max_bias=8.000000,logit_softcap=0.000000,prec=f32,type_K=q4_1,type_V=q4_1,permute=[0,1,2,3]): not supported [ROCm0] 
  FLASH_ATTN_EXT(hsk=72,hsv=72,nh=4,nr23=[1,1],kv=113,nb=3,mask=1,sinks=0,max_bias=8.000000,logit_softcap=0.000000,prec=f32,type_K=q4_0,type_V=q4_0,permute=[0,1,2,3]): [1;32mOK[0m
  FLASH_ATTN_EXT(hsk=72,hsv=72,nh=4,nr23=[1,1],kv=113,nb=3,mask=1,sinks=0,max_bias=8.000000,logit_softcap=0.000000,prec=f32,type_K=iq4_nl,type_V=iq4_nl,permute=[0,1,2,3]): not supported [ROCm0] 
  FLASH_ATTN_EXT(hsk=72,hsv=72,nh=4,nr23=[1,1],kv=113,nb=32,mask=1,sinks=0,max_bias=8.000000,logit_softcap=0.000000,prec=f32,type_K=f32,type_V=f32,permute=[0,1,2,3]): [1;32mOK[0m
  FLASH_ATTN_EXT(hsk=72,hsv=72,nh=4,nr23=[1,1],kv=113,nb=32,mask=1,sinks=0,max_bias=8.000000,logit_softcap=0.000000,prec=f32,type_K=f16,type_V=f16,permute=[0,1,2,3]): [1;32mOK[0m
  FLASH_ATTN_EXT(hsk=72,hsv=72,nh=4,nr23=[1,1],kv=113,nb=32,mask=1,sinks=0,max_bias=8.000000,logit_softcap=0.000000,prec=f32,type_K=bf16,type_V=bf16,permute=[0,1,2,3]): [1;32mOK[0m
  FLASH_ATTN_EXT(hsk=72,hsv=72,nh=4,nr23=[1,1],kv=113,nb=32,mask=1,sinks=0,max_bias=8.000000,logit_softcap=0.000000,prec=f32,type_K=q8_0,type_V=q8_0,permute=[0,1,2,3]): [1;32mOK[0m
  FLASH_ATTN_EXT(hsk=72,hsv=72,nh=4,nr23=[1,1],kv=113,nb=32,mask=1,sinks=0,max_bias=8.000000,logit_softcap=0.000000,prec=f32,type_K=q5_1,type_V=q5_1,permute=[0,1,2,3]): not supported [ROCm0] 
  FLASH_ATTN_EXT(hsk=72,hsv=72,nh=4,nr23=[1,1],kv=113,nb=32,mask=1,sinks=0,max_bias=8.000000,logit_softcap=0.000000,prec=f32,type_K=q5_0,type_V=q5_0,permute=[0,1,2,3]): not supported [ROCm0] 
  FLASH_ATTN_EXT(hsk=72,hsv=72,nh=4,nr23=[1,1],kv=113,nb=32,mask=1,sinks=0,max_bias=8.000000,logit_softcap=0.000000,prec=f32,type_K=q4_1,type_V=q4_1,permute=[0,1,2,3]): not supported [ROCm0] 
  FLASH_ATTN_EXT(hsk=72,hsv=72,nh=4,nr23=[1,1],kv=113,nb=32,mask=1,sinks=0,max_bias=8.000000,logit_softcap=0.000000,prec=f32,type_K=q4_0,type_V=q4_0,permute=[0,1,2,3]): [1;32mOK[0m
  FLASH_ATTN_EXT(hsk=72,hsv=72,nh=4,nr23=[1,1],kv=113,nb=32,mask=1,sinks=0,max_bias=8.000000,logit_softcap=0.000000,prec=f32,type_K=iq4_nl,type_V=iq4_nl,permute=[0,1,2,3]): not supported [ROCm0] 
  FLASH_ATTN_EXT(hsk=72,hsv=72,nh=4,nr23=[1,1],kv=113,nb=75,mask=1,sinks=0,max_bias=8.000000,logit_softcap=0.000000,prec=f32,type_K=f32,type_V=f32,permute=[0,1,2,3]): [1;32mOK[0m
  FLASH_ATTN_EXT(hsk=72,hsv=72,nh=4,nr23=[1,1],kv=113,nb=75,mask=1,sinks=0,max_bias=8.000000,logit_softcap=0.000000,prec=f32,type_K=f16,type_V=f16,permute=[0,1,2,3]): [1;32mOK[0m
  FLASH_ATTN_EXT(hsk=72,hsv=72,nh=4,nr23=[1,1],kv=113,nb=75,mask=1,sinks=0,max_bias=8.000000,logit_softcap=0.000000,prec=f32,type_K=bf16,type_V=bf16,permute=[0,1,2,3]): [1;32mOK[0m
  FLASH_ATTN_EXT(hsk=72,hsv=72,nh=4,nr23=[1,1],kv=113,nb=75,mask=1,sinks=0,max_bias=8.000000,logit_softcap=0.000000,prec=f32,type_K=q8_0,type_V=q8_0,permute=[0,1,2,3]): [1;32mOK[0m
  FLASH_ATTN_EXT(hsk=72,hsv=72,nh=4,nr23=[1,1],kv=113,nb=75,mask=1,sinks=0,max_bias=8.000000,logit_softcap=0.000000,prec=f32,type_K=q5_1,type_V=q5_1,permute=[0,1,2,3]): not supported [ROCm0] 
  FLASH_ATTN_EXT(hsk=72,hsv=72,nh=4,nr23=[1,1],kv=113,nb=75,mask=1,sinks=0,max_bias=8.000000,logit_softcap=0.000000,prec=f32,type_K=q5_0,type_V=q5_0,permute=[0,1,2,3]): not supported [ROCm0] 
  FLASH_ATTN_EXT(hsk=72,hsv=72,nh=4,nr23=[1,1],kv=113,nb=75,mask=1,sinks=0,max_bias=8.000000,logit_softcap=0.000000,prec=f32,type_K=q4_1,type_V=q4_1,permute=[0,1,2,3]): not supported [ROCm0] 
  FLASH_ATTN_EXT(hsk=72,hsv=72,nh=4,nr23=[1,1],kv=113,nb=75,mask=1,sinks=0,max_bias=8.000000,logit_softcap=0.000000,prec=f32,type_K=q4_0,type_V=q4_0,permute=[0,1,2,3]): [1;32mOK[0m
  FLASH_ATTN_EXT(hsk=72,hsv=72,nh=4,nr23=[1,1],kv=113,nb=75,mask=1,sinks=0,max_bias=8.000000,logit_softcap=0.000000,prec=f32,type_K=iq4_nl,type_V=iq4_nl,permute=[0,1,2,3]): not supported [ROCm0] 
  FLASH_ATTN_EXT(hsk=72,hsv=72,nh=4,nr23=[1,1],kv=512,nb=1,mask=1,sinks=0,max_bias=8.000000,logit_softcap=0.000000,prec=f32,type_K=f32,type_V=f32,permute=[0,1,2,3]): [1;32mOK[0m
  FLASH_ATTN_EXT(hsk=72,hsv=72,nh=4,nr23=[1,1],kv=512,nb=1,mask=1,sinks=0,max_bias=8.000000,logit_softcap=0.000000,prec=f32,type_K=f16,type_V=f16,permute=[0,1,2,3]): [1;32mOK[0m
  FLASH_ATTN_EXT(hsk=72,hsv=72,nh=4,nr23=[1,1],kv=512,nb=1,mask=1,sinks=0,max_bias=8.000000,logit_softcap=0.000000,prec=f32,type_K=bf16,type_V=bf16,permute=[0,1,2,3]): [1;32mOK[0m
  FLASH_ATTN_EXT(hsk=72,hsv=72,nh=4,nr23=[1,1],kv=512,nb=1,mask=1,sinks=0,max_bias=8.000000,logit_softcap=0.000000,prec=f32,type_K=q8_0,type_V=q8_0,permute=[0,1,2,3]): [1;32mOK[0m
  FLASH_ATTN_EXT(hsk=72,hsv=72,nh=4,nr23=[1,1],kv=512,nb=1,mask=1,sinks=0,max_bias=8.000000,logit_softcap=0.000000,prec=f32,type_K=q5_1,type_V=q5_1,permute=[0,1,2,3]): not supported [ROCm0] 
  FLASH_ATTN_EXT(hsk=72,hsv=72,nh=4,nr23=[1,1],kv=512,nb=1,mask=1,sinks=0,max_bias=8.000000,logit_softcap=0.000000,prec=f32,type_K=q5_0,type_V=q5_0,permute=[0,1,2,3]): not supported [ROCm0] 
  FLASH_ATTN_EXT(hsk=72,hsv=72,nh=4,nr23=[1,1],kv=512,nb=1,mask=1,sinks=0,max_bias=8.000000,logit_softcap=0.000000,prec=f32,type_K=q4_1,type_V=q4_1,permute=[0,1,2,3]): not supported [ROCm0] 
  FLASH_ATTN_EXT(hsk=72,hsv=72,nh=4,nr23=[1,1],kv=512,nb=1,mask=1,sinks=0,max_bias=8.000000,logit_softcap=0.000000,prec=f32,type_K=q4_0,type_V=q4_0,permute=[0,1,2,3]): [1;32mOK[0m
  FLASH_ATTN_EXT(hsk=72,hsv=72,nh=4,nr23=[1,1],kv=512,nb=1,mask=1,sinks=0,max_bias=8.000000,logit_softcap=0.000000,prec=f32,type_K=iq4_nl,type_V=iq4_nl,permute=[0,1,2,3]): not supported [ROCm0] 
  FLASH_ATTN_EXT(hsk=72,hsv=72,nh=4,nr23=[1,1],kv=512,nb=3,mask=1,sinks=0,max_bias=8.000000,logit_softcap=0.000000,prec=f32,type_K=f32,type_V=f32,permute=[0,1,2,3]): [1;32mOK[0m
  FLASH_ATTN_EXT(hsk=72,hsv=72,nh=4,nr23=[1,1],kv=512,nb=3,mask=1,sinks=0,max_bias=8.000000,logit_softcap=0.000000,prec=f32,type_K=f16,type_V=f16,permute=[0,1,2,3]): [1;32mOK[0m
  FLASH_ATTN_EXT(hsk=72,hsv=72,nh=4,nr23=[1,1],kv=512,nb=3,mask=1,sinks=0,max_bias=8.000000,logit_softcap=0.000000,prec=f32,type_K=bf16,type_V=bf16,permute=[0,1,2,3]): [1;32mOK[0m
  FLASH_ATTN_EXT(hsk=72,hsv=72,nh=4,nr23=[1,1],kv=512,nb=3,mask=1,sinks=0,max_bias=8.000000,logit_softcap=0.000000,prec=f32,type_K=q8_0,type_V=q8_0,permute=[0,1,2,3]): [1;32mOK[0m
  FLASH_ATTN_EXT(hsk=72,hsv=72,nh=4,nr23=[1,1],kv=512,nb=3,mask=1,sinks=0,max_bias=8.000000,logit_softcap=0.000000,prec=f32,type_K=q5_1,type_V=q5_1,permute=[0,1,2,3]): not supported [ROCm0] 
  FLASH_ATTN_EXT(hsk=72,hsv=72,nh=4,nr23=[1,1],kv=512,nb=3,mask=1,sinks=0,max_bias=8.000000,logit_softcap=0.000000,prec=f32,type_K=q5_0,type_V=q5_0,permute=[0,1,2,3]): not supported [ROCm0] 
  FLASH_ATTN_EXT(hsk=72,hsv=72,nh=4,nr23=[1,1],kv=512,nb=3,mask=1,sinks=0,max_bias=8.000000,logit_softcap=0.000000,prec=f32,type_K=q4_1,type_V=q4_1,permute=[0,1,2,3]): not supported [ROCm0] 
  FLASH_ATTN_EXT(hsk=72,hsv=72,nh=4,nr23=[1,1],kv=512,nb=3,mask=1,sinks=0,max_bias=8.000000,logit_softcap=0.000000,prec=f32,type_K=q4_0,type_V=q4_0,permute=[0,1,2,3]): [1;32mOK[0m
  FLASH_ATTN_EXT(hsk=72,hsv=72,nh=4,nr23=[1,1],kv=512,nb=3,mask=1,sinks=0,max_bias=8.000000,logit_softcap=0.000000,prec=f32,type_K=iq4_nl,type_V=iq4_nl,permute=[0,1,2,3]): not supported [ROCm0] 
  FLASH_ATTN_EXT(hsk=72,hsv=72,nh=4,nr23=[1,1],kv=512,nb=32,mask=1,sinks=0,max_bias=8.000000,logit_softcap=0.000000,prec=f32,type_K=f32,type_V=f32,permute=[0,1,2,3]): [1;32mOK[0m
  FLASH_ATTN_EXT(hsk=72,hsv=72,nh=4,nr23=[1,1],kv=512,nb=32,mask=1,sinks=0,max_bias=8.000000,logit_softcap=0.000000,prec=f32,type_K=f16,type_V=f16,permute=[0,1,2,3]): [1;32mOK[0m
  FLASH_ATTN_EXT(hsk=72,hsv=72,nh=4,nr23=[1,1],kv=512,nb=32,mask=1,sinks=0,max_bias=8.000000,logit_softcap=0.000000,prec=f32,type_K=bf16,type_V=bf16,permute=[0,1,2,3]): [1;32mOK[0m
  FLASH_ATTN_EXT(hsk=72,hsv=72,nh=4,nr23=[1,1],kv=512,nb=32,mask=1,sinks=0,max_bias=8.000000,logit_softcap=0.000000,prec=f32,type_K=q8_0,type_V=q8_0,permute=[0,1,2,3]): [1;32mOK[0m
  FLASH_ATTN_EXT(hsk=72,hsv=72,nh=4,nr23=[1,1],kv=512,nb=32,mask=1,sinks=0,max_bias=8.000000,logit_softcap=0.000000,prec=f32,type_K=q5_1,type_V=q5_1,permute=[0,1,2,3]): not supported [ROCm0] 
  FLASH_ATTN_EXT(hsk=72,hsv=72,nh=4,nr23=[1,1],kv=512,nb=32,mask=1,sinks=0,max_bias=8.000000,logit_softcap=0.000000,prec=f32,type_K=q5_0,type_V=q5_0,permute=[0,1,2,3]): not supported [ROCm0] 
  FLASH_ATTN_EXT(hsk=72,hsv=72,nh=4,nr23=[1,1],kv=512,nb=32,mask=1,sinks=0,max_bias=8.000000,logit_softcap=0.000000,prec=f32,type_K=q4_1,type_V=q4_1,permute=[0,1,2,3]): not supported [ROCm0] 
  FLASH_ATTN_EXT(hsk=72,hsv=72,nh=4,nr23=[1,1],kv=512,nb=32,mask=1,sinks=0,max_bias=8.000000,logit_softcap=0.000000,prec=f32,type_K=q4_0,type_V=q4_0,permute=[0,1,2,3]): [1;32mOK[0m
  FLASH_ATTN_EXT(hsk=72,hsv=72,nh=4,nr23=[1,1],kv=512,nb=32,mask=1,sinks=0,max_bias=8.000000,logit_softcap=0.000000,prec=f32,type_K=iq4_nl,type_V=iq4_nl,permute=[0,1,2,3]): not supported [ROCm0] 
  FLASH_ATTN_EXT(hsk=72,hsv=72,nh=4,nr23=[1,1],kv=512,nb=75,mask=1,sinks=0,max_bias=8.000000,logit_softcap=0.000000,prec=f32,type_K=f32,type_V=f32,permute=[0,1,2,3]): [1;32mOK[0m
  FLASH_ATTN_EXT(hsk=72,hsv=72,nh=4,nr23=[1,1],kv=512,nb=75,mask=1,sinks=0,max_bias=8.000000,logit_softcap=0.000000,prec=f32,type_K=f16,type_V=f16,permute=[0,1,2,3]): [1;32mOK[0m
  FLASH_ATTN_EXT(hsk=72,hsv=72,nh=4,nr23=[1,1],kv=512,nb=75,mask=1,sinks=0,max_bias=8.000000,logit_softcap=0.000000,prec=f32,type_K=bf16,type_V=bf16,permute=[0,1,2,3]): [1;32mOK[0m
  FLASH_ATTN_EXT(hsk=72,hsv=72,nh=4,nr23=[1,1],kv=512,nb=75,mask=1,sinks=0,max_bias=8.000000,logit_softcap=0.000000,prec=f32,type_K=q8_0,type_V=q8_0,permute=[0,1,2,3]): [1;32mOK[0m
  FLASH_ATTN_EXT(hsk=72,hsv=72,nh=4,nr23=[1,1],kv=512,nb=75,mask=1,sinks=0,max_bias=8.000000,logit_softcap=0.000000,prec=f32,type_K=q5_1,type_V=q5_1,permute=[0,1,2,3]): not supported [ROCm0] 
  FLASH_ATTN_EXT(hsk=72,hsv=72,nh=4,nr23=[1,1],kv=512,nb=75,mask=1,sinks=0,max_bias=8.000000,logit_softcap=0.000000,prec=f32,type_K=q5_0,type_V=q5_0,permute=[0,1,2,3]): not supported [ROCm0] 
  FLASH_ATTN_EXT(hsk=72,hsv=72,nh=4,nr23=[1,1],kv=512,nb=75,mask=1,sinks=0,max_bias=8.000000,logit_softcap=0.000000,prec=f32,type_K=q4_1,type_V=q4_1,permute=[0,1,2,3]): not supported [ROCm0] 
  FLASH_ATTN_EXT(hsk=72,hsv=72,nh=4,nr23=[1,1],kv=512,nb=75,mask=1,sinks=0,max_bias=8.000000,logit_softcap=0.000000,prec=f32,type_K=q4_0,type_V=q4_0,permute=[0,1,2,3]): [1;32mOK[0m
  FLASH_ATTN_EXT(hsk=72,hsv=72,nh=4,nr23=[1,1],kv=512,nb=75,mask=1,sinks=0,max_bias=8.000000,logit_softcap=0.000000,prec=f32,type_K=iq4_nl,type_V=iq4_nl,permute=[0,1,2,3]): not supported [ROCm0] 
  FLASH_ATTN_EXT(hsk=72,hsv=72,nh=4,nr23=[1,1],kv=1024,nb=1,mask=1,sinks=0,max_bias=8.000000,logit_softcap=0.000000,prec=f32,type_K=f32,type_V=f32,permute=[0,1,2,3]): [1;32mOK[0m
  FLASH_ATTN_EXT(hsk=72,hsv=72,nh=4,nr23=[1,1],kv=1024,nb=1,mask=1,sinks=0,max_bias=8.000000,logit_softcap=0.000000,prec=f32,type_K=f16,type_V=f16,permute=[0,1,2,3]): [1;32mOK[0m
  FLASH_ATTN_EXT(hsk=72,hsv=72,nh=4,nr23=[1,1],kv=1024,nb=1,mask=1,sinks=0,max_bias=8.000000,logit_softcap=0.000000,prec=f32,type_K=bf16,type_V=bf16,permute=[0,1,2,3]): [1;32mOK[0m
  FLASH_ATTN_EXT(hsk=72,hsv=72,nh=4,nr23=[1,1],kv=1024,nb=1,mask=1,sinks=0,max_bias=8.000000,logit_softcap=0.000000,prec=f32,type_K=q8_0,type_V=q8_0,permute=[0,1,2,3]): [1;32mOK[0m
  FLASH_ATTN_EXT(hsk=72,hsv=72,nh=4,nr23=[1,1],kv=1024,nb=1,mask=1,sinks=0,max_bias=8.000000,logit_softcap=0.000000,prec=f32,type_K=q5_1,type_V=q5_1,permute=[0,1,2,3]): not supported [ROCm0] 
  FLASH_ATTN_EXT(hsk=72,hsv=72,nh=4,nr23=[1,1],kv=1024,nb=1,mask=1,sinks=0,max_bias=8.000000,logit_softcap=0.000000,prec=f32,type_K=q5_0,type_V=q5_0,permute=[0,1,2,3]): not supported [ROCm0] 
  FLASH_ATTN_EXT(hsk=72,hsv=72,nh=4,nr23=[1,1],kv=1024,nb=1,mask=1,sinks=0,max_bias=8.000000,logit_softcap=0.000000,prec=f32,type_K=q4_1,type_V=q4_1,permute=[0,1,2,3]): not supported [ROCm0] 
  FLASH_ATTN_EXT(hsk=72,hsv=72,nh=4,nr23=[1,1],kv=1024,nb=1,mask=1,sinks=0,max_bias=8.000000,logit_softcap=0.000000,prec=f32,type_K=q4_0,type_V=q4_0,permute=[0,1,2,3]): [1;32mOK[0m
  FLASH_ATTN_EXT(hsk=72,hsv=72,nh=4,nr23=[1,1],kv=1024,nb=1,mask=1,sinks=0,max_bias=8.000000,logit_softcap=0.000000,prec=f32,type_K=iq4_nl,type_V=iq4_nl,permute=[0,1,2,3]): not supported [ROCm0] 
  FLASH_ATTN_EXT(hsk=72,hsv=72,nh=4,nr23=[1,1],kv=1024,nb=3,mask=1,sinks=0,max_bias=8.000000,logit_softcap=0.000000,prec=f32,type_K=f32,type_V=f32,permute=[0,1,2,3]): [1;32mOK[0m
  FLASH_ATTN_EXT(hsk=72,hsv=72,nh=4,nr23=[1,1],kv=1024,nb=3,mask=1,sinks=0,max_bias=8.000000,logit_softcap=0.000000,prec=f32,type_K=f16,type_V=f16,permute=[0,1,2,3]): [1;32mOK[0m
  FLASH_ATTN_EXT(hsk=72,hsv=72,nh=4,nr23=[1,1],kv=1024,nb=3,mask=1,sinks=0,max_bias=8.000000,logit_softcap=0.000000,prec=f32,type_K=bf16,type_V=bf16,permute=[0,1,2,3]): [1;32mOK[0m
  FLASH_ATTN_EXT(hsk=72,hsv=72,nh=4,nr23=[1,1],kv=1024,nb=3,mask=1,sinks=0,max_bias=8.000000,logit_softcap=0.000000,prec=f32,type_K=q8_0,type_V=q8_0,permute=[0,1,2,3]): [1;32mOK[0m
  FLASH_ATTN_EXT(hsk=72,hsv=72,nh=4,nr23=[1,1],kv=1024,nb=3,mask=1,sinks=0,max_bias=8.000000,logit_softcap=0.000000,prec=f32,type_K=q5_1,type_V=q5_1,permute=[0,1,2,3]): not supported [ROCm0] 
  FLASH_ATTN_EXT(hsk=72,hsv=72,nh=4,nr23=[1,1],kv=1024,nb=3,mask=1,sinks=0,max_bias=8.000000,logit_softcap=0.000000,prec=f32,type_K=q5_0,type_V=q5_0,permute=[0,1,2,3]): not supported [ROCm0] 
  FLASH_ATTN_EXT(hsk=72,hsv=72,nh=4,nr23=[1,1],kv=1024,nb=3,mask=1,sinks=0,max_bias=8.000000,logit_softcap=0.000000,prec=f32,type_K=q4_1,type_V=q4_1,permute=[0,1,2,3]): not supported [ROCm0] 
  FLASH_ATTN_EXT(hsk=72,hsv=72,nh=4,nr23=[1,1],kv=1024,nb=3,mask=1,sinks=0,max_bias=8.000000,logit_softcap=0.000000,prec=f32,type_K=q4_0,type_V=q4_0,permute=[0,1,2,3]): [1;32mOK[0m
  FLASH_ATTN_EXT(hsk=72,hsv=72,nh=4,nr23=[1,1],kv=1024,nb=3,mask=1,sinks=0,max_bias=8.000000,logit_softcap=0.000000,prec=f32,type_K=iq4_nl,type_V=iq4_nl,permute=[0,1,2,3]): not supported [ROCm0] 
  FLASH_ATTN_EXT(hsk=72,hsv=72,nh=4,nr23=[1,1],kv=1024,nb=32,mask=1,sinks=0,max_bias=8.000000,logit_softcap=0.000000,prec=f32,type_K=f32,type_V=f32,permute=[0,1,2,3]): [1;32mOK[0m
  FLASH_ATTN_EXT(hsk=72,hsv=72,nh=4,nr23=[1,1],kv=1024,nb=32,mask=1,sinks=0,max_bias=8.000000,logit_softcap=0.000000,prec=f32,type_K=f16,type_V=f16,permute=[0,1,2,3]): [1;32mOK[0m
  FLASH_ATTN_EXT(hsk=72,hsv=72,nh=4,nr23=[1,1],kv=1024,nb=32,mask=1,sinks=0,max_bias=8.000000,logit_softcap=0.000000,prec=f32,type_K=bf16,type_V=bf16,permute=[0,1,2,3]): [1;32mOK[0m
  FLASH_ATTN_EXT(hsk=72,hsv=72,nh=4,nr23=[1,1],kv=1024,nb=32,mask=1,sinks=0,max_bias=8.000000,logit_softcap=0.000000,prec=f32,type_K=q8_0,type_V=q8_0,permute=[0,1,2,3]): [1;32mOK[0m
  FLASH_ATTN_EXT(hsk=72,hsv=72,nh=4,nr23=[1,1],kv=1024,nb=32,mask=1,sinks=0,max_bias=8.000000,logit_softcap=0.000000,prec=f32,type_K=q5_1,type_V=q5_1,permute=[0,1,2,3]): not supported [ROCm0] 
  FLASH_ATTN_EXT(hsk=72,hsv=72,nh=4,nr23=[1,1],kv=1024,nb=32,mask=1,sinks=0,max_bias=8.000000,logit_softcap=0.000000,prec=f32,type_K=q5_0,type_V=q5_0,permute=[0,1,2,3]): not supported [ROCm0] 
  FLASH_ATTN_EXT(hsk=72,hsv=72,nh=4,nr23=[1,1],kv=1024,nb=32,mask=1,sinks=0,max_bias=8.000000,logit_softcap=0.000000,prec=f32,type_K=q4_1,type_V=q4_1,permute=[0,1,2,3]): not supported [ROCm0] 
  FLASH_ATTN_EXT(hsk=72,hsv=72,nh=4,nr23=[1,1],kv=1024,nb=32,mask=1,sinks=0,max_bias=8.000000,logit_softcap=0.000000,prec=f32,type_K=q4_0,type_V=q4_0,permute=[0,1,2,3]): [1;32mOK[0m
  FLASH_ATTN_EXT(hsk=72,hsv=72,nh=4,nr23=[1,1],kv=1024,nb=32,mask=1,sinks=0,max_bias=8.000000,logit_softcap=0.000000,prec=f32,type_K=iq4_nl,type_V=iq4_nl,permute=[0,1,2,3]): not supported [ROCm0] 
  FLASH_ATTN_EXT(hsk=72,hsv=72,nh=4,nr23=[1,1],kv=1024,nb=75,mask=1,sinks=0,max_bias=8.000000,logit_softcap=0.000000,prec=f32,type_K=f32,type_V=f32,permute=[0,1,2,3]): [1;32mOK[0m
  FLASH_ATTN_EXT(hsk=72,hsv=72,nh=4,nr23=[1,1],kv=1024,nb=75,mask=1,sinks=0,max_bias=8.000000,logit_softcap=0.000000,prec=f32,type_K=f16,type_V=f16,permute=[0,1,2,3]): [1;32mOK[0m
  FLASH_ATTN_EXT(hsk=72,hsv=72,nh=4,nr23=[1,1],kv=1024,nb=75,mask=1,sinks=0,max_bias=8.000000,logit_softcap=0.000000,prec=f32,type_K=bf16,type_V=bf16,permute=[0,1,2,3]): [1;32mOK[0m
  FLASH_ATTN_EXT(hsk=72,hsv=72,nh=4,nr23=[1,1],kv=1024,nb=75,mask=1,sinks=0,max_bias=8.000000,logit_softcap=0.000000,prec=f32,type_K=q8_0,type_V=q8_0,permute=[0,1,2,3]): [1;32mOK[0m
  FLASH_ATTN_EXT(hsk=72,hsv=72,nh=4,nr23=[1,1],kv=1024,nb=75,mask=1,sinks=0,max_bias=8.000000,logit_softcap=0.000000,prec=f32,type_K=q5_1,type_V=q5_1,permute=[0,1,2,3]): not supported [ROCm0] 
  FLASH_ATTN_EXT(hsk=72,hsv=72,nh=4,nr23=[1,1],kv=1024,nb=75,mask=1,sinks=0,max_bias=8.000000,logit_softcap=0.000000,prec=f32,type_K=q5_0,type_V=q5_0,permute=[0,1,2,3]): not supported [ROCm0] 
  FLASH_ATTN_EXT(hsk=72,hsv=72,nh=4,nr23=[1,1],kv=1024,nb=75,mask=1,sinks=0,max_bias=8.000000,logit_softcap=0.000000,prec=f32,type_K=q4_1,type_V=q4_1,permute=[0,1,2,3]): not supported [ROCm0] 
  FLASH_ATTN_EXT(hsk=72,hsv=72,nh=4,nr23=[1,1],kv=1024,nb=75,mask=1,sinks=0,max_bias=8.000000,logit_softcap=0.000000,prec=f32,type_K=q4_0,type_V=q4_0,permute=[0,1,2,3]): [1;32mOK[0m
  FLASH_ATTN_EXT(hsk=72,hsv=72,nh=4,nr23=[1,1],kv=1024,nb=75,mask=1,sinks=0,max_bias=8.000000,logit_softcap=0.000000,prec=f32,type_K=iq4_nl,type_V=iq4_nl,permute=[0,1,2,3]): not supported [ROCm0] 
  FLASH_ATTN_EXT(hsk=72,hsv=72,nh=4,nr23=[4,1],kv=512,nb=1,mask=1,sinks=0,max_bias=8.000000,logit_softcap=0.000000,prec=f32,type_K=f32,type_V=f32,permute=[0,1,2,3]): [1;32mOK[0m
  FLASH_ATTN_EXT(hsk=72,hsv=72,nh=4,nr23=[4,1],kv=512,nb=1,mask=1,sinks=0,max_bias=8.000000,logit_softcap=0.000000,prec=f32,type_K=f16,type_V=f16,permute=[0,1,2,3]): [1;32mOK[0m
  FLASH_ATTN_EXT(hsk=72,hsv=72,nh=4,nr23=[4,1],kv=512,nb=1,mask=1,sinks=0,max_bias=8.000000,logit_softcap=0.000000,prec=f32,type_K=bf16,type_V=bf16,permute=[0,1,2,3]): [1;32mOK[0m
  FLASH_ATTN_EXT(hsk=72,hsv=72,nh=4,nr23=[4,1],kv=512,nb=1,mask=1,sinks=0,max_bias=8.000000,logit_softcap=0.000000,prec=f32,type_K=q8_0,type_V=q8_0,permute=[0,1,2,3]): [1;32mOK[0m
  FLASH_ATTN_EXT(hsk=72,hsv=72,nh=4,nr23=[4,1],kv=512,nb=1,mask=1,sinks=0,max_bias=8.000000,logit_softcap=0.000000,prec=f32,type_K=q5_1,type_V=q5_1,permute=[0,1,2,3]): not supported [ROCm0] 
  FLASH_ATTN_EXT(hsk=72,hsv=72,nh=4,nr23=[4,1],kv=512,nb=1,mask=1,sinks=0,max_bias=8.000000,logit_softcap=0.000000,prec=f32,type_K=q5_0,type_V=q5_0,permute=[0,1,2,3]): not supported [ROCm0] 
  FLASH_ATTN_EXT(hsk=72,hsv=72,nh=4,nr23=[4,1],kv=512,nb=1,mask=1,sinks=0,max_bias=8.000000,logit_softcap=0.000000,prec=f32,type_K=q4_1,type_V=q4_1,permute=[0,1,2,3]): not supported [ROCm0] 
  FLASH_ATTN_EXT(hsk=72,hsv=72,nh=4,nr23=[4,1],kv=512,nb=1,mask=1,sinks=0,max_bias=8.000000,logit_softcap=0.000000,prec=f32,type_K=q4_0,type_V=q4_0,permute=[0,1,2,3]): [1;32mOK[0m
  FLASH_ATTN_EXT(hsk=72,hsv=72,nh=4,nr23=[4,1],kv=512,nb=1,mask=1,sinks=0,max_bias=8.000000,logit_softcap=0.000000,prec=f32,type_K=iq4_nl,type_V=iq4_nl,permute=[0,1,2,3]): not supported [ROCm0] 
  FLASH_ATTN_EXT(hsk=72,hsv=72,nh=4,nr23=[4,1],kv=512,nb=3,mask=1,sinks=0,max_bias=8.000000,logit_softcap=0.000000,prec=f32,type_K=f32,type_V=f32,permute=[0,1,2,3]): [1;32mOK[0m
  FLASH_ATTN_EXT(hsk=72,hsv=72,nh=4,nr23=[4,1],kv=512,nb=3,mask=1,sinks=0,max_bias=8.000000,logit_softcap=0.000000,prec=f32,type_K=f16,type_V=f16,permute=[0,1,2,3]): [1;32mOK[0m
  FLASH_ATTN_EXT(hsk=72,hsv=72,nh=4,nr23=[4,1],kv=512,nb=3,mask=1,sinks=0,max_bias=8.000000,logit_softcap=0.000000,prec=f32,type_K=bf16,type_V=bf16,permute=[0,1,2,3]): [1;32mOK[0m
  FLASH_ATTN_EXT(hsk=72,hsv=72,nh=4,nr23=[4,1],kv=512,nb=3,mask=1,sinks=0,max_bias=8.000000,logit_softcap=0.000000,prec=f32,type_K=q8_0,type_V=q8_0,permute=[0,1,2,3]): [1;32mOK[0m
  FLASH_ATTN_EXT(hsk=72,hsv=72,nh=4,nr23=[4,1],kv=512,nb=3,mask=1,sinks=0,max_bias=8.000000,logit_softcap=0.000000,prec=f32,type_K=q5_1,type_V=q5_1,permute=[0,1,2,3]): not supported [ROCm0] 
  FLASH_ATTN_EXT(hsk=72,hsv=72,nh=4,nr23=[4,1],kv=512,nb=3,mask=1,sinks=0,max_bias=8.000000,logit_softcap=0.000000,prec=f32,type_K=q5_0,type_V=q5_0,permute=[0,1,2,3]): not supported [ROCm0] 
  FLASH_ATTN_EXT(hsk=72,hsv=72,nh=4,nr23=[4,1],kv=512,nb=3,mask=1,sinks=0,max_bias=8.000000,logit_softcap=0.000000,prec=f32,type_K=q4_1,type_V=q4_1,permute=[0,1,2,3]): not supported [ROCm0] 
  FLASH_ATTN_EXT(hsk=72,hsv=72,nh=4,nr23=[4,1],kv=512,nb=3,mask=1,sinks=0,max_bias=8.000000,logit_softcap=0.000000,prec=f32,type_K=q4_0,type_V=q4_0,permute=[0,1,2,3]): [1;32mOK[0m
  FLASH_ATTN_EXT(hsk=72,hsv=72,nh=4,nr23=[4,1],kv=512,nb=3,mask=1,sinks=0,max_bias=8.000000,logit_softcap=0.000000,prec=f32,type_K=iq4_nl,type_V=iq4_nl,permute=[0,1,2,3]): not supported [ROCm0] 
  FLASH_ATTN_EXT(hsk=72,hsv=72,nh=4,nr23=[4,1],kv=512,nb=32,mask=1,sinks=0,max_bias=8.000000,logit_softcap=0.000000,prec=f32,type_K=f32,type_V=f32,permute=[0,1,2,3]): [1;32mOK[0m
  FLASH_ATTN_EXT(hsk=72,hsv=72,nh=4,nr23=[4,1],kv=512,nb=32,mask=1,sinks=0,max_bias=8.000000,logit_softcap=0.000000,prec=f32,type_K=f16,type_V=f16,permute=[0,1,2,3]): [1;32mOK[0m
  FLASH_ATTN_EXT(hsk=72,hsv=72,nh=4,nr23=[4,1],kv=512,nb=32,mask=1,sinks=0,max_bias=8.000000,logit_softcap=0.000000,prec=f32,type_K=bf16,type_V=bf16,permute=[0,1,2,3]): [1;32mOK[0m
  FLASH_ATTN_EXT(hsk=72,hsv=72,nh=4,nr23=[4,1],kv=512,nb=32,mask=1,sinks=0,max_bias=8.000000,logit_softcap=0.000000,prec=f32,type_K=q8_0,type_V=q8_0,permute=[0,1,2,3]): [1;32mOK[0m
  FLASH_ATTN_EXT(hsk=72,hsv=72,nh=4,nr23=[4,1],kv=512,nb=32,mask=1,sinks=0,max_bias=8.000000,logit_softcap=0.000000,prec=f32,type_K=q5_1,type_V=q5_1,permute=[0,1,2,3]): not supported [ROCm0] 
  FLASH_ATTN_EXT(hsk=72,hsv=72,nh=4,nr23=[4,1],kv=512,nb=32,mask=1,sinks=0,max_bias=8.000000,logit_softcap=0.000000,prec=f32,type_K=q5_0,type_V=q5_0,permute=[0,1,2,3]): not supported [ROCm0] 
  FLASH_ATTN_EXT(hsk=72,hsv=72,nh=4,nr23=[4,1],kv=512,nb=32,mask=1,sinks=0,max_bias=8.000000,logit_softcap=0.000000,prec=f32,type_K=q4_1,type_V=q4_1,permute=[0,1,2,3]): not supported [ROCm0] 
  FLASH_ATTN_EXT(hsk=72,hsv=72,nh=4,nr23=[4,1],kv=512,nb=32,mask=1,sinks=0,max_bias=8.000000,logit_softcap=0.000000,prec=f32,type_K=q4_0,type_V=q4_0,permute=[0,1,2,3]): [1;32mOK[0m
  FLASH_ATTN_EXT(hsk=72,hsv=72,nh=4,nr23=[4,1],kv=512,nb=32,mask=1,sinks=0,max_bias=8.000000,logit_softcap=0.000000,prec=f32,type_K=iq4_nl,type_V=iq4_nl,permute=[0,1,2,3]): not supported [ROCm0] 
  FLASH_ATTN_EXT(hsk=72,hsv=72,nh=4,nr23=[4,1],kv=512,nb=75,mask=1,sinks=0,max_bias=8.000000,logit_softcap=0.000000,prec=f32,type_K=f32,type_V=f32,permute=[0,1,2,3]): [1;32mOK[0m
  FLASH_ATTN_EXT(hsk=72,hsv=72,nh=4,nr23=[4,1],kv=512,nb=75,mask=1,sinks=0,max_bias=8.000000,logit_softcap=0.000000,prec=f32,type_K=f16,type_V=f16,permute=[0,1,2,3]): [1;32mOK[0m
  FLASH_ATTN_EXT(hsk=72,hsv=72,nh=4,nr23=[4,1],kv=512,nb=75,mask=1,sinks=0,max_bias=8.000000,logit_softcap=0.000000,prec=f32,type_K=bf16,type_V=bf16,permute=[0,1,2,3]): [1;32mOK[0m
  FLASH_ATTN_EXT(hsk=72,hsv=72,nh=4,nr23=[4,1],kv=512,nb=75,mask=1,sinks=0,max_bias=8.000000,logit_softcap=0.000000,prec=f32,type_K=q8_0,type_V=q8_0,permute=[0,1,2,3]): [1;32mOK[0m
  FLASH_ATTN_EXT(hsk=72,hsv=72,nh=4,nr23=[4,1],kv=512,nb=75,mask=1,sinks=0,max_bias=8.000000,logit_softcap=0.000000,prec=f32,type_K=q5_1,type_V=q5_1,permute=[0,1,2,3]): not supported [ROCm0] 
  FLASH_ATTN_EXT(hsk=72,hsv=72,nh=4,nr23=[4,1],kv=512,nb=75,mask=1,sinks=0,max_bias=8.000000,logit_softcap=0.000000,prec=f32,type_K=q5_0,type_V=q5_0,permute=[0,1,2,3]): not supported [ROCm0] 
  FLASH_ATTN_EXT(hsk=72,hsv=72,nh=4,nr23=[4,1],kv=512,nb=75,mask=1,sinks=0,max_bias=8.000000,logit_softcap=0.000000,prec=f32,type_K=q4_1,type_V=q4_1,permute=[0,1,2,3]): not supported [ROCm0] 
  FLASH_ATTN_EXT(hsk=72,hsv=72,nh=4,nr23=[4,1],kv=512,nb=75,mask=1,sinks=0,max_bias=8.000000,logit_softcap=0.000000,prec=f32,type_K=q4_0,type_V=q4_0,permute=[0,1,2,3]): [1;32mOK[0m
  FLASH_ATTN_EXT(hsk=72,hsv=72,nh=4,nr23=[4,1],kv=512,nb=75,mask=1,sinks=0,max_bias=8.000000,logit_softcap=0.000000,prec=f32,type_K=iq4_nl,type_V=iq4_nl,permute=[0,1,2,3]): not supported [ROCm0] 
  FLASH_ATTN_EXT(hsk=72,hsv=72,nh=4,nr23=[1,1],kv=113,nb=1,mask=0,sinks=1,max_bias=0.000000,logit_softcap=0.000000,prec=f32,type_K=f32,type_V=f32,permute=[0,1,2,3]): [1;32mOK[0m
  FLASH_ATTN_EXT(hsk=72,hsv=72,nh=4,nr23=[1,1],kv=113,nb=1,mask=0,sinks=1,max_bias=0.000000,logit_softcap=0.000000,prec=f32,type_K=f16,type_V=f16,permute=[0,1,2,3]): [1;32mOK[0m
  FLASH_ATTN_EXT(hsk=72,hsv=72,nh=4,nr23=[1,1],kv=113,nb=1,mask=0,sinks=1,max_bias=0.000000,logit_softcap=0.000000,prec=f32,type_K=bf16,type_V=bf16,permute=[0,1,2,3]): [1;32mOK[0m
  FLASH_ATTN_EXT(hsk=72,hsv=72,nh=4,nr23=[1,1],kv=113,nb=1,mask=0,sinks=1,max_bias=0.000000,logit_softcap=0.000000,prec=f32,type_K=q8_0,type_V=q8_0,permute=[0,1,2,3]): [1;32mOK[0m
  FLASH_ATTN_EXT(hsk=72,hsv=72,nh=4,nr23=[1,1],kv=113,nb=1,mask=0,sinks=1,max_bias=0.000000,logit_softcap=0.000000,prec=f32,type_K=q5_1,type_V=q5_1,permute=[0,1,2,3]): not supported [ROCm0] 
  FLASH_ATTN_EXT(hsk=72,hsv=72,nh=4,nr23=[1,1],kv=113,nb=1,mask=0,sinks=1,max_bias=0.000000,logit_softcap=0.000000,prec=f32,type_K=q5_0,type_V=q5_0,permute=[0,1,2,3]): not supported [ROCm0] 
  FLASH_ATTN_EXT(hsk=72,hsv=72,nh=4,nr23=[1,1],kv=113,nb=1,mask=0,sinks=1,max_bias=0.000000,logit_softcap=0.000000,prec=f32,type_K=q4_1,type_V=q4_1,permute=[0,1,2,3]): not supported [ROCm0] 
  FLASH_ATTN_EXT(hsk=72,hsv=72,nh=4,nr23=[1,1],kv=113,nb=1,mask=0,sinks=1,max_bias=0.000000,logit_softcap=0.000000,prec=f32,type_K=q4_0,type_V=q4_0,permute=[0,1,2,3]): [1;32mOK[0m
  FLASH_ATTN_EXT(hsk=72,hsv=72,nh=4,nr23=[1,1],kv=113,nb=1,mask=0,sinks=1,max_bias=0.000000,logit_softcap=0.000000,prec=f32,type_K=iq4_nl,type_V=iq4_nl,permute=[0,1,2,3]): not supported [ROCm0] 
  FLASH_ATTN_EXT(hsk=72,hsv=72,nh=4,nr23=[1,1],kv=113,nb=3,mask=0,sinks=1,max_bias=0.000000,logit_softcap=0.000000,prec=f32,type_K=f32,type_V=f32,permute=[0,1,2,3]): [1;32mOK[0m
  FLASH_ATTN_EXT(hsk=72,hsv=72,nh=4,nr23=[1,1],kv=113,nb=3,mask=0,sinks=1,max_bias=0.000000,logit_softcap=0.000000,prec=f32,type_K=f16,type_V=f16,permute=[0,1,2,3]): [1;32mOK[0m
  FLASH_ATTN_EXT(hsk=72,hsv=72,nh=4,nr23=[1,1],kv=113,nb=3,mask=0,sinks=1,max_bias=0.000000,logit_softcap=0.000000,prec=f32,type_K=bf16,type_V=bf16,permute=[0,1,2,3]): [1;32mOK[0m
  FLASH_ATTN_EXT(hsk=72,hsv=72,nh=4,nr23=[1,1],kv=113,nb=3,mask=0,sinks=1,max_bias=0.000000,logit_softcap=0.000000,prec=f32,type_K=q8_0,type_V=q8_0,permute=[0,1,2,3]): [1;32mOK[0m
  FLASH_ATTN_EXT(hsk=72,hsv=72,nh=4,nr23=[1,1],kv=113,nb=3,mask=0,sinks=1,max_bias=0.000000,logit_softcap=0.000000,prec=f32,type_K=q5_1,type_V=q5_1,permute=[0,1,2,3]): not supported [ROCm0] 
  FLASH_ATTN_EXT(hsk=72,hsv=72,nh=4,nr23=[1,1],kv=113,nb=3,mask=0,sinks=1,max_bias=0.000000,logit_softcap=0.000000,prec=f32,type_K=q5_0,type_V=q5_0,permute=[0,1,2,3]): not supported [ROCm0] 
  FLASH_ATTN_EXT(hsk=72,hsv=72,nh=4,nr23=[1,1],kv=113,nb=3,mask=0,sinks=1,max_bias=0.000000,logit_softcap=0.000000,prec=f32,type_K=q4_1,type_V=q4_1,permute=[0,1,2,3]): not supported [ROCm0] 
  FLASH_ATTN_EXT(hsk=72,hsv=72,nh=4,nr23=[1,1],kv=113,nb=3,mask=0,sinks=1,max_bias=0.000000,logit_softcap=0.000000,prec=f32,type_K=q4_0,type_V=q4_0,permute=[0,1,2,3]): [1;32mOK[0m
  FLASH_ATTN_EXT(hsk=72,hsv=72,nh=4,nr23=[1,1],kv=113,nb=3,mask=0,sinks=1,max_bias=0.000000,logit_softcap=0.000000,prec=f32,type_K=iq4_nl,type_V=iq4_nl,permute=[0,1,2,3]): not supported [ROCm0] 
  FLASH_ATTN_EXT(hsk=72,hsv=72,nh=4,nr23=[1,1],kv=113,nb=32,mask=0,sinks=1,max_bias=0.000000,logit_softcap=0.000000,prec=f32,type_K=f32,type_V=f32,permute=[0,1,2,3]): [1;32mOK[0m
  FLASH_ATTN_EXT(hsk=72,hsv=72,nh=4,nr23=[1,1],kv=113,nb=32,mask=0,sinks=1,max_bias=0.000000,logit_softcap=0.000000,prec=f32,type_K=f16,type_V=f16,permute=[0,1,2,3]): [1;32mOK[0m
  FLASH_ATTN_EXT(hsk=72,hsv=72,nh=4,nr23=[1,1],kv=113,nb=32,mask=0,sinks=1,max_bias=0.000000,logit_softcap=0.000000,prec=f32,type_K=bf16,type_V=bf16,permute=[0,1,2,3]): [1;32mOK[0m
  FLASH_ATTN_EXT(hsk=72,hsv=72,nh=4,nr23=[1,1],kv=113,nb=32,mask=0,sinks=1,max_bias=0.000000,logit_softcap=0.000000,prec=f32,type_K=q8_0,type_V=q8_0,permute=[0,1,2,3]): [1;32mOK[0m
  FLASH_ATTN_EXT(hsk=72,hsv=72,nh=4,nr23=[1,1],kv=113,nb=32,mask=0,sinks=1,max_bias=0.000000,logit_softcap=0.000000,prec=f32,type_K=q5_1,type_V=q5_1,permute=[0,1,2,3]): not supported [ROCm0] 
  FLASH_ATTN_EXT(hsk=72,hsv=72,nh=4,nr23=[1,1],kv=113,nb=32,mask=0,sinks=1,max_bias=0.000000,logit_softcap=0.000000,prec=f32,type_K=q5_0,type_V=q5_0,permute=[0,1,2,3]): not supported [ROCm0] 
  FLASH_ATTN_EXT(hsk=72,hsv=72,nh=4,nr23=[1,1],kv=113,nb=32,mask=0,sinks=1,max_bias=0.000000,logit_softcap=0.000000,prec=f32,type_K=q4_1,type_V=q4_1,permute=[0,1,2,3]): not supported [ROCm0] 
  FLASH_ATTN_EXT(hsk=72,hsv=72,nh=4,nr23=[1,1],kv=113,nb=32,mask=0,sinks=1,max_bias=0.000000,logit_softcap=0.000000,prec=f32,type_K=q4_0,type_V=q4_0,permute=[0,1,2,3]): [1;32mOK[0m
  FLASH_ATTN_EXT(hsk=72,hsv=72,nh=4,nr23=[1,1],kv=113,nb=32,mask=0,sinks=1,max_bias=0.000000,logit_softcap=0.000000,prec=f32,type_K=iq4_nl,type_V=iq4_nl,permute=[0,1,2,3]): not supported [ROCm0] 
  FLASH_ATTN_EXT(hsk=72,hsv=72,nh=4,nr23=[1,1],kv=113,nb=75,mask=0,sinks=1,max_bias=0.000000,logit_softcap=0.000000,prec=f32,type_K=f32,type_V=f32,permute=[0,1,2,3]): [1;32mOK[0m
  FLASH_ATTN_EXT(hsk=72,hsv=72,nh=4,nr23=[1,1],kv=113,nb=75,mask=0,sinks=1,max_bias=0.000000,logit_softcap=0.000000,prec=f32,type_K=f16,type_V=f16,permute=[0,1,2,3]): [1;32mOK[0m
  FLASH_ATTN_EXT(hsk=72,hsv=72,nh=4,nr23=[1,1],kv=113,nb=75,mask=0,sinks=1,max_bias=0.000000,logit_softcap=0.000000,prec=f32,type_K=bf16,type_V=bf16,permute=[0,1,2,3]): [1;32mOK[0m
  FLASH_ATTN_EXT(hsk=72,hsv=72,nh=4,nr23=[1,1],kv=113,nb=75,mask=0,sinks=1,max_bias=0.000000,logit_softcap=0.000000,prec=f32,type_K=q8_0,type_V=q8_0,permute=[0,1,2,3]): [1;32mOK[0m
  FLASH_ATTN_EXT(hsk=72,hsv=72,nh=4,nr23=[1,1],kv=113,nb=75,mask=0,sinks=1,max_bias=0.000000,logit_softcap=0.000000,prec=f32,type_K=q5_1,type_V=q5_1,permute=[0,1,2,3]): not supported [ROCm0] 
  FLASH_ATTN_EXT(hsk=72,hsv=72,nh=4,nr23=[1,1],kv=113,nb=75,mask=0,sinks=1,max_bias=0.000000,logit_softcap=0.000000,prec=f32,type_K=q5_0,type_V=q5_0,permute=[0,1,2,3]): not supported [ROCm0] 
  FLASH_ATTN_EXT(hsk=72,hsv=72,nh=4,nr23=[1,1],kv=113,nb=75,mask=0,sinks=1,max_bias=0.000000,logit_softcap=0.000000,prec=f32,type_K=q4_1,type_V=q4_1,permute=[0,1,2,3]): not supported [ROCm0] 
  FLASH_ATTN_EXT(hsk=72,hsv=72,nh=4,nr23=[1,1],kv=113,nb=75,mask=0,sinks=1,max_bias=0.000000,logit_softcap=0.000000,prec=f32,type_K=q4_0,type_V=q4_0,permute=[0,1,2,3]): [1;32mOK[0m
  FLASH_ATTN_EXT(hsk=72,hsv=72,nh=4,nr23=[1,1],kv=113,nb=75,mask=0,sinks=1,max_bias=0.000000,logit_softcap=0.000000,prec=f32,type_K=iq4_nl,type_V=iq4_nl,permute=[0,1,2,3]): not supported [ROCm0] 
  FLASH_ATTN_EXT(hsk=72,hsv=72,nh=4,nr23=[1,1],kv=512,nb=1,mask=0,sinks=1,max_bias=0.000000,logit_softcap=0.000000,prec=f32,type_K=f32,type_V=f32,permute=[0,1,2,3]): [1;32mOK[0m
  FLASH_ATTN_EXT(hsk=72,hsv=72,nh=4,nr23=[1,1],kv=512,nb=1,mask=0,sinks=1,max_bias=0.000000,logit_softcap=0.000000,prec=f32,type_K=f16,type_V=f16,permute=[0,1,2,3]): [1;32mOK[0m
  FLASH_ATTN_EXT(hsk=72,hsv=72,nh=4,nr23=[1,1],kv=512,nb=1,mask=0,sinks=1,max_bias=0.000000,logit_softcap=0.000000,prec=f32,type_K=bf16,type_V=bf16,permute=[0,1,2,3]): [1;32mOK[0m
  FLASH_ATTN_EXT(hsk=72,hsv=72,nh=4,nr23=[1,1],kv=512,nb=1,mask=0,sinks=1,max_bias=0.000000,logit_softcap=0.000000,prec=f32,type_K=q8_0,type_V=q8_0,permute=[0,1,2,3]): [1;32mOK[0m
  FLASH_ATTN_EXT(hsk=72,hsv=72,nh=4,nr23=[1,1],kv=512,nb=1,mask=0,sinks=1,max_bias=0.000000,logit_softcap=0.000000,prec=f32,type_K=q5_1,type_V=q5_1,permute=[0,1,2,3]): not supported [ROCm0] 
  FLASH_ATTN_EXT(hsk=72,hsv=72,nh=4,nr23=[1,1],kv=512,nb=1,mask=0,sinks=1,max_bias=0.000000,logit_softcap=0.000000,prec=f32,type_K=q5_0,type_V=q5_0,permute=[0,1,2,3]): not supported [ROCm0] 
  FLASH_ATTN_EXT(hsk=72,hsv=72,nh=4,nr23=[1,1],kv=512,nb=1,mask=0,sinks=1,max_bias=0.000000,logit_softcap=0.000000,prec=f32,type_K=q4_1,type_V=q4_1,permute=[0,1,2,3]): not supported [ROCm0] 
  FLASH_ATTN_EXT(hsk=72,hsv=72,nh=4,nr23=[1,1],kv=512,nb=1,mask=0,sinks=1,max_bias=0.000000,logit_softcap=0.000000,prec=f32,type_K=q4_0,type_V=q4_0,permute=[0,1,2,3]): [1;32mOK[0m
  FLASH_ATTN_EXT(hsk=72,hsv=72,nh=4,nr23=[1,1],kv=512,nb=1,mask=0,sinks=1,max_bias=0.000000,logit_softcap=0.000000,prec=f32,type_K=iq4_nl,type_V=iq4_nl,permute=[0,1,2,3]): not supported [ROCm0] 
  FLASH_ATTN_EXT(hsk=72,hsv=72,nh=4,nr23=[1,1],kv=512,nb=3,mask=0,sinks=1,max_bias=0.000000,logit_softcap=0.000000,prec=f32,type_K=f32,type_V=f32,permute=[0,1,2,3]): [1;32mOK[0m
  FLASH_ATTN_EXT(hsk=72,hsv=72,nh=4,nr23=[1,1],kv=512,nb=3,mask=0,sinks=1,max_bias=0.000000,logit_softcap=0.000000,prec=f32,type_K=f16,type_V=f16,permute=[0,1,2,3]): [1;32mOK[0m
  FLASH_ATTN_EXT(hsk=72,hsv=72,nh=4,nr23=[1,1],kv=512,nb=3,mask=0,sinks=1,max_bias=0.000000,logit_softcap=0.000000,prec=f32,type_K=bf16,type_V=bf16,permute=[0,1,2,3]): [1;32mOK[0m
  FLASH_ATTN_EXT(hsk=72,hsv=72,nh=4,nr23=[1,1],kv=512,nb=3,mask=0,sinks=1,max_bias=0.000000,logit_softcap=0.000000,prec=f32,type_K=q8_0,type_V=q8_0,permute=[0,1,2,3]): [1;32mOK[0m
  FLASH_ATTN_EXT(hsk=72,hsv=72,nh=4,nr23=[1,1],kv=512,nb=3,mask=0,sinks=1,max_bias=0.000000,logit_softcap=0.000000,prec=f32,type_K=q5_1,type_V=q5_1,permute=[0,1,2,3]): not supported [ROCm0] 
  FLASH_ATTN_EXT(hsk=72,hsv=72,nh=4,nr23=[1,1],kv=512,nb=3,mask=0,sinks=1,max_bias=0.000000,logit_softcap=0.000000,prec=f32,type_K=q5_0,type_V=q5_0,permute=[0,1,2,3]): not supported [ROCm0] 
  FLASH_ATTN_EXT(hsk=72,hsv=72,nh=4,nr23=[1,1],kv=512,nb=3,mask=0,sinks=1,max_bias=0.000000,logit_softcap=0.000000,prec=f32,type_K=q4_1,type_V=q4_1,permute=[0,1,2,3]): not supported [ROCm0] 
  FLASH_ATTN_EXT(hsk=72,hsv=72,nh=4,nr23=[1,1],kv=512,nb=3,mask=0,sinks=1,max_bias=0.000000,logit_softcap=0.000000,prec=f32,type_K=q4_0,type_V=q4_0,permute=[0,1,2,3]): [1;32mOK[0m
  FLASH_ATTN_EXT(hsk=72,hsv=72,nh=4,nr23=[1,1],kv=512,nb=3,mask=0,sinks=1,max_bias=0.000000,logit_softcap=0.000000,prec=f32,type_K=iq4_nl,type_V=iq4_nl,permute=[0,1,2,3]): not supported [ROCm0] 
  FLASH_ATTN_EXT(hsk=72,hsv=72,nh=4,nr23=[1,1],kv=512,nb=32,mask=0,sinks=1,max_bias=0.000000,logit_softcap=0.000000,prec=f32,type_K=f32,type_V=f32,permute=[0,1,2,3]): [1;32mOK[0m
  FLASH_ATTN_EXT(hsk=72,hsv=72,nh=4,nr23=[1,1],kv=512,nb=32,mask=0,sinks=1,max_bias=0.000000,logit_softcap=0.000000,prec=f32,type_K=f16,type_V=f16,permute=[0,1,2,3]): [1;32mOK[0m
  FLASH_ATTN_EXT(hsk=72,hsv=72,nh=4,nr23=[1,1],kv=512,nb=32,mask=0,sinks=1,max_bias=0.000000,logit_softcap=0.000000,prec=f32,type_K=bf16,type_V=bf16,permute=[0,1,2,3]): [1;32mOK[0m
  FLASH_ATTN_EXT(hsk=72,hsv=72,nh=4,nr23=[1,1],kv=512,nb=32,mask=0,sinks=1,max_bias=0.000000,logit_softcap=0.000000,prec=f32,type_K=q8_0,type_V=q8_0,permute=[0,1,2,3]): [1;32mOK[0m
  FLASH_ATTN_EXT(hsk=72,hsv=72,nh=4,nr23=[1,1],kv=512,nb=32,mask=0,sinks=1,max_bias=0.000000,logit_softcap=0.000000,prec=f32,type_K=q5_1,type_V=q5_1,permute=[0,1,2,3]): not supported [ROCm0] 
  FLASH_ATTN_EXT(hsk=72,hsv=72,nh=4,nr23=[1,1],kv=512,nb=32,mask=0,sinks=1,max_bias=0.000000,logit_softcap=0.000000,prec=f32,type_K=q5_0,type_V=q5_0,permute=[0,1,2,3]): not supported [ROCm0] 
  FLASH_ATTN_EXT(hsk=72,hsv=72,nh=4,nr23=[1,1],kv=512,nb=32,mask=0,sinks=1,max_bias=0.000000,logit_softcap=0.000000,prec=f32,type_K=q4_1,type_V=q4_1,permute=[0,1,2,3]): not supported [ROCm0] 
  FLASH_ATTN_EXT(hsk=72,hsv=72,nh=4,nr23=[1,1],kv=512,nb=32,mask=0,sinks=1,max_bias=0.000000,logit_softcap=0.000000,prec=f32,type_K=q4_0,type_V=q4_0,permute=[0,1,2,3]): [1;32mOK[0m
  FLASH_ATTN_EXT(hsk=72,hsv=72,nh=4,nr23=[1,1],kv=512,nb=32,mask=0,sinks=1,max_bias=0.000000,logit_softcap=0.000000,prec=f32,type_K=iq4_nl,type_V=iq4_nl,permute=[0,1,2,3]): not supported [ROCm0] 
  FLASH_ATTN_EXT(hsk=72,hsv=72,nh=4,nr23=[1,1],kv=512,nb=75,mask=0,sinks=1,max_bias=0.000000,logit_softcap=0.000000,prec=f32,type_K=f32,type_V=f32,permute=[0,1,2,3]): [1;32mOK[0m
  FLASH_ATTN_EXT(hsk=72,hsv=72,nh=4,nr23=[1,1],kv=512,nb=75,mask=0,sinks=1,max_bias=0.000000,logit_softcap=0.000000,prec=f32,type_K=f16,type_V=f16,permute=[0,1,2,3]): [1;32mOK[0m
  FLASH_ATTN_EXT(hsk=72,hsv=72,nh=4,nr23=[1,1],kv=512,nb=75,mask=0,sinks=1,max_bias=0.000000,logit_softcap=0.000000,prec=f32,type_K=bf16,type_V=bf16,permute=[0,1,2,3]): [1;32mOK[0m
  FLASH_ATTN_EXT(hsk=72,hsv=72,nh=4,nr23=[1,1],kv=512,nb=75,mask=0,sinks=1,max_bias=0.000000,logit_softcap=0.000000,prec=f32,type_K=q8_0,type_V=q8_0,permute=[0,1,2,3]): [1;32mOK[0m
  FLASH_ATTN_EXT(hsk=72,hsv=72,nh=4,nr23=[1,1],kv=512,nb=75,mask=0,sinks=1,max_bias=0.000000,logit_softcap=0.000000,prec=f32,type_K=q5_1,type_V=q5_1,permute=[0,1,2,3]): not supported [ROCm0] 
  FLASH_ATTN_EXT(hsk=72,hsv=72,nh=4,nr23=[1,1],kv=512,nb=75,mask=0,sinks=1,max_bias=0.000000,logit_softcap=0.000000,prec=f32,type_K=q5_0,type_V=q5_0,permute=[0,1,2,3]): not supported [ROCm0] 
  FLASH_ATTN_EXT(hsk=72,hsv=72,nh=4,nr23=[1,1],kv=512,nb=75,mask=0,sinks=1,max_bias=0.000000,logit_softcap=0.000000,prec=f32,type_K=q4_1,type_V=q4_1,permute=[0,1,2,3]): ggml_backend_cuda_graph_compute: CUDA graph warmup complete
ggml_backend_cuda_graph_compute: CUDA graph warmup complete
not supported [ROCm0] 
  FLASH_ATTN_EXT(hsk=72,hsv=72,nh=4,nr23=[1,1],kv=512,nb=75,mask=0,sinks=1,max_bias=0.000000,logit_softcap=0.000000,prec=f32,type_K=q4_0,type_V=q4_0,permute=[0,1,2,3]): [1;32mOK[0m
  FLASH_ATTN_EXT(hsk=72,hsv=72,nh=4,nr23=[1,1],kv=512,nb=75,mask=0,sinks=1,max_bias=0.000000,logit_softcap=0.000000,prec=f32,type_K=iq4_nl,type_V=iq4_nl,permute=[0,1,2,3]): ggml_backend_cuda_graph_compute: CUDA graph warmup reset
ggml_backend_cuda_graph_compute: CUDA graph warmup reset
not supported [ROCm0] 
  FLASH_ATTN_EXT(hsk=72,hsv=72,nh=4,nr23=[1,1],kv=1024,nb=1,mask=0,sinks=1,max_bias=0.000000,logit_softcap=0.000000,prec=f32,type_K=f32,type_V=f32,permute=[0,1,2,3]): [1;32mOK[0m
  FLASH_ATTN_EXT(hsk=72,hsv=72,nh=4,nr23=[1,1],kv=1024,nb=1,mask=0,sinks=1,max_bias=0.000000,logit_softcap=0.000000,prec=f32,type_K=f16,type_V=f16,permute=[0,1,2,3]): [1;32mOK[0m
  FLASH_ATTN_EXT(hsk=72,hsv=72,nh=4,nr23=[1,1],kv=1024,nb=1,mask=0,sinks=1,max_bias=0.000000,logit_softcap=0.000000,prec=f32,type_K=bf16,type_V=bf16,permute=[0,1,2,3]): [1;32mOK[0m
  FLASH_ATTN_EXT(hsk=72,hsv=72,nh=4,nr23=[1,1],kv=1024,nb=1,mask=0,sinks=1,max_bias=0.000000,logit_softcap=0.000000,prec=f32,type_K=q8_0,type_V=q8_0,permute=[0,1,2,3]): [1;32mOK[0m
  FLASH_ATTN_EXT(hsk=72,hsv=72,nh=4,nr23=[1,1],kv=1024,nb=1,mask=0,sinks=1,max_bias=0.000000,logit_softcap=0.000000,prec=f32,type_K=q5_1,type_V=q5_1,permute=[0,1,2,3]): not supported [ROCm0] 
  FLASH_ATTN_EXT(hsk=72,hsv=72,nh=4,nr23=[1,1],kv=1024,nb=1,mask=0,sinks=1,max_bias=0.000000,logit_softcap=0.000000,prec=f32,type_K=q5_0,type_V=q5_0,permute=[0,1,2,3]): not supported [ROCm0] 
  FLASH_ATTN_EXT(hsk=72,hsv=72,nh=4,nr23=[1,1],kv=1024,nb=1,mask=0,sinks=1,max_bias=0.000000,logit_softcap=0.000000,prec=f32,type_K=q4_1,type_V=q4_1,permute=[0,1,2,3]): not supported [ROCm0] 
  FLASH_ATTN_EXT(hsk=72,hsv=72,nh=4,nr23=[1,1],kv=1024,nb=1,mask=0,sinks=1,max_bias=0.000000,logit_softcap=0.000000,prec=f32,type_K=q4_0,type_V=q4_0,permute=[0,1,2,3]): [1;32mOK[0m
  FLASH_ATTN_EXT(hsk=72,hsv=72,nh=4,nr23=[1,1],kv=1024,nb=1,mask=0,sinks=1,max_bias=0.000000,logit_softcap=0.000000,prec=f32,type_K=iq4_nl,type_V=iq4_nl,permute=[0,1,2,3]): not supported [ROCm0] 
  FLASH_ATTN_EXT(hsk=72,hsv=72,nh=4,nr23=[1,1],kv=1024,nb=3,mask=0,sinks=1,max_bias=0.000000,logit_softcap=0.000000,prec=f32,type_K=f32,type_V=f32,permute=[0,1,2,3]): [1;32mOK[0m
  FLASH_ATTN_EXT(hsk=72,hsv=72,nh=4,nr23=[1,1],kv=1024,nb=3,mask=0,sinks=1,max_bias=0.000000,logit_softcap=0.000000,prec=f32,type_K=f16,type_V=f16,permute=[0,1,2,3]): [1;32mOK[0m
  FLASH_ATTN_EXT(hsk=72,hsv=72,nh=4,nr23=[1,1],kv=1024,nb=3,mask=0,sinks=1,max_bias=0.000000,logit_softcap=0.000000,prec=f32,type_K=bf16,type_V=bf16,permute=[0,1,2,3]): [1;32mOK[0m
  FLASH_ATTN_EXT(hsk=72,hsv=72,nh=4,nr23=[1,1],kv=1024,nb=3,mask=0,sinks=1,max_bias=0.000000,logit_softcap=0.000000,prec=f32,type_K=q8_0,type_V=q8_0,permute=[0,1,2,3]): [1;32mOK[0m
  FLASH_ATTN_EXT(hsk=72,hsv=72,nh=4,nr23=[1,1],kv=1024,nb=3,mask=0,sinks=1,max_bias=0.000000,logit_softcap=0.000000,prec=f32,type_K=q5_1,type_V=q5_1,permute=[0,1,2,3]): not supported [ROCm0] 
  FLASH_ATTN_EXT(hsk=72,hsv=72,nh=4,nr23=[1,1],kv=1024,nb=3,mask=0,sinks=1,max_bias=0.000000,logit_softcap=0.000000,prec=f32,type_K=q5_0,type_V=q5_0,permute=[0,1,2,3]): not supported [ROCm0] 
  FLASH_ATTN_EXT(hsk=72,hsv=72,nh=4,nr23=[1,1],kv=1024,nb=3,mask=0,sinks=1,max_bias=0.000000,logit_softcap=0.000000,prec=f32,type_K=q4_1,type_V=q4_1,permute=[0,1,2,3]): not supported [ROCm0] 
  FLASH_ATTN_EXT(hsk=72,hsv=72,nh=4,nr23=[1,1],kv=1024,nb=3,mask=0,sinks=1,max_bias=0.000000,logit_softcap=0.000000,prec=f32,type_K=q4_0,type_V=q4_0,permute=[0,1,2,3]): [1;32mOK[0m
  FLASH_ATTN_EXT(hsk=72,hsv=72,nh=4,nr23=[1,1],kv=1024,nb=3,mask=0,sinks=1,max_bias=0.000000,logit_softcap=0.000000,prec=f32,type_K=iq4_nl,type_V=iq4_nl,permute=[0,1,2,3]): not supported [ROCm0] 
  FLASH_ATTN_EXT(hsk=72,hsv=72,nh=4,nr23=[1,1],kv=1024,nb=32,mask=0,sinks=1,max_bias=0.000000,logit_softcap=0.000000,prec=f32,type_K=f32,type_V=f32,permute=[0,1,2,3]): [1;32mOK[0m
  FLASH_ATTN_EXT(hsk=72,hsv=72,nh=4,nr23=[1,1],kv=1024,nb=32,mask=0,sinks=1,max_bias=0.000000,logit_softcap=0.000000,prec=f32,type_K=f16,type_V=f16,permute=[0,1,2,3]): [1;32mOK[0m
  FLASH_ATTN_EXT(hsk=72,hsv=72,nh=4,nr23=[1,1],kv=1024,nb=32,mask=0,sinks=1,max_bias=0.000000,logit_softcap=0.000000,prec=f32,type_K=bf16,type_V=bf16,permute=[0,1,2,3]): [1;32mOK[0m
  FLASH_ATTN_EXT(hsk=72,hsv=72,nh=4,nr23=[1,1],kv=1024,nb=32,mask=0,sinks=1,max_bias=0.000000,logit_softcap=0.000000,prec=f32,type_K=q8_0,type_V=q8_0,permute=[0,1,2,3]): [1;32mOK[0m
  FLASH_ATTN_EXT(hsk=72,hsv=72,nh=4,nr23=[1,1],kv=1024,nb=32,mask=0,sinks=1,max_bias=0.000000,logit_softcap=0.000000,prec=f32,type_K=q5_1,type_V=q5_1,permute=[0,1,2,3]): not supported [ROCm0] 
  FLASH_ATTN_EXT(hsk=72,hsv=72,nh=4,nr23=[1,1],kv=1024,nb=32,mask=0,sinks=1,max_bias=0.000000,logit_softcap=0.000000,prec=f32,type_K=q5_0,type_V=q5_0,permute=[0,1,2,3]): not supported [ROCm0] 
  FLASH_ATTN_EXT(hsk=72,hsv=72,nh=4,nr23=[1,1],kv=1024,nb=32,mask=0,sinks=1,max_bias=0.000000,logit_softcap=0.000000,prec=f32,type_K=q4_1,type_V=q4_1,permute=[0,1,2,3]): not supported [ROCm0] 
  FLASH_ATTN_EXT(hsk=72,hsv=72,nh=4,nr23=[1,1],kv=1024,nb=32,mask=0,sinks=1,max_bias=0.000000,logit_softcap=0.000000,prec=f32,type_K=q4_0,type_V=q4_0,permute=[0,1,2,3]): [1;32mOK[0m
  FLASH_ATTN_EXT(hsk=72,hsv=72,nh=4,nr23=[1,1],kv=1024,nb=32,mask=0,sinks=1,max_bias=0.000000,logit_softcap=0.000000,prec=f32,type_K=iq4_nl,type_V=iq4_nl,permute=[0,1,2,3]): not supported [ROCm0] 
  FLASH_ATTN_EXT(hsk=72,hsv=72,nh=4,nr23=[1,1],kv=1024,nb=75,mask=0,sinks=1,max_bias=0.000000,logit_softcap=0.000000,prec=f32,type_K=f32,type_V=f32,permute=[0,1,2,3]): [1;32mOK[0m
  FLASH_ATTN_EXT(hsk=72,hsv=72,nh=4,nr23=[1,1],kv=1024,nb=75,mask=0,sinks=1,max_bias=0.000000,logit_softcap=0.000000,prec=f32,type_K=f16,type_V=f16,permute=[0,1,2,3]): [1;32mOK[0m
  FLASH_ATTN_EXT(hsk=72,hsv=72,nh=4,nr23=[1,1],kv=1024,nb=75,mask=0,sinks=1,max_bias=0.000000,logit_softcap=0.000000,prec=f32,type_K=bf16,type_V=bf16,permute=[0,1,2,3]): [1;32mOK[0m
  FLASH_ATTN_EXT(hsk=72,hsv=72,nh=4,nr23=[1,1],kv=1024,nb=75,mask=0,sinks=1,max_bias=0.000000,logit_softcap=0.000000,prec=f32,type_K=q8_0,type_V=q8_0,permute=[0,1,2,3]): [1;32mOK[0m
  FLASH_ATTN_EXT(hsk=72,hsv=72,nh=4,nr23=[1,1],kv=1024,nb=75,mask=0,sinks=1,max_bias=0.000000,logit_softcap=0.000000,prec=f32,type_K=q5_1,type_V=q5_1,permute=[0,1,2,3]): not supported [ROCm0] 
  FLASH_ATTN_EXT(hsk=72,hsv=72,nh=4,nr23=[1,1],kv=1024,nb=75,mask=0,sinks=1,max_bias=0.000000,logit_softcap=0.000000,prec=f32,type_K=q5_0,type_V=q5_0,permute=[0,1,2,3]): not supported [ROCm0] 
  FLASH_ATTN_EXT(hsk=72,hsv=72,nh=4,nr23=[1,1],kv=1024,nb=75,mask=0,sinks=1,max_bias=0.000000,logit_softcap=0.000000,prec=f32,type_K=q4_1,type_V=q4_1,permute=[0,1,2,3]): not supported [ROCm0] 
  FLASH_ATTN_EXT(hsk=72,hsv=72,nh=4,nr23=[1,1],kv=1024,nb=75,mask=0,sinks=1,max_bias=0.000000,logit_softcap=0.000000,prec=f32,type_K=q4_0,type_V=q4_0,permute=[0,1,2,3]): [1;32mOK[0m
  FLASH_ATTN_EXT(hsk=72,hsv=72,nh=4,nr23=[1,1],kv=1024,nb=75,mask=0,sinks=1,max_bias=0.000000,logit_softcap=0.000000,prec=f32,type_K=iq4_nl,type_V=iq4_nl,permute=[0,1,2,3]): not supported [ROCm0] 
  FLASH_ATTN_EXT(hsk=72,hsv=72,nh=4,nr23=[4,1],kv=512,nb=1,mask=0,sinks=1,max_bias=0.000000,logit_softcap=0.000000,prec=f32,type_K=f32,type_V=f32,permute=[0,1,2,3]): [1;32mOK[0m
  FLASH_ATTN_EXT(hsk=72,hsv=72,nh=4,nr23=[4,1],kv=512,nb=1,mask=0,sinks=1,max_bias=0.000000,logit_softcap=0.000000,prec=f32,type_K=f16,type_V=f16,permute=[0,1,2,3]): [1;32mOK[0m
  FLASH_ATTN_EXT(hsk=72,hsv=72,nh=4,nr23=[4,1],kv=512,nb=1,mask=0,sinks=1,max_bias=0.000000,logit_softcap=0.000000,prec=f32,type_K=bf16,type_V=bf16,permute=[0,1,2,3]): [1;32mOK[0m
  FLASH_ATTN_EXT(hsk=72,hsv=72,nh=4,nr23=[4,1],kv=512,nb=1,mask=0,sinks=1,max_bias=0.000000,logit_softcap=0.000000,prec=f32,type_K=q8_0,type_V=q8_0,permute=[0,1,2,3]): [1;32mOK[0m
  FLASH_ATTN_EXT(hsk=72,hsv=72,nh=4,nr23=[4,1],kv=512,nb=1,mask=0,sinks=1,max_bias=0.000000,logit_softcap=0.000000,prec=f32,type_K=q5_1,type_V=q5_1,permute=[0,1,2,3]): not supported [ROCm0] 
  FLASH_ATTN_EXT(hsk=72,hsv=72,nh=4,nr23=[4,1],kv=512,nb=1,mask=0,sinks=1,max_bias=0.000000,logit_softcap=0.000000,prec=f32,type_K=q5_0,type_V=q5_0,permute=[0,1,2,3]): not supported [ROCm0] 
  FLASH_ATTN_EXT(hsk=72,hsv=72,nh=4,nr23=[4,1],kv=512,nb=1,mask=0,sinks=1,max_bias=0.000000,logit_softcap=0.000000,prec=f32,type_K=q4_1,type_V=q4_1,permute=[0,1,2,3]): not supported [ROCm0] 
  FLASH_ATTN_EXT(hsk=72,hsv=72,nh=4,nr23=[4,1],kv=512,nb=1,mask=0,sinks=1,max_bias=0.000000,logit_softcap=0.000000,prec=f32,type_K=q4_0,type_V=q4_0,permute=[0,1,2,3]): [1;32mOK[0m
  FLASH_ATTN_EXT(hsk=72,hsv=72,nh=4,nr23=[4,1],kv=512,nb=1,mask=0,sinks=1,max_bias=0.000000,logit_softcap=0.000000,prec=f32,type_K=iq4_nl,type_V=iq4_nl,permute=[0,1,2,3]): not supported [ROCm0] 
  FLASH_ATTN_EXT(hsk=72,hsv=72,nh=4,nr23=[4,1],kv=512,nb=3,mask=0,sinks=1,max_bias=0.000000,logit_softcap=0.000000,prec=f32,type_K=f32,type_V=f32,permute=[0,1,2,3]): [1;32mOK[0m
  FLASH_ATTN_EXT(hsk=72,hsv=72,nh=4,nr23=[4,1],kv=512,nb=3,mask=0,sinks=1,max_bias=0.000000,logit_softcap=0.000000,prec=f32,type_K=f16,type_V=f16,permute=[0,1,2,3]): [1;32mOK[0m
  FLASH_ATTN_EXT(hsk=72,hsv=72,nh=4,nr23=[4,1],kv=512,nb=3,mask=0,sinks=1,max_bias=0.000000,logit_softcap=0.000000,prec=f32,type_K=bf16,type_V=bf16,permute=[0,1,2,3]): [1;32mOK[0m
  FLASH_ATTN_EXT(hsk=72,hsv=72,nh=4,nr23=[4,1],kv=512,nb=3,mask=0,sinks=1,max_bias=0.000000,logit_softcap=0.000000,prec=f32,type_K=q8_0,type_V=q8_0,permute=[0,1,2,3]): [1;32mOK[0m
  FLASH_ATTN_EXT(hsk=72,hsv=72,nh=4,nr23=[4,1],kv=512,nb=3,mask=0,sinks=1,max_bias=0.000000,logit_softcap=0.000000,prec=f32,type_K=q5_1,type_V=q5_1,permute=[0,1,2,3]): not supported [ROCm0] 
  FLASH_ATTN_EXT(hsk=72,hsv=72,nh=4,nr23=[4,1],kv=512,nb=3,mask=0,sinks=1,max_bias=0.000000,logit_softcap=0.000000,prec=f32,type_K=q5_0,type_V=q5_0,permute=[0,1,2,3]): not supported [ROCm0] 
  FLASH_ATTN_EXT(hsk=72,hsv=72,nh=4,nr23=[4,1],kv=512,nb=3,mask=0,sinks=1,max_bias=0.000000,logit_softcap=0.000000,prec=f32,type_K=q4_1,type_V=q4_1,permute=[0,1,2,3]): not supported [ROCm0] 
  FLASH_ATTN_EXT(hsk=72,hsv=72,nh=4,nr23=[4,1],kv=512,nb=3,mask=0,sinks=1,max_bias=0.000000,logit_softcap=0.000000,prec=f32,type_K=q4_0,type_V=q4_0,permute=[0,1,2,3]): [1;32mOK[0m
  FLASH_ATTN_EXT(hsk=72,hsv=72,nh=4,nr23=[4,1],kv=512,nb=3,mask=0,sinks=1,max_bias=0.000000,logit_softcap=0.000000,prec=f32,type_K=iq4_nl,type_V=iq4_nl,permute=[0,1,2,3]): not supported [ROCm0] 
  FLASH_ATTN_EXT(hsk=72,hsv=72,nh=4,nr23=[4,1],kv=512,nb=32,mask=0,sinks=1,max_bias=0.000000,logit_softcap=0.000000,prec=f32,type_K=f32,type_V=f32,permute=[0,1,2,3]): [1;32mOK[0m
  FLASH_ATTN_EXT(hsk=72,hsv=72,nh=4,nr23=[4,1],kv=512,nb=32,mask=0,sinks=1,max_bias=0.000000,logit_softcap=0.000000,prec=f32,type_K=f16,type_V=f16,permute=[0,1,2,3]): [1;32mOK[0m
  FLASH_ATTN_EXT(hsk=72,hsv=72,nh=4,nr23=[4,1],kv=512,nb=32,mask=0,sinks=1,max_bias=0.000000,logit_softcap=0.000000,prec=f32,type_K=bf16,type_V=bf16,permute=[0,1,2,3]): [1;32mOK[0m
  FLASH_ATTN_EXT(hsk=72,hsv=72,nh=4,nr23=[4,1],kv=512,nb=32,mask=0,sinks=1,max_bias=0.000000,logit_softcap=0.000000,prec=f32,type_K=q8_0,type_V=q8_0,permute=[0,1,2,3]): [1;32mOK[0m
  FLASH_ATTN_EXT(hsk=72,hsv=72,nh=4,nr23=[4,1],kv=512,nb=32,mask=0,sinks=1,max_bias=0.000000,logit_softcap=0.000000,prec=f32,type_K=q5_1,type_V=q5_1,permute=[0,1,2,3]): not supported [ROCm0] 
  FLASH_ATTN_EXT(hsk=72,hsv=72,nh=4,nr23=[4,1],kv=512,nb=32,mask=0,sinks=1,max_bias=0.000000,logit_softcap=0.000000,prec=f32,type_K=q5_0,type_V=q5_0,permute=[0,1,2,3]): not supported [ROCm0] 
  FLASH_ATTN_EXT(hsk=72,hsv=72,nh=4,nr23=[4,1],kv=512,nb=32,mask=0,sinks=1,max_bias=0.000000,logit_softcap=0.000000,prec=f32,type_K=q4_1,type_V=q4_1,permute=[0,1,2,3]): not supported [ROCm0] 
  FLASH_ATTN_EXT(hsk=72,hsv=72,nh=4,nr23=[4,1],kv=512,nb=32,mask=0,sinks=1,max_bias=0.000000,logit_softcap=0.000000,prec=f32,type_K=q4_0,type_V=q4_0,permute=[0,1,2,3]): [1;32mOK[0m
  FLASH_ATTN_EXT(hsk=72,hsv=72,nh=4,nr23=[4,1],kv=512,nb=32,mask=0,sinks=1,max_bias=0.000000,logit_softcap=0.000000,prec=f32,type_K=iq4_nl,type_V=iq4_nl,permute=[0,1,2,3]): not supported [ROCm0] 
  FLASH_ATTN_EXT(hsk=72,hsv=72,nh=4,nr23=[4,1],kv=512,nb=75,mask=0,sinks=1,max_bias=0.000000,logit_softcap=0.000000,prec=f32,type_K=f32,type_V=f32,permute=[0,1,2,3]): [1;32mOK[0m
  FLASH_ATTN_EXT(hsk=72,hsv=72,nh=4,nr23=[4,1],kv=512,nb=75,mask=0,sinks=1,max_bias=0.000000,logit_softcap=0.000000,prec=f32,type_K=f16,type_V=f16,permute=[0,1,2,3]): [1;32mOK[0m
  FLASH_ATTN_EXT(hsk=72,hsv=72,nh=4,nr23=[4,1],kv=512,nb=75,mask=0,sinks=1,max_bias=0.000000,logit_softcap=0.000000,prec=f32,type_K=bf16,type_V=bf16,permute=[0,1,2,3]): [1;32mOK[0m
  FLASH_ATTN_EXT(hsk=72,hsv=72,nh=4,nr23=[4,1],kv=512,nb=75,mask=0,sinks=1,max_bias=0.000000,logit_softcap=0.000000,prec=f32,type_K=q8_0,type_V=q8_0,permute=[0,1,2,3]): [1;32mOK[0m
  FLASH_ATTN_EXT(hsk=72,hsv=72,nh=4,nr23=[4,1],kv=512,nb=75,mask=0,sinks=1,max_bias=0.000000,logit_softcap=0.000000,prec=f32,type_K=q5_1,type_V=q5_1,permute=[0,1,2,3]): not supported [ROCm0] 
  FLASH_ATTN_EXT(hsk=72,hsv=72,nh=4,nr23=[4,1],kv=512,nb=75,mask=0,sinks=1,max_bias=0.000000,logit_softcap=0.000000,prec=f32,type_K=q5_0,type_V=q5_0,permute=[0,1,2,3]): not supported [ROCm0] 
  FLASH_ATTN_EXT(hsk=72,hsv=72,nh=4,nr23=[4,1],kv=512,nb=75,mask=0,sinks=1,max_bias=0.000000,logit_softcap=0.000000,prec=f32,type_K=q4_1,type_V=q4_1,permute=[0,1,2,3]): not supported [ROCm0] 
  FLASH_ATTN_EXT(hsk=72,hsv=72,nh=4,nr23=[4,1],kv=512,nb=75,mask=0,sinks=1,max_bias=0.000000,logit_softcap=0.000000,prec=f32,type_K=q4_0,type_V=q4_0,permute=[0,1,2,3]): [1;32mOK[0m
  FLASH_ATTN_EXT(hsk=72,hsv=72,nh=4,nr23=[4,1],kv=512,nb=75,mask=0,sinks=1,max_bias=0.000000,logit_softcap=0.000000,prec=f32,type_K=iq4_nl,type_V=iq4_nl,permute=[0,1,2,3]): not supported [ROCm0] 
  FLASH_ATTN_EXT(hsk=72,hsv=72,nh=4,nr23=[1,1],kv=113,nb=1,mask=0,sinks=0,max_bias=0.000000,logit_softcap=0.000000,prec=f32,type_K=f32,type_V=f32,permute=[0,1,2,3]): [1;32mOK[0m
  FLASH_ATTN_EXT(hsk=72,hsv=72,nh=4,nr23=[1,1],kv=113,nb=1,mask=0,sinks=0,max_bias=0.000000,logit_softcap=0.000000,prec=f32,type_K=f16,type_V=f16,permute=[0,1,2,3]): [1;32mOK[0m
  FLASH_ATTN_EXT(hsk=72,hsv=72,nh=4,nr23=[1,1],kv=113,nb=1,mask=0,sinks=0,max_bias=0.000000,logit_softcap=0.000000,prec=f32,type_K=bf16,type_V=bf16,permute=[0,1,2,3]): [1;32mOK[0m
  FLASH_ATTN_EXT(hsk=72,hsv=72,nh=4,nr23=[1,1],kv=113,nb=1,mask=0,sinks=0,max_bias=0.000000,logit_softcap=0.000000,prec=f32,type_K=q8_0,type_V=q8_0,permute=[0,1,2,3]): [1;32mOK[0m
  FLASH_ATTN_EXT(hsk=72,hsv=72,nh=4,nr23=[1,1],kv=113,nb=1,mask=0,sinks=0,max_bias=0.000000,logit_softcap=0.000000,prec=f32,type_K=q5_1,type_V=q5_1,permute=[0,1,2,3]): not supported [ROCm0] 
  FLASH_ATTN_EXT(hsk=72,hsv=72,nh=4,nr23=[1,1],kv=113,nb=1,mask=0,sinks=0,max_bias=0.000000,logit_softcap=0.000000,prec=f32,type_K=q5_0,type_V=q5_0,permute=[0,1,2,3]): not supported [ROCm0] 
  FLASH_ATTN_EXT(hsk=72,hsv=72,nh=4,nr23=[1,1],kv=113,nb=1,mask=0,sinks=0,max_bias=0.000000,logit_softcap=0.000000,prec=f32,type_K=q4_1,type_V=q4_1,permute=[0,1,2,3]): not supported [ROCm0] 
  FLASH_ATTN_EXT(hsk=72,hsv=72,nh=4,nr23=[1,1],kv=113,nb=1,mask=0,sinks=0,max_bias=0.000000,logit_softcap=0.000000,prec=f32,type_K=q4_0,type_V=q4_0,permute=[0,1,2,3]): [1;32mOK[0m
  FLASH_ATTN_EXT(hsk=72,hsv=72,nh=4,nr23=[1,1],kv=113,nb=1,mask=0,sinks=0,max_bias=0.000000,logit_softcap=0.000000,prec=f32,type_K=iq4_nl,type_V=iq4_nl,permute=[0,1,2,3]): not supported [ROCm0] 
  FLASH_ATTN_EXT(hsk=72,hsv=72,nh=4,nr23=[1,1],kv=113,nb=3,mask=0,sinks=0,max_bias=0.000000,logit_softcap=0.000000,prec=f32,type_K=f32,type_V=f32,permute=[0,1,2,3]): [1;32mOK[0m
  FLASH_ATTN_EXT(hsk=72,hsv=72,nh=4,nr23=[1,1],kv=113,nb=3,mask=0,sinks=0,max_bias=0.000000,logit_softcap=0.000000,prec=f32,type_K=f16,type_V=f16,permute=[0,1,2,3]): [1;32mOK[0m
  FLASH_ATTN_EXT(hsk=72,hsv=72,nh=4,nr23=[1,1],kv=113,nb=3,mask=0,sinks=0,max_bias=0.000000,logit_softcap=0.000000,prec=f32,type_K=bf16,type_V=bf16,permute=[0,1,2,3]): [1;32mOK[0m
  FLASH_ATTN_EXT(hsk=72,hsv=72,nh=4,nr23=[1,1],kv=113,nb=3,mask=0,sinks=0,max_bias=0.000000,logit_softcap=0.000000,prec=f32,type_K=q8_0,type_V=q8_0,permute=[0,1,2,3]): [1;32mOK[0m
  FLASH_ATTN_EXT(hsk=72,hsv=72,nh=4,nr23=[1,1],kv=113,nb=3,mask=0,sinks=0,max_bias=0.000000,logit_softcap=0.000000,prec=f32,type_K=q5_1,type_V=q5_1,permute=[0,1,2,3]): not supported [ROCm0] 
  FLASH_ATTN_EXT(hsk=72,hsv=72,nh=4,nr23=[1,1],kv=113,nb=3,mask=0,sinks=0,max_bias=0.000000,logit_softcap=0.000000,prec=f32,type_K=q5_0,type_V=q5_0,permute=[0,1,2,3]): not supported [ROCm0] 
  FLASH_ATTN_EXT(hsk=72,hsv=72,nh=4,nr23=[1,1],kv=113,nb=3,mask=0,sinks=0,max_bias=0.000000,logit_softcap=0.000000,prec=f32,type_K=q4_1,type_V=q4_1,permute=[0,1,2,3]): not supported [ROCm0] 
  FLASH_ATTN_EXT(hsk=72,hsv=72,nh=4,nr23=[1,1],kv=113,nb=3,mask=0,sinks=0,max_bias=0.000000,logit_softcap=0.000000,prec=f32,type_K=q4_0,type_V=q4_0,permute=[0,1,2,3]): [1;32mOK[0m
  FLASH_ATTN_EXT(hsk=72,hsv=72,nh=4,nr23=[1,1],kv=113,nb=3,mask=0,sinks=0,max_bias=0.000000,logit_softcap=0.000000,prec=f32,type_K=iq4_nl,type_V=iq4_nl,permute=[0,1,2,3]): not supported [ROCm0] 
  FLASH_ATTN_EXT(hsk=72,hsv=72,nh=4,nr23=[1,1],kv=113,nb=32,mask=0,sinks=0,max_bias=0.000000,logit_softcap=0.000000,prec=f32,type_K=f32,type_V=f32,permute=[0,1,2,3]): [1;32mOK[0m
  FLASH_ATTN_EXT(hsk=72,hsv=72,nh=4,nr23=[1,1],kv=113,nb=32,mask=0,sinks=0,max_bias=0.000000,logit_softcap=0.000000,prec=f32,type_K=f16,type_V=f16,permute=[0,1,2,3]): [1;32mOK[0m
  FLASH_ATTN_EXT(hsk=72,hsv=72,nh=4,nr23=[1,1],kv=113,nb=32,mask=0,sinks=0,max_bias=0.000000,logit_softcap=0.000000,prec=f32,type_K=bf16,type_V=bf16,permute=[0,1,2,3]): [1;32mOK[0m
  FLASH_ATTN_EXT(hsk=72,hsv=72,nh=4,nr23=[1,1],kv=113,nb=32,mask=0,sinks=0,max_bias=0.000000,logit_softcap=0.000000,prec=f32,type_K=q8_0,type_V=q8_0,permute=[0,1,2,3]): [1;32mOK[0m
  FLASH_ATTN_EXT(hsk=72,hsv=72,nh=4,nr23=[1,1],kv=113,nb=32,mask=0,sinks=0,max_bias=0.000000,logit_softcap=0.000000,prec=f32,type_K=q5_1,type_V=q5_1,permute=[0,1,2,3]): not supported [ROCm0] 
  FLASH_ATTN_EXT(hsk=72,hsv=72,nh=4,nr23=[1,1],kv=113,nb=32,mask=0,sinks=0,max_bias=0.000000,logit_softcap=0.000000,prec=f32,type_K=q5_0,type_V=q5_0,permute=[0,1,2,3]): not supported [ROCm0] 
  FLASH_ATTN_EXT(hsk=72,hsv=72,nh=4,nr23=[1,1],kv=113,nb=32,mask=0,sinks=0,max_bias=0.000000,logit_softcap=0.000000,prec=f32,type_K=q4_1,type_V=q4_1,permute=[0,1,2,3]): not supported [ROCm0] 
  FLASH_ATTN_EXT(hsk=72,hsv=72,nh=4,nr23=[1,1],kv=113,nb=32,mask=0,sinks=0,max_bias=0.000000,logit_softcap=0.000000,prec=f32,type_K=q4_0,type_V=q4_0,permute=[0,1,2,3]): [1;32mOK[0m
  FLASH_ATTN_EXT(hsk=72,hsv=72,nh=4,nr23=[1,1],kv=113,nb=32,mask=0,sinks=0,max_bias=0.000000,logit_softcap=0.000000,prec=f32,type_K=iq4_nl,type_V=iq4_nl,permute=[0,1,2,3]): not supported [ROCm0] 
  FLASH_ATTN_EXT(hsk=72,hsv=72,nh=4,nr23=[1,1],kv=113,nb=75,mask=0,sinks=0,max_bias=0.000000,logit_softcap=0.000000,prec=f32,type_K=f32,type_V=f32,permute=[0,1,2,3]): [1;32mOK[0m
  FLASH_ATTN_EXT(hsk=72,hsv=72,nh=4,nr23=[1,1],kv=113,nb=75,mask=0,sinks=0,max_bias=0.000000,logit_softcap=0.000000,prec=f32,type_K=f16,type_V=f16,permute=[0,1,2,3]): [1;32mOK[0m
  FLASH_ATTN_EXT(hsk=72,hsv=72,nh=4,nr23=[1,1],kv=113,nb=75,mask=0,sinks=0,max_bias=0.000000,logit_softcap=0.000000,prec=f32,type_K=bf16,type_V=bf16,permute=[0,1,2,3]): [1;32mOK[0m
  FLASH_ATTN_EXT(hsk=72,hsv=72,nh=4,nr23=[1,1],kv=113,nb=75,mask=0,sinks=0,max_bias=0.000000,logit_softcap=0.000000,prec=f32,type_K=q8_0,type_V=q8_0,permute=[0,1,2,3]): [1;32mOK[0m
  FLASH_ATTN_EXT(hsk=72,hsv=72,nh=4,nr23=[1,1],kv=113,nb=75,mask=0,sinks=0,max_bias=0.000000,logit_softcap=0.000000,prec=f32,type_K=q5_1,type_V=q5_1,permute=[0,1,2,3]): not supported [ROCm0] 
  FLASH_ATTN_EXT(hsk=72,hsv=72,nh=4,nr23=[1,1],kv=113,nb=75,mask=0,sinks=0,max_bias=0.000000,logit_softcap=0.000000,prec=f32,type_K=q5_0,type_V=q5_0,permute=[0,1,2,3]): not supported [ROCm0] 
  FLASH_ATTN_EXT(hsk=72,hsv=72,nh=4,nr23=[1,1],kv=113,nb=75,mask=0,sinks=0,max_bias=0.000000,logit_softcap=0.000000,prec=f32,type_K=q4_1,type_V=q4_1,permute=[0,1,2,3]): not supported [ROCm0] 
  FLASH_ATTN_EXT(hsk=72,hsv=72,nh=4,nr23=[1,1],kv=113,nb=75,mask=0,sinks=0,max_bias=0.000000,logit_softcap=0.000000,prec=f32,type_K=q4_0,type_V=q4_0,permute=[0,1,2,3]): [1;32mOK[0m
  FLASH_ATTN_EXT(hsk=72,hsv=72,nh=4,nr23=[1,1],kv=113,nb=75,mask=0,sinks=0,max_bias=0.000000,logit_softcap=0.000000,prec=f32,type_K=iq4_nl,type_V=iq4_nl,permute=[0,1,2,3]): not supported [ROCm0] 
  FLASH_ATTN_EXT(hsk=72,hsv=72,nh=4,nr23=[1,1],kv=512,nb=1,mask=0,sinks=0,max_bias=0.000000,logit_softcap=0.000000,prec=f32,type_K=f32,type_V=f32,permute=[0,1,2,3]): [1;32mOK[0m
  FLASH_ATTN_EXT(hsk=72,hsv=72,nh=4,nr23=[1,1],kv=512,nb=1,mask=0,sinks=0,max_bias=0.000000,logit_softcap=0.000000,prec=f32,type_K=f16,type_V=f16,permute=[0,1,2,3]): [1;32mOK[0m
  FLASH_ATTN_EXT(hsk=72,hsv=72,nh=4,nr23=[1,1],kv=512,nb=1,mask=0,sinks=0,max_bias=0.000000,logit_softcap=0.000000,prec=f32,type_K=bf16,type_V=bf16,permute=[0,1,2,3]): [1;32mOK[0m
  FLASH_ATTN_EXT(hsk=72,hsv=72,nh=4,nr23=[1,1],kv=512,nb=1,mask=0,sinks=0,max_bias=0.000000,logit_softcap=0.000000,prec=f32,type_K=q8_0,type_V=q8_0,permute=[0,1,2,3]): [1;32mOK[0m
  FLASH_ATTN_EXT(hsk=72,hsv=72,nh=4,nr23=[1,1],kv=512,nb=1,mask=0,sinks=0,max_bias=0.000000,logit_softcap=0.000000,prec=f32,type_K=q5_1,type_V=q5_1,permute=[0,1,2,3]): not supported [ROCm0] 
  FLASH_ATTN_EXT(hsk=72,hsv=72,nh=4,nr23=[1,1],kv=512,nb=1,mask=0,sinks=0,max_bias=0.000000,logit_softcap=0.000000,prec=f32,type_K=q5_0,type_V=q5_0,permute=[0,1,2,3]): not supported [ROCm0] 
  FLASH_ATTN_EXT(hsk=72,hsv=72,nh=4,nr23=[1,1],kv=512,nb=1,mask=0,sinks=0,max_bias=0.000000,logit_softcap=0.000000,prec=f32,type_K=q4_1,type_V=q4_1,permute=[0,1,2,3]): not supported [ROCm0] 
  FLASH_ATTN_EXT(hsk=72,hsv=72,nh=4,nr23=[1,1],kv=512,nb=1,mask=0,sinks=0,max_bias=0.000000,logit_softcap=0.000000,prec=f32,type_K=q4_0,type_V=q4_0,permute=[0,1,2,3]): [1;32mOK[0m
  FLASH_ATTN_EXT(hsk=72,hsv=72,nh=4,nr23=[1,1],kv=512,nb=1,mask=0,sinks=0,max_bias=0.000000,logit_softcap=0.000000,prec=f32,type_K=iq4_nl,type_V=iq4_nl,permute=[0,1,2,3]): not supported [ROCm0] 
  FLASH_ATTN_EXT(hsk=72,hsv=72,nh=4,nr23=[1,1],kv=512,nb=3,mask=0,sinks=0,max_bias=0.000000,logit_softcap=0.000000,prec=f32,type_K=f32,type_V=f32,permute=[0,1,2,3]): [1;32mOK[0m
  FLASH_ATTN_EXT(hsk=72,hsv=72,nh=4,nr23=[1,1],kv=512,nb=3,mask=0,sinks=0,max_bias=0.000000,logit_softcap=0.000000,prec=f32,type_K=f16,type_V=f16,permute=[0,1,2,3]): [1;32mOK[0m
  FLASH_ATTN_EXT(hsk=72,hsv=72,nh=4,nr23=[1,1],kv=512,nb=3,mask=0,sinks=0,max_bias=0.000000,logit_softcap=0.000000,prec=f32,type_K=bf16,type_V=bf16,permute=[0,1,2,3]): [1;32mOK[0m
  FLASH_ATTN_EXT(hsk=72,hsv=72,nh=4,nr23=[1,1],kv=512,nb=3,mask=0,sinks=0,max_bias=0.000000,logit_softcap=0.000000,prec=f32,type_K=q8_0,type_V=q8_0,permute=[0,1,2,3]): [1;32mOK[0m
  FLASH_ATTN_EXT(hsk=72,hsv=72,nh=4,nr23=[1,1],kv=512,nb=3,mask=0,sinks=0,max_bias=0.000000,logit_softcap=0.000000,prec=f32,type_K=q5_1,type_V=q5_1,permute=[0,1,2,3]): not supported [ROCm0] 
  FLASH_ATTN_EXT(hsk=72,hsv=72,nh=4,nr23=[1,1],kv=512,nb=3,mask=0,sinks=0,max_bias=0.000000,logit_softcap=0.000000,prec=f32,type_K=q5_0,type_V=q5_0,permute=[0,1,2,3]): not supported [ROCm0] 
  FLASH_ATTN_EXT(hsk=72,hsv=72,nh=4,nr23=[1,1],kv=512,nb=3,mask=0,sinks=0,max_bias=0.000000,logit_softcap=0.000000,prec=f32,type_K=q4_1,type_V=q4_1,permute=[0,1,2,3]): not supported [ROCm0] 
  FLASH_ATTN_EXT(hsk=72,hsv=72,nh=4,nr23=[1,1],kv=512,nb=3,mask=0,sinks=0,max_bias=0.000000,logit_softcap=0.000000,prec=f32,type_K=q4_0,type_V=q4_0,permute=[0,1,2,3]): [1;32mOK[0m
  FLASH_ATTN_EXT(hsk=72,hsv=72,nh=4,nr23=[1,1],kv=512,nb=3,mask=0,sinks=0,max_bias=0.000000,logit_softcap=0.000000,prec=f32,type_K=iq4_nl,type_V=iq4_nl,permute=[0,1,2,3]): not supported [ROCm0] 
  FLASH_ATTN_EXT(hsk=72,hsv=72,nh=4,nr23=[1,1],kv=512,nb=32,mask=0,sinks=0,max_bias=0.000000,logit_softcap=0.000000,prec=f32,type_K=f32,type_V=f32,permute=[0,1,2,3]): [1;32mOK[0m
  FLASH_ATTN_EXT(hsk=72,hsv=72,nh=4,nr23=[1,1],kv=512,nb=32,mask=0,sinks=0,max_bias=0.000000,logit_softcap=0.000000,prec=f32,type_K=f16,type_V=f16,permute=[0,1,2,3]): [1;32mOK[0m
  FLASH_ATTN_EXT(hsk=72,hsv=72,nh=4,nr23=[1,1],kv=512,nb=32,mask=0,sinks=0,max_bias=0.000000,logit_softcap=0.000000,prec=f32,type_K=bf16,type_V=bf16,permute=[0,1,2,3]): [1;32mOK[0m
  FLASH_ATTN_EXT(hsk=72,hsv=72,nh=4,nr23=[1,1],kv=512,nb=32,mask=0,sinks=0,max_bias=0.000000,logit_softcap=0.000000,prec=f32,type_K=q8_0,type_V=q8_0,permute=[0,1,2,3]): [1;32mOK[0m
  FLASH_ATTN_EXT(hsk=72,hsv=72,nh=4,nr23=[1,1],kv=512,nb=32,mask=0,sinks=0,max_bias=0.000000,logit_softcap=0.000000,prec=f32,type_K=q5_1,type_V=q5_1,permute=[0,1,2,3]): not supported [ROCm0] 
  FLASH_ATTN_EXT(hsk=72,hsv=72,nh=4,nr23=[1,1],kv=512,nb=32,mask=0,sinks=0,max_bias=0.000000,logit_softcap=0.000000,prec=f32,type_K=q5_0,type_V=q5_0,permute=[0,1,2,3]): not supported [ROCm0] 
  FLASH_ATTN_EXT(hsk=72,hsv=72,nh=4,nr23=[1,1],kv=512,nb=32,mask=0,sinks=0,max_bias=0.000000,logit_softcap=0.000000,prec=f32,type_K=q4_1,type_V=q4_1,permute=[0,1,2,3]): not supported [ROCm0] 
  FLASH_ATTN_EXT(hsk=72,hsv=72,nh=4,nr23=[1,1],kv=512,nb=32,mask=0,sinks=0,max_bias=0.000000,logit_softcap=0.000000,prec=f32,type_K=q4_0,type_V=q4_0,permute=[0,1,2,3]): [1;32mOK[0m
  FLASH_ATTN_EXT(hsk=72,hsv=72,nh=4,nr23=[1,1],kv=512,nb=32,mask=0,sinks=0,max_bias=0.000000,logit_softcap=0.000000,prec=f32,type_K=iq4_nl,type_V=iq4_nl,permute=[0,1,2,3]): not supported [ROCm0] 
  FLASH_ATTN_EXT(hsk=72,hsv=72,nh=4,nr23=[1,1],kv=512,nb=75,mask=0,sinks=0,max_bias=0.000000,logit_softcap=0.000000,prec=f32,type_K=f32,type_V=f32,permute=[0,1,2,3]): [1;32mOK[0m
  FLASH_ATTN_EXT(hsk=72,hsv=72,nh=4,nr23=[1,1],kv=512,nb=75,mask=0,sinks=0,max_bias=0.000000,logit_softcap=0.000000,prec=f32,type_K=f16,type_V=f16,permute=[0,1,2,3]): [1;32mOK[0m
  FLASH_ATTN_EXT(hsk=72,hsv=72,nh=4,nr23=[1,1],kv=512,nb=75,mask=0,sinks=0,max_bias=0.000000,logit_softcap=0.000000,prec=f32,type_K=bf16,type_V=bf16,permute=[0,1,2,3]): [1;32mOK[0m
  FLASH_ATTN_EXT(hsk=72,hsv=72,nh=4,nr23=[1,1],kv=512,nb=75,mask=0,sinks=0,max_bias=0.000000,logit_softcap=0.000000,prec=f32,type_K=q8_0,type_V=q8_0,permute=[0,1,2,3]): [1;32mOK[0m
  FLASH_ATTN_EXT(hsk=72,hsv=72,nh=4,nr23=[1,1],kv=512,nb=75,mask=0,sinks=0,max_bias=0.000000,logit_softcap=0.000000,prec=f32,type_K=q5_1,type_V=q5_1,permute=[0,1,2,3]): not supported [ROCm0] 
  FLASH_ATTN_EXT(hsk=72,hsv=72,nh=4,nr23=[1,1],kv=512,nb=75,mask=0,sinks=0,max_bias=0.000000,logit_softcap=0.000000,prec=f32,type_K=q5_0,type_V=q5_0,permute=[0,1,2,3]): not supported [ROCm0] 
  FLASH_ATTN_EXT(hsk=72,hsv=72,nh=4,nr23=[1,1],kv=512,nb=75,mask=0,sinks=0,max_bias=0.000000,logit_softcap=0.000000,prec=f32,type_K=q4_1,type_V=q4_1,permute=[0,1,2,3]): not supported [ROCm0] 
  FLASH_ATTN_EXT(hsk=72,hsv=72,nh=4,nr23=[1,1],kv=512,nb=75,mask=0,sinks=0,max_bias=0.000000,logit_softcap=0.000000,prec=f32,type_K=q4_0,type_V=q4_0,permute=[0,1,2,3]): [1;32mOK[0m
  FLASH_ATTN_EXT(hsk=72,hsv=72,nh=4,nr23=[1,1],kv=512,nb=75,mask=0,sinks=0,max_bias=0.000000,logit_softcap=0.000000,prec=f32,type_K=iq4_nl,type_V=iq4_nl,permute=[0,1,2,3]): not supported [ROCm0] 
  FLASH_ATTN_EXT(hsk=72,hsv=72,nh=4,nr23=[1,1],kv=1024,nb=1,mask=0,sinks=0,max_bias=0.000000,logit_softcap=0.000000,prec=f32,type_K=f32,type_V=f32,permute=[0,1,2,3]): [1;32mOK[0m
  FLASH_ATTN_EXT(hsk=72,hsv=72,nh=4,nr23=[1,1],kv=1024,nb=1,mask=0,sinks=0,max_bias=0.000000,logit_softcap=0.000000,prec=f32,type_K=f16,type_V=f16,permute=[0,1,2,3]): [1;32mOK[0m
  FLASH_ATTN_EXT(hsk=72,hsv=72,nh=4,nr23=[1,1],kv=1024,nb=1,mask=0,sinks=0,max_bias=0.000000,logit_softcap=0.000000,prec=f32,type_K=bf16,type_V=bf16,permute=[0,1,2,3]): [1;32mOK[0m
  FLASH_ATTN_EXT(hsk=72,hsv=72,nh=4,nr23=[1,1],kv=1024,nb=1,mask=0,sinks=0,max_bias=0.000000,logit_softcap=0.000000,prec=f32,type_K=q8_0,type_V=q8_0,permute=[0,1,2,3]): [1;32mOK[0m
  FLASH_ATTN_EXT(hsk=72,hsv=72,nh=4,nr23=[1,1],kv=1024,nb=1,mask=0,sinks=0,max_bias=0.000000,logit_softcap=0.000000,prec=f32,type_K=q5_1,type_V=q5_1,permute=[0,1,2,3]): not supported [ROCm0] 
  FLASH_ATTN_EXT(hsk=72,hsv=72,nh=4,nr23=[1,1],kv=1024,nb=1,mask=0,sinks=0,max_bias=0.000000,logit_softcap=0.000000,prec=f32,type_K=q5_0,type_V=q5_0,permute=[0,1,2,3]): not supported [ROCm0] 
  FLASH_ATTN_EXT(hsk=72,hsv=72,nh=4,nr23=[1,1],kv=1024,nb=1,mask=0,sinks=0,max_bias=0.000000,logit_softcap=0.000000,prec=f32,type_K=q4_1,type_V=q4_1,permute=[0,1,2,3]): not supported [ROCm0] 
  FLASH_ATTN_EXT(hsk=72,hsv=72,nh=4,nr23=[1,1],kv=1024,nb=1,mask=0,sinks=0,max_bias=0.000000,logit_softcap=0.000000,prec=f32,type_K=q4_0,type_V=q4_0,permute=[0,1,2,3]): [1;32mOK[0m
  FLASH_ATTN_EXT(hsk=72,hsv=72,nh=4,nr23=[1,1],kv=1024,nb=1,mask=0,sinks=0,max_bias=0.000000,logit_softcap=0.000000,prec=f32,type_K=iq4_nl,type_V=iq4_nl,permute=[0,1,2,3]): not supported [ROCm0] 
  FLASH_ATTN_EXT(hsk=72,hsv=72,nh=4,nr23=[1,1],kv=1024,nb=3,mask=0,sinks=0,max_bias=0.000000,logit_softcap=0.000000,prec=f32,type_K=f32,type_V=f32,permute=[0,1,2,3]): [1;32mOK[0m
  FLASH_ATTN_EXT(hsk=72,hsv=72,nh=4,nr23=[1,1],kv=1024,nb=3,mask=0,sinks=0,max_bias=0.000000,logit_softcap=0.000000,prec=f32,type_K=f16,type_V=f16,permute=[0,1,2,3]): [1;32mOK[0m
  FLASH_ATTN_EXT(hsk=72,hsv=72,nh=4,nr23=[1,1],kv=1024,nb=3,mask=0,sinks=0,max_bias=0.000000,logit_softcap=0.000000,prec=f32,type_K=bf16,type_V=bf16,permute=[0,1,2,3]): [1;32mOK[0m
  FLASH_ATTN_EXT(hsk=72,hsv=72,nh=4,nr23=[1,1],kv=1024,nb=3,mask=0,sinks=0,max_bias=0.000000,logit_softcap=0.000000,prec=f32,type_K=q8_0,type_V=q8_0,permute=[0,1,2,3]): [1;32mOK[0m
  FLASH_ATTN_EXT(hsk=72,hsv=72,nh=4,nr23=[1,1],kv=1024,nb=3,mask=0,sinks=0,max_bias=0.000000,logit_softcap=0.000000,prec=f32,type_K=q5_1,type_V=q5_1,permute=[0,1,2,3]): not supported [ROCm0] 
  FLASH_ATTN_EXT(hsk=72,hsv=72,nh=4,nr23=[1,1],kv=1024,nb=3,mask=0,sinks=0,max_bias=0.000000,logit_softcap=0.000000,prec=f32,type_K=q5_0,type_V=q5_0,permute=[0,1,2,3]): not supported [ROCm0] 
  FLASH_ATTN_EXT(hsk=72,hsv=72,nh=4,nr23=[1,1],kv=1024,nb=3,mask=0,sinks=0,max_bias=0.000000,logit_softcap=0.000000,prec=f32,type_K=q4_1,type_V=q4_1,permute=[0,1,2,3]): not supported [ROCm0] 
  FLASH_ATTN_EXT(hsk=72,hsv=72,nh=4,nr23=[1,1],kv=1024,nb=3,mask=0,sinks=0,max_bias=0.000000,logit_softcap=0.000000,prec=f32,type_K=q4_0,type_V=q4_0,permute=[0,1,2,3]): [1;32mOK[0m
  FLASH_ATTN_EXT(hsk=72,hsv=72,nh=4,nr23=[1,1],kv=1024,nb=3,mask=0,sinks=0,max_bias=0.000000,logit_softcap=0.000000,prec=f32,type_K=iq4_nl,type_V=iq4_nl,permute=[0,1,2,3]): not supported [ROCm0] 
  FLASH_ATTN_EXT(hsk=72,hsv=72,nh=4,nr23=[1,1],kv=1024,nb=32,mask=0,sinks=0,max_bias=0.000000,logit_softcap=0.000000,prec=f32,type_K=f32,type_V=f32,permute=[0,1,2,3]): [1;32mOK[0m
  FLASH_ATTN_EXT(hsk=72,hsv=72,nh=4,nr23=[1,1],kv=1024,nb=32,mask=0,sinks=0,max_bias=0.000000,logit_softcap=0.000000,prec=f32,type_K=f16,type_V=f16,permute=[0,1,2,3]): [1;32mOK[0m
  FLASH_ATTN_EXT(hsk=72,hsv=72,nh=4,nr23=[1,1],kv=1024,nb=32,mask=0,sinks=0,max_bias=0.000000,logit_softcap=0.000000,prec=f32,type_K=bf16,type_V=bf16,permute=[0,1,2,3]): [1;32mOK[0m
  FLASH_ATTN_EXT(hsk=72,hsv=72,nh=4,nr23=[1,1],kv=1024,nb=32,mask=0,sinks=0,max_bias=0.000000,logit_softcap=0.000000,prec=f32,type_K=q8_0,type_V=q8_0,permute=[0,1,2,3]): [1;32mOK[0m
  FLASH_ATTN_EXT(hsk=72,hsv=72,nh=4,nr23=[1,1],kv=1024,nb=32,mask=0,sinks=0,max_bias=0.000000,logit_softcap=0.000000,prec=f32,type_K=q5_1,type_V=q5_1,permute=[0,1,2,3]): not supported [ROCm0] 
  FLASH_ATTN_EXT(hsk=72,hsv=72,nh=4,nr23=[1,1],kv=1024,nb=32,mask=0,sinks=0,max_bias=0.000000,logit_softcap=0.000000,prec=f32,type_K=q5_0,type_V=q5_0,permute=[0,1,2,3]): not supported [ROCm0] 
  FLASH_ATTN_EXT(hsk=72,hsv=72,nh=4,nr23=[1,1],kv=1024,nb=32,mask=0,sinks=0,max_bias=0.000000,logit_softcap=0.000000,prec=f32,type_K=q4_1,type_V=q4_1,permute=[0,1,2,3]): not supported [ROCm0] 
  FLASH_ATTN_EXT(hsk=72,hsv=72,nh=4,nr23=[1,1],kv=1024,nb=32,mask=0,sinks=0,max_bias=0.000000,logit_softcap=0.000000,prec=f32,type_K=q4_0,type_V=q4_0,permute=[0,1,2,3]): [1;32mOK[0m
  FLASH_ATTN_EXT(hsk=72,hsv=72,nh=4,nr23=[1,1],kv=1024,nb=32,mask=0,sinks=0,max_bias=0.000000,logit_softcap=0.000000,prec=f32,type_K=iq4_nl,type_V=iq4_nl,permute=[0,1,2,3]): not supported [ROCm0] 
  FLASH_ATTN_EXT(hsk=72,hsv=72,nh=4,nr23=[1,1],kv=1024,nb=75,mask=0,sinks=0,max_bias=0.000000,logit_softcap=0.000000,prec=f32,type_K=f32,type_V=f32,permute=[0,1,2,3]): [1;32mOK[0m
  FLASH_ATTN_EXT(hsk=72,hsv=72,nh=4,nr23=[1,1],kv=1024,nb=75,mask=0,sinks=0,max_bias=0.000000,logit_softcap=0.000000,prec=f32,type_K=f16,type_V=f16,permute=[0,1,2,3]): [1;32mOK[0m
  FLASH_ATTN_EXT(hsk=72,hsv=72,nh=4,nr23=[1,1],kv=1024,nb=75,mask=0,sinks=0,max_bias=0.000000,logit_softcap=0.000000,prec=f32,type_K=bf16,type_V=bf16,permute=[0,1,2,3]): [1;32mOK[0m
  FLASH_ATTN_EXT(hsk=72,hsv=72,nh=4,nr23=[1,1],kv=1024,nb=75,mask=0,sinks=0,max_bias=0.000000,logit_softcap=0.000000,prec=f32,type_K=q8_0,type_V=q8_0,permute=[0,1,2,3]): [1;32mOK[0m
  FLASH_ATTN_EXT(hsk=72,hsv=72,nh=4,nr23=[1,1],kv=1024,nb=75,mask=0,sinks=0,max_bias=0.000000,logit_softcap=0.000000,prec=f32,type_K=q5_1,type_V=q5_1,permute=[0,1,2,3]): not supported [ROCm0] 
  FLASH_ATTN_EXT(hsk=72,hsv=72,nh=4,nr23=[1,1],kv=1024,nb=75,mask=0,sinks=0,max_bias=0.000000,logit_softcap=0.000000,prec=f32,type_K=q5_0,type_V=q5_0,permute=[0,1,2,3]): not supported [ROCm0] 
  FLASH_ATTN_EXT(hsk=72,hsv=72,nh=4,nr23=[1,1],kv=1024,nb=75,mask=0,sinks=0,max_bias=0.000000,logit_softcap=0.000000,prec=f32,type_K=q4_1,type_V=q4_1,permute=[0,1,2,3]): not supported [ROCm0] 
  FLASH_ATTN_EXT(hsk=72,hsv=72,nh=4,nr23=[1,1],kv=1024,nb=75,mask=0,sinks=0,max_bias=0.000000,logit_softcap=0.000000,prec=f32,type_K=q4_0,type_V=q4_0,permute=[0,1,2,3]): [1;32mOK[0m
  FLASH_ATTN_EXT(hsk=72,hsv=72,nh=4,nr23=[1,1],kv=1024,nb=75,mask=0,sinks=0,max_bias=0.000000,logit_softcap=0.000000,prec=f32,type_K=iq4_nl,type_V=iq4_nl,permute=[0,1,2,3]): not supported [ROCm0] 
  FLASH_ATTN_EXT(hsk=72,hsv=72,nh=4,nr23=[4,1],kv=512,nb=1,mask=0,sinks=0,max_bias=0.000000,logit_softcap=0.000000,prec=f32,type_K=f32,type_V=f32,permute=[0,1,2,3]): [1;32mOK[0m
  FLASH_ATTN_EXT(hsk=72,hsv=72,nh=4,nr23=[4,1],kv=512,nb=1,mask=0,sinks=0,max_bias=0.000000,logit_softcap=0.000000,prec=f32,type_K=f16,type_V=f16,permute=[0,1,2,3]): [1;32mOK[0m
  FLASH_ATTN_EXT(hsk=72,hsv=72,nh=4,nr23=[4,1],kv=512,nb=1,mask=0,sinks=0,max_bias=0.000000,logit_softcap=0.000000,prec=f32,type_K=bf16,type_V=bf16,permute=[0,1,2,3]): [1;32mOK[0m
  FLASH_ATTN_EXT(hsk=72,hsv=72,nh=4,nr23=[4,1],kv=512,nb=1,mask=0,sinks=0,max_bias=0.000000,logit_softcap=0.000000,prec=f32,type_K=q8_0,type_V=q8_0,permute=[0,1,2,3]): [1;32mOK[0m
  FLASH_ATTN_EXT(hsk=72,hsv=72,nh=4,nr23=[4,1],kv=512,nb=1,mask=0,sinks=0,max_bias=0.000000,logit_softcap=0.000000,prec=f32,type_K=q5_1,type_V=q5_1,permute=[0,1,2,3]): not supported [ROCm0] 
  FLASH_ATTN_EXT(hsk=72,hsv=72,nh=4,nr23=[4,1],kv=512,nb=1,mask=0,sinks=0,max_bias=0.000000,logit_softcap=0.000000,prec=f32,type_K=q5_0,type_V=q5_0,permute=[0,1,2,3]): not supported [ROCm0] 
  FLASH_ATTN_EXT(hsk=72,hsv=72,nh=4,nr23=[4,1],kv=512,nb=1,mask=0,sinks=0,max_bias=0.000000,logit_softcap=0.000000,prec=f32,type_K=q4_1,type_V=q4_1,permute=[0,1,2,3]): not supported [ROCm0] 
  FLASH_ATTN_EXT(hsk=72,hsv=72,nh=4,nr23=[4,1],kv=512,nb=1,mask=0,sinks=0,max_bias=0.000000,logit_softcap=0.000000,prec=f32,type_K=q4_0,type_V=q4_0,permute=[0,1,2,3]): [1;32mOK[0m
  FLASH_ATTN_EXT(hsk=72,hsv=72,nh=4,nr23=[4,1],kv=512,nb=1,mask=0,sinks=0,max_bias=0.000000,logit_softcap=0.000000,prec=f32,type_K=iq4_nl,type_V=iq4_nl,permute=[0,1,2,3]): not supported [ROCm0] 
  FLASH_ATTN_EXT(hsk=72,hsv=72,nh=4,nr23=[4,1],kv=512,nb=3,mask=0,sinks=0,max_bias=0.000000,logit_softcap=0.000000,prec=f32,type_K=f32,type_V=f32,permute=[0,1,2,3]): [1;32mOK[0m
  FLASH_ATTN_EXT(hsk=72,hsv=72,nh=4,nr23=[4,1],kv=512,nb=3,mask=0,sinks=0,max_bias=0.000000,logit_softcap=0.000000,prec=f32,type_K=f16,type_V=f16,permute=[0,1,2,3]): [1;32mOK[0m
  FLASH_ATTN_EXT(hsk=72,hsv=72,nh=4,nr23=[4,1],kv=512,nb=3,mask=0,sinks=0,max_bias=0.000000,logit_softcap=0.000000,prec=f32,type_K=bf16,type_V=bf16,permute=[0,1,2,3]): [1;32mOK[0m
  FLASH_ATTN_EXT(hsk=72,hsv=72,nh=4,nr23=[4,1],kv=512,nb=3,mask=0,sinks=0,max_bias=0.000000,logit_softcap=0.000000,prec=f32,type_K=q8_0,type_V=q8_0,permute=[0,1,2,3]): [1;32mOK[0m
  FLASH_ATTN_EXT(hsk=72,hsv=72,nh=4,nr23=[4,1],kv=512,nb=3,mask=0,sinks=0,max_bias=0.000000,logit_softcap=0.000000,prec=f32,type_K=q5_1,type_V=q5_1,permute=[0,1,2,3]): not supported [ROCm0] 
  FLASH_ATTN_EXT(hsk=72,hsv=72,nh=4,nr23=[4,1],kv=512,nb=3,mask=0,sinks=0,max_bias=0.000000,logit_softcap=0.000000,prec=f32,type_K=q5_0,type_V=q5_0,permute=[0,1,2,3]): not supported [ROCm0] 
  FLASH_ATTN_EXT(hsk=72,hsv=72,nh=4,nr23=[4,1],kv=512,nb=3,mask=0,sinks=0,max_bias=0.000000,logit_softcap=0.000000,prec=f32,type_K=q4_1,type_V=q4_1,permute=[0,1,2,3]): not supported [ROCm0] 
  FLASH_ATTN_EXT(hsk=72,hsv=72,nh=4,nr23=[4,1],kv=512,nb=3,mask=0,sinks=0,max_bias=0.000000,logit_softcap=0.000000,prec=f32,type_K=q4_0,type_V=q4_0,permute=[0,1,2,3]): [1;32mOK[0m
  FLASH_ATTN_EXT(hsk=72,hsv=72,nh=4,nr23=[4,1],kv=512,nb=3,mask=0,sinks=0,max_bias=0.000000,logit_softcap=0.000000,prec=f32,type_K=iq4_nl,type_V=iq4_nl,permute=[0,1,2,3]): not supported [ROCm0] 
  FLASH_ATTN_EXT(hsk=72,hsv=72,nh=4,nr23=[4,1],kv=512,nb=32,mask=0,sinks=0,max_bias=0.000000,logit_softcap=0.000000,prec=f32,type_K=f32,type_V=f32,permute=[0,1,2,3]): [1;32mOK[0m
  FLASH_ATTN_EXT(hsk=72,hsv=72,nh=4,nr23=[4,1],kv=512,nb=32,mask=0,sinks=0,max_bias=0.000000,logit_softcap=0.000000,prec=f32,type_K=f16,type_V=f16,permute=[0,1,2,3]): [1;32mOK[0m
  FLASH_ATTN_EXT(hsk=72,hsv=72,nh=4,nr23=[4,1],kv=512,nb=32,mask=0,sinks=0,max_bias=0.000000,logit_softcap=0.000000,prec=f32,type_K=bf16,type_V=bf16,permute=[0,1,2,3]): [1;32mOK[0m
  FLASH_ATTN_EXT(hsk=72,hsv=72,nh=4,nr23=[4,1],kv=512,nb=32,mask=0,sinks=0,max_bias=0.000000,logit_softcap=0.000000,prec=f32,type_K=q8_0,type_V=q8_0,permute=[0,1,2,3]): [1;32mOK[0m
  FLASH_ATTN_EXT(hsk=72,hsv=72,nh=4,nr23=[4,1],kv=512,nb=32,mask=0,sinks=0,max_bias=0.000000,logit_softcap=0.000000,prec=f32,type_K=q5_1,type_V=q5_1,permute=[0,1,2,3]): not supported [ROCm0] 
  FLASH_ATTN_EXT(hsk=72,hsv=72,nh=4,nr23=[4,1],kv=512,nb=32,mask=0,sinks=0,max_bias=0.000000,logit_softcap=0.000000,prec=f32,type_K=q5_0,type_V=q5_0,permute=[0,1,2,3]): not supported [ROCm0] 
  FLASH_ATTN_EXT(hsk=72,hsv=72,nh=4,nr23=[4,1],kv=512,nb=32,mask=0,sinks=0,max_bias=0.000000,logit_softcap=0.000000,prec=f32,type_K=q4_1,type_V=q4_1,permute=[0,1,2,3]): not supported [ROCm0] 
  FLASH_ATTN_EXT(hsk=72,hsv=72,nh=4,nr23=[4,1],kv=512,nb=32,mask=0,sinks=0,max_bias=0.000000,logit_softcap=0.000000,prec=f32,type_K=q4_0,type_V=q4_0,permute=[0,1,2,3]): [1;32mOK[0m
  FLASH_ATTN_EXT(hsk=72,hsv=72,nh=4,nr23=[4,1],kv=512,nb=32,mask=0,sinks=0,max_bias=0.000000,logit_softcap=0.000000,prec=f32,type_K=iq4_nl,type_V=iq4_nl,permute=[0,1,2,3]): not supported [ROCm0] 
  FLASH_ATTN_EXT(hsk=72,hsv=72,nh=4,nr23=[4,1],kv=512,nb=75,mask=0,sinks=0,max_bias=0.000000,logit_softcap=0.000000,prec=f32,type_K=f32,type_V=f32,permute=[0,1,2,3]): [1;32mOK[0m
  FLASH_ATTN_EXT(hsk=72,hsv=72,nh=4,nr23=[4,1],kv=512,nb=75,mask=0,sinks=0,max_bias=0.000000,logit_softcap=0.000000,prec=f32,type_K=f16,type_V=f16,permute=[0,1,2,3]): [1;32mOK[0m
  FLASH_ATTN_EXT(hsk=72,hsv=72,nh=4,nr23=[4,1],kv=512,nb=75,mask=0,sinks=0,max_bias=0.000000,logit_softcap=0.000000,prec=f32,type_K=bf16,type_V=bf16,permute=[0,1,2,3]): [1;32mOK[0m
  FLASH_ATTN_EXT(hsk=72,hsv=72,nh=4,nr23=[4,1],kv=512,nb=75,mask=0,sinks=0,max_bias=0.000000,logit_softcap=0.000000,prec=f32,type_K=q8_0,type_V=q8_0,permute=[0,1,2,3]): [1;32mOK[0m
  FLASH_ATTN_EXT(hsk=72,hsv=72,nh=4,nr23=[4,1],kv=512,nb=75,mask=0,sinks=0,max_bias=0.000000,logit_softcap=0.000000,prec=f32,type_K=q5_1,type_V=q5_1,permute=[0,1,2,3]): not supported [ROCm0] 
  FLASH_ATTN_EXT(hsk=72,hsv=72,nh=4,nr23=[4,1],kv=512,nb=75,mask=0,sinks=0,max_bias=0.000000,logit_softcap=0.000000,prec=f32,type_K=q5_0,type_V=q5_0,permute=[0,1,2,3]): not supported [ROCm0] 
  FLASH_ATTN_EXT(hsk=72,hsv=72,nh=4,nr23=[4,1],kv=512,nb=75,mask=0,sinks=0,max_bias=0.000000,logit_softcap=0.000000,prec=f32,type_K=q4_1,type_V=q4_1,permute=[0,1,2,3]): not supported [ROCm0] 
  FLASH_ATTN_EXT(hsk=72,hsv=72,nh=4,nr23=[4,1],kv=512,nb=75,mask=0,sinks=0,max_bias=0.000000,logit_softcap=0.000000,prec=f32,type_K=q4_0,type_V=q4_0,permute=[0,1,2,3]): [1;32mOK[0m
  FLASH_ATTN_EXT(hsk=72,hsv=72,nh=4,nr23=[4,1],kv=512,nb=75,mask=0,sinks=0,max_bias=0.000000,logit_softcap=0.000000,prec=f32,type_K=iq4_nl,type_V=iq4_nl,permute=[0,1,2,3]): not supported [ROCm0] 
  FLASH_ATTN_EXT(hsk=80,hsv=80,nh=4,nr23=[1,1],kv=113,nb=1,mask=1,sinks=1,max_bias=0.000000,logit_softcap=0.000000,prec=f32,type_K=f16,type_V=f16,permute=[0,1,2,3]): [1;32mOK[0m
  FLASH_ATTN_EXT(hsk=80,hsv=80,nh=4,nr23=[1,1],kv=113,nb=3,mask=1,sinks=1,max_bias=0.000000,logit_softcap=0.000000,prec=f32,type_K=f16,type_V=f16,permute=[0,1,2,3]): [1;32mOK[0m
  FLASH_ATTN_EXT(hsk=80,hsv=80,nh=4,nr23=[1,1],kv=113,nb=32,mask=1,sinks=1,max_bias=0.000000,logit_softcap=0.000000,prec=f32,type_K=f16,type_V=f16,permute=[0,1,2,3]): [1;32mOK[0m
  FLASH_ATTN_EXT(hsk=80,hsv=80,nh=4,nr23=[1,1],kv=113,nb=75,mask=1,sinks=1,max_bias=0.000000,logit_softcap=0.000000,prec=f32,type_K=f16,type_V=f16,permute=[0,1,2,3]): [1;32mOK[0m
  FLASH_ATTN_EXT(hsk=80,hsv=80,nh=4,nr23=[1,1],kv=512,nb=1,mask=1,sinks=1,max_bias=0.000000,logit_softcap=0.000000,prec=f32,type_K=f16,type_V=f16,permute=[0,1,2,3]): [1;32mOK[0m
  FLASH_ATTN_EXT(hsk=80,hsv=80,nh=4,nr23=[1,1],kv=512,nb=1,mask=1,sinks=1,max_bias=0.000000,logit_softcap=0.000000,prec=f32,type_K=f16,type_V=f16,permute=[0,2,1,3]): [1;32mOK[0m
  FLASH_ATTN_EXT(hsk=80,hsv=80,nh=4,nr23=[1,1],kv=512,nb=3,mask=1,sinks=1,max_bias=0.000000,logit_softcap=0.000000,prec=f32,type_K=f16,type_V=f16,permute=[0,1,2,3]): [1;32mOK[0m
  FLASH_ATTN_EXT(hsk=80,hsv=80,nh=4,nr23=[1,1],kv=512,nb=3,mask=1,sinks=1,max_bias=0.000000,logit_softcap=0.000000,prec=f32,type_K=f16,type_V=f16,permute=[0,2,1,3]): [1;32mOK[0m
  FLASH_ATTN_EXT(hsk=80,hsv=80,nh=4,nr23=[1,1],kv=512,nb=32,mask=1,sinks=1,max_bias=0.000000,logit_softcap=0.000000,prec=f32,type_K=f16,type_V=f16,permute=[0,1,2,3]): [1;32mOK[0m
  FLASH_ATTN_EXT(hsk=80,hsv=80,nh=4,nr23=[1,1],kv=512,nb=32,mask=1,sinks=1,max_bias=0.000000,logit_softcap=0.000000,prec=f32,type_K=f16,type_V=f16,permute=[0,2,1,3]): [1;32mOK[0m
  FLASH_ATTN_EXT(hsk=80,hsv=80,nh=4,nr23=[1,1],kv=512,nb=75,mask=1,sinks=1,max_bias=0.000000,logit_softcap=0.000000,prec=f32,type_K=f16,type_V=f16,permute=[0,1,2,3]): [1;32mOK[0m
  FLASH_ATTN_EXT(hsk=80,hsv=80,nh=4,nr23=[1,1],kv=512,nb=75,mask=1,sinks=1,max_bias=0.000000,logit_softcap=0.000000,prec=f32,type_K=f16,type_V=f16,permute=[0,2,1,3]): [1;32mOK[0m
  FLASH_ATTN_EXT(hsk=80,hsv=80,nh=4,nr23=[1,1],kv=1024,nb=1,mask=1,sinks=1,max_bias=0.000000,logit_softcap=0.000000,prec=f32,type_K=f16,type_V=f16,permute=[0,1,2,3]): [1;32mOK[0m
  FLASH_ATTN_EXT(hsk=80,hsv=80,nh=4,nr23=[1,1],kv=1024,nb=3,mask=1,sinks=1,max_bias=0.000000,logit_softcap=0.000000,prec=f32,type_K=f16,type_V=f16,permute=[0,1,2,3]): [1;32mOK[0m
  FLASH_ATTN_EXT(hsk=80,hsv=80,nh=4,nr23=[1,1],kv=1024,nb=32,mask=1,sinks=1,max_bias=0.000000,logit_softcap=0.000000,prec=f32,type_K=f16,type_V=f16,permute=[0,1,2,3]): [1;32mOK[0m
  FLASH_ATTN_EXT(hsk=80,hsv=80,nh=4,nr23=[1,1],kv=1024,nb=75,mask=1,sinks=1,max_bias=0.000000,logit_softcap=0.000000,prec=f32,type_K=f16,type_V=f16,permute=[0,1,2,3]): [1;32mOK[0m
  FLASH_ATTN_EXT(hsk=80,hsv=80,nh=4,nr23=[4,1],kv=512,nb=1,mask=1,sinks=1,max_bias=0.000000,logit_softcap=0.000000,prec=f32,type_K=f16,type_V=f16,permute=[0,1,2,3]): [1;32mOK[0m
  FLASH_ATTN_EXT(hsk=80,hsv=80,nh=4,nr23=[4,1],kv=512,nb=1,mask=1,sinks=1,max_bias=0.000000,logit_softcap=0.000000,prec=f32,type_K=f16,type_V=f16,permute=[0,2,1,3]): [1;32mOK[0m
  FLASH_ATTN_EXT(hsk=80,hsv=80,nh=4,nr23=[4,1],kv=512,nb=3,mask=1,sinks=1,max_bias=0.000000,logit_softcap=0.000000,prec=f32,type_K=f16,type_V=f16,permute=[0,1,2,3]): ggml_backend_cuda_graph_compute: CUDA graph warmup complete
ggml_backend_cuda_graph_compute: CUDA graph warmup complete
[1;32mOK[0m
  FLASH_ATTN_EXT(hsk=80,hsv=80,nh=4,nr23=[4,1],kv=512,nb=3,mask=1,sinks=1,max_bias=0.000000,logit_softcap=0.000000,prec=f32,type_K=f16,type_V=f16,permute=[0,2,1,3]): ggml_backend_cuda_graph_compute: CUDA graph warmup reset
ggml_backend_cuda_graph_compute: CUDA graph warmup reset
[1;32mOK[0m
  FLASH_ATTN_EXT(hsk=80,hsv=80,nh=4,nr23=[4,1],kv=512,nb=32,mask=1,sinks=1,max_bias=0.000000,logit_softcap=0.000000,prec=f32,type_K=f16,type_V=f16,permute=[0,1,2,3]): ggml_backend_cuda_graph_compute: CUDA graph warmup complete
ggml_backend_cuda_graph_compute: CUDA graph warmup complete
[1;32mOK[0m
  FLASH_ATTN_EXT(hsk=80,hsv=80,nh=4,nr23=[4,1],kv=512,nb=32,mask=1,sinks=1,max_bias=0.000000,logit_softcap=0.000000,prec=f32,type_K=f16,type_V=f16,permute=[0,2,1,3]): ggml_backend_cuda_graph_compute: CUDA graph warmup reset
ggml_backend_cuda_graph_compute: CUDA graph warmup reset
[1;32mOK[0m
  FLASH_ATTN_EXT(hsk=80,hsv=80,nh=4,nr23=[4,1],kv=512,nb=75,mask=1,sinks=1,max_bias=0.000000,logit_softcap=0.000000,prec=f32,type_K=f16,type_V=f16,permute=[0,1,2,3]): ggml_backend_cuda_graph_compute: CUDA graph warmup complete
ggml_backend_cuda_graph_compute: CUDA graph warmup complete
[1;32mOK[0m
  FLASH_ATTN_EXT(hsk=80,hsv=80,nh=4,nr23=[4,1],kv=512,nb=75,mask=1,sinks=1,max_bias=0.000000,logit_softcap=0.000000,prec=f32,type_K=f16,type_V=f16,permute=[0,2,1,3]): ggml_backend_cuda_graph_compute: CUDA graph warmup reset
ggml_backend_cuda_graph_compute: CUDA graph warmup reset
[1;32mOK[0m
  FLASH_ATTN_EXT(hsk=80,hsv=80,nh=4,nr23=[1,1],kv=113,nb=1,mask=1,sinks=1,max_bias=8.000000,logit_softcap=0.000000,prec=f32,type_K=f16,type_V=f16,permute=[0,1,2,3]): [1;32mOK[0m
  FLASH_ATTN_EXT(hsk=80,hsv=80,nh=4,nr23=[1,1],kv=113,nb=3,mask=1,sinks=1,max_bias=8.000000,logit_softcap=0.000000,prec=f32,type_K=f16,type_V=f16,permute=[0,1,2,3]): [1;32mOK[0m
  FLASH_ATTN_EXT(hsk=80,hsv=80,nh=4,nr23=[1,1],kv=113,nb=32,mask=1,sinks=1,max_bias=8.000000,logit_softcap=0.000000,prec=f32,type_K=f16,type_V=f16,permute=[0,1,2,3]): [1;32mOK[0m
  FLASH_ATTN_EXT(hsk=80,hsv=80,nh=4,nr23=[1,1],kv=113,nb=75,mask=1,sinks=1,max_bias=8.000000,logit_softcap=0.000000,prec=f32,type_K=f16,type_V=f16,permute=[0,1,2,3]): [1;32mOK[0m
  FLASH_ATTN_EXT(hsk=80,hsv=80,nh=4,nr23=[1,1],kv=512,nb=1,mask=1,sinks=1,max_bias=8.000000,logit_softcap=0.000000,prec=f32,type_K=f16,type_V=f16,permute=[0,1,2,3]): [1;32mOK[0m
  FLASH_ATTN_EXT(hsk=80,hsv=80,nh=4,nr23=[1,1],kv=512,nb=3,mask=1,sinks=1,max_bias=8.000000,logit_softcap=0.000000,prec=f32,type_K=f16,type_V=f16,permute=[0,1,2,3]): [1;32mOK[0m
  FLASH_ATTN_EXT(hsk=80,hsv=80,nh=4,nr23=[1,1],kv=512,nb=32,mask=1,sinks=1,max_bias=8.000000,logit_softcap=0.000000,prec=f32,type_K=f16,type_V=f16,permute=[0,1,2,3]): [1;32mOK[0m
  FLASH_ATTN_EXT(hsk=80,hsv=80,nh=4,nr23=[1,1],kv=512,nb=75,mask=1,sinks=1,max_bias=8.000000,logit_softcap=0.000000,prec=f32,type_K=f16,type_V=f16,permute=[0,1,2,3]): [1;32mOK[0m
  FLASH_ATTN_EXT(hsk=80,hsv=80,nh=4,nr23=[1,1],kv=1024,nb=1,mask=1,sinks=1,max_bias=8.000000,logit_softcap=0.000000,prec=f32,type_K=f16,type_V=f16,permute=[0,1,2,3]): [1;32mOK[0m
  FLASH_ATTN_EXT(hsk=80,hsv=80,nh=4,nr23=[1,1],kv=1024,nb=3,mask=1,sinks=1,max_bias=8.000000,logit_softcap=0.000000,prec=f32,type_K=f16,type_V=f16,permute=[0,1,2,3]): [1;32mOK[0m
  FLASH_ATTN_EXT(hsk=80,hsv=80,nh=4,nr23=[1,1],kv=1024,nb=32,mask=1,sinks=1,max_bias=8.000000,logit_softcap=0.000000,prec=f32,type_K=f16,type_V=f16,permute=[0,1,2,3]): [1;32mOK[0m
  FLASH_ATTN_EXT(hsk=80,hsv=80,nh=4,nr23=[1,1],kv=1024,nb=75,mask=1,sinks=1,max_bias=8.000000,logit_softcap=0.000000,prec=f32,type_K=f16,type_V=f16,permute=[0,1,2,3]): [1;32mOK[0m
  FLASH_ATTN_EXT(hsk=80,hsv=80,nh=4,nr23=[4,1],kv=512,nb=1,mask=1,sinks=1,max_bias=8.000000,logit_softcap=0.000000,prec=f32,type_K=f16,type_V=f16,permute=[0,1,2,3]): [1;32mOK[0m
  FLASH_ATTN_EXT(hsk=80,hsv=80,nh=4,nr23=[4,1],kv=512,nb=3,mask=1,sinks=1,max_bias=8.000000,logit_softcap=0.000000,prec=f32,type_K=f16,type_V=f16,permute=[0,1,2,3]): [1;32mOK[0m
  FLASH_ATTN_EXT(hsk=80,hsv=80,nh=4,nr23=[4,1],kv=512,nb=32,mask=1,sinks=1,max_bias=8.000000,logit_softcap=0.000000,prec=f32,type_K=f16,type_V=f16,permute=[0,1,2,3]): [1;32mOK[0m
  FLASH_ATTN_EXT(hsk=80,hsv=80,nh=4,nr23=[4,1],kv=512,nb=75,mask=1,sinks=1,max_bias=8.000000,logit_softcap=0.000000,prec=f32,type_K=f16,type_V=f16,permute=[0,1,2,3]): [1;32mOK[0m
  FLASH_ATTN_EXT(hsk=80,hsv=80,nh=4,nr23=[1,1],kv=113,nb=1,mask=1,sinks=0,max_bias=0.000000,logit_softcap=0.000000,prec=f32,type_K=f16,type_V=f16,permute=[0,1,2,3]): [1;32mOK[0m
  FLASH_ATTN_EXT(hsk=80,hsv=80,nh=4,nr23=[1,1],kv=113,nb=3,mask=1,sinks=0,max_bias=0.000000,logit_softcap=0.000000,prec=f32,type_K=f16,type_V=f16,permute=[0,1,2,3]): [1;32mOK[0m
  FLASH_ATTN_EXT(hsk=80,hsv=80,nh=4,nr23=[1,1],kv=113,nb=32,mask=1,sinks=0,max_bias=0.000000,logit_softcap=0.000000,prec=f32,type_K=f16,type_V=f16,permute=[0,1,2,3]): [1;32mOK[0m
  FLASH_ATTN_EXT(hsk=80,hsv=80,nh=4,nr23=[1,1],kv=113,nb=75,mask=1,sinks=0,max_bias=0.000000,logit_softcap=0.000000,prec=f32,type_K=f16,type_V=f16,permute=[0,1,2,3]): [1;32mOK[0m
  FLASH_ATTN_EXT(hsk=80,hsv=80,nh=4,nr23=[1,1],kv=512,nb=1,mask=1,sinks=0,max_bias=0.000000,logit_softcap=0.000000,prec=f32,type_K=f16,type_V=f16,permute=[0,1,2,3]): [1;32mOK[0m
  FLASH_ATTN_EXT(hsk=80,hsv=80,nh=4,nr23=[1,1],kv=512,nb=1,mask=1,sinks=0,max_bias=0.000000,logit_softcap=0.000000,prec=f32,type_K=f16,type_V=f16,permute=[0,2,1,3]): [1;32mOK[0m
  FLASH_ATTN_EXT(hsk=80,hsv=80,nh=4,nr23=[1,1],kv=512,nb=3,mask=1,sinks=0,max_bias=0.000000,logit_softcap=0.000000,prec=f32,type_K=f16,type_V=f16,permute=[0,1,2,3]): [1;32mOK[0m
  FLASH_ATTN_EXT(hsk=80,hsv=80,nh=4,nr23=[1,1],kv=512,nb=3,mask=1,sinks=0,max_bias=0.000000,logit_softcap=0.000000,prec=f32,type_K=f16,type_V=f16,permute=[0,2,1,3]): [1;32mOK[0m
  FLASH_ATTN_EXT(hsk=80,hsv=80,nh=4,nr23=[1,1],kv=512,nb=32,mask=1,sinks=0,max_bias=0.000000,logit_softcap=0.000000,prec=f32,type_K=f16,type_V=f16,permute=[0,1,2,3]): [1;32mOK[0m
  FLASH_ATTN_EXT(hsk=80,hsv=80,nh=4,nr23=[1,1],kv=512,nb=32,mask=1,sinks=0,max_bias=0.000000,logit_softcap=0.000000,prec=f32,type_K=f16,type_V=f16,permute=[0,2,1,3]): [1;32mOK[0m
  FLASH_ATTN_EXT(hsk=80,hsv=80,nh=4,nr23=[1,1],kv=512,nb=75,mask=1,sinks=0,max_bias=0.000000,logit_softcap=0.000000,prec=f32,type_K=f16,type_V=f16,permute=[0,1,2,3]): [1;32mOK[0m
  FLASH_ATTN_EXT(hsk=80,hsv=80,nh=4,nr23=[1,1],kv=512,nb=75,mask=1,sinks=0,max_bias=0.000000,logit_softcap=0.000000,prec=f32,type_K=f16,type_V=f16,permute=[0,2,1,3]): [1;32mOK[0m
  FLASH_ATTN_EXT(hsk=80,hsv=80,nh=4,nr23=[1,1],kv=1024,nb=1,mask=1,sinks=0,max_bias=0.000000,logit_softcap=0.000000,prec=f32,type_K=f16,type_V=f16,permute=[0,1,2,3]): [1;32mOK[0m
  FLASH_ATTN_EXT(hsk=80,hsv=80,nh=4,nr23=[1,1],kv=1024,nb=3,mask=1,sinks=0,max_bias=0.000000,logit_softcap=0.000000,prec=f32,type_K=f16,type_V=f16,permute=[0,1,2,3]): [1;32mOK[0m
  FLASH_ATTN_EXT(hsk=80,hsv=80,nh=4,nr23=[1,1],kv=1024,nb=32,mask=1,sinks=0,max_bias=0.000000,logit_softcap=0.000000,prec=f32,type_K=f16,type_V=f16,permute=[0,1,2,3]): [1;32mOK[0m
  FLASH_ATTN_EXT(hsk=80,hsv=80,nh=4,nr23=[1,1],kv=1024,nb=75,mask=1,sinks=0,max_bias=0.000000,logit_softcap=0.000000,prec=f32,type_K=f16,type_V=f16,permute=[0,1,2,3]): [1;32mOK[0m
  FLASH_ATTN_EXT(hsk=80,hsv=80,nh=4,nr23=[4,1],kv=512,nb=1,mask=1,sinks=0,max_bias=0.000000,logit_softcap=0.000000,prec=f32,type_K=f16,type_V=f16,permute=[0,1,2,3]): [1;32mOK[0m
  FLASH_ATTN_EXT(hsk=80,hsv=80,nh=4,nr23=[4,1],kv=512,nb=1,mask=1,sinks=0,max_bias=0.000000,logit_softcap=0.000000,prec=f32,type_K=f16,type_V=f16,permute=[0,2,1,3]): [1;32mOK[0m
  FLASH_ATTN_EXT(hsk=80,hsv=80,nh=4,nr23=[4,1],kv=512,nb=3,mask=1,sinks=0,max_bias=0.000000,logit_softcap=0.000000,prec=f32,type_K=f16,type_V=f16,permute=[0,1,2,3]): [1;32mOK[0m
  FLASH_ATTN_EXT(hsk=80,hsv=80,nh=4,nr23=[4,1],kv=512,nb=3,mask=1,sinks=0,max_bias=0.000000,logit_softcap=0.000000,prec=f32,type_K=f16,type_V=f16,permute=[0,2,1,3]): [1;32mOK[0m
  FLASH_ATTN_EXT(hsk=80,hsv=80,nh=4,nr23=[4,1],kv=512,nb=32,mask=1,sinks=0,max_bias=0.000000,logit_softcap=0.000000,prec=f32,type_K=f16,type_V=f16,permute=[0,1,2,3]): [1;32mOK[0m
  FLASH_ATTN_EXT(hsk=80,hsv=80,nh=4,nr23=[4,1],kv=512,nb=32,mask=1,sinks=0,max_bias=0.000000,logit_softcap=0.000000,prec=f32,type_K=f16,type_V=f16,permute=[0,2,1,3]): [1;32mOK[0m
  FLASH_ATTN_EXT(hsk=80,hsv=80,nh=4,nr23=[4,1],kv=512,nb=75,mask=1,sinks=0,max_bias=0.000000,logit_softcap=0.000000,prec=f32,type_K=f16,type_V=f16,permute=[0,1,2,3]): [1;32mOK[0m
  FLASH_ATTN_EXT(hsk=80,hsv=80,nh=4,nr23=[4,1],kv=512,nb=75,mask=1,sinks=0,max_bias=0.000000,logit_softcap=0.000000,prec=f32,type_K=f16,type_V=f16,permute=[0,2,1,3]): [1;32mOK[0m
  FLASH_ATTN_EXT(hsk=80,hsv=80,nh=4,nr23=[1,1],kv=113,nb=1,mask=1,sinks=0,max_bias=8.000000,logit_softcap=0.000000,prec=f32,type_K=f16,type_V=f16,permute=[0,1,2,3]): [1;32mOK[0m
  FLASH_ATTN_EXT(hsk=80,hsv=80,nh=4,nr23=[1,1],kv=113,nb=3,mask=1,sinks=0,max_bias=8.000000,logit_softcap=0.000000,prec=f32,type_K=f16,type_V=f16,permute=[0,1,2,3]): [1;32mOK[0m
  FLASH_ATTN_EXT(hsk=80,hsv=80,nh=4,nr23=[1,1],kv=113,nb=32,mask=1,sinks=0,max_bias=8.000000,logit_softcap=0.000000,prec=f32,type_K=f16,type_V=f16,permute=[0,1,2,3]): [1;32mOK[0m
  FLASH_ATTN_EXT(hsk=80,hsv=80,nh=4,nr23=[1,1],kv=113,nb=75,mask=1,sinks=0,max_bias=8.000000,logit_softcap=0.000000,prec=f32,type_K=f16,type_V=f16,permute=[0,1,2,3]): [1;32mOK[0m
  FLASH_ATTN_EXT(hsk=80,hsv=80,nh=4,nr23=[1,1],kv=512,nb=1,mask=1,sinks=0,max_bias=8.000000,logit_softcap=0.000000,prec=f32,type_K=f16,type_V=f16,permute=[0,1,2,3]): [1;32mOK[0m
  FLASH_ATTN_EXT(hsk=80,hsv=80,nh=4,nr23=[1,1],kv=512,nb=3,mask=1,sinks=0,max_bias=8.000000,logit_softcap=0.000000,prec=f32,type_K=f16,type_V=f16,permute=[0,1,2,3]): [1;32mOK[0m
  FLASH_ATTN_EXT(hsk=80,hsv=80,nh=4,nr23=[1,1],kv=512,nb=32,mask=1,sinks=0,max_bias=8.000000,logit_softcap=0.000000,prec=f32,type_K=f16,type_V=f16,permute=[0,1,2,3]): [1;32mOK[0m
  FLASH_ATTN_EXT(hsk=80,hsv=80,nh=4,nr23=[1,1],kv=512,nb=75,mask=1,sinks=0,max_bias=8.000000,logit_softcap=0.000000,prec=f32,type_K=f16,type_V=f16,permute=[0,1,2,3]): [1;32mOK[0m
  FLASH_ATTN_EXT(hsk=80,hsv=80,nh=4,nr23=[1,1],kv=1024,nb=1,mask=1,sinks=0,max_bias=8.000000,logit_softcap=0.000000,prec=f32,type_K=f16,type_V=f16,permute=[0,1,2,3]): [1;32mOK[0m
  FLASH_ATTN_EXT(hsk=80,hsv=80,nh=4,nr23=[1,1],kv=1024,nb=3,mask=1,sinks=0,max_bias=8.000000,logit_softcap=0.000000,prec=f32,type_K=f16,type_V=f16,permute=[0,1,2,3]): [1;32mOK[0m
  FLASH_ATTN_EXT(hsk=80,hsv=80,nh=4,nr23=[1,1],kv=1024,nb=32,mask=1,sinks=0,max_bias=8.000000,logit_softcap=0.000000,prec=f32,type_K=f16,type_V=f16,permute=[0,1,2,3]): [1;32mOK[0m
  FLASH_ATTN_EXT(hsk=80,hsv=80,nh=4,nr23=[1,1],kv=1024,nb=75,mask=1,sinks=0,max_bias=8.000000,logit_softcap=0.000000,prec=f32,type_K=f16,type_V=f16,permute=[0,1,2,3]): [1;32mOK[0m
  FLASH_ATTN_EXT(hsk=80,hsv=80,nh=4,nr23=[4,1],kv=512,nb=1,mask=1,sinks=0,max_bias=8.000000,logit_softcap=0.000000,prec=f32,type_K=f16,type_V=f16,permute=[0,1,2,3]): [1;32mOK[0m
  FLASH_ATTN_EXT(hsk=80,hsv=80,nh=4,nr23=[4,1],kv=512,nb=3,mask=1,sinks=0,max_bias=8.000000,logit_softcap=0.000000,prec=f32,type_K=f16,type_V=f16,permute=[0,1,2,3]): [1;32mOK[0m
  FLASH_ATTN_EXT(hsk=80,hsv=80,nh=4,nr23=[4,1],kv=512,nb=32,mask=1,sinks=0,max_bias=8.000000,logit_softcap=0.000000,prec=f32,type_K=f16,type_V=f16,permute=[0,1,2,3]): [1;32mOK[0m
  FLASH_ATTN_EXT(hsk=80,hsv=80,nh=4,nr23=[4,1],kv=512,nb=75,mask=1,sinks=0,max_bias=8.000000,logit_softcap=0.000000,prec=f32,type_K=f16,type_V=f16,permute=[0,1,2,3]): [1;32mOK[0m
  FLASH_ATTN_EXT(hsk=80,hsv=80,nh=4,nr23=[1,1],kv=113,nb=1,mask=0,sinks=1,max_bias=0.000000,logit_softcap=0.000000,prec=f32,type_K=f16,type_V=f16,permute=[0,1,2,3]): [1;32mOK[0m
  FLASH_ATTN_EXT(hsk=80,hsv=80,nh=4,nr23=[1,1],kv=113,nb=3,mask=0,sinks=1,max_bias=0.000000,logit_softcap=0.000000,prec=f32,type_K=f16,type_V=f16,permute=[0,1,2,3]): [1;32mOK[0m
  FLASH_ATTN_EXT(hsk=80,hsv=80,nh=4,nr23=[1,1],kv=113,nb=32,mask=0,sinks=1,max_bias=0.000000,logit_softcap=0.000000,prec=f32,type_K=f16,type_V=f16,permute=[0,1,2,3]): [1;32mOK[0m
  FLASH_ATTN_EXT(hsk=80,hsv=80,nh=4,nr23=[1,1],kv=113,nb=75,mask=0,sinks=1,max_bias=0.000000,logit_softcap=0.000000,prec=f32,type_K=f16,type_V=f16,permute=[0,1,2,3]): [1;32mOK[0m
  FLASH_ATTN_EXT(hsk=80,hsv=80,nh=4,nr23=[1,1],kv=512,nb=1,mask=0,sinks=1,max_bias=0.000000,logit_softcap=0.000000,prec=f32,type_K=f16,type_V=f16,permute=[0,1,2,3]): [1;32mOK[0m
  FLASH_ATTN_EXT(hsk=80,hsv=80,nh=4,nr23=[1,1],kv=512,nb=3,mask=0,sinks=1,max_bias=0.000000,logit_softcap=0.000000,prec=f32,type_K=f16,type_V=f16,permute=[0,1,2,3]): [1;32mOK[0m
  FLASH_ATTN_EXT(hsk=80,hsv=80,nh=4,nr23=[1,1],kv=512,nb=32,mask=0,sinks=1,max_bias=0.000000,logit_softcap=0.000000,prec=f32,type_K=f16,type_V=f16,permute=[0,1,2,3]): [1;32mOK[0m
  FLASH_ATTN_EXT(hsk=80,hsv=80,nh=4,nr23=[1,1],kv=512,nb=75,mask=0,sinks=1,max_bias=0.000000,logit_softcap=0.000000,prec=f32,type_K=f16,type_V=f16,permute=[0,1,2,3]): [1;32mOK[0m
  FLASH_ATTN_EXT(hsk=80,hsv=80,nh=4,nr23=[1,1],kv=1024,nb=1,mask=0,sinks=1,max_bias=0.000000,logit_softcap=0.000000,prec=f32,type_K=f16,type_V=f16,permute=[0,1,2,3]): [1;32mOK[0m
  FLASH_ATTN_EXT(hsk=80,hsv=80,nh=4,nr23=[1,1],kv=1024,nb=3,mask=0,sinks=1,max_bias=0.000000,logit_softcap=0.000000,prec=f32,type_K=f16,type_V=f16,permute=[0,1,2,3]): [1;32mOK[0m
  FLASH_ATTN_EXT(hsk=80,hsv=80,nh=4,nr23=[1,1],kv=1024,nb=32,mask=0,sinks=1,max_bias=0.000000,logit_softcap=0.000000,prec=f32,type_K=f16,type_V=f16,permute=[0,1,2,3]): [1;32mOK[0m
  FLASH_ATTN_EXT(hsk=80,hsv=80,nh=4,nr23=[1,1],kv=1024,nb=75,mask=0,sinks=1,max_bias=0.000000,logit_softcap=0.000000,prec=f32,type_K=f16,type_V=f16,permute=[0,1,2,3]): [1;32mOK[0m
  FLASH_ATTN_EXT(hsk=80,hsv=80,nh=4,nr23=[4,1],kv=512,nb=1,mask=0,sinks=1,max_bias=0.000000,logit_softcap=0.000000,prec=f32,type_K=f16,type_V=f16,permute=[0,1,2,3]): [1;32mOK[0m
  FLASH_ATTN_EXT(hsk=80,hsv=80,nh=4,nr23=[4,1],kv=512,nb=3,mask=0,sinks=1,max_bias=0.000000,logit_softcap=0.000000,prec=f32,type_K=f16,type_V=f16,permute=[0,1,2,3]): [1;32mOK[0m
  FLASH_ATTN_EXT(hsk=80,hsv=80,nh=4,nr23=[4,1],kv=512,nb=32,mask=0,sinks=1,max_bias=0.000000,logit_softcap=0.000000,prec=f32,type_K=f16,type_V=f16,permute=[0,1,2,3]): [1;32mOK[0m
  FLASH_ATTN_EXT(hsk=80,hsv=80,nh=4,nr23=[4,1],kv=512,nb=75,mask=0,sinks=1,max_bias=0.000000,logit_softcap=0.000000,prec=f32,type_K=f16,type_V=f16,permute=[0,1,2,3]): [1;32mOK[0m
  FLASH_ATTN_EXT(hsk=80,hsv=80,nh=4,nr23=[1,1],kv=113,nb=1,mask=0,sinks=0,max_bias=0.000000,logit_softcap=0.000000,prec=f32,type_K=f16,type_V=f16,permute=[0,1,2,3]): [1;32mOK[0m
  FLASH_ATTN_EXT(hsk=80,hsv=80,nh=4,nr23=[1,1],kv=113,nb=3,mask=0,sinks=0,max_bias=0.000000,logit_softcap=0.000000,prec=f32,type_K=f16,type_V=f16,permute=[0,1,2,3]): [1;32mOK[0m
  FLASH_ATTN_EXT(hsk=80,hsv=80,nh=4,nr23=[1,1],kv=113,nb=32,mask=0,sinks=0,max_bias=0.000000,logit_softcap=0.000000,prec=f32,type_K=f16,type_V=f16,permute=[0,1,2,3]): [1;32mOK[0m
  FLASH_ATTN_EXT(hsk=80,hsv=80,nh=4,nr23=[1,1],kv=113,nb=75,mask=0,sinks=0,max_bias=0.000000,logit_softcap=0.000000,prec=f32,type_K=f16,type_V=f16,permute=[0,1,2,3]): [1;32mOK[0m
  FLASH_ATTN_EXT(hsk=80,hsv=80,nh=4,nr23=[1,1],kv=512,nb=1,mask=0,sinks=0,max_bias=0.000000,logit_softcap=0.000000,prec=f32,type_K=f16,type_V=f16,permute=[0,1,2,3]): [1;32mOK[0m
  FLASH_ATTN_EXT(hsk=80,hsv=80,nh=4,nr23=[1,1],kv=512,nb=3,mask=0,sinks=0,max_bias=0.000000,logit_softcap=0.000000,prec=f32,type_K=f16,type_V=f16,permute=[0,1,2,3]): [1;32mOK[0m
  FLASH_ATTN_EXT(hsk=80,hsv=80,nh=4,nr23=[1,1],kv=512,nb=32,mask=0,sinks=0,max_bias=0.000000,logit_softcap=0.000000,prec=f32,type_K=f16,type_V=f16,permute=[0,1,2,3]): [1;32mOK[0m
  FLASH_ATTN_EXT(hsk=80,hsv=80,nh=4,nr23=[1,1],kv=512,nb=75,mask=0,sinks=0,max_bias=0.000000,logit_softcap=0.000000,prec=f32,type_K=f16,type_V=f16,permute=[0,1,2,3]): [1;32mOK[0m
  FLASH_ATTN_EXT(hsk=80,hsv=80,nh=4,nr23=[1,1],kv=1024,nb=1,mask=0,sinks=0,max_bias=0.000000,logit_softcap=0.000000,prec=f32,type_K=f16,type_V=f16,permute=[0,1,2,3]): [1;32mOK[0m
  FLASH_ATTN_EXT(hsk=80,hsv=80,nh=4,nr23=[1,1],kv=1024,nb=3,mask=0,sinks=0,max_bias=0.000000,logit_softcap=0.000000,prec=f32,type_K=f16,type_V=f16,permute=[0,1,2,3]): [1;32mOK[0m
  FLASH_ATTN_EXT(hsk=80,hsv=80,nh=4,nr23=[1,1],kv=1024,nb=32,mask=0,sinks=0,max_bias=0.000000,logit_softcap=0.000000,prec=f32,type_K=f16,type_V=f16,permute=[0,1,2,3]): [1;32mOK[0m
  FLASH_ATTN_EXT(hsk=80,hsv=80,nh=4,nr23=[1,1],kv=1024,nb=75,mask=0,sinks=0,max_bias=0.000000,logit_softcap=0.000000,prec=f32,type_K=f16,type_V=f16,permute=[0,1,2,3]): [1;32mOK[0m
  FLASH_ATTN_EXT(hsk=80,hsv=80,nh=4,nr23=[4,1],kv=512,nb=1,mask=0,sinks=0,max_bias=0.000000,logit_softcap=0.000000,prec=f32,type_K=f16,type_V=f16,permute=[0,1,2,3]): [1;32mOK[0m
  FLASH_ATTN_EXT(hsk=80,hsv=80,nh=4,nr23=[4,1],kv=512,nb=3,mask=0,sinks=0,max_bias=0.000000,logit_softcap=0.000000,prec=f32,type_K=f16,type_V=f16,permute=[0,1,2,3]): [1;32mOK[0m
  FLASH_ATTN_EXT(hsk=80,hsv=80,nh=4,nr23=[4,1],kv=512,nb=32,mask=0,sinks=0,max_bias=0.000000,logit_softcap=0.000000,prec=f32,type_K=f16,type_V=f16,permute=[0,1,2,3]): [1;32mOK[0m
  FLASH_ATTN_EXT(hsk=80,hsv=80,nh=4,nr23=[4,1],kv=512,nb=75,mask=0,sinks=0,max_bias=0.000000,logit_softcap=0.000000,prec=f32,type_K=f16,type_V=f16,permute=[0,1,2,3]): [1;32mOK[0m
  FLASH_ATTN_EXT(hsk=96,hsv=96,nh=4,nr23=[1,1],kv=113,nb=1,mask=1,sinks=1,max_bias=0.000000,logit_softcap=0.000000,prec=f32,type_K=f16,type_V=f16,permute=[0,1,2,3]): [1;32mOK[0m
  FLASH_ATTN_EXT(hsk=96,hsv=96,nh=4,nr23=[1,1],kv=113,nb=3,mask=1,sinks=1,max_bias=0.000000,logit_softcap=0.000000,prec=f32,type_K=f16,type_V=f16,permute=[0,1,2,3]): [1;32mOK[0m
  FLASH_ATTN_EXT(hsk=96,hsv=96,nh=4,nr23=[1,1],kv=113,nb=32,mask=1,sinks=1,max_bias=0.000000,logit_softcap=0.000000,prec=f32,type_K=f16,type_V=f16,permute=[0,1,2,3]): [1;32mOK[0m
  FLASH_ATTN_EXT(hsk=96,hsv=96,nh=4,nr23=[1,1],kv=113,nb=75,mask=1,sinks=1,max_bias=0.000000,logit_softcap=0.000000,prec=f32,type_K=f16,type_V=f16,permute=[0,1,2,3]): [1;32mOK[0m
  FLASH_ATTN_EXT(hsk=96,hsv=96,nh=4,nr23=[1,1],kv=512,nb=1,mask=1,sinks=1,max_bias=0.000000,logit_softcap=0.000000,prec=f32,type_K=f16,type_V=f16,permute=[0,1,2,3]): [1;32mOK[0m
  FLASH_ATTN_EXT(hsk=96,hsv=96,nh=4,nr23=[1,1],kv=512,nb=1,mask=1,sinks=1,max_bias=0.000000,logit_softcap=0.000000,prec=f32,type_K=f16,type_V=f16,permute=[0,2,1,3]): [1;32mOK[0m
  FLASH_ATTN_EXT(hsk=96,hsv=96,nh=4,nr23=[1,1],kv=512,nb=3,mask=1,sinks=1,max_bias=0.000000,logit_softcap=0.000000,prec=f32,type_K=f16,type_V=f16,permute=[0,1,2,3]): [1;32mOK[0m
  FLASH_ATTN_EXT(hsk=96,hsv=96,nh=4,nr23=[1,1],kv=512,nb=3,mask=1,sinks=1,max_bias=0.000000,logit_softcap=0.000000,prec=f32,type_K=f16,type_V=f16,permute=[0,2,1,3]): [1;32mOK[0m
  FLASH_ATTN_EXT(hsk=96,hsv=96,nh=4,nr23=[1,1],kv=512,nb=32,mask=1,sinks=1,max_bias=0.000000,logit_softcap=0.000000,prec=f32,type_K=f16,type_V=f16,permute=[0,1,2,3]): [1;32mOK[0m
  FLASH_ATTN_EXT(hsk=96,hsv=96,nh=4,nr23=[1,1],kv=512,nb=32,mask=1,sinks=1,max_bias=0.000000,logit_softcap=0.000000,prec=f32,type_K=f16,type_V=f16,permute=[0,2,1,3]): [1;32mOK[0m
  FLASH_ATTN_EXT(hsk=96,hsv=96,nh=4,nr23=[1,1],kv=512,nb=75,mask=1,sinks=1,max_bias=0.000000,logit_softcap=0.000000,prec=f32,type_K=f16,type_V=f16,permute=[0,1,2,3]): [1;32mOK[0m
  FLASH_ATTN_EXT(hsk=96,hsv=96,nh=4,nr23=[1,1],kv=512,nb=75,mask=1,sinks=1,max_bias=0.000000,logit_softcap=0.000000,prec=f32,type_K=f16,type_V=f16,permute=[0,2,1,3]): [1;32mOK[0m
  FLASH_ATTN_EXT(hsk=96,hsv=96,nh=4,nr23=[1,1],kv=1024,nb=1,mask=1,sinks=1,max_bias=0.000000,logit_softcap=0.000000,prec=f32,type_K=f16,type_V=f16,permute=[0,1,2,3]): [1;32mOK[0m
  FLASH_ATTN_EXT(hsk=96,hsv=96,nh=4,nr23=[1,1],kv=1024,nb=3,mask=1,sinks=1,max_bias=0.000000,logit_softcap=0.000000,prec=f32,type_K=f16,type_V=f16,permute=[0,1,2,3]): [1;32mOK[0m
  FLASH_ATTN_EXT(hsk=96,hsv=96,nh=4,nr23=[1,1],kv=1024,nb=32,mask=1,sinks=1,max_bias=0.000000,logit_softcap=0.000000,prec=f32,type_K=f16,type_V=f16,permute=[0,1,2,3]): [1;32mOK[0m
  FLASH_ATTN_EXT(hsk=96,hsv=96,nh=4,nr23=[1,1],kv=1024,nb=75,mask=1,sinks=1,max_bias=0.000000,logit_softcap=0.000000,prec=f32,type_K=f16,type_V=f16,permute=[0,1,2,3]): [1;32mOK[0m
  FLASH_ATTN_EXT(hsk=96,hsv=96,nh=4,nr23=[4,1],kv=512,nb=1,mask=1,sinks=1,max_bias=0.000000,logit_softcap=0.000000,prec=f32,type_K=f16,type_V=f16,permute=[0,1,2,3]): [1;32mOK[0m
  FLASH_ATTN_EXT(hsk=96,hsv=96,nh=4,nr23=[4,1],kv=512,nb=1,mask=1,sinks=1,max_bias=0.000000,logit_softcap=0.000000,prec=f32,type_K=f16,type_V=f16,permute=[0,2,1,3]): [1;32mOK[0m
  FLASH_ATTN_EXT(hsk=96,hsv=96,nh=4,nr23=[4,1],kv=512,nb=3,mask=1,sinks=1,max_bias=0.000000,logit_softcap=0.000000,prec=f32,type_K=f16,type_V=f16,permute=[0,1,2,3]): [1;32mOK[0m
  FLASH_ATTN_EXT(hsk=96,hsv=96,nh=4,nr23=[4,1],kv=512,nb=3,mask=1,sinks=1,max_bias=0.000000,logit_softcap=0.000000,prec=f32,type_K=f16,type_V=f16,permute=[0,2,1,3]): [1;32mOK[0m
  FLASH_ATTN_EXT(hsk=96,hsv=96,nh=4,nr23=[4,1],kv=512,nb=32,mask=1,sinks=1,max_bias=0.000000,logit_softcap=0.000000,prec=f32,type_K=f16,type_V=f16,permute=[0,1,2,3]): [1;32mOK[0m
  FLASH_ATTN_EXT(hsk=96,hsv=96,nh=4,nr23=[4,1],kv=512,nb=32,mask=1,sinks=1,max_bias=0.000000,logit_softcap=0.000000,prec=f32,type_K=f16,type_V=f16,permute=[0,2,1,3]): [1;32mOK[0m
  FLASH_ATTN_EXT(hsk=96,hsv=96,nh=4,nr23=[4,1],kv=512,nb=75,mask=1,sinks=1,max_bias=0.000000,logit_softcap=0.000000,prec=f32,type_K=f16,type_V=f16,permute=[0,1,2,3]): [1;32mOK[0m
  FLASH_ATTN_EXT(hsk=96,hsv=96,nh=4,nr23=[4,1],kv=512,nb=75,mask=1,sinks=1,max_bias=0.000000,logit_softcap=0.000000,prec=f32,type_K=f16,type_V=f16,permute=[0,2,1,3]): [1;32mOK[0m
  FLASH_ATTN_EXT(hsk=96,hsv=96,nh=4,nr23=[1,1],kv=113,nb=1,mask=1,sinks=1,max_bias=8.000000,logit_softcap=0.000000,prec=f32,type_K=f16,type_V=f16,permute=[0,1,2,3]): [1;32mOK[0m
  FLASH_ATTN_EXT(hsk=96,hsv=96,nh=4,nr23=[1,1],kv=113,nb=3,mask=1,sinks=1,max_bias=8.000000,logit_softcap=0.000000,prec=f32,type_K=f16,type_V=f16,permute=[0,1,2,3]): [1;32mOK[0m
  FLASH_ATTN_EXT(hsk=96,hsv=96,nh=4,nr23=[1,1],kv=113,nb=32,mask=1,sinks=1,max_bias=8.000000,logit_softcap=0.000000,prec=f32,type_K=f16,type_V=f16,permute=[0,1,2,3]): [1;32mOK[0m
  FLASH_ATTN_EXT(hsk=96,hsv=96,nh=4,nr23=[1,1],kv=113,nb=75,mask=1,sinks=1,max_bias=8.000000,logit_softcap=0.000000,prec=f32,type_K=f16,type_V=f16,permute=[0,1,2,3]): [1;32mOK[0m
  FLASH_ATTN_EXT(hsk=96,hsv=96,nh=4,nr23=[1,1],kv=512,nb=1,mask=1,sinks=1,max_bias=8.000000,logit_softcap=0.000000,prec=f32,type_K=f16,type_V=f16,permute=[0,1,2,3]): [1;32mOK[0m
  FLASH_ATTN_EXT(hsk=96,hsv=96,nh=4,nr23=[1,1],kv=512,nb=3,mask=1,sinks=1,max_bias=8.000000,logit_softcap=0.000000,prec=f32,type_K=f16,type_V=f16,permute=[0,1,2,3]): [1;32mOK[0m
  FLASH_ATTN_EXT(hsk=96,hsv=96,nh=4,nr23=[1,1],kv=512,nb=32,mask=1,sinks=1,max_bias=8.000000,logit_softcap=0.000000,prec=f32,type_K=f16,type_V=f16,permute=[0,1,2,3]): [1;32mOK[0m
  FLASH_ATTN_EXT(hsk=96,hsv=96,nh=4,nr23=[1,1],kv=512,nb=75,mask=1,sinks=1,max_bias=8.000000,logit_softcap=0.000000,prec=f32,type_K=f16,type_V=f16,permute=[0,1,2,3]): [1;32mOK[0m
  FLASH_ATTN_EXT(hsk=96,hsv=96,nh=4,nr23=[1,1],kv=1024,nb=1,mask=1,sinks=1,max_bias=8.000000,logit_softcap=0.000000,prec=f32,type_K=f16,type_V=f16,permute=[0,1,2,3]): [1;32mOK[0m
  FLASH_ATTN_EXT(hsk=96,hsv=96,nh=4,nr23=[1,1],kv=1024,nb=3,mask=1,sinks=1,max_bias=8.000000,logit_softcap=0.000000,prec=f32,type_K=f16,type_V=f16,permute=[0,1,2,3]): [1;32mOK[0m
  FLASH_ATTN_EXT(hsk=96,hsv=96,nh=4,nr23=[1,1],kv=1024,nb=32,mask=1,sinks=1,max_bias=8.000000,logit_softcap=0.000000,prec=f32,type_K=f16,type_V=f16,permute=[0,1,2,3]): [1;32mOK[0m
  FLASH_ATTN_EXT(hsk=96,hsv=96,nh=4,nr23=[1,1],kv=1024,nb=75,mask=1,sinks=1,max_bias=8.000000,logit_softcap=0.000000,prec=f32,type_K=f16,type_V=f16,permute=[0,1,2,3]): [1;32mOK[0m
  FLASH_ATTN_EXT(hsk=96,hsv=96,nh=4,nr23=[4,1],kv=512,nb=1,mask=1,sinks=1,max_bias=8.000000,logit_softcap=0.000000,prec=f32,type_K=f16,type_V=f16,permute=[0,1,2,3]): [1;32mOK[0m
  FLASH_ATTN_EXT(hsk=96,hsv=96,nh=4,nr23=[4,1],kv=512,nb=3,mask=1,sinks=1,max_bias=8.000000,logit_softcap=0.000000,prec=f32,type_K=f16,type_V=f16,permute=[0,1,2,3]): [1;32mOK[0m
  FLASH_ATTN_EXT(hsk=96,hsv=96,nh=4,nr23=[4,1],kv=512,nb=32,mask=1,sinks=1,max_bias=8.000000,logit_softcap=0.000000,prec=f32,type_K=f16,type_V=f16,permute=[0,1,2,3]): [1;32mOK[0m
  FLASH_ATTN_EXT(hsk=96,hsv=96,nh=4,nr23=[4,1],kv=512,nb=75,mask=1,sinks=1,max_bias=8.000000,logit_softcap=0.000000,prec=f32,type_K=f16,type_V=f16,permute=[0,1,2,3]): [1;32mOK[0m
  FLASH_ATTN_EXT(hsk=96,hsv=96,nh=4,nr23=[1,1],kv=113,nb=1,mask=1,sinks=0,max_bias=0.000000,logit_softcap=0.000000,prec=f32,type_K=f16,type_V=f16,permute=[0,1,2,3]): [1;32mOK[0m
  FLASH_ATTN_EXT(hsk=96,hsv=96,nh=4,nr23=[1,1],kv=113,nb=3,mask=1,sinks=0,max_bias=0.000000,logit_softcap=0.000000,prec=f32,type_K=f16,type_V=f16,permute=[0,1,2,3]): [1;32mOK[0m
  FLASH_ATTN_EXT(hsk=96,hsv=96,nh=4,nr23=[1,1],kv=113,nb=32,mask=1,sinks=0,max_bias=0.000000,logit_softcap=0.000000,prec=f32,type_K=f16,type_V=f16,permute=[0,1,2,3]): [1;32mOK[0m
  FLASH_ATTN_EXT(hsk=96,hsv=96,nh=4,nr23=[1,1],kv=113,nb=75,mask=1,sinks=0,max_bias=0.000000,logit_softcap=0.000000,prec=f32,type_K=f16,type_V=f16,permute=[0,1,2,3]): [1;32mOK[0m
  FLASH_ATTN_EXT(hsk=96,hsv=96,nh=4,nr23=[1,1],kv=512,nb=1,mask=1,sinks=0,max_bias=0.000000,logit_softcap=0.000000,prec=f32,type_K=f16,type_V=f16,permute=[0,1,2,3]): [1;32mOK[0m
  FLASH_ATTN_EXT(hsk=96,hsv=96,nh=4,nr23=[1,1],kv=512,nb=1,mask=1,sinks=0,max_bias=0.000000,logit_softcap=0.000000,prec=f32,type_K=f16,type_V=f16,permute=[0,2,1,3]): [1;32mOK[0m
  FLASH_ATTN_EXT(hsk=96,hsv=96,nh=4,nr23=[1,1],kv=512,nb=3,mask=1,sinks=0,max_bias=0.000000,logit_softcap=0.000000,prec=f32,type_K=f16,type_V=f16,permute=[0,1,2,3]): [1;32mOK[0m
  FLASH_ATTN_EXT(hsk=96,hsv=96,nh=4,nr23=[1,1],kv=512,nb=3,mask=1,sinks=0,max_bias=0.000000,logit_softcap=0.000000,prec=f32,type_K=f16,type_V=f16,permute=[0,2,1,3]): [1;32mOK[0m
  FLASH_ATTN_EXT(hsk=96,hsv=96,nh=4,nr23=[1,1],kv=512,nb=32,mask=1,sinks=0,max_bias=0.000000,logit_softcap=0.000000,prec=f32,type_K=f16,type_V=f16,permute=[0,1,2,3]): [1;32mOK[0m
  FLASH_ATTN_EXT(hsk=96,hsv=96,nh=4,nr23=[1,1],kv=512,nb=32,mask=1,sinks=0,max_bias=0.000000,logit_softcap=0.000000,prec=f32,type_K=f16,type_V=f16,permute=[0,2,1,3]): [1;32mOK[0m
  FLASH_ATTN_EXT(hsk=96,hsv=96,nh=4,nr23=[1,1],kv=512,nb=75,mask=1,sinks=0,max_bias=0.000000,logit_softcap=0.000000,prec=f32,type_K=f16,type_V=f16,permute=[0,1,2,3]): [1;32mOK[0m
  FLASH_ATTN_EXT(hsk=96,hsv=96,nh=4,nr23=[1,1],kv=512,nb=75,mask=1,sinks=0,max_bias=0.000000,logit_softcap=0.000000,prec=f32,type_K=f16,type_V=f16,permute=[0,2,1,3]): [1;32mOK[0m
  FLASH_ATTN_EXT(hsk=96,hsv=96,nh=4,nr23=[1,1],kv=1024,nb=1,mask=1,sinks=0,max_bias=0.000000,logit_softcap=0.000000,prec=f32,type_K=f16,type_V=f16,permute=[0,1,2,3]): [1;32mOK[0m
  FLASH_ATTN_EXT(hsk=96,hsv=96,nh=4,nr23=[1,1],kv=1024,nb=3,mask=1,sinks=0,max_bias=0.000000,logit_softcap=0.000000,prec=f32,type_K=f16,type_V=f16,permute=[0,1,2,3]): [1;32mOK[0m
  FLASH_ATTN_EXT(hsk=96,hsv=96,nh=4,nr23=[1,1],kv=1024,nb=32,mask=1,sinks=0,max_bias=0.000000,logit_softcap=0.000000,prec=f32,type_K=f16,type_V=f16,permute=[0,1,2,3]): [1;32mOK[0m
  FLASH_ATTN_EXT(hsk=96,hsv=96,nh=4,nr23=[1,1],kv=1024,nb=75,mask=1,sinks=0,max_bias=0.000000,logit_softcap=0.000000,prec=f32,type_K=f16,type_V=f16,permute=[0,1,2,3]): [1;32mOK[0m
  FLASH_ATTN_EXT(hsk=96,hsv=96,nh=4,nr23=[4,1],kv=512,nb=1,mask=1,sinks=0,max_bias=0.000000,logit_softcap=0.000000,prec=f32,type_K=f16,type_V=f16,permute=[0,1,2,3]): [1;32mOK[0m
  FLASH_ATTN_EXT(hsk=96,hsv=96,nh=4,nr23=[4,1],kv=512,nb=1,mask=1,sinks=0,max_bias=0.000000,logit_softcap=0.000000,prec=f32,type_K=f16,type_V=f16,permute=[0,2,1,3]): [1;32mOK[0m
  FLASH_ATTN_EXT(hsk=96,hsv=96,nh=4,nr23=[4,1],kv=512,nb=3,mask=1,sinks=0,max_bias=0.000000,logit_softcap=0.000000,prec=f32,type_K=f16,type_V=f16,permute=[0,1,2,3]): ggml_backend_cuda_graph_compute: CUDA graph warmup complete
ggml_backend_cuda_graph_compute: CUDA graph warmup complete
[1;32mOK[0m
  FLASH_ATTN_EXT(hsk=96,hsv=96,nh=4,nr23=[4,1],kv=512,nb=3,mask=1,sinks=0,max_bias=0.000000,logit_softcap=0.000000,prec=f32,type_K=f16,type_V=f16,permute=[0,2,1,3]): ggml_backend_cuda_graph_compute: CUDA graph warmup reset
ggml_backend_cuda_graph_compute: CUDA graph warmup reset
[1;32mOK[0m
  FLASH_ATTN_EXT(hsk=96,hsv=96,nh=4,nr23=[4,1],kv=512,nb=32,mask=1,sinks=0,max_bias=0.000000,logit_softcap=0.000000,prec=f32,type_K=f16,type_V=f16,permute=[0,1,2,3]): [1;32mOK[0m
  FLASH_ATTN_EXT(hsk=96,hsv=96,nh=4,nr23=[4,1],kv=512,nb=32,mask=1,sinks=0,max_bias=0.000000,logit_softcap=0.000000,prec=f32,type_K=f16,type_V=f16,permute=[0,2,1,3]): [1;32mOK[0m
  FLASH_ATTN_EXT(hsk=96,hsv=96,nh=4,nr23=[4,1],kv=512,nb=75,mask=1,sinks=0,max_bias=0.000000,logit_softcap=0.000000,prec=f32,type_K=f16,type_V=f16,permute=[0,1,2,3]): [1;32mOK[0m
  FLASH_ATTN_EXT(hsk=96,hsv=96,nh=4,nr23=[4,1],kv=512,nb=75,mask=1,sinks=0,max_bias=0.000000,logit_softcap=0.000000,prec=f32,type_K=f16,type_V=f16,permute=[0,2,1,3]): [1;32mOK[0m
  FLASH_ATTN_EXT(hsk=96,hsv=96,nh=4,nr23=[1,1],kv=113,nb=1,mask=1,sinks=0,max_bias=8.000000,logit_softcap=0.000000,prec=f32,type_K=f16,type_V=f16,permute=[0,1,2,3]): [1;32mOK[0m
  FLASH_ATTN_EXT(hsk=96,hsv=96,nh=4,nr23=[1,1],kv=113,nb=3,mask=1,sinks=0,max_bias=8.000000,logit_softcap=0.000000,prec=f32,type_K=f16,type_V=f16,permute=[0,1,2,3]): [1;32mOK[0m
  FLASH_ATTN_EXT(hsk=96,hsv=96,nh=4,nr23=[1,1],kv=113,nb=32,mask=1,sinks=0,max_bias=8.000000,logit_softcap=0.000000,prec=f32,type_K=f16,type_V=f16,permute=[0,1,2,3]): [1;32mOK[0m
  FLASH_ATTN_EXT(hsk=96,hsv=96,nh=4,nr23=[1,1],kv=113,nb=75,mask=1,sinks=0,max_bias=8.000000,logit_softcap=0.000000,prec=f32,type_K=f16,type_V=f16,permute=[0,1,2,3]): [1;32mOK[0m
  FLASH_ATTN_EXT(hsk=96,hsv=96,nh=4,nr23=[1,1],kv=512,nb=1,mask=1,sinks=0,max_bias=8.000000,logit_softcap=0.000000,prec=f32,type_K=f16,type_V=f16,permute=[0,1,2,3]): [1;32mOK[0m
  FLASH_ATTN_EXT(hsk=96,hsv=96,nh=4,nr23=[1,1],kv=512,nb=3,mask=1,sinks=0,max_bias=8.000000,logit_softcap=0.000000,prec=f32,type_K=f16,type_V=f16,permute=[0,1,2,3]): [1;32mOK[0m
  FLASH_ATTN_EXT(hsk=96,hsv=96,nh=4,nr23=[1,1],kv=512,nb=32,mask=1,sinks=0,max_bias=8.000000,logit_softcap=0.000000,prec=f32,type_K=f16,type_V=f16,permute=[0,1,2,3]): ggml_backend_cuda_graph_compute: CUDA graph warmup complete
[1;32mOK[0m
  FLASH_ATTN_EXT(hsk=96,hsv=96,nh=4,nr23=[1,1],kv=512,nb=75,mask=1,sinks=0,max_bias=8.000000,logit_softcap=0.000000,prec=f32,type_K=f16,type_V=f16,permute=[0,1,2,3]): ggml_backend_cuda_graph_compute: CUDA graph warmup reset
[1;32mOK[0m
  FLASH_ATTN_EXT(hsk=96,hsv=96,nh=4,nr23=[1,1],kv=1024,nb=1,mask=1,sinks=0,max_bias=8.000000,logit_softcap=0.000000,prec=f32,type_K=f16,type_V=f16,permute=[0,1,2,3]): [1;32mOK[0m
  FLASH_ATTN_EXT(hsk=96,hsv=96,nh=4,nr23=[1,1],kv=1024,nb=3,mask=1,sinks=0,max_bias=8.000000,logit_softcap=0.000000,prec=f32,type_K=f16,type_V=f16,permute=[0,1,2,3]): [1;32mOK[0m
  FLASH_ATTN_EXT(hsk=96,hsv=96,nh=4,nr23=[1,1],kv=1024,nb=32,mask=1,sinks=0,max_bias=8.000000,logit_softcap=0.000000,prec=f32,type_K=f16,type_V=f16,permute=[0,1,2,3]): [1;32mOK[0m
  FLASH_ATTN_EXT(hsk=96,hsv=96,nh=4,nr23=[1,1],kv=1024,nb=75,mask=1,sinks=0,max_bias=8.000000,logit_softcap=0.000000,prec=f32,type_K=f16,type_V=f16,permute=[0,1,2,3]): [1;32mOK[0m
  FLASH_ATTN_EXT(hsk=96,hsv=96,nh=4,nr23=[4,1],kv=512,nb=1,mask=1,sinks=0,max_bias=8.000000,logit_softcap=0.000000,prec=f32,type_K=f16,type_V=f16,permute=[0,1,2,3]): ggml_backend_cuda_graph_compute: CUDA graph warmup complete
[1;32mOK[0m
  FLASH_ATTN_EXT(hsk=96,hsv=96,nh=4,nr23=[4,1],kv=512,nb=3,mask=1,sinks=0,max_bias=8.000000,logit_softcap=0.000000,prec=f32,type_K=f16,type_V=f16,permute=[0,1,2,3]): ggml_backend_cuda_graph_compute: CUDA graph warmup reset
[1;32mOK[0m
  FLASH_ATTN_EXT(hsk=96,hsv=96,nh=4,nr23=[4,1],kv=512,nb=32,mask=1,sinks=0,max_bias=8.000000,logit_softcap=0.000000,prec=f32,type_K=f16,type_V=f16,permute=[0,1,2,3]): [1;32mOK[0m
  FLASH_ATTN_EXT(hsk=96,hsv=96,nh=4,nr23=[4,1],kv=512,nb=75,mask=1,sinks=0,max_bias=8.000000,logit_softcap=0.000000,prec=f32,type_K=f16,type_V=f16,permute=[0,1,2,3]): [1;32mOK[0m
  FLASH_ATTN_EXT(hsk=96,hsv=96,nh=4,nr23=[1,1],kv=113,nb=1,mask=0,sinks=1,max_bias=0.000000,logit_softcap=0.000000,prec=f32,type_K=f16,type_V=f16,permute=[0,1,2,3]): [1;32mOK[0m
  FLASH_ATTN_EXT(hsk=96,hsv=96,nh=4,nr23=[1,1],kv=113,nb=3,mask=0,sinks=1,max_bias=0.000000,logit_softcap=0.000000,prec=f32,type_K=f16,type_V=f16,permute=[0,1,2,3]): [1;32mOK[0m
  FLASH_ATTN_EXT(hsk=96,hsv=96,nh=4,nr23=[1,1],kv=113,nb=32,mask=0,sinks=1,max_bias=0.000000,logit_softcap=0.000000,prec=f32,type_K=f16,type_V=f16,permute=[0,1,2,3]): [1;32mOK[0m
  FLASH_ATTN_EXT(hsk=96,hsv=96,nh=4,nr23=[1,1],kv=113,nb=75,mask=0,sinks=1,max_bias=0.000000,logit_softcap=0.000000,prec=f32,type_K=f16,type_V=f16,permute=[0,1,2,3]): [1;32mOK[0m
  FLASH_ATTN_EXT(hsk=96,hsv=96,nh=4,nr23=[1,1],kv=512,nb=1,mask=0,sinks=1,max_bias=0.000000,logit_softcap=0.000000,prec=f32,type_K=f16,type_V=f16,permute=[0,1,2,3]): [1;32mOK[0m
  FLASH_ATTN_EXT(hsk=96,hsv=96,nh=4,nr23=[1,1],kv=512,nb=3,mask=0,sinks=1,max_bias=0.000000,logit_softcap=0.000000,prec=f32,type_K=f16,type_V=f16,permute=[0,1,2,3]): [1;32mOK[0m
  FLASH_ATTN_EXT(hsk=96,hsv=96,nh=4,nr23=[1,1],kv=512,nb=32,mask=0,sinks=1,max_bias=0.000000,logit_softcap=0.000000,prec=f32,type_K=f16,type_V=f16,permute=[0,1,2,3]): ggml_backend_cuda_graph_compute: CUDA graph warmup complete
[1;32mOK[0m
  FLASH_ATTN_EXT(hsk=96,hsv=96,nh=4,nr23=[1,1],kv=512,nb=75,mask=0,sinks=1,max_bias=0.000000,logit_softcap=0.000000,prec=f32,type_K=f16,type_V=f16,permute=[0,1,2,3]): ggml_backend_cuda_graph_compute: CUDA graph warmup reset
[1;32mOK[0m
  FLASH_ATTN_EXT(hsk=96,hsv=96,nh=4,nr23=[1,1],kv=1024,nb=1,mask=0,sinks=1,max_bias=0.000000,logit_softcap=0.000000,prec=f32,type_K=f16,type_V=f16,permute=[0,1,2,3]): [1;32mOK[0m
  FLASH_ATTN_EXT(hsk=96,hsv=96,nh=4,nr23=[1,1],kv=1024,nb=3,mask=0,sinks=1,max_bias=0.000000,logit_softcap=0.000000,prec=f32,type_K=f16,type_V=f16,permute=[0,1,2,3]): [1;32mOK[0m
  FLASH_ATTN_EXT(hsk=96,hsv=96,nh=4,nr23=[1,1],kv=1024,nb=32,mask=0,sinks=1,max_bias=0.000000,logit_softcap=0.000000,prec=f32,type_K=f16,type_V=f16,permute=[0,1,2,3]): [1;32mOK[0m
  FLASH_ATTN_EXT(hsk=96,hsv=96,nh=4,nr23=[1,1],kv=1024,nb=75,mask=0,sinks=1,max_bias=0.000000,logit_softcap=0.000000,prec=f32,type_K=f16,type_V=f16,permute=[0,1,2,3]): [1;32mOK[0m
  FLASH_ATTN_EXT(hsk=96,hsv=96,nh=4,nr23=[4,1],kv=512,nb=1,mask=0,sinks=1,max_bias=0.000000,logit_softcap=0.000000,prec=f32,type_K=f16,type_V=f16,permute=[0,1,2,3]): [1;32mOK[0m
  FLASH_ATTN_EXT(hsk=96,hsv=96,nh=4,nr23=[4,1],kv=512,nb=3,mask=0,sinks=1,max_bias=0.000000,logit_softcap=0.000000,prec=f32,type_K=f16,type_V=f16,permute=[0,1,2,3]): [1;32mOK[0m
  FLASH_ATTN_EXT(hsk=96,hsv=96,nh=4,nr23=[4,1],kv=512,nb=32,mask=0,sinks=1,max_bias=0.000000,logit_softcap=0.000000,prec=f32,type_K=f16,type_V=f16,permute=[0,1,2,3]): [1;32mOK[0m
  FLASH_ATTN_EXT(hsk=96,hsv=96,nh=4,nr23=[4,1],kv=512,nb=75,mask=0,sinks=1,max_bias=0.000000,logit_softcap=0.000000,prec=f32,type_K=f16,type_V=f16,permute=[0,1,2,3]): [1;32mOK[0m
  FLASH_ATTN_EXT(hsk=96,hsv=96,nh=4,nr23=[1,1],kv=113,nb=1,mask=0,sinks=0,max_bias=0.000000,logit_softcap=0.000000,prec=f32,type_K=f16,type_V=f16,permute=[0,1,2,3]): [1;32mOK[0m
  FLASH_ATTN_EXT(hsk=96,hsv=96,nh=4,nr23=[1,1],kv=113,nb=3,mask=0,sinks=0,max_bias=0.000000,logit_softcap=0.000000,prec=f32,type_K=f16,type_V=f16,permute=[0,1,2,3]): [1;32mOK[0m
  FLASH_ATTN_EXT(hsk=96,hsv=96,nh=4,nr23=[1,1],kv=113,nb=32,mask=0,sinks=0,max_bias=0.000000,logit_softcap=0.000000,prec=f32,type_K=f16,type_V=f16,permute=[0,1,2,3]): [1;32mOK[0m
  FLASH_ATTN_EXT(hsk=96,hsv=96,nh=4,nr23=[1,1],kv=113,nb=75,mask=0,sinks=0,max_bias=0.000000,logit_softcap=0.000000,prec=f32,type_K=f16,type_V=f16,permute=[0,1,2,3]): [1;32mOK[0m
  FLASH_ATTN_EXT(hsk=96,hsv=96,nh=4,nr23=[1,1],kv=512,nb=1,mask=0,sinks=0,max_bias=0.000000,logit_softcap=0.000000,prec=f32,type_K=f16,type_V=f16,permute=[0,1,2,3]): [1;32mOK[0m
  FLASH_ATTN_EXT(hsk=96,hsv=96,nh=4,nr23=[1,1],kv=512,nb=3,mask=0,sinks=0,max_bias=0.000000,logit_softcap=0.000000,prec=f32,type_K=f16,type_V=f16,permute=[0,1,2,3]): [1;32mOK[0m
  FLASH_ATTN_EXT(hsk=96,hsv=96,nh=4,nr23=[1,1],kv=512,nb=32,mask=0,sinks=0,max_bias=0.000000,logit_softcap=0.000000,prec=f32,type_K=f16,type_V=f16,permute=[0,1,2,3]): [1;32mOK[0m
  FLASH_ATTN_EXT(hsk=96,hsv=96,nh=4,nr23=[1,1],kv=512,nb=75,mask=0,sinks=0,max_bias=0.000000,logit_softcap=0.000000,prec=f32,type_K=f16,type_V=f16,permute=[0,1,2,3]): [1;32mOK[0m
  FLASH_ATTN_EXT(hsk=96,hsv=96,nh=4,nr23=[1,1],kv=1024,nb=1,mask=0,sinks=0,max_bias=0.000000,logit_softcap=0.000000,prec=f32,type_K=f16,type_V=f16,permute=[0,1,2,3]): [1;32mOK[0m
  FLASH_ATTN_EXT(hsk=96,hsv=96,nh=4,nr23=[1,1],kv=1024,nb=3,mask=0,sinks=0,max_bias=0.000000,logit_softcap=0.000000,prec=f32,type_K=f16,type_V=f16,permute=[0,1,2,3]): [1;32mOK[0m
  FLASH_ATTN_EXT(hsk=96,hsv=96,nh=4,nr23=[1,1],kv=1024,nb=32,mask=0,sinks=0,max_bias=0.000000,logit_softcap=0.000000,prec=f32,type_K=f16,type_V=f16,permute=[0,1,2,3]): [1;32mOK[0m
  FLASH_ATTN_EXT(hsk=96,hsv=96,nh=4,nr23=[1,1],kv=1024,nb=75,mask=0,sinks=0,max_bias=0.000000,logit_softcap=0.000000,prec=f32,type_K=f16,type_V=f16,permute=[0,1,2,3]): [1;32mOK[0m
  FLASH_ATTN_EXT(hsk=96,hsv=96,nh=4,nr23=[4,1],kv=512,nb=1,mask=0,sinks=0,max_bias=0.000000,logit_softcap=0.000000,prec=f32,type_K=f16,type_V=f16,permute=[0,1,2,3]): [1;32mOK[0m
  FLASH_ATTN_EXT(hsk=96,hsv=96,nh=4,nr23=[4,1],kv=512,nb=3,mask=0,sinks=0,max_bias=0.000000,logit_softcap=0.000000,prec=f32,type_K=f16,type_V=f16,permute=[0,1,2,3]): [1;32mOK[0m
  FLASH_ATTN_EXT(hsk=96,hsv=96,nh=4,nr23=[4,1],kv=512,nb=32,mask=0,sinks=0,max_bias=0.000000,logit_softcap=0.000000,prec=f32,type_K=f16,type_V=f16,permute=[0,1,2,3]): [1;32mOK[0m
  FLASH_ATTN_EXT(hsk=96,hsv=96,nh=4,nr23=[4,1],kv=512,nb=75,mask=0,sinks=0,max_bias=0.000000,logit_softcap=0.000000,prec=f32,type_K=f16,type_V=f16,permute=[0,1,2,3]): [1;32mOK[0m
  FLASH_ATTN_EXT(hsk=128,hsv=128,nh=4,nr23=[1,1],kv=113,nb=1,mask=1,sinks=1,max_bias=0.000000,logit_softcap=0.000000,prec=f32,type_K=f32,type_V=f32,permute=[0,1,2,3]): [1;32mOK[0m
  FLASH_ATTN_EXT(hsk=128,hsv=128,nh=4,nr23=[1,1],kv=113,nb=1,mask=1,sinks=1,max_bias=0.000000,logit_softcap=0.000000,prec=f32,type_K=f16,type_V=f16,permute=[0,1,2,3]): [1;32mOK[0m
  FLASH_ATTN_EXT(hsk=128,hsv=128,nh=4,nr23=[1,1],kv=113,nb=1,mask=1,sinks=1,max_bias=0.000000,logit_softcap=0.000000,prec=f32,type_K=bf16,type_V=bf16,permute=[0,1,2,3]): [1;32mOK[0m
  FLASH_ATTN_EXT(hsk=128,hsv=128,nh=4,nr23=[1,1],kv=113,nb=1,mask=1,sinks=1,max_bias=0.000000,logit_softcap=0.000000,prec=f32,type_K=q8_0,type_V=q8_0,permute=[0,1,2,3]): [1;32mOK[0m
  FLASH_ATTN_EXT(hsk=128,hsv=128,nh=4,nr23=[1,1],kv=113,nb=1,mask=1,sinks=1,max_bias=0.000000,logit_softcap=0.000000,prec=f32,type_K=q5_1,type_V=q5_1,permute=[0,1,2,3]): not supported [ROCm0] 
  FLASH_ATTN_EXT(hsk=128,hsv=128,nh=4,nr23=[1,1],kv=113,nb=1,mask=1,sinks=1,max_bias=0.000000,logit_softcap=0.000000,prec=f32,type_K=q5_0,type_V=q5_0,permute=[0,1,2,3]): not supported [ROCm0] 
  FLASH_ATTN_EXT(hsk=128,hsv=128,nh=4,nr23=[1,1],kv=113,nb=1,mask=1,sinks=1,max_bias=0.000000,logit_softcap=0.000000,prec=f32,type_K=q4_1,type_V=q4_1,permute=[0,1,2,3]): not supported [ROCm0] 
  FLASH_ATTN_EXT(hsk=128,hsv=128,nh=4,nr23=[1,1],kv=113,nb=1,mask=1,sinks=1,max_bias=0.000000,logit_softcap=0.000000,prec=f32,type_K=q4_0,type_V=q4_0,permute=[0,1,2,3]): [1;32mOK[0m
  FLASH_ATTN_EXT(hsk=128,hsv=128,nh=4,nr23=[1,1],kv=113,nb=1,mask=1,sinks=1,max_bias=0.000000,logit_softcap=0.000000,prec=f32,type_K=iq4_nl,type_V=iq4_nl,permute=[0,1,2,3]): not supported [ROCm0] 
  FLASH_ATTN_EXT(hsk=128,hsv=128,nh=4,nr23=[1,1],kv=113,nb=1,mask=1,sinks=1,max_bias=0.000000,logit_softcap=0.000000,prec=f32,type_K=turbo3,type_V=turbo3,permute=[0,1,2,3]): [1;32mOK[0m
  FLASH_ATTN_EXT(hsk=128,hsv=128,nh=4,nr23=[1,1],kv=113,nb=1,mask=1,sinks=1,max_bias=0.000000,logit_softcap=0.000000,prec=f32,type_K=turbo4,type_V=turbo4,permute=[0,1,2,3]): [1;32mOK[0m
  FLASH_ATTN_EXT(hsk=128,hsv=128,nh=4,nr23=[1,1],kv=113,nb=1,mask=1,sinks=1,max_bias=0.000000,logit_softcap=0.000000,prec=def,type_K=f32,type_V=f32,permute=[0,1,2,3]): [1;32mOK[0m
  FLASH_ATTN_EXT(hsk=128,hsv=128,nh=4,nr23=[1,1],kv=113,nb=1,mask=1,sinks=1,max_bias=0.000000,logit_softcap=0.000000,prec=def,type_K=f16,type_V=f16,permute=[0,1,2,3]): [1;32mOK[0m
  FLASH_ATTN_EXT(hsk=128,hsv=128,nh=4,nr23=[1,1],kv=113,nb=1,mask=1,sinks=1,max_bias=0.000000,logit_softcap=0.000000,prec=def,type_K=bf16,type_V=bf16,permute=[0,1,2,3]): [1;32mOK[0m
  FLASH_ATTN_EXT(hsk=128,hsv=128,nh=4,nr23=[1,1],kv=113,nb=1,mask=1,sinks=1,max_bias=0.000000,logit_softcap=0.000000,prec=def,type_K=q8_0,type_V=q8_0,permute=[0,1,2,3]): [1;32mOK[0m
  FLASH_ATTN_EXT(hsk=128,hsv=128,nh=4,nr23=[1,1],kv=113,nb=1,mask=1,sinks=1,max_bias=0.000000,logit_softcap=0.000000,prec=def,type_K=q5_1,type_V=q5_1,permute=[0,1,2,3]): not supported [ROCm0] 
  FLASH_ATTN_EXT(hsk=128,hsv=128,nh=4,nr23=[1,1],kv=113,nb=1,mask=1,sinks=1,max_bias=0.000000,logit_softcap=0.000000,prec=def,type_K=q5_0,type_V=q5_0,permute=[0,1,2,3]): not supported [ROCm0] 
  FLASH_ATTN_EXT(hsk=128,hsv=128,nh=4,nr23=[1,1],kv=113,nb=1,mask=1,sinks=1,max_bias=0.000000,logit_softcap=0.000000,prec=def,type_K=q4_1,type_V=q4_1,permute=[0,1,2,3]): not supported [ROCm0] 
  FLASH_ATTN_EXT(hsk=128,hsv=128,nh=4,nr23=[1,1],kv=113,nb=1,mask=1,sinks=1,max_bias=0.000000,logit_softcap=0.000000,prec=def,type_K=q4_0,type_V=q4_0,permute=[0,1,2,3]): [1;32mOK[0m
  FLASH_ATTN_EXT(hsk=128,hsv=128,nh=4,nr23=[1,1],kv=113,nb=1,mask=1,sinks=1,max_bias=0.000000,logit_softcap=0.000000,prec=def,type_K=iq4_nl,type_V=iq4_nl,permute=[0,1,2,3]): not supported [ROCm0] 
  FLASH_ATTN_EXT(hsk=128,hsv=128,nh=4,nr23=[1,1],kv=113,nb=1,mask=1,sinks=1,max_bias=0.000000,logit_softcap=0.000000,prec=def,type_K=turbo3,type_V=turbo3,permute=[0,1,2,3]): [1;32mOK[0m
  FLASH_ATTN_EXT(hsk=128,hsv=128,nh=4,nr23=[1,1],kv=113,nb=1,mask=1,sinks=1,max_bias=0.000000,logit_softcap=0.000000,prec=def,type_K=turbo4,type_V=turbo4,permute=[0,1,2,3]): [1;32mOK[0m
  FLASH_ATTN_EXT(hsk=128,hsv=128,nh=4,nr23=[1,1],kv=113,nb=3,mask=1,sinks=1,max_bias=0.000000,logit_softcap=0.000000,prec=f32,type_K=f32,type_V=f32,permute=[0,1,2,3]): [1;32mOK[0m
  FLASH_ATTN_EXT(hsk=128,hsv=128,nh=4,nr23=[1,1],kv=113,nb=3,mask=1,sinks=1,max_bias=0.000000,logit_softcap=0.000000,prec=f32,type_K=f16,type_V=f16,permute=[0,1,2,3]): [1;32mOK[0m
  FLASH_ATTN_EXT(hsk=128,hsv=128,nh=4,nr23=[1,1],kv=113,nb=3,mask=1,sinks=1,max_bias=0.000000,logit_softcap=0.000000,prec=f32,type_K=bf16,type_V=bf16,permute=[0,1,2,3]): [1;32mOK[0m
  FLASH_ATTN_EXT(hsk=128,hsv=128,nh=4,nr23=[1,1],kv=113,nb=3,mask=1,sinks=1,max_bias=0.000000,logit_softcap=0.000000,prec=f32,type_K=q8_0,type_V=q8_0,permute=[0,1,2,3]): [1;32mOK[0m
  FLASH_ATTN_EXT(hsk=128,hsv=128,nh=4,nr23=[1,1],kv=113,nb=3,mask=1,sinks=1,max_bias=0.000000,logit_softcap=0.000000,prec=f32,type_K=q5_1,type_V=q5_1,permute=[0,1,2,3]): not supported [ROCm0] 
  FLASH_ATTN_EXT(hsk=128,hsv=128,nh=4,nr23=[1,1],kv=113,nb=3,mask=1,sinks=1,max_bias=0.000000,logit_softcap=0.000000,prec=f32,type_K=q5_0,type_V=q5_0,permute=[0,1,2,3]): not supported [ROCm0] 
  FLASH_ATTN_EXT(hsk=128,hsv=128,nh=4,nr23=[1,1],kv=113,nb=3,mask=1,sinks=1,max_bias=0.000000,logit_softcap=0.000000,prec=f32,type_K=q4_1,type_V=q4_1,permute=[0,1,2,3]): not supported [ROCm0] 
  FLASH_ATTN_EXT(hsk=128,hsv=128,nh=4,nr23=[1,1],kv=113,nb=3,mask=1,sinks=1,max_bias=0.000000,logit_softcap=0.000000,prec=f32,type_K=q4_0,type_V=q4_0,permute=[0,1,2,3]): [1;32mOK[0m
  FLASH_ATTN_EXT(hsk=128,hsv=128,nh=4,nr23=[1,1],kv=113,nb=3,mask=1,sinks=1,max_bias=0.000000,logit_softcap=0.000000,prec=f32,type_K=iq4_nl,type_V=iq4_nl,permute=[0,1,2,3]): not supported [ROCm0] 
  FLASH_ATTN_EXT(hsk=128,hsv=128,nh=4,nr23=[1,1],kv=113,nb=3,mask=1,sinks=1,max_bias=0.000000,logit_softcap=0.000000,prec=f32,type_K=turbo3,type_V=turbo3,permute=[0,1,2,3]): [1;32mOK[0m
  FLASH_ATTN_EXT(hsk=128,hsv=128,nh=4,nr23=[1,1],kv=113,nb=3,mask=1,sinks=1,max_bias=0.000000,logit_softcap=0.000000,prec=f32,type_K=turbo4,type_V=turbo4,permute=[0,1,2,3]): [1;32mOK[0m
  FLASH_ATTN_EXT(hsk=128,hsv=128,nh=4,nr23=[1,1],kv=113,nb=3,mask=1,sinks=1,max_bias=0.000000,logit_softcap=0.000000,prec=def,type_K=f32,type_V=f32,permute=[0,1,2,3]): [1;32mOK[0m
  FLASH_ATTN_EXT(hsk=128,hsv=128,nh=4,nr23=[1,1],kv=113,nb=3,mask=1,sinks=1,max_bias=0.000000,logit_softcap=0.000000,prec=def,type_K=f16,type_V=f16,permute=[0,1,2,3]): [1;32mOK[0m
  FLASH_ATTN_EXT(hsk=128,hsv=128,nh=4,nr23=[1,1],kv=113,nb=3,mask=1,sinks=1,max_bias=0.000000,logit_softcap=0.000000,prec=def,type_K=bf16,type_V=bf16,permute=[0,1,2,3]): [1;32mOK[0m
  FLASH_ATTN_EXT(hsk=128,hsv=128,nh=4,nr23=[1,1],kv=113,nb=3,mask=1,sinks=1,max_bias=0.000000,logit_softcap=0.000000,prec=def,type_K=q8_0,type_V=q8_0,permute=[0,1,2,3]): [1;32mOK[0m
  FLASH_ATTN_EXT(hsk=128,hsv=128,nh=4,nr23=[1,1],kv=113,nb=3,mask=1,sinks=1,max_bias=0.000000,logit_softcap=0.000000,prec=def,type_K=q5_1,type_V=q5_1,permute=[0,1,2,3]): not supported [ROCm0] 
  FLASH_ATTN_EXT(hsk=128,hsv=128,nh=4,nr23=[1,1],kv=113,nb=3,mask=1,sinks=1,max_bias=0.000000,logit_softcap=0.000000,prec=def,type_K=q5_0,type_V=q5_0,permute=[0,1,2,3]): not supported [ROCm0] 
  FLASH_ATTN_EXT(hsk=128,hsv=128,nh=4,nr23=[1,1],kv=113,nb=3,mask=1,sinks=1,max_bias=0.000000,logit_softcap=0.000000,prec=def,type_K=q4_1,type_V=q4_1,permute=[0,1,2,3]): not supported [ROCm0] 
  FLASH_ATTN_EXT(hsk=128,hsv=128,nh=4,nr23=[1,1],kv=113,nb=3,mask=1,sinks=1,max_bias=0.000000,logit_softcap=0.000000,prec=def,type_K=q4_0,type_V=q4_0,permute=[0,1,2,3]): [1;32mOK[0m
  FLASH_ATTN_EXT(hsk=128,hsv=128,nh=4,nr23=[1,1],kv=113,nb=3,mask=1,sinks=1,max_bias=0.000000,logit_softcap=0.000000,prec=def,type_K=iq4_nl,type_V=iq4_nl,permute=[0,1,2,3]): not supported [ROCm0] 
  FLASH_ATTN_EXT(hsk=128,hsv=128,nh=4,nr23=[1,1],kv=113,nb=3,mask=1,sinks=1,max_bias=0.000000,logit_softcap=0.000000,prec=def,type_K=turbo3,type_V=turbo3,permute=[0,1,2,3]): [1;32mOK[0m
  FLASH_ATTN_EXT(hsk=128,hsv=128,nh=4,nr23=[1,1],kv=113,nb=3,mask=1,sinks=1,max_bias=0.000000,logit_softcap=0.000000,prec=def,type_K=turbo4,type_V=turbo4,permute=[0,1,2,3]): [1;32mOK[0m
  FLASH_ATTN_EXT(hsk=128,hsv=128,nh=4,nr23=[1,1],kv=113,nb=32,mask=1,sinks=1,max_bias=0.000000,logit_softcap=0.000000,prec=f32,type_K=f32,type_V=f32,permute=[0,1,2,3]): [1;32mOK[0m
  FLASH_ATTN_EXT(hsk=128,hsv=128,nh=4,nr23=[1,1],kv=113,nb=32,mask=1,sinks=1,max_bias=0.000000,logit_softcap=0.000000,prec=f32,type_K=f16,type_V=f16,permute=[0,1,2,3]): [1;32mOK[0m
  FLASH_ATTN_EXT(hsk=128,hsv=128,nh=4,nr23=[1,1],kv=113,nb=32,mask=1,sinks=1,max_bias=0.000000,logit_softcap=0.000000,prec=f32,type_K=bf16,type_V=bf16,permute=[0,1,2,3]): [1;32mOK[0m
  FLASH_ATTN_EXT(hsk=128,hsv=128,nh=4,nr23=[1,1],kv=113,nb=32,mask=1,sinks=1,max_bias=0.000000,logit_softcap=0.000000,prec=f32,type_K=q8_0,type_V=q8_0,permute=[0,1,2,3]): [1;32mOK[0m
  FLASH_ATTN_EXT(hsk=128,hsv=128,nh=4,nr23=[1,1],kv=113,nb=32,mask=1,sinks=1,max_bias=0.000000,logit_softcap=0.000000,prec=f32,type_K=q5_1,type_V=q5_1,permute=[0,1,2,3]): not supported [ROCm0] 
  FLASH_ATTN_EXT(hsk=128,hsv=128,nh=4,nr23=[1,1],kv=113,nb=32,mask=1,sinks=1,max_bias=0.000000,logit_softcap=0.000000,prec=f32,type_K=q5_0,type_V=q5_0,permute=[0,1,2,3]): not supported [ROCm0] 
  FLASH_ATTN_EXT(hsk=128,hsv=128,nh=4,nr23=[1,1],kv=113,nb=32,mask=1,sinks=1,max_bias=0.000000,logit_softcap=0.000000,prec=f32,type_K=q4_1,type_V=q4_1,permute=[0,1,2,3]): not supported [ROCm0] 
  FLASH_ATTN_EXT(hsk=128,hsv=128,nh=4,nr23=[1,1],kv=113,nb=32,mask=1,sinks=1,max_bias=0.000000,logit_softcap=0.000000,prec=f32,type_K=q4_0,type_V=q4_0,permute=[0,1,2,3]): [1;32mOK[0m
  FLASH_ATTN_EXT(hsk=128,hsv=128,nh=4,nr23=[1,1],kv=113,nb=32,mask=1,sinks=1,max_bias=0.000000,logit_softcap=0.000000,prec=f32,type_K=iq4_nl,type_V=iq4_nl,permute=[0,1,2,3]): not supported [ROCm0] 
  FLASH_ATTN_EXT(hsk=128,hsv=128,nh=4,nr23=[1,1],kv=113,nb=32,mask=1,sinks=1,max_bias=0.000000,logit_softcap=0.000000,prec=f32,type_K=turbo3,type_V=turbo3,permute=[0,1,2,3]): [1;32mOK[0m
  FLASH_ATTN_EXT(hsk=128,hsv=128,nh=4,nr23=[1,1],kv=113,nb=32,mask=1,sinks=1,max_bias=0.000000,logit_softcap=0.000000,prec=f32,type_K=turbo4,type_V=turbo4,permute=[0,1,2,3]): [1;32mOK[0m
  FLASH_ATTN_EXT(hsk=128,hsv=128,nh=4,nr23=[1,1],kv=113,nb=32,mask=1,sinks=1,max_bias=0.000000,logit_softcap=0.000000,prec=def,type_K=f32,type_V=f32,permute=[0,1,2,3]): [1;32mOK[0m
  FLASH_ATTN_EXT(hsk=128,hsv=128,nh=4,nr23=[1,1],kv=113,nb=32,mask=1,sinks=1,max_bias=0.000000,logit_softcap=0.000000,prec=def,type_K=f16,type_V=f16,permute=[0,1,2,3]): [1;32mOK[0m
  FLASH_ATTN_EXT(hsk=128,hsv=128,nh=4,nr23=[1,1],kv=113,nb=32,mask=1,sinks=1,max_bias=0.000000,logit_softcap=0.000000,prec=def,type_K=bf16,type_V=bf16,permute=[0,1,2,3]): [1;32mOK[0m
  FLASH_ATTN_EXT(hsk=128,hsv=128,nh=4,nr23=[1,1],kv=113,nb=32,mask=1,sinks=1,max_bias=0.000000,logit_softcap=0.000000,prec=def,type_K=q8_0,type_V=q8_0,permute=[0,1,2,3]): [1;32mOK[0m
  FLASH_ATTN_EXT(hsk=128,hsv=128,nh=4,nr23=[1,1],kv=113,nb=32,mask=1,sinks=1,max_bias=0.000000,logit_softcap=0.000000,prec=def,type_K=q5_1,type_V=q5_1,permute=[0,1,2,3]): not supported [ROCm0] 
  FLASH_ATTN_EXT(hsk=128,hsv=128,nh=4,nr23=[1,1],kv=113,nb=32,mask=1,sinks=1,max_bias=0.000000,logit_softcap=0.000000,prec=def,type_K=q5_0,type_V=q5_0,permute=[0,1,2,3]): not supported [ROCm0] 
  FLASH_ATTN_EXT(hsk=128,hsv=128,nh=4,nr23=[1,1],kv=113,nb=32,mask=1,sinks=1,max_bias=0.000000,logit_softcap=0.000000,prec=def,type_K=q4_1,type_V=q4_1,permute=[0,1,2,3]): not supported [ROCm0] 
  FLASH_ATTN_EXT(hsk=128,hsv=128,nh=4,nr23=[1,1],kv=113,nb=32,mask=1,sinks=1,max_bias=0.000000,logit_softcap=0.000000,prec=def,type_K=q4_0,type_V=q4_0,permute=[0,1,2,3]): [1;32mOK[0m
  FLASH_ATTN_EXT(hsk=128,hsv=128,nh=4,nr23=[1,1],kv=113,nb=32,mask=1,sinks=1,max_bias=0.000000,logit_softcap=0.000000,prec=def,type_K=iq4_nl,type_V=iq4_nl,permute=[0,1,2,3]): not supported [ROCm0] 
  FLASH_ATTN_EXT(hsk=128,hsv=128,nh=4,nr23=[1,1],kv=113,nb=32,mask=1,sinks=1,max_bias=0.000000,logit_softcap=0.000000,prec=def,type_K=turbo3,type_V=turbo3,permute=[0,1,2,3]): [1;32mOK[0m
  FLASH_ATTN_EXT(hsk=128,hsv=128,nh=4,nr23=[1,1],kv=113,nb=32,mask=1,sinks=1,max_bias=0.000000,logit_softcap=0.000000,prec=def,type_K=turbo4,type_V=turbo4,permute=[0,1,2,3]): [1;32mOK[0m
  FLASH_ATTN_EXT(hsk=128,hsv=128,nh=4,nr23=[1,1],kv=113,nb=75,mask=1,sinks=1,max_bias=0.000000,logit_softcap=0.000000,prec=f32,type_K=f32,type_V=f32,permute=[0,1,2,3]): [1;32mOK[0m
  FLASH_ATTN_EXT(hsk=128,hsv=128,nh=4,nr23=[1,1],kv=113,nb=75,mask=1,sinks=1,max_bias=0.000000,logit_softcap=0.000000,prec=f32,type_K=f16,type_V=f16,permute=[0,1,2,3]): [1;32mOK[0m
  FLASH_ATTN_EXT(hsk=128,hsv=128,nh=4,nr23=[1,1],kv=113,nb=75,mask=1,sinks=1,max_bias=0.000000,logit_softcap=0.000000,prec=f32,type_K=bf16,type_V=bf16,permute=[0,1,2,3]): [1;32mOK[0m
  FLASH_ATTN_EXT(hsk=128,hsv=128,nh=4,nr23=[1,1],kv=113,nb=75,mask=1,sinks=1,max_bias=0.000000,logit_softcap=0.000000,prec=f32,type_K=q8_0,type_V=q8_0,permute=[0,1,2,3]): [1;32mOK[0m
  FLASH_ATTN_EXT(hsk=128,hsv=128,nh=4,nr23=[1,1],kv=113,nb=75,mask=1,sinks=1,max_bias=0.000000,logit_softcap=0.000000,prec=f32,type_K=q5_1,type_V=q5_1,permute=[0,1,2,3]): not supported [ROCm0] 
  FLASH_ATTN_EXT(hsk=128,hsv=128,nh=4,nr23=[1,1],kv=113,nb=75,mask=1,sinks=1,max_bias=0.000000,logit_softcap=0.000000,prec=f32,type_K=q5_0,type_V=q5_0,permute=[0,1,2,3]): not supported [ROCm0] 
  FLASH_ATTN_EXT(hsk=128,hsv=128,nh=4,nr23=[1,1],kv=113,nb=75,mask=1,sinks=1,max_bias=0.000000,logit_softcap=0.000000,prec=f32,type_K=q4_1,type_V=q4_1,permute=[0,1,2,3]): not supported [ROCm0] 
  FLASH_ATTN_EXT(hsk=128,hsv=128,nh=4,nr23=[1,1],kv=113,nb=75,mask=1,sinks=1,max_bias=0.000000,logit_softcap=0.000000,prec=f32,type_K=q4_0,type_V=q4_0,permute=[0,1,2,3]): [1;32mOK[0m
  FLASH_ATTN_EXT(hsk=128,hsv=128,nh=4,nr23=[1,1],kv=113,nb=75,mask=1,sinks=1,max_bias=0.000000,logit_softcap=0.000000,prec=f32,type_K=iq4_nl,type_V=iq4_nl,permute=[0,1,2,3]): not supported [ROCm0] 
  FLASH_ATTN_EXT(hsk=128,hsv=128,nh=4,nr23=[1,1],kv=113,nb=75,mask=1,sinks=1,max_bias=0.000000,logit_softcap=0.000000,prec=f32,type_K=turbo3,type_V=turbo3,permute=[0,1,2,3]): [1;32mOK[0m
  FLASH_ATTN_EXT(hsk=128,hsv=128,nh=4,nr23=[1,1],kv=113,nb=75,mask=1,sinks=1,max_bias=0.000000,logit_softcap=0.000000,prec=f32,type_K=turbo4,type_V=turbo4,permute=[0,1,2,3]): [1;32mOK[0m
  FLASH_ATTN_EXT(hsk=128,hsv=128,nh=4,nr23=[1,1],kv=113,nb=75,mask=1,sinks=1,max_bias=0.000000,logit_softcap=0.000000,prec=def,type_K=f32,type_V=f32,permute=[0,1,2,3]): [1;32mOK[0m
  FLASH_ATTN_EXT(hsk=128,hsv=128,nh=4,nr23=[1,1],kv=113,nb=75,mask=1,sinks=1,max_bias=0.000000,logit_softcap=0.000000,prec=def,type_K=f16,type_V=f16,permute=[0,1,2,3]): [1;32mOK[0m
  FLASH_ATTN_EXT(hsk=128,hsv=128,nh=4,nr23=[1,1],kv=113,nb=75,mask=1,sinks=1,max_bias=0.000000,logit_softcap=0.000000,prec=def,type_K=bf16,type_V=bf16,permute=[0,1,2,3]): [1;32mOK[0m
  FLASH_ATTN_EXT(hsk=128,hsv=128,nh=4,nr23=[1,1],kv=113,nb=75,mask=1,sinks=1,max_bias=0.000000,logit_softcap=0.000000,prec=def,type_K=q8_0,type_V=q8_0,permute=[0,1,2,3]): [1;32mOK[0m
  FLASH_ATTN_EXT(hsk=128,hsv=128,nh=4,nr23=[1,1],kv=113,nb=75,mask=1,sinks=1,max_bias=0.000000,logit_softcap=0.000000,prec=def,type_K=q5_1,type_V=q5_1,permute=[0,1,2,3]): not supported [ROCm0] 
  FLASH_ATTN_EXT(hsk=128,hsv=128,nh=4,nr23=[1,1],kv=113,nb=75,mask=1,sinks=1,max_bias=0.000000,logit_softcap=0.000000,prec=def,type_K=q5_0,type_V=q5_0,permute=[0,1,2,3]): not supported [ROCm0] 
  FLASH_ATTN_EXT(hsk=128,hsv=128,nh=4,nr23=[1,1],kv=113,nb=75,mask=1,sinks=1,max_bias=0.000000,logit_softcap=0.000000,prec=def,type_K=q4_1,type_V=q4_1,permute=[0,1,2,3]): not supported [ROCm0] 
  FLASH_ATTN_EXT(hsk=128,hsv=128,nh=4,nr23=[1,1],kv=113,nb=75,mask=1,sinks=1,max_bias=0.000000,logit_softcap=0.000000,prec=def,type_K=q4_0,type_V=q4_0,permute=[0,1,2,3]): [1;32mOK[0m
  FLASH_ATTN_EXT(hsk=128,hsv=128,nh=4,nr23=[1,1],kv=113,nb=75,mask=1,sinks=1,max_bias=0.000000,logit_softcap=0.000000,prec=def,type_K=iq4_nl,type_V=iq4_nl,permute=[0,1,2,3]): not supported [ROCm0] 
  FLASH_ATTN_EXT(hsk=128,hsv=128,nh=4,nr23=[1,1],kv=113,nb=75,mask=1,sinks=1,max_bias=0.000000,logit_softcap=0.000000,prec=def,type_K=turbo3,type_V=turbo3,permute=[0,1,2,3]): [1;32mOK[0m
  FLASH_ATTN_EXT(hsk=128,hsv=128,nh=4,nr23=[1,1],kv=113,nb=75,mask=1,sinks=1,max_bias=0.000000,logit_softcap=0.000000,prec=def,type_K=turbo4,type_V=turbo4,permute=[0,1,2,3]): [1;32mOK[0m
  FLASH_ATTN_EXT(hsk=128,hsv=128,nh=4,nr23=[1,1],kv=512,nb=1,mask=1,sinks=1,max_bias=0.000000,logit_softcap=0.000000,prec=f32,type_K=f32,type_V=f32,permute=[0,1,2,3]): [1;32mOK[0m
  FLASH_ATTN_EXT(hsk=128,hsv=128,nh=4,nr23=[1,1],kv=512,nb=1,mask=1,sinks=1,max_bias=0.000000,logit_softcap=0.000000,prec=f32,type_K=f32,type_V=f32,permute=[0,2,1,3]): ggml_backend_cuda_graph_compute: CUDA graph warmup complete
[1;32mOK[0m
  FLASH_ATTN_EXT(hsk=128,hsv=128,nh=4,nr23=[1,1],kv=512,nb=1,mask=1,sinks=1,max_bias=0.000000,logit_softcap=0.000000,prec=f32,type_K=f16,type_V=f16,permute=[0,1,2,3]): [1;32mOK[0m
  FLASH_ATTN_EXT(hsk=128,hsv=128,nh=4,nr23=[1,1],kv=512,nb=1,mask=1,sinks=1,max_bias=0.000000,logit_softcap=0.000000,prec=f32,type_K=f16,type_V=f16,permute=[0,2,1,3]): ggml_backend_cuda_graph_compute: CUDA graph warmup reset
[1;32mOK[0m
  FLASH_ATTN_EXT(hsk=128,hsv=128,nh=4,nr23=[1,1],kv=512,nb=1,mask=1,sinks=1,max_bias=0.000000,logit_softcap=0.000000,prec=f32,type_K=bf16,type_V=bf16,permute=[0,1,2,3]): [1;32mOK[0m
  FLASH_ATTN_EXT(hsk=128,hsv=128,nh=4,nr23=[1,1],kv=512,nb=1,mask=1,sinks=1,max_bias=0.000000,logit_softcap=0.000000,prec=f32,type_K=bf16,type_V=bf16,permute=[0,2,1,3]): [1;32mOK[0m
  FLASH_ATTN_EXT(hsk=128,hsv=128,nh=4,nr23=[1,1],kv=512,nb=1,mask=1,sinks=1,max_bias=0.000000,logit_softcap=0.000000,prec=f32,type_K=q8_0,type_V=q8_0,permute=[0,1,2,3]): [1;32mOK[0m
  FLASH_ATTN_EXT(hsk=128,hsv=128,nh=4,nr23=[1,1],kv=512,nb=1,mask=1,sinks=1,max_bias=0.000000,logit_softcap=0.000000,prec=f32,type_K=q8_0,type_V=q8_0,permute=[0,2,1,3]): [1;32mOK[0m
  FLASH_ATTN_EXT(hsk=128,hsv=128,nh=4,nr23=[1,1],kv=512,nb=1,mask=1,sinks=1,max_bias=0.000000,logit_softcap=0.000000,prec=f32,type_K=q5_1,type_V=q5_1,permute=[0,1,2,3]): not supported [ROCm0] 
  FLASH_ATTN_EXT(hsk=128,hsv=128,nh=4,nr23=[1,1],kv=512,nb=1,mask=1,sinks=1,max_bias=0.000000,logit_softcap=0.000000,prec=f32,type_K=q5_1,type_V=q5_1,permute=[0,2,1,3]): not supported [ROCm0] 
  FLASH_ATTN_EXT(hsk=128,hsv=128,nh=4,nr23=[1,1],kv=512,nb=1,mask=1,sinks=1,max_bias=0.000000,logit_softcap=0.000000,prec=f32,type_K=q5_0,type_V=q5_0,permute=[0,1,2,3]): not supported [ROCm0] 
  FLASH_ATTN_EXT(hsk=128,hsv=128,nh=4,nr23=[1,1],kv=512,nb=1,mask=1,sinks=1,max_bias=0.000000,logit_softcap=0.000000,prec=f32,type_K=q5_0,type_V=q5_0,permute=[0,2,1,3]): not supported [ROCm0] 
  FLASH_ATTN_EXT(hsk=128,hsv=128,nh=4,nr23=[1,1],kv=512,nb=1,mask=1,sinks=1,max_bias=0.000000,logit_softcap=0.000000,prec=f32,type_K=q4_1,type_V=q4_1,permute=[0,1,2,3]): not supported [ROCm0] 
  FLASH_ATTN_EXT(hsk=128,hsv=128,nh=4,nr23=[1,1],kv=512,nb=1,mask=1,sinks=1,max_bias=0.000000,logit_softcap=0.000000,prec=f32,type_K=q4_1,type_V=q4_1,permute=[0,2,1,3]): not supported [ROCm0] 
  FLASH_ATTN_EXT(hsk=128,hsv=128,nh=4,nr23=[1,1],kv=512,nb=1,mask=1,sinks=1,max_bias=0.000000,logit_softcap=0.000000,prec=f32,type_K=q4_0,type_V=q4_0,permute=[0,1,2,3]): [1;32mOK[0m
  FLASH_ATTN_EXT(hsk=128,hsv=128,nh=4,nr23=[1,1],kv=512,nb=1,mask=1,sinks=1,max_bias=0.000000,logit_softcap=0.000000,prec=f32,type_K=q4_0,type_V=q4_0,permute=[0,2,1,3]): [1;32mOK[0m
  FLASH_ATTN_EXT(hsk=128,hsv=128,nh=4,nr23=[1,1],kv=512,nb=1,mask=1,sinks=1,max_bias=0.000000,logit_softcap=0.000000,prec=f32,type_K=iq4_nl,type_V=iq4_nl,permute=[0,1,2,3]): not supported [ROCm0] 
  FLASH_ATTN_EXT(hsk=128,hsv=128,nh=4,nr23=[1,1],kv=512,nb=1,mask=1,sinks=1,max_bias=0.000000,logit_softcap=0.000000,prec=f32,type_K=iq4_nl,type_V=iq4_nl,permute=[0,2,1,3]): not supported [ROCm0] 
  FLASH_ATTN_EXT(hsk=128,hsv=128,nh=4,nr23=[1,1],kv=512,nb=1,mask=1,sinks=1,max_bias=0.000000,logit_softcap=0.000000,prec=f32,type_K=turbo3,type_V=turbo3,permute=[0,1,2,3]): [1;32mOK[0m
  FLASH_ATTN_EXT(hsk=128,hsv=128,nh=4,nr23=[1,1],kv=512,nb=1,mask=1,sinks=1,max_bias=0.000000,logit_softcap=0.000000,prec=f32,type_K=turbo3,type_V=turbo3,permute=[0,2,1,3]): [1;32mOK[0m
  FLASH_ATTN_EXT(hsk=128,hsv=128,nh=4,nr23=[1,1],kv=512,nb=1,mask=1,sinks=1,max_bias=0.000000,logit_softcap=0.000000,prec=f32,type_K=turbo4,type_V=turbo4,permute=[0,1,2,3]): [1;32mOK[0m
  FLASH_ATTN_EXT(hsk=128,hsv=128,nh=4,nr23=[1,1],kv=512,nb=1,mask=1,sinks=1,max_bias=0.000000,logit_softcap=0.000000,prec=f32,type_K=turbo4,type_V=turbo4,permute=[0,2,1,3]): [1;32mOK[0m
  FLASH_ATTN_EXT(hsk=128,hsv=128,nh=4,nr23=[1,1],kv=512,nb=1,mask=1,sinks=1,max_bias=0.000000,logit_softcap=0.000000,prec=def,type_K=f32,type_V=f32,permute=[0,1,2,3]): [1;32mOK[0m
  FLASH_ATTN_EXT(hsk=128,hsv=128,nh=4,nr23=[1,1],kv=512,nb=1,mask=1,sinks=1,max_bias=0.000000,logit_softcap=0.000000,prec=def,type_K=f32,type_V=f32,permute=[0,2,1,3]): ggml_backend_cuda_graph_compute: CUDA graph warmup complete
[1;32mOK[0m
  FLASH_ATTN_EXT(hsk=128,hsv=128,nh=4,nr23=[1,1],kv=512,nb=1,mask=1,sinks=1,max_bias=0.000000,logit_softcap=0.000000,prec=def,type_K=f16,type_V=f16,permute=[0,1,2,3]): [1;32mOK[0m
  FLASH_ATTN_EXT(hsk=128,hsv=128,nh=4,nr23=[1,1],kv=512,nb=1,mask=1,sinks=1,max_bias=0.000000,logit_softcap=0.000000,prec=def,type_K=f16,type_V=f16,permute=[0,2,1,3]): ggml_backend_cuda_graph_compute: CUDA graph warmup complete
ggml_backend_cuda_graph_compute: CUDA graph warmup complete
[1;32mOK[0m
  FLASH_ATTN_EXT(hsk=128,hsv=128,nh=4,nr23=[1,1],kv=512,nb=1,mask=1,sinks=1,max_bias=0.000000,logit_softcap=0.000000,prec=def,type_K=bf16,type_V=bf16,permute=[0,1,2,3]): [1;32mOK[0m
  FLASH_ATTN_EXT(hsk=128,hsv=128,nh=4,nr23=[1,1],kv=512,nb=1,mask=1,sinks=1,max_bias=0.000000,logit_softcap=0.000000,prec=def,type_K=bf16,type_V=bf16,permute=[0,2,1,3]): ggml_backend_cuda_graph_compute: CUDA graph warmup reset
ggml_backend_cuda_graph_compute: CUDA graph warmup reset
ggml_backend_cuda_graph_compute: CUDA graph warmup reset
[1;32mOK[0m
  FLASH_ATTN_EXT(hsk=128,hsv=128,nh=4,nr23=[1,1],kv=512,nb=1,mask=1,sinks=1,max_bias=0.000000,logit_softcap=0.000000,prec=def,type_K=q8_0,type_V=q8_0,permute=[0,1,2,3]): [1;32mOK[0m
  FLASH_ATTN_EXT(hsk=128,hsv=128,nh=4,nr23=[1,1],kv=512,nb=1,mask=1,sinks=1,max_bias=0.000000,logit_softcap=0.000000,prec=def,type_K=q8_0,type_V=q8_0,permute=[0,2,1,3]): [1;32mOK[0m
  FLASH_ATTN_EXT(hsk=128,hsv=128,nh=4,nr23=[1,1],kv=512,nb=1,mask=1,sinks=1,max_bias=0.000000,logit_softcap=0.000000,prec=def,type_K=q5_1,type_V=q5_1,permute=[0,1,2,3]): not supported [ROCm0] 
  FLASH_ATTN_EXT(hsk=128,hsv=128,nh=4,nr23=[1,1],kv=512,nb=1,mask=1,sinks=1,max_bias=0.000000,logit_softcap=0.000000,prec=def,type_K=q5_1,type_V=q5_1,permute=[0,2,1,3]): not supported [ROCm0] 
  FLASH_ATTN_EXT(hsk=128,hsv=128,nh=4,nr23=[1,1],kv=512,nb=1,mask=1,sinks=1,max_bias=0.000000,logit_softcap=0.000000,prec=def,type_K=q5_0,type_V=q5_0,permute=[0,1,2,3]): not supported [ROCm0] 
  FLASH_ATTN_EXT(hsk=128,hsv=128,nh=4,nr23=[1,1],kv=512,nb=1,mask=1,sinks=1,max_bias=0.000000,logit_softcap=0.000000,prec=def,type_K=q5_0,type_V=q5_0,permute=[0,2,1,3]): not supported [ROCm0] 
  FLASH_ATTN_EXT(hsk=128,hsv=128,nh=4,nr23=[1,1],kv=512,nb=1,mask=1,sinks=1,max_bias=0.000000,logit_softcap=0.000000,prec=def,type_K=q4_1,type_V=q4_1,permute=[0,1,2,3]): not supported [ROCm0] 
  FLASH_ATTN_EXT(hsk=128,hsv=128,nh=4,nr23=[1,1],kv=512,nb=1,mask=1,sinks=1,max_bias=0.000000,logit_softcap=0.000000,prec=def,type_K=q4_1,type_V=q4_1,permute=[0,2,1,3]): not supported [ROCm0] 
  FLASH_ATTN_EXT(hsk=128,hsv=128,nh=4,nr23=[1,1],kv=512,nb=1,mask=1,sinks=1,max_bias=0.000000,logit_softcap=0.000000,prec=def,type_K=q4_0,type_V=q4_0,permute=[0,1,2,3]): [1;32mOK[0m
  FLASH_ATTN_EXT(hsk=128,hsv=128,nh=4,nr23=[1,1],kv=512,nb=1,mask=1,sinks=1,max_bias=0.000000,logit_softcap=0.000000,prec=def,type_K=q4_0,type_V=q4_0,permute=[0,2,1,3]): [1;32mOK[0m
  FLASH_ATTN_EXT(hsk=128,hsv=128,nh=4,nr23=[1,1],kv=512,nb=1,mask=1,sinks=1,max_bias=0.000000,logit_softcap=0.000000,prec=def,type_K=iq4_nl,type_V=iq4_nl,permute=[0,1,2,3]): not supported [ROCm0] 
  FLASH_ATTN_EXT(hsk=128,hsv=128,nh=4,nr23=[1,1],kv=512,nb=1,mask=1,sinks=1,max_bias=0.000000,logit_softcap=0.000000,prec=def,type_K=iq4_nl,type_V=iq4_nl,permute=[0,2,1,3]): not supported [ROCm0] 
  FLASH_ATTN_EXT(hsk=128,hsv=128,nh=4,nr23=[1,1],kv=512,nb=1,mask=1,sinks=1,max_bias=0.000000,logit_softcap=0.000000,prec=def,type_K=turbo3,type_V=turbo3,permute=[0,1,2,3]): [1;32mOK[0m
  FLASH_ATTN_EXT(hsk=128,hsv=128,nh=4,nr23=[1,1],kv=512,nb=1,mask=1,sinks=1,max_bias=0.000000,logit_softcap=0.000000,prec=def,type_K=turbo3,type_V=turbo3,permute=[0,2,1,3]): [1;32mOK[0m
  FLASH_ATTN_EXT(hsk=128,hsv=128,nh=4,nr23=[1,1],kv=512,nb=1,mask=1,sinks=1,max_bias=0.000000,logit_softcap=0.000000,prec=def,type_K=turbo4,type_V=turbo4,permute=[0,1,2,3]): [1;32mOK[0m
  FLASH_ATTN_EXT(hsk=128,hsv=128,nh=4,nr23=[1,1],kv=512,nb=1,mask=1,sinks=1,max_bias=0.000000,logit_softcap=0.000000,prec=def,type_K=turbo4,type_V=turbo4,permute=[0,2,1,3]): [1;32mOK[0m
  FLASH_ATTN_EXT(hsk=128,hsv=128,nh=4,nr23=[1,1],kv=512,nb=3,mask=1,sinks=1,max_bias=0.000000,logit_softcap=0.000000,prec=f32,type_K=f32,type_V=f32,permute=[0,1,2,3]): [1;32mOK[0m
  FLASH_ATTN_EXT(hsk=128,hsv=128,nh=4,nr23=[1,1],kv=512,nb=3,mask=1,sinks=1,max_bias=0.000000,logit_softcap=0.000000,prec=f32,type_K=f32,type_V=f32,permute=[0,2,1,3]): [1;32mOK[0m
  FLASH_ATTN_EXT(hsk=128,hsv=128,nh=4,nr23=[1,1],kv=512,nb=3,mask=1,sinks=1,max_bias=0.000000,logit_softcap=0.000000,prec=f32,type_K=f16,type_V=f16,permute=[0,1,2,3]): [1;32mOK[0m
  FLASH_ATTN_EXT(hsk=128,hsv=128,nh=4,nr23=[1,1],kv=512,nb=3,mask=1,sinks=1,max_bias=0.000000,logit_softcap=0.000000,prec=f32,type_K=f16,type_V=f16,permute=[0,2,1,3]): [1;32mOK[0m
  FLASH_ATTN_EXT(hsk=128,hsv=128,nh=4,nr23=[1,1],kv=512,nb=3,mask=1,sinks=1,max_bias=0.000000,logit_softcap=0.000000,prec=f32,type_K=bf16,type_V=bf16,permute=[0,1,2,3]): [1;32mOK[0m
  FLASH_ATTN_EXT(hsk=128,hsv=128,nh=4,nr23=[1,1],kv=512,nb=3,mask=1,sinks=1,max_bias=0.000000,logit_softcap=0.000000,prec=f32,type_K=bf16,type_V=bf16,permute=[0,2,1,3]): [1;32mOK[0m
  FLASH_ATTN_EXT(hsk=128,hsv=128,nh=4,nr23=[1,1],kv=512,nb=3,mask=1,sinks=1,max_bias=0.000000,logit_softcap=0.000000,prec=f32,type_K=q8_0,type_V=q8_0,permute=[0,1,2,3]): [1;32mOK[0m
  FLASH_ATTN_EXT(hsk=128,hsv=128,nh=4,nr23=[1,1],kv=512,nb=3,mask=1,sinks=1,max_bias=0.000000,logit_softcap=0.000000,prec=f32,type_K=q8_0,type_V=q8_0,permute=[0,2,1,3]): [1;32mOK[0m
  FLASH_ATTN_EXT(hsk=128,hsv=128,nh=4,nr23=[1,1],kv=512,nb=3,mask=1,sinks=1,max_bias=0.000000,logit_softcap=0.000000,prec=f32,type_K=q5_1,type_V=q5_1,permute=[0,1,2,3]): not supported [ROCm0] 
  FLASH_ATTN_EXT(hsk=128,hsv=128,nh=4,nr23=[1,1],kv=512,nb=3,mask=1,sinks=1,max_bias=0.000000,logit_softcap=0.000000,prec=f32,type_K=q5_1,type_V=q5_1,permute=[0,2,1,3]): not supported [ROCm0] 
  FLASH_ATTN_EXT(hsk=128,hsv=128,nh=4,nr23=[1,1],kv=512,nb=3,mask=1,sinks=1,max_bias=0.000000,logit_softcap=0.000000,prec=f32,type_K=q5_0,type_V=q5_0,permute=[0,1,2,3]): not supported [ROCm0] 
  FLASH_ATTN_EXT(hsk=128,hsv=128,nh=4,nr23=[1,1],kv=512,nb=3,mask=1,sinks=1,max_bias=0.000000,logit_softcap=0.000000,prec=f32,type_K=q5_0,type_V=q5_0,permute=[0,2,1,3]): not supported [ROCm0] 
  FLASH_ATTN_EXT(hsk=128,hsv=128,nh=4,nr23=[1,1],kv=512,nb=3,mask=1,sinks=1,max_bias=0.000000,logit_softcap=0.000000,prec=f32,type_K=q4_1,type_V=q4_1,permute=[0,1,2,3]): not supported [ROCm0] 
  FLASH_ATTN_EXT(hsk=128,hsv=128,nh=4,nr23=[1,1],kv=512,nb=3,mask=1,sinks=1,max_bias=0.000000,logit_softcap=0.000000,prec=f32,type_K=q4_1,type_V=q4_1,permute=[0,2,1,3]): not supported [ROCm0] 
  FLASH_ATTN_EXT(hsk=128,hsv=128,nh=4,nr23=[1,1],kv=512,nb=3,mask=1,sinks=1,max_bias=0.000000,logit_softcap=0.000000,prec=f32,type_K=q4_0,type_V=q4_0,permute=[0,1,2,3]): [1;32mOK[0m
  FLASH_ATTN_EXT(hsk=128,hsv=128,nh=4,nr23=[1,1],kv=512,nb=3,mask=1,sinks=1,max_bias=0.000000,logit_softcap=0.000000,prec=f32,type_K=q4_0,type_V=q4_0,permute=[0,2,1,3]): [1;32mOK[0m
  FLASH_ATTN_EXT(hsk=128,hsv=128,nh=4,nr23=[1,1],kv=512,nb=3,mask=1,sinks=1,max_bias=0.000000,logit_softcap=0.000000,prec=f32,type_K=iq4_nl,type_V=iq4_nl,permute=[0,1,2,3]): not supported [ROCm0] 
  FLASH_ATTN_EXT(hsk=128,hsv=128,nh=4,nr23=[1,1],kv=512,nb=3,mask=1,sinks=1,max_bias=0.000000,logit_softcap=0.000000,prec=f32,type_K=iq4_nl,type_V=iq4_nl,permute=[0,2,1,3]): not supported [ROCm0] 
  FLASH_ATTN_EXT(hsk=128,hsv=128,nh=4,nr23=[1,1],kv=512,nb=3,mask=1,sinks=1,max_bias=0.000000,logit_softcap=0.000000,prec=f32,type_K=turbo3,type_V=turbo3,permute=[0,1,2,3]): [1;32mOK[0m
  FLASH_ATTN_EXT(hsk=128,hsv=128,nh=4,nr23=[1,1],kv=512,nb=3,mask=1,sinks=1,max_bias=0.000000,logit_softcap=0.000000,prec=f32,type_K=turbo3,type_V=turbo3,permute=[0,2,1,3]): [1;32mOK[0m
  FLASH_ATTN_EXT(hsk=128,hsv=128,nh=4,nr23=[1,1],kv=512,nb=3,mask=1,sinks=1,max_bias=0.000000,logit_softcap=0.000000,prec=f32,type_K=turbo4,type_V=turbo4,permute=[0,1,2,3]): [1;32mOK[0m
  FLASH_ATTN_EXT(hsk=128,hsv=128,nh=4,nr23=[1,1],kv=512,nb=3,mask=1,sinks=1,max_bias=0.000000,logit_softcap=0.000000,prec=f32,type_K=turbo4,type_V=turbo4,permute=[0,2,1,3]): [1;32mOK[0m
  FLASH_ATTN_EXT(hsk=128,hsv=128,nh=4,nr23=[1,1],kv=512,nb=3,mask=1,sinks=1,max_bias=0.000000,logit_softcap=0.000000,prec=def,type_K=f32,type_V=f32,permute=[0,1,2,3]): [1;32mOK[0m
  FLASH_ATTN_EXT(hsk=128,hsv=128,nh=4,nr23=[1,1],kv=512,nb=3,mask=1,sinks=1,max_bias=0.000000,logit_softcap=0.000000,prec=def,type_K=f32,type_V=f32,permute=[0,2,1,3]): [1;32mOK[0m
  FLASH_ATTN_EXT(hsk=128,hsv=128,nh=4,nr23=[1,1],kv=512,nb=3,mask=1,sinks=1,max_bias=0.000000,logit_softcap=0.000000,prec=def,type_K=f16,type_V=f16,permute=[0,1,2,3]): [1;32mOK[0m
  FLASH_ATTN_EXT(hsk=128,hsv=128,nh=4,nr23=[1,1],kv=512,nb=3,mask=1,sinks=1,max_bias=0.000000,logit_softcap=0.000000,prec=def,type_K=f16,type_V=f16,permute=[0,2,1,3]): [1;32mOK[0m
  FLASH_ATTN_EXT(hsk=128,hsv=128,nh=4,nr23=[1,1],kv=512,nb=3,mask=1,sinks=1,max_bias=0.000000,logit_softcap=0.000000,prec=def,type_K=bf16,type_V=bf16,permute=[0,1,2,3]): [1;32mOK[0m
  FLASH_ATTN_EXT(hsk=128,hsv=128,nh=4,nr23=[1,1],kv=512,nb=3,mask=1,sinks=1,max_bias=0.000000,logit_softcap=0.000000,prec=def,type_K=bf16,type_V=bf16,permute=[0,2,1,3]): [1;32mOK[0m
  FLASH_ATTN_EXT(hsk=128,hsv=128,nh=4,nr23=[1,1],kv=512,nb=3,mask=1,sinks=1,max_bias=0.000000,logit_softcap=0.000000,prec=def,type_K=q8_0,type_V=q8_0,permute=[0,1,2,3]): [1;32mOK[0m
  FLASH_ATTN_EXT(hsk=128,hsv=128,nh=4,nr23=[1,1],kv=512,nb=3,mask=1,sinks=1,max_bias=0.000000,logit_softcap=0.000000,prec=def,type_K=q8_0,type_V=q8_0,permute=[0,2,1,3]): [1;32mOK[0m
  FLASH_ATTN_EXT(hsk=128,hsv=128,nh=4,nr23=[1,1],kv=512,nb=3,mask=1,sinks=1,max_bias=0.000000,logit_softcap=0.000000,prec=def,type_K=q5_1,type_V=q5_1,permute=[0,1,2,3]): not supported [ROCm0] 
  FLASH_ATTN_EXT(hsk=128,hsv=128,nh=4,nr23=[1,1],kv=512,nb=3,mask=1,sinks=1,max_bias=0.000000,logit_softcap=0.000000,prec=def,type_K=q5_1,type_V=q5_1,permute=[0,2,1,3]): not supported [ROCm0] 
  FLASH_ATTN_EXT(hsk=128,hsv=128,nh=4,nr23=[1,1],kv=512,nb=3,mask=1,sinks=1,max_bias=0.000000,logit_softcap=0.000000,prec=def,type_K=q5_0,type_V=q5_0,permute=[0,1,2,3]): not supported [ROCm0] 
  FLASH_ATTN_EXT(hsk=128,hsv=128,nh=4,nr23=[1,1],kv=512,nb=3,mask=1,sinks=1,max_bias=0.000000,logit_softcap=0.000000,prec=def,type_K=q5_0,type_V=q5_0,permute=[0,2,1,3]): not supported [ROCm0] 
  FLASH_ATTN_EXT(hsk=128,hsv=128,nh=4,nr23=[1,1],kv=512,nb=3,mask=1,sinks=1,max_bias=0.000000,logit_softcap=0.000000,prec=def,type_K=q4_1,type_V=q4_1,permute=[0,1,2,3]): not supported [ROCm0] 
  FLASH_ATTN_EXT(hsk=128,hsv=128,nh=4,nr23=[1,1],kv=512,nb=3,mask=1,sinks=1,max_bias=0.000000,logit_softcap=0.000000,prec=def,type_K=q4_1,type_V=q4_1,permute=[0,2,1,3]): not supported [ROCm0] 
  FLASH_ATTN_EXT(hsk=128,hsv=128,nh=4,nr23=[1,1],kv=512,nb=3,mask=1,sinks=1,max_bias=0.000000,logit_softcap=0.000000,prec=def,type_K=q4_0,type_V=q4_0,permute=[0,1,2,3]): [1;32mOK[0m
  FLASH_ATTN_EXT(hsk=128,hsv=128,nh=4,nr23=[1,1],kv=512,nb=3,mask=1,sinks=1,max_bias=0.000000,logit_softcap=0.000000,prec=def,type_K=q4_0,type_V=q4_0,permute=[0,2,1,3]): [1;32mOK[0m
  FLASH_ATTN_EXT(hsk=128,hsv=128,nh=4,nr23=[1,1],kv=512,nb=3,mask=1,sinks=1,max_bias=0.000000,logit_softcap=0.000000,prec=def,type_K=iq4_nl,type_V=iq4_nl,permute=[0,1,2,3]): not supported [ROCm0] 
  FLASH_ATTN_EXT(hsk=128,hsv=128,nh=4,nr23=[1,1],kv=512,nb=3,mask=1,sinks=1,max_bias=0.000000,logit_softcap=0.000000,prec=def,type_K=iq4_nl,type_V=iq4_nl,permute=[0,2,1,3]): not supported [ROCm0] 
  FLASH_ATTN_EXT(hsk=128,hsv=128,nh=4,nr23=[1,1],kv=512,nb=3,mask=1,sinks=1,max_bias=0.000000,logit_softcap=0.000000,prec=def,type_K=turbo3,type_V=turbo3,permute=[0,1,2,3]): [1;32mOK[0m
  FLASH_ATTN_EXT(hsk=128,hsv=128,nh=4,nr23=[1,1],kv=512,nb=3,mask=1,sinks=1,max_bias=0.000000,logit_softcap=0.000000,prec=def,type_K=turbo3,type_V=turbo3,permute=[0,2,1,3]): [1;32mOK[0m
  FLASH_ATTN_EXT(hsk=128,hsv=128,nh=4,nr23=[1,1],kv=512,nb=3,mask=1,sinks=1,max_bias=0.000000,logit_softcap=0.000000,prec=def,type_K=turbo4,type_V=turbo4,permute=[0,1,2,3]): [1;32mOK[0m
  FLASH_ATTN_EXT(hsk=128,hsv=128,nh=4,nr23=[1,1],kv=512,nb=3,mask=1,sinks=1,max_bias=0.000000,logit_softcap=0.000000,prec=def,type_K=turbo4,type_V=turbo4,permute=[0,2,1,3]): [1;32mOK[0m
  FLASH_ATTN_EXT(hsk=128,hsv=128,nh=4,nr23=[1,1],kv=512,nb=32,mask=1,sinks=1,max_bias=0.000000,logit_softcap=0.000000,prec=f32,type_K=f32,type_V=f32,permute=[0,1,2,3]): [1;32mOK[0m
  FLASH_ATTN_EXT(hsk=128,hsv=128,nh=4,nr23=[1,1],kv=512,nb=32,mask=1,sinks=1,max_bias=0.000000,logit_softcap=0.000000,prec=f32,type_K=f32,type_V=f32,permute=[0,2,1,3]): [1;32mOK[0m
  FLASH_ATTN_EXT(hsk=128,hsv=128,nh=4,nr23=[1,1],kv=512,nb=32,mask=1,sinks=1,max_bias=0.000000,logit_softcap=0.000000,prec=f32,type_K=f16,type_V=f16,permute=[0,1,2,3]): [1;32mOK[0m
  FLASH_ATTN_EXT(hsk=128,hsv=128,nh=4,nr23=[1,1],kv=512,nb=32,mask=1,sinks=1,max_bias=0.000000,logit_softcap=0.000000,prec=f32,type_K=f16,type_V=f16,permute=[0,2,1,3]): [1;32mOK[0m
  FLASH_ATTN_EXT(hsk=128,hsv=128,nh=4,nr23=[1,1],kv=512,nb=32,mask=1,sinks=1,max_bias=0.000000,logit_softcap=0.000000,prec=f32,type_K=bf16,type_V=bf16,permute=[0,1,2,3]): [1;32mOK[0m
  FLASH_ATTN_EXT(hsk=128,hsv=128,nh=4,nr23=[1,1],kv=512,nb=32,mask=1,sinks=1,max_bias=0.000000,logit_softcap=0.000000,prec=f32,type_K=bf16,type_V=bf16,permute=[0,2,1,3]): [1;32mOK[0m
  FLASH_ATTN_EXT(hsk=128,hsv=128,nh=4,nr23=[1,1],kv=512,nb=32,mask=1,sinks=1,max_bias=0.000000,logit_softcap=0.000000,prec=f32,type_K=q8_0,type_V=q8_0,permute=[0,1,2,3]): [1;32mOK[0m
  FLASH_ATTN_EXT(hsk=128,hsv=128,nh=4,nr23=[1,1],kv=512,nb=32,mask=1,sinks=1,max_bias=0.000000,logit_softcap=0.000000,prec=f32,type_K=q8_0,type_V=q8_0,permute=[0,2,1,3]): [1;32mOK[0m
  FLASH_ATTN_EXT(hsk=128,hsv=128,nh=4,nr23=[1,1],kv=512,nb=32,mask=1,sinks=1,max_bias=0.000000,logit_softcap=0.000000,prec=f32,type_K=q5_1,type_V=q5_1,permute=[0,1,2,3]): not supported [ROCm0] 
  FLASH_ATTN_EXT(hsk=128,hsv=128,nh=4,nr23=[1,1],kv=512,nb=32,mask=1,sinks=1,max_bias=0.000000,logit_softcap=0.000000,prec=f32,type_K=q5_1,type_V=q5_1,permute=[0,2,1,3]): not supported [ROCm0] 
  FLASH_ATTN_EXT(hsk=128,hsv=128,nh=4,nr23=[1,1],kv=512,nb=32,mask=1,sinks=1,max_bias=0.000000,logit_softcap=0.000000,prec=f32,type_K=q5_0,type_V=q5_0,permute=[0,1,2,3]): not supported [ROCm0] 
  FLASH_ATTN_EXT(hsk=128,hsv=128,nh=4,nr23=[1,1],kv=512,nb=32,mask=1,sinks=1,max_bias=0.000000,logit_softcap=0.000000,prec=f32,type_K=q5_0,type_V=q5_0,permute=[0,2,1,3]): not supported [ROCm0] 
  FLASH_ATTN_EXT(hsk=128,hsv=128,nh=4,nr23=[1,1],kv=512,nb=32,mask=1,sinks=1,max_bias=0.000000,logit_softcap=0.000000,prec=f32,type_K=q4_1,type_V=q4_1,permute=[0,1,2,3]): not supported [ROCm0] 
  FLASH_ATTN_EXT(hsk=128,hsv=128,nh=4,nr23=[1,1],kv=512,nb=32,mask=1,sinks=1,max_bias=0.000000,logit_softcap=0.000000,prec=f32,type_K=q4_1,type_V=q4_1,permute=[0,2,1,3]): not supported [ROCm0] 
  FLASH_ATTN_EXT(hsk=128,hsv=128,nh=4,nr23=[1,1],kv=512,nb=32,mask=1,sinks=1,max_bias=0.000000,logit_softcap=0.000000,prec=f32,type_K=q4_0,type_V=q4_0,permute=[0,1,2,3]): [1;32mOK[0m
  FLASH_ATTN_EXT(hsk=128,hsv=128,nh=4,nr23=[1,1],kv=512,nb=32,mask=1,sinks=1,max_bias=0.000000,logit_softcap=0.000000,prec=f32,type_K=q4_0,type_V=q4_0,permute=[0,2,1,3]): [1;32mOK[0m
  FLASH_ATTN_EXT(hsk=128,hsv=128,nh=4,nr23=[1,1],kv=512,nb=32,mask=1,sinks=1,max_bias=0.000000,logit_softcap=0.000000,prec=f32,type_K=iq4_nl,type_V=iq4_nl,permute=[0,1,2,3]): not supported [ROCm0] 
  FLASH_ATTN_EXT(hsk=128,hsv=128,nh=4,nr23=[1,1],kv=512,nb=32,mask=1,sinks=1,max_bias=0.000000,logit_softcap=0.000000,prec=f32,type_K=iq4_nl,type_V=iq4_nl,permute=[0,2,1,3]): not supported [ROCm0] 
  FLASH_ATTN_EXT(hsk=128,hsv=128,nh=4,nr23=[1,1],kv=512,nb=32,mask=1,sinks=1,max_bias=0.000000,logit_softcap=0.000000,prec=f32,type_K=turbo3,type_V=turbo3,permute=[0,1,2,3]): [1;32mOK[0m
  FLASH_ATTN_EXT(hsk=128,hsv=128,nh=4,nr23=[1,1],kv=512,nb=32,mask=1,sinks=1,max_bias=0.000000,logit_softcap=0.000000,prec=f32,type_K=turbo3,type_V=turbo3,permute=[0,2,1,3]): [1;32mOK[0m
  FLASH_ATTN_EXT(hsk=128,hsv=128,nh=4,nr23=[1,1],kv=512,nb=32,mask=1,sinks=1,max_bias=0.000000,logit_softcap=0.000000,prec=f32,type_K=turbo4,type_V=turbo4,permute=[0,1,2,3]): [1;32mOK[0m
  FLASH_ATTN_EXT(hsk=128,hsv=128,nh=4,nr23=[1,1],kv=512,nb=32,mask=1,sinks=1,max_bias=0.000000,logit_softcap=0.000000,prec=f32,type_K=turbo4,type_V=turbo4,permute=[0,2,1,3]): [1;32mOK[0m
  FLASH_ATTN_EXT(hsk=128,hsv=128,nh=4,nr23=[1,1],kv=512,nb=32,mask=1,sinks=1,max_bias=0.000000,logit_softcap=0.000000,prec=def,type_K=f32,type_V=f32,permute=[0,1,2,3]): [1;32mOK[0m
  FLASH_ATTN_EXT(hsk=128,hsv=128,nh=4,nr23=[1,1],kv=512,nb=32,mask=1,sinks=1,max_bias=0.000000,logit_softcap=0.000000,prec=def,type_K=f32,type_V=f32,permute=[0,2,1,3]): ggml_backend_cuda_graph_compute: CUDA graph warmup complete
[1;32mOK[0m
  FLASH_ATTN_EXT(hsk=128,hsv=128,nh=4,nr23=[1,1],kv=512,nb=32,mask=1,sinks=1,max_bias=0.000000,logit_softcap=0.000000,prec=def,type_K=f16,type_V=f16,permute=[0,1,2,3]): [1;32mOK[0m
  FLASH_ATTN_EXT(hsk=128,hsv=128,nh=4,nr23=[1,1],kv=512,nb=32,mask=1,sinks=1,max_bias=0.000000,logit_softcap=0.000000,prec=def,type_K=f16,type_V=f16,permute=[0,2,1,3]): ggml_backend_cuda_graph_compute: CUDA graph warmup reset
[1;32mOK[0m
  FLASH_ATTN_EXT(hsk=128,hsv=128,nh=4,nr23=[1,1],kv=512,nb=32,mask=1,sinks=1,max_bias=0.000000,logit_softcap=0.000000,prec=def,type_K=bf16,type_V=bf16,permute=[0,1,2,3]): [1;32mOK[0m
  FLASH_ATTN_EXT(hsk=128,hsv=128,nh=4,nr23=[1,1],kv=512,nb=32,mask=1,sinks=1,max_bias=0.000000,logit_softcap=0.000000,prec=def,type_K=bf16,type_V=bf16,permute=[0,2,1,3]): [1;32mOK[0m
  FLASH_ATTN_EXT(hsk=128,hsv=128,nh=4,nr23=[1,1],kv=512,nb=32,mask=1,sinks=1,max_bias=0.000000,logit_softcap=0.000000,prec=def,type_K=q8_0,type_V=q8_0,permute=[0,1,2,3]): [1;32mOK[0m
  FLASH_ATTN_EXT(hsk=128,hsv=128,nh=4,nr23=[1,1],kv=512,nb=32,mask=1,sinks=1,max_bias=0.000000,logit_softcap=0.000000,prec=def,type_K=q8_0,type_V=q8_0,permute=[0,2,1,3]): [1;32mOK[0m
  FLASH_ATTN_EXT(hsk=128,hsv=128,nh=4,nr23=[1,1],kv=512,nb=32,mask=1,sinks=1,max_bias=0.000000,logit_softcap=0.000000,prec=def,type_K=q5_1,type_V=q5_1,permute=[0,1,2,3]): not supported [ROCm0] 
  FLASH_ATTN_EXT(hsk=128,hsv=128,nh=4,nr23=[1,1],kv=512,nb=32,mask=1,sinks=1,max_bias=0.000000,logit_softcap=0.000000,prec=def,type_K=q5_1,type_V=q5_1,permute=[0,2,1,3]): not supported [ROCm0] 
  FLASH_ATTN_EXT(hsk=128,hsv=128,nh=4,nr23=[1,1],kv=512,nb=32,mask=1,sinks=1,max_bias=0.000000,logit_softcap=0.000000,prec=def,type_K=q5_0,type_V=q5_0,permute=[0,1,2,3]): not supported [ROCm0] 
  FLASH_ATTN_EXT(hsk=128,hsv=128,nh=4,nr23=[1,1],kv=512,nb=32,mask=1,sinks=1,max_bias=0.000000,logit_softcap=0.000000,prec=def,type_K=q5_0,type_V=q5_0,permute=[0,2,1,3]): not supported [ROCm0] 
  FLASH_ATTN_EXT(hsk=128,hsv=128,nh=4,nr23=[1,1],kv=512,nb=32,mask=1,sinks=1,max_bias=0.000000,logit_softcap=0.000000,prec=def,type_K=q4_1,type_V=q4_1,permute=[0,1,2,3]): not supported [ROCm0] 
  FLASH_ATTN_EXT(hsk=128,hsv=128,nh=4,nr23=[1,1],kv=512,nb=32,mask=1,sinks=1,max_bias=0.000000,logit_softcap=0.000000,prec=def,type_K=q4_1,type_V=q4_1,permute=[0,2,1,3]): not supported [ROCm0] 
  FLASH_ATTN_EXT(hsk=128,hsv=128,nh=4,nr23=[1,1],kv=512,nb=32,mask=1,sinks=1,max_bias=0.000000,logit_softcap=0.000000,prec=def,type_K=q4_0,type_V=q4_0,permute=[0,1,2,3]): [1;32mOK[0m
  FLASH_ATTN_EXT(hsk=128,hsv=128,nh=4,nr23=[1,1],kv=512,nb=32,mask=1,sinks=1,max_bias=0.000000,logit_softcap=0.000000,prec=def,type_K=q4_0,type_V=q4_0,permute=[0,2,1,3]): [1;32mOK[0m
  FLASH_ATTN_EXT(hsk=128,hsv=128,nh=4,nr23=[1,1],kv=512,nb=32,mask=1,sinks=1,max_bias=0.000000,logit_softcap=0.000000,prec=def,type_K=iq4_nl,type_V=iq4_nl,permute=[0,1,2,3]): not supported [ROCm0] 
  FLASH_ATTN_EXT(hsk=128,hsv=128,nh=4,nr23=[1,1],kv=512,nb=32,mask=1,sinks=1,max_bias=0.000000,logit_softcap=0.000000,prec=def,type_K=iq4_nl,type_V=iq4_nl,permute=[0,2,1,3]): not supported [ROCm0] 
  FLASH_ATTN_EXT(hsk=128,hsv=128,nh=4,nr23=[1,1],kv=512,nb=32,mask=1,sinks=1,max_bias=0.000000,logit_softcap=0.000000,prec=def,type_K=turbo3,type_V=turbo3,permute=[0,1,2,3]): [1;32mOK[0m
  FLASH_ATTN_EXT(hsk=128,hsv=128,nh=4,nr23=[1,1],kv=512,nb=32,mask=1,sinks=1,max_bias=0.000000,logit_softcap=0.000000,prec=def,type_K=turbo3,type_V=turbo3,permute=[0,2,1,3]): [1;32mOK[0m
  FLASH_ATTN_EXT(hsk=128,hsv=128,nh=4,nr23=[1,1],kv=512,nb=32,mask=1,sinks=1,max_bias=0.000000,logit_softcap=0.000000,prec=def,type_K=turbo4,type_V=turbo4,permute=[0,1,2,3]): [1;32mOK[0m
  FLASH_ATTN_EXT(hsk=128,hsv=128,nh=4,nr23=[1,1],kv=512,nb=32,mask=1,sinks=1,max_bias=0.000000,logit_softcap=0.000000,prec=def,type_K=turbo4,type_V=turbo4,permute=[0,2,1,3]): [1;32mOK[0m
  FLASH_ATTN_EXT(hsk=128,hsv=128,nh=4,nr23=[1,1],kv=512,nb=75,mask=1,sinks=1,max_bias=0.000000,logit_softcap=0.000000,prec=f32,type_K=f32,type_V=f32,permute=[0,1,2,3]): [1;32mOK[0m
  FLASH_ATTN_EXT(hsk=128,hsv=128,nh=4,nr23=[1,1],kv=512,nb=75,mask=1,sinks=1,max_bias=0.000000,logit_softcap=0.000000,prec=f32,type_K=f32,type_V=f32,permute=[0,2,1,3]): [1;32mOK[0m
  FLASH_ATTN_EXT(hsk=128,hsv=128,nh=4,nr23=[1,1],kv=512,nb=75,mask=1,sinks=1,max_bias=0.000000,logit_softcap=0.000000,prec=f32,type_K=f16,type_V=f16,permute=[0,1,2,3]): [1;32mOK[0m
  FLASH_ATTN_EXT(hsk=128,hsv=128,nh=4,nr23=[1,1],kv=512,nb=75,mask=1,sinks=1,max_bias=0.000000,logit_softcap=0.000000,prec=f32,type_K=f16,type_V=f16,permute=[0,2,1,3]): ggml_backend_cuda_graph_compute: CUDA graph warmup complete
ggml_backend_cuda_graph_compute: CUDA graph warmup complete
[1;32mOK[0m
  FLASH_ATTN_EXT(hsk=128,hsv=128,nh=4,nr23=[1,1],kv=512,nb=75,mask=1,sinks=1,max_bias=0.000000,logit_softcap=0.000000,prec=f32,type_K=bf16,type_V=bf16,permute=[0,1,2,3]): [1;32mOK[0m
  FLASH_ATTN_EXT(hsk=128,hsv=128,nh=4,nr23=[1,1],kv=512,nb=75,mask=1,sinks=1,max_bias=0.000000,logit_softcap=0.000000,prec=f32,type_K=bf16,type_V=bf16,permute=[0,2,1,3]): ggml_backend_cuda_graph_compute: CUDA graph warmup reset
ggml_backend_cuda_graph_compute: CUDA graph warmup reset
[1;32mOK[0m
  FLASH_ATTN_EXT(hsk=128,hsv=128,nh=4,nr23=[1,1],kv=512,nb=75,mask=1,sinks=1,max_bias=0.000000,logit_softcap=0.000000,prec=f32,type_K=q8_0,type_V=q8_0,permute=[0,1,2,3]): [1;32mOK[0m
  FLASH_ATTN_EXT(hsk=128,hsv=128,nh=4,nr23=[1,1],kv=512,nb=75,mask=1,sinks=1,max_bias=0.000000,logit_softcap=0.000000,prec=f32,type_K=q8_0,type_V=q8_0,permute=[0,2,1,3]): [1;32mOK[0m
  FLASH_ATTN_EXT(hsk=128,hsv=128,nh=4,nr23=[1,1],kv=512,nb=75,mask=1,sinks=1,max_bias=0.000000,logit_softcap=0.000000,prec=f32,type_K=q5_1,type_V=q5_1,permute=[0,1,2,3]): not supported [ROCm0] 
  FLASH_ATTN_EXT(hsk=128,hsv=128,nh=4,nr23=[1,1],kv=512,nb=75,mask=1,sinks=1,max_bias=0.000000,logit_softcap=0.000000,prec=f32,type_K=q5_1,type_V=q5_1,permute=[0,2,1,3]): not supported [ROCm0] 
  FLASH_ATTN_EXT(hsk=128,hsv=128,nh=4,nr23=[1,1],kv=512,nb=75,mask=1,sinks=1,max_bias=0.000000,logit_softcap=0.000000,prec=f32,type_K=q5_0,type_V=q5_0,permute=[0,1,2,3]): not supported [ROCm0] 
  FLASH_ATTN_EXT(hsk=128,hsv=128,nh=4,nr23=[1,1],kv=512,nb=75,mask=1,sinks=1,max_bias=0.000000,logit_softcap=0.000000,prec=f32,type_K=q5_0,type_V=q5_0,permute=[0,2,1,3]): not supported [ROCm0] 
  FLASH_ATTN_EXT(hsk=128,hsv=128,nh=4,nr23=[1,1],kv=512,nb=75,mask=1,sinks=1,max_bias=0.000000,logit_softcap=0.000000,prec=f32,type_K=q4_1,type_V=q4_1,permute=[0,1,2,3]): not supported [ROCm0] 
  FLASH_ATTN_EXT(hsk=128,hsv=128,nh=4,nr23=[1,1],kv=512,nb=75,mask=1,sinks=1,max_bias=0.000000,logit_softcap=0.000000,prec=f32,type_K=q4_1,type_V=q4_1,permute=[0,2,1,3]): not supported [ROCm0] 
  FLASH_ATTN_EXT(hsk=128,hsv=128,nh=4,nr23=[1,1],kv=512,nb=75,mask=1,sinks=1,max_bias=0.000000,logit_softcap=0.000000,prec=f32,type_K=q4_0,type_V=q4_0,permute=[0,1,2,3]): [1;32mOK[0m
  FLASH_ATTN_EXT(hsk=128,hsv=128,nh=4,nr23=[1,1],kv=512,nb=75,mask=1,sinks=1,max_bias=0.000000,logit_softcap=0.000000,prec=f32,type_K=q4_0,type_V=q4_0,permute=[0,2,1,3]): [1;32mOK[0m
  FLASH_ATTN_EXT(hsk=128,hsv=128,nh=4,nr23=[1,1],kv=512,nb=75,mask=1,sinks=1,max_bias=0.000000,logit_softcap=0.000000,prec=f32,type_K=iq4_nl,type_V=iq4_nl,permute=[0,1,2,3]): not supported [ROCm0] 
  FLASH_ATTN_EXT(hsk=128,hsv=128,nh=4,nr23=[1,1],kv=512,nb=75,mask=1,sinks=1,max_bias=0.000000,logit_softcap=0.000000,prec=f32,type_K=iq4_nl,type_V=iq4_nl,permute=[0,2,1,3]): not supported [ROCm0] 
  FLASH_ATTN_EXT(hsk=128,hsv=128,nh=4,nr23=[1,1],kv=512,nb=75,mask=1,sinks=1,max_bias=0.000000,logit_softcap=0.000000,prec=f32,type_K=turbo3,type_V=turbo3,permute=[0,1,2,3]): [1;32mOK[0m
  FLASH_ATTN_EXT(hsk=128,hsv=128,nh=4,nr23=[1,1],kv=512,nb=75,mask=1,sinks=1,max_bias=0.000000,logit_softcap=0.000000,prec=f32,type_K=turbo3,type_V=turbo3,permute=[0,2,1,3]): [1;32mOK[0m
  FLASH_ATTN_EXT(hsk=128,hsv=128,nh=4,nr23=[1,1],kv=512,nb=75,mask=1,sinks=1,max_bias=0.000000,logit_softcap=0.000000,prec=f32,type_K=turbo4,type_V=turbo4,permute=[0,1,2,3]): ggml_backend_cuda_graph_compute: CUDA graph warmup complete
[1;32mOK[0m
  FLASH_ATTN_EXT(hsk=128,hsv=128,nh=4,nr23=[1,1],kv=512,nb=75,mask=1,sinks=1,max_bias=0.000000,logit_softcap=0.000000,prec=f32,type_K=turbo4,type_V=turbo4,permute=[0,2,1,3]): [1;32mOK[0m
  FLASH_ATTN_EXT(hsk=128,hsv=128,nh=4,nr23=[1,1],kv=512,nb=75,mask=1,sinks=1,max_bias=0.000000,logit_softcap=0.000000,prec=def,type_K=f32,type_V=f32,permute=[0,1,2,3]): ggml_backend_cuda_graph_compute: CUDA graph warmup reset
[1;32mOK[0m
  FLASH_ATTN_EXT(hsk=128,hsv=128,nh=4,nr23=[1,1],kv=512,nb=75,mask=1,sinks=1,max_bias=0.000000,logit_softcap=0.000000,prec=def,type_K=f32,type_V=f32,permute=[0,2,1,3]): [1;32mOK[0m
  FLASH_ATTN_EXT(hsk=128,hsv=128,nh=4,nr23=[1,1],kv=512,nb=75,mask=1,sinks=1,max_bias=0.000000,logit_softcap=0.000000,prec=def,type_K=f16,type_V=f16,permute=[0,1,2,3]): ggml_backend_cuda_graph_compute: CUDA graph warmup complete
ggml_backend_cuda_graph_compute: CUDA graph warmup complete
[1;32mOK[0m
  FLASH_ATTN_EXT(hsk=128,hsv=128,nh=4,nr23=[1,1],kv=512,nb=75,mask=1,sinks=1,max_bias=0.000000,logit_softcap=0.000000,prec=def,type_K=f16,type_V=f16,permute=[0,2,1,3]): ggml_backend_cuda_graph_compute: CUDA graph warmup complete
ggml_backend_cuda_graph_compute: CUDA graph warmup complete
[1;32mOK[0m
  FLASH_ATTN_EXT(hsk=128,hsv=128,nh=4,nr23=[1,1],kv=512,nb=75,mask=1,sinks=1,max_bias=0.000000,logit_softcap=0.000000,prec=def,type_K=bf16,type_V=bf16,permute=[0,1,2,3]): ggml_backend_cuda_graph_compute: CUDA graph warmup reset
ggml_backend_cuda_graph_compute: CUDA graph warmup reset
[1;32mOK[0m
  FLASH_ATTN_EXT(hsk=128,hsv=128,nh=4,nr23=[1,1],kv=512,nb=75,mask=1,sinks=1,max_bias=0.000000,logit_softcap=0.000000,prec=def,type_K=bf16,type_V=bf16,permute=[0,2,1,3]): ggml_backend_cuda_graph_compute: CUDA graph warmup reset
ggml_backend_cuda_graph_compute: CUDA graph warmup reset
[1;32mOK[0m
  FLASH_ATTN_EXT(hsk=128,hsv=128,nh=4,nr23=[1,1],kv=512,nb=75,mask=1,sinks=1,max_bias=0.000000,logit_softcap=0.000000,prec=def,type_K=q8_0,type_V=q8_0,permute=[0,1,2,3]): [1;32mOK[0m
  FLASH_ATTN_EXT(hsk=128,hsv=128,nh=4,nr23=[1,1],kv=512,nb=75,mask=1,sinks=1,max_bias=0.000000,logit_softcap=0.000000,prec=def,type_K=q8_0,type_V=q8_0,permute=[0,2,1,3]): [1;32mOK[0m
  FLASH_ATTN_EXT(hsk=128,hsv=128,nh=4,nr23=[1,1],kv=512,nb=75,mask=1,sinks=1,max_bias=0.000000,logit_softcap=0.000000,prec=def,type_K=q5_1,type_V=q5_1,permute=[0,1,2,3]): not supported [ROCm0] 
  FLASH_ATTN_EXT(hsk=128,hsv=128,nh=4,nr23=[1,1],kv=512,nb=75,mask=1,sinks=1,max_bias=0.000000,logit_softcap=0.000000,prec=def,type_K=q5_1,type_V=q5_1,permute=[0,2,1,3]): not supported [ROCm0] 
  FLASH_ATTN_EXT(hsk=128,hsv=128,nh=4,nr23=[1,1],kv=512,nb=75,mask=1,sinks=1,max_bias=0.000000,logit_softcap=0.000000,prec=def,type_K=q5_0,type_V=q5_0,permute=[0,1,2,3]): not supported [ROCm0] 
  FLASH_ATTN_EXT(hsk=128,hsv=128,nh=4,nr23=[1,1],kv=512,nb=75,mask=1,sinks=1,max_bias=0.000000,logit_softcap=0.000000,prec=def,type_K=q5_0,type_V=q5_0,permute=[0,2,1,3]): not supported [ROCm0] 
  FLASH_ATTN_EXT(hsk=128,hsv=128,nh=4,nr23=[1,1],kv=512,nb=75,mask=1,sinks=1,max_bias=0.000000,logit_softcap=0.000000,prec=def,type_K=q4_1,type_V=q4_1,permute=[0,1,2,3]): not supported [ROCm0] 
  FLASH_ATTN_EXT(hsk=128,hsv=128,nh=4,nr23=[1,1],kv=512,nb=75,mask=1,sinks=1,max_bias=0.000000,logit_softcap=0.000000,prec=def,type_K=q4_1,type_V=q4_1,permute=[0,2,1,3]): not supported [ROCm0] 
  FLASH_ATTN_EXT(hsk=128,hsv=128,nh=4,nr23=[1,1],kv=512,nb=75,mask=1,sinks=1,max_bias=0.000000,logit_softcap=0.000000,prec=def,type_K=q4_0,type_V=q4_0,permute=[0,1,2,3]): [1;32mOK[0m
  FLASH_ATTN_EXT(hsk=128,hsv=128,nh=4,nr23=[1,1],kv=512,nb=75,mask=1,sinks=1,max_bias=0.000000,logit_softcap=0.000000,prec=def,type_K=q4_0,type_V=q4_0,permute=[0,2,1,3]): [1;32mOK[0m
  FLASH_ATTN_EXT(hsk=128,hsv=128,nh=4,nr23=[1,1],kv=512,nb=75,mask=1,sinks=1,max_bias=0.000000,logit_softcap=0.000000,prec=def,type_K=iq4_nl,type_V=iq4_nl,permute=[0,1,2,3]): not supported [ROCm0] 
  FLASH_ATTN_EXT(hsk=128,hsv=128,nh=4,nr23=[1,1],kv=512,nb=75,mask=1,sinks=1,max_bias=0.000000,logit_softcap=0.000000,prec=def,type_K=iq4_nl,type_V=iq4_nl,permute=[0,2,1,3]): not supported [ROCm0] 
  FLASH_ATTN_EXT(hsk=128,hsv=128,nh=4,nr23=[1,1],kv=512,nb=75,mask=1,sinks=1,max_bias=0.000000,logit_softcap=0.000000,prec=def,type_K=turbo3,type_V=turbo3,permute=[0,1,2,3]): [1;32mOK[0m
  FLASH_ATTN_EXT(hsk=128,hsv=128,nh=4,nr23=[1,1],kv=512,nb=75,mask=1,sinks=1,max_bias=0.000000,logit_softcap=0.000000,prec=def,type_K=turbo3,type_V=turbo3,permute=[0,2,1,3]): [1;32mOK[0m
  FLASH_ATTN_EXT(hsk=128,hsv=128,nh=4,nr23=[1,1],kv=512,nb=75,mask=1,sinks=1,max_bias=0.000000,logit_softcap=0.000000,prec=def,type_K=turbo4,type_V=turbo4,permute=[0,1,2,3]): [1;32mOK[0m
  FLASH_ATTN_EXT(hsk=128,hsv=128,nh=4,nr23=[1,1],kv=512,nb=75,mask=1,sinks=1,max_bias=0.000000,logit_softcap=0.000000,prec=def,type_K=turbo4,type_V=turbo4,permute=[0,2,1,3]): [1;32mOK[0m
  FLASH_ATTN_EXT(hsk=128,hsv=128,nh=4,nr23=[1,1],kv=1024,nb=1,mask=1,sinks=1,max_bias=0.000000,logit_softcap=0.000000,prec=f32,type_K=f32,type_V=f32,permute=[0,1,2,3]): [1;32mOK[0m
  FLASH_ATTN_EXT(hsk=128,hsv=128,nh=4,nr23=[1,1],kv=1024,nb=1,mask=1,sinks=1,max_bias=0.000000,logit_softcap=0.000000,prec=f32,type_K=f16,type_V=f16,permute=[0,1,2,3]): [1;32mOK[0m
  FLASH_ATTN_EXT(hsk=128,hsv=128,nh=4,nr23=[1,1],kv=1024,nb=1,mask=1,sinks=1,max_bias=0.000000,logit_softcap=0.000000,prec=f32,type_K=bf16,type_V=bf16,permute=[0,1,2,3]): [1;32mOK[0m
  FLASH_ATTN_EXT(hsk=128,hsv=128,nh=4,nr23=[1,1],kv=1024,nb=1,mask=1,sinks=1,max_bias=0.000000,logit_softcap=0.000000,prec=f32,type_K=q8_0,type_V=q8_0,permute=[0,1,2,3]): [1;32mOK[0m
  FLASH_ATTN_EXT(hsk=128,hsv=128,nh=4,nr23=[1,1],kv=1024,nb=1,mask=1,sinks=1,max_bias=0.000000,logit_softcap=0.000000,prec=f32,type_K=q5_1,type_V=q5_1,permute=[0,1,2,3]): not supported [ROCm0] 
  FLASH_ATTN_EXT(hsk=128,hsv=128,nh=4,nr23=[1,1],kv=1024,nb=1,mask=1,sinks=1,max_bias=0.000000,logit_softcap=0.000000,prec=f32,type_K=q5_0,type_V=q5_0,permute=[0,1,2,3]): not supported [ROCm0] 
  FLASH_ATTN_EXT(hsk=128,hsv=128,nh=4,nr23=[1,1],kv=1024,nb=1,mask=1,sinks=1,max_bias=0.000000,logit_softcap=0.000000,prec=f32,type_K=q4_1,type_V=q4_1,permute=[0,1,2,3]): not supported [ROCm0] 
  FLASH_ATTN_EXT(hsk=128,hsv=128,nh=4,nr23=[1,1],kv=1024,nb=1,mask=1,sinks=1,max_bias=0.000000,logit_softcap=0.000000,prec=f32,type_K=q4_0,type_V=q4_0,permute=[0,1,2,3]): [1;32mOK[0m
  FLASH_ATTN_EXT(hsk=128,hsv=128,nh=4,nr23=[1,1],kv=1024,nb=1,mask=1,sinks=1,max_bias=0.000000,logit_softcap=0.000000,prec=f32,type_K=iq4_nl,type_V=iq4_nl,permute=[0,1,2,3]): not supported [ROCm0] 
  FLASH_ATTN_EXT(hsk=128,hsv=128,nh=4,nr23=[1,1],kv=1024,nb=1,mask=1,sinks=1,max_bias=0.000000,logit_softcap=0.000000,prec=f32,type_K=turbo3,type_V=turbo3,permute=[0,1,2,3]): [1;32mOK[0m
  FLASH_ATTN_EXT(hsk=128,hsv=128,nh=4,nr23=[1,1],kv=1024,nb=1,mask=1,sinks=1,max_bias=0.000000,logit_softcap=0.000000,prec=f32,type_K=turbo4,type_V=turbo4,permute=[0,1,2,3]): [1;32mOK[0m
  FLASH_ATTN_EXT(hsk=128,hsv=128,nh=4,nr23=[1,1],kv=1024,nb=1,mask=1,sinks=1,max_bias=0.000000,logit_softcap=0.000000,prec=def,type_K=f32,type_V=f32,permute=[0,1,2,3]): [1;32mOK[0m
  FLASH_ATTN_EXT(hsk=128,hsv=128,nh=4,nr23=[1,1],kv=1024,nb=1,mask=1,sinks=1,max_bias=0.000000,logit_softcap=0.000000,prec=def,type_K=f16,type_V=f16,permute=[0,1,2,3]): [1;32mOK[0m
  FLASH_ATTN_EXT(hsk=128,hsv=128,nh=4,nr23=[1,1],kv=1024,nb=1,mask=1,sinks=1,max_bias=0.000000,logit_softcap=0.000000,prec=def,type_K=bf16,type_V=bf16,permute=[0,1,2,3]): [1;32mOK[0m
  FLASH_ATTN_EXT(hsk=128,hsv=128,nh=4,nr23=[1,1],kv=1024,nb=1,mask=1,sinks=1,max_bias=0.000000,logit_softcap=0.000000,prec=def,type_K=q8_0,type_V=q8_0,permute=[0,1,2,3]): [1;32mOK[0m
  FLASH_ATTN_EXT(hsk=128,hsv=128,nh=4,nr23=[1,1],kv=1024,nb=1,mask=1,sinks=1,max_bias=0.000000,logit_softcap=0.000000,prec=def,type_K=q5_1,type_V=q5_1,permute=[0,1,2,3]): not supported [ROCm0] 
  FLASH_ATTN_EXT(hsk=128,hsv=128,nh=4,nr23=[1,1],kv=1024,nb=1,mask=1,sinks=1,max_bias=0.000000,logit_softcap=0.000000,prec=def,type_K=q5_0,type_V=q5_0,permute=[0,1,2,3]): not supported [ROCm0] 
  FLASH_ATTN_EXT(hsk=128,hsv=128,nh=4,nr23=[1,1],kv=1024,nb=1,mask=1,sinks=1,max_bias=0.000000,logit_softcap=0.000000,prec=def,type_K=q4_1,type_V=q4_1,permute=[0,1,2,3]): not supported [ROCm0] 
  FLASH_ATTN_EXT(hsk=128,hsv=128,nh=4,nr23=[1,1],kv=1024,nb=1,mask=1,sinks=1,max_bias=0.000000,logit_softcap=0.000000,prec=def,type_K=q4_0,type_V=q4_0,permute=[0,1,2,3]): [1;32mOK[0m
  FLASH_ATTN_EXT(hsk=128,hsv=128,nh=4,nr23=[1,1],kv=1024,nb=1,mask=1,sinks=1,max_bias=0.000000,logit_softcap=0.000000,prec=def,type_K=iq4_nl,type_V=iq4_nl,permute=[0,1,2,3]): not supported [ROCm0] 
  FLASH_ATTN_EXT(hsk=128,hsv=128,nh=4,nr23=[1,1],kv=1024,nb=1,mask=1,sinks=1,max_bias=0.000000,logit_softcap=0.000000,prec=def,type_K=turbo3,type_V=turbo3,permute=[0,1,2,3]): [1;32mOK[0m
  FLASH_ATTN_EXT(hsk=128,hsv=128,nh=4,nr23=[1,1],kv=1024,nb=1,mask=1,sinks=1,max_bias=0.000000,logit_softcap=0.000000,prec=def,type_K=turbo4,type_V=turbo4,permute=[0,1,2,3]): [1;32mOK[0m
  FLASH_ATTN_EXT(hsk=128,hsv=128,nh=4,nr23=[1,1],kv=1024,nb=3,mask=1,sinks=1,max_bias=0.000000,logit_softcap=0.000000,prec=f32,type_K=f32,type_V=f32,permute=[0,1,2,3]): [1;32mOK[0m
  FLASH_ATTN_EXT(hsk=128,hsv=128,nh=4,nr23=[1,1],kv=1024,nb=3,mask=1,sinks=1,max_bias=0.000000,logit_softcap=0.000000,prec=f32,type_K=f16,type_V=f16,permute=[0,1,2,3]): [1;32mOK[0m
  FLASH_ATTN_EXT(hsk=128,hsv=128,nh=4,nr23=[1,1],kv=1024,nb=3,mask=1,sinks=1,max_bias=0.000000,logit_softcap=0.000000,prec=f32,type_K=bf16,type_V=bf16,permute=[0,1,2,3]): [1;32mOK[0m
  FLASH_ATTN_EXT(hsk=128,hsv=128,nh=4,nr23=[1,1],kv=1024,nb=3,mask=1,sinks=1,max_bias=0.000000,logit_softcap=0.000000,prec=f32,type_K=q8_0,type_V=q8_0,permute=[0,1,2,3]): [1;32mOK[0m
  FLASH_ATTN_EXT(hsk=128,hsv=128,nh=4,nr23=[1,1],kv=1024,nb=3,mask=1,sinks=1,max_bias=0.000000,logit_softcap=0.000000,prec=f32,type_K=q5_1,type_V=q5_1,permute=[0,1,2,3]): not supported [ROCm0] 
  FLASH_ATTN_EXT(hsk=128,hsv=128,nh=4,nr23=[1,1],kv=1024,nb=3,mask=1,sinks=1,max_bias=0.000000,logit_softcap=0.000000,prec=f32,type_K=q5_0,type_V=q5_0,permute=[0,1,2,3]): not supported [ROCm0] 
  FLASH_ATTN_EXT(hsk=128,hsv=128,nh=4,nr23=[1,1],kv=1024,nb=3,mask=1,sinks=1,max_bias=0.000000,logit_softcap=0.000000,prec=f32,type_K=q4_1,type_V=q4_1,permute=[0,1,2,3]): not supported [ROCm0] 
  FLASH_ATTN_EXT(hsk=128,hsv=128,nh=4,nr23=[1,1],kv=1024,nb=3,mask=1,sinks=1,max_bias=0.000000,logit_softcap=0.000000,prec=f32,type_K=q4_0,type_V=q4_0,permute=[0,1,2,3]): [1;32mOK[0m
  FLASH_ATTN_EXT(hsk=128,hsv=128,nh=4,nr23=[1,1],kv=1024,nb=3,mask=1,sinks=1,max_bias=0.000000,logit_softcap=0.000000,prec=f32,type_K=iq4_nl,type_V=iq4_nl,permute=[0,1,2,3]): not supported [ROCm0] 
  FLASH_ATTN_EXT(hsk=128,hsv=128,nh=4,nr23=[1,1],kv=1024,nb=3,mask=1,sinks=1,max_bias=0.000000,logit_softcap=0.000000,prec=f32,type_K=turbo3,type_V=turbo3,permute=[0,1,2,3]): [1;32mOK[0m
  FLASH_ATTN_EXT(hsk=128,hsv=128,nh=4,nr23=[1,1],kv=1024,nb=3,mask=1,sinks=1,max_bias=0.000000,logit_softcap=0.000000,prec=f32,type_K=turbo4,type_V=turbo4,permute=[0,1,2,3]): [1;32mOK[0m
  FLASH_ATTN_EXT(hsk=128,hsv=128,nh=4,nr23=[1,1],kv=1024,nb=3,mask=1,sinks=1,max_bias=0.000000,logit_softcap=0.000000,prec=def,type_K=f32,type_V=f32,permute=[0,1,2,3]): [1;32mOK[0m
  FLASH_ATTN_EXT(hsk=128,hsv=128,nh=4,nr23=[1,1],kv=1024,nb=3,mask=1,sinks=1,max_bias=0.000000,logit_softcap=0.000000,prec=def,type_K=f16,type_V=f16,permute=[0,1,2,3]): [1;32mOK[0m
  FLASH_ATTN_EXT(hsk=128,hsv=128,nh=4,nr23=[1,1],kv=1024,nb=3,mask=1,sinks=1,max_bias=0.000000,logit_softcap=0.000000,prec=def,type_K=bf16,type_V=bf16,permute=[0,1,2,3]): [1;32mOK[0m
  FLASH_ATTN_EXT(hsk=128,hsv=128,nh=4,nr23=[1,1],kv=1024,nb=3,mask=1,sinks=1,max_bias=0.000000,logit_softcap=0.000000,prec=def,type_K=q8_0,type_V=q8_0,permute=[0,1,2,3]): [1;32mOK[0m
  FLASH_ATTN_EXT(hsk=128,hsv=128,nh=4,nr23=[1,1],kv=1024,nb=3,mask=1,sinks=1,max_bias=0.000000,logit_softcap=0.000000,prec=def,type_K=q5_1,type_V=q5_1,permute=[0,1,2,3]): not supported [ROCm0] 
  FLASH_ATTN_EXT(hsk=128,hsv=128,nh=4,nr23=[1,1],kv=1024,nb=3,mask=1,sinks=1,max_bias=0.000000,logit_softcap=0.000000,prec=def,type_K=q5_0,type_V=q5_0,permute=[0,1,2,3]): not supported [ROCm0] 
  FLASH_ATTN_EXT(hsk=128,hsv=128,nh=4,nr23=[1,1],kv=1024,nb=3,mask=1,sinks=1,max_bias=0.000000,logit_softcap=0.000000,prec=def,type_K=q4_1,type_V=q4_1,permute=[0,1,2,3]): not supported [ROCm0] 
  FLASH_ATTN_EXT(hsk=128,hsv=128,nh=4,nr23=[1,1],kv=1024,nb=3,mask=1,sinks=1,max_bias=0.000000,logit_softcap=0.000000,prec=def,type_K=q4_0,type_V=q4_0,permute=[0,1,2,3]): [1;32mOK[0m
  FLASH_ATTN_EXT(hsk=128,hsv=128,nh=4,nr23=[1,1],kv=1024,nb=3,mask=1,sinks=1,max_bias=0.000000,logit_softcap=0.000000,prec=def,type_K=iq4_nl,type_V=iq4_nl,permute=[0,1,2,3]): not supported [ROCm0] 
  FLASH_ATTN_EXT(hsk=128,hsv=128,nh=4,nr23=[1,1],kv=1024,nb=3,mask=1,sinks=1,max_bias=0.000000,logit_softcap=0.000000,prec=def,type_K=turbo3,type_V=turbo3,permute=[0,1,2,3]): [1;32mOK[0m
  FLASH_ATTN_EXT(hsk=128,hsv=128,nh=4,nr23=[1,1],kv=1024,nb=3,mask=1,sinks=1,max_bias=0.000000,logit_softcap=0.000000,prec=def,type_K=turbo4,type_V=turbo4,permute=[0,1,2,3]): [1;32mOK[0m
  FLASH_ATTN_EXT(hsk=128,hsv=128,nh=4,nr23=[1,1],kv=1024,nb=32,mask=1,sinks=1,max_bias=0.000000,logit_softcap=0.000000,prec=f32,type_K=f32,type_V=f32,permute=[0,1,2,3]): [1;32mOK[0m
  FLASH_ATTN_EXT(hsk=128,hsv=128,nh=4,nr23=[1,1],kv=1024,nb=32,mask=1,sinks=1,max_bias=0.000000,logit_softcap=0.000000,prec=f32,type_K=f16,type_V=f16,permute=[0,1,2,3]): [1;32mOK[0m
  FLASH_ATTN_EXT(hsk=128,hsv=128,nh=4,nr23=[1,1],kv=1024,nb=32,mask=1,sinks=1,max_bias=0.000000,logit_softcap=0.000000,prec=f32,type_K=bf16,type_V=bf16,permute=[0,1,2,3]): [1;32mOK[0m
  FLASH_ATTN_EXT(hsk=128,hsv=128,nh=4,nr23=[1,1],kv=1024,nb=32,mask=1,sinks=1,max_bias=0.000000,logit_softcap=0.000000,prec=f32,type_K=q8_0,type_V=q8_0,permute=[0,1,2,3]): [1;32mOK[0m
  FLASH_ATTN_EXT(hsk=128,hsv=128,nh=4,nr23=[1,1],kv=1024,nb=32,mask=1,sinks=1,max_bias=0.000000,logit_softcap=0.000000,prec=f32,type_K=q5_1,type_V=q5_1,permute=[0,1,2,3]): not supported [ROCm0] 
  FLASH_ATTN_EXT(hsk=128,hsv=128,nh=4,nr23=[1,1],kv=1024,nb=32,mask=1,sinks=1,max_bias=0.000000,logit_softcap=0.000000,prec=f32,type_K=q5_0,type_V=q5_0,permute=[0,1,2,3]): not supported [ROCm0] 
  FLASH_ATTN_EXT(hsk=128,hsv=128,nh=4,nr23=[1,1],kv=1024,nb=32,mask=1,sinks=1,max_bias=0.000000,logit_softcap=0.000000,prec=f32,type_K=q4_1,type_V=q4_1,permute=[0,1,2,3]): not supported [ROCm0] 
  FLASH_ATTN_EXT(hsk=128,hsv=128,nh=4,nr23=[1,1],kv=1024,nb=32,mask=1,sinks=1,max_bias=0.000000,logit_softcap=0.000000,prec=f32,type_K=q4_0,type_V=q4_0,permute=[0,1,2,3]): [1;32mOK[0m
  FLASH_ATTN_EXT(hsk=128,hsv=128,nh=4,nr23=[1,1],kv=1024,nb=32,mask=1,sinks=1,max_bias=0.000000,logit_softcap=0.000000,prec=f32,type_K=iq4_nl,type_V=iq4_nl,permute=[0,1,2,3]): not supported [ROCm0] 
  FLASH_ATTN_EXT(hsk=128,hsv=128,nh=4,nr23=[1,1],kv=1024,nb=32,mask=1,sinks=1,max_bias=0.000000,logit_softcap=0.000000,prec=f32,type_K=turbo3,type_V=turbo3,permute=[0,1,2,3]): [1;32mOK[0m
  FLASH_ATTN_EXT(hsk=128,hsv=128,nh=4,nr23=[1,1],kv=1024,nb=32,mask=1,sinks=1,max_bias=0.000000,logit_softcap=0.000000,prec=f32,type_K=turbo4,type_V=turbo4,permute=[0,1,2,3]): [1;32mOK[0m
  FLASH_ATTN_EXT(hsk=128,hsv=128,nh=4,nr23=[1,1],kv=1024,nb=32,mask=1,sinks=1,max_bias=0.000000,logit_softcap=0.000000,prec=def,type_K=f32,type_V=f32,permute=[0,1,2,3]): [1;32mOK[0m
  FLASH_ATTN_EXT(hsk=128,hsv=128,nh=4,nr23=[1,1],kv=1024,nb=32,mask=1,sinks=1,max_bias=0.000000,logit_softcap=0.000000,prec=def,type_K=f16,type_V=f16,permute=[0,1,2,3]): [1;32mOK[0m
  FLASH_ATTN_EXT(hsk=128,hsv=128,nh=4,nr23=[1,1],kv=1024,nb=32,mask=1,sinks=1,max_bias=0.000000,logit_softcap=0.000000,prec=def,type_K=bf16,type_V=bf16,permute=[0,1,2,3]): [1;32mOK[0m
  FLASH_ATTN_EXT(hsk=128,hsv=128,nh=4,nr23=[1,1],kv=1024,nb=32,mask=1,sinks=1,max_bias=0.000000,logit_softcap=0.000000,prec=def,type_K=q8_0,type_V=q8_0,permute=[0,1,2,3]): [1;32mOK[0m
  FLASH_ATTN_EXT(hsk=128,hsv=128,nh=4,nr23=[1,1],kv=1024,nb=32,mask=1,sinks=1,max_bias=0.000000,logit_softcap=0.000000,prec=def,type_K=q5_1,type_V=q5_1,permute=[0,1,2,3]): not supported [ROCm0] 
  FLASH_ATTN_EXT(hsk=128,hsv=128,nh=4,nr23=[1,1],kv=1024,nb=32,mask=1,sinks=1,max_bias=0.000000,logit_softcap=0.000000,prec=def,type_K=q5_0,type_V=q5_0,permute=[0,1,2,3]): not supported [ROCm0] 
  FLASH_ATTN_EXT(hsk=128,hsv=128,nh=4,nr23=[1,1],kv=1024,nb=32,mask=1,sinks=1,max_bias=0.000000,logit_softcap=0.000000,prec=def,type_K=q4_1,type_V=q4_1,permute=[0,1,2,3]): not supported [ROCm0] 
  FLASH_ATTN_EXT(hsk=128,hsv=128,nh=4,nr23=[1,1],kv=1024,nb=32,mask=1,sinks=1,max_bias=0.000000,logit_softcap=0.000000,prec=def,type_K=q4_0,type_V=q4_0,permute=[0,1,2,3]): [1;32mOK[0m
  FLASH_ATTN_EXT(hsk=128,hsv=128,nh=4,nr23=[1,1],kv=1024,nb=32,mask=1,sinks=1,max_bias=0.000000,logit_softcap=0.000000,prec=def,type_K=iq4_nl,type_V=iq4_nl,permute=[0,1,2,3]): not supported [ROCm0] 
  FLASH_ATTN_EXT(hsk=128,hsv=128,nh=4,nr23=[1,1],kv=1024,nb=32,mask=1,sinks=1,max_bias=0.000000,logit_softcap=0.000000,prec=def,type_K=turbo3,type_V=turbo3,permute=[0,1,2,3]): [1;32mOK[0m
  FLASH_ATTN_EXT(hsk=128,hsv=128,nh=4,nr23=[1,1],kv=1024,nb=32,mask=1,sinks=1,max_bias=0.000000,logit_softcap=0.000000,prec=def,type_K=turbo4,type_V=turbo4,permute=[0,1,2,3]): [1;32mOK[0m
  FLASH_ATTN_EXT(hsk=128,hsv=128,nh=4,nr23=[1,1],kv=1024,nb=75,mask=1,sinks=1,max_bias=0.000000,logit_softcap=0.000000,prec=f32,type_K=f32,type_V=f32,permute=[0,1,2,3]): [1;32mOK[0m
  FLASH_ATTN_EXT(hsk=128,hsv=128,nh=4,nr23=[1,1],kv=1024,nb=75,mask=1,sinks=1,max_bias=0.000000,logit_softcap=0.000000,prec=f32,type_K=f16,type_V=f16,permute=[0,1,2,3]): [1;32mOK[0m
  FLASH_ATTN_EXT(hsk=128,hsv=128,nh=4,nr23=[1,1],kv=1024,nb=75,mask=1,sinks=1,max_bias=0.000000,logit_softcap=0.000000,prec=f32,type_K=bf16,type_V=bf16,permute=[0,1,2,3]): [1;32mOK[0m
  FLASH_ATTN_EXT(hsk=128,hsv=128,nh=4,nr23=[1,1],kv=1024,nb=75,mask=1,sinks=1,max_bias=0.000000,logit_softcap=0.000000,prec=f32,type_K=q8_0,type_V=q8_0,permute=[0,1,2,3]): [1;32mOK[0m
  FLASH_ATTN_EXT(hsk=128,hsv=128,nh=4,nr23=[1,1],kv=1024,nb=75,mask=1,sinks=1,max_bias=0.000000,logit_softcap=0.000000,prec=f32,type_K=q5_1,type_V=q5_1,permute=[0,1,2,3]): not supported [ROCm0] 
  FLASH_ATTN_EXT(hsk=128,hsv=128,nh=4,nr23=[1,1],kv=1024,nb=75,mask=1,sinks=1,max_bias=0.000000,logit_softcap=0.000000,prec=f32,type_K=q5_0,type_V=q5_0,permute=[0,1,2,3]): not supported [ROCm0] 
  FLASH_ATTN_EXT(hsk=128,hsv=128,nh=4,nr23=[1,1],kv=1024,nb=75,mask=1,sinks=1,max_bias=0.000000,logit_softcap=0.000000,prec=f32,type_K=q4_1,type_V=q4_1,permute=[0,1,2,3]): not supported [ROCm0] 
  FLASH_ATTN_EXT(hsk=128,hsv=128,nh=4,nr23=[1,1],kv=1024,nb=75,mask=1,sinks=1,max_bias=0.000000,logit_softcap=0.000000,prec=f32,type_K=q4_0,type_V=q4_0,permute=[0,1,2,3]): [1;32mOK[0m
  FLASH_ATTN_EXT(hsk=128,hsv=128,nh=4,nr23=[1,1],kv=1024,nb=75,mask=1,sinks=1,max_bias=0.000000,logit_softcap=0.000000,prec=f32,type_K=iq4_nl,type_V=iq4_nl,permute=[0,1,2,3]): not supported [ROCm0] 
  FLASH_ATTN_EXT(hsk=128,hsv=128,nh=4,nr23=[1,1],kv=1024,nb=75,mask=1,sinks=1,max_bias=0.000000,logit_softcap=0.000000,prec=f32,type_K=turbo3,type_V=turbo3,permute=[0,1,2,3]): [1;32mOK[0m
  FLASH_ATTN_EXT(hsk=128,hsv=128,nh=4,nr23=[1,1],kv=1024,nb=75,mask=1,sinks=1,max_bias=0.000000,logit_softcap=0.000000,prec=f32,type_K=turbo4,type_V=turbo4,permute=[0,1,2,3]): [1;32mOK[0m
  FLASH_ATTN_EXT(hsk=128,hsv=128,nh=4,nr23=[1,1],kv=1024,nb=75,mask=1,sinks=1,max_bias=0.000000,logit_softcap=0.000000,prec=def,type_K=f32,type_V=f32,permute=[0,1,2,3]): [1;32mOK[0m
  FLASH_ATTN_EXT(hsk=128,hsv=128,nh=4,nr23=[1,1],kv=1024,nb=75,mask=1,sinks=1,max_bias=0.000000,logit_softcap=0.000000,prec=def,type_K=f16,type_V=f16,permute=[0,1,2,3]): [1;32mOK[0m
  FLASH_ATTN_EXT(hsk=128,hsv=128,nh=4,nr23=[1,1],kv=1024,nb=75,mask=1,sinks=1,max_bias=0.000000,logit_softcap=0.000000,prec=def,type_K=bf16,type_V=bf16,permute=[0,1,2,3]): [1;32mOK[0m
  FLASH_ATTN_EXT(hsk=128,hsv=128,nh=4,nr23=[1,1],kv=1024,nb=75,mask=1,sinks=1,max_bias=0.000000,logit_softcap=0.000000,prec=def,type_K=q8_0,type_V=q8_0,permute=[0,1,2,3]): [1;32mOK[0m
  FLASH_ATTN_EXT(hsk=128,hsv=128,nh=4,nr23=[1,1],kv=1024,nb=75,mask=1,sinks=1,max_bias=0.000000,logit_softcap=0.000000,prec=def,type_K=q5_1,type_V=q5_1,permute=[0,1,2,3]): not supported [ROCm0] 
  FLASH_ATTN_EXT(hsk=128,hsv=128,nh=4,nr23=[1,1],kv=1024,nb=75,mask=1,sinks=1,max_bias=0.000000,logit_softcap=0.000000,prec=def,type_K=q5_0,type_V=q5_0,permute=[0,1,2,3]): not supported [ROCm0] 
  FLASH_ATTN_EXT(hsk=128,hsv=128,nh=4,nr23=[1,1],kv=1024,nb=75,mask=1,sinks=1,max_bias=0.000000,logit_softcap=0.000000,prec=def,type_K=q4_1,type_V=q4_1,permute=[0,1,2,3]): not supported [ROCm0] 
  FLASH_ATTN_EXT(hsk=128,hsv=128,nh=4,nr23=[1,1],kv=1024,nb=75,mask=1,sinks=1,max_bias=0.000000,logit_softcap=0.000000,prec=def,type_K=q4_0,type_V=q4_0,permute=[0,1,2,3]): [1;32mOK[0m
  FLASH_ATTN_EXT(hsk=128,hsv=128,nh=4,nr23=[1,1],kv=1024,nb=75,mask=1,sinks=1,max_bias=0.000000,logit_softcap=0.000000,prec=def,type_K=iq4_nl,type_V=iq4_nl,permute=[0,1,2,3]): not supported [ROCm0] 
  FLASH_ATTN_EXT(hsk=128,hsv=128,nh=4,nr23=[1,1],kv=1024,nb=75,mask=1,sinks=1,max_bias=0.000000,logit_softcap=0.000000,prec=def,type_K=turbo3,type_V=turbo3,permute=[0,1,2,3]): [1;32mOK[0m
  FLASH_ATTN_EXT(hsk=128,hsv=128,nh=4,nr23=[1,1],kv=1024,nb=75,mask=1,sinks=1,max_bias=0.000000,logit_softcap=0.000000,prec=def,type_K=turbo4,type_V=turbo4,permute=[0,1,2,3]): [1;32mOK[0m
  FLASH_ATTN_EXT(hsk=128,hsv=128,nh=4,nr23=[4,1],kv=512,nb=1,mask=1,sinks=1,max_bias=0.000000,logit_softcap=0.000000,prec=f32,type_K=f32,type_V=f32,permute=[0,1,2,3]): [1;32mOK[0m
  FLASH_ATTN_EXT(hsk=128,hsv=128,nh=4,nr23=[4,1],kv=512,nb=1,mask=1,sinks=1,max_bias=0.000000,logit_softcap=0.000000,prec=f32,type_K=f32,type_V=f32,permute=[0,2,1,3]): [1;32mOK[0m
  FLASH_ATTN_EXT(hsk=128,hsv=128,nh=4,nr23=[4,1],kv=512,nb=1,mask=1,sinks=1,max_bias=0.000000,logit_softcap=0.000000,prec=f32,type_K=f16,type_V=f16,permute=[0,1,2,3]): [1;32mOK[0m
  FLASH_ATTN_EXT(hsk=128,hsv=128,nh=4,nr23=[4,1],kv=512,nb=1,mask=1,sinks=1,max_bias=0.000000,logit_softcap=0.000000,prec=f32,type_K=f16,type_V=f16,permute=[0,2,1,3]): [1;32mOK[0m
  FLASH_ATTN_EXT(hsk=128,hsv=128,nh=4,nr23=[4,1],kv=512,nb=1,mask=1,sinks=1,max_bias=0.000000,logit_softcap=0.000000,prec=f32,type_K=bf16,type_V=bf16,permute=[0,1,2,3]): [1;32mOK[0m
  FLASH_ATTN_EXT(hsk=128,hsv=128,nh=4,nr23=[4,1],kv=512,nb=1,mask=1,sinks=1,max_bias=0.000000,logit_softcap=0.000000,prec=f32,type_K=bf16,type_V=bf16,permute=[0,2,1,3]): [1;32mOK[0m
  FLASH_ATTN_EXT(hsk=128,hsv=128,nh=4,nr23=[4,1],kv=512,nb=1,mask=1,sinks=1,max_bias=0.000000,logit_softcap=0.000000,prec=f32,type_K=q8_0,type_V=q8_0,permute=[0,1,2,3]): [1;32mOK[0m
  FLASH_ATTN_EXT(hsk=128,hsv=128,nh=4,nr23=[4,1],kv=512,nb=1,mask=1,sinks=1,max_bias=0.000000,logit_softcap=0.000000,prec=f32,type_K=q8_0,type_V=q8_0,permute=[0,2,1,3]): [1;32mOK[0m
  FLASH_ATTN_EXT(hsk=128,hsv=128,nh=4,nr23=[4,1],kv=512,nb=1,mask=1,sinks=1,max_bias=0.000000,logit_softcap=0.000000,prec=f32,type_K=q5_1,type_V=q5_1,permute=[0,1,2,3]): not supported [ROCm0] 
  FLASH_ATTN_EXT(hsk=128,hsv=128,nh=4,nr23=[4,1],kv=512,nb=1,mask=1,sinks=1,max_bias=0.000000,logit_softcap=0.000000,prec=f32,type_K=q5_1,type_V=q5_1,permute=[0,2,1,3]): not supported [ROCm0] 
  FLASH_ATTN_EXT(hsk=128,hsv=128,nh=4,nr23=[4,1],kv=512,nb=1,mask=1,sinks=1,max_bias=0.000000,logit_softcap=0.000000,prec=f32,type_K=q5_0,type_V=q5_0,permute=[0,1,2,3]): not supported [ROCm0] 
  FLASH_ATTN_EXT(hsk=128,hsv=128,nh=4,nr23=[4,1],kv=512,nb=1,mask=1,sinks=1,max_bias=0.000000,logit_softcap=0.000000,prec=f32,type_K=q5_0,type_V=q5_0,permute=[0,2,1,3]): not supported [ROCm0] 
  FLASH_ATTN_EXT(hsk=128,hsv=128,nh=4,nr23=[4,1],kv=512,nb=1,mask=1,sinks=1,max_bias=0.000000,logit_softcap=0.000000,prec=f32,type_K=q4_1,type_V=q4_1,permute=[0,1,2,3]): not supported [ROCm0] 
  FLASH_ATTN_EXT(hsk=128,hsv=128,nh=4,nr23=[4,1],kv=512,nb=1,mask=1,sinks=1,max_bias=0.000000,logit_softcap=0.000000,prec=f32,type_K=q4_1,type_V=q4_1,permute=[0,2,1,3]): not supported [ROCm0] 
  FLASH_ATTN_EXT(hsk=128,hsv=128,nh=4,nr23=[4,1],kv=512,nb=1,mask=1,sinks=1,max_bias=0.000000,logit_softcap=0.000000,prec=f32,type_K=q4_0,type_V=q4_0,permute=[0,1,2,3]): [1;32mOK[0m
  FLASH_ATTN_EXT(hsk=128,hsv=128,nh=4,nr23=[4,1],kv=512,nb=1,mask=1,sinks=1,max_bias=0.000000,logit_softcap=0.000000,prec=f32,type_K=q4_0,type_V=q4_0,permute=[0,2,1,3]): [1;32mOK[0m
  FLASH_ATTN_EXT(hsk=128,hsv=128,nh=4,nr23=[4,1],kv=512,nb=1,mask=1,sinks=1,max_bias=0.000000,logit_softcap=0.000000,prec=f32,type_K=iq4_nl,type_V=iq4_nl,permute=[0,1,2,3]): not supported [ROCm0] 
  FLASH_ATTN_EXT(hsk=128,hsv=128,nh=4,nr23=[4,1],kv=512,nb=1,mask=1,sinks=1,max_bias=0.000000,logit_softcap=0.000000,prec=f32,type_K=iq4_nl,type_V=iq4_nl,permute=[0,2,1,3]): not supported [ROCm0] 
  FLASH_ATTN_EXT(hsk=128,hsv=128,nh=4,nr23=[4,1],kv=512,nb=1,mask=1,sinks=1,max_bias=0.000000,logit_softcap=0.000000,prec=f32,type_K=turbo3,type_V=turbo3,permute=[0,1,2,3]): [1;32mOK[0m
  FLASH_ATTN_EXT(hsk=128,hsv=128,nh=4,nr23=[4,1],kv=512,nb=1,mask=1,sinks=1,max_bias=0.000000,logit_softcap=0.000000,prec=f32,type_K=turbo3,type_V=turbo3,permute=[0,2,1,3]): [1;32mOK[0m
  FLASH_ATTN_EXT(hsk=128,hsv=128,nh=4,nr23=[4,1],kv=512,nb=1,mask=1,sinks=1,max_bias=0.000000,logit_softcap=0.000000,prec=f32,type_K=turbo4,type_V=turbo4,permute=[0,1,2,3]): [1;32mOK[0m
  FLASH_ATTN_EXT(hsk=128,hsv=128,nh=4,nr23=[4,1],kv=512,nb=1,mask=1,sinks=1,max_bias=0.000000,logit_softcap=0.000000,prec=f32,type_K=turbo4,type_V=turbo4,permute=[0,2,1,3]): [1;32mOK[0m
  FLASH_ATTN_EXT(hsk=128,hsv=128,nh=4,nr23=[4,1],kv=512,nb=1,mask=1,sinks=1,max_bias=0.000000,logit_softcap=0.000000,prec=def,type_K=f32,type_V=f32,permute=[0,1,2,3]): [1;32mOK[0m
  FLASH_ATTN_EXT(hsk=128,hsv=128,nh=4,nr23=[4,1],kv=512,nb=1,mask=1,sinks=1,max_bias=0.000000,logit_softcap=0.000000,prec=def,type_K=f32,type_V=f32,permute=[0,2,1,3]): [1;32mOK[0m
  FLASH_ATTN_EXT(hsk=128,hsv=128,nh=4,nr23=[4,1],kv=512,nb=1,mask=1,sinks=1,max_bias=0.000000,logit_softcap=0.000000,prec=def,type_K=f16,type_V=f16,permute=[0,1,2,3]): [1;32mOK[0m
  FLASH_ATTN_EXT(hsk=128,hsv=128,nh=4,nr23=[4,1],kv=512,nb=1,mask=1,sinks=1,max_bias=0.000000,logit_softcap=0.000000,prec=def,type_K=f16,type_V=f16,permute=[0,2,1,3]): [1;32mOK[0m
  FLASH_ATTN_EXT(hsk=128,hsv=128,nh=4,nr23=[4,1],kv=512,nb=1,mask=1,sinks=1,max_bias=0.000000,logit_softcap=0.000000,prec=def,type_K=bf16,type_V=bf16,permute=[0,1,2,3]): [1;32mOK[0m
  FLASH_ATTN_EXT(hsk=128,hsv=128,nh=4,nr23=[4,1],kv=512,nb=1,mask=1,sinks=1,max_bias=0.000000,logit_softcap=0.000000,prec=def,type_K=bf16,type_V=bf16,permute=[0,2,1,3]): [1;32mOK[0m
  FLASH_ATTN_EXT(hsk=128,hsv=128,nh=4,nr23=[4,1],kv=512,nb=1,mask=1,sinks=1,max_bias=0.000000,logit_softcap=0.000000,prec=def,type_K=q8_0,type_V=q8_0,permute=[0,1,2,3]): [1;32mOK[0m
  FLASH_ATTN_EXT(hsk=128,hsv=128,nh=4,nr23=[4,1],kv=512,nb=1,mask=1,sinks=1,max_bias=0.000000,logit_softcap=0.000000,prec=def,type_K=q8_0,type_V=q8_0,permute=[0,2,1,3]): [1;32mOK[0m
  FLASH_ATTN_EXT(hsk=128,hsv=128,nh=4,nr23=[4,1],kv=512,nb=1,mask=1,sinks=1,max_bias=0.000000,logit_softcap=0.000000,prec=def,type_K=q5_1,type_V=q5_1,permute=[0,1,2,3]): not supported [ROCm0] 
  FLASH_ATTN_EXT(hsk=128,hsv=128,nh=4,nr23=[4,1],kv=512,nb=1,mask=1,sinks=1,max_bias=0.000000,logit_softcap=0.000000,prec=def,type_K=q5_1,type_V=q5_1,permute=[0,2,1,3]): not supported [ROCm0] 
  FLASH_ATTN_EXT(hsk=128,hsv=128,nh=4,nr23=[4,1],kv=512,nb=1,mask=1,sinks=1,max_bias=0.000000,logit_softcap=0.000000,prec=def,type_K=q5_0,type_V=q5_0,permute=[0,1,2,3]): not supported [ROCm0] 
  FLASH_ATTN_EXT(hsk=128,hsv=128,nh=4,nr23=[4,1],kv=512,nb=1,mask=1,sinks=1,max_bias=0.000000,logit_softcap=0.000000,prec=def,type_K=q5_0,type_V=q5_0,permute=[0,2,1,3]): not supported [ROCm0] 
  FLASH_ATTN_EXT(hsk=128,hsv=128,nh=4,nr23=[4,1],kv=512,nb=1,mask=1,sinks=1,max_bias=0.000000,logit_softcap=0.000000,prec=def,type_K=q4_1,type_V=q4_1,permute=[0,1,2,3]): not supported [ROCm0] 
  FLASH_ATTN_EXT(hsk=128,hsv=128,nh=4,nr23=[4,1],kv=512,nb=1,mask=1,sinks=1,max_bias=0.000000,logit_softcap=0.000000,prec=def,type_K=q4_1,type_V=q4_1,permute=[0,2,1,3]): not supported [ROCm0] 
  FLASH_ATTN_EXT(hsk=128,hsv=128,nh=4,nr23=[4,1],kv=512,nb=1,mask=1,sinks=1,max_bias=0.000000,logit_softcap=0.000000,prec=def,type_K=q4_0,type_V=q4_0,permute=[0,1,2,3]): [1;32mOK[0m
  FLASH_ATTN_EXT(hsk=128,hsv=128,nh=4,nr23=[4,1],kv=512,nb=1,mask=1,sinks=1,max_bias=0.000000,logit_softcap=0.000000,prec=def,type_K=q4_0,type_V=q4_0,permute=[0,2,1,3]): [1;32mOK[0m
  FLASH_ATTN_EXT(hsk=128,hsv=128,nh=4,nr23=[4,1],kv=512,nb=1,mask=1,sinks=1,max_bias=0.000000,logit_softcap=0.000000,prec=def,type_K=iq4_nl,type_V=iq4_nl,permute=[0,1,2,3]): not supported [ROCm0] 
  FLASH_ATTN_EXT(hsk=128,hsv=128,nh=4,nr23=[4,1],kv=512,nb=1,mask=1,sinks=1,max_bias=0.000000,logit_softcap=0.000000,prec=def,type_K=iq4_nl,type_V=iq4_nl,permute=[0,2,1,3]): not supported [ROCm0] 
  FLASH_ATTN_EXT(hsk=128,hsv=128,nh=4,nr23=[4,1],kv=512,nb=1,mask=1,sinks=1,max_bias=0.000000,logit_softcap=0.000000,prec=def,type_K=turbo3,type_V=turbo3,permute=[0,1,2,3]): [1;32mOK[0m
  FLASH_ATTN_EXT(hsk=128,hsv=128,nh=4,nr23=[4,1],kv=512,nb=1,mask=1,sinks=1,max_bias=0.000000,logit_softcap=0.000000,prec=def,type_K=turbo3,type_V=turbo3,permute=[0,2,1,3]): [1;32mOK[0m
  FLASH_ATTN_EXT(hsk=128,hsv=128,nh=4,nr23=[4,1],kv=512,nb=1,mask=1,sinks=1,max_bias=0.000000,logit_softcap=0.000000,prec=def,type_K=turbo4,type_V=turbo4,permute=[0,1,2,3]): [1;32mOK[0m
  FLASH_ATTN_EXT(hsk=128,hsv=128,nh=4,nr23=[4,1],kv=512,nb=1,mask=1,sinks=1,max_bias=0.000000,logit_softcap=0.000000,prec=def,type_K=turbo4,type_V=turbo4,permute=[0,2,1,3]): [1;32mOK[0m
  FLASH_ATTN_EXT(hsk=128,hsv=128,nh=4,nr23=[4,1],kv=512,nb=3,mask=1,sinks=1,max_bias=0.000000,logit_softcap=0.000000,prec=f32,type_K=f32,type_V=f32,permute=[0,1,2,3]): ggml_backend_cuda_graph_compute: CUDA graph warmup complete
ggml_backend_cuda_graph_compute: CUDA graph warmup complete
[1;32mOK[0m
  FLASH_ATTN_EXT(hsk=128,hsv=128,nh=4,nr23=[4,1],kv=512,nb=3,mask=1,sinks=1,max_bias=0.000000,logit_softcap=0.000000,prec=f32,type_K=f32,type_V=f32,permute=[0,2,1,3]): ggml_backend_cuda_graph_compute: CUDA graph warmup reset
ggml_backend_cuda_graph_compute: CUDA graph warmup reset
[1;32mOK[0m
  FLASH_ATTN_EXT(hsk=128,hsv=128,nh=4,nr23=[4,1],kv=512,nb=3,mask=1,sinks=1,max_bias=0.000000,logit_softcap=0.000000,prec=f32,type_K=f16,type_V=f16,permute=[0,1,2,3]): [1;32mOK[0m
  FLASH_ATTN_EXT(hsk=128,hsv=128,nh=4,nr23=[4,1],kv=512,nb=3,mask=1,sinks=1,max_bias=0.000000,logit_softcap=0.000000,prec=f32,type_K=f16,type_V=f16,permute=[0,2,1,3]): [1;32mOK[0m
  FLASH_ATTN_EXT(hsk=128,hsv=128,nh=4,nr23=[4,1],kv=512,nb=3,mask=1,sinks=1,max_bias=0.000000,logit_softcap=0.000000,prec=f32,type_K=bf16,type_V=bf16,permute=[0,1,2,3]): [1;32mOK[0m
  FLASH_ATTN_EXT(hsk=128,hsv=128,nh=4,nr23=[4,1],kv=512,nb=3,mask=1,sinks=1,max_bias=0.000000,logit_softcap=0.000000,prec=f32,type_K=bf16,type_V=bf16,permute=[0,2,1,3]): [1;32mOK[0m
  FLASH_ATTN_EXT(hsk=128,hsv=128,nh=4,nr23=[4,1],kv=512,nb=3,mask=1,sinks=1,max_bias=0.000000,logit_softcap=0.000000,prec=f32,type_K=q8_0,type_V=q8_0,permute=[0,1,2,3]): ggml_backend_cuda_graph_compute: CUDA graph warmup complete
ggml_backend_cuda_graph_compute: CUDA graph warmup complete
[1;32mOK[0m
  FLASH_ATTN_EXT(hsk=128,hsv=128,nh=4,nr23=[4,1],kv=512,nb=3,mask=1,sinks=1,max_bias=0.000000,logit_softcap=0.000000,prec=f32,type_K=q8_0,type_V=q8_0,permute=[0,2,1,3]): [1;32mOK[0m
  FLASH_ATTN_EXT(hsk=128,hsv=128,nh=4,nr23=[4,1],kv=512,nb=3,mask=1,sinks=1,max_bias=0.000000,logit_softcap=0.000000,prec=f32,type_K=q5_1,type_V=q5_1,permute=[0,1,2,3]): not supported [ROCm0] 
  FLASH_ATTN_EXT(hsk=128,hsv=128,nh=4,nr23=[4,1],kv=512,nb=3,mask=1,sinks=1,max_bias=0.000000,logit_softcap=0.000000,prec=f32,type_K=q5_1,type_V=q5_1,permute=[0,2,1,3]): not supported [ROCm0] 
  FLASH_ATTN_EXT(hsk=128,hsv=128,nh=4,nr23=[4,1],kv=512,nb=3,mask=1,sinks=1,max_bias=0.000000,logit_softcap=0.000000,prec=f32,type_K=q5_0,type_V=q5_0,permute=[0,1,2,3]): not supported [ROCm0] 
  FLASH_ATTN_EXT(hsk=128,hsv=128,nh=4,nr23=[4,1],kv=512,nb=3,mask=1,sinks=1,max_bias=0.000000,logit_softcap=0.000000,prec=f32,type_K=q5_0,type_V=q5_0,permute=[0,2,1,3]): not supported [ROCm0] 
  FLASH_ATTN_EXT(hsk=128,hsv=128,nh=4,nr23=[4,1],kv=512,nb=3,mask=1,sinks=1,max_bias=0.000000,logit_softcap=0.000000,prec=f32,type_K=q4_1,type_V=q4_1,permute=[0,1,2,3]): not supported [ROCm0] 
  FLASH_ATTN_EXT(hsk=128,hsv=128,nh=4,nr23=[4,1],kv=512,nb=3,mask=1,sinks=1,max_bias=0.000000,logit_softcap=0.000000,prec=f32,type_K=q4_1,type_V=q4_1,permute=[0,2,1,3]): ggml_backend_cuda_graph_compute: CUDA graph warmup reset
ggml_backend_cuda_graph_compute: CUDA graph warmup reset
not supported [ROCm0] 
  FLASH_ATTN_EXT(hsk=128,hsv=128,nh=4,nr23=[4,1],kv=512,nb=3,mask=1,sinks=1,max_bias=0.000000,logit_softcap=0.000000,prec=f32,type_K=q4_0,type_V=q4_0,permute=[0,1,2,3]): [1;32mOK[0m
  FLASH_ATTN_EXT(hsk=128,hsv=128,nh=4,nr23=[4,1],kv=512,nb=3,mask=1,sinks=1,max_bias=0.000000,logit_softcap=0.000000,prec=f32,type_K=q4_0,type_V=q4_0,permute=[0,2,1,3]): [1;32mOK[0m
  FLASH_ATTN_EXT(hsk=128,hsv=128,nh=4,nr23=[4,1],kv=512,nb=3,mask=1,sinks=1,max_bias=0.000000,logit_softcap=0.000000,prec=f32,type_K=iq4_nl,type_V=iq4_nl,permute=[0,1,2,3]): not supported [ROCm0] 
  FLASH_ATTN_EXT(hsk=128,hsv=128,nh=4,nr23=[4,1],kv=512,nb=3,mask=1,sinks=1,max_bias=0.000000,logit_softcap=0.000000,prec=f32,type_K=iq4_nl,type_V=iq4_nl,permute=[0,2,1,3]): not supported [ROCm0] 
  FLASH_ATTN_EXT(hsk=128,hsv=128,nh=4,nr23=[4,1],kv=512,nb=3,mask=1,sinks=1,max_bias=0.000000,logit_softcap=0.000000,prec=f32,type_K=turbo3,type_V=turbo3,permute=[0,1,2,3]): [1;32mOK[0m
  FLASH_ATTN_EXT(hsk=128,hsv=128,nh=4,nr23=[4,1],kv=512,nb=3,mask=1,sinks=1,max_bias=0.000000,logit_softcap=0.000000,prec=f32,type_K=turbo3,type_V=turbo3,permute=[0,2,1,3]): [1;32mOK[0m
  FLASH_ATTN_EXT(hsk=128,hsv=128,nh=4,nr23=[4,1],kv=512,nb=3,mask=1,sinks=1,max_bias=0.000000,logit_softcap=0.000000,prec=f32,type_K=turbo4,type_V=turbo4,permute=[0,1,2,3]): [1;32mOK[0m
  FLASH_ATTN_EXT(hsk=128,hsv=128,nh=4,nr23=[4,1],kv=512,nb=3,mask=1,sinks=1,max_bias=0.000000,logit_softcap=0.000000,prec=f32,type_K=turbo4,type_V=turbo4,permute=[0,2,1,3]): [1;32mOK[0m
  FLASH_ATTN_EXT(hsk=128,hsv=128,nh=4,nr23=[4,1],kv=512,nb=3,mask=1,sinks=1,max_bias=0.000000,logit_softcap=0.000000,prec=def,type_K=f32,type_V=f32,permute=[0,1,2,3]): [1;32mOK[0m
  FLASH_ATTN_EXT(hsk=128,hsv=128,nh=4,nr23=[4,1],kv=512,nb=3,mask=1,sinks=1,max_bias=0.000000,logit_softcap=0.000000,prec=def,type_K=f32,type_V=f32,permute=[0,2,1,3]): [1;32mOK[0m
  FLASH_ATTN_EXT(hsk=128,hsv=128,nh=4,nr23=[4,1],kv=512,nb=3,mask=1,sinks=1,max_bias=0.000000,logit_softcap=0.000000,prec=def,type_K=f16,type_V=f16,permute=[0,1,2,3]): [1;32mOK[0m
  FLASH_ATTN_EXT(hsk=128,hsv=128,nh=4,nr23=[4,1],kv=512,nb=3,mask=1,sinks=1,max_bias=0.000000,logit_softcap=0.000000,prec=def,type_K=f16,type_V=f16,permute=[0,2,1,3]): [1;32mOK[0m
  FLASH_ATTN_EXT(hsk=128,hsv=128,nh=4,nr23=[4,1],kv=512,nb=3,mask=1,sinks=1,max_bias=0.000000,logit_softcap=0.000000,prec=def,type_K=bf16,type_V=bf16,permute=[0,1,2,3]): [1;32mOK[0m
  FLASH_ATTN_EXT(hsk=128,hsv=128,nh=4,nr23=[4,1],kv=512,nb=3,mask=1,sinks=1,max_bias=0.000000,logit_softcap=0.000000,prec=def,type_K=bf16,type_V=bf16,permute=[0,2,1,3]): [1;32mOK[0m
  FLASH_ATTN_EXT(hsk=128,hsv=128,nh=4,nr23=[4,1],kv=512,nb=3,mask=1,sinks=1,max_bias=0.000000,logit_softcap=0.000000,prec=def,type_K=q8_0,type_V=q8_0,permute=[0,1,2,3]): [1;32mOK[0m
  FLASH_ATTN_EXT(hsk=128,hsv=128,nh=4,nr23=[4,1],kv=512,nb=3,mask=1,sinks=1,max_bias=0.000000,logit_softcap=0.000000,prec=def,type_K=q8_0,type_V=q8_0,permute=[0,2,1,3]): [1;32mOK[0m
  FLASH_ATTN_EXT(hsk=128,hsv=128,nh=4,nr23=[4,1],kv=512,nb=3,mask=1,sinks=1,max_bias=0.000000,logit_softcap=0.000000,prec=def,type_K=q5_1,type_V=q5_1,permute=[0,1,2,3]): not supported [ROCm0] 
  FLASH_ATTN_EXT(hsk=128,hsv=128,nh=4,nr23=[4,1],kv=512,nb=3,mask=1,sinks=1,max_bias=0.000000,logit_softcap=0.000000,prec=def,type_K=q5_1,type_V=q5_1,permute=[0,2,1,3]): not supported [ROCm0] 
  FLASH_ATTN_EXT(hsk=128,hsv=128,nh=4,nr23=[4,1],kv=512,nb=3,mask=1,sinks=1,max_bias=0.000000,logit_softcap=0.000000,prec=def,type_K=q5_0,type_V=q5_0,permute=[0,1,2,3]): not supported [ROCm0] 
  FLASH_ATTN_EXT(hsk=128,hsv=128,nh=4,nr23=[4,1],kv=512,nb=3,mask=1,sinks=1,max_bias=0.000000,logit_softcap=0.000000,prec=def,type_K=q5_0,type_V=q5_0,permute=[0,2,1,3]): not supported [ROCm0] 
  FLASH_ATTN_EXT(hsk=128,hsv=128,nh=4,nr23=[4,1],kv=512,nb=3,mask=1,sinks=1,max_bias=0.000000,logit_softcap=0.000000,prec=def,type_K=q4_1,type_V=q4_1,permute=[0,1,2,3]): not supported [ROCm0] 
  FLASH_ATTN_EXT(hsk=128,hsv=128,nh=4,nr23=[4,1],kv=512,nb=3,mask=1,sinks=1,max_bias=0.000000,logit_softcap=0.000000,prec=def,type_K=q4_1,type_V=q4_1,permute=[0,2,1,3]): ggml_backend_cuda_graph_compute: CUDA graph warmup complete
ggml_backend_cuda_graph_compute: CUDA graph warmup complete
not supported [ROCm0] 
  FLASH_ATTN_EXT(hsk=128,hsv=128,nh=4,nr23=[4,1],kv=512,nb=3,mask=1,sinks=1,max_bias=0.000000,logit_softcap=0.000000,prec=def,type_K=q4_0,type_V=q4_0,permute=[0,1,2,3]): ggml_backend_cuda_graph_compute: CUDA graph warmup reset
ggml_backend_cuda_graph_compute: CUDA graph warmup reset
[1;32mOK[0m
  FLASH_ATTN_EXT(hsk=128,hsv=128,nh=4,nr23=[4,1],kv=512,nb=3,mask=1,sinks=1,max_bias=0.000000,logit_softcap=0.000000,prec=def,type_K=q4_0,type_V=q4_0,permute=[0,2,1,3]): [1;32mOK[0m
  FLASH_ATTN_EXT(hsk=128,hsv=128,nh=4,nr23=[4,1],kv=512,nb=3,mask=1,sinks=1,max_bias=0.000000,logit_softcap=0.000000,prec=def,type_K=iq4_nl,type_V=iq4_nl,permute=[0,1,2,3]): not supported [ROCm0] 
  FLASH_ATTN_EXT(hsk=128,hsv=128,nh=4,nr23=[4,1],kv=512,nb=3,mask=1,sinks=1,max_bias=0.000000,logit_softcap=0.000000,prec=def,type_K=iq4_nl,type_V=iq4_nl,permute=[0,2,1,3]): not supported [ROCm0] 
  FLASH_ATTN_EXT(hsk=128,hsv=128,nh=4,nr23=[4,1],kv=512,nb=3,mask=1,sinks=1,max_bias=0.000000,logit_softcap=0.000000,prec=def,type_K=turbo3,type_V=turbo3,permute=[0,1,2,3]): [1;32mOK[0m
  FLASH_ATTN_EXT(hsk=128,hsv=128,nh=4,nr23=[4,1],kv=512,nb=3,mask=1,sinks=1,max_bias=0.000000,logit_softcap=0.000000,prec=def,type_K=turbo3,type_V=turbo3,permute=[0,2,1,3]): [1;32mOK[0m
  FLASH_ATTN_EXT(hsk=128,hsv=128,nh=4,nr23=[4,1],kv=512,nb=3,mask=1,sinks=1,max_bias=0.000000,logit_softcap=0.000000,prec=def,type_K=turbo4,type_V=turbo4,permute=[0,1,2,3]): [1;32mOK[0m
  FLASH_ATTN_EXT(hsk=128,hsv=128,nh=4,nr23=[4,1],kv=512,nb=3,mask=1,sinks=1,max_bias=0.000000,logit_softcap=0.000000,prec=def,type_K=turbo4,type_V=turbo4,permute=[0,2,1,3]): [1;32mOK[0m
  FLASH_ATTN_EXT(hsk=128,hsv=128,nh=4,nr23=[4,1],kv=512,nb=32,mask=1,sinks=1,max_bias=0.000000,logit_softcap=0.000000,prec=f32,type_K=f32,type_V=f32,permute=[0,1,2,3]): [1;32mOK[0m
  FLASH_ATTN_EXT(hsk=128,hsv=128,nh=4,nr23=[4,1],kv=512,nb=32,mask=1,sinks=1,max_bias=0.000000,logit_softcap=0.000000,prec=f32,type_K=f32,type_V=f32,permute=[0,2,1,3]): [1;32mOK[0m
  FLASH_ATTN_EXT(hsk=128,hsv=128,nh=4,nr23=[4,1],kv=512,nb=32,mask=1,sinks=1,max_bias=0.000000,logit_softcap=0.000000,prec=f32,type_K=f16,type_V=f16,permute=[0,1,2,3]): [1;32mOK[0m
  FLASH_ATTN_EXT(hsk=128,hsv=128,nh=4,nr23=[4,1],kv=512,nb=32,mask=1,sinks=1,max_bias=0.000000,logit_softcap=0.000000,prec=f32,type_K=f16,type_V=f16,permute=[0,2,1,3]): [1;32mOK[0m
  FLASH_ATTN_EXT(hsk=128,hsv=128,nh=4,nr23=[4,1],kv=512,nb=32,mask=1,sinks=1,max_bias=0.000000,logit_softcap=0.000000,prec=f32,type_K=bf16,type_V=bf16,permute=[0,1,2,3]): [1;32mOK[0m
  FLASH_ATTN_EXT(hsk=128,hsv=128,nh=4,nr23=[4,1],kv=512,nb=32,mask=1,sinks=1,max_bias=0.000000,logit_softcap=0.000000,prec=f32,type_K=bf16,type_V=bf16,permute=[0,2,1,3]): [1;32mOK[0m
  FLASH_ATTN_EXT(hsk=128,hsv=128,nh=4,nr23=[4,1],kv=512,nb=32,mask=1,sinks=1,max_bias=0.000000,logit_softcap=0.000000,prec=f32,type_K=q8_0,type_V=q8_0,permute=[0,1,2,3]): [1;32mOK[0m
  FLASH_ATTN_EXT(hsk=128,hsv=128,nh=4,nr23=[4,1],kv=512,nb=32,mask=1,sinks=1,max_bias=0.000000,logit_softcap=0.000000,prec=f32,type_K=q8_0,type_V=q8_0,permute=[0,2,1,3]): [1;32mOK[0m
  FLASH_ATTN_EXT(hsk=128,hsv=128,nh=4,nr23=[4,1],kv=512,nb=32,mask=1,sinks=1,max_bias=0.000000,logit_softcap=0.000000,prec=f32,type_K=q5_1,type_V=q5_1,permute=[0,1,2,3]): not supported [ROCm0] 
  FLASH_ATTN_EXT(hsk=128,hsv=128,nh=4,nr23=[4,1],kv=512,nb=32,mask=1,sinks=1,max_bias=0.000000,logit_softcap=0.000000,prec=f32,type_K=q5_1,type_V=q5_1,permute=[0,2,1,3]): not supported [ROCm0] 
  FLASH_ATTN_EXT(hsk=128,hsv=128,nh=4,nr23=[4,1],kv=512,nb=32,mask=1,sinks=1,max_bias=0.000000,logit_softcap=0.000000,prec=f32,type_K=q5_0,type_V=q5_0,permute=[0,1,2,3]): not supported [ROCm0] 
  FLASH_ATTN_EXT(hsk=128,hsv=128,nh=4,nr23=[4,1],kv=512,nb=32,mask=1,sinks=1,max_bias=0.000000,logit_softcap=0.000000,prec=f32,type_K=q5_0,type_V=q5_0,permute=[0,2,1,3]): not supported [ROCm0] 
  FLASH_ATTN_EXT(hsk=128,hsv=128,nh=4,nr23=[4,1],kv=512,nb=32,mask=1,sinks=1,max_bias=0.000000,logit_softcap=0.000000,prec=f32,type_K=q4_1,type_V=q4_1,permute=[0,1,2,3]): not supported [ROCm0] 
  FLASH_ATTN_EXT(hsk=128,hsv=128,nh=4,nr23=[4,1],kv=512,nb=32,mask=1,sinks=1,max_bias=0.000000,logit_softcap=0.000000,prec=f32,type_K=q4_1,type_V=q4_1,permute=[0,2,1,3]): not supported [ROCm0] 
  FLASH_ATTN_EXT(hsk=128,hsv=128,nh=4,nr23=[4,1],kv=512,nb=32,mask=1,sinks=1,max_bias=0.000000,logit_softcap=0.000000,prec=f32,type_K=q4_0,type_V=q4_0,permute=[0,1,2,3]): [1;32mOK[0m
  FLASH_ATTN_EXT(hsk=128,hsv=128,nh=4,nr23=[4,1],kv=512,nb=32,mask=1,sinks=1,max_bias=0.000000,logit_softcap=0.000000,prec=f32,type_K=q4_0,type_V=q4_0,permute=[0,2,1,3]): [1;32mOK[0m
  FLASH_ATTN_EXT(hsk=128,hsv=128,nh=4,nr23=[4,1],kv=512,nb=32,mask=1,sinks=1,max_bias=0.000000,logit_softcap=0.000000,prec=f32,type_K=iq4_nl,type_V=iq4_nl,permute=[0,1,2,3]): not supported [ROCm0] 
  FLASH_ATTN_EXT(hsk=128,hsv=128,nh=4,nr23=[4,1],kv=512,nb=32,mask=1,sinks=1,max_bias=0.000000,logit_softcap=0.000000,prec=f32,type_K=iq4_nl,type_V=iq4_nl,permute=[0,2,1,3]): not supported [ROCm0] 
  FLASH_ATTN_EXT(hsk=128,hsv=128,nh=4,nr23=[4,1],kv=512,nb=32,mask=1,sinks=1,max_bias=0.000000,logit_softcap=0.000000,prec=f32,type_K=turbo3,type_V=turbo3,permute=[0,1,2,3]): [1;32mOK[0m
  FLASH_ATTN_EXT(hsk=128,hsv=128,nh=4,nr23=[4,1],kv=512,nb=32,mask=1,sinks=1,max_bias=0.000000,logit_softcap=0.000000,prec=f32,type_K=turbo3,type_V=turbo3,permute=[0,2,1,3]): [1;32mOK[0m
  FLASH_ATTN_EXT(hsk=128,hsv=128,nh=4,nr23=[4,1],kv=512,nb=32,mask=1,sinks=1,max_bias=0.000000,logit_softcap=0.000000,prec=f32,type_K=turbo4,type_V=turbo4,permute=[0,1,2,3]): [1;32mOK[0m
  FLASH_ATTN_EXT(hsk=128,hsv=128,nh=4,nr23=[4,1],kv=512,nb=32,mask=1,sinks=1,max_bias=0.000000,logit_softcap=0.000000,prec=f32,type_K=turbo4,type_V=turbo4,permute=[0,2,1,3]): [1;32mOK[0m
  FLASH_ATTN_EXT(hsk=128,hsv=128,nh=4,nr23=[4,1],kv=512,nb=32,mask=1,sinks=1,max_bias=0.000000,logit_softcap=0.000000,prec=def,type_K=f32,type_V=f32,permute=[0,1,2,3]): [1;32mOK[0m
  FLASH_ATTN_EXT(hsk=128,hsv=128,nh=4,nr23=[4,1],kv=512,nb=32,mask=1,sinks=1,max_bias=0.000000,logit_softcap=0.000000,prec=def,type_K=f32,type_V=f32,permute=[0,2,1,3]): [1;32mOK[0m
  FLASH_ATTN_EXT(hsk=128,hsv=128,nh=4,nr23=[4,1],kv=512,nb=32,mask=1,sinks=1,max_bias=0.000000,logit_softcap=0.000000,prec=def,type_K=f16,type_V=f16,permute=[0,1,2,3]): [1;32mOK[0m
  FLASH_ATTN_EXT(hsk=128,hsv=128,nh=4,nr23=[4,1],kv=512,nb=32,mask=1,sinks=1,max_bias=0.000000,logit_softcap=0.000000,prec=def,type_K=f16,type_V=f16,permute=[0,2,1,3]): ggml_backend_cuda_graph_compute: CUDA graph warmup complete
ggml_backend_cuda_graph_compute: CUDA graph warmup complete
[1;32mOK[0m
  FLASH_ATTN_EXT(hsk=128,hsv=128,nh=4,nr23=[4,1],kv=512,nb=32,mask=1,sinks=1,max_bias=0.000000,logit_softcap=0.000000,prec=def,type_K=bf16,type_V=bf16,permute=[0,1,2,3]): [1;32mOK[0m
  FLASH_ATTN_EXT(hsk=128,hsv=128,nh=4,nr23=[4,1],kv=512,nb=32,mask=1,sinks=1,max_bias=0.000000,logit_softcap=0.000000,prec=def,type_K=bf16,type_V=bf16,permute=[0,2,1,3]): ggml_backend_cuda_graph_compute: CUDA graph warmup complete
ggml_backend_cuda_graph_compute: CUDA graph warmup complete
ggml_backend_cuda_graph_compute: CUDA graph warmup reset
ggml_backend_cuda_graph_compute: CUDA graph warmup reset
[1;32mOK[0m
  FLASH_ATTN_EXT(hsk=128,hsv=128,nh=4,nr23=[4,1],kv=512,nb=32,mask=1,sinks=1,max_bias=0.000000,logit_softcap=0.000000,prec=def,type_K=q8_0,type_V=q8_0,permute=[0,1,2,3]): ggml_backend_cuda_graph_compute: CUDA graph warmup reset
ggml_backend_cuda_graph_compute: CUDA graph warmup reset
[1;32mOK[0m
  FLASH_ATTN_EXT(hsk=128,hsv=128,nh=4,nr23=[4,1],kv=512,nb=32,mask=1,sinks=1,max_bias=0.000000,logit_softcap=0.000000,prec=def,type_K=q8_0,type_V=q8_0,permute=[0,2,1,3]): [1;32mOK[0m
  FLASH_ATTN_EXT(hsk=128,hsv=128,nh=4,nr23=[4,1],kv=512,nb=32,mask=1,sinks=1,max_bias=0.000000,logit_softcap=0.000000,prec=def,type_K=q5_1,type_V=q5_1,permute=[0,1,2,3]): not supported [ROCm0] 
  FLASH_ATTN_EXT(hsk=128,hsv=128,nh=4,nr23=[4,1],kv=512,nb=32,mask=1,sinks=1,max_bias=0.000000,logit_softcap=0.000000,prec=def,type_K=q5_1,type_V=q5_1,permute=[0,2,1,3]): not supported [ROCm0] 
  FLASH_ATTN_EXT(hsk=128,hsv=128,nh=4,nr23=[4,1],kv=512,nb=32,mask=1,sinks=1,max_bias=0.000000,logit_softcap=0.000000,prec=def,type_K=q5_0,type_V=q5_0,permute=[0,1,2,3]): not supported [ROCm0] 
  FLASH_ATTN_EXT(hsk=128,hsv=128,nh=4,nr23=[4,1],kv=512,nb=32,mask=1,sinks=1,max_bias=0.000000,logit_softcap=0.000000,prec=def,type_K=q5_0,type_V=q5_0,permute=[0,2,1,3]): not supported [ROCm0] 
  FLASH_ATTN_EXT(hsk=128,hsv=128,nh=4,nr23=[4,1],kv=512,nb=32,mask=1,sinks=1,max_bias=0.000000,logit_softcap=0.000000,prec=def,type_K=q4_1,type_V=q4_1,permute=[0,1,2,3]): not supported [ROCm0] 
  FLASH_ATTN_EXT(hsk=128,hsv=128,nh=4,nr23=[4,1],kv=512,nb=32,mask=1,sinks=1,max_bias=0.000000,logit_softcap=0.000000,prec=def,type_K=q4_1,type_V=q4_1,permute=[0,2,1,3]): not supported [ROCm0] 
  FLASH_ATTN_EXT(hsk=128,hsv=128,nh=4,nr23=[4,1],kv=512,nb=32,mask=1,sinks=1,max_bias=0.000000,logit_softcap=0.000000,prec=def,type_K=q4_0,type_V=q4_0,permute=[0,1,2,3]): [1;32mOK[0m
  FLASH_ATTN_EXT(hsk=128,hsv=128,nh=4,nr23=[4,1],kv=512,nb=32,mask=1,sinks=1,max_bias=0.000000,logit_softcap=0.000000,prec=def,type_K=q4_0,type_V=q4_0,permute=[0,2,1,3]): [1;32mOK[0m
  FLASH_ATTN_EXT(hsk=128,hsv=128,nh=4,nr23=[4,1],kv=512,nb=32,mask=1,sinks=1,max_bias=0.000000,logit_softcap=0.000000,prec=def,type_K=iq4_nl,type_V=iq4_nl,permute=[0,1,2,3]): not supported [ROCm0] 
  FLASH_ATTN_EXT(hsk=128,hsv=128,nh=4,nr23=[4,1],kv=512,nb=32,mask=1,sinks=1,max_bias=0.000000,logit_softcap=0.000000,prec=def,type_K=iq4_nl,type_V=iq4_nl,permute=[0,2,1,3]): not supported [ROCm0] 
  FLASH_ATTN_EXT(hsk=128,hsv=128,nh=4,nr23=[4,1],kv=512,nb=32,mask=1,sinks=1,max_bias=0.000000,logit_softcap=0.000000,prec=def,type_K=turbo3,type_V=turbo3,permute=[0,1,2,3]): [1;32mOK[0m
  FLASH_ATTN_EXT(hsk=128,hsv=128,nh=4,nr23=[4,1],kv=512,nb=32,mask=1,sinks=1,max_bias=0.000000,logit_softcap=0.000000,prec=def,type_K=turbo3,type_V=turbo3,permute=[0,2,1,3]): [1;32mOK[0m
  FLASH_ATTN_EXT(hsk=128,hsv=128,nh=4,nr23=[4,1],kv=512,nb=32,mask=1,sinks=1,max_bias=0.000000,logit_softcap=0.000000,prec=def,type_K=turbo4,type_V=turbo4,permute=[0,1,2,3]): [1;32mOK[0m
  FLASH_ATTN_EXT(hsk=128,hsv=128,nh=4,nr23=[4,1],kv=512,nb=32,mask=1,sinks=1,max_bias=0.000000,logit_softcap=0.000000,prec=def,type_K=turbo4,type_V=turbo4,permute=[0,2,1,3]): [1;32mOK[0m
  FLASH_ATTN_EXT(hsk=128,hsv=128,nh=4,nr23=[4,1],kv=512,nb=75,mask=1,sinks=1,max_bias=0.000000,logit_softcap=0.000000,prec=f32,type_K=f32,type_V=f32,permute=[0,1,2,3]): ggml_backend_cuda_graph_compute: CUDA graph warmup complete
ggml_backend_cuda_graph_compute: CUDA graph warmup complete
[1;32mOK[0m
  FLASH_ATTN_EXT(hsk=128,hsv=128,nh=4,nr23=[4,1],kv=512,nb=75,mask=1,sinks=1,max_bias=0.000000,logit_softcap=0.000000,prec=f32,type_K=f32,type_V=f32,permute=[0,2,1,3]): ggml_backend_cuda_graph_compute: CUDA graph warmup reset
ggml_backend_cuda_graph_compute: CUDA graph warmup reset
[1;32mOK[0m
  FLASH_ATTN_EXT(hsk=128,hsv=128,nh=4,nr23=[4,1],kv=512,nb=75,mask=1,sinks=1,max_bias=0.000000,logit_softcap=0.000000,prec=f32,type_K=f16,type_V=f16,permute=[0,1,2,3]): [1;32mOK[0m
  FLASH_ATTN_EXT(hsk=128,hsv=128,nh=4,nr23=[4,1],kv=512,nb=75,mask=1,sinks=1,max_bias=0.000000,logit_softcap=0.000000,prec=f32,type_K=f16,type_V=f16,permute=[0,2,1,3]): [1;32mOK[0m
  FLASH_ATTN_EXT(hsk=128,hsv=128,nh=4,nr23=[4,1],kv=512,nb=75,mask=1,sinks=1,max_bias=0.000000,logit_softcap=0.000000,prec=f32,type_K=bf16,type_V=bf16,permute=[0,1,2,3]): [1;32mOK[0m
  FLASH_ATTN_EXT(hsk=128,hsv=128,nh=4,nr23=[4,1],kv=512,nb=75,mask=1,sinks=1,max_bias=0.000000,logit_softcap=0.000000,prec=f32,type_K=bf16,type_V=bf16,permute=[0,2,1,3]): [1;32mOK[0m
  FLASH_ATTN_EXT(hsk=128,hsv=128,nh=4,nr23=[4,1],kv=512,nb=75,mask=1,sinks=1,max_bias=0.000000,logit_softcap=0.000000,prec=f32,type_K=q8_0,type_V=q8_0,permute=[0,1,2,3]): [1;32mOK[0m
  FLASH_ATTN_EXT(hsk=128,hsv=128,nh=4,nr23=[4,1],kv=512,nb=75,mask=1,sinks=1,max_bias=0.000000,logit_softcap=0.000000,prec=f32,type_K=q8_0,type_V=q8_0,permute=[0,2,1,3]): [1;32mOK[0m
  FLASH_ATTN_EXT(hsk=128,hsv=128,nh=4,nr23=[4,1],kv=512,nb=75,mask=1,sinks=1,max_bias=0.000000,logit_softcap=0.000000,prec=f32,type_K=q5_1,type_V=q5_1,permute=[0,1,2,3]): not supported [ROCm0] 
  FLASH_ATTN_EXT(hsk=128,hsv=128,nh=4,nr23=[4,1],kv=512,nb=75,mask=1,sinks=1,max_bias=0.000000,logit_softcap=0.000000,prec=f32,type_K=q5_1,type_V=q5_1,permute=[0,2,1,3]): not supported [ROCm0] 
  FLASH_ATTN_EXT(hsk=128,hsv=128,nh=4,nr23=[4,1],kv=512,nb=75,mask=1,sinks=1,max_bias=0.000000,logit_softcap=0.000000,prec=f32,type_K=q5_0,type_V=q5_0,permute=[0,1,2,3]): not supported [ROCm0] 
  FLASH_ATTN_EXT(hsk=128,hsv=128,nh=4,nr23=[4,1],kv=512,nb=75,mask=1,sinks=1,max_bias=0.000000,logit_softcap=0.000000,prec=f32,type_K=q5_0,type_V=q5_0,permute=[0,2,1,3]): not supported [ROCm0] 
  FLASH_ATTN_EXT(hsk=128,hsv=128,nh=4,nr23=[4,1],kv=512,nb=75,mask=1,sinks=1,max_bias=0.000000,logit_softcap=0.000000,prec=f32,type_K=q4_1,type_V=q4_1,permute=[0,1,2,3]): not supported [ROCm0] 
  FLASH_ATTN_EXT(hsk=128,hsv=128,nh=4,nr23=[4,1],kv=512,nb=75,mask=1,sinks=1,max_bias=0.000000,logit_softcap=0.000000,prec=f32,type_K=q4_1,type_V=q4_1,permute=[0,2,1,3]): not supported [ROCm0] 
  FLASH_ATTN_EXT(hsk=128,hsv=128,nh=4,nr23=[4,1],kv=512,nb=75,mask=1,sinks=1,max_bias=0.000000,logit_softcap=0.000000,prec=f32,type_K=q4_0,type_V=q4_0,permute=[0,1,2,3]): [1;32mOK[0m
  FLASH_ATTN_EXT(hsk=128,hsv=128,nh=4,nr23=[4,1],kv=512,nb=75,mask=1,sinks=1,max_bias=0.000000,logit_softcap=0.000000,prec=f32,type_K=q4_0,type_V=q4_0,permute=[0,2,1,3]): [1;32mOK[0m
  FLASH_ATTN_EXT(hsk=128,hsv=128,nh=4,nr23=[4,1],kv=512,nb=75,mask=1,sinks=1,max_bias=0.000000,logit_softcap=0.000000,prec=f32,type_K=iq4_nl,type_V=iq4_nl,permute=[0,1,2,3]): not supported [ROCm0] 
  FLASH_ATTN_EXT(hsk=128,hsv=128,nh=4,nr23=[4,1],kv=512,nb=75,mask=1,sinks=1,max_bias=0.000000,logit_softcap=0.000000,prec=f32,type_K=iq4_nl,type_V=iq4_nl,permute=[0,2,1,3]): not supported [ROCm0] 
  FLASH_ATTN_EXT(hsk=128,hsv=128,nh=4,nr23=[4,1],kv=512,nb=75,mask=1,sinks=1,max_bias=0.000000,logit_softcap=0.000000,prec=f32,type_K=turbo3,type_V=turbo3,permute=[0,1,2,3]): [1;32mOK[0m
  FLASH_ATTN_EXT(hsk=128,hsv=128,nh=4,nr23=[4,1],kv=512,nb=75,mask=1,sinks=1,max_bias=0.000000,logit_softcap=0.000000,prec=f32,type_K=turbo3,type_V=turbo3,permute=[0,2,1,3]): [1;32mOK[0m
  FLASH_ATTN_EXT(hsk=128,hsv=128,nh=4,nr23=[4,1],kv=512,nb=75,mask=1,sinks=1,max_bias=0.000000,logit_softcap=0.000000,prec=f32,type_K=turbo4,type_V=turbo4,permute=[0,1,2,3]): [1;32mOK[0m
  FLASH_ATTN_EXT(hsk=128,hsv=128,nh=4,nr23=[4,1],kv=512,nb=75,mask=1,sinks=1,max_bias=0.000000,logit_softcap=0.000000,prec=f32,type_K=turbo4,type_V=turbo4,permute=[0,2,1,3]): [1;32mOK[0m
  FLASH_ATTN_EXT(hsk=128,hsv=128,nh=4,nr23=[4,1],kv=512,nb=75,mask=1,sinks=1,max_bias=0.000000,logit_softcap=0.000000,prec=def,type_K=f32,type_V=f32,permute=[0,1,2,3]): [1;32mOK[0m
  FLASH_ATTN_EXT(hsk=128,hsv=128,nh=4,nr23=[4,1],kv=512,nb=75,mask=1,sinks=1,max_bias=0.000000,logit_softcap=0.000000,prec=def,type_K=f32,type_V=f32,permute=[0,2,1,3]): [1;32mOK[0m
  FLASH_ATTN_EXT(hsk=128,hsv=128,nh=4,nr23=[4,1],kv=512,nb=75,mask=1,sinks=1,max_bias=0.000000,logit_softcap=0.000000,prec=def,type_K=f16,type_V=f16,permute=[0,1,2,3]): [1;32mOK[0m
  FLASH_ATTN_EXT(hsk=128,hsv=128,nh=4,nr23=[4,1],kv=512,nb=75,mask=1,sinks=1,max_bias=0.000000,logit_softcap=0.000000,prec=def,type_K=f16,type_V=f16,permute=[0,2,1,3]): [1;32mOK[0m
  FLASH_ATTN_EXT(hsk=128,hsv=128,nh=4,nr23=[4,1],kv=512,nb=75,mask=1,sinks=1,max_bias=0.000000,logit_softcap=0.000000,prec=def,type_K=bf16,type_V=bf16,permute=[0,1,2,3]): [1;32mOK[0m
  FLASH_ATTN_EXT(hsk=128,hsv=128,nh=4,nr23=[4,1],kv=512,nb=75,mask=1,sinks=1,max_bias=0.000000,logit_softcap=0.000000,prec=def,type_K=bf16,type_V=bf16,permute=[0,2,1,3]): [1;32mOK[0m
  FLASH_ATTN_EXT(hsk=128,hsv=128,nh=4,nr23=[4,1],kv=512,nb=75,mask=1,sinks=1,max_bias=0.000000,logit_softcap=0.000000,prec=def,type_K=q8_0,type_V=q8_0,permute=[0,1,2,3]): [1;32mOK[0m
  FLASH_ATTN_EXT(hsk=128,hsv=128,nh=4,nr23=[4,1],kv=512,nb=75,mask=1,sinks=1,max_bias=0.000000,logit_softcap=0.000000,prec=def,type_K=q8_0,type_V=q8_0,permute=[0,2,1,3]): [1;32mOK[0m
  FLASH_ATTN_EXT(hsk=128,hsv=128,nh=4,nr23=[4,1],kv=512,nb=75,mask=1,sinks=1,max_bias=0.000000,logit_softcap=0.000000,prec=def,type_K=q5_1,type_V=q5_1,permute=[0,1,2,3]): not supported [ROCm0] 
  FLASH_ATTN_EXT(hsk=128,hsv=128,nh=4,nr23=[4,1],kv=512,nb=75,mask=1,sinks=1,max_bias=0.000000,logit_softcap=0.000000,prec=def,type_K=q5_1,type_V=q5_1,permute=[0,2,1,3]): not supported [ROCm0] 
  FLASH_ATTN_EXT(hsk=128,hsv=128,nh=4,nr23=[4,1],kv=512,nb=75,mask=1,sinks=1,max_bias=0.000000,logit_softcap=0.000000,prec=def,type_K=q5_0,type_V=q5_0,permute=[0,1,2,3]): not supported [ROCm0] 
  FLASH_ATTN_EXT(hsk=128,hsv=128,nh=4,nr23=[4,1],kv=512,nb=75,mask=1,sinks=1,max_bias=0.000000,logit_softcap=0.000000,prec=def,type_K=q5_0,type_V=q5_0,permute=[0,2,1,3]): not supported [ROCm0] 
  FLASH_ATTN_EXT(hsk=128,hsv=128,nh=4,nr23=[4,1],kv=512,nb=75,mask=1,sinks=1,max_bias=0.000000,logit_softcap=0.000000,prec=def,type_K=q4_1,type_V=q4_1,permute=[0,1,2,3]): not supported [ROCm0] 
  FLASH_ATTN_EXT(hsk=128,hsv=128,nh=4,nr23=[4,1],kv=512,nb=75,mask=1,sinks=1,max_bias=0.000000,logit_softcap=0.000000,prec=def,type_K=q4_1,type_V=q4_1,permute=[0,2,1,3]): not supported [ROCm0] 
  FLASH_ATTN_EXT(hsk=128,hsv=128,nh=4,nr23=[4,1],kv=512,nb=75,mask=1,sinks=1,max_bias=0.000000,logit_softcap=0.000000,prec=def,type_K=q4_0,type_V=q4_0,permute=[0,1,2,3]): [1;32mOK[0m
  FLASH_ATTN_EXT(hsk=128,hsv=128,nh=4,nr23=[4,1],kv=512,nb=75,mask=1,sinks=1,max_bias=0.000000,logit_softcap=0.000000,prec=def,type_K=q4_0,type_V=q4_0,permute=[0,2,1,3]): [1;32mOK[0m
  FLASH_ATTN_EXT(hsk=128,hsv=128,nh=4,nr23=[4,1],kv=512,nb=75,mask=1,sinks=1,max_bias=0.000000,logit_softcap=0.000000,prec=def,type_K=iq4_nl,type_V=iq4_nl,permute=[0,1,2,3]): not supported [ROCm0] 
  FLASH_ATTN_EXT(hsk=128,hsv=128,nh=4,nr23=[4,1],kv=512,nb=75,mask=1,sinks=1,max_bias=0.000000,logit_softcap=0.000000,prec=def,type_K=iq4_nl,type_V=iq4_nl,permute=[0,2,1,3]): not supported [ROCm0] 
  FLASH_ATTN_EXT(hsk=128,hsv=128,nh=4,nr23=[4,1],kv=512,nb=75,mask=1,sinks=1,max_bias=0.000000,logit_softcap=0.000000,prec=def,type_K=turbo3,type_V=turbo3,permute=[0,1,2,3]): [1;32mOK[0m
  FLASH_ATTN_EXT(hsk=128,hsv=128,nh=4,nr23=[4,1],kv=512,nb=75,mask=1,sinks=1,max_bias=0.000000,logit_softcap=0.000000,prec=def,type_K=turbo3,type_V=turbo3,permute=[0,2,1,3]): [1;32mOK[0m
  FLASH_ATTN_EXT(hsk=128,hsv=128,nh=4,nr23=[4,1],kv=512,nb=75,mask=1,sinks=1,max_bias=0.000000,logit_softcap=0.000000,prec=def,type_K=turbo4,type_V=turbo4,permute=[0,1,2,3]): [1;32mOK[0m
  FLASH_ATTN_EXT(hsk=128,hsv=128,nh=4,nr23=[4,1],kv=512,nb=75,mask=1,sinks=1,max_bias=0.000000,logit_softcap=0.000000,prec=def,type_K=turbo4,type_V=turbo4,permute=[0,2,1,3]): [1;32mOK[0m
  FLASH_ATTN_EXT(hsk=128,hsv=128,nh=4,nr23=[6,1],kv=512,nb=1,mask=1,sinks=1,max_bias=0.000000,logit_softcap=0.000000,prec=f32,type_K=f32,type_V=f32,permute=[0,1,2,3]): [1;32mOK[0m
  FLASH_ATTN_EXT(hsk=128,hsv=128,nh=4,nr23=[6,1],kv=512,nb=1,mask=1,sinks=1,max_bias=0.000000,logit_softcap=0.000000,prec=f32,type_K=f32,type_V=f32,permute=[0,2,1,3]): ggml_backend_cuda_graph_compute: CUDA graph warmup complete
[1;32mOK[0m
  FLASH_ATTN_EXT(hsk=128,hsv=128,nh=4,nr23=[6,1],kv=512,nb=1,mask=1,sinks=1,max_bias=0.000000,logit_softcap=0.000000,prec=f32,type_K=f16,type_V=f16,permute=[0,1,2,3]): [1;32mOK[0m
  FLASH_ATTN_EXT(hsk=128,hsv=128,nh=4,nr23=[6,1],kv=512,nb=1,mask=1,sinks=1,max_bias=0.000000,logit_softcap=0.000000,prec=f32,type_K=f16,type_V=f16,permute=[0,2,1,3]): ggml_backend_cuda_graph_compute: CUDA graph warmup reset
[1;32mOK[0m
  FLASH_ATTN_EXT(hsk=128,hsv=128,nh=4,nr23=[6,1],kv=512,nb=1,mask=1,sinks=1,max_bias=0.000000,logit_softcap=0.000000,prec=f32,type_K=bf16,type_V=bf16,permute=[0,1,2,3]): [1;32mOK[0m
  FLASH_ATTN_EXT(hsk=128,hsv=128,nh=4,nr23=[6,1],kv=512,nb=1,mask=1,sinks=1,max_bias=0.000000,logit_softcap=0.000000,prec=f32,type_K=bf16,type_V=bf16,permute=[0,2,1,3]): [1;32mOK[0m
  FLASH_ATTN_EXT(hsk=128,hsv=128,nh=4,nr23=[6,1],kv=512,nb=1,mask=1,sinks=1,max_bias=0.000000,logit_softcap=0.000000,prec=f32,type_K=q8_0,type_V=q8_0,permute=[0,1,2,3]): [1;32mOK[0m
  FLASH_ATTN_EXT(hsk=128,hsv=128,nh=4,nr23=[6,1],kv=512,nb=1,mask=1,sinks=1,max_bias=0.000000,logit_softcap=0.000000,prec=f32,type_K=q8_0,type_V=q8_0,permute=[0,2,1,3]): [1;32mOK[0m
  FLASH_ATTN_EXT(hsk=128,hsv=128,nh=4,nr23=[6,1],kv=512,nb=1,mask=1,sinks=1,max_bias=0.000000,logit_softcap=0.000000,prec=f32,type_K=q5_1,type_V=q5_1,permute=[0,1,2,3]): not supported [ROCm0] 
  FLASH_ATTN_EXT(hsk=128,hsv=128,nh=4,nr23=[6,1],kv=512,nb=1,mask=1,sinks=1,max_bias=0.000000,logit_softcap=0.000000,prec=f32,type_K=q5_1,type_V=q5_1,permute=[0,2,1,3]): not supported [ROCm0] 
  FLASH_ATTN_EXT(hsk=128,hsv=128,nh=4,nr23=[6,1],kv=512,nb=1,mask=1,sinks=1,max_bias=0.000000,logit_softcap=0.000000,prec=f32,type_K=q5_0,type_V=q5_0,permute=[0,1,2,3]): not supported [ROCm0] 
  FLASH_ATTN_EXT(hsk=128,hsv=128,nh=4,nr23=[6,1],kv=512,nb=1,mask=1,sinks=1,max_bias=0.000000,logit_softcap=0.000000,prec=f32,type_K=q5_0,type_V=q5_0,permute=[0,2,1,3]): not supported [ROCm0] 
  FLASH_ATTN_EXT(hsk=128,hsv=128,nh=4,nr23=[6,1],kv=512,nb=1,mask=1,sinks=1,max_bias=0.000000,logit_softcap=0.000000,prec=f32,type_K=q4_1,type_V=q4_1,permute=[0,1,2,3]): not supported [ROCm0] 
  FLASH_ATTN_EXT(hsk=128,hsv=128,nh=4,nr23=[6,1],kv=512,nb=1,mask=1,sinks=1,max_bias=0.000000,logit_softcap=0.000000,prec=f32,type_K=q4_1,type_V=q4_1,permute=[0,2,1,3]): not supported [ROCm0] 
  FLASH_ATTN_EXT(hsk=128,hsv=128,nh=4,nr23=[6,1],kv=512,nb=1,mask=1,sinks=1,max_bias=0.000000,logit_softcap=0.000000,prec=f32,type_K=q4_0,type_V=q4_0,permute=[0,1,2,3]): [1;32mOK[0m
  FLASH_ATTN_EXT(hsk=128,hsv=128,nh=4,nr23=[6,1],kv=512,nb=1,mask=1,sinks=1,max_bias=0.000000,logit_softcap=0.000000,prec=f32,type_K=q4_0,type_V=q4_0,permute=[0,2,1,3]): [1;32mOK[0m
  FLASH_ATTN_EXT(hsk=128,hsv=128,nh=4,nr23=[6,1],kv=512,nb=1,mask=1,sinks=1,max_bias=0.000000,logit_softcap=0.000000,prec=f32,type_K=iq4_nl,type_V=iq4_nl,permute=[0,1,2,3]): not supported [ROCm0] 
  FLASH_ATTN_EXT(hsk=128,hsv=128,nh=4,nr23=[6,1],kv=512,nb=1,mask=1,sinks=1,max_bias=0.000000,logit_softcap=0.000000,prec=f32,type_K=iq4_nl,type_V=iq4_nl,permute=[0,2,1,3]): not supported [ROCm0] 
  FLASH_ATTN_EXT(hsk=128,hsv=128,nh=4,nr23=[6,1],kv=512,nb=1,mask=1,sinks=1,max_bias=0.000000,logit_softcap=0.000000,prec=f32,type_K=turbo3,type_V=turbo3,permute=[0,1,2,3]): [1;32mOK[0m
  FLASH_ATTN_EXT(hsk=128,hsv=128,nh=4,nr23=[6,1],kv=512,nb=1,mask=1,sinks=1,max_bias=0.000000,logit_softcap=0.000000,prec=f32,type_K=turbo3,type_V=turbo3,permute=[0,2,1,3]): [1;32mOK[0m
  FLASH_ATTN_EXT(hsk=128,hsv=128,nh=4,nr23=[6,1],kv=512,nb=1,mask=1,sinks=1,max_bias=0.000000,logit_softcap=0.000000,prec=f32,type_K=turbo4,type_V=turbo4,permute=[0,1,2,3]): [1;32mOK[0m
  FLASH_ATTN_EXT(hsk=128,hsv=128,nh=4,nr23=[6,1],kv=512,nb=1,mask=1,sinks=1,max_bias=0.000000,logit_softcap=0.000000,prec=f32,type_K=turbo4,type_V=turbo4,permute=[0,2,1,3]): [1;32mOK[0m
  FLASH_ATTN_EXT(hsk=128,hsv=128,nh=4,nr23=[6,1],kv=512,nb=1,mask=1,sinks=1,max_bias=0.000000,logit_softcap=0.000000,prec=def,type_K=f32,type_V=f32,permute=[0,1,2,3]): [1;32mOK[0m
  FLASH_ATTN_EXT(hsk=128,hsv=128,nh=4,nr23=[6,1],kv=512,nb=1,mask=1,sinks=1,max_bias=0.000000,logit_softcap=0.000000,prec=def,type_K=f32,type_V=f32,permute=[0,2,1,3]): [1;32mOK[0m
  FLASH_ATTN_EXT(hsk=128,hsv=128,nh=4,nr23=[6,1],kv=512,nb=1,mask=1,sinks=1,max_bias=0.000000,logit_softcap=0.000000,prec=def,type_K=f16,type_V=f16,permute=[0,1,2,3]): [1;32mOK[0m
  FLASH_ATTN_EXT(hsk=128,hsv=128,nh=4,nr23=[6,1],kv=512,nb=1,mask=1,sinks=1,max_bias=0.000000,logit_softcap=0.000000,prec=def,type_K=f16,type_V=f16,permute=[0,2,1,3]): ggml_backend_cuda_graph_compute: CUDA graph warmup complete
ggml_backend_cuda_graph_compute: CUDA graph warmup complete
[1;32mOK[0m
  FLASH_ATTN_EXT(hsk=128,hsv=128,nh=4,nr23=[6,1],kv=512,nb=1,mask=1,sinks=1,max_bias=0.000000,logit_softcap=0.000000,prec=def,type_K=bf16,type_V=bf16,permute=[0,1,2,3]): [1;32mOK[0m
  FLASH_ATTN_EXT(hsk=128,hsv=128,nh=4,nr23=[6,1],kv=512,nb=1,mask=1,sinks=1,max_bias=0.000000,logit_softcap=0.000000,prec=def,type_K=bf16,type_V=bf16,permute=[0,2,1,3]): ggml_backend_cuda_graph_compute: CUDA graph warmup reset
ggml_backend_cuda_graph_compute: CUDA graph warmup reset
[1;32mOK[0m
  FLASH_ATTN_EXT(hsk=128,hsv=128,nh=4,nr23=[6,1],kv=512,nb=1,mask=1,sinks=1,max_bias=0.000000,logit_softcap=0.000000,prec=def,type_K=q8_0,type_V=q8_0,permute=[0,1,2,3]): [1;32mOK[0m
  FLASH_ATTN_EXT(hsk=128,hsv=128,nh=4,nr23=[6,1],kv=512,nb=1,mask=1,sinks=1,max_bias=0.000000,logit_softcap=0.000000,prec=def,type_K=q8_0,type_V=q8_0,permute=[0,2,1,3]): [1;32mOK[0m
  FLASH_ATTN_EXT(hsk=128,hsv=128,nh=4,nr23=[6,1],kv=512,nb=1,mask=1,sinks=1,max_bias=0.000000,logit_softcap=0.000000,prec=def,type_K=q5_1,type_V=q5_1,permute=[0,1,2,3]): not supported [ROCm0] 
  FLASH_ATTN_EXT(hsk=128,hsv=128,nh=4,nr23=[6,1],kv=512,nb=1,mask=1,sinks=1,max_bias=0.000000,logit_softcap=0.000000,prec=def,type_K=q5_1,type_V=q5_1,permute=[0,2,1,3]): not supported [ROCm0] 
  FLASH_ATTN_EXT(hsk=128,hsv=128,nh=4,nr23=[6,1],kv=512,nb=1,mask=1,sinks=1,max_bias=0.000000,logit_softcap=0.000000,prec=def,type_K=q5_0,type_V=q5_0,permute=[0,1,2,3]): not supported [ROCm0] 
  FLASH_ATTN_EXT(hsk=128,hsv=128,nh=4,nr23=[6,1],kv=512,nb=1,mask=1,sinks=1,max_bias=0.000000,logit_softcap=0.000000,prec=def,type_K=q5_0,type_V=q5_0,permute=[0,2,1,3]): not supported [ROCm0] 
  FLASH_ATTN_EXT(hsk=128,hsv=128,nh=4,nr23=[6,1],kv=512,nb=1,mask=1,sinks=1,max_bias=0.000000,logit_softcap=0.000000,prec=def,type_K=q4_1,type_V=q4_1,permute=[0,1,2,3]): not supported [ROCm0] 
  FLASH_ATTN_EXT(hsk=128,hsv=128,nh=4,nr23=[6,1],kv=512,nb=1,mask=1,sinks=1,max_bias=0.000000,logit_softcap=0.000000,prec=def,type_K=q4_1,type_V=q4_1,permute=[0,2,1,3]): not supported [ROCm0] 
  FLASH_ATTN_EXT(hsk=128,hsv=128,nh=4,nr23=[6,1],kv=512,nb=1,mask=1,sinks=1,max_bias=0.000000,logit_softcap=0.000000,prec=def,type_K=q4_0,type_V=q4_0,permute=[0,1,2,3]): [1;32mOK[0m
  FLASH_ATTN_EXT(hsk=128,hsv=128,nh=4,nr23=[6,1],kv=512,nb=1,mask=1,sinks=1,max_bias=0.000000,logit_softcap=0.000000,prec=def,type_K=q4_0,type_V=q4_0,permute=[0,2,1,3]): [1;32mOK[0m
  FLASH_ATTN_EXT(hsk=128,hsv=128,nh=4,nr23=[6,1],kv=512,nb=1,mask=1,sinks=1,max_bias=0.000000,logit_softcap=0.000000,prec=def,type_K=iq4_nl,type_V=iq4_nl,permute=[0,1,2,3]): not supported [ROCm0] 
  FLASH_ATTN_EXT(hsk=128,hsv=128,nh=4,nr23=[6,1],kv=512,nb=1,mask=1,sinks=1,max_bias=0.000000,logit_softcap=0.000000,prec=def,type_K=iq4_nl,type_V=iq4_nl,permute=[0,2,1,3]): not supported [ROCm0] 
  FLASH_ATTN_EXT(hsk=128,hsv=128,nh=4,nr23=[6,1],kv=512,nb=1,mask=1,sinks=1,max_bias=0.000000,logit_softcap=0.000000,prec=def,type_K=turbo3,type_V=turbo3,permute=[0,1,2,3]): [1;32mOK[0m
  FLASH_ATTN_EXT(hsk=128,hsv=128,nh=4,nr23=[6,1],kv=512,nb=1,mask=1,sinks=1,max_bias=0.000000,logit_softcap=0.000000,prec=def,type_K=turbo3,type_V=turbo3,permute=[0,2,1,3]): [1;32mOK[0m
  FLASH_ATTN_EXT(hsk=128,hsv=128,nh=4,nr23=[6,1],kv=512,nb=1,mask=1,sinks=1,max_bias=0.000000,logit_softcap=0.000000,prec=def,type_K=turbo4,type_V=turbo4,permute=[0,1,2,3]): [1;32mOK[0m
  FLASH_ATTN_EXT(hsk=128,hsv=128,nh=4,nr23=[6,1],kv=512,nb=1,mask=1,sinks=1,max_bias=0.000000,logit_softcap=0.000000,prec=def,type_K=turbo4,type_V=turbo4,permute=[0,2,1,3]): [1;32mOK[0m
  FLASH_ATTN_EXT(hsk=128,hsv=128,nh=4,nr23=[6,1],kv=512,nb=3,mask=1,sinks=1,max_bias=0.000000,logit_softcap=0.000000,prec=f32,type_K=f32,type_V=f32,permute=[0,1,2,3]): [1;32mOK[0m
  FLASH_ATTN_EXT(hsk=128,hsv=128,nh=4,nr23=[6,1],kv=512,nb=3,mask=1,sinks=1,max_bias=0.000000,logit_softcap=0.000000,prec=f32,type_K=f32,type_V=f32,permute=[0,2,1,3]): [1;32mOK[0m
  FLASH_ATTN_EXT(hsk=128,hsv=128,nh=4,nr23=[6,1],kv=512,nb=3,mask=1,sinks=1,max_bias=0.000000,logit_softcap=0.000000,prec=f32,type_K=f16,type_V=f16,permute=[0,1,2,3]): [1;32mOK[0m
  FLASH_ATTN_EXT(hsk=128,hsv=128,nh=4,nr23=[6,1],kv=512,nb=3,mask=1,sinks=1,max_bias=0.000000,logit_softcap=0.000000,prec=f32,type_K=f16,type_V=f16,permute=[0,2,1,3]): [1;32mOK[0m
  FLASH_ATTN_EXT(hsk=128,hsv=128,nh=4,nr23=[6,1],kv=512,nb=3,mask=1,sinks=1,max_bias=0.000000,logit_softcap=0.000000,prec=f32,type_K=bf16,type_V=bf16,permute=[0,1,2,3]): [1;32mOK[0m
  FLASH_ATTN_EXT(hsk=128,hsv=128,nh=4,nr23=[6,1],kv=512,nb=3,mask=1,sinks=1,max_bias=0.000000,logit_softcap=0.000000,prec=f32,type_K=bf16,type_V=bf16,permute=[0,2,1,3]): [1;32mOK[0m
  FLASH_ATTN_EXT(hsk=128,hsv=128,nh=4,nr23=[6,1],kv=512,nb=3,mask=1,sinks=1,max_bias=0.000000,logit_softcap=0.000000,prec=f32,type_K=q8_0,type_V=q8_0,permute=[0,1,2,3]): [1;32mOK[0m
  FLASH_ATTN_EXT(hsk=128,hsv=128,nh=4,nr23=[6,1],kv=512,nb=3,mask=1,sinks=1,max_bias=0.000000,logit_softcap=0.000000,prec=f32,type_K=q8_0,type_V=q8_0,permute=[0,2,1,3]): [1;32mOK[0m
  FLASH_ATTN_EXT(hsk=128,hsv=128,nh=4,nr23=[6,1],kv=512,nb=3,mask=1,sinks=1,max_bias=0.000000,logit_softcap=0.000000,prec=f32,type_K=q5_1,type_V=q5_1,permute=[0,1,2,3]): not supported [ROCm0] 
  FLASH_ATTN_EXT(hsk=128,hsv=128,nh=4,nr23=[6,1],kv=512,nb=3,mask=1,sinks=1,max_bias=0.000000,logit_softcap=0.000000,prec=f32,type_K=q5_1,type_V=q5_1,permute=[0,2,1,3]): not supported [ROCm0] 
  FLASH_ATTN_EXT(hsk=128,hsv=128,nh=4,nr23=[6,1],kv=512,nb=3,mask=1,sinks=1,max_bias=0.000000,logit_softcap=0.000000,prec=f32,type_K=q5_0,type_V=q5_0,permute=[0,1,2,3]): not supported [ROCm0] 
  FLASH_ATTN_EXT(hsk=128,hsv=128,nh=4,nr23=[6,1],kv=512,nb=3,mask=1,sinks=1,max_bias=0.000000,logit_softcap=0.000000,prec=f32,type_K=q5_0,type_V=q5_0,permute=[0,2,1,3]): not supported [ROCm0] 
  FLASH_ATTN_EXT(hsk=128,hsv=128,nh=4,nr23=[6,1],kv=512,nb=3,mask=1,sinks=1,max_bias=0.000000,logit_softcap=0.000000,prec=f32,type_K=q4_1,type_V=q4_1,permute=[0,1,2,3]): not supported [ROCm0] 
  FLASH_ATTN_EXT(hsk=128,hsv=128,nh=4,nr23=[6,1],kv=512,nb=3,mask=1,sinks=1,max_bias=0.000000,logit_softcap=0.000000,prec=f32,type_K=q4_1,type_V=q4_1,permute=[0,2,1,3]): not supported [ROCm0] 
  FLASH_ATTN_EXT(hsk=128,hsv=128,nh=4,nr23=[6,1],kv=512,nb=3,mask=1,sinks=1,max_bias=0.000000,logit_softcap=0.000000,prec=f32,type_K=q4_0,type_V=q4_0,permute=[0,1,2,3]): [1;32mOK[0m
  FLASH_ATTN_EXT(hsk=128,hsv=128,nh=4,nr23=[6,1],kv=512,nb=3,mask=1,sinks=1,max_bias=0.000000,logit_softcap=0.000000,prec=f32,type_K=q4_0,type_V=q4_0,permute=[0,2,1,3]): [1;32mOK[0m
  FLASH_ATTN_EXT(hsk=128,hsv=128,nh=4,nr23=[6,1],kv=512,nb=3,mask=1,sinks=1,max_bias=0.000000,logit_softcap=0.000000,prec=f32,type_K=iq4_nl,type_V=iq4_nl,permute=[0,1,2,3]): not supported [ROCm0] 
  FLASH_ATTN_EXT(hsk=128,hsv=128,nh=4,nr23=[6,1],kv=512,nb=3,mask=1,sinks=1,max_bias=0.000000,logit_softcap=0.000000,prec=f32,type_K=iq4_nl,type_V=iq4_nl,permute=[0,2,1,3]): not supported [ROCm0] 
  FLASH_ATTN_EXT(hsk=128,hsv=128,nh=4,nr23=[6,1],kv=512,nb=3,mask=1,sinks=1,max_bias=0.000000,logit_softcap=0.000000,prec=f32,type_K=turbo3,type_V=turbo3,permute=[0,1,2,3]): [1;32mOK[0m
  FLASH_ATTN_EXT(hsk=128,hsv=128,nh=4,nr23=[6,1],kv=512,nb=3,mask=1,sinks=1,max_bias=0.000000,logit_softcap=0.000000,prec=f32,type_K=turbo3,type_V=turbo3,permute=[0,2,1,3]): [1;32mOK[0m
  FLASH_ATTN_EXT(hsk=128,hsv=128,nh=4,nr23=[6,1],kv=512,nb=3,mask=1,sinks=1,max_bias=0.000000,logit_softcap=0.000000,prec=f32,type_K=turbo4,type_V=turbo4,permute=[0,1,2,3]): [1;32mOK[0m
  FLASH_ATTN_EXT(hsk=128,hsv=128,nh=4,nr23=[6,1],kv=512,nb=3,mask=1,sinks=1,max_bias=0.000000,logit_softcap=0.000000,prec=f32,type_K=turbo4,type_V=turbo4,permute=[0,2,1,3]): [1;32mOK[0m
  FLASH_ATTN_EXT(hsk=128,hsv=128,nh=4,nr23=[6,1],kv=512,nb=3,mask=1,sinks=1,max_bias=0.000000,logit_softcap=0.000000,prec=def,type_K=f32,type_V=f32,permute=[0,1,2,3]): [1;32mOK[0m
  FLASH_ATTN_EXT(hsk=128,hsv=128,nh=4,nr23=[6,1],kv=512,nb=3,mask=1,sinks=1,max_bias=0.000000,logit_softcap=0.000000,prec=def,type_K=f32,type_V=f32,permute=[0,2,1,3]): [1;32mOK[0m
  FLASH_ATTN_EXT(hsk=128,hsv=128,nh=4,nr23=[6,1],kv=512,nb=3,mask=1,sinks=1,max_bias=0.000000,logit_softcap=0.000000,prec=def,type_K=f16,type_V=f16,permute=[0,1,2,3]): [1;32mOK[0m
  FLASH_ATTN_EXT(hsk=128,hsv=128,nh=4,nr23=[6,1],kv=512,nb=3,mask=1,sinks=1,max_bias=0.000000,logit_softcap=0.000000,prec=def,type_K=f16,type_V=f16,permute=[0,2,1,3]): ggml_backend_cuda_graph_compute: CUDA graph warmup complete
ggml_backend_cuda_graph_compute: CUDA graph warmup complete
[1;32mOK[0m
  FLASH_ATTN_EXT(hsk=128,hsv=128,nh=4,nr23=[6,1],kv=512,nb=3,mask=1,sinks=1,max_bias=0.000000,logit_softcap=0.000000,prec=def,type_K=bf16,type_V=bf16,permute=[0,1,2,3]): [1;32mOK[0m
  FLASH_ATTN_EXT(hsk=128,hsv=128,nh=4,nr23=[6,1],kv=512,nb=3,mask=1,sinks=1,max_bias=0.000000,logit_softcap=0.000000,prec=def,type_K=bf16,type_V=bf16,permute=[0,2,1,3]): ggml_backend_cuda_graph_compute: CUDA graph warmup reset
ggml_backend_cuda_graph_compute: CUDA graph warmup reset
[1;32mOK[0m
  FLASH_ATTN_EXT(hsk=128,hsv=128,nh=4,nr23=[6,1],kv=512,nb=3,mask=1,sinks=1,max_bias=0.000000,logit_softcap=0.000000,prec=def,type_K=q8_0,type_V=q8_0,permute=[0,1,2,3]): [1;32mOK[0m
  FLASH_ATTN_EXT(hsk=128,hsv=128,nh=4,nr23=[6,1],kv=512,nb=3,mask=1,sinks=1,max_bias=0.000000,logit_softcap=0.000000,prec=def,type_K=q8_0,type_V=q8_0,permute=[0,2,1,3]): [1;32mOK[0m
  FLASH_ATTN_EXT(hsk=128,hsv=128,nh=4,nr23=[6,1],kv=512,nb=3,mask=1,sinks=1,max_bias=0.000000,logit_softcap=0.000000,prec=def,type_K=q5_1,type_V=q5_1,permute=[0,1,2,3]): not supported [ROCm0] 
  FLASH_ATTN_EXT(hsk=128,hsv=128,nh=4,nr23=[6,1],kv=512,nb=3,mask=1,sinks=1,max_bias=0.000000,logit_softcap=0.000000,prec=def,type_K=q5_1,type_V=q5_1,permute=[0,2,1,3]): not supported [ROCm0] 
  FLASH_ATTN_EXT(hsk=128,hsv=128,nh=4,nr23=[6,1],kv=512,nb=3,mask=1,sinks=1,max_bias=0.000000,logit_softcap=0.000000,prec=def,type_K=q5_0,type_V=q5_0,permute=[0,1,2,3]): not supported [ROCm0] 
  FLASH_ATTN_EXT(hsk=128,hsv=128,nh=4,nr23=[6,1],kv=512,nb=3,mask=1,sinks=1,max_bias=0.000000,logit_softcap=0.000000,prec=def,type_K=q5_0,type_V=q5_0,permute=[0,2,1,3]): not supported [ROCm0] 
  FLASH_ATTN_EXT(hsk=128,hsv=128,nh=4,nr23=[6,1],kv=512,nb=3,mask=1,sinks=1,max_bias=0.000000,logit_softcap=0.000000,prec=def,type_K=q4_1,type_V=q4_1,permute=[0,1,2,3]): not supported [ROCm0] 
  FLASH_ATTN_EXT(hsk=128,hsv=128,nh=4,nr23=[6,1],kv=512,nb=3,mask=1,sinks=1,max_bias=0.000000,logit_softcap=0.000000,prec=def,type_K=q4_1,type_V=q4_1,permute=[0,2,1,3]): not supported [ROCm0] 
  FLASH_ATTN_EXT(hsk=128,hsv=128,nh=4,nr23=[6,1],kv=512,nb=3,mask=1,sinks=1,max_bias=0.000000,logit_softcap=0.000000,prec=def,type_K=q4_0,type_V=q4_0,permute=[0,1,2,3]): [1;32mOK[0m
  FLASH_ATTN_EXT(hsk=128,hsv=128,nh=4,nr23=[6,1],kv=512,nb=3,mask=1,sinks=1,max_bias=0.000000,logit_softcap=0.000000,prec=def,type_K=q4_0,type_V=q4_0,permute=[0,2,1,3]): [1;32mOK[0m
  FLASH_ATTN_EXT(hsk=128,hsv=128,nh=4,nr23=[6,1],kv=512,nb=3,mask=1,sinks=1,max_bias=0.000000,logit_softcap=0.000000,prec=def,type_K=iq4_nl,type_V=iq4_nl,permute=[0,1,2,3]): not supported [ROCm0] 
  FLASH_ATTN_EXT(hsk=128,hsv=128,nh=4,nr23=[6,1],kv=512,nb=3,mask=1,sinks=1,max_bias=0.000000,logit_softcap=0.000000,prec=def,type_K=iq4_nl,type_V=iq4_nl,permute=[0,2,1,3]): not supported [ROCm0] 
  FLASH_ATTN_EXT(hsk=128,hsv=128,nh=4,nr23=[6,1],kv=512,nb=3,mask=1,sinks=1,max_bias=0.000000,logit_softcap=0.000000,prec=def,type_K=turbo3,type_V=turbo3,permute=[0,1,2,3]): [1;32mOK[0m
  FLASH_ATTN_EXT(hsk=128,hsv=128,nh=4,nr23=[6,1],kv=512,nb=3,mask=1,sinks=1,max_bias=0.000000,logit_softcap=0.000000,prec=def,type_K=turbo3,type_V=turbo3,permute=[0,2,1,3]): [1;32mOK[0m
  FLASH_ATTN_EXT(hsk=128,hsv=128,nh=4,nr23=[6,1],kv=512,nb=3,mask=1,sinks=1,max_bias=0.000000,logit_softcap=0.000000,prec=def,type_K=turbo4,type_V=turbo4,permute=[0,1,2,3]): [1;32mOK[0m
  FLASH_ATTN_EXT(hsk=128,hsv=128,nh=4,nr23=[6,1],kv=512,nb=3,mask=1,sinks=1,max_bias=0.000000,logit_softcap=0.000000,prec=def,type_K=turbo4,type_V=turbo4,permute=[0,2,1,3]): [1;32mOK[0m
  FLASH_ATTN_EXT(hsk=128,hsv=128,nh=4,nr23=[6,1],kv=512,nb=32,mask=1,sinks=1,max_bias=0.000000,logit_softcap=0.000000,prec=f32,type_K=f32,type_V=f32,permute=[0,1,2,3]): [1;32mOK[0m
  FLASH_ATTN_EXT(hsk=128,hsv=128,nh=4,nr23=[6,1],kv=512,nb=32,mask=1,sinks=1,max_bias=0.000000,logit_softcap=0.000000,prec=f32,type_K=f32,type_V=f32,permute=[0,2,1,3]): [1;32mOK[0m
  FLASH_ATTN_EXT(hsk=128,hsv=128,nh=4,nr23=[6,1],kv=512,nb=32,mask=1,sinks=1,max_bias=0.000000,logit_softcap=0.000000,prec=f32,type_K=f16,type_V=f16,permute=[0,1,2,3]): [1;32mOK[0m
  FLASH_ATTN_EXT(hsk=128,hsv=128,nh=4,nr23=[6,1],kv=512,nb=32,mask=1,sinks=1,max_bias=0.000000,logit_softcap=0.000000,prec=f32,type_K=f16,type_V=f16,permute=[0,2,1,3]): ggml_backend_cuda_graph_compute: CUDA graph warmup complete
ggml_backend_cuda_graph_compute: CUDA graph warmup complete
[1;32mOK[0m
  FLASH_ATTN_EXT(hsk=128,hsv=128,nh=4,nr23=[6,1],kv=512,nb=32,mask=1,sinks=1,max_bias=0.000000,logit_softcap=0.000000,prec=f32,type_K=bf16,type_V=bf16,permute=[0,1,2,3]): [1;32mOK[0m
  FLASH_ATTN_EXT(hsk=128,hsv=128,nh=4,nr23=[6,1],kv=512,nb=32,mask=1,sinks=1,max_bias=0.000000,logit_softcap=0.000000,prec=f32,type_K=bf16,type_V=bf16,permute=[0,2,1,3]): ggml_backend_cuda_graph_compute: CUDA graph warmup reset
ggml_backend_cuda_graph_compute: CUDA graph warmup reset
[1;32mOK[0m
  FLASH_ATTN_EXT(hsk=128,hsv=128,nh=4,nr23=[6,1],kv=512,nb=32,mask=1,sinks=1,max_bias=0.000000,logit_softcap=0.000000,prec=f32,type_K=q8_0,type_V=q8_0,permute=[0,1,2,3]): [1;32mOK[0m
  FLASH_ATTN_EXT(hsk=128,hsv=128,nh=4,nr23=[6,1],kv=512,nb=32,mask=1,sinks=1,max_bias=0.000000,logit_softcap=0.000000,prec=f32,type_K=q8_0,type_V=q8_0,permute=[0,2,1,3]): [1;32mOK[0m
  FLASH_ATTN_EXT(hsk=128,hsv=128,nh=4,nr23=[6,1],kv=512,nb=32,mask=1,sinks=1,max_bias=0.000000,logit_softcap=0.000000,prec=f32,type_K=q5_1,type_V=q5_1,permute=[0,1,2,3]): not supported [ROCm0] 
  FLASH_ATTN_EXT(hsk=128,hsv=128,nh=4,nr23=[6,1],kv=512,nb=32,mask=1,sinks=1,max_bias=0.000000,logit_softcap=0.000000,prec=f32,type_K=q5_1,type_V=q5_1,permute=[0,2,1,3]): not supported [ROCm0] 
  FLASH_ATTN_EXT(hsk=128,hsv=128,nh=4,nr23=[6,1],kv=512,nb=32,mask=1,sinks=1,max_bias=0.000000,logit_softcap=0.000000,prec=f32,type_K=q5_0,type_V=q5_0,permute=[0,1,2,3]): not supported [ROCm0] 
  FLASH_ATTN_EXT(hsk=128,hsv=128,nh=4,nr23=[6,1],kv=512,nb=32,mask=1,sinks=1,max_bias=0.000000,logit_softcap=0.000000,prec=f32,type_K=q5_0,type_V=q5_0,permute=[0,2,1,3]): not supported [ROCm0] 
  FLASH_ATTN_EXT(hsk=128,hsv=128,nh=4,nr23=[6,1],kv=512,nb=32,mask=1,sinks=1,max_bias=0.000000,logit_softcap=0.000000,prec=f32,type_K=q4_1,type_V=q4_1,permute=[0,1,2,3]): not supported [ROCm0] 
  FLASH_ATTN_EXT(hsk=128,hsv=128,nh=4,nr23=[6,1],kv=512,nb=32,mask=1,sinks=1,max_bias=0.000000,logit_softcap=0.000000,prec=f32,type_K=q4_1,type_V=q4_1,permute=[0,2,1,3]): not supported [ROCm0] 
  FLASH_ATTN_EXT(hsk=128,hsv=128,nh=4,nr23=[6,1],kv=512,nb=32,mask=1,sinks=1,max_bias=0.000000,logit_softcap=0.000000,prec=f32,type_K=q4_0,type_V=q4_0,permute=[0,1,2,3]): [1;32mOK[0m
  FLASH_ATTN_EXT(hsk=128,hsv=128,nh=4,nr23=[6,1],kv=512,nb=32,mask=1,sinks=1,max_bias=0.000000,logit_softcap=0.000000,prec=f32,type_K=q4_0,type_V=q4_0,permute=[0,2,1,3]): [1;32mOK[0m
  FLASH_ATTN_EXT(hsk=128,hsv=128,nh=4,nr23=[6,1],kv=512,nb=32,mask=1,sinks=1,max_bias=0.000000,logit_softcap=0.000000,prec=f32,type_K=iq4_nl,type_V=iq4_nl,permute=[0,1,2,3]): not supported [ROCm0] 
  FLASH_ATTN_EXT(hsk=128,hsv=128,nh=4,nr23=[6,1],kv=512,nb=32,mask=1,sinks=1,max_bias=0.000000,logit_softcap=0.000000,prec=f32,type_K=iq4_nl,type_V=iq4_nl,permute=[0,2,1,3]): not supported [ROCm0] 
  FLASH_ATTN_EXT(hsk=128,hsv=128,nh=4,nr23=[6,1],kv=512,nb=32,mask=1,sinks=1,max_bias=0.000000,logit_softcap=0.000000,prec=f32,type_K=turbo3,type_V=turbo3,permute=[0,1,2,3]): [1;32mOK[0m
  FLASH_ATTN_EXT(hsk=128,hsv=128,nh=4,nr23=[6,1],kv=512,nb=32,mask=1,sinks=1,max_bias=0.000000,logit_softcap=0.000000,prec=f32,type_K=turbo3,type_V=turbo3,permute=[0,2,1,3]): [1;32mOK[0m
  FLASH_ATTN_EXT(hsk=128,hsv=128,nh=4,nr23=[6,1],kv=512,nb=32,mask=1,sinks=1,max_bias=0.000000,logit_softcap=0.000000,prec=f32,type_K=turbo4,type_V=turbo4,permute=[0,1,2,3]): [1;32mOK[0m
  FLASH_ATTN_EXT(hsk=128,hsv=128,nh=4,nr23=[6,1],kv=512,nb=32,mask=1,sinks=1,max_bias=0.000000,logit_softcap=0.000000,prec=f32,type_K=turbo4,type_V=turbo4,permute=[0,2,1,3]): [1;32mOK[0m
  FLASH_ATTN_EXT(hsk=128,hsv=128,nh=4,nr23=[6,1],kv=512,nb=32,mask=1,sinks=1,max_bias=0.000000,logit_softcap=0.000000,prec=def,type_K=f32,type_V=f32,permute=[0,1,2,3]): [1;32mOK[0m
  FLASH_ATTN_EXT(hsk=128,hsv=128,nh=4,nr23=[6,1],kv=512,nb=32,mask=1,sinks=1,max_bias=0.000000,logit_softcap=0.000000,prec=def,type_K=f32,type_V=f32,permute=[0,2,1,3]): [1;32mOK[0m
  FLASH_ATTN_EXT(hsk=128,hsv=128,nh=4,nr23=[6,1],kv=512,nb=32,mask=1,sinks=1,max_bias=0.000000,logit_softcap=0.000000,prec=def,type_K=f16,type_V=f16,permute=[0,1,2,3]): [1;32mOK[0m
  FLASH_ATTN_EXT(hsk=128,hsv=128,nh=4,nr23=[6,1],kv=512,nb=32,mask=1,sinks=1,max_bias=0.000000,logit_softcap=0.000000,prec=def,type_K=f16,type_V=f16,permute=[0,2,1,3]): [1;32mOK[0m
  FLASH_ATTN_EXT(hsk=128,hsv=128,nh=4,nr23=[6,1],kv=512,nb=32,mask=1,sinks=1,max_bias=0.000000,logit_softcap=0.000000,prec=def,type_K=bf16,type_V=bf16,permute=[0,1,2,3]): [1;32mOK[0m
  FLASH_ATTN_EXT(hsk=128,hsv=128,nh=4,nr23=[6,1],kv=512,nb=32,mask=1,sinks=1,max_bias=0.000000,logit_softcap=0.000000,prec=def,type_K=bf16,type_V=bf16,permute=[0,2,1,3]): [1;32mOK[0m
  FLASH_ATTN_EXT(hsk=128,hsv=128,nh=4,nr23=[6,1],kv=512,nb=32,mask=1,sinks=1,max_bias=0.000000,logit_softcap=0.000000,prec=def,type_K=q8_0,type_V=q8_0,permute=[0,1,2,3]): [1;32mOK[0m
  FLASH_ATTN_EXT(hsk=128,hsv=128,nh=4,nr23=[6,1],kv=512,nb=32,mask=1,sinks=1,max_bias=0.000000,logit_softcap=0.000000,prec=def,type_K=q8_0,type_V=q8_0,permute=[0,2,1,3]): [1;32mOK[0m
  FLASH_ATTN_EXT(hsk=128,hsv=128,nh=4,nr23=[6,1],kv=512,nb=32,mask=1,sinks=1,max_bias=0.000000,logit_softcap=0.000000,prec=def,type_K=q5_1,type_V=q5_1,permute=[0,1,2,3]): not supported [ROCm0] 
  FLASH_ATTN_EXT(hsk=128,hsv=128,nh=4,nr23=[6,1],kv=512,nb=32,mask=1,sinks=1,max_bias=0.000000,logit_softcap=0.000000,prec=def,type_K=q5_1,type_V=q5_1,permute=[0,2,1,3]): not supported [ROCm0] 
  FLASH_ATTN_EXT(hsk=128,hsv=128,nh=4,nr23=[6,1],kv=512,nb=32,mask=1,sinks=1,max_bias=0.000000,logit_softcap=0.000000,prec=def,type_K=q5_0,type_V=q5_0,permute=[0,1,2,3]): not supported [ROCm0] 
  FLASH_ATTN_EXT(hsk=128,hsv=128,nh=4,nr23=[6,1],kv=512,nb=32,mask=1,sinks=1,max_bias=0.000000,logit_softcap=0.000000,prec=def,type_K=q5_0,type_V=q5_0,permute=[0,2,1,3]): not supported [ROCm0] 
  FLASH_ATTN_EXT(hsk=128,hsv=128,nh=4,nr23=[6,1],kv=512,nb=32,mask=1,sinks=1,max_bias=0.000000,logit_softcap=0.000000,prec=def,type_K=q4_1,type_V=q4_1,permute=[0,1,2,3]): not supported [ROCm0] 
  FLASH_ATTN_EXT(hsk=128,hsv=128,nh=4,nr23=[6,1],kv=512,nb=32,mask=1,sinks=1,max_bias=0.000000,logit_softcap=0.000000,prec=def,type_K=q4_1,type_V=q4_1,permute=[0,2,1,3]): not supported [ROCm0] 
  FLASH_ATTN_EXT(hsk=128,hsv=128,nh=4,nr23=[6,1],kv=512,nb=32,mask=1,sinks=1,max_bias=0.000000,logit_softcap=0.000000,prec=def,type_K=q4_0,type_V=q4_0,permute=[0,1,2,3]): [1;32mOK[0m
  FLASH_ATTN_EXT(hsk=128,hsv=128,nh=4,nr23=[6,1],kv=512,nb=32,mask=1,sinks=1,max_bias=0.000000,logit_softcap=0.000000,prec=def,type_K=q4_0,type_V=q4_0,permute=[0,2,1,3]): [1;32mOK[0m
  FLASH_ATTN_EXT(hsk=128,hsv=128,nh=4,nr23=[6,1],kv=512,nb=32,mask=1,sinks=1,max_bias=0.000000,logit_softcap=0.000000,prec=def,type_K=iq4_nl,type_V=iq4_nl,permute=[0,1,2,3]): not supported [ROCm0] 
  FLASH_ATTN_EXT(hsk=128,hsv=128,nh=4,nr23=[6,1],kv=512,nb=32,mask=1,sinks=1,max_bias=0.000000,logit_softcap=0.000000,prec=def,type_K=iq4_nl,type_V=iq4_nl,permute=[0,2,1,3]): not supported [ROCm0] 
  FLASH_ATTN_EXT(hsk=128,hsv=128,nh=4,nr23=[6,1],kv=512,nb=32,mask=1,sinks=1,max_bias=0.000000,logit_softcap=0.000000,prec=def,type_K=turbo3,type_V=turbo3,permute=[0,1,2,3]): [1;32mOK[0m
  FLASH_ATTN_EXT(hsk=128,hsv=128,nh=4,nr23=[6,1],kv=512,nb=32,mask=1,sinks=1,max_bias=0.000000,logit_softcap=0.000000,prec=def,type_K=turbo3,type_V=turbo3,permute=[0,2,1,3]): [1;32mOK[0m
  FLASH_ATTN_EXT(hsk=128,hsv=128,nh=4,nr23=[6,1],kv=512,nb=32,mask=1,sinks=1,max_bias=0.000000,logit_softcap=0.000000,prec=def,type_K=turbo4,type_V=turbo4,permute=[0,1,2,3]): [1;32mOK[0m
  FLASH_ATTN_EXT(hsk=128,hsv=128,nh=4,nr23=[6,1],kv=512,nb=32,mask=1,sinks=1,max_bias=0.000000,logit_softcap=0.000000,prec=def,type_K=turbo4,type_V=turbo4,permute=[0,2,1,3]): [1;32mOK[0m
  FLASH_ATTN_EXT(hsk=128,hsv=128,nh=4,nr23=[6,1],kv=512,nb=75,mask=1,sinks=1,max_bias=0.000000,logit_softcap=0.000000,prec=f32,type_K=f32,type_V=f32,permute=[0,1,2,3]): ggml_backend_cuda_graph_compute: CUDA graph warmup complete
ggml_backend_cuda_graph_compute: CUDA graph warmup complete
[1;32mOK[0m
  FLASH_ATTN_EXT(hsk=128,hsv=128,nh=4,nr23=[6,1],kv=512,nb=75,mask=1,sinks=1,max_bias=0.000000,logit_softcap=0.000000,prec=f32,type_K=f32,type_V=f32,permute=[0,2,1,3]): ggml_backend_cuda_graph_compute: CUDA graph warmup reset
ggml_backend_cuda_graph_compute: CUDA graph warmup reset
[1;32mOK[0m
  FLASH_ATTN_EXT(hsk=128,hsv=128,nh=4,nr23=[6,1],kv=512,nb=75,mask=1,sinks=1,max_bias=0.000000,logit_softcap=0.000000,prec=f32,type_K=f16,type_V=f16,permute=[0,1,2,3]): [1;32mOK[0m
  FLASH_ATTN_EXT(hsk=128,hsv=128,nh=4,nr23=[6,1],kv=512,nb=75,mask=1,sinks=1,max_bias=0.000000,logit_softcap=0.000000,prec=f32,type_K=f16,type_V=f16,permute=[0,2,1,3]): [1;32mOK[0m
  FLASH_ATTN_EXT(hsk=128,hsv=128,nh=4,nr23=[6,1],kv=512,nb=75,mask=1,sinks=1,max_bias=0.000000,logit_softcap=0.000000,prec=f32,type_K=bf16,type_V=bf16,permute=[0,1,2,3]): [1;32mOK[0m
  FLASH_ATTN_EXT(hsk=128,hsv=128,nh=4,nr23=[6,1],kv=512,nb=75,mask=1,sinks=1,max_bias=0.000000,logit_softcap=0.000000,prec=f32,type_K=bf16,type_V=bf16,permute=[0,2,1,3]): [1;32mOK[0m
  FLASH_ATTN_EXT(hsk=128,hsv=128,nh=4,nr23=[6,1],kv=512,nb=75,mask=1,sinks=1,max_bias=0.000000,logit_softcap=0.000000,prec=f32,type_K=q8_0,type_V=q8_0,permute=[0,1,2,3]): [1;32mOK[0m
  FLASH_ATTN_EXT(hsk=128,hsv=128,nh=4,nr23=[6,1],kv=512,nb=75,mask=1,sinks=1,max_bias=0.000000,logit_softcap=0.000000,prec=f32,type_K=q8_0,type_V=q8_0,permute=[0,2,1,3]): [1;32mOK[0m
  FLASH_ATTN_EXT(hsk=128,hsv=128,nh=4,nr23=[6,1],kv=512,nb=75,mask=1,sinks=1,max_bias=0.000000,logit_softcap=0.000000,prec=f32,type_K=q5_1,type_V=q5_1,permute=[0,1,2,3]): not supported [ROCm0] 
  FLASH_ATTN_EXT(hsk=128,hsv=128,nh=4,nr23=[6,1],kv=512,nb=75,mask=1,sinks=1,max_bias=0.000000,logit_softcap=0.000000,prec=f32,type_K=q5_1,type_V=q5_1,permute=[0,2,1,3]): not supported [ROCm0] 
  FLASH_ATTN_EXT(hsk=128,hsv=128,nh=4,nr23=[6,1],kv=512,nb=75,mask=1,sinks=1,max_bias=0.000000,logit_softcap=0.000000,prec=f32,type_K=q5_0,type_V=q5_0,permute=[0,1,2,3]): not supported [ROCm0] 
  FLASH_ATTN_EXT(hsk=128,hsv=128,nh=4,nr23=[6,1],kv=512,nb=75,mask=1,sinks=1,max_bias=0.000000,logit_softcap=0.000000,prec=f32,type_K=q5_0,type_V=q5_0,permute=[0,2,1,3]): not supported [ROCm0] 
  FLASH_ATTN_EXT(hsk=128,hsv=128,nh=4,nr23=[6,1],kv=512,nb=75,mask=1,sinks=1,max_bias=0.000000,logit_softcap=0.000000,prec=f32,type_K=q4_1,type_V=q4_1,permute=[0,1,2,3]): not supported [ROCm0] 
  FLASH_ATTN_EXT(hsk=128,hsv=128,nh=4,nr23=[6,1],kv=512,nb=75,mask=1,sinks=1,max_bias=0.000000,logit_softcap=0.000000,prec=f32,type_K=q4_1,type_V=q4_1,permute=[0,2,1,3]): not supported [ROCm0] 
  FLASH_ATTN_EXT(hsk=128,hsv=128,nh=4,nr23=[6,1],kv=512,nb=75,mask=1,sinks=1,max_bias=0.000000,logit_softcap=0.000000,prec=f32,type_K=q4_0,type_V=q4_0,permute=[0,1,2,3]): [1;32mOK[0m
  FLASH_ATTN_EXT(hsk=128,hsv=128,nh=4,nr23=[6,1],kv=512,nb=75,mask=1,sinks=1,max_bias=0.000000,logit_softcap=0.000000,prec=f32,type_K=q4_0,type_V=q4_0,permute=[0,2,1,3]): [1;32mOK[0m
  FLASH_ATTN_EXT(hsk=128,hsv=128,nh=4,nr23=[6,1],kv=512,nb=75,mask=1,sinks=1,max_bias=0.000000,logit_softcap=0.000000,prec=f32,type_K=iq4_nl,type_V=iq4_nl,permute=[0,1,2,3]): not supported [ROCm0] 
  FLASH_ATTN_EXT(hsk=128,hsv=128,nh=4,nr23=[6,1],kv=512,nb=75,mask=1,sinks=1,max_bias=0.000000,logit_softcap=0.000000,prec=f32,type_K=iq4_nl,type_V=iq4_nl,permute=[0,2,1,3]): not supported [ROCm0] 
  FLASH_ATTN_EXT(hsk=128,hsv=128,nh=4,nr23=[6,1],kv=512,nb=75,mask=1,sinks=1,max_bias=0.000000,logit_softcap=0.000000,prec=f32,type_K=turbo3,type_V=turbo3,permute=[0,1,2,3]): [1;32mOK[0m
  FLASH_ATTN_EXT(hsk=128,hsv=128,nh=4,nr23=[6,1],kv=512,nb=75,mask=1,sinks=1,max_bias=0.000000,logit_softcap=0.000000,prec=f32,type_K=turbo3,type_V=turbo3,permute=[0,2,1,3]): [1;32mOK[0m
  FLASH_ATTN_EXT(hsk=128,hsv=128,nh=4,nr23=[6,1],kv=512,nb=75,mask=1,sinks=1,max_bias=0.000000,logit_softcap=0.000000,prec=f32,type_K=turbo4,type_V=turbo4,permute=[0,1,2,3]): [1;32mOK[0m
  FLASH_ATTN_EXT(hsk=128,hsv=128,nh=4,nr23=[6,1],kv=512,nb=75,mask=1,sinks=1,max_bias=0.000000,logit_softcap=0.000000,prec=f32,type_K=turbo4,type_V=turbo4,permute=[0,2,1,3]): [1;32mOK[0m
  FLASH_ATTN_EXT(hsk=128,hsv=128,nh=4,nr23=[6,1],kv=512,nb=75,mask=1,sinks=1,max_bias=0.000000,logit_softcap=0.000000,prec=def,type_K=f32,type_V=f32,permute=[0,1,2,3]): [1;32mOK[0m
  FLASH_ATTN_EXT(hsk=128,hsv=128,nh=4,nr23=[6,1],kv=512,nb=75,mask=1,sinks=1,max_bias=0.000000,logit_softcap=0.000000,prec=def,type_K=f32,type_V=f32,permute=[0,2,1,3]): [1;32mOK[0m
  FLASH_ATTN_EXT(hsk=128,hsv=128,nh=4,nr23=[6,1],kv=512,nb=75,mask=1,sinks=1,max_bias=0.000000,logit_softcap=0.000000,prec=def,type_K=f16,type_V=f16,permute=[0,1,2,3]): [1;32mOK[0m
  FLASH_ATTN_EXT(hsk=128,hsv=128,nh=4,nr23=[6,1],kv=512,nb=75,mask=1,sinks=1,max_bias=0.000000,logit_softcap=0.000000,prec=def,type_K=f16,type_V=f16,permute=[0,2,1,3]): [1;32mOK[0m
  FLASH_ATTN_EXT(hsk=128,hsv=128,nh=4,nr23=[6,1],kv=512,nb=75,mask=1,sinks=1,max_bias=0.000000,logit_softcap=0.000000,prec=def,type_K=bf16,type_V=bf16,permute=[0,1,2,3]): [1;32mOK[0m
  FLASH_ATTN_EXT(hsk=128,hsv=128,nh=4,nr23=[6,1],kv=512,nb=75,mask=1,sinks=1,max_bias=0.000000,logit_softcap=0.000000,prec=def,type_K=bf16,type_V=bf16,permute=[0,2,1,3]): [1;32mOK[0m
  FLASH_ATTN_EXT(hsk=128,hsv=128,nh=4,nr23=[6,1],kv=512,nb=75,mask=1,sinks=1,max_bias=0.000000,logit_softcap=0.000000,prec=def,type_K=q8_0,type_V=q8_0,permute=[0,1,2,3]): [1;32mOK[0m
  FLASH_ATTN_EXT(hsk=128,hsv=128,nh=4,nr23=[6,1],kv=512,nb=75,mask=1,sinks=1,max_bias=0.000000,logit_softcap=0.000000,prec=def,type_K=q8_0,type_V=q8_0,permute=[0,2,1,3]): [1;32mOK[0m
  FLASH_ATTN_EXT(hsk=128,hsv=128,nh=4,nr23=[6,1],kv=512,nb=75,mask=1,sinks=1,max_bias=0.000000,logit_softcap=0.000000,prec=def,type_K=q5_1,type_V=q5_1,permute=[0,1,2,3]): not supported [ROCm0] 
  FLASH_ATTN_EXT(hsk=128,hsv=128,nh=4,nr23=[6,1],kv=512,nb=75,mask=1,sinks=1,max_bias=0.000000,logit_softcap=0.000000,prec=def,type_K=q5_1,type_V=q5_1,permute=[0,2,1,3]): not supported [ROCm0] 
  FLASH_ATTN_EXT(hsk=128,hsv=128,nh=4,nr23=[6,1],kv=512,nb=75,mask=1,sinks=1,max_bias=0.000000,logit_softcap=0.000000,prec=def,type_K=q5_0,type_V=q5_0,permute=[0,1,2,3]): not supported [ROCm0] 
  FLASH_ATTN_EXT(hsk=128,hsv=128,nh=4,nr23=[6,1],kv=512,nb=75,mask=1,sinks=1,max_bias=0.000000,logit_softcap=0.000000,prec=def,type_K=q5_0,type_V=q5_0,permute=[0,2,1,3]): not supported [ROCm0] 
  FLASH_ATTN_EXT(hsk=128,hsv=128,nh=4,nr23=[6,1],kv=512,nb=75,mask=1,sinks=1,max_bias=0.000000,logit_softcap=0.000000,prec=def,type_K=q4_1,type_V=q4_1,permute=[0,1,2,3]): not supported [ROCm0] 
  FLASH_ATTN_EXT(hsk=128,hsv=128,nh=4,nr23=[6,1],kv=512,nb=75,mask=1,sinks=1,max_bias=0.000000,logit_softcap=0.000000,prec=def,type_K=q4_1,type_V=q4_1,permute=[0,2,1,3]): not supported [ROCm0] 
  FLASH_ATTN_EXT(hsk=128,hsv=128,nh=4,nr23=[6,1],kv=512,nb=75,mask=1,sinks=1,max_bias=0.000000,logit_softcap=0.000000,prec=def,type_K=q4_0,type_V=q4_0,permute=[0,1,2,3]): [1;32mOK[0m
  FLASH_ATTN_EXT(hsk=128,hsv=128,nh=4,nr23=[6,1],kv=512,nb=75,mask=1,sinks=1,max_bias=0.000000,logit_softcap=0.000000,prec=def,type_K=q4_0,type_V=q4_0,permute=[0,2,1,3]): [1;32mOK[0m
  FLASH_ATTN_EXT(hsk=128,hsv=128,nh=4,nr23=[6,1],kv=512,nb=75,mask=1,sinks=1,max_bias=0.000000,logit_softcap=0.000000,prec=def,type_K=iq4_nl,type_V=iq4_nl,permute=[0,1,2,3]): not supported [ROCm0] 
  FLASH_ATTN_EXT(hsk=128,hsv=128,nh=4,nr23=[6,1],kv=512,nb=75,mask=1,sinks=1,max_bias=0.000000,logit_softcap=0.000000,prec=def,type_K=iq4_nl,type_V=iq4_nl,permute=[0,2,1,3]): not supported [ROCm0] 
  FLASH_ATTN_EXT(hsk=128,hsv=128,nh=4,nr23=[6,1],kv=512,nb=75,mask=1,sinks=1,max_bias=0.000000,logit_softcap=0.000000,prec=def,type_K=turbo3,type_V=turbo3,permute=[0,1,2,3]): [1;32mOK[0m
  FLASH_ATTN_EXT(hsk=128,hsv=128,nh=4,nr23=[6,1],kv=512,nb=75,mask=1,sinks=1,max_bias=0.000000,logit_softcap=0.000000,prec=def,type_K=turbo3,type_V=turbo3,permute=[0,2,1,3]): [1;32mOK[0m
  FLASH_ATTN_EXT(hsk=128,hsv=128,nh=4,nr23=[6,1],kv=512,nb=75,mask=1,sinks=1,max_bias=0.000000,logit_softcap=0.000000,prec=def,type_K=turbo4,type_V=turbo4,permute=[0,1,2,3]): [1;32mOK[0m
  FLASH_ATTN_EXT(hsk=128,hsv=128,nh=4,nr23=[6,1],kv=512,nb=75,mask=1,sinks=1,max_bias=0.000000,logit_softcap=0.000000,prec=def,type_K=turbo4,type_V=turbo4,permute=[0,2,1,3]): [1;32mOK[0m
  FLASH_ATTN_EXT(hsk=128,hsv=128,nh=4,nr23=[9,1],kv=512,nb=1,mask=1,sinks=1,max_bias=0.000000,logit_softcap=0.000000,prec=f32,type_K=f32,type_V=f32,permute=[0,1,2,3]): [1;32mOK[0m
  FLASH_ATTN_EXT(hsk=128,hsv=128,nh=4,nr23=[9,1],kv=512,nb=1,mask=1,sinks=1,max_bias=0.000000,logit_softcap=0.000000,prec=f32,type_K=f32,type_V=f32,permute=[0,2,1,3]): [1;32mOK[0m
  FLASH_ATTN_EXT(hsk=128,hsv=128,nh=4,nr23=[9,1],kv=512,nb=1,mask=1,sinks=1,max_bias=0.000000,logit_softcap=0.000000,prec=f32,type_K=f16,type_V=f16,permute=[0,1,2,3]): [1;32mOK[0m
  FLASH_ATTN_EXT(hsk=128,hsv=128,nh=4,nr23=[9,1],kv=512,nb=1,mask=1,sinks=1,max_bias=0.000000,logit_softcap=0.000000,prec=f32,type_K=f16,type_V=f16,permute=[0,2,1,3]): [1;32mOK[0m
  FLASH_ATTN_EXT(hsk=128,hsv=128,nh=4,nr23=[9,1],kv=512,nb=1,mask=1,sinks=1,max_bias=0.000000,logit_softcap=0.000000,prec=f32,type_K=bf16,type_V=bf16,permute=[0,1,2,3]): [1;32mOK[0m
  FLASH_ATTN_EXT(hsk=128,hsv=128,nh=4,nr23=[9,1],kv=512,nb=1,mask=1,sinks=1,max_bias=0.000000,logit_softcap=0.000000,prec=f32,type_K=bf16,type_V=bf16,permute=[0,2,1,3]): [1;32mOK[0m
  FLASH_ATTN_EXT(hsk=128,hsv=128,nh=4,nr23=[9,1],kv=512,nb=1,mask=1,sinks=1,max_bias=0.000000,logit_softcap=0.000000,prec=f32,type_K=q8_0,type_V=q8_0,permute=[0,1,2,3]): [1;32mOK[0m
  FLASH_ATTN_EXT(hsk=128,hsv=128,nh=4,nr23=[9,1],kv=512,nb=1,mask=1,sinks=1,max_bias=0.000000,logit_softcap=0.000000,prec=f32,type_K=q8_0,type_V=q8_0,permute=[0,2,1,3]): [1;32mOK[0m
  FLASH_ATTN_EXT(hsk=128,hsv=128,nh=4,nr23=[9,1],kv=512,nb=1,mask=1,sinks=1,max_bias=0.000000,logit_softcap=0.000000,prec=f32,type_K=q5_1,type_V=q5_1,permute=[0,1,2,3]): not supported [ROCm0] 
  FLASH_ATTN_EXT(hsk=128,hsv=128,nh=4,nr23=[9,1],kv=512,nb=1,mask=1,sinks=1,max_bias=0.000000,logit_softcap=0.000000,prec=f32,type_K=q5_1,type_V=q5_1,permute=[0,2,1,3]): not supported [ROCm0] 
  FLASH_ATTN_EXT(hsk=128,hsv=128,nh=4,nr23=[9,1],kv=512,nb=1,mask=1,sinks=1,max_bias=0.000000,logit_softcap=0.000000,prec=f32,type_K=q5_0,type_V=q5_0,permute=[0,1,2,3]): not supported [ROCm0] 
  FLASH_ATTN_EXT(hsk=128,hsv=128,nh=4,nr23=[9,1],kv=512,nb=1,mask=1,sinks=1,max_bias=0.000000,logit_softcap=0.000000,prec=f32,type_K=q5_0,type_V=q5_0,permute=[0,2,1,3]): not supported [ROCm0] 
  FLASH_ATTN_EXT(hsk=128,hsv=128,nh=4,nr23=[9,1],kv=512,nb=1,mask=1,sinks=1,max_bias=0.000000,logit_softcap=0.000000,prec=f32,type_K=q4_1,type_V=q4_1,permute=[0,1,2,3]): not supported [ROCm0] 
  FLASH_ATTN_EXT(hsk=128,hsv=128,nh=4,nr23=[9,1],kv=512,nb=1,mask=1,sinks=1,max_bias=0.000000,logit_softcap=0.000000,prec=f32,type_K=q4_1,type_V=q4_1,permute=[0,2,1,3]): not supported [ROCm0] 
  FLASH_ATTN_EXT(hsk=128,hsv=128,nh=4,nr23=[9,1],kv=512,nb=1,mask=1,sinks=1,max_bias=0.000000,logit_softcap=0.000000,prec=f32,type_K=q4_0,type_V=q4_0,permute=[0,1,2,3]): [1;32mOK[0m
  FLASH_ATTN_EXT(hsk=128,hsv=128,nh=4,nr23=[9,1],kv=512,nb=1,mask=1,sinks=1,max_bias=0.000000,logit_softcap=0.000000,prec=f32,type_K=q4_0,type_V=q4_0,permute=[0,2,1,3]): [1;32mOK[0m
  FLASH_ATTN_EXT(hsk=128,hsv=128,nh=4,nr23=[9,1],kv=512,nb=1,mask=1,sinks=1,max_bias=0.000000,logit_softcap=0.000000,prec=f32,type_K=iq4_nl,type_V=iq4_nl,permute=[0,1,2,3]): not supported [ROCm0] 
  FLASH_ATTN_EXT(hsk=128,hsv=128,nh=4,nr23=[9,1],kv=512,nb=1,mask=1,sinks=1,max_bias=0.000000,logit_softcap=0.000000,prec=f32,type_K=iq4_nl,type_V=iq4_nl,permute=[0,2,1,3]): not supported [ROCm0] 
  FLASH_ATTN_EXT(hsk=128,hsv=128,nh=4,nr23=[9,1],kv=512,nb=1,mask=1,sinks=1,max_bias=0.000000,logit_softcap=0.000000,prec=f32,type_K=turbo3,type_V=turbo3,permute=[0,1,2,3]): [1;32mOK[0m
  FLASH_ATTN_EXT(hsk=128,hsv=128,nh=4,nr23=[9,1],kv=512,nb=1,mask=1,sinks=1,max_bias=0.000000,logit_softcap=0.000000,prec=f32,type_K=turbo3,type_V=turbo3,permute=[0,2,1,3]): [1;32mOK[0m
  FLASH_ATTN_EXT(hsk=128,hsv=128,nh=4,nr23=[9,1],kv=512,nb=1,mask=1,sinks=1,max_bias=0.000000,logit_softcap=0.000000,prec=f32,type_K=turbo4,type_V=turbo4,permute=[0,1,2,3]): [1;32mOK[0m
  FLASH_ATTN_EXT(hsk=128,hsv=128,nh=4,nr23=[9,1],kv=512,nb=1,mask=1,sinks=1,max_bias=0.000000,logit_softcap=0.000000,prec=f32,type_K=turbo4,type_V=turbo4,permute=[0,2,1,3]): [1;32mOK[0m
  FLASH_ATTN_EXT(hsk=128,hsv=128,nh=4,nr23=[9,1],kv=512,nb=1,mask=1,sinks=1,max_bias=0.000000,logit_softcap=0.000000,prec=def,type_K=f32,type_V=f32,permute=[0,1,2,3]): [1;32mOK[0m
  FLASH_ATTN_EXT(hsk=128,hsv=128,nh=4,nr23=[9,1],kv=512,nb=1,mask=1,sinks=1,max_bias=0.000000,logit_softcap=0.000000,prec=def,type_K=f32,type_V=f32,permute=[0,2,1,3]): [1;32mOK[0m
  FLASH_ATTN_EXT(hsk=128,hsv=128,nh=4,nr23=[9,1],kv=512,nb=1,mask=1,sinks=1,max_bias=0.000000,logit_softcap=0.000000,prec=def,type_K=f16,type_V=f16,permute=[0,1,2,3]): [1;32mOK[0m
  FLASH_ATTN_EXT(hsk=128,hsv=128,nh=4,nr23=[9,1],kv=512,nb=1,mask=1,sinks=1,max_bias=0.000000,logit_softcap=0.000000,prec=def,type_K=f16,type_V=f16,permute=[0,2,1,3]): [1;32mOK[0m
  FLASH_ATTN_EXT(hsk=128,hsv=128,nh=4,nr23=[9,1],kv=512,nb=1,mask=1,sinks=1,max_bias=0.000000,logit_softcap=0.000000,prec=def,type_K=bf16,type_V=bf16,permute=[0,1,2,3]): [1;32mOK[0m
  FLASH_ATTN_EXT(hsk=128,hsv=128,nh=4,nr23=[9,1],kv=512,nb=1,mask=1,sinks=1,max_bias=0.000000,logit_softcap=0.000000,prec=def,type_K=bf16,type_V=bf16,permute=[0,2,1,3]): [1;32mOK[0m
  FLASH_ATTN_EXT(hsk=128,hsv=128,nh=4,nr23=[9,1],kv=512,nb=1,mask=1,sinks=1,max_bias=0.000000,logit_softcap=0.000000,prec=def,type_K=q8_0,type_V=q8_0,permute=[0,1,2,3]): [1;32mOK[0m
  FLASH_ATTN_EXT(hsk=128,hsv=128,nh=4,nr23=[9,1],kv=512,nb=1,mask=1,sinks=1,max_bias=0.000000,logit_softcap=0.000000,prec=def,type_K=q8_0,type_V=q8_0,permute=[0,2,1,3]): [1;32mOK[0m
  FLASH_ATTN_EXT(hsk=128,hsv=128,nh=4,nr23=[9,1],kv=512,nb=1,mask=1,sinks=1,max_bias=0.000000,logit_softcap=0.000000,prec=def,type_K=q5_1,type_V=q5_1,permute=[0,1,2,3]): not supported [ROCm0] 
  FLASH_ATTN_EXT(hsk=128,hsv=128,nh=4,nr23=[9,1],kv=512,nb=1,mask=1,sinks=1,max_bias=0.000000,logit_softcap=0.000000,prec=def,type_K=q5_1,type_V=q5_1,permute=[0,2,1,3]): not supported [ROCm0] 
  FLASH_ATTN_EXT(hsk=128,hsv=128,nh=4,nr23=[9,1],kv=512,nb=1,mask=1,sinks=1,max_bias=0.000000,logit_softcap=0.000000,prec=def,type_K=q5_0,type_V=q5_0,permute=[0,1,2,3]): not supported [ROCm0] 
  FLASH_ATTN_EXT(hsk=128,hsv=128,nh=4,nr23=[9,1],kv=512,nb=1,mask=1,sinks=1,max_bias=0.000000,logit_softcap=0.000000,prec=def,type_K=q5_0,type_V=q5_0,permute=[0,2,1,3]): not supported [ROCm0] 
  FLASH_ATTN_EXT(hsk=128,hsv=128,nh=4,nr23=[9,1],kv=512,nb=1,mask=1,sinks=1,max_bias=0.000000,logit_softcap=0.000000,prec=def,type_K=q4_1,type_V=q4_1,permute=[0,1,2,3]): not supported [ROCm0] 
  FLASH_ATTN_EXT(hsk=128,hsv=128,nh=4,nr23=[9,1],kv=512,nb=1,mask=1,sinks=1,max_bias=0.000000,logit_softcap=0.000000,prec=def,type_K=q4_1,type_V=q4_1,permute=[0,2,1,3]): not supported [ROCm0] 
  FLASH_ATTN_EXT(hsk=128,hsv=128,nh=4,nr23=[9,1],kv=512,nb=1,mask=1,sinks=1,max_bias=0.000000,logit_softcap=0.000000,prec=def,type_K=q4_0,type_V=q4_0,permute=[0,1,2,3]): [1;32mOK[0m
  FLASH_ATTN_EXT(hsk=128,hsv=128,nh=4,nr23=[9,1],kv=512,nb=1,mask=1,sinks=1,max_bias=0.000000,logit_softcap=0.000000,prec=def,type_K=q4_0,type_V=q4_0,permute=[0,2,1,3]): [1;32mOK[0m
  FLASH_ATTN_EXT(hsk=128,hsv=128,nh=4,nr23=[9,1],kv=512,nb=1,mask=1,sinks=1,max_bias=0.000000,logit_softcap=0.000000,prec=def,type_K=iq4_nl,type_V=iq4_nl,permute=[0,1,2,3]): not supported [ROCm0] 
  FLASH_ATTN_EXT(hsk=128,hsv=128,nh=4,nr23=[9,1],kv=512,nb=1,mask=1,sinks=1,max_bias=0.000000,logit_softcap=0.000000,prec=def,type_K=iq4_nl,type_V=iq4_nl,permute=[0,2,1,3]): not supported [ROCm0] 
  FLASH_ATTN_EXT(hsk=128,hsv=128,nh=4,nr23=[9,1],kv=512,nb=1,mask=1,sinks=1,max_bias=0.000000,logit_softcap=0.000000,prec=def,type_K=turbo3,type_V=turbo3,permute=[0,1,2,3]): [1;32mOK[0m
  FLASH_ATTN_EXT(hsk=128,hsv=128,nh=4,nr23=[9,1],kv=512,nb=1,mask=1,sinks=1,max_bias=0.000000,logit_softcap=0.000000,prec=def,type_K=turbo3,type_V=turbo3,permute=[0,2,1,3]): [1;32mOK[0m
  FLASH_ATTN_EXT(hsk=128,hsv=128,nh=4,nr23=[9,1],kv=512,nb=1,mask=1,sinks=1,max_bias=0.000000,logit_softcap=0.000000,prec=def,type_K=turbo4,type_V=turbo4,permute=[0,1,2,3]): [1;32mOK[0m
  FLASH_ATTN_EXT(hsk=128,hsv=128,nh=4,nr23=[9,1],kv=512,nb=1,mask=1,sinks=1,max_bias=0.000000,logit_softcap=0.000000,prec=def,type_K=turbo4,type_V=turbo4,permute=[0,2,1,3]): [1;32mOK[0m
  FLASH_ATTN_EXT(hsk=128,hsv=128,nh=4,nr23=[9,1],kv=512,nb=3,mask=1,sinks=1,max_bias=0.000000,logit_softcap=0.000000,prec=f32,type_K=f32,type_V=f32,permute=[0,1,2,3]): [1;32mOK[0m
  FLASH_ATTN_EXT(hsk=128,hsv=128,nh=4,nr23=[9,1],kv=512,nb=3,mask=1,sinks=1,max_bias=0.000000,logit_softcap=0.000000,prec=f32,type_K=f32,type_V=f32,permute=[0,2,1,3]): [1;32mOK[0m
  FLASH_ATTN_EXT(hsk=128,hsv=128,nh=4,nr23=[9,1],kv=512,nb=3,mask=1,sinks=1,max_bias=0.000000,logit_softcap=0.000000,prec=f32,type_K=f16,type_V=f16,permute=[0,1,2,3]): [1;32mOK[0m
  FLASH_ATTN_EXT(hsk=128,hsv=128,nh=4,nr23=[9,1],kv=512,nb=3,mask=1,sinks=1,max_bias=0.000000,logit_softcap=0.000000,prec=f32,type_K=f16,type_V=f16,permute=[0,2,1,3]): ggml_backend_cuda_graph_compute: CUDA graph warmup complete
ggml_backend_cuda_graph_compute: CUDA graph warmup complete
[1;32mOK[0m
  FLASH_ATTN_EXT(hsk=128,hsv=128,nh=4,nr23=[9,1],kv=512,nb=3,mask=1,sinks=1,max_bias=0.000000,logit_softcap=0.000000,prec=f32,type_K=bf16,type_V=bf16,permute=[0,1,2,3]): [1;32mOK[0m
  FLASH_ATTN_EXT(hsk=128,hsv=128,nh=4,nr23=[9,1],kv=512,nb=3,mask=1,sinks=1,max_bias=0.000000,logit_softcap=0.000000,prec=f32,type_K=bf16,type_V=bf16,permute=[0,2,1,3]): ggml_backend_cuda_graph_compute: CUDA graph warmup reset
ggml_backend_cuda_graph_compute: CUDA graph warmup reset
[1;32mOK[0m
  FLASH_ATTN_EXT(hsk=128,hsv=128,nh=4,nr23=[9,1],kv=512,nb=3,mask=1,sinks=1,max_bias=0.000000,logit_softcap=0.000000,prec=f32,type_K=q8_0,type_V=q8_0,permute=[0,1,2,3]): [1;32mOK[0m
  FLASH_ATTN_EXT(hsk=128,hsv=128,nh=4,nr23=[9,1],kv=512,nb=3,mask=1,sinks=1,max_bias=0.000000,logit_softcap=0.000000,prec=f32,type_K=q8_0,type_V=q8_0,permute=[0,2,1,3]): [1;32mOK[0m
  FLASH_ATTN_EXT(hsk=128,hsv=128,nh=4,nr23=[9,1],kv=512,nb=3,mask=1,sinks=1,max_bias=0.000000,logit_softcap=0.000000,prec=f32,type_K=q5_1,type_V=q5_1,permute=[0,1,2,3]): not supported [ROCm0] 
  FLASH_ATTN_EXT(hsk=128,hsv=128,nh=4,nr23=[9,1],kv=512,nb=3,mask=1,sinks=1,max_bias=0.000000,logit_softcap=0.000000,prec=f32,type_K=q5_1,type_V=q5_1,permute=[0,2,1,3]): not supported [ROCm0] 
  FLASH_ATTN_EXT(hsk=128,hsv=128,nh=4,nr23=[9,1],kv=512,nb=3,mask=1,sinks=1,max_bias=0.000000,logit_softcap=0.000000,prec=f32,type_K=q5_0,type_V=q5_0,permute=[0,1,2,3]): not supported [ROCm0] 
  FLASH_ATTN_EXT(hsk=128,hsv=128,nh=4,nr23=[9,1],kv=512,nb=3,mask=1,sinks=1,max_bias=0.000000,logit_softcap=0.000000,prec=f32,type_K=q5_0,type_V=q5_0,permute=[0,2,1,3]): not supported [ROCm0] 
  FLASH_ATTN_EXT(hsk=128,hsv=128,nh=4,nr23=[9,1],kv=512,nb=3,mask=1,sinks=1,max_bias=0.000000,logit_softcap=0.000000,prec=f32,type_K=q4_1,type_V=q4_1,permute=[0,1,2,3]): not supported [ROCm0] 
  FLASH_ATTN_EXT(hsk=128,hsv=128,nh=4,nr23=[9,1],kv=512,nb=3,mask=1,sinks=1,max_bias=0.000000,logit_softcap=0.000000,prec=f32,type_K=q4_1,type_V=q4_1,permute=[0,2,1,3]): not supported [ROCm0] 
  FLASH_ATTN_EXT(hsk=128,hsv=128,nh=4,nr23=[9,1],kv=512,nb=3,mask=1,sinks=1,max_bias=0.000000,logit_softcap=0.000000,prec=f32,type_K=q4_0,type_V=q4_0,permute=[0,1,2,3]): [1;32mOK[0m
  FLASH_ATTN_EXT(hsk=128,hsv=128,nh=4,nr23=[9,1],kv=512,nb=3,mask=1,sinks=1,max_bias=0.000000,logit_softcap=0.000000,prec=f32,type_K=q4_0,type_V=q4_0,permute=[0,2,1,3]): [1;32mOK[0m
  FLASH_ATTN_EXT(hsk=128,hsv=128,nh=4,nr23=[9,1],kv=512,nb=3,mask=1,sinks=1,max_bias=0.000000,logit_softcap=0.000000,prec=f32,type_K=iq4_nl,type_V=iq4_nl,permute=[0,1,2,3]): not supported [ROCm0] 
  FLASH_ATTN_EXT(hsk=128,hsv=128,nh=4,nr23=[9,1],kv=512,nb=3,mask=1,sinks=1,max_bias=0.000000,logit_softcap=0.000000,prec=f32,type_K=iq4_nl,type_V=iq4_nl,permute=[0,2,1,3]): not supported [ROCm0] 
  FLASH_ATTN_EXT(hsk=128,hsv=128,nh=4,nr23=[9,1],kv=512,nb=3,mask=1,sinks=1,max_bias=0.000000,logit_softcap=0.000000,prec=f32,type_K=turbo3,type_V=turbo3,permute=[0,1,2,3]): [1;32mOK[0m
  FLASH_ATTN_EXT(hsk=128,hsv=128,nh=4,nr23=[9,1],kv=512,nb=3,mask=1,sinks=1,max_bias=0.000000,logit_softcap=0.000000,prec=f32,type_K=turbo3,type_V=turbo3,permute=[0,2,1,3]): [1;32mOK[0m
  FLASH_ATTN_EXT(hsk=128,hsv=128,nh=4,nr23=[9,1],kv=512,nb=3,mask=1,sinks=1,max_bias=0.000000,logit_softcap=0.000000,prec=f32,type_K=turbo4,type_V=turbo4,permute=[0,1,2,3]): [1;32mOK[0m
  FLASH_ATTN_EXT(hsk=128,hsv=128,nh=4,nr23=[9,1],kv=512,nb=3,mask=1,sinks=1,max_bias=0.000000,logit_softcap=0.000000,prec=f32,type_K=turbo4,type_V=turbo4,permute=[0,2,1,3]): [1;32mOK[0m
  FLASH_ATTN_EXT(hsk=128,hsv=128,nh=4,nr23=[9,1],kv=512,nb=3,mask=1,sinks=1,max_bias=0.000000,logit_softcap=0.000000,prec=def,type_K=f32,type_V=f32,permute=[0,1,2,3]): [1;32mOK[0m
  FLASH_ATTN_EXT(hsk=128,hsv=128,nh=4,nr23=[9,1],kv=512,nb=3,mask=1,sinks=1,max_bias=0.000000,logit_softcap=0.000000,prec=def,type_K=f32,type_V=f32,permute=[0,2,1,3]): [1;32mOK[0m
  FLASH_ATTN_EXT(hsk=128,hsv=128,nh=4,nr23=[9,1],kv=512,nb=3,mask=1,sinks=1,max_bias=0.000000,logit_softcap=0.000000,prec=def,type_K=f16,type_V=f16,permute=[0,1,2,3]): [1;32mOK[0m
  FLASH_ATTN_EXT(hsk=128,hsv=128,nh=4,nr23=[9,1],kv=512,nb=3,mask=1,sinks=1,max_bias=0.000000,logit_softcap=0.000000,prec=def,type_K=f16,type_V=f16,permute=[0,2,1,3]): [1;32mOK[0m
  FLASH_ATTN_EXT(hsk=128,hsv=128,nh=4,nr23=[9,1],kv=512,nb=3,mask=1,sinks=1,max_bias=0.000000,logit_softcap=0.000000,prec=def,type_K=bf16,type_V=bf16,permute=[0,1,2,3]): [1;32mOK[0m
  FLASH_ATTN_EXT(hsk=128,hsv=128,nh=4,nr23=[9,1],kv=512,nb=3,mask=1,sinks=1,max_bias=0.000000,logit_softcap=0.000000,prec=def,type_K=bf16,type_V=bf16,permute=[0,2,1,3]): [1;32mOK[0m
  FLASH_ATTN_EXT(hsk=128,hsv=128,nh=4,nr23=[9,1],kv=512,nb=3,mask=1,sinks=1,max_bias=0.000000,logit_softcap=0.000000,prec=def,type_K=q8_0,type_V=q8_0,permute=[0,1,2,3]): [1;32mOK[0m
  FLASH_ATTN_EXT(hsk=128,hsv=128,nh=4,nr23=[9,1],kv=512,nb=3,mask=1,sinks=1,max_bias=0.000000,logit_softcap=0.000000,prec=def,type_K=q8_0,type_V=q8_0,permute=[0,2,1,3]): [1;32mOK[0m
  FLASH_ATTN_EXT(hsk=128,hsv=128,nh=4,nr23=[9,1],kv=512,nb=3,mask=1,sinks=1,max_bias=0.000000,logit_softcap=0.000000,prec=def,type_K=q5_1,type_V=q5_1,permute=[0,1,2,3]): not supported [ROCm0] 
  FLASH_ATTN_EXT(hsk=128,hsv=128,nh=4,nr23=[9,1],kv=512,nb=3,mask=1,sinks=1,max_bias=0.000000,logit_softcap=0.000000,prec=def,type_K=q5_1,type_V=q5_1,permute=[0,2,1,3]): not supported [ROCm0] 
  FLASH_ATTN_EXT(hsk=128,hsv=128,nh=4,nr23=[9,1],kv=512,nb=3,mask=1,sinks=1,max_bias=0.000000,logit_softcap=0.000000,prec=def,type_K=q5_0,type_V=q5_0,permute=[0,1,2,3]): not supported [ROCm0] 
  FLASH_ATTN_EXT(hsk=128,hsv=128,nh=4,nr23=[9,1],kv=512,nb=3,mask=1,sinks=1,max_bias=0.000000,logit_softcap=0.000000,prec=def,type_K=q5_0,type_V=q5_0,permute=[0,2,1,3]): not supported [ROCm0] 
  FLASH_ATTN_EXT(hsk=128,hsv=128,nh=4,nr23=[9,1],kv=512,nb=3,mask=1,sinks=1,max_bias=0.000000,logit_softcap=0.000000,prec=def,type_K=q4_1,type_V=q4_1,permute=[0,1,2,3]): not supported [ROCm0] 
  FLASH_ATTN_EXT(hsk=128,hsv=128,nh=4,nr23=[9,1],kv=512,nb=3,mask=1,sinks=1,max_bias=0.000000,logit_softcap=0.000000,prec=def,type_K=q4_1,type_V=q4_1,permute=[0,2,1,3]): not supported [ROCm0] 
  FLASH_ATTN_EXT(hsk=128,hsv=128,nh=4,nr23=[9,1],kv=512,nb=3,mask=1,sinks=1,max_bias=0.000000,logit_softcap=0.000000,prec=def,type_K=q4_0,type_V=q4_0,permute=[0,1,2,3]): [1;32mOK[0m
  FLASH_ATTN_EXT(hsk=128,hsv=128,nh=4,nr23=[9,1],kv=512,nb=3,mask=1,sinks=1,max_bias=0.000000,logit_softcap=0.000000,prec=def,type_K=q4_0,type_V=q4_0,permute=[0,2,1,3]): [1;32mOK[0m
  FLASH_ATTN_EXT(hsk=128,hsv=128,nh=4,nr23=[9,1],kv=512,nb=3,mask=1,sinks=1,max_bias=0.000000,logit_softcap=0.000000,prec=def,type_K=iq4_nl,type_V=iq4_nl,permute=[0,1,2,3]): not supported [ROCm0] 
  FLASH_ATTN_EXT(hsk=128,hsv=128,nh=4,nr23=[9,1],kv=512,nb=3,mask=1,sinks=1,max_bias=0.000000,logit_softcap=0.000000,prec=def,type_K=iq4_nl,type_V=iq4_nl,permute=[0,2,1,3]): not supported [ROCm0] 
  FLASH_ATTN_EXT(hsk=128,hsv=128,nh=4,nr23=[9,1],kv=512,nb=3,mask=1,sinks=1,max_bias=0.000000,logit_softcap=0.000000,prec=def,type_K=turbo3,type_V=turbo3,permute=[0,1,2,3]): [1;32mOK[0m
  FLASH_ATTN_EXT(hsk=128,hsv=128,nh=4,nr23=[9,1],kv=512,nb=3,mask=1,sinks=1,max_bias=0.000000,logit_softcap=0.000000,prec=def,type_K=turbo3,type_V=turbo3,permute=[0,2,1,3]): [1;32mOK[0m
  FLASH_ATTN_EXT(hsk=128,hsv=128,nh=4,nr23=[9,1],kv=512,nb=3,mask=1,sinks=1,max_bias=0.000000,logit_softcap=0.000000,prec=def,type_K=turbo4,type_V=turbo4,permute=[0,1,2,3]): [1;32mOK[0m
  FLASH_ATTN_EXT(hsk=128,hsv=128,nh=4,nr23=[9,1],kv=512,nb=3,mask=1,sinks=1,max_bias=0.000000,logit_softcap=0.000000,prec=def,type_K=turbo4,type_V=turbo4,permute=[0,2,1,3]): [1;32mOK[0m
  FLASH_ATTN_EXT(hsk=128,hsv=128,nh=4,nr23=[9,1],kv=512,nb=32,mask=1,sinks=1,max_bias=0.000000,logit_softcap=0.000000,prec=f32,type_K=f32,type_V=f32,permute=[0,1,2,3]): [1;32mOK[0m
  FLASH_ATTN_EXT(hsk=128,hsv=128,nh=4,nr23=[9,1],kv=512,nb=32,mask=1,sinks=1,max_bias=0.000000,logit_softcap=0.000000,prec=f32,type_K=f32,type_V=f32,permute=[0,2,1,3]): [1;32mOK[0m
  FLASH_ATTN_EXT(hsk=128,hsv=128,nh=4,nr23=[9,1],kv=512,nb=32,mask=1,sinks=1,max_bias=0.000000,logit_softcap=0.000000,prec=f32,type_K=f16,type_V=f16,permute=[0,1,2,3]): [1;32mOK[0m
  FLASH_ATTN_EXT(hsk=128,hsv=128,nh=4,nr23=[9,1],kv=512,nb=32,mask=1,sinks=1,max_bias=0.000000,logit_softcap=0.000000,prec=f32,type_K=f16,type_V=f16,permute=[0,2,1,3]): [1;32mOK[0m
  FLASH_ATTN_EXT(hsk=128,hsv=128,nh=4,nr23=[9,1],kv=512,nb=32,mask=1,sinks=1,max_bias=0.000000,logit_softcap=0.000000,prec=f32,type_K=bf16,type_V=bf16,permute=[0,1,2,3]): [1;32mOK[0m
  FLASH_ATTN_EXT(hsk=128,hsv=128,nh=4,nr23=[9,1],kv=512,nb=32,mask=1,sinks=1,max_bias=0.000000,logit_softcap=0.000000,prec=f32,type_K=bf16,type_V=bf16,permute=[0,2,1,3]): [1;32mOK[0m
  FLASH_ATTN_EXT(hsk=128,hsv=128,nh=4,nr23=[9,1],kv=512,nb=32,mask=1,sinks=1,max_bias=0.000000,logit_softcap=0.000000,prec=f32,type_K=q8_0,type_V=q8_0,permute=[0,1,2,3]): [1;32mOK[0m
  FLASH_ATTN_EXT(hsk=128,hsv=128,nh=4,nr23=[9,1],kv=512,nb=32,mask=1,sinks=1,max_bias=0.000000,logit_softcap=0.000000,prec=f32,type_K=q8_0,type_V=q8_0,permute=[0,2,1,3]): [1;32mOK[0m
  FLASH_ATTN_EXT(hsk=128,hsv=128,nh=4,nr23=[9,1],kv=512,nb=32,mask=1,sinks=1,max_bias=0.000000,logit_softcap=0.000000,prec=f32,type_K=q5_1,type_V=q5_1,permute=[0,1,2,3]): not supported [ROCm0] 
  FLASH_ATTN_EXT(hsk=128,hsv=128,nh=4,nr23=[9,1],kv=512,nb=32,mask=1,sinks=1,max_bias=0.000000,logit_softcap=0.000000,prec=f32,type_K=q5_1,type_V=q5_1,permute=[0,2,1,3]): not supported [ROCm0] 
  FLASH_ATTN_EXT(hsk=128,hsv=128,nh=4,nr23=[9,1],kv=512,nb=32,mask=1,sinks=1,max_bias=0.000000,logit_softcap=0.000000,prec=f32,type_K=q5_0,type_V=q5_0,permute=[0,1,2,3]): not supported [ROCm0] 
  FLASH_ATTN_EXT(hsk=128,hsv=128,nh=4,nr23=[9,1],kv=512,nb=32,mask=1,sinks=1,max_bias=0.000000,logit_softcap=0.000000,prec=f32,type_K=q5_0,type_V=q5_0,permute=[0,2,1,3]): not supported [ROCm0] 
  FLASH_ATTN_EXT(hsk=128,hsv=128,nh=4,nr23=[9,1],kv=512,nb=32,mask=1,sinks=1,max_bias=0.000000,logit_softcap=0.000000,prec=f32,type_K=q4_1,type_V=q4_1,permute=[0,1,2,3]): not supported [ROCm0] 
  FLASH_ATTN_EXT(hsk=128,hsv=128,nh=4,nr23=[9,1],kv=512,nb=32,mask=1,sinks=1,max_bias=0.000000,logit_softcap=0.000000,prec=f32,type_K=q4_1,type_V=q4_1,permute=[0,2,1,3]): not supported [ROCm0] 
  FLASH_ATTN_EXT(hsk=128,hsv=128,nh=4,nr23=[9,1],kv=512,nb=32,mask=1,sinks=1,max_bias=0.000000,logit_softcap=0.000000,prec=f32,type_K=q4_0,type_V=q4_0,permute=[0,1,2,3]): [1;32mOK[0m
  FLASH_ATTN_EXT(hsk=128,hsv=128,nh=4,nr23=[9,1],kv=512,nb=32,mask=1,sinks=1,max_bias=0.000000,logit_softcap=0.000000,prec=f32,type_K=q4_0,type_V=q4_0,permute=[0,2,1,3]): [1;32mOK[0m
  FLASH_ATTN_EXT(hsk=128,hsv=128,nh=4,nr23=[9,1],kv=512,nb=32,mask=1,sinks=1,max_bias=0.000000,logit_softcap=0.000000,prec=f32,type_K=iq4_nl,type_V=iq4_nl,permute=[0,1,2,3]): not supported [ROCm0] 
  FLASH_ATTN_EXT(hsk=128,hsv=128,nh=4,nr23=[9,1],kv=512,nb=32,mask=1,sinks=1,max_bias=0.000000,logit_softcap=0.000000,prec=f32,type_K=iq4_nl,type_V=iq4_nl,permute=[0,2,1,3]): not supported [ROCm0] 
  FLASH_ATTN_EXT(hsk=128,hsv=128,nh=4,nr23=[9,1],kv=512,nb=32,mask=1,sinks=1,max_bias=0.000000,logit_softcap=0.000000,prec=f32,type_K=turbo3,type_V=turbo3,permute=[0,1,2,3]): [1;32mOK[0m
  FLASH_ATTN_EXT(hsk=128,hsv=128,nh=4,nr23=[9,1],kv=512,nb=32,mask=1,sinks=1,max_bias=0.000000,logit_softcap=0.000000,prec=f32,type_K=turbo3,type_V=turbo3,permute=[0,2,1,3]): [1;32mOK[0m
  FLASH_ATTN_EXT(hsk=128,hsv=128,nh=4,nr23=[9,1],kv=512,nb=32,mask=1,sinks=1,max_bias=0.000000,logit_softcap=0.000000,prec=f32,type_K=turbo4,type_V=turbo4,permute=[0,1,2,3]): [1;32mOK[0m
  FLASH_ATTN_EXT(hsk=128,hsv=128,nh=4,nr23=[9,1],kv=512,nb=32,mask=1,sinks=1,max_bias=0.000000,logit_softcap=0.000000,prec=f32,type_K=turbo4,type_V=turbo4,permute=[0,2,1,3]): [1;32mOK[0m
  FLASH_ATTN_EXT(hsk=128,hsv=128,nh=4,nr23=[9,1],kv=512,nb=32,mask=1,sinks=1,max_bias=0.000000,logit_softcap=0.000000,prec=def,type_K=f32,type_V=f32,permute=[0,1,2,3]): [1;32mOK[0m
  FLASH_ATTN_EXT(hsk=128,hsv=128,nh=4,nr23=[9,1],kv=512,nb=32,mask=1,sinks=1,max_bias=0.000000,logit_softcap=0.000000,prec=def,type_K=f32,type_V=f32,permute=[0,2,1,3]): [1;32mOK[0m
  FLASH_ATTN_EXT(hsk=128,hsv=128,nh=4,nr23=[9,1],kv=512,nb=32,mask=1,sinks=1,max_bias=0.000000,logit_softcap=0.000000,prec=def,type_K=f16,type_V=f16,permute=[0,1,2,3]): [1;32mOK[0m
  FLASH_ATTN_EXT(hsk=128,hsv=128,nh=4,nr23=[9,1],kv=512,nb=32,mask=1,sinks=1,max_bias=0.000000,logit_softcap=0.000000,prec=def,type_K=f16,type_V=f16,permute=[0,2,1,3]): [1;32mOK[0m
  FLASH_ATTN_EXT(hsk=128,hsv=128,nh=4,nr23=[9,1],kv=512,nb=32,mask=1,sinks=1,max_bias=0.000000,logit_softcap=0.000000,prec=def,type_K=bf16,type_V=bf16,permute=[0,1,2,3]): [1;32mOK[0m
  FLASH_ATTN_EXT(hsk=128,hsv=128,nh=4,nr23=[9,1],kv=512,nb=32,mask=1,sinks=1,max_bias=0.000000,logit_softcap=0.000000,prec=def,type_K=bf16,type_V=bf16,permute=[0,2,1,3]): [1;32mOK[0m
  FLASH_ATTN_EXT(hsk=128,hsv=128,nh=4,nr23=[9,1],kv=512,nb=32,mask=1,sinks=1,max_bias=0.000000,logit_softcap=0.000000,prec=def,type_K=q8_0,type_V=q8_0,permute=[0,1,2,3]): [1;32mOK[0m
  FLASH_ATTN_EXT(hsk=128,hsv=128,nh=4,nr23=[9,1],kv=512,nb=32,mask=1,sinks=1,max_bias=0.000000,logit_softcap=0.000000,prec=def,type_K=q8_0,type_V=q8_0,permute=[0,2,1,3]): [1;32mOK[0m
  FLASH_ATTN_EXT(hsk=128,hsv=128,nh=4,nr23=[9,1],kv=512,nb=32,mask=1,sinks=1,max_bias=0.000000,logit_softcap=0.000000,prec=def,type_K=q5_1,type_V=q5_1,permute=[0,1,2,3]): not supported [ROCm0] 
  FLASH_ATTN_EXT(hsk=128,hsv=128,nh=4,nr23=[9,1],kv=512,nb=32,mask=1,sinks=1,max_bias=0.000000,logit_softcap=0.000000,prec=def,type_K=q5_1,type_V=q5_1,permute=[0,2,1,3]): not supported [ROCm0] 
  FLASH_ATTN_EXT(hsk=128,hsv=128,nh=4,nr23=[9,1],kv=512,nb=32,mask=1,sinks=1,max_bias=0.000000,logit_softcap=0.000000,prec=def,type_K=q5_0,type_V=q5_0,permute=[0,1,2,3]): not supported [ROCm0] 
  FLASH_ATTN_EXT(hsk=128,hsv=128,nh=4,nr23=[9,1],kv=512,nb=32,mask=1,sinks=1,max_bias=0.000000,logit_softcap=0.000000,prec=def,type_K=q5_0,type_V=q5_0,permute=[0,2,1,3]): not supported [ROCm0] 
  FLASH_ATTN_EXT(hsk=128,hsv=128,nh=4,nr23=[9,1],kv=512,nb=32,mask=1,sinks=1,max_bias=0.000000,logit_softcap=0.000000,prec=def,type_K=q4_1,type_V=q4_1,permute=[0,1,2,3]): not supported [ROCm0] 
  FLASH_ATTN_EXT(hsk=128,hsv=128,nh=4,nr23=[9,1],kv=512,nb=32,mask=1,sinks=1,max_bias=0.000000,logit_softcap=0.000000,prec=def,type_K=q4_1,type_V=q4_1,permute=[0,2,1,3]): not supported [ROCm0] 
  FLASH_ATTN_EXT(hsk=128,hsv=128,nh=4,nr23=[9,1],kv=512,nb=32,mask=1,sinks=1,max_bias=0.000000,logit_softcap=0.000000,prec=def,type_K=q4_0,type_V=q4_0,permute=[0,1,2,3]): [1;32mOK[0m
  FLASH_ATTN_EXT(hsk=128,hsv=128,nh=4,nr23=[9,1],kv=512,nb=32,mask=1,sinks=1,max_bias=0.000000,logit_softcap=0.000000,prec=def,type_K=q4_0,type_V=q4_0,permute=[0,2,1,3]): [1;32mOK[0m
  FLASH_ATTN_EXT(hsk=128,hsv=128,nh=4,nr23=[9,1],kv=512,nb=32,mask=1,sinks=1,max_bias=0.000000,logit_softcap=0.000000,prec=def,type_K=iq4_nl,type_V=iq4_nl,permute=[0,1,2,3]): not supported [ROCm0] 
  FLASH_ATTN_EXT(hsk=128,hsv=128,nh=4,nr23=[9,1],kv=512,nb=32,mask=1,sinks=1,max_bias=0.000000,logit_softcap=0.000000,prec=def,type_K=iq4_nl,type_V=iq4_nl,permute=[0,2,1,3]): not supported [ROCm0] 
  FLASH_ATTN_EXT(hsk=128,hsv=128,nh=4,nr23=[9,1],kv=512,nb=32,mask=1,sinks=1,max_bias=0.000000,logit_softcap=0.000000,prec=def,type_K=turbo3,type_V=turbo3,permute=[0,1,2,3]): [1;32mOK[0m
  FLASH_ATTN_EXT(hsk=128,hsv=128,nh=4,nr23=[9,1],kv=512,nb=32,mask=1,sinks=1,max_bias=0.000000,logit_softcap=0.000000,prec=def,type_K=turbo3,type_V=turbo3,permute=[0,2,1,3]): [1;32mOK[0m
  FLASH_ATTN_EXT(hsk=128,hsv=128,nh=4,nr23=[9,1],kv=512,nb=32,mask=1,sinks=1,max_bias=0.000000,logit_softcap=0.000000,prec=def,type_K=turbo4,type_V=turbo4,permute=[0,1,2,3]): [1;32mOK[0m
  FLASH_ATTN_EXT(hsk=128,hsv=128,nh=4,nr23=[9,1],kv=512,nb=32,mask=1,sinks=1,max_bias=0.000000,logit_softcap=0.000000,prec=def,type_K=turbo4,type_V=turbo4,permute=[0,2,1,3]): [1;32mOK[0m
  FLASH_ATTN_EXT(hsk=128,hsv=128,nh=4,nr23=[9,1],kv=512,nb=75,mask=1,sinks=1,max_bias=0.000000,logit_softcap=0.000000,prec=f32,type_K=f32,type_V=f32,permute=[0,1,2,3]): [1;32mOK[0m
  FLASH_ATTN_EXT(hsk=128,hsv=128,nh=4,nr23=[9,1],kv=512,nb=75,mask=1,sinks=1,max_bias=0.000000,logit_softcap=0.000000,prec=f32,type_K=f32,type_V=f32,permute=[0,2,1,3]): [1;32mOK[0m
  FLASH_ATTN_EXT(hsk=128,hsv=128,nh=4,nr23=[9,1],kv=512,nb=75,mask=1,sinks=1,max_bias=0.000000,logit_softcap=0.000000,prec=f32,type_K=f16,type_V=f16,permute=[0,1,2,3]): [1;32mOK[0m
  FLASH_ATTN_EXT(hsk=128,hsv=128,nh=4,nr23=[9,1],kv=512,nb=75,mask=1,sinks=1,max_bias=0.000000,logit_softcap=0.000000,prec=f32,type_K=f16,type_V=f16,permute=[0,2,1,3]): ggml_backend_cuda_graph_compute: CUDA graph warmup complete
ggml_backend_cuda_graph_compute: CUDA graph warmup complete
[1;32mOK[0m
  FLASH_ATTN_EXT(hsk=128,hsv=128,nh=4,nr23=[9,1],kv=512,nb=75,mask=1,sinks=1,max_bias=0.000000,logit_softcap=0.000000,prec=f32,type_K=bf16,type_V=bf16,permute=[0,1,2,3]): [1;32mOK[0m
  FLASH_ATTN_EXT(hsk=128,hsv=128,nh=4,nr23=[9,1],kv=512,nb=75,mask=1,sinks=1,max_bias=0.000000,logit_softcap=0.000000,prec=f32,type_K=bf16,type_V=bf16,permute=[0,2,1,3]): ggml_backend_cuda_graph_compute: CUDA graph warmup reset
ggml_backend_cuda_graph_compute: CUDA graph warmup reset
[1;32mOK[0m
  FLASH_ATTN_EXT(hsk=128,hsv=128,nh=4,nr23=[9,1],kv=512,nb=75,mask=1,sinks=1,max_bias=0.000000,logit_softcap=0.000000,prec=f32,type_K=q8_0,type_V=q8_0,permute=[0,1,2,3]): [1;32mOK[0m
  FLASH_ATTN_EXT(hsk=128,hsv=128,nh=4,nr23=[9,1],kv=512,nb=75,mask=1,sinks=1,max_bias=0.000000,logit_softcap=0.000000,prec=f32,type_K=q8_0,type_V=q8_0,permute=[0,2,1,3]): [1;32mOK[0m
  FLASH_ATTN_EXT(hsk=128,hsv=128,nh=4,nr23=[9,1],kv=512,nb=75,mask=1,sinks=1,max_bias=0.000000,logit_softcap=0.000000,prec=f32,type_K=q5_1,type_V=q5_1,permute=[0,1,2,3]): not supported [ROCm0] 
  FLASH_ATTN_EXT(hsk=128,hsv=128,nh=4,nr23=[9,1],kv=512,nb=75,mask=1,sinks=1,max_bias=0.000000,logit_softcap=0.000000,prec=f32,type_K=q5_1,type_V=q5_1,permute=[0,2,1,3]): not supported [ROCm0] 
  FLASH_ATTN_EXT(hsk=128,hsv=128,nh=4,nr23=[9,1],kv=512,nb=75,mask=1,sinks=1,max_bias=0.000000,logit_softcap=0.000000,prec=f32,type_K=q5_0,type_V=q5_0,permute=[0,1,2,3]): not supported [ROCm0] 
  FLASH_ATTN_EXT(hsk=128,hsv=128,nh=4,nr23=[9,1],kv=512,nb=75,mask=1,sinks=1,max_bias=0.000000,logit_softcap=0.000000,prec=f32,type_K=q5_0,type_V=q5_0,permute=[0,2,1,3]): not supported [ROCm0] 
  FLASH_ATTN_EXT(hsk=128,hsv=128,nh=4,nr23=[9,1],kv=512,nb=75,mask=1,sinks=1,max_bias=0.000000,logit_softcap=0.000000,prec=f32,type_K=q4_1,type_V=q4_1,permute=[0,1,2,3]): not supported [ROCm0] 
  FLASH_ATTN_EXT(hsk=128,hsv=128,nh=4,nr23=[9,1],kv=512,nb=75,mask=1,sinks=1,max_bias=0.000000,logit_softcap=0.000000,prec=f32,type_K=q4_1,type_V=q4_1,permute=[0,2,1,3]): not supported [ROCm0] 
  FLASH_ATTN_EXT(hsk=128,hsv=128,nh=4,nr23=[9,1],kv=512,nb=75,mask=1,sinks=1,max_bias=0.000000,logit_softcap=0.000000,prec=f32,type_K=q4_0,type_V=q4_0,permute=[0,1,2,3]): [1;32mOK[0m
  FLASH_ATTN_EXT(hsk=128,hsv=128,nh=4,nr23=[9,1],kv=512,nb=75,mask=1,sinks=1,max_bias=0.000000,logit_softcap=0.000000,prec=f32,type_K=q4_0,type_V=q4_0,permute=[0,2,1,3]): [1;32mOK[0m
  FLASH_ATTN_EXT(hsk=128,hsv=128,nh=4,nr23=[9,1],kv=512,nb=75,mask=1,sinks=1,max_bias=0.000000,logit_softcap=0.000000,prec=f32,type_K=iq4_nl,type_V=iq4_nl,permute=[0,1,2,3]): not supported [ROCm0] 
  FLASH_ATTN_EXT(hsk=128,hsv=128,nh=4,nr23=[9,1],kv=512,nb=75,mask=1,sinks=1,max_bias=0.000000,logit_softcap=0.000000,prec=f32,type_K=iq4_nl,type_V=iq4_nl,permute=[0,2,1,3]): not supported [ROCm0] 
  FLASH_ATTN_EXT(hsk=128,hsv=128,nh=4,nr23=[9,1],kv=512,nb=75,mask=1,sinks=1,max_bias=0.000000,logit_softcap=0.000000,prec=f32,type_K=turbo3,type_V=turbo3,permute=[0,1,2,3]): [1;32mOK[0m
  FLASH_ATTN_EXT(hsk=128,hsv=128,nh=4,nr23=[9,1],kv=512,nb=75,mask=1,sinks=1,max_bias=0.000000,logit_softcap=0.000000,prec=f32,type_K=turbo3,type_V=turbo3,permute=[0,2,1,3]): [1;32mOK[0m
  FLASH_ATTN_EXT(hsk=128,hsv=128,nh=4,nr23=[9,1],kv=512,nb=75,mask=1,sinks=1,max_bias=0.000000,logit_softcap=0.000000,prec=f32,type_K=turbo4,type_V=turbo4,permute=[0,1,2,3]): [1;32mOK[0m
  FLASH_ATTN_EXT(hsk=128,hsv=128,nh=4,nr23=[9,1],kv=512,nb=75,mask=1,sinks=1,max_bias=0.000000,logit_softcap=0.000000,prec=f32,type_K=turbo4,type_V=turbo4,permute=[0,2,1,3]): [1;32mOK[0m
  FLASH_ATTN_EXT(hsk=128,hsv=128,nh=4,nr23=[9,1],kv=512,nb=75,mask=1,sinks=1,max_bias=0.000000,logit_softcap=0.000000,prec=def,type_K=f32,type_V=f32,permute=[0,1,2,3]): [1;32mOK[0m
  FLASH_ATTN_EXT(hsk=128,hsv=128,nh=4,nr23=[9,1],kv=512,nb=75,mask=1,sinks=1,max_bias=0.000000,logit_softcap=0.000000,prec=def,type_K=f32,type_V=f32,permute=[0,2,1,3]): ggml_backend_cuda_graph_compute: CUDA graph warmup complete
[1;32mOK[0m
  FLASH_ATTN_EXT(hsk=128,hsv=128,nh=4,nr23=[9,1],kv=512,nb=75,mask=1,sinks=1,max_bias=0.000000,logit_softcap=0.000000,prec=def,type_K=f16,type_V=f16,permute=[0,1,2,3]): [1;32mOK[0m
  FLASH_ATTN_EXT(hsk=128,hsv=128,nh=4,nr23=[9,1],kv=512,nb=75,mask=1,sinks=1,max_bias=0.000000,logit_softcap=0.000000,prec=def,type_K=f16,type_V=f16,permute=[0,2,1,3]): ggml_backend_cuda_graph_compute: CUDA graph warmup reset
[1;32mOK[0m
  FLASH_ATTN_EXT(hsk=128,hsv=128,nh=4,nr23=[9,1],kv=512,nb=75,mask=1,sinks=1,max_bias=0.000000,logit_softcap=0.000000,prec=def,type_K=bf16,type_V=bf16,permute=[0,1,2,3]): [1;32mOK[0m
  FLASH_ATTN_EXT(hsk=128,hsv=128,nh=4,nr23=[9,1],kv=512,nb=75,mask=1,sinks=1,max_bias=0.000000,logit_softcap=0.000000,prec=def,type_K=bf16,type_V=bf16,permute=[0,2,1,3]): [1;32mOK[0m
  FLASH_ATTN_EXT(hsk=128,hsv=128,nh=4,nr23=[9,1],kv=512,nb=75,mask=1,sinks=1,max_bias=0.000000,logit_softcap=0.000000,prec=def,type_K=q8_0,type_V=q8_0,permute=[0,1,2,3]): [1;32mOK[0m
  FLASH_ATTN_EXT(hsk=128,hsv=128,nh=4,nr23=[9,1],kv=512,nb=75,mask=1,sinks=1,max_bias=0.000000,logit_softcap=0.000000,prec=def,type_K=q8_0,type_V=q8_0,permute=[0,2,1,3]): [1;32mOK[0m
  FLASH_ATTN_EXT(hsk=128,hsv=128,nh=4,nr23=[9,1],kv=512,nb=75,mask=1,sinks=1,max_bias=0.000000,logit_softcap=0.000000,prec=def,type_K=q5_1,type_V=q5_1,permute=[0,1,2,3]): not supported [ROCm0] 
  FLASH_ATTN_EXT(hsk=128,hsv=128,nh=4,nr23=[9,1],kv=512,nb=75,mask=1,sinks=1,max_bias=0.000000,logit_softcap=0.000000,prec=def,type_K=q5_1,type_V=q5_1,permute=[0,2,1,3]): not supported [ROCm0] 
  FLASH_ATTN_EXT(hsk=128,hsv=128,nh=4,nr23=[9,1],kv=512,nb=75,mask=1,sinks=1,max_bias=0.000000,logit_softcap=0.000000,prec=def,type_K=q5_0,type_V=q5_0,permute=[0,1,2,3]): not supported [ROCm0] 
  FLASH_ATTN_EXT(hsk=128,hsv=128,nh=4,nr23=[9,1],kv=512,nb=75,mask=1,sinks=1,max_bias=0.000000,logit_softcap=0.000000,prec=def,type_K=q5_0,type_V=q5_0,permute=[0,2,1,3]): not supported [ROCm0] 
  FLASH_ATTN_EXT(hsk=128,hsv=128,nh=4,nr23=[9,1],kv=512,nb=75,mask=1,sinks=1,max_bias=0.000000,logit_softcap=0.000000,prec=def,type_K=q4_1,type_V=q4_1,permute=[0,1,2,3]): not supported [ROCm0] 
  FLASH_ATTN_EXT(hsk=128,hsv=128,nh=4,nr23=[9,1],kv=512,nb=75,mask=1,sinks=1,max_bias=0.000000,logit_softcap=0.000000,prec=def,type_K=q4_1,type_V=q4_1,permute=[0,2,1,3]): not supported [ROCm0] 
  FLASH_ATTN_EXT(hsk=128,hsv=128,nh=4,nr23=[9,1],kv=512,nb=75,mask=1,sinks=1,max_bias=0.000000,logit_softcap=0.000000,prec=def,type_K=q4_0,type_V=q4_0,permute=[0,1,2,3]): [1;32mOK[0m
  FLASH_ATTN_EXT(hsk=128,hsv=128,nh=4,nr23=[9,1],kv=512,nb=75,mask=1,sinks=1,max_bias=0.000000,logit_softcap=0.000000,prec=def,type_K=q4_0,type_V=q4_0,permute=[0,2,1,3]): [1;32mOK[0m
  FLASH_ATTN_EXT(hsk=128,hsv=128,nh=4,nr23=[9,1],kv=512,nb=75,mask=1,sinks=1,max_bias=0.000000,logit_softcap=0.000000,prec=def,type_K=iq4_nl,type_V=iq4_nl,permute=[0,1,2,3]): not supported [ROCm0] 
  FLASH_ATTN_EXT(hsk=128,hsv=128,nh=4,nr23=[9,1],kv=512,nb=75,mask=1,sinks=1,max_bias=0.000000,logit_softcap=0.000000,prec=def,type_K=iq4_nl,type_V=iq4_nl,permute=[0,2,1,3]): not supported [ROCm0] 
  FLASH_ATTN_EXT(hsk=128,hsv=128,nh=4,nr23=[9,1],kv=512,nb=75,mask=1,sinks=1,max_bias=0.000000,logit_softcap=0.000000,prec=def,type_K=turbo3,type_V=turbo3,permute=[0,1,2,3]): [1;32mOK[0m
  FLASH_ATTN_EXT(hsk=128,hsv=128,nh=4,nr23=[9,1],kv=512,nb=75,mask=1,sinks=1,max_bias=0.000000,logit_softcap=0.000000,prec=def,type_K=turbo3,type_V=turbo3,permute=[0,2,1,3]): [1;32mOK[0m
  FLASH_ATTN_EXT(hsk=128,hsv=128,nh=4,nr23=[9,1],kv=512,nb=75,mask=1,sinks=1,max_bias=0.000000,logit_softcap=0.000000,prec=def,type_K=turbo4,type_V=turbo4,permute=[0,1,2,3]): [1;32mOK[0m
  FLASH_ATTN_EXT(hsk=128,hsv=128,nh=4,nr23=[9,1],kv=512,nb=75,mask=1,sinks=1,max_bias=0.000000,logit_softcap=0.000000,prec=def,type_K=turbo4,type_V=turbo4,permute=[0,2,1,3]): [1;32mOK[0m
  FLASH_ATTN_EXT(hsk=128,hsv=128,nh=4,nr23=[12,1],kv=512,nb=1,mask=1,sinks=1,max_bias=0.000000,logit_softcap=0.000000,prec=f32,type_K=f32,type_V=f32,permute=[0,1,2,3]): [1;32mOK[0m
  FLASH_ATTN_EXT(hsk=128,hsv=128,nh=4,nr23=[12,1],kv=512,nb=1,mask=1,sinks=1,max_bias=0.000000,logit_softcap=0.000000,prec=f32,type_K=f32,type_V=f32,permute=[0,2,1,3]): [1;32mOK[0m
  FLASH_ATTN_EXT(hsk=128,hsv=128,nh=4,nr23=[12,1],kv=512,nb=1,mask=1,sinks=1,max_bias=0.000000,logit_softcap=0.000000,prec=f32,type_K=f16,type_V=f16,permute=[0,1,2,3]): [1;32mOK[0m
  FLASH_ATTN_EXT(hsk=128,hsv=128,nh=4,nr23=[12,1],kv=512,nb=1,mask=1,sinks=1,max_bias=0.000000,logit_softcap=0.000000,prec=f32,type_K=f16,type_V=f16,permute=[0,2,1,3]): ggml_backend_cuda_graph_compute: CUDA graph warmup complete
ggml_backend_cuda_graph_compute: CUDA graph warmup complete
[1;32mOK[0m
  FLASH_ATTN_EXT(hsk=128,hsv=128,nh=4,nr23=[12,1],kv=512,nb=1,mask=1,sinks=1,max_bias=0.000000,logit_softcap=0.000000,prec=f32,type_K=bf16,type_V=bf16,permute=[0,1,2,3]): [1;32mOK[0m
  FLASH_ATTN_EXT(hsk=128,hsv=128,nh=4,nr23=[12,1],kv=512,nb=1,mask=1,sinks=1,max_bias=0.000000,logit_softcap=0.000000,prec=f32,type_K=bf16,type_V=bf16,permute=[0,2,1,3]): ggml_backend_cuda_graph_compute: CUDA graph warmup reset
ggml_backend_cuda_graph_compute: CUDA graph warmup reset
[1;32mOK[0m
  FLASH_ATTN_EXT(hsk=128,hsv=128,nh=4,nr23=[12,1],kv=512,nb=1,mask=1,sinks=1,max_bias=0.000000,logit_softcap=0.000000,prec=f32,type_K=q8_0,type_V=q8_0,permute=[0,1,2,3]): [1;32mOK[0m
  FLASH_ATTN_EXT(hsk=128,hsv=128,nh=4,nr23=[12,1],kv=512,nb=1,mask=1,sinks=1,max_bias=0.000000,logit_softcap=0.000000,prec=f32,type_K=q8_0,type_V=q8_0,permute=[0,2,1,3]): [1;32mOK[0m
  FLASH_ATTN_EXT(hsk=128,hsv=128,nh=4,nr23=[12,1],kv=512,nb=1,mask=1,sinks=1,max_bias=0.000000,logit_softcap=0.000000,prec=f32,type_K=q5_1,type_V=q5_1,permute=[0,1,2,3]): not supported [ROCm0] 
  FLASH_ATTN_EXT(hsk=128,hsv=128,nh=4,nr23=[12,1],kv=512,nb=1,mask=1,sinks=1,max_bias=0.000000,logit_softcap=0.000000,prec=f32,type_K=q5_1,type_V=q5_1,permute=[0,2,1,3]): not supported [ROCm0] 
  FLASH_ATTN_EXT(hsk=128,hsv=128,nh=4,nr23=[12,1],kv=512,nb=1,mask=1,sinks=1,max_bias=0.000000,logit_softcap=0.000000,prec=f32,type_K=q5_0,type_V=q5_0,permute=[0,1,2,3]): not supported [ROCm0] 
  FLASH_ATTN_EXT(hsk=128,hsv=128,nh=4,nr23=[12,1],kv=512,nb=1,mask=1,sinks=1,max_bias=0.000000,logit_softcap=0.000000,prec=f32,type_K=q5_0,type_V=q5_0,permute=[0,2,1,3]): not supported [ROCm0] 
  FLASH_ATTN_EXT(hsk=128,hsv=128,nh=4,nr23=[12,1],kv=512,nb=1,mask=1,sinks=1,max_bias=0.000000,logit_softcap=0.000000,prec=f32,type_K=q4_1,type_V=q4_1,permute=[0,1,2,3]): not supported [ROCm0] 
  FLASH_ATTN_EXT(hsk=128,hsv=128,nh=4,nr23=[12,1],kv=512,nb=1,mask=1,sinks=1,max_bias=0.000000,logit_softcap=0.000000,prec=f32,type_K=q4_1,type_V=q4_1,permute=[0,2,1,3]): not supported [ROCm0] 
  FLASH_ATTN_EXT(hsk=128,hsv=128,nh=4,nr23=[12,1],kv=512,nb=1,mask=1,sinks=1,max_bias=0.000000,logit_softcap=0.000000,prec=f32,type_K=q4_0,type_V=q4_0,permute=[0,1,2,3]): [1;32mOK[0m
  FLASH_ATTN_EXT(hsk=128,hsv=128,nh=4,nr23=[12,1],kv=512,nb=1,mask=1,sinks=1,max_bias=0.000000,logit_softcap=0.000000,prec=f32,type_K=q4_0,type_V=q4_0,permute=[0,2,1,3]): [1;32mOK[0m
  FLASH_ATTN_EXT(hsk=128,hsv=128,nh=4,nr23=[12,1],kv=512,nb=1,mask=1,sinks=1,max_bias=0.000000,logit_softcap=0.000000,prec=f32,type_K=iq4_nl,type_V=iq4_nl,permute=[0,1,2,3]): not supported [ROCm0] 
  FLASH_ATTN_EXT(hsk=128,hsv=128,nh=4,nr23=[12,1],kv=512,nb=1,mask=1,sinks=1,max_bias=0.000000,logit_softcap=0.000000,prec=f32,type_K=iq4_nl,type_V=iq4_nl,permute=[0,2,1,3]): not supported [ROCm0] 
  FLASH_ATTN_EXT(hsk=128,hsv=128,nh=4,nr23=[12,1],kv=512,nb=1,mask=1,sinks=1,max_bias=0.000000,logit_softcap=0.000000,prec=f32,type_K=turbo3,type_V=turbo3,permute=[0,1,2,3]): [1;32mOK[0m
  FLASH_ATTN_EXT(hsk=128,hsv=128,nh=4,nr23=[12,1],kv=512,nb=1,mask=1,sinks=1,max_bias=0.000000,logit_softcap=0.000000,prec=f32,type_K=turbo3,type_V=turbo3,permute=[0,2,1,3]): [1;32mOK[0m
  FLASH_ATTN_EXT(hsk=128,hsv=128,nh=4,nr23=[12,1],kv=512,nb=1,mask=1,sinks=1,max_bias=0.000000,logit_softcap=0.000000,prec=f32,type_K=turbo4,type_V=turbo4,permute=[0,1,2,3]): [1;32mOK[0m
  FLASH_ATTN_EXT(hsk=128,hsv=128,nh=4,nr23=[12,1],kv=512,nb=1,mask=1,sinks=1,max_bias=0.000000,logit_softcap=0.000000,prec=f32,type_K=turbo4,type_V=turbo4,permute=[0,2,1,3]): [1;32mOK[0m
  FLASH_ATTN_EXT(hsk=128,hsv=128,nh=4,nr23=[12,1],kv=512,nb=1,mask=1,sinks=1,max_bias=0.000000,logit_softcap=0.000000,prec=def,type_K=f32,type_V=f32,permute=[0,1,2,3]): [1;32mOK[0m
  FLASH_ATTN_EXT(hsk=128,hsv=128,nh=4,nr23=[12,1],kv=512,nb=1,mask=1,sinks=1,max_bias=0.000000,logit_softcap=0.000000,prec=def,type_K=f32,type_V=f32,permute=[0,2,1,3]): [1;32mOK[0m
  FLASH_ATTN_EXT(hsk=128,hsv=128,nh=4,nr23=[12,1],kv=512,nb=1,mask=1,sinks=1,max_bias=0.000000,logit_softcap=0.000000,prec=def,type_K=f16,type_V=f16,permute=[0,1,2,3]): [1;32mOK[0m
  FLASH_ATTN_EXT(hsk=128,hsv=128,nh=4,nr23=[12,1],kv=512,nb=1,mask=1,sinks=1,max_bias=0.000000,logit_softcap=0.000000,prec=def,type_K=f16,type_V=f16,permute=[0,2,1,3]): [1;32mOK[0m
  FLASH_ATTN_EXT(hsk=128,hsv=128,nh=4,nr23=[12,1],kv=512,nb=1,mask=1,sinks=1,max_bias=0.000000,logit_softcap=0.000000,prec=def,type_K=bf16,type_V=bf16,permute=[0,1,2,3]): [1;32mOK[0m
  FLASH_ATTN_EXT(hsk=128,hsv=128,nh=4,nr23=[12,1],kv=512,nb=1,mask=1,sinks=1,max_bias=0.000000,logit_softcap=0.000000,prec=def,type_K=bf16,type_V=bf16,permute=[0,2,1,3]): [1;32mOK[0m
  FLASH_ATTN_EXT(hsk=128,hsv=128,nh=4,nr23=[12,1],kv=512,nb=1,mask=1,sinks=1,max_bias=0.000000,logit_softcap=0.000000,prec=def,type_K=q8_0,type_V=q8_0,permute=[0,1,2,3]): [1;32mOK[0m
  FLASH_ATTN_EXT(hsk=128,hsv=128,nh=4,nr23=[12,1],kv=512,nb=1,mask=1,sinks=1,max_bias=0.000000,logit_softcap=0.000000,prec=def,type_K=q8_0,type_V=q8_0,permute=[0,2,1,3]): [1;32mOK[0m
  FLASH_ATTN_EXT(hsk=128,hsv=128,nh=4,nr23=[12,1],kv=512,nb=1,mask=1,sinks=1,max_bias=0.000000,logit_softcap=0.000000,prec=def,type_K=q5_1,type_V=q5_1,permute=[0,1,2,3]): not supported [ROCm0] 
  FLASH_ATTN_EXT(hsk=128,hsv=128,nh=4,nr23=[12,1],kv=512,nb=1,mask=1,sinks=1,max_bias=0.000000,logit_softcap=0.000000,prec=def,type_K=q5_1,type_V=q5_1,permute=[0,2,1,3]): not supported [ROCm0] 
  FLASH_ATTN_EXT(hsk=128,hsv=128,nh=4,nr23=[12,1],kv=512,nb=1,mask=1,sinks=1,max_bias=0.000000,logit_softcap=0.000000,prec=def,type_K=q5_0,type_V=q5_0,permute=[0,1,2,3]): not supported [ROCm0] 
  FLASH_ATTN_EXT(hsk=128,hsv=128,nh=4,nr23=[12,1],kv=512,nb=1,mask=1,sinks=1,max_bias=0.000000,logit_softcap=0.000000,prec=def,type_K=q5_0,type_V=q5_0,permute=[0,2,1,3]): not supported [ROCm0] 
  FLASH_ATTN_EXT(hsk=128,hsv=128,nh=4,nr23=[12,1],kv=512,nb=1,mask=1,sinks=1,max_bias=0.000000,logit_softcap=0.000000,prec=def,type_K=q4_1,type_V=q4_1,permute=[0,1,2,3]): not supported [ROCm0] 
  FLASH_ATTN_EXT(hsk=128,hsv=128,nh=4,nr23=[12,1],kv=512,nb=1,mask=1,sinks=1,max_bias=0.000000,logit_softcap=0.000000,prec=def,type_K=q4_1,type_V=q4_1,permute=[0,2,1,3]): not supported [ROCm0] 
  FLASH_ATTN_EXT(hsk=128,hsv=128,nh=4,nr23=[12,1],kv=512,nb=1,mask=1,sinks=1,max_bias=0.000000,logit_softcap=0.000000,prec=def,type_K=q4_0,type_V=q4_0,permute=[0,1,2,3]): [1;32mOK[0m
  FLASH_ATTN_EXT(hsk=128,hsv=128,nh=4,nr23=[12,1],kv=512,nb=1,mask=1,sinks=1,max_bias=0.000000,logit_softcap=0.000000,prec=def,type_K=q4_0,type_V=q4_0,permute=[0,2,1,3]): [1;32mOK[0m
  FLASH_ATTN_EXT(hsk=128,hsv=128,nh=4,nr23=[12,1],kv=512,nb=1,mask=1,sinks=1,max_bias=0.000000,logit_softcap=0.000000,prec=def,type_K=iq4_nl,type_V=iq4_nl,permute=[0,1,2,3]): not supported [ROCm0] 
  FLASH_ATTN_EXT(hsk=128,hsv=128,nh=4,nr23=[12,1],kv=512,nb=1,mask=1,sinks=1,max_bias=0.000000,logit_softcap=0.000000,prec=def,type_K=iq4_nl,type_V=iq4_nl,permute=[0,2,1,3]): not supported [ROCm0] 
  FLASH_ATTN_EXT(hsk=128,hsv=128,nh=4,nr23=[12,1],kv=512,nb=1,mask=1,sinks=1,max_bias=0.000000,logit_softcap=0.000000,prec=def,type_K=turbo3,type_V=turbo3,permute=[0,1,2,3]): [1;32mOK[0m
  FLASH_ATTN_EXT(hsk=128,hsv=128,nh=4,nr23=[12,1],kv=512,nb=1,mask=1,sinks=1,max_bias=0.000000,logit_softcap=0.000000,prec=def,type_K=turbo3,type_V=turbo3,permute=[0,2,1,3]): [1;32mOK[0m
  FLASH_ATTN_EXT(hsk=128,hsv=128,nh=4,nr23=[12,1],kv=512,nb=1,mask=1,sinks=1,max_bias=0.000000,logit_softcap=0.000000,prec=def,type_K=turbo4,type_V=turbo4,permute=[0,1,2,3]): [1;32mOK[0m
  FLASH_ATTN_EXT(hsk=128,hsv=128,nh=4,nr23=[12,1],kv=512,nb=1,mask=1,sinks=1,max_bias=0.000000,logit_softcap=0.000000,prec=def,type_K=turbo4,type_V=turbo4,permute=[0,2,1,3]): [1;32mOK[0m
  FLASH_ATTN_EXT(hsk=128,hsv=128,nh=4,nr23=[12,1],kv=512,nb=3,mask=1,sinks=1,max_bias=0.000000,logit_softcap=0.000000,prec=f32,type_K=f32,type_V=f32,permute=[0,1,2,3]): [1;32mOK[0m
  FLASH_ATTN_EXT(hsk=128,hsv=128,nh=4,nr23=[12,1],kv=512,nb=3,mask=1,sinks=1,max_bias=0.000000,logit_softcap=0.000000,prec=f32,type_K=f32,type_V=f32,permute=[0,2,1,3]): [1;32mOK[0m
  FLASH_ATTN_EXT(hsk=128,hsv=128,nh=4,nr23=[12,1],kv=512,nb=3,mask=1,sinks=1,max_bias=0.000000,logit_softcap=0.000000,prec=f32,type_K=f16,type_V=f16,permute=[0,1,2,3]): [1;32mOK[0m
  FLASH_ATTN_EXT(hsk=128,hsv=128,nh=4,nr23=[12,1],kv=512,nb=3,mask=1,sinks=1,max_bias=0.000000,logit_softcap=0.000000,prec=f32,type_K=f16,type_V=f16,permute=[0,2,1,3]): [1;32mOK[0m
  FLASH_ATTN_EXT(hsk=128,hsv=128,nh=4,nr23=[12,1],kv=512,nb=3,mask=1,sinks=1,max_bias=0.000000,logit_softcap=0.000000,prec=f32,type_K=bf16,type_V=bf16,permute=[0,1,2,3]): [1;32mOK[0m
  FLASH_ATTN_EXT(hsk=128,hsv=128,nh=4,nr23=[12,1],kv=512,nb=3,mask=1,sinks=1,max_bias=0.000000,logit_softcap=0.000000,prec=f32,type_K=bf16,type_V=bf16,permute=[0,2,1,3]): [1;32mOK[0m
  FLASH_ATTN_EXT(hsk=128,hsv=128,nh=4,nr23=[12,1],kv=512,nb=3,mask=1,sinks=1,max_bias=0.000000,logit_softcap=0.000000,prec=f32,type_K=q8_0,type_V=q8_0,permute=[0,1,2,3]): [1;32mOK[0m
  FLASH_ATTN_EXT(hsk=128,hsv=128,nh=4,nr23=[12,1],kv=512,nb=3,mask=1,sinks=1,max_bias=0.000000,logit_softcap=0.000000,prec=f32,type_K=q8_0,type_V=q8_0,permute=[0,2,1,3]): [1;32mOK[0m
  FLASH_ATTN_EXT(hsk=128,hsv=128,nh=4,nr23=[12,1],kv=512,nb=3,mask=1,sinks=1,max_bias=0.000000,logit_softcap=0.000000,prec=f32,type_K=q5_1,type_V=q5_1,permute=[0,1,2,3]): not supported [ROCm0] 
  FLASH_ATTN_EXT(hsk=128,hsv=128,nh=4,nr23=[12,1],kv=512,nb=3,mask=1,sinks=1,max_bias=0.000000,logit_softcap=0.000000,prec=f32,type_K=q5_1,type_V=q5_1,permute=[0,2,1,3]): not supported [ROCm0] 
  FLASH_ATTN_EXT(hsk=128,hsv=128,nh=4,nr23=[12,1],kv=512,nb=3,mask=1,sinks=1,max_bias=0.000000,logit_softcap=0.000000,prec=f32,type_K=q5_0,type_V=q5_0,permute=[0,1,2,3]): not supported [ROCm0] 
  FLASH_ATTN_EXT(hsk=128,hsv=128,nh=4,nr23=[12,1],kv=512,nb=3,mask=1,sinks=1,max_bias=0.000000,logit_softcap=0.000000,prec=f32,type_K=q5_0,type_V=q5_0,permute=[0,2,1,3]): not supported [ROCm0] 
  FLASH_ATTN_EXT(hsk=128,hsv=128,nh=4,nr23=[12,1],kv=512,nb=3,mask=1,sinks=1,max_bias=0.000000,logit_softcap=0.000000,prec=f32,type_K=q4_1,type_V=q4_1,permute=[0,1,2,3]): not supported [ROCm0] 
  FLASH_ATTN_EXT(hsk=128,hsv=128,nh=4,nr23=[12,1],kv=512,nb=3,mask=1,sinks=1,max_bias=0.000000,logit_softcap=0.000000,prec=f32,type_K=q4_1,type_V=q4_1,permute=[0,2,1,3]): not supported [ROCm0] 
  FLASH_ATTN_EXT(hsk=128,hsv=128,nh=4,nr23=[12,1],kv=512,nb=3,mask=1,sinks=1,max_bias=0.000000,logit_softcap=0.000000,prec=f32,type_K=q4_0,type_V=q4_0,permute=[0,1,2,3]): [1;32mOK[0m
  FLASH_ATTN_EXT(hsk=128,hsv=128,nh=4,nr23=[12,1],kv=512,nb=3,mask=1,sinks=1,max_bias=0.000000,logit_softcap=0.000000,prec=f32,type_K=q4_0,type_V=q4_0,permute=[0,2,1,3]): [1;32mOK[0m
  FLASH_ATTN_EXT(hsk=128,hsv=128,nh=4,nr23=[12,1],kv=512,nb=3,mask=1,sinks=1,max_bias=0.000000,logit_softcap=0.000000,prec=f32,type_K=iq4_nl,type_V=iq4_nl,permute=[0,1,2,3]): not supported [ROCm0] 
  FLASH_ATTN_EXT(hsk=128,hsv=128,nh=4,nr23=[12,1],kv=512,nb=3,mask=1,sinks=1,max_bias=0.000000,logit_softcap=0.000000,prec=f32,type_K=iq4_nl,type_V=iq4_nl,permute=[0,2,1,3]): not supported [ROCm0] 
  FLASH_ATTN_EXT(hsk=128,hsv=128,nh=4,nr23=[12,1],kv=512,nb=3,mask=1,sinks=1,max_bias=0.000000,logit_softcap=0.000000,prec=f32,type_K=turbo3,type_V=turbo3,permute=[0,1,2,3]): [1;32mOK[0m
  FLASH_ATTN_EXT(hsk=128,hsv=128,nh=4,nr23=[12,1],kv=512,nb=3,mask=1,sinks=1,max_bias=0.000000,logit_softcap=0.000000,prec=f32,type_K=turbo3,type_V=turbo3,permute=[0,2,1,3]): [1;32mOK[0m
  FLASH_ATTN_EXT(hsk=128,hsv=128,nh=4,nr23=[12,1],kv=512,nb=3,mask=1,sinks=1,max_bias=0.000000,logit_softcap=0.000000,prec=f32,type_K=turbo4,type_V=turbo4,permute=[0,1,2,3]): [1;32mOK[0m
  FLASH_ATTN_EXT(hsk=128,hsv=128,nh=4,nr23=[12,1],kv=512,nb=3,mask=1,sinks=1,max_bias=0.000000,logit_softcap=0.000000,prec=f32,type_K=turbo4,type_V=turbo4,permute=[0,2,1,3]): [1;32mOK[0m
  FLASH_ATTN_EXT(hsk=128,hsv=128,nh=4,nr23=[12,1],kv=512,nb=3,mask=1,sinks=1,max_bias=0.000000,logit_softcap=0.000000,prec=def,type_K=f32,type_V=f32,permute=[0,1,2,3]): [1;32mOK[0m
  FLASH_ATTN_EXT(hsk=128,hsv=128,nh=4,nr23=[12,1],kv=512,nb=3,mask=1,sinks=1,max_bias=0.000000,logit_softcap=0.000000,prec=def,type_K=f32,type_V=f32,permute=[0,2,1,3]): [1;32mOK[0m
  FLASH_ATTN_EXT(hsk=128,hsv=128,nh=4,nr23=[12,1],kv=512,nb=3,mask=1,sinks=1,max_bias=0.000000,logit_softcap=0.000000,prec=def,type_K=f16,type_V=f16,permute=[0,1,2,3]): [1;32mOK[0m
  FLASH_ATTN_EXT(hsk=128,hsv=128,nh=4,nr23=[12,1],kv=512,nb=3,mask=1,sinks=1,max_bias=0.000000,logit_softcap=0.000000,prec=def,type_K=f16,type_V=f16,permute=[0,2,1,3]): [1;32mOK[0m
  FLASH_ATTN_EXT(hsk=128,hsv=128,nh=4,nr23=[12,1],kv=512,nb=3,mask=1,sinks=1,max_bias=0.000000,logit_softcap=0.000000,prec=def,type_K=bf16,type_V=bf16,permute=[0,1,2,3]): [1;32mOK[0m
  FLASH_ATTN_EXT(hsk=128,hsv=128,nh=4,nr23=[12,1],kv=512,nb=3,mask=1,sinks=1,max_bias=0.000000,logit_softcap=0.000000,prec=def,type_K=bf16,type_V=bf16,permute=[0,2,1,3]): [1;32mOK[0m
  FLASH_ATTN_EXT(hsk=128,hsv=128,nh=4,nr23=[12,1],kv=512,nb=3,mask=1,sinks=1,max_bias=0.000000,logit_softcap=0.000000,prec=def,type_K=q8_0,type_V=q8_0,permute=[0,1,2,3]): [1;32mOK[0m
  FLASH_ATTN_EXT(hsk=128,hsv=128,nh=4,nr23=[12,1],kv=512,nb=3,mask=1,sinks=1,max_bias=0.000000,logit_softcap=0.000000,prec=def,type_K=q8_0,type_V=q8_0,permute=[0,2,1,3]): [1;32mOK[0m
  FLASH_ATTN_EXT(hsk=128,hsv=128,nh=4,nr23=[12,1],kv=512,nb=3,mask=1,sinks=1,max_bias=0.000000,logit_softcap=0.000000,prec=def,type_K=q5_1,type_V=q5_1,permute=[0,1,2,3]): not supported [ROCm0] 
  FLASH_ATTN_EXT(hsk=128,hsv=128,nh=4,nr23=[12,1],kv=512,nb=3,mask=1,sinks=1,max_bias=0.000000,logit_softcap=0.000000,prec=def,type_K=q5_1,type_V=q5_1,permute=[0,2,1,3]): not supported [ROCm0] 
  FLASH_ATTN_EXT(hsk=128,hsv=128,nh=4,nr23=[12,1],kv=512,nb=3,mask=1,sinks=1,max_bias=0.000000,logit_softcap=0.000000,prec=def,type_K=q5_0,type_V=q5_0,permute=[0,1,2,3]): not supported [ROCm0] 
  FLASH_ATTN_EXT(hsk=128,hsv=128,nh=4,nr23=[12,1],kv=512,nb=3,mask=1,sinks=1,max_bias=0.000000,logit_softcap=0.000000,prec=def,type_K=q5_0,type_V=q5_0,permute=[0,2,1,3]): not supported [ROCm0] 
  FLASH_ATTN_EXT(hsk=128,hsv=128,nh=4,nr23=[12,1],kv=512,nb=3,mask=1,sinks=1,max_bias=0.000000,logit_softcap=0.000000,prec=def,type_K=q4_1,type_V=q4_1,permute=[0,1,2,3]): not supported [ROCm0] 
  FLASH_ATTN_EXT(hsk=128,hsv=128,nh=4,nr23=[12,1],kv=512,nb=3,mask=1,sinks=1,max_bias=0.000000,logit_softcap=0.000000,prec=def,type_K=q4_1,type_V=q4_1,permute=[0,2,1,3]): not supported [ROCm0] 
  FLASH_ATTN_EXT(hsk=128,hsv=128,nh=4,nr23=[12,1],kv=512,nb=3,mask=1,sinks=1,max_bias=0.000000,logit_softcap=0.000000,prec=def,type_K=q4_0,type_V=q4_0,permute=[0,1,2,3]): [1;32mOK[0m
  FLASH_ATTN_EXT(hsk=128,hsv=128,nh=4,nr23=[12,1],kv=512,nb=3,mask=1,sinks=1,max_bias=0.000000,logit_softcap=0.000000,prec=def,type_K=q4_0,type_V=q4_0,permute=[0,2,1,3]): [1;32mOK[0m
  FLASH_ATTN_EXT(hsk=128,hsv=128,nh=4,nr23=[12,1],kv=512,nb=3,mask=1,sinks=1,max_bias=0.000000,logit_softcap=0.000000,prec=def,type_K=iq4_nl,type_V=iq4_nl,permute=[0,1,2,3]): not supported [ROCm0] 
  FLASH_ATTN_EXT(hsk=128,hsv=128,nh=4,nr23=[12,1],kv=512,nb=3,mask=1,sinks=1,max_bias=0.000000,logit_softcap=0.000000,prec=def,type_K=iq4_nl,type_V=iq4_nl,permute=[0,2,1,3]): not supported [ROCm0] 
  FLASH_ATTN_EXT(hsk=128,hsv=128,nh=4,nr23=[12,1],kv=512,nb=3,mask=1,sinks=1,max_bias=0.000000,logit_softcap=0.000000,prec=def,type_K=turbo3,type_V=turbo3,permute=[0,1,2,3]): [1;32mOK[0m
  FLASH_ATTN_EXT(hsk=128,hsv=128,nh=4,nr23=[12,1],kv=512,nb=3,mask=1,sinks=1,max_bias=0.000000,logit_softcap=0.000000,prec=def,type_K=turbo3,type_V=turbo3,permute=[0,2,1,3]): [1;32mOK[0m
  FLASH_ATTN_EXT(hsk=128,hsv=128,nh=4,nr23=[12,1],kv=512,nb=3,mask=1,sinks=1,max_bias=0.000000,logit_softcap=0.000000,prec=def,type_K=turbo4,type_V=turbo4,permute=[0,1,2,3]): [1;32mOK[0m
  FLASH_ATTN_EXT(hsk=128,hsv=128,nh=4,nr23=[12,1],kv=512,nb=3,mask=1,sinks=1,max_bias=0.000000,logit_softcap=0.000000,prec=def,type_K=turbo4,type_V=turbo4,permute=[0,2,1,3]): [1;32mOK[0m
  FLASH_ATTN_EXT(hsk=128,hsv=128,nh=4,nr23=[12,1],kv=512,nb=32,mask=1,sinks=1,max_bias=0.000000,logit_softcap=0.000000,prec=f32,type_K=f32,type_V=f32,permute=[0,1,2,3]): [1;32mOK[0m
  FLASH_ATTN_EXT(hsk=128,hsv=128,nh=4,nr23=[12,1],kv=512,nb=32,mask=1,sinks=1,max_bias=0.000000,logit_softcap=0.000000,prec=f32,type_K=f32,type_V=f32,permute=[0,2,1,3]): [1;32mOK[0m
  FLASH_ATTN_EXT(hsk=128,hsv=128,nh=4,nr23=[12,1],kv=512,nb=32,mask=1,sinks=1,max_bias=0.000000,logit_softcap=0.000000,prec=f32,type_K=f16,type_V=f16,permute=[0,1,2,3]): [1;32mOK[0m
  FLASH_ATTN_EXT(hsk=128,hsv=128,nh=4,nr23=[12,1],kv=512,nb=32,mask=1,sinks=1,max_bias=0.000000,logit_softcap=0.000000,prec=f32,type_K=f16,type_V=f16,permute=[0,2,1,3]): [1;32mOK[0m
  FLASH_ATTN_EXT(hsk=128,hsv=128,nh=4,nr23=[12,1],kv=512,nb=32,mask=1,sinks=1,max_bias=0.000000,logit_softcap=0.000000,prec=f32,type_K=bf16,type_V=bf16,permute=[0,1,2,3]): [1;32mOK[0m
  FLASH_ATTN_EXT(hsk=128,hsv=128,nh=4,nr23=[12,1],kv=512,nb=32,mask=1,sinks=1,max_bias=0.000000,logit_softcap=0.000000,prec=f32,type_K=bf16,type_V=bf16,permute=[0,2,1,3]): [1;32mOK[0m
  FLASH_ATTN_EXT(hsk=128,hsv=128,nh=4,nr23=[12,1],kv=512,nb=32,mask=1,sinks=1,max_bias=0.000000,logit_softcap=0.000000,prec=f32,type_K=q8_0,type_V=q8_0,permute=[0,1,2,3]): [1;32mOK[0m
  FLASH_ATTN_EXT(hsk=128,hsv=128,nh=4,nr23=[12,1],kv=512,nb=32,mask=1,sinks=1,max_bias=0.000000,logit_softcap=0.000000,prec=f32,type_K=q8_0,type_V=q8_0,permute=[0,2,1,3]): [1;32mOK[0m
  FLASH_ATTN_EXT(hsk=128,hsv=128,nh=4,nr23=[12,1],kv=512,nb=32,mask=1,sinks=1,max_bias=0.000000,logit_softcap=0.000000,prec=f32,type_K=q5_1,type_V=q5_1,permute=[0,1,2,3]): not supported [ROCm0] 
  FLASH_ATTN_EXT(hsk=128,hsv=128,nh=4,nr23=[12,1],kv=512,nb=32,mask=1,sinks=1,max_bias=0.000000,logit_softcap=0.000000,prec=f32,type_K=q5_1,type_V=q5_1,permute=[0,2,1,3]): not supported [ROCm0] 
  FLASH_ATTN_EXT(hsk=128,hsv=128,nh=4,nr23=[12,1],kv=512,nb=32,mask=1,sinks=1,max_bias=0.000000,logit_softcap=0.000000,prec=f32,type_K=q5_0,type_V=q5_0,permute=[0,1,2,3]): not supported [ROCm0] 
  FLASH_ATTN_EXT(hsk=128,hsv=128,nh=4,nr23=[12,1],kv=512,nb=32,mask=1,sinks=1,max_bias=0.000000,logit_softcap=0.000000,prec=f32,type_K=q5_0,type_V=q5_0,permute=[0,2,1,3]): not supported [ROCm0] 
  FLASH_ATTN_EXT(hsk=128,hsv=128,nh=4,nr23=[12,1],kv=512,nb=32,mask=1,sinks=1,max_bias=0.000000,logit_softcap=0.000000,prec=f32,type_K=q4_1,type_V=q4_1,permute=[0,1,2,3]): not supported [ROCm0] 
  FLASH_ATTN_EXT(hsk=128,hsv=128,nh=4,nr23=[12,1],kv=512,nb=32,mask=1,sinks=1,max_bias=0.000000,logit_softcap=0.000000,prec=f32,type_K=q4_1,type_V=q4_1,permute=[0,2,1,3]): not supported [ROCm0] 
  FLASH_ATTN_EXT(hsk=128,hsv=128,nh=4,nr23=[12,1],kv=512,nb=32,mask=1,sinks=1,max_bias=0.000000,logit_softcap=0.000000,prec=f32,type_K=q4_0,type_V=q4_0,permute=[0,1,2,3]): [1;32mOK[0m
  FLASH_ATTN_EXT(hsk=128,hsv=128,nh=4,nr23=[12,1],kv=512,nb=32,mask=1,sinks=1,max_bias=0.000000,logit_softcap=0.000000,prec=f32,type_K=q4_0,type_V=q4_0,permute=[0,2,1,3]): [1;32mOK[0m
  FLASH_ATTN_EXT(hsk=128,hsv=128,nh=4,nr23=[12,1],kv=512,nb=32,mask=1,sinks=1,max_bias=0.000000,logit_softcap=0.000000,prec=f32,type_K=iq4_nl,type_V=iq4_nl,permute=[0,1,2,3]): not supported [ROCm0] 
  FLASH_ATTN_EXT(hsk=128,hsv=128,nh=4,nr23=[12,1],kv=512,nb=32,mask=1,sinks=1,max_bias=0.000000,logit_softcap=0.000000,prec=f32,type_K=iq4_nl,type_V=iq4_nl,permute=[0,2,1,3]): not supported [ROCm0] 
  FLASH_ATTN_EXT(hsk=128,hsv=128,nh=4,nr23=[12,1],kv=512,nb=32,mask=1,sinks=1,max_bias=0.000000,logit_softcap=0.000000,prec=f32,type_K=turbo3,type_V=turbo3,permute=[0,1,2,3]): [1;32mOK[0m
  FLASH_ATTN_EXT(hsk=128,hsv=128,nh=4,nr23=[12,1],kv=512,nb=32,mask=1,sinks=1,max_bias=0.000000,logit_softcap=0.000000,prec=f32,type_K=turbo3,type_V=turbo3,permute=[0,2,1,3]): [1;32mOK[0m
  FLASH_ATTN_EXT(hsk=128,hsv=128,nh=4,nr23=[12,1],kv=512,nb=32,mask=1,sinks=1,max_bias=0.000000,logit_softcap=0.000000,prec=f32,type_K=turbo4,type_V=turbo4,permute=[0,1,2,3]): [1;32mOK[0m
  FLASH_ATTN_EXT(hsk=128,hsv=128,nh=4,nr23=[12,1],kv=512,nb=32,mask=1,sinks=1,max_bias=0.000000,logit_softcap=0.000000,prec=f32,type_K=turbo4,type_V=turbo4,permute=[0,2,1,3]): [1;32mOK[0m
  FLASH_ATTN_EXT(hsk=128,hsv=128,nh=4,nr23=[12,1],kv=512,nb=32,mask=1,sinks=1,max_bias=0.000000,logit_softcap=0.000000,prec=def,type_K=f32,type_V=f32,permute=[0,1,2,3]): [1;32mOK[0m
  FLASH_ATTN_EXT(hsk=128,hsv=128,nh=4,nr23=[12,1],kv=512,nb=32,mask=1,sinks=1,max_bias=0.000000,logit_softcap=0.000000,prec=def,type_K=f32,type_V=f32,permute=[0,2,1,3]): [1;32mOK[0m
  FLASH_ATTN_EXT(hsk=128,hsv=128,nh=4,nr23=[12,1],kv=512,nb=32,mask=1,sinks=1,max_bias=0.000000,logit_softcap=0.000000,prec=def,type_K=f16,type_V=f16,permute=[0,1,2,3]): [1;32mOK[0m
  FLASH_ATTN_EXT(hsk=128,hsv=128,nh=4,nr23=[12,1],kv=512,nb=32,mask=1,sinks=1,max_bias=0.000000,logit_softcap=0.000000,prec=def,type_K=f16,type_V=f16,permute=[0,2,1,3]): [1;32mOK[0m
  FLASH_ATTN_EXT(hsk=128,hsv=128,nh=4,nr23=[12,1],kv=512,nb=32,mask=1,sinks=1,max_bias=0.000000,logit_softcap=0.000000,prec=def,type_K=bf16,type_V=bf16,permute=[0,1,2,3]): [1;32mOK[0m
  FLASH_ATTN_EXT(hsk=128,hsv=128,nh=4,nr23=[12,1],kv=512,nb=32,mask=1,sinks=1,max_bias=0.000000,logit_softcap=0.000000,prec=def,type_K=bf16,type_V=bf16,permute=[0,2,1,3]): [1;32mOK[0m
  FLASH_ATTN_EXT(hsk=128,hsv=128,nh=4,nr23=[12,1],kv=512,nb=32,mask=1,sinks=1,max_bias=0.000000,logit_softcap=0.000000,prec=def,type_K=q8_0,type_V=q8_0,permute=[0,1,2,3]): [1;32mOK[0m
  FLASH_ATTN_EXT(hsk=128,hsv=128,nh=4,nr23=[12,1],kv=512,nb=32,mask=1,sinks=1,max_bias=0.000000,logit_softcap=0.000000,prec=def,type_K=q8_0,type_V=q8_0,permute=[0,2,1,3]): [1;32mOK[0m
  FLASH_ATTN_EXT(hsk=128,hsv=128,nh=4,nr23=[12,1],kv=512,nb=32,mask=1,sinks=1,max_bias=0.000000,logit_softcap=0.000000,prec=def,type_K=q5_1,type_V=q5_1,permute=[0,1,2,3]): not supported [ROCm0] 
  FLASH_ATTN_EXT(hsk=128,hsv=128,nh=4,nr23=[12,1],kv=512,nb=32,mask=1,sinks=1,max_bias=0.000000,logit_softcap=0.000000,prec=def,type_K=q5_1,type_V=q5_1,permute=[0,2,1,3]): not supported [ROCm0] 
  FLASH_ATTN_EXT(hsk=128,hsv=128,nh=4,nr23=[12,1],kv=512,nb=32,mask=1,sinks=1,max_bias=0.000000,logit_softcap=0.000000,prec=def,type_K=q5_0,type_V=q5_0,permute=[0,1,2,3]): not supported [ROCm0] 
  FLASH_ATTN_EXT(hsk=128,hsv=128,nh=4,nr23=[12,1],kv=512,nb=32,mask=1,sinks=1,max_bias=0.000000,logit_softcap=0.000000,prec=def,type_K=q5_0,type_V=q5_0,permute=[0,2,1,3]): not supported [ROCm0] 
  FLASH_ATTN_EXT(hsk=128,hsv=128,nh=4,nr23=[12,1],kv=512,nb=32,mask=1,sinks=1,max_bias=0.000000,logit_softcap=0.000000,prec=def,type_K=q4_1,type_V=q4_1,permute=[0,1,2,3]): not supported [ROCm0] 
  FLASH_ATTN_EXT(hsk=128,hsv=128,nh=4,nr23=[12,1],kv=512,nb=32,mask=1,sinks=1,max_bias=0.000000,logit_softcap=0.000000,prec=def,type_K=q4_1,type_V=q4_1,permute=[0,2,1,3]): not supported [ROCm0] 
  FLASH_ATTN_EXT(hsk=128,hsv=128,nh=4,nr23=[12,1],kv=512,nb=32,mask=1,sinks=1,max_bias=0.000000,logit_softcap=0.000000,prec=def,type_K=q4_0,type_V=q4_0,permute=[0,1,2,3]): [1;32mOK[0m
  FLASH_ATTN_EXT(hsk=128,hsv=128,nh=4,nr23=[12,1],kv=512,nb=32,mask=1,sinks=1,max_bias=0.000000,logit_softcap=0.000000,prec=def,type_K=q4_0,type_V=q4_0,permute=[0,2,1,3]): [1;32mOK[0m
  FLASH_ATTN_EXT(hsk=128,hsv=128,nh=4,nr23=[12,1],kv=512,nb=32,mask=1,sinks=1,max_bias=0.000000,logit_softcap=0.000000,prec=def,type_K=iq4_nl,type_V=iq4_nl,permute=[0,1,2,3]): not supported [ROCm0] 
  FLASH_ATTN_EXT(hsk=128,hsv=128,nh=4,nr23=[12,1],kv=512,nb=32,mask=1,sinks=1,max_bias=0.000000,logit_softcap=0.000000,prec=def,type_K=iq4_nl,type_V=iq4_nl,permute=[0,2,1,3]): not supported [ROCm0] 
  FLASH_ATTN_EXT(hsk=128,hsv=128,nh=4,nr23=[12,1],kv=512,nb=32,mask=1,sinks=1,max_bias=0.000000,logit_softcap=0.000000,prec=def,type_K=turbo3,type_V=turbo3,permute=[0,1,2,3]): [1;32mOK[0m
  FLASH_ATTN_EXT(hsk=128,hsv=128,nh=4,nr23=[12,1],kv=512,nb=32,mask=1,sinks=1,max_bias=0.000000,logit_softcap=0.000000,prec=def,type_K=turbo3,type_V=turbo3,permute=[0,2,1,3]): [1;32mOK[0m
  FLASH_ATTN_EXT(hsk=128,hsv=128,nh=4,nr23=[12,1],kv=512,nb=32,mask=1,sinks=1,max_bias=0.000000,logit_softcap=0.000000,prec=def,type_K=turbo4,type_V=turbo4,permute=[0,1,2,3]): [1;32mOK[0m
  FLASH_ATTN_EXT(hsk=128,hsv=128,nh=4,nr23=[12,1],kv=512,nb=32,mask=1,sinks=1,max_bias=0.000000,logit_softcap=0.000000,prec=def,type_K=turbo4,type_V=turbo4,permute=[0,2,1,3]): [1;32mOK[0m
  FLASH_ATTN_EXT(hsk=128,hsv=128,nh=4,nr23=[12,1],kv=512,nb=75,mask=1,sinks=1,max_bias=0.000000,logit_softcap=0.000000,prec=f32,type_K=f32,type_V=f32,permute=[0,1,2,3]): [1;32mOK[0m
  FLASH_ATTN_EXT(hsk=128,hsv=128,nh=4,nr23=[12,1],kv=512,nb=75,mask=1,sinks=1,max_bias=0.000000,logit_softcap=0.000000,prec=f32,type_K=f32,type_V=f32,permute=[0,2,1,3]): [1;32mOK[0m
  FLASH_ATTN_EXT(hsk=128,hsv=128,nh=4,nr23=[12,1],kv=512,nb=75,mask=1,sinks=1,max_bias=0.000000,logit_softcap=0.000000,prec=f32,type_K=f16,type_V=f16,permute=[0,1,2,3]): [1;32mOK[0m
  FLASH_ATTN_EXT(hsk=128,hsv=128,nh=4,nr23=[12,1],kv=512,nb=75,mask=1,sinks=1,max_bias=0.000000,logit_softcap=0.000000,prec=f32,type_K=f16,type_V=f16,permute=[0,2,1,3]): [1;32mOK[0m
  FLASH_ATTN_EXT(hsk=128,hsv=128,nh=4,nr23=[12,1],kv=512,nb=75,mask=1,sinks=1,max_bias=0.000000,logit_softcap=0.000000,prec=f32,type_K=bf16,type_V=bf16,permute=[0,1,2,3]): [1;32mOK[0m
  FLASH_ATTN_EXT(hsk=128,hsv=128,nh=4,nr23=[12,1],kv=512,nb=75,mask=1,sinks=1,max_bias=0.000000,logit_softcap=0.000000,prec=f32,type_K=bf16,type_V=bf16,permute=[0,2,1,3]): [1;32mOK[0m
  FLASH_ATTN_EXT(hsk=128,hsv=128,nh=4,nr23=[12,1],kv=512,nb=75,mask=1,sinks=1,max_bias=0.000000,logit_softcap=0.000000,prec=f32,type_K=q8_0,type_V=q8_0,permute=[0,1,2,3]): [1;32mOK[0m
  FLASH_ATTN_EXT(hsk=128,hsv=128,nh=4,nr23=[12,1],kv=512,nb=75,mask=1,sinks=1,max_bias=0.000000,logit_softcap=0.000000,prec=f32,type_K=q8_0,type_V=q8_0,permute=[0,2,1,3]): [1;32mOK[0m
  FLASH_ATTN_EXT(hsk=128,hsv=128,nh=4,nr23=[12,1],kv=512,nb=75,mask=1,sinks=1,max_bias=0.000000,logit_softcap=0.000000,prec=f32,type_K=q5_1,type_V=q5_1,permute=[0,1,2,3]): not supported [ROCm0] 
  FLASH_ATTN_EXT(hsk=128,hsv=128,nh=4,nr23=[12,1],kv=512,nb=75,mask=1,sinks=1,max_bias=0.000000,logit_softcap=0.000000,prec=f32,type_K=q5_1,type_V=q5_1,permute=[0,2,1,3]): not supported [ROCm0] 
  FLASH_ATTN_EXT(hsk=128,hsv=128,nh=4,nr23=[12,1],kv=512,nb=75,mask=1,sinks=1,max_bias=0.000000,logit_softcap=0.000000,prec=f32,type_K=q5_0,type_V=q5_0,permute=[0,1,2,3]): not supported [ROCm0] 
  FLASH_ATTN_EXT(hsk=128,hsv=128,nh=4,nr23=[12,1],kv=512,nb=75,mask=1,sinks=1,max_bias=0.000000,logit_softcap=0.000000,prec=f32,type_K=q5_0,type_V=q5_0,permute=[0,2,1,3]): not supported [ROCm0] 
  FLASH_ATTN_EXT(hsk=128,hsv=128,nh=4,nr23=[12,1],kv=512,nb=75,mask=1,sinks=1,max_bias=0.000000,logit_softcap=0.000000,prec=f32,type_K=q4_1,type_V=q4_1,permute=[0,1,2,3]): not supported [ROCm0] 
  FLASH_ATTN_EXT(hsk=128,hsv=128,nh=4,nr23=[12,1],kv=512,nb=75,mask=1,sinks=1,max_bias=0.000000,logit_softcap=0.000000,prec=f32,type_K=q4_1,type_V=q4_1,permute=[0,2,1,3]): not supported [ROCm0] 
  FLASH_ATTN_EXT(hsk=128,hsv=128,nh=4,nr23=[12,1],kv=512,nb=75,mask=1,sinks=1,max_bias=0.000000,logit_softcap=0.000000,prec=f32,type_K=q4_0,type_V=q4_0,permute=[0,1,2,3]): [1;32mOK[0m
  FLASH_ATTN_EXT(hsk=128,hsv=128,nh=4,nr23=[12,1],kv=512,nb=75,mask=1,sinks=1,max_bias=0.000000,logit_softcap=0.000000,prec=f32,type_K=q4_0,type_V=q4_0,permute=[0,2,1,3]): [1;32mOK[0m
  FLASH_ATTN_EXT(hsk=128,hsv=128,nh=4,nr23=[12,1],kv=512,nb=75,mask=1,sinks=1,max_bias=0.000000,logit_softcap=0.000000,prec=f32,type_K=iq4_nl,type_V=iq4_nl,permute=[0,1,2,3]): not supported [ROCm0] 
  FLASH_ATTN_EXT(hsk=128,hsv=128,nh=4,nr23=[12,1],kv=512,nb=75,mask=1,sinks=1,max_bias=0.000000,logit_softcap=0.000000,prec=f32,type_K=iq4_nl,type_V=iq4_nl,permute=[0,2,1,3]): not supported [ROCm0] 
  FLASH_ATTN_EXT(hsk=128,hsv=128,nh=4,nr23=[12,1],kv=512,nb=75,mask=1,sinks=1,max_bias=0.000000,logit_softcap=0.000000,prec=f32,type_K=turbo3,type_V=turbo3,permute=[0,1,2,3]): [1;32mOK[0m
  FLASH_ATTN_EXT(hsk=128,hsv=128,nh=4,nr23=[12,1],kv=512,nb=75,mask=1,sinks=1,max_bias=0.000000,logit_softcap=0.000000,prec=f32,type_K=turbo3,type_V=turbo3,permute=[0,2,1,3]): [1;32mOK[0m
  FLASH_ATTN_EXT(hsk=128,hsv=128,nh=4,nr23=[12,1],kv=512,nb=75,mask=1,sinks=1,max_bias=0.000000,logit_softcap=0.000000,prec=f32,type_K=turbo4,type_V=turbo4,permute=[0,1,2,3]): [1;32mOK[0m
  FLASH_ATTN_EXT(hsk=128,hsv=128,nh=4,nr23=[12,1],kv=512,nb=75,mask=1,sinks=1,max_bias=0.000000,logit_softcap=0.000000,prec=f32,type_K=turbo4,type_V=turbo4,permute=[0,2,1,3]): [1;32mOK[0m
  FLASH_ATTN_EXT(hsk=128,hsv=128,nh=4,nr23=[12,1],kv=512,nb=75,mask=1,sinks=1,max_bias=0.000000,logit_softcap=0.000000,prec=def,type_K=f32,type_V=f32,permute=[0,1,2,3]): [1;32mOK[0m
  FLASH_ATTN_EXT(hsk=128,hsv=128,nh=4,nr23=[12,1],kv=512,nb=75,mask=1,sinks=1,max_bias=0.000000,logit_softcap=0.000000,prec=def,type_K=f32,type_V=f32,permute=[0,2,1,3]): [1;32mOK[0m
  FLASH_ATTN_EXT(hsk=128,hsv=128,nh=4,nr23=[12,1],kv=512,nb=75,mask=1,sinks=1,max_bias=0.000000,logit_softcap=0.000000,prec=def,type_K=f16,type_V=f16,permute=[0,1,2,3]): [1;32mOK[0m
  FLASH_ATTN_EXT(hsk=128,hsv=128,nh=4,nr23=[12,1],kv=512,nb=75,mask=1,sinks=1,max_bias=0.000000,logit_softcap=0.000000,prec=def,type_K=f16,type_V=f16,permute=[0,2,1,3]): [1;32mOK[0m
  FLASH_ATTN_EXT(hsk=128,hsv=128,nh=4,nr23=[12,1],kv=512,nb=75,mask=1,sinks=1,max_bias=0.000000,logit_softcap=0.000000,prec=def,type_K=bf16,type_V=bf16,permute=[0,1,2,3]): [1;32mOK[0m
  FLASH_ATTN_EXT(hsk=128,hsv=128,nh=4,nr23=[12,1],kv=512,nb=75,mask=1,sinks=1,max_bias=0.000000,logit_softcap=0.000000,prec=def,type_K=bf16,type_V=bf16,permute=[0,2,1,3]): [1;32mOK[0m
  FLASH_ATTN_EXT(hsk=128,hsv=128,nh=4,nr23=[12,1],kv=512,nb=75,mask=1,sinks=1,max_bias=0.000000,logit_softcap=0.000000,prec=def,type_K=q8_0,type_V=q8_0,permute=[0,1,2,3]): [1;32mOK[0m
  FLASH_ATTN_EXT(hsk=128,hsv=128,nh=4,nr23=[12,1],kv=512,nb=75,mask=1,sinks=1,max_bias=0.000000,logit_softcap=0.000000,prec=def,type_K=q8_0,type_V=q8_0,permute=[0,2,1,3]): [1;32mOK[0m
  FLASH_ATTN_EXT(hsk=128,hsv=128,nh=4,nr23=[12,1],kv=512,nb=75,mask=1,sinks=1,max_bias=0.000000,logit_softcap=0.000000,prec=def,type_K=q5_1,type_V=q5_1,permute=[0,1,2,3]): not supported [ROCm0] 
  FLASH_ATTN_EXT(hsk=128,hsv=128,nh=4,nr23=[12,1],kv=512,nb=75,mask=1,sinks=1,max_bias=0.000000,logit_softcap=0.000000,prec=def,type_K=q5_1,type_V=q5_1,permute=[0,2,1,3]): not supported [ROCm0] 
  FLASH_ATTN_EXT(hsk=128,hsv=128,nh=4,nr23=[12,1],kv=512,nb=75,mask=1,sinks=1,max_bias=0.000000,logit_softcap=0.000000,prec=def,type_K=q5_0,type_V=q5_0,permute=[0,1,2,3]): not supported [ROCm0] 
  FLASH_ATTN_EXT(hsk=128,hsv=128,nh=4,nr23=[12,1],kv=512,nb=75,mask=1,sinks=1,max_bias=0.000000,logit_softcap=0.000000,prec=def,type_K=q5_0,type_V=q5_0,permute=[0,2,1,3]): not supported [ROCm0] 
  FLASH_ATTN_EXT(hsk=128,hsv=128,nh=4,nr23=[12,1],kv=512,nb=75,mask=1,sinks=1,max_bias=0.000000,logit_softcap=0.000000,prec=def,type_K=q4_1,type_V=q4_1,permute=[0,1,2,3]): not supported [ROCm0] 
  FLASH_ATTN_EXT(hsk=128,hsv=128,nh=4,nr23=[12,1],kv=512,nb=75,mask=1,sinks=1,max_bias=0.000000,logit_softcap=0.000000,prec=def,type_K=q4_1,type_V=q4_1,permute=[0,2,1,3]): not supported [ROCm0] 
  FLASH_ATTN_EXT(hsk=128,hsv=128,nh=4,nr23=[12,1],kv=512,nb=75,mask=1,sinks=1,max_bias=0.000000,logit_softcap=0.000000,prec=def,type_K=q4_0,type_V=q4_0,permute=[0,1,2,3]): [1;32mOK[0m
  FLASH_ATTN_EXT(hsk=128,hsv=128,nh=4,nr23=[12,1],kv=512,nb=75,mask=1,sinks=1,max_bias=0.000000,logit_softcap=0.000000,prec=def,type_K=q4_0,type_V=q4_0,permute=[0,2,1,3]): [1;32mOK[0m
  FLASH_ATTN_EXT(hsk=128,hsv=128,nh=4,nr23=[12,1],kv=512,nb=75,mask=1,sinks=1,max_bias=0.000000,logit_softcap=0.000000,prec=def,type_K=iq4_nl,type_V=iq4_nl,permute=[0,1,2,3]): not supported [ROCm0] 
  FLASH_ATTN_EXT(hsk=128,hsv=128,nh=4,nr23=[12,1],kv=512,nb=75,mask=1,sinks=1,max_bias=0.000000,logit_softcap=0.000000,prec=def,type_K=iq4_nl,type_V=iq4_nl,permute=[0,2,1,3]): not supported [ROCm0] 
  FLASH_ATTN_EXT(hsk=128,hsv=128,nh=4,nr23=[12,1],kv=512,nb=75,mask=1,sinks=1,max_bias=0.000000,logit_softcap=0.000000,prec=def,type_K=turbo3,type_V=turbo3,permute=[0,1,2,3]): [1;32mOK[0m
  FLASH_ATTN_EXT(hsk=128,hsv=128,nh=4,nr23=[12,1],kv=512,nb=75,mask=1,sinks=1,max_bias=0.000000,logit_softcap=0.000000,prec=def,type_K=turbo3,type_V=turbo3,permute=[0,2,1,3]): [1;32mOK[0m
  FLASH_ATTN_EXT(hsk=128,hsv=128,nh=4,nr23=[12,1],kv=512,nb=75,mask=1,sinks=1,max_bias=0.000000,logit_softcap=0.000000,prec=def,type_K=turbo4,type_V=turbo4,permute=[0,1,2,3]): [1;32mOK[0m
  FLASH_ATTN_EXT(hsk=128,hsv=128,nh=4,nr23=[12,1],kv=512,nb=75,mask=1,sinks=1,max_bias=0.000000,logit_softcap=0.000000,prec=def,type_K=turbo4,type_V=turbo4,permute=[0,2,1,3]): [1;32mOK[0m
  FLASH_ATTN_EXT(hsk=128,hsv=128,nh=4,nr23=[1,1],kv=113,nb=1,mask=1,sinks=1,max_bias=0.000000,logit_softcap=10.000000,prec=f32,type_K=f32,type_V=f32,permute=[0,1,2,3]): [1;32mOK[0m
  FLASH_ATTN_EXT(hsk=128,hsv=128,nh=4,nr23=[1,1],kv=113,nb=1,mask=1,sinks=1,max_bias=0.000000,logit_softcap=10.000000,prec=f32,type_K=f16,type_V=f16,permute=[0,1,2,3]): [1;32mOK[0m
  FLASH_ATTN_EXT(hsk=128,hsv=128,nh=4,nr23=[1,1],kv=113,nb=1,mask=1,sinks=1,max_bias=0.000000,logit_softcap=10.000000,prec=f32,type_K=bf16,type_V=bf16,permute=[0,1,2,3]): [1;32mOK[0m
  FLASH_ATTN_EXT(hsk=128,hsv=128,nh=4,nr23=[1,1],kv=113,nb=1,mask=1,sinks=1,max_bias=0.000000,logit_softcap=10.000000,prec=f32,type_K=q8_0,type_V=q8_0,permute=[0,1,2,3]): [1;32mOK[0m
  FLASH_ATTN_EXT(hsk=128,hsv=128,nh=4,nr23=[1,1],kv=113,nb=1,mask=1,sinks=1,max_bias=0.000000,logit_softcap=10.000000,prec=f32,type_K=q5_1,type_V=q5_1,permute=[0,1,2,3]): not supported [ROCm0] 
  FLASH_ATTN_EXT(hsk=128,hsv=128,nh=4,nr23=[1,1],kv=113,nb=1,mask=1,sinks=1,max_bias=0.000000,logit_softcap=10.000000,prec=f32,type_K=q5_0,type_V=q5_0,permute=[0,1,2,3]): not supported [ROCm0] 
  FLASH_ATTN_EXT(hsk=128,hsv=128,nh=4,nr23=[1,1],kv=113,nb=1,mask=1,sinks=1,max_bias=0.000000,logit_softcap=10.000000,prec=f32,type_K=q4_1,type_V=q4_1,permute=[0,1,2,3]): not supported [ROCm0] 
  FLASH_ATTN_EXT(hsk=128,hsv=128,nh=4,nr23=[1,1],kv=113,nb=1,mask=1,sinks=1,max_bias=0.000000,logit_softcap=10.000000,prec=f32,type_K=q4_0,type_V=q4_0,permute=[0,1,2,3]): [1;32mOK[0m
  FLASH_ATTN_EXT(hsk=128,hsv=128,nh=4,nr23=[1,1],kv=113,nb=1,mask=1,sinks=1,max_bias=0.000000,logit_softcap=10.000000,prec=f32,type_K=iq4_nl,type_V=iq4_nl,permute=[0,1,2,3]): not supported [ROCm0] 
  FLASH_ATTN_EXT(hsk=128,hsv=128,nh=4,nr23=[1,1],kv=113,nb=1,mask=1,sinks=1,max_bias=0.000000,logit_softcap=10.000000,prec=f32,type_K=turbo3,type_V=turbo3,permute=[0,1,2,3]): [1;32mOK[0m
  FLASH_ATTN_EXT(hsk=128,hsv=128,nh=4,nr23=[1,1],kv=113,nb=1,mask=1,sinks=1,max_bias=0.000000,logit_softcap=10.000000,prec=f32,type_K=turbo4,type_V=turbo4,permute=[0,1,2,3]): [1;32mOK[0m
  FLASH_ATTN_EXT(hsk=128,hsv=128,nh=4,nr23=[1,1],kv=113,nb=1,mask=1,sinks=1,max_bias=0.000000,logit_softcap=10.000000,prec=def,type_K=f32,type_V=f32,permute=[0,1,2,3]): [1;32mOK[0m
  FLASH_ATTN_EXT(hsk=128,hsv=128,nh=4,nr23=[1,1],kv=113,nb=1,mask=1,sinks=1,max_bias=0.000000,logit_softcap=10.000000,prec=def,type_K=f16,type_V=f16,permute=[0,1,2,3]): [1;32mOK[0m
  FLASH_ATTN_EXT(hsk=128,hsv=128,nh=4,nr23=[1,1],kv=113,nb=1,mask=1,sinks=1,max_bias=0.000000,logit_softcap=10.000000,prec=def,type_K=bf16,type_V=bf16,permute=[0,1,2,3]): [1;32mOK[0m
  FLASH_ATTN_EXT(hsk=128,hsv=128,nh=4,nr23=[1,1],kv=113,nb=1,mask=1,sinks=1,max_bias=0.000000,logit_softcap=10.000000,prec=def,type_K=q8_0,type_V=q8_0,permute=[0,1,2,3]): [1;32mOK[0m
  FLASH_ATTN_EXT(hsk=128,hsv=128,nh=4,nr23=[1,1],kv=113,nb=1,mask=1,sinks=1,max_bias=0.000000,logit_softcap=10.000000,prec=def,type_K=q5_1,type_V=q5_1,permute=[0,1,2,3]): not supported [ROCm0] 
  FLASH_ATTN_EXT(hsk=128,hsv=128,nh=4,nr23=[1,1],kv=113,nb=1,mask=1,sinks=1,max_bias=0.000000,logit_softcap=10.000000,prec=def,type_K=q5_0,type_V=q5_0,permute=[0,1,2,3]): not supported [ROCm0] 
  FLASH_ATTN_EXT(hsk=128,hsv=128,nh=4,nr23=[1,1],kv=113,nb=1,mask=1,sinks=1,max_bias=0.000000,logit_softcap=10.000000,prec=def,type_K=q4_1,type_V=q4_1,permute=[0,1,2,3]): not supported [ROCm0] 
  FLASH_ATTN_EXT(hsk=128,hsv=128,nh=4,nr23=[1,1],kv=113,nb=1,mask=1,sinks=1,max_bias=0.000000,logit_softcap=10.000000,prec=def,type_K=q4_0,type_V=q4_0,permute=[0,1,2,3]): [1;32mOK[0m
  FLASH_ATTN_EXT(hsk=128,hsv=128,nh=4,nr23=[1,1],kv=113,nb=1,mask=1,sinks=1,max_bias=0.000000,logit_softcap=10.000000,prec=def,type_K=iq4_nl,type_V=iq4_nl,permute=[0,1,2,3]): not supported [ROCm0] 
  FLASH_ATTN_EXT(hsk=128,hsv=128,nh=4,nr23=[1,1],kv=113,nb=1,mask=1,sinks=1,max_bias=0.000000,logit_softcap=10.000000,prec=def,type_K=turbo3,type_V=turbo3,permute=[0,1,2,3]): [1;32mOK[0m
  FLASH_ATTN_EXT(hsk=128,hsv=128,nh=4,nr23=[1,1],kv=113,nb=1,mask=1,sinks=1,max_bias=0.000000,logit_softcap=10.000000,prec=def,type_K=turbo4,type_V=turbo4,permute=[0,1,2,3]): [1;32mOK[0m
  FLASH_ATTN_EXT(hsk=128,hsv=128,nh=4,nr23=[1,1],kv=113,nb=3,mask=1,sinks=1,max_bias=0.000000,logit_softcap=10.000000,prec=f32,type_K=f32,type_V=f32,permute=[0,1,2,3]): [1;32mOK[0m
  FLASH_ATTN_EXT(hsk=128,hsv=128,nh=4,nr23=[1,1],kv=113,nb=3,mask=1,sinks=1,max_bias=0.000000,logit_softcap=10.000000,prec=f32,type_K=f16,type_V=f16,permute=[0,1,2,3]): [1;32mOK[0m
  FLASH_ATTN_EXT(hsk=128,hsv=128,nh=4,nr23=[1,1],kv=113,nb=3,mask=1,sinks=1,max_bias=0.000000,logit_softcap=10.000000,prec=f32,type_K=bf16,type_V=bf16,permute=[0,1,2,3]): [1;32mOK[0m
  FLASH_ATTN_EXT(hsk=128,hsv=128,nh=4,nr23=[1,1],kv=113,nb=3,mask=1,sinks=1,max_bias=0.000000,logit_softcap=10.000000,prec=f32,type_K=q8_0,type_V=q8_0,permute=[0,1,2,3]): [1;32mOK[0m
  FLASH_ATTN_EXT(hsk=128,hsv=128,nh=4,nr23=[1,1],kv=113,nb=3,mask=1,sinks=1,max_bias=0.000000,logit_softcap=10.000000,prec=f32,type_K=q5_1,type_V=q5_1,permute=[0,1,2,3]): not supported [ROCm0] 
  FLASH_ATTN_EXT(hsk=128,hsv=128,nh=4,nr23=[1,1],kv=113,nb=3,mask=1,sinks=1,max_bias=0.000000,logit_softcap=10.000000,prec=f32,type_K=q5_0,type_V=q5_0,permute=[0,1,2,3]): not supported [ROCm0] 
  FLASH_ATTN_EXT(hsk=128,hsv=128,nh=4,nr23=[1,1],kv=113,nb=3,mask=1,sinks=1,max_bias=0.000000,logit_softcap=10.000000,prec=f32,type_K=q4_1,type_V=q4_1,permute=[0,1,2,3]): not supported [ROCm0] 
  FLASH_ATTN_EXT(hsk=128,hsv=128,nh=4,nr23=[1,1],kv=113,nb=3,mask=1,sinks=1,max_bias=0.000000,logit_softcap=10.000000,prec=f32,type_K=q4_0,type_V=q4_0,permute=[0,1,2,3]): [1;32mOK[0m
  FLASH_ATTN_EXT(hsk=128,hsv=128,nh=4,nr23=[1,1],kv=113,nb=3,mask=1,sinks=1,max_bias=0.000000,logit_softcap=10.000000,prec=f32,type_K=iq4_nl,type_V=iq4_nl,permute=[0,1,2,3]): not supported [ROCm0] 
  FLASH_ATTN_EXT(hsk=128,hsv=128,nh=4,nr23=[1,1],kv=113,nb=3,mask=1,sinks=1,max_bias=0.000000,logit_softcap=10.000000,prec=f32,type_K=turbo3,type_V=turbo3,permute=[0,1,2,3]): [1;32mOK[0m
  FLASH_ATTN_EXT(hsk=128,hsv=128,nh=4,nr23=[1,1],kv=113,nb=3,mask=1,sinks=1,max_bias=0.000000,logit_softcap=10.000000,prec=f32,type_K=turbo4,type_V=turbo4,permute=[0,1,2,3]): [1;32mOK[0m
  FLASH_ATTN_EXT(hsk=128,hsv=128,nh=4,nr23=[1,1],kv=113,nb=3,mask=1,sinks=1,max_bias=0.000000,logit_softcap=10.000000,prec=def,type_K=f32,type_V=f32,permute=[0,1,2,3]): [1;32mOK[0m
  FLASH_ATTN_EXT(hsk=128,hsv=128,nh=4,nr23=[1,1],kv=113,nb=3,mask=1,sinks=1,max_bias=0.000000,logit_softcap=10.000000,prec=def,type_K=f16,type_V=f16,permute=[0,1,2,3]): [1;32mOK[0m
  FLASH_ATTN_EXT(hsk=128,hsv=128,nh=4,nr23=[1,1],kv=113,nb=3,mask=1,sinks=1,max_bias=0.000000,logit_softcap=10.000000,prec=def,type_K=bf16,type_V=bf16,permute=[0,1,2,3]): [1;32mOK[0m
  FLASH_ATTN_EXT(hsk=128,hsv=128,nh=4,nr23=[1,1],kv=113,nb=3,mask=1,sinks=1,max_bias=0.000000,logit_softcap=10.000000,prec=def,type_K=q8_0,type_V=q8_0,permute=[0,1,2,3]): [1;32mOK[0m
  FLASH_ATTN_EXT(hsk=128,hsv=128,nh=4,nr23=[1,1],kv=113,nb=3,mask=1,sinks=1,max_bias=0.000000,logit_softcap=10.000000,prec=def,type_K=q5_1,type_V=q5_1,permute=[0,1,2,3]): not supported [ROCm0] 
  FLASH_ATTN_EXT(hsk=128,hsv=128,nh=4,nr23=[1,1],kv=113,nb=3,mask=1,sinks=1,max_bias=0.000000,logit_softcap=10.000000,prec=def,type_K=q5_0,type_V=q5_0,permute=[0,1,2,3]): not supported [ROCm0] 
  FLASH_ATTN_EXT(hsk=128,hsv=128,nh=4,nr23=[1,1],kv=113,nb=3,mask=1,sinks=1,max_bias=0.000000,logit_softcap=10.000000,prec=def,type_K=q4_1,type_V=q4_1,permute=[0,1,2,3]): not supported [ROCm0] 
  FLASH_ATTN_EXT(hsk=128,hsv=128,nh=4,nr23=[1,1],kv=113,nb=3,mask=1,sinks=1,max_bias=0.000000,logit_softcap=10.000000,prec=def,type_K=q4_0,type_V=q4_0,permute=[0,1,2,3]): [1;32mOK[0m
  FLASH_ATTN_EXT(hsk=128,hsv=128,nh=4,nr23=[1,1],kv=113,nb=3,mask=1,sinks=1,max_bias=0.000000,logit_softcap=10.000000,prec=def,type_K=iq4_nl,type_V=iq4_nl,permute=[0,1,2,3]): not supported [ROCm0] 
  FLASH_ATTN_EXT(hsk=128,hsv=128,nh=4,nr23=[1,1],kv=113,nb=3,mask=1,sinks=1,max_bias=0.000000,logit_softcap=10.000000,prec=def,type_K=turbo3,type_V=turbo3,permute=[0,1,2,3]): [1;32mOK[0m
  FLASH_ATTN_EXT(hsk=128,hsv=128,nh=4,nr23=[1,1],kv=113,nb=3,mask=1,sinks=1,max_bias=0.000000,logit_softcap=10.000000,prec=def,type_K=turbo4,type_V=turbo4,permute=[0,1,2,3]): [1;32mOK[0m
  FLASH_ATTN_EXT(hsk=128,hsv=128,nh=4,nr23=[1,1],kv=113,nb=32,mask=1,sinks=1,max_bias=0.000000,logit_softcap=10.000000,prec=f32,type_K=f32,type_V=f32,permute=[0,1,2,3]): [1;32mOK[0m
  FLASH_ATTN_EXT(hsk=128,hsv=128,nh=4,nr23=[1,1],kv=113,nb=32,mask=1,sinks=1,max_bias=0.000000,logit_softcap=10.000000,prec=f32,type_K=f16,type_V=f16,permute=[0,1,2,3]): [1;32mOK[0m
  FLASH_ATTN_EXT(hsk=128,hsv=128,nh=4,nr23=[1,1],kv=113,nb=32,mask=1,sinks=1,max_bias=0.000000,logit_softcap=10.000000,prec=f32,type_K=bf16,type_V=bf16,permute=[0,1,2,3]): [1;32mOK[0m
  FLASH_ATTN_EXT(hsk=128,hsv=128,nh=4,nr23=[1,1],kv=113,nb=32,mask=1,sinks=1,max_bias=0.000000,logit_softcap=10.000000,prec=f32,type_K=q8_0,type_V=q8_0,permute=[0,1,2,3]): [1;32mOK[0m
  FLASH_ATTN_EXT(hsk=128,hsv=128,nh=4,nr23=[1,1],kv=113,nb=32,mask=1,sinks=1,max_bias=0.000000,logit_softcap=10.000000,prec=f32,type_K=q5_1,type_V=q5_1,permute=[0,1,2,3]): not supported [ROCm0] 
  FLASH_ATTN_EXT(hsk=128,hsv=128,nh=4,nr23=[1,1],kv=113,nb=32,mask=1,sinks=1,max_bias=0.000000,logit_softcap=10.000000,prec=f32,type_K=q5_0,type_V=q5_0,permute=[0,1,2,3]): not supported [ROCm0] 
  FLASH_ATTN_EXT(hsk=128,hsv=128,nh=4,nr23=[1,1],kv=113,nb=32,mask=1,sinks=1,max_bias=0.000000,logit_softcap=10.000000,prec=f32,type_K=q4_1,type_V=q4_1,permute=[0,1,2,3]): not supported [ROCm0] 
  FLASH_ATTN_EXT(hsk=128,hsv=128,nh=4,nr23=[1,1],kv=113,nb=32,mask=1,sinks=1,max_bias=0.000000,logit_softcap=10.000000,prec=f32,type_K=q4_0,type_V=q4_0,permute=[0,1,2,3]): [1;32mOK[0m
  FLASH_ATTN_EXT(hsk=128,hsv=128,nh=4,nr23=[1,1],kv=113,nb=32,mask=1,sinks=1,max_bias=0.000000,logit_softcap=10.000000,prec=f32,type_K=iq4_nl,type_V=iq4_nl,permute=[0,1,2,3]): not supported [ROCm0] 
  FLASH_ATTN_EXT(hsk=128,hsv=128,nh=4,nr23=[1,1],kv=113,nb=32,mask=1,sinks=1,max_bias=0.000000,logit_softcap=10.000000,prec=f32,type_K=turbo3,type_V=turbo3,permute=[0,1,2,3]): [1;32mOK[0m
  FLASH_ATTN_EXT(hsk=128,hsv=128,nh=4,nr23=[1,1],kv=113,nb=32,mask=1,sinks=1,max_bias=0.000000,logit_softcap=10.000000,prec=f32,type_K=turbo4,type_V=turbo4,permute=[0,1,2,3]): [1;32mOK[0m
  FLASH_ATTN_EXT(hsk=128,hsv=128,nh=4,nr23=[1,1],kv=113,nb=32,mask=1,sinks=1,max_bias=0.000000,logit_softcap=10.000000,prec=def,type_K=f32,type_V=f32,permute=[0,1,2,3]): [1;32mOK[0m
  FLASH_ATTN_EXT(hsk=128,hsv=128,nh=4,nr23=[1,1],kv=113,nb=32,mask=1,sinks=1,max_bias=0.000000,logit_softcap=10.000000,prec=def,type_K=f16,type_V=f16,permute=[0,1,2,3]): [1;32mOK[0m
  FLASH_ATTN_EXT(hsk=128,hsv=128,nh=4,nr23=[1,1],kv=113,nb=32,mask=1,sinks=1,max_bias=0.000000,logit_softcap=10.000000,prec=def,type_K=bf16,type_V=bf16,permute=[0,1,2,3]): [1;32mOK[0m
  FLASH_ATTN_EXT(hsk=128,hsv=128,nh=4,nr23=[1,1],kv=113,nb=32,mask=1,sinks=1,max_bias=0.000000,logit_softcap=10.000000,prec=def,type_K=q8_0,type_V=q8_0,permute=[0,1,2,3]): [1;32mOK[0m
  FLASH_ATTN_EXT(hsk=128,hsv=128,nh=4,nr23=[1,1],kv=113,nb=32,mask=1,sinks=1,max_bias=0.000000,logit_softcap=10.000000,prec=def,type_K=q5_1,type_V=q5_1,permute=[0,1,2,3]): not supported [ROCm0] 
  FLASH_ATTN_EXT(hsk=128,hsv=128,nh=4,nr23=[1,1],kv=113,nb=32,mask=1,sinks=1,max_bias=0.000000,logit_softcap=10.000000,prec=def,type_K=q5_0,type_V=q5_0,permute=[0,1,2,3]): not supported [ROCm0] 
  FLASH_ATTN_EXT(hsk=128,hsv=128,nh=4,nr23=[1,1],kv=113,nb=32,mask=1,sinks=1,max_bias=0.000000,logit_softcap=10.000000,prec=def,type_K=q4_1,type_V=q4_1,permute=[0,1,2,3]): not supported [ROCm0] 
  FLASH_ATTN_EXT(hsk=128,hsv=128,nh=4,nr23=[1,1],kv=113,nb=32,mask=1,sinks=1,max_bias=0.000000,logit_softcap=10.000000,prec=def,type_K=q4_0,type_V=q4_0,permute=[0,1,2,3]): [1;32mOK[0m
  FLASH_ATTN_EXT(hsk=128,hsv=128,nh=4,nr23=[1,1],kv=113,nb=32,mask=1,sinks=1,max_bias=0.000000,logit_softcap=10.000000,prec=def,type_K=iq4_nl,type_V=iq4_nl,permute=[0,1,2,3]): not supported [ROCm0] 
  FLASH_ATTN_EXT(hsk=128,hsv=128,nh=4,nr23=[1,1],kv=113,nb=32,mask=1,sinks=1,max_bias=0.000000,logit_softcap=10.000000,prec=def,type_K=turbo3,type_V=turbo3,permute=[0,1,2,3]): [1;32mOK[0m
  FLASH_ATTN_EXT(hsk=128,hsv=128,nh=4,nr23=[1,1],kv=113,nb=32,mask=1,sinks=1,max_bias=0.000000,logit_softcap=10.000000,prec=def,type_K=turbo4,type_V=turbo4,permute=[0,1,2,3]): [1;32mOK[0m
  FLASH_ATTN_EXT(hsk=128,hsv=128,nh=4,nr23=[1,1],kv=113,nb=75,mask=1,sinks=1,max_bias=0.000000,logit_softcap=10.000000,prec=f32,type_K=f32,type_V=f32,permute=[0,1,2,3]): [1;32mOK[0m
  FLASH_ATTN_EXT(hsk=128,hsv=128,nh=4,nr23=[1,1],kv=113,nb=75,mask=1,sinks=1,max_bias=0.000000,logit_softcap=10.000000,prec=f32,type_K=f16,type_V=f16,permute=[0,1,2,3]): [1;32mOK[0m
  FLASH_ATTN_EXT(hsk=128,hsv=128,nh=4,nr23=[1,1],kv=113,nb=75,mask=1,sinks=1,max_bias=0.000000,logit_softcap=10.000000,prec=f32,type_K=bf16,type_V=bf16,permute=[0,1,2,3]): [1;32mOK[0m
  FLASH_ATTN_EXT(hsk=128,hsv=128,nh=4,nr23=[1,1],kv=113,nb=75,mask=1,sinks=1,max_bias=0.000000,logit_softcap=10.000000,prec=f32,type_K=q8_0,type_V=q8_0,permute=[0,1,2,3]): [1;32mOK[0m
  FLASH_ATTN_EXT(hsk=128,hsv=128,nh=4,nr23=[1,1],kv=113,nb=75,mask=1,sinks=1,max_bias=0.000000,logit_softcap=10.000000,prec=f32,type_K=q5_1,type_V=q5_1,permute=[0,1,2,3]): not supported [ROCm0] 
  FLASH_ATTN_EXT(hsk=128,hsv=128,nh=4,nr23=[1,1],kv=113,nb=75,mask=1,sinks=1,max_bias=0.000000,logit_softcap=10.000000,prec=f32,type_K=q5_0,type_V=q5_0,permute=[0,1,2,3]): not supported [ROCm0] 
  FLASH_ATTN_EXT(hsk=128,hsv=128,nh=4,nr23=[1,1],kv=113,nb=75,mask=1,sinks=1,max_bias=0.000000,logit_softcap=10.000000,prec=f32,type_K=q4_1,type_V=q4_1,permute=[0,1,2,3]): not supported [ROCm0] 
  FLASH_ATTN_EXT(hsk=128,hsv=128,nh=4,nr23=[1,1],kv=113,nb=75,mask=1,sinks=1,max_bias=0.000000,logit_softcap=10.000000,prec=f32,type_K=q4_0,type_V=q4_0,permute=[0,1,2,3]): [1;32mOK[0m
  FLASH_ATTN_EXT(hsk=128,hsv=128,nh=4,nr23=[1,1],kv=113,nb=75,mask=1,sinks=1,max_bias=0.000000,logit_softcap=10.000000,prec=f32,type_K=iq4_nl,type_V=iq4_nl,permute=[0,1,2,3]): not supported [ROCm0] 
  FLASH_ATTN_EXT(hsk=128,hsv=128,nh=4,nr23=[1,1],kv=113,nb=75,mask=1,sinks=1,max_bias=0.000000,logit_softcap=10.000000,prec=f32,type_K=turbo3,type_V=turbo3,permute=[0,1,2,3]): [1;32mOK[0m
  FLASH_ATTN_EXT(hsk=128,hsv=128,nh=4,nr23=[1,1],kv=113,nb=75,mask=1,sinks=1,max_bias=0.000000,logit_softcap=10.000000,prec=f32,type_K=turbo4,type_V=turbo4,permute=[0,1,2,3]): [1;32mOK[0m
  FLASH_ATTN_EXT(hsk=128,hsv=128,nh=4,nr23=[1,1],kv=113,nb=75,mask=1,sinks=1,max_bias=0.000000,logit_softcap=10.000000,prec=def,type_K=f32,type_V=f32,permute=[0,1,2,3]): [1;32mOK[0m
  FLASH_ATTN_EXT(hsk=128,hsv=128,nh=4,nr23=[1,1],kv=113,nb=75,mask=1,sinks=1,max_bias=0.000000,logit_softcap=10.000000,prec=def,type_K=f16,type_V=f16,permute=[0,1,2,3]): [1;32mOK[0m
  FLASH_ATTN_EXT(hsk=128,hsv=128,nh=4,nr23=[1,1],kv=113,nb=75,mask=1,sinks=1,max_bias=0.000000,logit_softcap=10.000000,prec=def,type_K=bf16,type_V=bf16,permute=[0,1,2,3]): [1;32mOK[0m
  FLASH_ATTN_EXT(hsk=128,hsv=128,nh=4,nr23=[1,1],kv=113,nb=75,mask=1,sinks=1,max_bias=0.000000,logit_softcap=10.000000,prec=def,type_K=q8_0,type_V=q8_0,permute=[0,1,2,3]): [1;32mOK[0m
  FLASH_ATTN_EXT(hsk=128,hsv=128,nh=4,nr23=[1,1],kv=113,nb=75,mask=1,sinks=1,max_bias=0.000000,logit_softcap=10.000000,prec=def,type_K=q5_1,type_V=q5_1,permute=[0,1,2,3]): not supported [ROCm0] 
  FLASH_ATTN_EXT(hsk=128,hsv=128,nh=4,nr23=[1,1],kv=113,nb=75,mask=1,sinks=1,max_bias=0.000000,logit_softcap=10.000000,prec=def,type_K=q5_0,type_V=q5_0,permute=[0,1,2,3]): not supported [ROCm0] 
  FLASH_ATTN_EXT(hsk=128,hsv=128,nh=4,nr23=[1,1],kv=113,nb=75,mask=1,sinks=1,max_bias=0.000000,logit_softcap=10.000000,prec=def,type_K=q4_1,type_V=q4_1,permute=[0,1,2,3]): not supported [ROCm0] 
  FLASH_ATTN_EXT(hsk=128,hsv=128,nh=4,nr23=[1,1],kv=113,nb=75,mask=1,sinks=1,max_bias=0.000000,logit_softcap=10.000000,prec=def,type_K=q4_0,type_V=q4_0,permute=[0,1,2,3]): [1;32mOK[0m
  FLASH_ATTN_EXT(hsk=128,hsv=128,nh=4,nr23=[1,1],kv=113,nb=75,mask=1,sinks=1,max_bias=0.000000,logit_softcap=10.000000,prec=def,type_K=iq4_nl,type_V=iq4_nl,permute=[0,1,2,3]): not supported [ROCm0] 
  FLASH_ATTN_EXT(hsk=128,hsv=128,nh=4,nr23=[1,1],kv=113,nb=75,mask=1,sinks=1,max_bias=0.000000,logit_softcap=10.000000,prec=def,type_K=turbo3,type_V=turbo3,permute=[0,1,2,3]): [1;32mOK[0m
  FLASH_ATTN_EXT(hsk=128,hsv=128,nh=4,nr23=[1,1],kv=113,nb=75,mask=1,sinks=1,max_bias=0.000000,logit_softcap=10.000000,prec=def,type_K=turbo4,type_V=turbo4,permute=[0,1,2,3]): [1;32mOK[0m
  FLASH_ATTN_EXT(hsk=128,hsv=128,nh=4,nr23=[1,1],kv=512,nb=1,mask=1,sinks=1,max_bias=0.000000,logit_softcap=10.000000,prec=f32,type_K=f32,type_V=f32,permute=[0,1,2,3]): [1;32mOK[0m
  FLASH_ATTN_EXT(hsk=128,hsv=128,nh=4,nr23=[1,1],kv=512,nb=1,mask=1,sinks=1,max_bias=0.000000,logit_softcap=10.000000,prec=f32,type_K=f16,type_V=f16,permute=[0,1,2,3]): [1;32mOK[0m
  FLASH_ATTN_EXT(hsk=128,hsv=128,nh=4,nr23=[1,1],kv=512,nb=1,mask=1,sinks=1,max_bias=0.000000,logit_softcap=10.000000,prec=f32,type_K=bf16,type_V=bf16,permute=[0,1,2,3]): [1;32mOK[0m
  FLASH_ATTN_EXT(hsk=128,hsv=128,nh=4,nr23=[1,1],kv=512,nb=1,mask=1,sinks=1,max_bias=0.000000,logit_softcap=10.000000,prec=f32,type_K=q8_0,type_V=q8_0,permute=[0,1,2,3]): [1;32mOK[0m
  FLASH_ATTN_EXT(hsk=128,hsv=128,nh=4,nr23=[1,1],kv=512,nb=1,mask=1,sinks=1,max_bias=0.000000,logit_softcap=10.000000,prec=f32,type_K=q5_1,type_V=q5_1,permute=[0,1,2,3]): not supported [ROCm0] 
  FLASH_ATTN_EXT(hsk=128,hsv=128,nh=4,nr23=[1,1],kv=512,nb=1,mask=1,sinks=1,max_bias=0.000000,logit_softcap=10.000000,prec=f32,type_K=q5_0,type_V=q5_0,permute=[0,1,2,3]): not supported [ROCm0] 
  FLASH_ATTN_EXT(hsk=128,hsv=128,nh=4,nr23=[1,1],kv=512,nb=1,mask=1,sinks=1,max_bias=0.000000,logit_softcap=10.000000,prec=f32,type_K=q4_1,type_V=q4_1,permute=[0,1,2,3]): not supported [ROCm0] 
  FLASH_ATTN_EXT(hsk=128,hsv=128,nh=4,nr23=[1,1],kv=512,nb=1,mask=1,sinks=1,max_bias=0.000000,logit_softcap=10.000000,prec=f32,type_K=q4_0,type_V=q4_0,permute=[0,1,2,3]): [1;32mOK[0m
  FLASH_ATTN_EXT(hsk=128,hsv=128,nh=4,nr23=[1,1],kv=512,nb=1,mask=1,sinks=1,max_bias=0.000000,logit_softcap=10.000000,prec=f32,type_K=iq4_nl,type_V=iq4_nl,permute=[0,1,2,3]): not supported [ROCm0] 
  FLASH_ATTN_EXT(hsk=128,hsv=128,nh=4,nr23=[1,1],kv=512,nb=1,mask=1,sinks=1,max_bias=0.000000,logit_softcap=10.000000,prec=f32,type_K=turbo3,type_V=turbo3,permute=[0,1,2,3]): [1;32mOK[0m
  FLASH_ATTN_EXT(hsk=128,hsv=128,nh=4,nr23=[1,1],kv=512,nb=1,mask=1,sinks=1,max_bias=0.000000,logit_softcap=10.000000,prec=f32,type_K=turbo4,type_V=turbo4,permute=[0,1,2,3]): [1;32mOK[0m
  FLASH_ATTN_EXT(hsk=128,hsv=128,nh=4,nr23=[1,1],kv=512,nb=1,mask=1,sinks=1,max_bias=0.000000,logit_softcap=10.000000,prec=def,type_K=f32,type_V=f32,permute=[0,1,2,3]): [1;32mOK[0m
  FLASH_ATTN_EXT(hsk=128,hsv=128,nh=4,nr23=[1,1],kv=512,nb=1,mask=1,sinks=1,max_bias=0.000000,logit_softcap=10.000000,prec=def,type_K=f16,type_V=f16,permute=[0,1,2,3]): [1;32mOK[0m
  FLASH_ATTN_EXT(hsk=128,hsv=128,nh=4,nr23=[1,1],kv=512,nb=1,mask=1,sinks=1,max_bias=0.000000,logit_softcap=10.000000,prec=def,type_K=bf16,type_V=bf16,permute=[0,1,2,3]): [1;32mOK[0m
  FLASH_ATTN_EXT(hsk=128,hsv=128,nh=4,nr23=[1,1],kv=512,nb=1,mask=1,sinks=1,max_bias=0.000000,logit_softcap=10.000000,prec=def,type_K=q8_0,type_V=q8_0,permute=[0,1,2,3]): [1;32mOK[0m
  FLASH_ATTN_EXT(hsk=128,hsv=128,nh=4,nr23=[1,1],kv=512,nb=1,mask=1,sinks=1,max_bias=0.000000,logit_softcap=10.000000,prec=def,type_K=q5_1,type_V=q5_1,permute=[0,1,2,3]): not supported [ROCm0] 
  FLASH_ATTN_EXT(hsk=128,hsv=128,nh=4,nr23=[1,1],kv=512,nb=1,mask=1,sinks=1,max_bias=0.000000,logit_softcap=10.000000,prec=def,type_K=q5_0,type_V=q5_0,permute=[0,1,2,3]): not supported [ROCm0] 
  FLASH_ATTN_EXT(hsk=128,hsv=128,nh=4,nr23=[1,1],kv=512,nb=1,mask=1,sinks=1,max_bias=0.000000,logit_softcap=10.000000,prec=def,type_K=q4_1,type_V=q4_1,permute=[0,1,2,3]): not supported [ROCm0] 
  FLASH_ATTN_EXT(hsk=128,hsv=128,nh=4,nr23=[1,1],kv=512,nb=1,mask=1,sinks=1,max_bias=0.000000,logit_softcap=10.000000,prec=def,type_K=q4_0,type_V=q4_0,permute=[0,1,2,3]): [1;32mOK[0m
  FLASH_ATTN_EXT(hsk=128,hsv=128,nh=4,nr23=[1,1],kv=512,nb=1,mask=1,sinks=1,max_bias=0.000000,logit_softcap=10.000000,prec=def,type_K=iq4_nl,type_V=iq4_nl,permute=[0,1,2,3]): not supported [ROCm0] 
  FLASH_ATTN_EXT(hsk=128,hsv=128,nh=4,nr23=[1,1],kv=512,nb=1,mask=1,sinks=1,max_bias=0.000000,logit_softcap=10.000000,prec=def,type_K=turbo3,type_V=turbo3,permute=[0,1,2,3]): [1;32mOK[0m
  FLASH_ATTN_EXT(hsk=128,hsv=128,nh=4,nr23=[1,1],kv=512,nb=1,mask=1,sinks=1,max_bias=0.000000,logit_softcap=10.000000,prec=def,type_K=turbo4,type_V=turbo4,permute=[0,1,2,3]): [1;32mOK[0m
  FLASH_ATTN_EXT(hsk=128,hsv=128,nh=4,nr23=[1,1],kv=512,nb=3,mask=1,sinks=1,max_bias=0.000000,logit_softcap=10.000000,prec=f32,type_K=f32,type_V=f32,permute=[0,1,2,3]): [1;32mOK[0m
  FLASH_ATTN_EXT(hsk=128,hsv=128,nh=4,nr23=[1,1],kv=512,nb=3,mask=1,sinks=1,max_bias=0.000000,logit_softcap=10.000000,prec=f32,type_K=f16,type_V=f16,permute=[0,1,2,3]): [1;32mOK[0m
  FLASH_ATTN_EXT(hsk=128,hsv=128,nh=4,nr23=[1,1],kv=512,nb=3,mask=1,sinks=1,max_bias=0.000000,logit_softcap=10.000000,prec=f32,type_K=bf16,type_V=bf16,permute=[0,1,2,3]): [1;32mOK[0m
  FLASH_ATTN_EXT(hsk=128,hsv=128,nh=4,nr23=[1,1],kv=512,nb=3,mask=1,sinks=1,max_bias=0.000000,logit_softcap=10.000000,prec=f32,type_K=q8_0,type_V=q8_0,permute=[0,1,2,3]): [1;32mOK[0m
  FLASH_ATTN_EXT(hsk=128,hsv=128,nh=4,nr23=[1,1],kv=512,nb=3,mask=1,sinks=1,max_bias=0.000000,logit_softcap=10.000000,prec=f32,type_K=q5_1,type_V=q5_1,permute=[0,1,2,3]): not supported [ROCm0] 
  FLASH_ATTN_EXT(hsk=128,hsv=128,nh=4,nr23=[1,1],kv=512,nb=3,mask=1,sinks=1,max_bias=0.000000,logit_softcap=10.000000,prec=f32,type_K=q5_0,type_V=q5_0,permute=[0,1,2,3]): not supported [ROCm0] 
  FLASH_ATTN_EXT(hsk=128,hsv=128,nh=4,nr23=[1,1],kv=512,nb=3,mask=1,sinks=1,max_bias=0.000000,logit_softcap=10.000000,prec=f32,type_K=q4_1,type_V=q4_1,permute=[0,1,2,3]): not supported [ROCm0] 
  FLASH_ATTN_EXT(hsk=128,hsv=128,nh=4,nr23=[1,1],kv=512,nb=3,mask=1,sinks=1,max_bias=0.000000,logit_softcap=10.000000,prec=f32,type_K=q4_0,type_V=q4_0,permute=[0,1,2,3]): [1;32mOK[0m
  FLASH_ATTN_EXT(hsk=128,hsv=128,nh=4,nr23=[1,1],kv=512,nb=3,mask=1,sinks=1,max_bias=0.000000,logit_softcap=10.000000,prec=f32,type_K=iq4_nl,type_V=iq4_nl,permute=[0,1,2,3]): not supported [ROCm0] 
  FLASH_ATTN_EXT(hsk=128,hsv=128,nh=4,nr23=[1,1],kv=512,nb=3,mask=1,sinks=1,max_bias=0.000000,logit_softcap=10.000000,prec=f32,type_K=turbo3,type_V=turbo3,permute=[0,1,2,3]): [1;32mOK[0m
  FLASH_ATTN_EXT(hsk=128,hsv=128,nh=4,nr23=[1,1],kv=512,nb=3,mask=1,sinks=1,max_bias=0.000000,logit_softcap=10.000000,prec=f32,type_K=turbo4,type_V=turbo4,permute=[0,1,2,3]): [1;32mOK[0m
  FLASH_ATTN_EXT(hsk=128,hsv=128,nh=4,nr23=[1,1],kv=512,nb=3,mask=1,sinks=1,max_bias=0.000000,logit_softcap=10.000000,prec=def,type_K=f32,type_V=f32,permute=[0,1,2,3]): [1;32mOK[0m
  FLASH_ATTN_EXT(hsk=128,hsv=128,nh=4,nr23=[1,1],kv=512,nb=3,mask=1,sinks=1,max_bias=0.000000,logit_softcap=10.000000,prec=def,type_K=f16,type_V=f16,permute=[0,1,2,3]): [1;32mOK[0m
  FLASH_ATTN_EXT(hsk=128,hsv=128,nh=4,nr23=[1,1],kv=512,nb=3,mask=1,sinks=1,max_bias=0.000000,logit_softcap=10.000000,prec=def,type_K=bf16,type_V=bf16,permute=[0,1,2,3]): [1;32mOK[0m
  FLASH_ATTN_EXT(hsk=128,hsv=128,nh=4,nr23=[1,1],kv=512,nb=3,mask=1,sinks=1,max_bias=0.000000,logit_softcap=10.000000,prec=def,type_K=q8_0,type_V=q8_0,permute=[0,1,2,3]): [1;32mOK[0m
  FLASH_ATTN_EXT(hsk=128,hsv=128,nh=4,nr23=[1,1],kv=512,nb=3,mask=1,sinks=1,max_bias=0.000000,logit_softcap=10.000000,prec=def,type_K=q5_1,type_V=q5_1,permute=[0,1,2,3]): not supported [ROCm0] 
  FLASH_ATTN_EXT(hsk=128,hsv=128,nh=4,nr23=[1,1],kv=512,nb=3,mask=1,sinks=1,max_bias=0.000000,logit_softcap=10.000000,prec=def,type_K=q5_0,type_V=q5_0,permute=[0,1,2,3]): not supported [ROCm0] 
  FLASH_ATTN_EXT(hsk=128,hsv=128,nh=4,nr23=[1,1],kv=512,nb=3,mask=1,sinks=1,max_bias=0.000000,logit_softcap=10.000000,prec=def,type_K=q4_1,type_V=q4_1,permute=[0,1,2,3]): not supported [ROCm0] 
  FLASH_ATTN_EXT(hsk=128,hsv=128,nh=4,nr23=[1,1],kv=512,nb=3,mask=1,sinks=1,max_bias=0.000000,logit_softcap=10.000000,prec=def,type_K=q4_0,type_V=q4_0,permute=[0,1,2,3]): [1;32mOK[0m
  FLASH_ATTN_EXT(hsk=128,hsv=128,nh=4,nr23=[1,1],kv=512,nb=3,mask=1,sinks=1,max_bias=0.000000,logit_softcap=10.000000,prec=def,type_K=iq4_nl,type_V=iq4_nl,permute=[0,1,2,3]): not supported [ROCm0] 
  FLASH_ATTN_EXT(hsk=128,hsv=128,nh=4,nr23=[1,1],kv=512,nb=3,mask=1,sinks=1,max_bias=0.000000,logit_softcap=10.000000,prec=def,type_K=turbo3,type_V=turbo3,permute=[0,1,2,3]): [1;32mOK[0m
  FLASH_ATTN_EXT(hsk=128,hsv=128,nh=4,nr23=[1,1],kv=512,nb=3,mask=1,sinks=1,max_bias=0.000000,logit_softcap=10.000000,prec=def,type_K=turbo4,type_V=turbo4,permute=[0,1,2,3]): [1;32mOK[0m
  FLASH_ATTN_EXT(hsk=128,hsv=128,nh=4,nr23=[1,1],kv=512,nb=32,mask=1,sinks=1,max_bias=0.000000,logit_softcap=10.000000,prec=f32,type_K=f32,type_V=f32,permute=[0,1,2,3]): [1;32mOK[0m
  FLASH_ATTN_EXT(hsk=128,hsv=128,nh=4,nr23=[1,1],kv=512,nb=32,mask=1,sinks=1,max_bias=0.000000,logit_softcap=10.000000,prec=f32,type_K=f16,type_V=f16,permute=[0,1,2,3]): [1;32mOK[0m
  FLASH_ATTN_EXT(hsk=128,hsv=128,nh=4,nr23=[1,1],kv=512,nb=32,mask=1,sinks=1,max_bias=0.000000,logit_softcap=10.000000,prec=f32,type_K=bf16,type_V=bf16,permute=[0,1,2,3]): [1;32mOK[0m
  FLASH_ATTN_EXT(hsk=128,hsv=128,nh=4,nr23=[1,1],kv=512,nb=32,mask=1,sinks=1,max_bias=0.000000,logit_softcap=10.000000,prec=f32,type_K=q8_0,type_V=q8_0,permute=[0,1,2,3]): [1;32mOK[0m
  FLASH_ATTN_EXT(hsk=128,hsv=128,nh=4,nr23=[1,1],kv=512,nb=32,mask=1,sinks=1,max_bias=0.000000,logit_softcap=10.000000,prec=f32,type_K=q5_1,type_V=q5_1,permute=[0,1,2,3]): not supported [ROCm0] 
  FLASH_ATTN_EXT(hsk=128,hsv=128,nh=4,nr23=[1,1],kv=512,nb=32,mask=1,sinks=1,max_bias=0.000000,logit_softcap=10.000000,prec=f32,type_K=q5_0,type_V=q5_0,permute=[0,1,2,3]): not supported [ROCm0] 
  FLASH_ATTN_EXT(hsk=128,hsv=128,nh=4,nr23=[1,1],kv=512,nb=32,mask=1,sinks=1,max_bias=0.000000,logit_softcap=10.000000,prec=f32,type_K=q4_1,type_V=q4_1,permute=[0,1,2,3]): not supported [ROCm0] 
  FLASH_ATTN_EXT(hsk=128,hsv=128,nh=4,nr23=[1,1],kv=512,nb=32,mask=1,sinks=1,max_bias=0.000000,logit_softcap=10.000000,prec=f32,type_K=q4_0,type_V=q4_0,permute=[0,1,2,3]): [1;32mOK[0m
  FLASH_ATTN_EXT(hsk=128,hsv=128,nh=4,nr23=[1,1],kv=512,nb=32,mask=1,sinks=1,max_bias=0.000000,logit_softcap=10.000000,prec=f32,type_K=iq4_nl,type_V=iq4_nl,permute=[0,1,2,3]): not supported [ROCm0] 
  FLASH_ATTN_EXT(hsk=128,hsv=128,nh=4,nr23=[1,1],kv=512,nb=32,mask=1,sinks=1,max_bias=0.000000,logit_softcap=10.000000,prec=f32,type_K=turbo3,type_V=turbo3,permute=[0,1,2,3]): [1;32mOK[0m
  FLASH_ATTN_EXT(hsk=128,hsv=128,nh=4,nr23=[1,1],kv=512,nb=32,mask=1,sinks=1,max_bias=0.000000,logit_softcap=10.000000,prec=f32,type_K=turbo4,type_V=turbo4,permute=[0,1,2,3]): [1;32mOK[0m
  FLASH_ATTN_EXT(hsk=128,hsv=128,nh=4,nr23=[1,1],kv=512,nb=32,mask=1,sinks=1,max_bias=0.000000,logit_softcap=10.000000,prec=def,type_K=f32,type_V=f32,permute=[0,1,2,3]): [1;32mOK[0m
  FLASH_ATTN_EXT(hsk=128,hsv=128,nh=4,nr23=[1,1],kv=512,nb=32,mask=1,sinks=1,max_bias=0.000000,logit_softcap=10.000000,prec=def,type_K=f16,type_V=f16,permute=[0,1,2,3]): [1;32mOK[0m
  FLASH_ATTN_EXT(hsk=128,hsv=128,nh=4,nr23=[1,1],kv=512,nb=32,mask=1,sinks=1,max_bias=0.000000,logit_softcap=10.000000,prec=def,type_K=bf16,type_V=bf16,permute=[0,1,2,3]): [1;32mOK[0m
  FLASH_ATTN_EXT(hsk=128,hsv=128,nh=4,nr23=[1,1],kv=512,nb=32,mask=1,sinks=1,max_bias=0.000000,logit_softcap=10.000000,prec=def,type_K=q8_0,type_V=q8_0,permute=[0,1,2,3]): [1;32mOK[0m
  FLASH_ATTN_EXT(hsk=128,hsv=128,nh=4,nr23=[1,1],kv=512,nb=32,mask=1,sinks=1,max_bias=0.000000,logit_softcap=10.000000,prec=def,type_K=q5_1,type_V=q5_1,permute=[0,1,2,3]): not supported [ROCm0] 
  FLASH_ATTN_EXT(hsk=128,hsv=128,nh=4,nr23=[1,1],kv=512,nb=32,mask=1,sinks=1,max_bias=0.000000,logit_softcap=10.000000,prec=def,type_K=q5_0,type_V=q5_0,permute=[0,1,2,3]): not supported [ROCm0] 
  FLASH_ATTN_EXT(hsk=128,hsv=128,nh=4,nr23=[1,1],kv=512,nb=32,mask=1,sinks=1,max_bias=0.000000,logit_softcap=10.000000,prec=def,type_K=q4_1,type_V=q4_1,permute=[0,1,2,3]): not supported [ROCm0] 
  FLASH_ATTN_EXT(hsk=128,hsv=128,nh=4,nr23=[1,1],kv=512,nb=32,mask=1,sinks=1,max_bias=0.000000,logit_softcap=10.000000,prec=def,type_K=q4_0,type_V=q4_0,permute=[0,1,2,3]): [1;32mOK[0m
  FLASH_ATTN_EXT(hsk=128,hsv=128,nh=4,nr23=[1,1],kv=512,nb=32,mask=1,sinks=1,max_bias=0.000000,logit_softcap=10.000000,prec=def,type_K=iq4_nl,type_V=iq4_nl,permute=[0,1,2,3]): not supported [ROCm0] 
  FLASH_ATTN_EXT(hsk=128,hsv=128,nh=4,nr23=[1,1],kv=512,nb=32,mask=1,sinks=1,max_bias=0.000000,logit_softcap=10.000000,prec=def,type_K=turbo3,type_V=turbo3,permute=[0,1,2,3]): [1;32mOK[0m
  FLASH_ATTN_EXT(hsk=128,hsv=128,nh=4,nr23=[1,1],kv=512,nb=32,mask=1,sinks=1,max_bias=0.000000,logit_softcap=10.000000,prec=def,type_K=turbo4,type_V=turbo4,permute=[0,1,2,3]): [1;32mOK[0m
  FLASH_ATTN_EXT(hsk=128,hsv=128,nh=4,nr23=[1,1],kv=512,nb=75,mask=1,sinks=1,max_bias=0.000000,logit_softcap=10.000000,prec=f32,type_K=f32,type_V=f32,permute=[0,1,2,3]): [1;32mOK[0m
  FLASH_ATTN_EXT(hsk=128,hsv=128,nh=4,nr23=[1,1],kv=512,nb=75,mask=1,sinks=1,max_bias=0.000000,logit_softcap=10.000000,prec=f32,type_K=f16,type_V=f16,permute=[0,1,2,3]): [1;32mOK[0m
  FLASH_ATTN_EXT(hsk=128,hsv=128,nh=4,nr23=[1,1],kv=512,nb=75,mask=1,sinks=1,max_bias=0.000000,logit_softcap=10.000000,prec=f32,type_K=bf16,type_V=bf16,permute=[0,1,2,3]): [1;32mOK[0m
  FLASH_ATTN_EXT(hsk=128,hsv=128,nh=4,nr23=[1,1],kv=512,nb=75,mask=1,sinks=1,max_bias=0.000000,logit_softcap=10.000000,prec=f32,type_K=q8_0,type_V=q8_0,permute=[0,1,2,3]): [1;32mOK[0m
  FLASH_ATTN_EXT(hsk=128,hsv=128,nh=4,nr23=[1,1],kv=512,nb=75,mask=1,sinks=1,max_bias=0.000000,logit_softcap=10.000000,prec=f32,type_K=q5_1,type_V=q5_1,permute=[0,1,2,3]): not supported [ROCm0] 
  FLASH_ATTN_EXT(hsk=128,hsv=128,nh=4,nr23=[1,1],kv=512,nb=75,mask=1,sinks=1,max_bias=0.000000,logit_softcap=10.000000,prec=f32,type_K=q5_0,type_V=q5_0,permute=[0,1,2,3]): not supported [ROCm0] 
  FLASH_ATTN_EXT(hsk=128,hsv=128,nh=4,nr23=[1,1],kv=512,nb=75,mask=1,sinks=1,max_bias=0.000000,logit_softcap=10.000000,prec=f32,type_K=q4_1,type_V=q4_1,permute=[0,1,2,3]): not supported [ROCm0] 
  FLASH_ATTN_EXT(hsk=128,hsv=128,nh=4,nr23=[1,1],kv=512,nb=75,mask=1,sinks=1,max_bias=0.000000,logit_softcap=10.000000,prec=f32,type_K=q4_0,type_V=q4_0,permute=[0,1,2,3]): [1;32mOK[0m
  FLASH_ATTN_EXT(hsk=128,hsv=128,nh=4,nr23=[1,1],kv=512,nb=75,mask=1,sinks=1,max_bias=0.000000,logit_softcap=10.000000,prec=f32,type_K=iq4_nl,type_V=iq4_nl,permute=[0,1,2,3]): not supported [ROCm0] 
  FLASH_ATTN_EXT(hsk=128,hsv=128,nh=4,nr23=[1,1],kv=512,nb=75,mask=1,sinks=1,max_bias=0.000000,logit_softcap=10.000000,prec=f32,type_K=turbo3,type_V=turbo3,permute=[0,1,2,3]): [1;32mOK[0m
  FLASH_ATTN_EXT(hsk=128,hsv=128,nh=4,nr23=[1,1],kv=512,nb=75,mask=1,sinks=1,max_bias=0.000000,logit_softcap=10.000000,prec=f32,type_K=turbo4,type_V=turbo4,permute=[0,1,2,3]): [1;32mOK[0m
  FLASH_ATTN_EXT(hsk=128,hsv=128,nh=4,nr23=[1,1],kv=512,nb=75,mask=1,sinks=1,max_bias=0.000000,logit_softcap=10.000000,prec=def,type_K=f32,type_V=f32,permute=[0,1,2,3]): [1;32mOK[0m
  FLASH_ATTN_EXT(hsk=128,hsv=128,nh=4,nr23=[1,1],kv=512,nb=75,mask=1,sinks=1,max_bias=0.000000,logit_softcap=10.000000,prec=def,type_K=f16,type_V=f16,permute=[0,1,2,3]): [1;32mOK[0m
  FLASH_ATTN_EXT(hsk=128,hsv=128,nh=4,nr23=[1,1],kv=512,nb=75,mask=1,sinks=1,max_bias=0.000000,logit_softcap=10.000000,prec=def,type_K=bf16,type_V=bf16,permute=[0,1,2,3]): [1;32mOK[0m
  FLASH_ATTN_EXT(hsk=128,hsv=128,nh=4,nr23=[1,1],kv=512,nb=75,mask=1,sinks=1,max_bias=0.000000,logit_softcap=10.000000,prec=def,type_K=q8_0,type_V=q8_0,permute=[0,1,2,3]): [1;32mOK[0m
  FLASH_ATTN_EXT(hsk=128,hsv=128,nh=4,nr23=[1,1],kv=512,nb=75,mask=1,sinks=1,max_bias=0.000000,logit_softcap=10.000000,prec=def,type_K=q5_1,type_V=q5_1,permute=[0,1,2,3]): not supported [ROCm0] 
  FLASH_ATTN_EXT(hsk=128,hsv=128,nh=4,nr23=[1,1],kv=512,nb=75,mask=1,sinks=1,max_bias=0.000000,logit_softcap=10.000000,prec=def,type_K=q5_0,type_V=q5_0,permute=[0,1,2,3]): not supported [ROCm0] 
  FLASH_ATTN_EXT(hsk=128,hsv=128,nh=4,nr23=[1,1],kv=512,nb=75,mask=1,sinks=1,max_bias=0.000000,logit_softcap=10.000000,prec=def,type_K=q4_1,type_V=q4_1,permute=[0,1,2,3]): not supported [ROCm0] 
  FLASH_ATTN_EXT(hsk=128,hsv=128,nh=4,nr23=[1,1],kv=512,nb=75,mask=1,sinks=1,max_bias=0.000000,logit_softcap=10.000000,prec=def,type_K=q4_0,type_V=q4_0,permute=[0,1,2,3]): [1;32mOK[0m
  FLASH_ATTN_EXT(hsk=128,hsv=128,nh=4,nr23=[1,1],kv=512,nb=75,mask=1,sinks=1,max_bias=0.000000,logit_softcap=10.000000,prec=def,type_K=iq4_nl,type_V=iq4_nl,permute=[0,1,2,3]): not supported [ROCm0] 
  FLASH_ATTN_EXT(hsk=128,hsv=128,nh=4,nr23=[1,1],kv=512,nb=75,mask=1,sinks=1,max_bias=0.000000,logit_softcap=10.000000,prec=def,type_K=turbo3,type_V=turbo3,permute=[0,1,2,3]): [1;32mOK[0m
  FLASH_ATTN_EXT(hsk=128,hsv=128,nh=4,nr23=[1,1],kv=512,nb=75,mask=1,sinks=1,max_bias=0.000000,logit_softcap=10.000000,prec=def,type_K=turbo4,type_V=turbo4,permute=[0,1,2,3]): [1;32mOK[0m
  FLASH_ATTN_EXT(hsk=128,hsv=128,nh=4,nr23=[1,1],kv=1024,nb=1,mask=1,sinks=1,max_bias=0.000000,logit_softcap=10.000000,prec=f32,type_K=f32,type_V=f32,permute=[0,1,2,3]): [1;32mOK[0m
  FLASH_ATTN_EXT(hsk=128,hsv=128,nh=4,nr23=[1,1],kv=1024,nb=1,mask=1,sinks=1,max_bias=0.000000,logit_softcap=10.000000,prec=f32,type_K=f16,type_V=f16,permute=[0,1,2,3]): [1;32mOK[0m
  FLASH_ATTN_EXT(hsk=128,hsv=128,nh=4,nr23=[1,1],kv=1024,nb=1,mask=1,sinks=1,max_bias=0.000000,logit_softcap=10.000000,prec=f32,type_K=bf16,type_V=bf16,permute=[0,1,2,3]): [1;32mOK[0m
  FLASH_ATTN_EXT(hsk=128,hsv=128,nh=4,nr23=[1,1],kv=1024,nb=1,mask=1,sinks=1,max_bias=0.000000,logit_softcap=10.000000,prec=f32,type_K=q8_0,type_V=q8_0,permute=[0,1,2,3]): [1;32mOK[0m
  FLASH_ATTN_EXT(hsk=128,hsv=128,nh=4,nr23=[1,1],kv=1024,nb=1,mask=1,sinks=1,max_bias=0.000000,logit_softcap=10.000000,prec=f32,type_K=q5_1,type_V=q5_1,permute=[0,1,2,3]): not supported [ROCm0] 
  FLASH_ATTN_EXT(hsk=128,hsv=128,nh=4,nr23=[1,1],kv=1024,nb=1,mask=1,sinks=1,max_bias=0.000000,logit_softcap=10.000000,prec=f32,type_K=q5_0,type_V=q5_0,permute=[0,1,2,3]): not supported [ROCm0] 
  FLASH_ATTN_EXT(hsk=128,hsv=128,nh=4,nr23=[1,1],kv=1024,nb=1,mask=1,sinks=1,max_bias=0.000000,logit_softcap=10.000000,prec=f32,type_K=q4_1,type_V=q4_1,permute=[0,1,2,3]): not supported [ROCm0] 
  FLASH_ATTN_EXT(hsk=128,hsv=128,nh=4,nr23=[1,1],kv=1024,nb=1,mask=1,sinks=1,max_bias=0.000000,logit_softcap=10.000000,prec=f32,type_K=q4_0,type_V=q4_0,permute=[0,1,2,3]): [1;32mOK[0m
  FLASH_ATTN_EXT(hsk=128,hsv=128,nh=4,nr23=[1,1],kv=1024,nb=1,mask=1,sinks=1,max_bias=0.000000,logit_softcap=10.000000,prec=f32,type_K=iq4_nl,type_V=iq4_nl,permute=[0,1,2,3]): not supported [ROCm0] 
  FLASH_ATTN_EXT(hsk=128,hsv=128,nh=4,nr23=[1,1],kv=1024,nb=1,mask=1,sinks=1,max_bias=0.000000,logit_softcap=10.000000,prec=f32,type_K=turbo3,type_V=turbo3,permute=[0,1,2,3]): [1;32mOK[0m
  FLASH_ATTN_EXT(hsk=128,hsv=128,nh=4,nr23=[1,1],kv=1024,nb=1,mask=1,sinks=1,max_bias=0.000000,logit_softcap=10.000000,prec=f32,type_K=turbo4,type_V=turbo4,permute=[0,1,2,3]): [1;32mOK[0m
  FLASH_ATTN_EXT(hsk=128,hsv=128,nh=4,nr23=[1,1],kv=1024,nb=1,mask=1,sinks=1,max_bias=0.000000,logit_softcap=10.000000,prec=def,type_K=f32,type_V=f32,permute=[0,1,2,3]): [1;32mOK[0m
  FLASH_ATTN_EXT(hsk=128,hsv=128,nh=4,nr23=[1,1],kv=1024,nb=1,mask=1,sinks=1,max_bias=0.000000,logit_softcap=10.000000,prec=def,type_K=f16,type_V=f16,permute=[0,1,2,3]): [1;32mOK[0m
  FLASH_ATTN_EXT(hsk=128,hsv=128,nh=4,nr23=[1,1],kv=1024,nb=1,mask=1,sinks=1,max_bias=0.000000,logit_softcap=10.000000,prec=def,type_K=bf16,type_V=bf16,permute=[0,1,2,3]): [1;32mOK[0m
  FLASH_ATTN_EXT(hsk=128,hsv=128,nh=4,nr23=[1,1],kv=1024,nb=1,mask=1,sinks=1,max_bias=0.000000,logit_softcap=10.000000,prec=def,type_K=q8_0,type_V=q8_0,permute=[0,1,2,3]): [1;32mOK[0m
  FLASH_ATTN_EXT(hsk=128,hsv=128,nh=4,nr23=[1,1],kv=1024,nb=1,mask=1,sinks=1,max_bias=0.000000,logit_softcap=10.000000,prec=def,type_K=q5_1,type_V=q5_1,permute=[0,1,2,3]): not supported [ROCm0] 
  FLASH_ATTN_EXT(hsk=128,hsv=128,nh=4,nr23=[1,1],kv=1024,nb=1,mask=1,sinks=1,max_bias=0.000000,logit_softcap=10.000000,prec=def,type_K=q5_0,type_V=q5_0,permute=[0,1,2,3]): not supported [ROCm0] 
  FLASH_ATTN_EXT(hsk=128,hsv=128,nh=4,nr23=[1,1],kv=1024,nb=1,mask=1,sinks=1,max_bias=0.000000,logit_softcap=10.000000,prec=def,type_K=q4_1,type_V=q4_1,permute=[0,1,2,3]): not supported [ROCm0] 
  FLASH_ATTN_EXT(hsk=128,hsv=128,nh=4,nr23=[1,1],kv=1024,nb=1,mask=1,sinks=1,max_bias=0.000000,logit_softcap=10.000000,prec=def,type_K=q4_0,type_V=q4_0,permute=[0,1,2,3]): [1;32mOK[0m
  FLASH_ATTN_EXT(hsk=128,hsv=128,nh=4,nr23=[1,1],kv=1024,nb=1,mask=1,sinks=1,max_bias=0.000000,logit_softcap=10.000000,prec=def,type_K=iq4_nl,type_V=iq4_nl,permute=[0,1,2,3]): not supported [ROCm0] 
  FLASH_ATTN_EXT(hsk=128,hsv=128,nh=4,nr23=[1,1],kv=1024,nb=1,mask=1,sinks=1,max_bias=0.000000,logit_softcap=10.000000,prec=def,type_K=turbo3,type_V=turbo3,permute=[0,1,2,3]): [1;32mOK[0m
  FLASH_ATTN_EXT(hsk=128,hsv=128,nh=4,nr23=[1,1],kv=1024,nb=1,mask=1,sinks=1,max_bias=0.000000,logit_softcap=10.000000,prec=def,type_K=turbo4,type_V=turbo4,permute=[0,1,2,3]): [1;32mOK[0m
  FLASH_ATTN_EXT(hsk=128,hsv=128,nh=4,nr23=[1,1],kv=1024,nb=3,mask=1,sinks=1,max_bias=0.000000,logit_softcap=10.000000,prec=f32,type_K=f32,type_V=f32,permute=[0,1,2,3]): [1;32mOK[0m
  FLASH_ATTN_EXT(hsk=128,hsv=128,nh=4,nr23=[1,1],kv=1024,nb=3,mask=1,sinks=1,max_bias=0.000000,logit_softcap=10.000000,prec=f32,type_K=f16,type_V=f16,permute=[0,1,2,3]): [1;32mOK[0m
  FLASH_ATTN_EXT(hsk=128,hsv=128,nh=4,nr23=[1,1],kv=1024,nb=3,mask=1,sinks=1,max_bias=0.000000,logit_softcap=10.000000,prec=f32,type_K=bf16,type_V=bf16,permute=[0,1,2,3]): [1;32mOK[0m
  FLASH_ATTN_EXT(hsk=128,hsv=128,nh=4,nr23=[1,1],kv=1024,nb=3,mask=1,sinks=1,max_bias=0.000000,logit_softcap=10.000000,prec=f32,type_K=q8_0,type_V=q8_0,permute=[0,1,2,3]): [1;32mOK[0m
  FLASH_ATTN_EXT(hsk=128,hsv=128,nh=4,nr23=[1,1],kv=1024,nb=3,mask=1,sinks=1,max_bias=0.000000,logit_softcap=10.000000,prec=f32,type_K=q5_1,type_V=q5_1,permute=[0,1,2,3]): not supported [ROCm0] 
  FLASH_ATTN_EXT(hsk=128,hsv=128,nh=4,nr23=[1,1],kv=1024,nb=3,mask=1,sinks=1,max_bias=0.000000,logit_softcap=10.000000,prec=f32,type_K=q5_0,type_V=q5_0,permute=[0,1,2,3]): not supported [ROCm0] 
  FLASH_ATTN_EXT(hsk=128,hsv=128,nh=4,nr23=[1,1],kv=1024,nb=3,mask=1,sinks=1,max_bias=0.000000,logit_softcap=10.000000,prec=f32,type_K=q4_1,type_V=q4_1,permute=[0,1,2,3]): not supported [ROCm0] 
  FLASH_ATTN_EXT(hsk=128,hsv=128,nh=4,nr23=[1,1],kv=1024,nb=3,mask=1,sinks=1,max_bias=0.000000,logit_softcap=10.000000,prec=f32,type_K=q4_0,type_V=q4_0,permute=[0,1,2,3]): [1;32mOK[0m
  FLASH_ATTN_EXT(hsk=128,hsv=128,nh=4,nr23=[1,1],kv=1024,nb=3,mask=1,sinks=1,max_bias=0.000000,logit_softcap=10.000000,prec=f32,type_K=iq4_nl,type_V=iq4_nl,permute=[0,1,2,3]): not supported [ROCm0] 
  FLASH_ATTN_EXT(hsk=128,hsv=128,nh=4,nr23=[1,1],kv=1024,nb=3,mask=1,sinks=1,max_bias=0.000000,logit_softcap=10.000000,prec=f32,type_K=turbo3,type_V=turbo3,permute=[0,1,2,3]): [1;32mOK[0m
  FLASH_ATTN_EXT(hsk=128,hsv=128,nh=4,nr23=[1,1],kv=1024,nb=3,mask=1,sinks=1,max_bias=0.000000,logit_softcap=10.000000,prec=f32,type_K=turbo4,type_V=turbo4,permute=[0,1,2,3]): [1;32mOK[0m
  FLASH_ATTN_EXT(hsk=128,hsv=128,nh=4,nr23=[1,1],kv=1024,nb=3,mask=1,sinks=1,max_bias=0.000000,logit_softcap=10.000000,prec=def,type_K=f32,type_V=f32,permute=[0,1,2,3]): [1;32mOK[0m
  FLASH_ATTN_EXT(hsk=128,hsv=128,nh=4,nr23=[1,1],kv=1024,nb=3,mask=1,sinks=1,max_bias=0.000000,logit_softcap=10.000000,prec=def,type_K=f16,type_V=f16,permute=[0,1,2,3]): ggml_backend_cuda_graph_compute: CUDA graph warmup complete
[1;32mOK[0m
  FLASH_ATTN_EXT(hsk=128,hsv=128,nh=4,nr23=[1,1],kv=1024,nb=3,mask=1,sinks=1,max_bias=0.000000,logit_softcap=10.000000,prec=def,type_K=bf16,type_V=bf16,permute=[0,1,2,3]): ggml_backend_cuda_graph_compute: CUDA graph warmup reset
[1;32mOK[0m
  FLASH_ATTN_EXT(hsk=128,hsv=128,nh=4,nr23=[1,1],kv=1024,nb=3,mask=1,sinks=1,max_bias=0.000000,logit_softcap=10.000000,prec=def,type_K=q8_0,type_V=q8_0,permute=[0,1,2,3]): [1;32mOK[0m
  FLASH_ATTN_EXT(hsk=128,hsv=128,nh=4,nr23=[1,1],kv=1024,nb=3,mask=1,sinks=1,max_bias=0.000000,logit_softcap=10.000000,prec=def,type_K=q5_1,type_V=q5_1,permute=[0,1,2,3]): not supported [ROCm0] 
  FLASH_ATTN_EXT(hsk=128,hsv=128,nh=4,nr23=[1,1],kv=1024,nb=3,mask=1,sinks=1,max_bias=0.000000,logit_softcap=10.000000,prec=def,type_K=q5_0,type_V=q5_0,permute=[0,1,2,3]): not supported [ROCm0] 
  FLASH_ATTN_EXT(hsk=128,hsv=128,nh=4,nr23=[1,1],kv=1024,nb=3,mask=1,sinks=1,max_bias=0.000000,logit_softcap=10.000000,prec=def,type_K=q4_1,type_V=q4_1,permute=[0,1,2,3]): not supported [ROCm0] 
  FLASH_ATTN_EXT(hsk=128,hsv=128,nh=4,nr23=[1,1],kv=1024,nb=3,mask=1,sinks=1,max_bias=0.000000,logit_softcap=10.000000,prec=def,type_K=q4_0,type_V=q4_0,permute=[0,1,2,3]): [1;32mOK[0m
  FLASH_ATTN_EXT(hsk=128,hsv=128,nh=4,nr23=[1,1],kv=1024,nb=3,mask=1,sinks=1,max_bias=0.000000,logit_softcap=10.000000,prec=def,type_K=iq4_nl,type_V=iq4_nl,permute=[0,1,2,3]): not supported [ROCm0] 
  FLASH_ATTN_EXT(hsk=128,hsv=128,nh=4,nr23=[1,1],kv=1024,nb=3,mask=1,sinks=1,max_bias=0.000000,logit_softcap=10.000000,prec=def,type_K=turbo3,type_V=turbo3,permute=[0,1,2,3]): [1;32mOK[0m
  FLASH_ATTN_EXT(hsk=128,hsv=128,nh=4,nr23=[1,1],kv=1024,nb=3,mask=1,sinks=1,max_bias=0.000000,logit_softcap=10.000000,prec=def,type_K=turbo4,type_V=turbo4,permute=[0,1,2,3]): [1;32mOK[0m
  FLASH_ATTN_EXT(hsk=128,hsv=128,nh=4,nr23=[1,1],kv=1024,nb=32,mask=1,sinks=1,max_bias=0.000000,logit_softcap=10.000000,prec=f32,type_K=f32,type_V=f32,permute=[0,1,2,3]): [1;32mOK[0m
  FLASH_ATTN_EXT(hsk=128,hsv=128,nh=4,nr23=[1,1],kv=1024,nb=32,mask=1,sinks=1,max_bias=0.000000,logit_softcap=10.000000,prec=f32,type_K=f16,type_V=f16,permute=[0,1,2,3]): [1;32mOK[0m
  FLASH_ATTN_EXT(hsk=128,hsv=128,nh=4,nr23=[1,1],kv=1024,nb=32,mask=1,sinks=1,max_bias=0.000000,logit_softcap=10.000000,prec=f32,type_K=bf16,type_V=bf16,permute=[0,1,2,3]): [1;32mOK[0m
  FLASH_ATTN_EXT(hsk=128,hsv=128,nh=4,nr23=[1,1],kv=1024,nb=32,mask=1,sinks=1,max_bias=0.000000,logit_softcap=10.000000,prec=f32,type_K=q8_0,type_V=q8_0,permute=[0,1,2,3]): [1;32mOK[0m
  FLASH_ATTN_EXT(hsk=128,hsv=128,nh=4,nr23=[1,1],kv=1024,nb=32,mask=1,sinks=1,max_bias=0.000000,logit_softcap=10.000000,prec=f32,type_K=q5_1,type_V=q5_1,permute=[0,1,2,3]): not supported [ROCm0] 
  FLASH_ATTN_EXT(hsk=128,hsv=128,nh=4,nr23=[1,1],kv=1024,nb=32,mask=1,sinks=1,max_bias=0.000000,logit_softcap=10.000000,prec=f32,type_K=q5_0,type_V=q5_0,permute=[0,1,2,3]): not supported [ROCm0] 
  FLASH_ATTN_EXT(hsk=128,hsv=128,nh=4,nr23=[1,1],kv=1024,nb=32,mask=1,sinks=1,max_bias=0.000000,logit_softcap=10.000000,prec=f32,type_K=q4_1,type_V=q4_1,permute=[0,1,2,3]): not supported [ROCm0] 
  FLASH_ATTN_EXT(hsk=128,hsv=128,nh=4,nr23=[1,1],kv=1024,nb=32,mask=1,sinks=1,max_bias=0.000000,logit_softcap=10.000000,prec=f32,type_K=q4_0,type_V=q4_0,permute=[0,1,2,3]): [1;32mOK[0m
  FLASH_ATTN_EXT(hsk=128,hsv=128,nh=4,nr23=[1,1],kv=1024,nb=32,mask=1,sinks=1,max_bias=0.000000,logit_softcap=10.000000,prec=f32,type_K=iq4_nl,type_V=iq4_nl,permute=[0,1,2,3]): not supported [ROCm0] 
  FLASH_ATTN_EXT(hsk=128,hsv=128,nh=4,nr23=[1,1],kv=1024,nb=32,mask=1,sinks=1,max_bias=0.000000,logit_softcap=10.000000,prec=f32,type_K=turbo3,type_V=turbo3,permute=[0,1,2,3]): [1;32mOK[0m
  FLASH_ATTN_EXT(hsk=128,hsv=128,nh=4,nr23=[1,1],kv=1024,nb=32,mask=1,sinks=1,max_bias=0.000000,logit_softcap=10.000000,prec=f32,type_K=turbo4,type_V=turbo4,permute=[0,1,2,3]): [1;32mOK[0m
  FLASH_ATTN_EXT(hsk=128,hsv=128,nh=4,nr23=[1,1],kv=1024,nb=32,mask=1,sinks=1,max_bias=0.000000,logit_softcap=10.000000,prec=def,type_K=f32,type_V=f32,permute=[0,1,2,3]): [1;32mOK[0m
  FLASH_ATTN_EXT(hsk=128,hsv=128,nh=4,nr23=[1,1],kv=1024,nb=32,mask=1,sinks=1,max_bias=0.000000,logit_softcap=10.000000,prec=def,type_K=f16,type_V=f16,permute=[0,1,2,3]): [1;32mOK[0m
  FLASH_ATTN_EXT(hsk=128,hsv=128,nh=4,nr23=[1,1],kv=1024,nb=32,mask=1,sinks=1,max_bias=0.000000,logit_softcap=10.000000,prec=def,type_K=bf16,type_V=bf16,permute=[0,1,2,3]): [1;32mOK[0m
  FLASH_ATTN_EXT(hsk=128,hsv=128,nh=4,nr23=[1,1],kv=1024,nb=32,mask=1,sinks=1,max_bias=0.000000,logit_softcap=10.000000,prec=def,type_K=q8_0,type_V=q8_0,permute=[0,1,2,3]): [1;32mOK[0m
  FLASH_ATTN_EXT(hsk=128,hsv=128,nh=4,nr23=[1,1],kv=1024,nb=32,mask=1,sinks=1,max_bias=0.000000,logit_softcap=10.000000,prec=def,type_K=q5_1,type_V=q5_1,permute=[0,1,2,3]): not supported [ROCm0] 
  FLASH_ATTN_EXT(hsk=128,hsv=128,nh=4,nr23=[1,1],kv=1024,nb=32,mask=1,sinks=1,max_bias=0.000000,logit_softcap=10.000000,prec=def,type_K=q5_0,type_V=q5_0,permute=[0,1,2,3]): not supported [ROCm0] 
  FLASH_ATTN_EXT(hsk=128,hsv=128,nh=4,nr23=[1,1],kv=1024,nb=32,mask=1,sinks=1,max_bias=0.000000,logit_softcap=10.000000,prec=def,type_K=q4_1,type_V=q4_1,permute=[0,1,2,3]): not supported [ROCm0] 
  FLASH_ATTN_EXT(hsk=128,hsv=128,nh=4,nr23=[1,1],kv=1024,nb=32,mask=1,sinks=1,max_bias=0.000000,logit_softcap=10.000000,prec=def,type_K=q4_0,type_V=q4_0,permute=[0,1,2,3]): [1;32mOK[0m
  FLASH_ATTN_EXT(hsk=128,hsv=128,nh=4,nr23=[1,1],kv=1024,nb=32,mask=1,sinks=1,max_bias=0.000000,logit_softcap=10.000000,prec=def,type_K=iq4_nl,type_V=iq4_nl,permute=[0,1,2,3]): not supported [ROCm0] 
  FLASH_ATTN_EXT(hsk=128,hsv=128,nh=4,nr23=[1,1],kv=1024,nb=32,mask=1,sinks=1,max_bias=0.000000,logit_softcap=10.000000,prec=def,type_K=turbo3,type_V=turbo3,permute=[0,1,2,3]): [1;32mOK[0m
  FLASH_ATTN_EXT(hsk=128,hsv=128,nh=4,nr23=[1,1],kv=1024,nb=32,mask=1,sinks=1,max_bias=0.000000,logit_softcap=10.000000,prec=def,type_K=turbo4,type_V=turbo4,permute=[0,1,2,3]): [1;32mOK[0m
  FLASH_ATTN_EXT(hsk=128,hsv=128,nh=4,nr23=[1,1],kv=1024,nb=75,mask=1,sinks=1,max_bias=0.000000,logit_softcap=10.000000,prec=f32,type_K=f32,type_V=f32,permute=[0,1,2,3]): [1;32mOK[0m
  FLASH_ATTN_EXT(hsk=128,hsv=128,nh=4,nr23=[1,1],kv=1024,nb=75,mask=1,sinks=1,max_bias=0.000000,logit_softcap=10.000000,prec=f32,type_K=f16,type_V=f16,permute=[0,1,2,3]): [1;32mOK[0m
  FLASH_ATTN_EXT(hsk=128,hsv=128,nh=4,nr23=[1,1],kv=1024,nb=75,mask=1,sinks=1,max_bias=0.000000,logit_softcap=10.000000,prec=f32,type_K=bf16,type_V=bf16,permute=[0,1,2,3]): [1;32mOK[0m
  FLASH_ATTN_EXT(hsk=128,hsv=128,nh=4,nr23=[1,1],kv=1024,nb=75,mask=1,sinks=1,max_bias=0.000000,logit_softcap=10.000000,prec=f32,type_K=q8_0,type_V=q8_0,permute=[0,1,2,3]): [1;32mOK[0m
  FLASH_ATTN_EXT(hsk=128,hsv=128,nh=4,nr23=[1,1],kv=1024,nb=75,mask=1,sinks=1,max_bias=0.000000,logit_softcap=10.000000,prec=f32,type_K=q5_1,type_V=q5_1,permute=[0,1,2,3]): not supported [ROCm0] 
  FLASH_ATTN_EXT(hsk=128,hsv=128,nh=4,nr23=[1,1],kv=1024,nb=75,mask=1,sinks=1,max_bias=0.000000,logit_softcap=10.000000,prec=f32,type_K=q5_0,type_V=q5_0,permute=[0,1,2,3]): not supported [ROCm0] 
  FLASH_ATTN_EXT(hsk=128,hsv=128,nh=4,nr23=[1,1],kv=1024,nb=75,mask=1,sinks=1,max_bias=0.000000,logit_softcap=10.000000,prec=f32,type_K=q4_1,type_V=q4_1,permute=[0,1,2,3]): not supported [ROCm0] 
  FLASH_ATTN_EXT(hsk=128,hsv=128,nh=4,nr23=[1,1],kv=1024,nb=75,mask=1,sinks=1,max_bias=0.000000,logit_softcap=10.000000,prec=f32,type_K=q4_0,type_V=q4_0,permute=[0,1,2,3]): [1;32mOK[0m
  FLASH_ATTN_EXT(hsk=128,hsv=128,nh=4,nr23=[1,1],kv=1024,nb=75,mask=1,sinks=1,max_bias=0.000000,logit_softcap=10.000000,prec=f32,type_K=iq4_nl,type_V=iq4_nl,permute=[0,1,2,3]): not supported [ROCm0] 
  FLASH_ATTN_EXT(hsk=128,hsv=128,nh=4,nr23=[1,1],kv=1024,nb=75,mask=1,sinks=1,max_bias=0.000000,logit_softcap=10.000000,prec=f32,type_K=turbo3,type_V=turbo3,permute=[0,1,2,3]): [1;32mOK[0m
  FLASH_ATTN_EXT(hsk=128,hsv=128,nh=4,nr23=[1,1],kv=1024,nb=75,mask=1,sinks=1,max_bias=0.000000,logit_softcap=10.000000,prec=f32,type_K=turbo4,type_V=turbo4,permute=[0,1,2,3]): [1;32mOK[0m
  FLASH_ATTN_EXT(hsk=128,hsv=128,nh=4,nr23=[1,1],kv=1024,nb=75,mask=1,sinks=1,max_bias=0.000000,logit_softcap=10.000000,prec=def,type_K=f32,type_V=f32,permute=[0,1,2,3]): [1;32mOK[0m
  FLASH_ATTN_EXT(hsk=128,hsv=128,nh=4,nr23=[1,1],kv=1024,nb=75,mask=1,sinks=1,max_bias=0.000000,logit_softcap=10.000000,prec=def,type_K=f16,type_V=f16,permute=[0,1,2,3]): [1;32mOK[0m
  FLASH_ATTN_EXT(hsk=128,hsv=128,nh=4,nr23=[1,1],kv=1024,nb=75,mask=1,sinks=1,max_bias=0.000000,logit_softcap=10.000000,prec=def,type_K=bf16,type_V=bf16,permute=[0,1,2,3]): [1;32mOK[0m
  FLASH_ATTN_EXT(hsk=128,hsv=128,nh=4,nr23=[1,1],kv=1024,nb=75,mask=1,sinks=1,max_bias=0.000000,logit_softcap=10.000000,prec=def,type_K=q8_0,type_V=q8_0,permute=[0,1,2,3]): [1;32mOK[0m
  FLASH_ATTN_EXT(hsk=128,hsv=128,nh=4,nr23=[1,1],kv=1024,nb=75,mask=1,sinks=1,max_bias=0.000000,logit_softcap=10.000000,prec=def,type_K=q5_1,type_V=q5_1,permute=[0,1,2,3]): not supported [ROCm0] 
  FLASH_ATTN_EXT(hsk=128,hsv=128,nh=4,nr23=[1,1],kv=1024,nb=75,mask=1,sinks=1,max_bias=0.000000,logit_softcap=10.000000,prec=def,type_K=q5_0,type_V=q5_0,permute=[0,1,2,3]): not supported [ROCm0] 
  FLASH_ATTN_EXT(hsk=128,hsv=128,nh=4,nr23=[1,1],kv=1024,nb=75,mask=1,sinks=1,max_bias=0.000000,logit_softcap=10.000000,prec=def,type_K=q4_1,type_V=q4_1,permute=[0,1,2,3]): not supported [ROCm0] 
  FLASH_ATTN_EXT(hsk=128,hsv=128,nh=4,nr23=[1,1],kv=1024,nb=75,mask=1,sinks=1,max_bias=0.000000,logit_softcap=10.000000,prec=def,type_K=q4_0,type_V=q4_0,permute=[0,1,2,3]): [1;32mOK[0m
  FLASH_ATTN_EXT(hsk=128,hsv=128,nh=4,nr23=[1,1],kv=1024,nb=75,mask=1,sinks=1,max_bias=0.000000,logit_softcap=10.000000,prec=def,type_K=iq4_nl,type_V=iq4_nl,permute=[0,1,2,3]): not supported [ROCm0] 
  FLASH_ATTN_EXT(hsk=128,hsv=128,nh=4,nr23=[1,1],kv=1024,nb=75,mask=1,sinks=1,max_bias=0.000000,logit_softcap=10.000000,prec=def,type_K=turbo3,type_V=turbo3,permute=[0,1,2,3]): [1;32mOK[0m
  FLASH_ATTN_EXT(hsk=128,hsv=128,nh=4,nr23=[1,1],kv=1024,nb=75,mask=1,sinks=1,max_bias=0.000000,logit_softcap=10.000000,prec=def,type_K=turbo4,type_V=turbo4,permute=[0,1,2,3]): [1;32mOK[0m
  FLASH_ATTN_EXT(hsk=128,hsv=128,nh=4,nr23=[4,1],kv=512,nb=1,mask=1,sinks=1,max_bias=0.000000,logit_softcap=10.000000,prec=f32,type_K=f32,type_V=f32,permute=[0,1,2,3]): [1;32mOK[0m
  FLASH_ATTN_EXT(hsk=128,hsv=128,nh=4,nr23=[4,1],kv=512,nb=1,mask=1,sinks=1,max_bias=0.000000,logit_softcap=10.000000,prec=f32,type_K=f16,type_V=f16,permute=[0,1,2,3]): [1;32mOK[0m
  FLASH_ATTN_EXT(hsk=128,hsv=128,nh=4,nr23=[4,1],kv=512,nb=1,mask=1,sinks=1,max_bias=0.000000,logit_softcap=10.000000,prec=f32,type_K=bf16,type_V=bf16,permute=[0,1,2,3]): [1;32mOK[0m
  FLASH_ATTN_EXT(hsk=128,hsv=128,nh=4,nr23=[4,1],kv=512,nb=1,mask=1,sinks=1,max_bias=0.000000,logit_softcap=10.000000,prec=f32,type_K=q8_0,type_V=q8_0,permute=[0,1,2,3]): [1;32mOK[0m
  FLASH_ATTN_EXT(hsk=128,hsv=128,nh=4,nr23=[4,1],kv=512,nb=1,mask=1,sinks=1,max_bias=0.000000,logit_softcap=10.000000,prec=f32,type_K=q5_1,type_V=q5_1,permute=[0,1,2,3]): not supported [ROCm0] 
  FLASH_ATTN_EXT(hsk=128,hsv=128,nh=4,nr23=[4,1],kv=512,nb=1,mask=1,sinks=1,max_bias=0.000000,logit_softcap=10.000000,prec=f32,type_K=q5_0,type_V=q5_0,permute=[0,1,2,3]): not supported [ROCm0] 
  FLASH_ATTN_EXT(hsk=128,hsv=128,nh=4,nr23=[4,1],kv=512,nb=1,mask=1,sinks=1,max_bias=0.000000,logit_softcap=10.000000,prec=f32,type_K=q4_1,type_V=q4_1,permute=[0,1,2,3]): not supported [ROCm0] 
  FLASH_ATTN_EXT(hsk=128,hsv=128,nh=4,nr23=[4,1],kv=512,nb=1,mask=1,sinks=1,max_bias=0.000000,logit_softcap=10.000000,prec=f32,type_K=q4_0,type_V=q4_0,permute=[0,1,2,3]): [1;32mOK[0m
  FLASH_ATTN_EXT(hsk=128,hsv=128,nh=4,nr23=[4,1],kv=512,nb=1,mask=1,sinks=1,max_bias=0.000000,logit_softcap=10.000000,prec=f32,type_K=iq4_nl,type_V=iq4_nl,permute=[0,1,2,3]): not supported [ROCm0] 
  FLASH_ATTN_EXT(hsk=128,hsv=128,nh=4,nr23=[4,1],kv=512,nb=1,mask=1,sinks=1,max_bias=0.000000,logit_softcap=10.000000,prec=f32,type_K=turbo3,type_V=turbo3,permute=[0,1,2,3]): [1;32mOK[0m
  FLASH_ATTN_EXT(hsk=128,hsv=128,nh=4,nr23=[4,1],kv=512,nb=1,mask=1,sinks=1,max_bias=0.000000,logit_softcap=10.000000,prec=f32,type_K=turbo4,type_V=turbo4,permute=[0,1,2,3]): [1;32mOK[0m
  FLASH_ATTN_EXT(hsk=128,hsv=128,nh=4,nr23=[4,1],kv=512,nb=1,mask=1,sinks=1,max_bias=0.000000,logit_softcap=10.000000,prec=def,type_K=f32,type_V=f32,permute=[0,1,2,3]): [1;32mOK[0m
  FLASH_ATTN_EXT(hsk=128,hsv=128,nh=4,nr23=[4,1],kv=512,nb=1,mask=1,sinks=1,max_bias=0.000000,logit_softcap=10.000000,prec=def,type_K=f16,type_V=f16,permute=[0,1,2,3]): [1;32mOK[0m
  FLASH_ATTN_EXT(hsk=128,hsv=128,nh=4,nr23=[4,1],kv=512,nb=1,mask=1,sinks=1,max_bias=0.000000,logit_softcap=10.000000,prec=def,type_K=bf16,type_V=bf16,permute=[0,1,2,3]): [1;32mOK[0m
  FLASH_ATTN_EXT(hsk=128,hsv=128,nh=4,nr23=[4,1],kv=512,nb=1,mask=1,sinks=1,max_bias=0.000000,logit_softcap=10.000000,prec=def,type_K=q8_0,type_V=q8_0,permute=[0,1,2,3]): [1;32mOK[0m
  FLASH_ATTN_EXT(hsk=128,hsv=128,nh=4,nr23=[4,1],kv=512,nb=1,mask=1,sinks=1,max_bias=0.000000,logit_softcap=10.000000,prec=def,type_K=q5_1,type_V=q5_1,permute=[0,1,2,3]): not supported [ROCm0] 
  FLASH_ATTN_EXT(hsk=128,hsv=128,nh=4,nr23=[4,1],kv=512,nb=1,mask=1,sinks=1,max_bias=0.000000,logit_softcap=10.000000,prec=def,type_K=q5_0,type_V=q5_0,permute=[0,1,2,3]): not supported [ROCm0] 
  FLASH_ATTN_EXT(hsk=128,hsv=128,nh=4,nr23=[4,1],kv=512,nb=1,mask=1,sinks=1,max_bias=0.000000,logit_softcap=10.000000,prec=def,type_K=q4_1,type_V=q4_1,permute=[0,1,2,3]): not supported [ROCm0] 
  FLASH_ATTN_EXT(hsk=128,hsv=128,nh=4,nr23=[4,1],kv=512,nb=1,mask=1,sinks=1,max_bias=0.000000,logit_softcap=10.000000,prec=def,type_K=q4_0,type_V=q4_0,permute=[0,1,2,3]): [1;32mOK[0m
  FLASH_ATTN_EXT(hsk=128,hsv=128,nh=4,nr23=[4,1],kv=512,nb=1,mask=1,sinks=1,max_bias=0.000000,logit_softcap=10.000000,prec=def,type_K=iq4_nl,type_V=iq4_nl,permute=[0,1,2,3]): not supported [ROCm0] 
  FLASH_ATTN_EXT(hsk=128,hsv=128,nh=4,nr23=[4,1],kv=512,nb=1,mask=1,sinks=1,max_bias=0.000000,logit_softcap=10.000000,prec=def,type_K=turbo3,type_V=turbo3,permute=[0,1,2,3]): [1;32mOK[0m
  FLASH_ATTN_EXT(hsk=128,hsv=128,nh=4,nr23=[4,1],kv=512,nb=1,mask=1,sinks=1,max_bias=0.000000,logit_softcap=10.000000,prec=def,type_K=turbo4,type_V=turbo4,permute=[0,1,2,3]): [1;32mOK[0m
  FLASH_ATTN_EXT(hsk=128,hsv=128,nh=4,nr23=[4,1],kv=512,nb=3,mask=1,sinks=1,max_bias=0.000000,logit_softcap=10.000000,prec=f32,type_K=f32,type_V=f32,permute=[0,1,2,3]): [1;32mOK[0m
  FLASH_ATTN_EXT(hsk=128,hsv=128,nh=4,nr23=[4,1],kv=512,nb=3,mask=1,sinks=1,max_bias=0.000000,logit_softcap=10.000000,prec=f32,type_K=f16,type_V=f16,permute=[0,1,2,3]): [1;32mOK[0m
  FLASH_ATTN_EXT(hsk=128,hsv=128,nh=4,nr23=[4,1],kv=512,nb=3,mask=1,sinks=1,max_bias=0.000000,logit_softcap=10.000000,prec=f32,type_K=bf16,type_V=bf16,permute=[0,1,2,3]): [1;32mOK[0m
  FLASH_ATTN_EXT(hsk=128,hsv=128,nh=4,nr23=[4,1],kv=512,nb=3,mask=1,sinks=1,max_bias=0.000000,logit_softcap=10.000000,prec=f32,type_K=q8_0,type_V=q8_0,permute=[0,1,2,3]): [1;32mOK[0m
  FLASH_ATTN_EXT(hsk=128,hsv=128,nh=4,nr23=[4,1],kv=512,nb=3,mask=1,sinks=1,max_bias=0.000000,logit_softcap=10.000000,prec=f32,type_K=q5_1,type_V=q5_1,permute=[0,1,2,3]): not supported [ROCm0] 
  FLASH_ATTN_EXT(hsk=128,hsv=128,nh=4,nr23=[4,1],kv=512,nb=3,mask=1,sinks=1,max_bias=0.000000,logit_softcap=10.000000,prec=f32,type_K=q5_0,type_V=q5_0,permute=[0,1,2,3]): not supported [ROCm0] 
  FLASH_ATTN_EXT(hsk=128,hsv=128,nh=4,nr23=[4,1],kv=512,nb=3,mask=1,sinks=1,max_bias=0.000000,logit_softcap=10.000000,prec=f32,type_K=q4_1,type_V=q4_1,permute=[0,1,2,3]): not supported [ROCm0] 
  FLASH_ATTN_EXT(hsk=128,hsv=128,nh=4,nr23=[4,1],kv=512,nb=3,mask=1,sinks=1,max_bias=0.000000,logit_softcap=10.000000,prec=f32,type_K=q4_0,type_V=q4_0,permute=[0,1,2,3]): [1;32mOK[0m
  FLASH_ATTN_EXT(hsk=128,hsv=128,nh=4,nr23=[4,1],kv=512,nb=3,mask=1,sinks=1,max_bias=0.000000,logit_softcap=10.000000,prec=f32,type_K=iq4_nl,type_V=iq4_nl,permute=[0,1,2,3]): not supported [ROCm0] 
  FLASH_ATTN_EXT(hsk=128,hsv=128,nh=4,nr23=[4,1],kv=512,nb=3,mask=1,sinks=1,max_bias=0.000000,logit_softcap=10.000000,prec=f32,type_K=turbo3,type_V=turbo3,permute=[0,1,2,3]): [1;32mOK[0m
  FLASH_ATTN_EXT(hsk=128,hsv=128,nh=4,nr23=[4,1],kv=512,nb=3,mask=1,sinks=1,max_bias=0.000000,logit_softcap=10.000000,prec=f32,type_K=turbo4,type_V=turbo4,permute=[0,1,2,3]): [1;32mOK[0m
  FLASH_ATTN_EXT(hsk=128,hsv=128,nh=4,nr23=[4,1],kv=512,nb=3,mask=1,sinks=1,max_bias=0.000000,logit_softcap=10.000000,prec=def,type_K=f32,type_V=f32,permute=[0,1,2,3]): ggml_backend_cuda_graph_compute: CUDA graph warmup complete
ggml_backend_cuda_graph_compute: CUDA graph warmup complete
ggml_backend_cuda_graph_compute: CUDA graph warmup complete
[1;32mOK[0m
  FLASH_ATTN_EXT(hsk=128,hsv=128,nh=4,nr23=[4,1],kv=512,nb=3,mask=1,sinks=1,max_bias=0.000000,logit_softcap=10.000000,prec=def,type_K=f16,type_V=f16,permute=[0,1,2,3]): ggml_backend_cuda_graph_compute: CUDA graph warmup reset
ggml_backend_cuda_graph_compute: CUDA graph warmup reset
ggml_backend_cuda_graph_compute: CUDA graph warmup reset
[1;32mOK[0m
  FLASH_ATTN_EXT(hsk=128,hsv=128,nh=4,nr23=[4,1],kv=512,nb=3,mask=1,sinks=1,max_bias=0.000000,logit_softcap=10.000000,prec=def,type_K=bf16,type_V=bf16,permute=[0,1,2,3]): [1;32mOK[0m
  FLASH_ATTN_EXT(hsk=128,hsv=128,nh=4,nr23=[4,1],kv=512,nb=3,mask=1,sinks=1,max_bias=0.000000,logit_softcap=10.000000,prec=def,type_K=q8_0,type_V=q8_0,permute=[0,1,2,3]): [1;32mOK[0m
  FLASH_ATTN_EXT(hsk=128,hsv=128,nh=4,nr23=[4,1],kv=512,nb=3,mask=1,sinks=1,max_bias=0.000000,logit_softcap=10.000000,prec=def,type_K=q5_1,type_V=q5_1,permute=[0,1,2,3]): not supported [ROCm0] 
  FLASH_ATTN_EXT(hsk=128,hsv=128,nh=4,nr23=[4,1],kv=512,nb=3,mask=1,sinks=1,max_bias=0.000000,logit_softcap=10.000000,prec=def,type_K=q5_0,type_V=q5_0,permute=[0,1,2,3]): not supported [ROCm0] 
  FLASH_ATTN_EXT(hsk=128,hsv=128,nh=4,nr23=[4,1],kv=512,nb=3,mask=1,sinks=1,max_bias=0.000000,logit_softcap=10.000000,prec=def,type_K=q4_1,type_V=q4_1,permute=[0,1,2,3]): not supported [ROCm0] 
  FLASH_ATTN_EXT(hsk=128,hsv=128,nh=4,nr23=[4,1],kv=512,nb=3,mask=1,sinks=1,max_bias=0.000000,logit_softcap=10.000000,prec=def,type_K=q4_0,type_V=q4_0,permute=[0,1,2,3]): [1;32mOK[0m
  FLASH_ATTN_EXT(hsk=128,hsv=128,nh=4,nr23=[4,1],kv=512,nb=3,mask=1,sinks=1,max_bias=0.000000,logit_softcap=10.000000,prec=def,type_K=iq4_nl,type_V=iq4_nl,permute=[0,1,2,3]): not supported [ROCm0] 
  FLASH_ATTN_EXT(hsk=128,hsv=128,nh=4,nr23=[4,1],kv=512,nb=3,mask=1,sinks=1,max_bias=0.000000,logit_softcap=10.000000,prec=def,type_K=turbo3,type_V=turbo3,permute=[0,1,2,3]): [1;32mOK[0m
  FLASH_ATTN_EXT(hsk=128,hsv=128,nh=4,nr23=[4,1],kv=512,nb=3,mask=1,sinks=1,max_bias=0.000000,logit_softcap=10.000000,prec=def,type_K=turbo4,type_V=turbo4,permute=[0,1,2,3]): [1;32mOK[0m
  FLASH_ATTN_EXT(hsk=128,hsv=128,nh=4,nr23=[4,1],kv=512,nb=32,mask=1,sinks=1,max_bias=0.000000,logit_softcap=10.000000,prec=f32,type_K=f32,type_V=f32,permute=[0,1,2,3]): [1;32mOK[0m
  FLASH_ATTN_EXT(hsk=128,hsv=128,nh=4,nr23=[4,1],kv=512,nb=32,mask=1,sinks=1,max_bias=0.000000,logit_softcap=10.000000,prec=f32,type_K=f16,type_V=f16,permute=[0,1,2,3]): [1;32mOK[0m
  FLASH_ATTN_EXT(hsk=128,hsv=128,nh=4,nr23=[4,1],kv=512,nb=32,mask=1,sinks=1,max_bias=0.000000,logit_softcap=10.000000,prec=f32,type_K=bf16,type_V=bf16,permute=[0,1,2,3]): [1;32mOK[0m
  FLASH_ATTN_EXT(hsk=128,hsv=128,nh=4,nr23=[4,1],kv=512,nb=32,mask=1,sinks=1,max_bias=0.000000,logit_softcap=10.000000,prec=f32,type_K=q8_0,type_V=q8_0,permute=[0,1,2,3]): [1;32mOK[0m
  FLASH_ATTN_EXT(hsk=128,hsv=128,nh=4,nr23=[4,1],kv=512,nb=32,mask=1,sinks=1,max_bias=0.000000,logit_softcap=10.000000,prec=f32,type_K=q5_1,type_V=q5_1,permute=[0,1,2,3]): not supported [ROCm0] 
  FLASH_ATTN_EXT(hsk=128,hsv=128,nh=4,nr23=[4,1],kv=512,nb=32,mask=1,sinks=1,max_bias=0.000000,logit_softcap=10.000000,prec=f32,type_K=q5_0,type_V=q5_0,permute=[0,1,2,3]): not supported [ROCm0] 
  FLASH_ATTN_EXT(hsk=128,hsv=128,nh=4,nr23=[4,1],kv=512,nb=32,mask=1,sinks=1,max_bias=0.000000,logit_softcap=10.000000,prec=f32,type_K=q4_1,type_V=q4_1,permute=[0,1,2,3]): not supported [ROCm0] 
  FLASH_ATTN_EXT(hsk=128,hsv=128,nh=4,nr23=[4,1],kv=512,nb=32,mask=1,sinks=1,max_bias=0.000000,logit_softcap=10.000000,prec=f32,type_K=q4_0,type_V=q4_0,permute=[0,1,2,3]): [1;32mOK[0m
  FLASH_ATTN_EXT(hsk=128,hsv=128,nh=4,nr23=[4,1],kv=512,nb=32,mask=1,sinks=1,max_bias=0.000000,logit_softcap=10.000000,prec=f32,type_K=iq4_nl,type_V=iq4_nl,permute=[0,1,2,3]): not supported [ROCm0] 
  FLASH_ATTN_EXT(hsk=128,hsv=128,nh=4,nr23=[4,1],kv=512,nb=32,mask=1,sinks=1,max_bias=0.000000,logit_softcap=10.000000,prec=f32,type_K=turbo3,type_V=turbo3,permute=[0,1,2,3]): [1;32mOK[0m
  FLASH_ATTN_EXT(hsk=128,hsv=128,nh=4,nr23=[4,1],kv=512,nb=32,mask=1,sinks=1,max_bias=0.000000,logit_softcap=10.000000,prec=f32,type_K=turbo4,type_V=turbo4,permute=[0,1,2,3]): [1;32mOK[0m
  FLASH_ATTN_EXT(hsk=128,hsv=128,nh=4,nr23=[4,1],kv=512,nb=32,mask=1,sinks=1,max_bias=0.000000,logit_softcap=10.000000,prec=def,type_K=f32,type_V=f32,permute=[0,1,2,3]): [1;32mOK[0m
  FLASH_ATTN_EXT(hsk=128,hsv=128,nh=4,nr23=[4,1],kv=512,nb=32,mask=1,sinks=1,max_bias=0.000000,logit_softcap=10.000000,prec=def,type_K=f16,type_V=f16,permute=[0,1,2,3]): [1;32mOK[0m
  FLASH_ATTN_EXT(hsk=128,hsv=128,nh=4,nr23=[4,1],kv=512,nb=32,mask=1,sinks=1,max_bias=0.000000,logit_softcap=10.000000,prec=def,type_K=bf16,type_V=bf16,permute=[0,1,2,3]): [1;32mOK[0m
  FLASH_ATTN_EXT(hsk=128,hsv=128,nh=4,nr23=[4,1],kv=512,nb=32,mask=1,sinks=1,max_bias=0.000000,logit_softcap=10.000000,prec=def,type_K=q8_0,type_V=q8_0,permute=[0,1,2,3]): [1;32mOK[0m
  FLASH_ATTN_EXT(hsk=128,hsv=128,nh=4,nr23=[4,1],kv=512,nb=32,mask=1,sinks=1,max_bias=0.000000,logit_softcap=10.000000,prec=def,type_K=q5_1,type_V=q5_1,permute=[0,1,2,3]): not supported [ROCm0] 
  FLASH_ATTN_EXT(hsk=128,hsv=128,nh=4,nr23=[4,1],kv=512,nb=32,mask=1,sinks=1,max_bias=0.000000,logit_softcap=10.000000,prec=def,type_K=q5_0,type_V=q5_0,permute=[0,1,2,3]): not supported [ROCm0] 
  FLASH_ATTN_EXT(hsk=128,hsv=128,nh=4,nr23=[4,1],kv=512,nb=32,mask=1,sinks=1,max_bias=0.000000,logit_softcap=10.000000,prec=def,type_K=q4_1,type_V=q4_1,permute=[0,1,2,3]): not supported [ROCm0] 
  FLASH_ATTN_EXT(hsk=128,hsv=128,nh=4,nr23=[4,1],kv=512,nb=32,mask=1,sinks=1,max_bias=0.000000,logit_softcap=10.000000,prec=def,type_K=q4_0,type_V=q4_0,permute=[0,1,2,3]): [1;32mOK[0m
  FLASH_ATTN_EXT(hsk=128,hsv=128,nh=4,nr23=[4,1],kv=512,nb=32,mask=1,sinks=1,max_bias=0.000000,logit_softcap=10.000000,prec=def,type_K=iq4_nl,type_V=iq4_nl,permute=[0,1,2,3]): not supported [ROCm0] 
  FLASH_ATTN_EXT(hsk=128,hsv=128,nh=4,nr23=[4,1],kv=512,nb=32,mask=1,sinks=1,max_bias=0.000000,logit_softcap=10.000000,prec=def,type_K=turbo3,type_V=turbo3,permute=[0,1,2,3]): [1;32mOK[0m
  FLASH_ATTN_EXT(hsk=128,hsv=128,nh=4,nr23=[4,1],kv=512,nb=32,mask=1,sinks=1,max_bias=0.000000,logit_softcap=10.000000,prec=def,type_K=turbo4,type_V=turbo4,permute=[0,1,2,3]): [1;32mOK[0m
  FLASH_ATTN_EXT(hsk=128,hsv=128,nh=4,nr23=[4,1],kv=512,nb=75,mask=1,sinks=1,max_bias=0.000000,logit_softcap=10.000000,prec=f32,type_K=f32,type_V=f32,permute=[0,1,2,3]): [1;32mOK[0m
  FLASH_ATTN_EXT(hsk=128,hsv=128,nh=4,nr23=[4,1],kv=512,nb=75,mask=1,sinks=1,max_bias=0.000000,logit_softcap=10.000000,prec=f32,type_K=f16,type_V=f16,permute=[0,1,2,3]): [1;32mOK[0m
  FLASH_ATTN_EXT(hsk=128,hsv=128,nh=4,nr23=[4,1],kv=512,nb=75,mask=1,sinks=1,max_bias=0.000000,logit_softcap=10.000000,prec=f32,type_K=bf16,type_V=bf16,permute=[0,1,2,3]): [1;32mOK[0m
  FLASH_ATTN_EXT(hsk=128,hsv=128,nh=4,nr23=[4,1],kv=512,nb=75,mask=1,sinks=1,max_bias=0.000000,logit_softcap=10.000000,prec=f32,type_K=q8_0,type_V=q8_0,permute=[0,1,2,3]): [1;32mOK[0m
  FLASH_ATTN_EXT(hsk=128,hsv=128,nh=4,nr23=[4,1],kv=512,nb=75,mask=1,sinks=1,max_bias=0.000000,logit_softcap=10.000000,prec=f32,type_K=q5_1,type_V=q5_1,permute=[0,1,2,3]): not supported [ROCm0] 
  FLASH_ATTN_EXT(hsk=128,hsv=128,nh=4,nr23=[4,1],kv=512,nb=75,mask=1,sinks=1,max_bias=0.000000,logit_softcap=10.000000,prec=f32,type_K=q5_0,type_V=q5_0,permute=[0,1,2,3]): not supported [ROCm0] 
  FLASH_ATTN_EXT(hsk=128,hsv=128,nh=4,nr23=[4,1],kv=512,nb=75,mask=1,sinks=1,max_bias=0.000000,logit_softcap=10.000000,prec=f32,type_K=q4_1,type_V=q4_1,permute=[0,1,2,3]): not supported [ROCm0] 
  FLASH_ATTN_EXT(hsk=128,hsv=128,nh=4,nr23=[4,1],kv=512,nb=75,mask=1,sinks=1,max_bias=0.000000,logit_softcap=10.000000,prec=f32,type_K=q4_0,type_V=q4_0,permute=[0,1,2,3]): [1;32mOK[0m
  FLASH_ATTN_EXT(hsk=128,hsv=128,nh=4,nr23=[4,1],kv=512,nb=75,mask=1,sinks=1,max_bias=0.000000,logit_softcap=10.000000,prec=f32,type_K=iq4_nl,type_V=iq4_nl,permute=[0,1,2,3]): not supported [ROCm0] 
  FLASH_ATTN_EXT(hsk=128,hsv=128,nh=4,nr23=[4,1],kv=512,nb=75,mask=1,sinks=1,max_bias=0.000000,logit_softcap=10.000000,prec=f32,type_K=turbo3,type_V=turbo3,permute=[0,1,2,3]): [1;32mOK[0m
  FLASH_ATTN_EXT(hsk=128,hsv=128,nh=4,nr23=[4,1],kv=512,nb=75,mask=1,sinks=1,max_bias=0.000000,logit_softcap=10.000000,prec=f32,type_K=turbo4,type_V=turbo4,permute=[0,1,2,3]): [1;32mOK[0m
  FLASH_ATTN_EXT(hsk=128,hsv=128,nh=4,nr23=[4,1],kv=512,nb=75,mask=1,sinks=1,max_bias=0.000000,logit_softcap=10.000000,prec=def,type_K=f32,type_V=f32,permute=[0,1,2,3]): [1;32mOK[0m
  FLASH_ATTN_EXT(hsk=128,hsv=128,nh=4,nr23=[4,1],kv=512,nb=75,mask=1,sinks=1,max_bias=0.000000,logit_softcap=10.000000,prec=def,type_K=f16,type_V=f16,permute=[0,1,2,3]): [1;32mOK[0m
  FLASH_ATTN_EXT(hsk=128,hsv=128,nh=4,nr23=[4,1],kv=512,nb=75,mask=1,sinks=1,max_bias=0.000000,logit_softcap=10.000000,prec=def,type_K=bf16,type_V=bf16,permute=[0,1,2,3]): [1;32mOK[0m
  FLASH_ATTN_EXT(hsk=128,hsv=128,nh=4,nr23=[4,1],kv=512,nb=75,mask=1,sinks=1,max_bias=0.000000,logit_softcap=10.000000,prec=def,type_K=q8_0,type_V=q8_0,permute=[0,1,2,3]): [1;32mOK[0m
  FLASH_ATTN_EXT(hsk=128,hsv=128,nh=4,nr23=[4,1],kv=512,nb=75,mask=1,sinks=1,max_bias=0.000000,logit_softcap=10.000000,prec=def,type_K=q5_1,type_V=q5_1,permute=[0,1,2,3]): not supported [ROCm0] 
  FLASH_ATTN_EXT(hsk=128,hsv=128,nh=4,nr23=[4,1],kv=512,nb=75,mask=1,sinks=1,max_bias=0.000000,logit_softcap=10.000000,prec=def,type_K=q5_0,type_V=q5_0,permute=[0,1,2,3]): not supported [ROCm0] 
  FLASH_ATTN_EXT(hsk=128,hsv=128,nh=4,nr23=[4,1],kv=512,nb=75,mask=1,sinks=1,max_bias=0.000000,logit_softcap=10.000000,prec=def,type_K=q4_1,type_V=q4_1,permute=[0,1,2,3]): not supported [ROCm0] 
  FLASH_ATTN_EXT(hsk=128,hsv=128,nh=4,nr23=[4,1],kv=512,nb=75,mask=1,sinks=1,max_bias=0.000000,logit_softcap=10.000000,prec=def,type_K=q4_0,type_V=q4_0,permute=[0,1,2,3]): [1;32mOK[0m
  FLASH_ATTN_EXT(hsk=128,hsv=128,nh=4,nr23=[4,1],kv=512,nb=75,mask=1,sinks=1,max_bias=0.000000,logit_softcap=10.000000,prec=def,type_K=iq4_nl,type_V=iq4_nl,permute=[0,1,2,3]): not supported [ROCm0] 
  FLASH_ATTN_EXT(hsk=128,hsv=128,nh=4,nr23=[4,1],kv=512,nb=75,mask=1,sinks=1,max_bias=0.000000,logit_softcap=10.000000,prec=def,type_K=turbo3,type_V=turbo3,permute=[0,1,2,3]): [1;32mOK[0m
  FLASH_ATTN_EXT(hsk=128,hsv=128,nh=4,nr23=[4,1],kv=512,nb=75,mask=1,sinks=1,max_bias=0.000000,logit_softcap=10.000000,prec=def,type_K=turbo4,type_V=turbo4,permute=[0,1,2,3]): [1;32mOK[0m
  FLASH_ATTN_EXT(hsk=128,hsv=128,nh=4,nr23=[6,1],kv=512,nb=1,mask=1,sinks=1,max_bias=0.000000,logit_softcap=10.000000,prec=f32,type_K=f32,type_V=f32,permute=[0,1,2,3]): [1;32mOK[0m
  FLASH_ATTN_EXT(hsk=128,hsv=128,nh=4,nr23=[6,1],kv=512,nb=1,mask=1,sinks=1,max_bias=0.000000,logit_softcap=10.000000,prec=f32,type_K=f16,type_V=f16,permute=[0,1,2,3]): [1;32mOK[0m
  FLASH_ATTN_EXT(hsk=128,hsv=128,nh=4,nr23=[6,1],kv=512,nb=1,mask=1,sinks=1,max_bias=0.000000,logit_softcap=10.000000,prec=f32,type_K=bf16,type_V=bf16,permute=[0,1,2,3]): [1;32mOK[0m
  FLASH_ATTN_EXT(hsk=128,hsv=128,nh=4,nr23=[6,1],kv=512,nb=1,mask=1,sinks=1,max_bias=0.000000,logit_softcap=10.000000,prec=f32,type_K=q8_0,type_V=q8_0,permute=[0,1,2,3]): [1;32mOK[0m
  FLASH_ATTN_EXT(hsk=128,hsv=128,nh=4,nr23=[6,1],kv=512,nb=1,mask=1,sinks=1,max_bias=0.000000,logit_softcap=10.000000,prec=f32,type_K=q5_1,type_V=q5_1,permute=[0,1,2,3]): not supported [ROCm0] 
  FLASH_ATTN_EXT(hsk=128,hsv=128,nh=4,nr23=[6,1],kv=512,nb=1,mask=1,sinks=1,max_bias=0.000000,logit_softcap=10.000000,prec=f32,type_K=q5_0,type_V=q5_0,permute=[0,1,2,3]): not supported [ROCm0] 
  FLASH_ATTN_EXT(hsk=128,hsv=128,nh=4,nr23=[6,1],kv=512,nb=1,mask=1,sinks=1,max_bias=0.000000,logit_softcap=10.000000,prec=f32,type_K=q4_1,type_V=q4_1,permute=[0,1,2,3]): not supported [ROCm0] 
  FLASH_ATTN_EXT(hsk=128,hsv=128,nh=4,nr23=[6,1],kv=512,nb=1,mask=1,sinks=1,max_bias=0.000000,logit_softcap=10.000000,prec=f32,type_K=q4_0,type_V=q4_0,permute=[0,1,2,3]): [1;32mOK[0m
  FLASH_ATTN_EXT(hsk=128,hsv=128,nh=4,nr23=[6,1],kv=512,nb=1,mask=1,sinks=1,max_bias=0.000000,logit_softcap=10.000000,prec=f32,type_K=iq4_nl,type_V=iq4_nl,permute=[0,1,2,3]): not supported [ROCm0] 
  FLASH_ATTN_EXT(hsk=128,hsv=128,nh=4,nr23=[6,1],kv=512,nb=1,mask=1,sinks=1,max_bias=0.000000,logit_softcap=10.000000,prec=f32,type_K=turbo3,type_V=turbo3,permute=[0,1,2,3]): [1;32mOK[0m
  FLASH_ATTN_EXT(hsk=128,hsv=128,nh=4,nr23=[6,1],kv=512,nb=1,mask=1,sinks=1,max_bias=0.000000,logit_softcap=10.000000,prec=f32,type_K=turbo4,type_V=turbo4,permute=[0,1,2,3]): [1;32mOK[0m
  FLASH_ATTN_EXT(hsk=128,hsv=128,nh=4,nr23=[6,1],kv=512,nb=1,mask=1,sinks=1,max_bias=0.000000,logit_softcap=10.000000,prec=def,type_K=f32,type_V=f32,permute=[0,1,2,3]): [1;32mOK[0m
  FLASH_ATTN_EXT(hsk=128,hsv=128,nh=4,nr23=[6,1],kv=512,nb=1,mask=1,sinks=1,max_bias=0.000000,logit_softcap=10.000000,prec=def,type_K=f16,type_V=f16,permute=[0,1,2,3]): [1;32mOK[0m
  FLASH_ATTN_EXT(hsk=128,hsv=128,nh=4,nr23=[6,1],kv=512,nb=1,mask=1,sinks=1,max_bias=0.000000,logit_softcap=10.000000,prec=def,type_K=bf16,type_V=bf16,permute=[0,1,2,3]): [1;32mOK[0m
  FLASH_ATTN_EXT(hsk=128,hsv=128,nh=4,nr23=[6,1],kv=512,nb=1,mask=1,sinks=1,max_bias=0.000000,logit_softcap=10.000000,prec=def,type_K=q8_0,type_V=q8_0,permute=[0,1,2,3]): [1;32mOK[0m
  FLASH_ATTN_EXT(hsk=128,hsv=128,nh=4,nr23=[6,1],kv=512,nb=1,mask=1,sinks=1,max_bias=0.000000,logit_softcap=10.000000,prec=def,type_K=q5_1,type_V=q5_1,permute=[0,1,2,3]): not supported [ROCm0] 
  FLASH_ATTN_EXT(hsk=128,hsv=128,nh=4,nr23=[6,1],kv=512,nb=1,mask=1,sinks=1,max_bias=0.000000,logit_softcap=10.000000,prec=def,type_K=q5_0,type_V=q5_0,permute=[0,1,2,3]): not supported [ROCm0] 
  FLASH_ATTN_EXT(hsk=128,hsv=128,nh=4,nr23=[6,1],kv=512,nb=1,mask=1,sinks=1,max_bias=0.000000,logit_softcap=10.000000,prec=def,type_K=q4_1,type_V=q4_1,permute=[0,1,2,3]): not supported [ROCm0] 
  FLASH_ATTN_EXT(hsk=128,hsv=128,nh=4,nr23=[6,1],kv=512,nb=1,mask=1,sinks=1,max_bias=0.000000,logit_softcap=10.000000,prec=def,type_K=q4_0,type_V=q4_0,permute=[0,1,2,3]): [1;32mOK[0m
  FLASH_ATTN_EXT(hsk=128,hsv=128,nh=4,nr23=[6,1],kv=512,nb=1,mask=1,sinks=1,max_bias=0.000000,logit_softcap=10.000000,prec=def,type_K=iq4_nl,type_V=iq4_nl,permute=[0,1,2,3]): not supported [ROCm0] 
  FLASH_ATTN_EXT(hsk=128,hsv=128,nh=4,nr23=[6,1],kv=512,nb=1,mask=1,sinks=1,max_bias=0.000000,logit_softcap=10.000000,prec=def,type_K=turbo3,type_V=turbo3,permute=[0,1,2,3]): [1;32mOK[0m
  FLASH_ATTN_EXT(hsk=128,hsv=128,nh=4,nr23=[6,1],kv=512,nb=1,mask=1,sinks=1,max_bias=0.000000,logit_softcap=10.000000,prec=def,type_K=turbo4,type_V=turbo4,permute=[0,1,2,3]): [1;32mOK[0m
  FLASH_ATTN_EXT(hsk=128,hsv=128,nh=4,nr23=[6,1],kv=512,nb=3,mask=1,sinks=1,max_bias=0.000000,logit_softcap=10.000000,prec=f32,type_K=f32,type_V=f32,permute=[0,1,2,3]): [1;32mOK[0m
  FLASH_ATTN_EXT(hsk=128,hsv=128,nh=4,nr23=[6,1],kv=512,nb=3,mask=1,sinks=1,max_bias=0.000000,logit_softcap=10.000000,prec=f32,type_K=f16,type_V=f16,permute=[0,1,2,3]): [1;32mOK[0m
  FLASH_ATTN_EXT(hsk=128,hsv=128,nh=4,nr23=[6,1],kv=512,nb=3,mask=1,sinks=1,max_bias=0.000000,logit_softcap=10.000000,prec=f32,type_K=bf16,type_V=bf16,permute=[0,1,2,3]): [1;32mOK[0m
  FLASH_ATTN_EXT(hsk=128,hsv=128,nh=4,nr23=[6,1],kv=512,nb=3,mask=1,sinks=1,max_bias=0.000000,logit_softcap=10.000000,prec=f32,type_K=q8_0,type_V=q8_0,permute=[0,1,2,3]): [1;32mOK[0m
  FLASH_ATTN_EXT(hsk=128,hsv=128,nh=4,nr23=[6,1],kv=512,nb=3,mask=1,sinks=1,max_bias=0.000000,logit_softcap=10.000000,prec=f32,type_K=q5_1,type_V=q5_1,permute=[0,1,2,3]): not supported [ROCm0] 
  FLASH_ATTN_EXT(hsk=128,hsv=128,nh=4,nr23=[6,1],kv=512,nb=3,mask=1,sinks=1,max_bias=0.000000,logit_softcap=10.000000,prec=f32,type_K=q5_0,type_V=q5_0,permute=[0,1,2,3]): not supported [ROCm0] 
  FLASH_ATTN_EXT(hsk=128,hsv=128,nh=4,nr23=[6,1],kv=512,nb=3,mask=1,sinks=1,max_bias=0.000000,logit_softcap=10.000000,prec=f32,type_K=q4_1,type_V=q4_1,permute=[0,1,2,3]): not supported [ROCm0] 
  FLASH_ATTN_EXT(hsk=128,hsv=128,nh=4,nr23=[6,1],kv=512,nb=3,mask=1,sinks=1,max_bias=0.000000,logit_softcap=10.000000,prec=f32,type_K=q4_0,type_V=q4_0,permute=[0,1,2,3]): [1;32mOK[0m
  FLASH_ATTN_EXT(hsk=128,hsv=128,nh=4,nr23=[6,1],kv=512,nb=3,mask=1,sinks=1,max_bias=0.000000,logit_softcap=10.000000,prec=f32,type_K=iq4_nl,type_V=iq4_nl,permute=[0,1,2,3]): not supported [ROCm0] 
  FLASH_ATTN_EXT(hsk=128,hsv=128,nh=4,nr23=[6,1],kv=512,nb=3,mask=1,sinks=1,max_bias=0.000000,logit_softcap=10.000000,prec=f32,type_K=turbo3,type_V=turbo3,permute=[0,1,2,3]): [1;32mOK[0m
  FLASH_ATTN_EXT(hsk=128,hsv=128,nh=4,nr23=[6,1],kv=512,nb=3,mask=1,sinks=1,max_bias=0.000000,logit_softcap=10.000000,prec=f32,type_K=turbo4,type_V=turbo4,permute=[0,1,2,3]): [1;32mOK[0m
  FLASH_ATTN_EXT(hsk=128,hsv=128,nh=4,nr23=[6,1],kv=512,nb=3,mask=1,sinks=1,max_bias=0.000000,logit_softcap=10.000000,prec=def,type_K=f32,type_V=f32,permute=[0,1,2,3]): [1;32mOK[0m
  FLASH_ATTN_EXT(hsk=128,hsv=128,nh=4,nr23=[6,1],kv=512,nb=3,mask=1,sinks=1,max_bias=0.000000,logit_softcap=10.000000,prec=def,type_K=f16,type_V=f16,permute=[0,1,2,3]): [1;32mOK[0m
  FLASH_ATTN_EXT(hsk=128,hsv=128,nh=4,nr23=[6,1],kv=512,nb=3,mask=1,sinks=1,max_bias=0.000000,logit_softcap=10.000000,prec=def,type_K=bf16,type_V=bf16,permute=[0,1,2,3]): [1;32mOK[0m
  FLASH_ATTN_EXT(hsk=128,hsv=128,nh=4,nr23=[6,1],kv=512,nb=3,mask=1,sinks=1,max_bias=0.000000,logit_softcap=10.000000,prec=def,type_K=q8_0,type_V=q8_0,permute=[0,1,2,3]): [1;32mOK[0m
  FLASH_ATTN_EXT(hsk=128,hsv=128,nh=4,nr23=[6,1],kv=512,nb=3,mask=1,sinks=1,max_bias=0.000000,logit_softcap=10.000000,prec=def,type_K=q5_1,type_V=q5_1,permute=[0,1,2,3]): not supported [ROCm0] 
  FLASH_ATTN_EXT(hsk=128,hsv=128,nh=4,nr23=[6,1],kv=512,nb=3,mask=1,sinks=1,max_bias=0.000000,logit_softcap=10.000000,prec=def,type_K=q5_0,type_V=q5_0,permute=[0,1,2,3]): not supported [ROCm0] 
  FLASH_ATTN_EXT(hsk=128,hsv=128,nh=4,nr23=[6,1],kv=512,nb=3,mask=1,sinks=1,max_bias=0.000000,logit_softcap=10.000000,prec=def,type_K=q4_1,type_V=q4_1,permute=[0,1,2,3]): not supported [ROCm0] 
  FLASH_ATTN_EXT(hsk=128,hsv=128,nh=4,nr23=[6,1],kv=512,nb=3,mask=1,sinks=1,max_bias=0.000000,logit_softcap=10.000000,prec=def,type_K=q4_0,type_V=q4_0,permute=[0,1,2,3]): [1;32mOK[0m
  FLASH_ATTN_EXT(hsk=128,hsv=128,nh=4,nr23=[6,1],kv=512,nb=3,mask=1,sinks=1,max_bias=0.000000,logit_softcap=10.000000,prec=def,type_K=iq4_nl,type_V=iq4_nl,permute=[0,1,2,3]): not supported [ROCm0] 
  FLASH_ATTN_EXT(hsk=128,hsv=128,nh=4,nr23=[6,1],kv=512,nb=3,mask=1,sinks=1,max_bias=0.000000,logit_softcap=10.000000,prec=def,type_K=turbo3,type_V=turbo3,permute=[0,1,2,3]): [1;32mOK[0m
  FLASH_ATTN_EXT(hsk=128,hsv=128,nh=4,nr23=[6,1],kv=512,nb=3,mask=1,sinks=1,max_bias=0.000000,logit_softcap=10.000000,prec=def,type_K=turbo4,type_V=turbo4,permute=[0,1,2,3]): [1;32mOK[0m
  FLASH_ATTN_EXT(hsk=128,hsv=128,nh=4,nr23=[6,1],kv=512,nb=32,mask=1,sinks=1,max_bias=0.000000,logit_softcap=10.000000,prec=f32,type_K=f32,type_V=f32,permute=[0,1,2,3]): [1;32mOK[0m
  FLASH_ATTN_EXT(hsk=128,hsv=128,nh=4,nr23=[6,1],kv=512,nb=32,mask=1,sinks=1,max_bias=0.000000,logit_softcap=10.000000,prec=f32,type_K=f16,type_V=f16,permute=[0,1,2,3]): [1;32mOK[0m
  FLASH_ATTN_EXT(hsk=128,hsv=128,nh=4,nr23=[6,1],kv=512,nb=32,mask=1,sinks=1,max_bias=0.000000,logit_softcap=10.000000,prec=f32,type_K=bf16,type_V=bf16,permute=[0,1,2,3]): [1;32mOK[0m
  FLASH_ATTN_EXT(hsk=128,hsv=128,nh=4,nr23=[6,1],kv=512,nb=32,mask=1,sinks=1,max_bias=0.000000,logit_softcap=10.000000,prec=f32,type_K=q8_0,type_V=q8_0,permute=[0,1,2,3]): [1;32mOK[0m
  FLASH_ATTN_EXT(hsk=128,hsv=128,nh=4,nr23=[6,1],kv=512,nb=32,mask=1,sinks=1,max_bias=0.000000,logit_softcap=10.000000,prec=f32,type_K=q5_1,type_V=q5_1,permute=[0,1,2,3]): not supported [ROCm0] 
  FLASH_ATTN_EXT(hsk=128,hsv=128,nh=4,nr23=[6,1],kv=512,nb=32,mask=1,sinks=1,max_bias=0.000000,logit_softcap=10.000000,prec=f32,type_K=q5_0,type_V=q5_0,permute=[0,1,2,3]): not supported [ROCm0] 
  FLASH_ATTN_EXT(hsk=128,hsv=128,nh=4,nr23=[6,1],kv=512,nb=32,mask=1,sinks=1,max_bias=0.000000,logit_softcap=10.000000,prec=f32,type_K=q4_1,type_V=q4_1,permute=[0,1,2,3]): not supported [ROCm0] 
  FLASH_ATTN_EXT(hsk=128,hsv=128,nh=4,nr23=[6,1],kv=512,nb=32,mask=1,sinks=1,max_bias=0.000000,logit_softcap=10.000000,prec=f32,type_K=q4_0,type_V=q4_0,permute=[0,1,2,3]): [1;32mOK[0m
  FLASH_ATTN_EXT(hsk=128,hsv=128,nh=4,nr23=[6,1],kv=512,nb=32,mask=1,sinks=1,max_bias=0.000000,logit_softcap=10.000000,prec=f32,type_K=iq4_nl,type_V=iq4_nl,permute=[0,1,2,3]): not supported [ROCm0] 
  FLASH_ATTN_EXT(hsk=128,hsv=128,nh=4,nr23=[6,1],kv=512,nb=32,mask=1,sinks=1,max_bias=0.000000,logit_softcap=10.000000,prec=f32,type_K=turbo3,type_V=turbo3,permute=[0,1,2,3]): [1;32mOK[0m
  FLASH_ATTN_EXT(hsk=128,hsv=128,nh=4,nr23=[6,1],kv=512,nb=32,mask=1,sinks=1,max_bias=0.000000,logit_softcap=10.000000,prec=f32,type_K=turbo4,type_V=turbo4,permute=[0,1,2,3]): [1;32mOK[0m
  FLASH_ATTN_EXT(hsk=128,hsv=128,nh=4,nr23=[6,1],kv=512,nb=32,mask=1,sinks=1,max_bias=0.000000,logit_softcap=10.000000,prec=def,type_K=f32,type_V=f32,permute=[0,1,2,3]): [1;32mOK[0m
  FLASH_ATTN_EXT(hsk=128,hsv=128,nh=4,nr23=[6,1],kv=512,nb=32,mask=1,sinks=1,max_bias=0.000000,logit_softcap=10.000000,prec=def,type_K=f16,type_V=f16,permute=[0,1,2,3]): [1;32mOK[0m
  FLASH_ATTN_EXT(hsk=128,hsv=128,nh=4,nr23=[6,1],kv=512,nb=32,mask=1,sinks=1,max_bias=0.000000,logit_softcap=10.000000,prec=def,type_K=bf16,type_V=bf16,permute=[0,1,2,3]): [1;32mOK[0m
  FLASH_ATTN_EXT(hsk=128,hsv=128,nh=4,nr23=[6,1],kv=512,nb=32,mask=1,sinks=1,max_bias=0.000000,logit_softcap=10.000000,prec=def,type_K=q8_0,type_V=q8_0,permute=[0,1,2,3]): [1;32mOK[0m
  FLASH_ATTN_EXT(hsk=128,hsv=128,nh=4,nr23=[6,1],kv=512,nb=32,mask=1,sinks=1,max_bias=0.000000,logit_softcap=10.000000,prec=def,type_K=q5_1,type_V=q5_1,permute=[0,1,2,3]): not supported [ROCm0] 
  FLASH_ATTN_EXT(hsk=128,hsv=128,nh=4,nr23=[6,1],kv=512,nb=32,mask=1,sinks=1,max_bias=0.000000,logit_softcap=10.000000,prec=def,type_K=q5_0,type_V=q5_0,permute=[0,1,2,3]): not supported [ROCm0] 
  FLASH_ATTN_EXT(hsk=128,hsv=128,nh=4,nr23=[6,1],kv=512,nb=32,mask=1,sinks=1,max_bias=0.000000,logit_softcap=10.000000,prec=def,type_K=q4_1,type_V=q4_1,permute=[0,1,2,3]): not supported [ROCm0] 
  FLASH_ATTN_EXT(hsk=128,hsv=128,nh=4,nr23=[6,1],kv=512,nb=32,mask=1,sinks=1,max_bias=0.000000,logit_softcap=10.000000,prec=def,type_K=q4_0,type_V=q4_0,permute=[0,1,2,3]): [1;32mOK[0m
  FLASH_ATTN_EXT(hsk=128,hsv=128,nh=4,nr23=[6,1],kv=512,nb=32,mask=1,sinks=1,max_bias=0.000000,logit_softcap=10.000000,prec=def,type_K=iq4_nl,type_V=iq4_nl,permute=[0,1,2,3]): not supported [ROCm0] 
  FLASH_ATTN_EXT(hsk=128,hsv=128,nh=4,nr23=[6,1],kv=512,nb=32,mask=1,sinks=1,max_bias=0.000000,logit_softcap=10.000000,prec=def,type_K=turbo3,type_V=turbo3,permute=[0,1,2,3]): [1;32mOK[0m
  FLASH_ATTN_EXT(hsk=128,hsv=128,nh=4,nr23=[6,1],kv=512,nb=32,mask=1,sinks=1,max_bias=0.000000,logit_softcap=10.000000,prec=def,type_K=turbo4,type_V=turbo4,permute=[0,1,2,3]): [1;32mOK[0m
  FLASH_ATTN_EXT(hsk=128,hsv=128,nh=4,nr23=[6,1],kv=512,nb=75,mask=1,sinks=1,max_bias=0.000000,logit_softcap=10.000000,prec=f32,type_K=f32,type_V=f32,permute=[0,1,2,3]): [1;32mOK[0m
  FLASH_ATTN_EXT(hsk=128,hsv=128,nh=4,nr23=[6,1],kv=512,nb=75,mask=1,sinks=1,max_bias=0.000000,logit_softcap=10.000000,prec=f32,type_K=f16,type_V=f16,permute=[0,1,2,3]): [1;32mOK[0m
  FLASH_ATTN_EXT(hsk=128,hsv=128,nh=4,nr23=[6,1],kv=512,nb=75,mask=1,sinks=1,max_bias=0.000000,logit_softcap=10.000000,prec=f32,type_K=bf16,type_V=bf16,permute=[0,1,2,3]): [1;32mOK[0m
  FLASH_ATTN_EXT(hsk=128,hsv=128,nh=4,nr23=[6,1],kv=512,nb=75,mask=1,sinks=1,max_bias=0.000000,logit_softcap=10.000000,prec=f32,type_K=q8_0,type_V=q8_0,permute=[0,1,2,3]): [1;32mOK[0m
  FLASH_ATTN_EXT(hsk=128,hsv=128,nh=4,nr23=[6,1],kv=512,nb=75,mask=1,sinks=1,max_bias=0.000000,logit_softcap=10.000000,prec=f32,type_K=q5_1,type_V=q5_1,permute=[0,1,2,3]): not supported [ROCm0] 
  FLASH_ATTN_EXT(hsk=128,hsv=128,nh=4,nr23=[6,1],kv=512,nb=75,mask=1,sinks=1,max_bias=0.000000,logit_softcap=10.000000,prec=f32,type_K=q5_0,type_V=q5_0,permute=[0,1,2,3]): not supported [ROCm0] 
  FLASH_ATTN_EXT(hsk=128,hsv=128,nh=4,nr23=[6,1],kv=512,nb=75,mask=1,sinks=1,max_bias=0.000000,logit_softcap=10.000000,prec=f32,type_K=q4_1,type_V=q4_1,permute=[0,1,2,3]): not supported [ROCm0] 
  FLASH_ATTN_EXT(hsk=128,hsv=128,nh=4,nr23=[6,1],kv=512,nb=75,mask=1,sinks=1,max_bias=0.000000,logit_softcap=10.000000,prec=f32,type_K=q4_0,type_V=q4_0,permute=[0,1,2,3]): [1;32mOK[0m
  FLASH_ATTN_EXT(hsk=128,hsv=128,nh=4,nr23=[6,1],kv=512,nb=75,mask=1,sinks=1,max_bias=0.000000,logit_softcap=10.000000,prec=f32,type_K=iq4_nl,type_V=iq4_nl,permute=[0,1,2,3]): not supported [ROCm0] 
  FLASH_ATTN_EXT(hsk=128,hsv=128,nh=4,nr23=[6,1],kv=512,nb=75,mask=1,sinks=1,max_bias=0.000000,logit_softcap=10.000000,prec=f32,type_K=turbo3,type_V=turbo3,permute=[0,1,2,3]): [1;32mOK[0m
  FLASH_ATTN_EXT(hsk=128,hsv=128,nh=4,nr23=[6,1],kv=512,nb=75,mask=1,sinks=1,max_bias=0.000000,logit_softcap=10.000000,prec=f32,type_K=turbo4,type_V=turbo4,permute=[0,1,2,3]): [1;32mOK[0m
  FLASH_ATTN_EXT(hsk=128,hsv=128,nh=4,nr23=[6,1],kv=512,nb=75,mask=1,sinks=1,max_bias=0.000000,logit_softcap=10.000000,prec=def,type_K=f32,type_V=f32,permute=[0,1,2,3]): [1;32mOK[0m
  FLASH_ATTN_EXT(hsk=128,hsv=128,nh=4,nr23=[6,1],kv=512,nb=75,mask=1,sinks=1,max_bias=0.000000,logit_softcap=10.000000,prec=def,type_K=f16,type_V=f16,permute=[0,1,2,3]): [1;32mOK[0m
  FLASH_ATTN_EXT(hsk=128,hsv=128,nh=4,nr23=[6,1],kv=512,nb=75,mask=1,sinks=1,max_bias=0.000000,logit_softcap=10.000000,prec=def,type_K=bf16,type_V=bf16,permute=[0,1,2,3]): [1;32mOK[0m
  FLASH_ATTN_EXT(hsk=128,hsv=128,nh=4,nr23=[6,1],kv=512,nb=75,mask=1,sinks=1,max_bias=0.000000,logit_softcap=10.000000,prec=def,type_K=q8_0,type_V=q8_0,permute=[0,1,2,3]): [1;32mOK[0m
  FLASH_ATTN_EXT(hsk=128,hsv=128,nh=4,nr23=[6,1],kv=512,nb=75,mask=1,sinks=1,max_bias=0.000000,logit_softcap=10.000000,prec=def,type_K=q5_1,type_V=q5_1,permute=[0,1,2,3]): not supported [ROCm0] 
  FLASH_ATTN_EXT(hsk=128,hsv=128,nh=4,nr23=[6,1],kv=512,nb=75,mask=1,sinks=1,max_bias=0.000000,logit_softcap=10.000000,prec=def,type_K=q5_0,type_V=q5_0,permute=[0,1,2,3]): not supported [ROCm0] 
  FLASH_ATTN_EXT(hsk=128,hsv=128,nh=4,nr23=[6,1],kv=512,nb=75,mask=1,sinks=1,max_bias=0.000000,logit_softcap=10.000000,prec=def,type_K=q4_1,type_V=q4_1,permute=[0,1,2,3]): not supported [ROCm0] 
  FLASH_ATTN_EXT(hsk=128,hsv=128,nh=4,nr23=[6,1],kv=512,nb=75,mask=1,sinks=1,max_bias=0.000000,logit_softcap=10.000000,prec=def,type_K=q4_0,type_V=q4_0,permute=[0,1,2,3]): [1;32mOK[0m
  FLASH_ATTN_EXT(hsk=128,hsv=128,nh=4,nr23=[6,1],kv=512,nb=75,mask=1,sinks=1,max_bias=0.000000,logit_softcap=10.000000,prec=def,type_K=iq4_nl,type_V=iq4_nl,permute=[0,1,2,3]): not supported [ROCm0] 
  FLASH_ATTN_EXT(hsk=128,hsv=128,nh=4,nr23=[6,1],kv=512,nb=75,mask=1,sinks=1,max_bias=0.000000,logit_softcap=10.000000,prec=def,type_K=turbo3,type_V=turbo3,permute=[0,1,2,3]): [1;32mOK[0m
  FLASH_ATTN_EXT(hsk=128,hsv=128,nh=4,nr23=[6,1],kv=512,nb=75,mask=1,sinks=1,max_bias=0.000000,logit_softcap=10.000000,prec=def,type_K=turbo4,type_V=turbo4,permute=[0,1,2,3]): [1;32mOK[0m
  FLASH_ATTN_EXT(hsk=128,hsv=128,nh=4,nr23=[9,1],kv=512,nb=1,mask=1,sinks=1,max_bias=0.000000,logit_softcap=10.000000,prec=f32,type_K=f32,type_V=f32,permute=[0,1,2,3]): [1;32mOK[0m
  FLASH_ATTN_EXT(hsk=128,hsv=128,nh=4,nr23=[9,1],kv=512,nb=1,mask=1,sinks=1,max_bias=0.000000,logit_softcap=10.000000,prec=f32,type_K=f16,type_V=f16,permute=[0,1,2,3]): [1;32mOK[0m
  FLASH_ATTN_EXT(hsk=128,hsv=128,nh=4,nr23=[9,1],kv=512,nb=1,mask=1,sinks=1,max_bias=0.000000,logit_softcap=10.000000,prec=f32,type_K=bf16,type_V=bf16,permute=[0,1,2,3]): [1;32mOK[0m
  FLASH_ATTN_EXT(hsk=128,hsv=128,nh=4,nr23=[9,1],kv=512,nb=1,mask=1,sinks=1,max_bias=0.000000,logit_softcap=10.000000,prec=f32,type_K=q8_0,type_V=q8_0,permute=[0,1,2,3]): [1;32mOK[0m
  FLASH_ATTN_EXT(hsk=128,hsv=128,nh=4,nr23=[9,1],kv=512,nb=1,mask=1,sinks=1,max_bias=0.000000,logit_softcap=10.000000,prec=f32,type_K=q5_1,type_V=q5_1,permute=[0,1,2,3]): not supported [ROCm0] 
  FLASH_ATTN_EXT(hsk=128,hsv=128,nh=4,nr23=[9,1],kv=512,nb=1,mask=1,sinks=1,max_bias=0.000000,logit_softcap=10.000000,prec=f32,type_K=q5_0,type_V=q5_0,permute=[0,1,2,3]): not supported [ROCm0] 
  FLASH_ATTN_EXT(hsk=128,hsv=128,nh=4,nr23=[9,1],kv=512,nb=1,mask=1,sinks=1,max_bias=0.000000,logit_softcap=10.000000,prec=f32,type_K=q4_1,type_V=q4_1,permute=[0,1,2,3]): ggml_backend_cuda_graph_compute: CUDA graph warmup complete
ggml_backend_cuda_graph_compute: CUDA graph warmup complete
not supported [ROCm0] 
  FLASH_ATTN_EXT(hsk=128,hsv=128,nh=4,nr23=[9,1],kv=512,nb=1,mask=1,sinks=1,max_bias=0.000000,logit_softcap=10.000000,prec=f32,type_K=q4_0,type_V=q4_0,permute=[0,1,2,3]): [1;32mOK[0m
  FLASH_ATTN_EXT(hsk=128,hsv=128,nh=4,nr23=[9,1],kv=512,nb=1,mask=1,sinks=1,max_bias=0.000000,logit_softcap=10.000000,prec=f32,type_K=iq4_nl,type_V=iq4_nl,permute=[0,1,2,3]): ggml_backend_cuda_graph_compute: CUDA graph warmup reset
ggml_backend_cuda_graph_compute: CUDA graph warmup reset
not supported [ROCm0] 
  FLASH_ATTN_EXT(hsk=128,hsv=128,nh=4,nr23=[9,1],kv=512,nb=1,mask=1,sinks=1,max_bias=0.000000,logit_softcap=10.000000,prec=f32,type_K=turbo3,type_V=turbo3,permute=[0,1,2,3]): [1;32mOK[0m
  FLASH_ATTN_EXT(hsk=128,hsv=128,nh=4,nr23=[9,1],kv=512,nb=1,mask=1,sinks=1,max_bias=0.000000,logit_softcap=10.000000,prec=f32,type_K=turbo4,type_V=turbo4,permute=[0,1,2,3]): [1;32mOK[0m
  FLASH_ATTN_EXT(hsk=128,hsv=128,nh=4,nr23=[9,1],kv=512,nb=1,mask=1,sinks=1,max_bias=0.000000,logit_softcap=10.000000,prec=def,type_K=f32,type_V=f32,permute=[0,1,2,3]): [1;32mOK[0m
  FLASH_ATTN_EXT(hsk=128,hsv=128,nh=4,nr23=[9,1],kv=512,nb=1,mask=1,sinks=1,max_bias=0.000000,logit_softcap=10.000000,prec=def,type_K=f16,type_V=f16,permute=[0,1,2,3]): ggml_backend_cuda_graph_compute: CUDA graph warmup complete
ggml_cuda_compute_forward: FLASH_ATTN_EXT failed
ROCm error: operation not permitted when stream is capturing
  current device: 0, in function ggml_cuda_compute_forward at /mnt/TG_2TB/tmp_pr244/ggml/src/ggml-cuda/ggml-cuda.cu:2450
  err
[1;32mOK[0m
/mnt/TG_2TB/tmp_pr244/ggml/src/ggml-cuda/ggml-cuda.cu:108: ROCm error
[New LWP 1362168]
[New LWP 1362167]
[New LWP 1362166]
[New LWP 1361940]
[New LWP 1361939]

This GDB supports auto-downloading debuginfo from the following URLs:
  <https://debuginfod.archlinux.org>
  <https://debuginfod.cachyos.org>
Enable debuginfod for this session? (y or [n]) [answered N; input not from terminal]
Debuginfod has been disabled.
To make this setting permanent, add 'set debuginfod enabled off' to .gdbinit.
[Thread debugging using libthread_db enabled]
Using host libthread_db library "/usr/lib/libthread_db.so.1".
0x00007faa902b4b42 in ?? () from /usr/lib/libc.so.6
#0  0x00007faa902b4b42 in ?? () from /usr/lib/libc.so.6
#1  0x00007faa902a7e78 in ?? () from /usr/lib/libc.so.6
#2  0x00007faa9032f46b in wait4 () from /usr/lib/libc.so.6
#3  0x00007faa9596bb86 in ggml_print_backtrace () from ./libggml-base.so.0
#4  0x00007faa959835d9 in ggml_abort () from ./libggml-base.so.0
#5  0x00007faa94e827f2 in ggml_cuda_error(char const*, char const*, char const*, int, char const*) () from ./libggml-hip.so.0
#6  0x00007faa94e90b1a in ggml_cuda_graph_evaluate_and_capture(ggml_backend_cuda_context*, ggml_cgraph*, bool, bool, void const*) () from ./libggml-hip.so.0
#7  0x00007faa94e88ffb in ggml_backend_cuda_graph_compute(ggml_backend*, ggml_cgraph*) () from ./libggml-hip.so.0
#8  0x00007faa9598f609 in ggml_backend_compare_graph_backend () from ./libggml-base.so.0
#9  0x000055ffd715b736 in test_case::eval(ggml_backend*, ggml_backend*, char const*, printer*) ()
#10 0x000055ffd70a88cd in test_backend(ggml_backend*, ggml_backend_device*, test_mode, char const*, char const*, printer*, char const*, int)::$_5::operator()(ggml_backend*, ggml_backend*) const ()
#11 0x000055ffd7058764 in main ()
[Inferior 1 (process 1361938) detached]
timeout: the monitored command dumped core
