ts,n,min_w,max_w,mean_w,over_cap,over_cap10,over_cap20,junction_c
1789053993,20,53.0,366.0,143.9,6,5,4,81
1789053994,20,267.0,369.0,326.2,9,2,1,84
1789053995,20,254.0,378.0,326.8,7,3,2,86
1789053996,20,242.0,356.0,330.4,10,5,4,84
1789053997,20,76.0,364.0,316.2,11,4,1,85
1789053998,20,270.0,366.0,329.8,10,5,3,86
1789053999,20,255.0,372.0,325.9,8,3,2,82
1789054000,20,314.0,371.0,334.3,10,3,3,85
1789054001,20,267.0,370.0,330.2,11,5,4,85
1789054002,20,252.0,371.0,326.9,9,2,1,86
1789054003,20,246.0,373.0,328.1,10,3,3,86
1789054004,20,257.0,366.0,326.8,9,2,1,85
1789054005,20,257.0,380.0,329.2,9,4,2,86
1789054006,20,266.0,366.0,328.1,11,2,1,86
1789054007,20,254.0,370.0,330.5,11,4,3,86
1789054008,20,212.0,363.0,323.5,8,5,2,82
1789054010,20,246.0,360.0,319.4,7,2,2,79
1789054011,20,308.0,335.0,328.9,9,0,0,79
1789054012,20,322.0,341.0,329.8,9,1,0,79
1789054013,20,57.0,363.0,276.9,7,5,3,85
1789054014,20,244.0,365.0,323.5,11,2,1,79
1789054015,20,324.0,340.0,330.9,12,0,0,79
1789054016,20,287.0,352.0,328.4,8,1,1,79
1789054017,20,309.0,335.0,328.2,8,0,0,79
1789054018,20,58.0,360.0,300.9,9,4,2,77
1789054019,20,325.0,366.0,332.8,11,2,2,79
1789054020,20,325.0,340.0,330.6,12,0,0,79
1789054021,20,303.0,333.0,328.0,8,0,0,79
1789054022,20,309.0,333.0,328.1,10,0,0,79
1789054023,20,56.0,334.0,140.3,3,0,0,50
1789054024,20,54.0,57.0,54.9,0,0,0,48
1789054025,20,54.0,363.0,97.8,2,2,2,80
1789054026,20,267.0,369.0,329.6,12,3,2,83
1789054027,20,287.0,352.0,325.6,9,2,1,84
1789054028,20,272.0,357.0,325.7,7,1,1,82
1789054029,20,103.0,378.0,319.2,8,3,2,85
1789054030,20,275.0,366.0,323.5,7,2,2,85
1789054031,20,277.0,382.0,329.0,10,3,2,87
1789054032,20,268.0,353.0,327.2,9,4,1,85
1789054033,20,251.0,375.0,333.2,11,6,6,86
1789054034,20,270.0,356.0,326.4,9,3,1,82
1789054035,20,246.0,373.0,330.0,11,5,4,85
1789054036,20,250.0,372.0,321.7,9,2,2,84
1789054037,20,302.0,360.0,329.0,8,3,1,86
1789054038,20,266.0,362.0,327.4,10,3,2,79
1789054039,20,257.0,364.0,330.4,11,4,3,86
1789054041,20,210.0,367.0,325.2,7,2,2,80
1789054042,20,257.0,363.0,321.9,8,3,3,79
1789054043,20,53.0,338.0,279.1,7,0,0,78
1789054044,20,201.0,359.0,322.1,10,4,2,78
1789054045,20,320.0,342.0,330.7,10,1,0,78
1789054046,20,326.0,337.0,330.1,9,0,0,78
1789054047,20,290.0,338.0,327.8,9,0,0,78
1789054048,20,54.0,343.0,232.1,8,1,0,50
1789054049,20,51.0,55.0,52.4,0,0,0,48
1789054050,20,50.0,52.0,51.0,0,0,0,47
1789054051,20,51.0,360.0,203.2,8,5,4,81
1789054052,20,249.0,359.0,321.9,8,3,1,76
1789054053,20,308.0,334.0,328.7,9,0,0,77
1789054054,20,315.0,340.0,329.4,11,0,0,77
1789054055,20,325.0,333.0,329.6,10,0,0,77
1789054056,20,76.0,359.0,294.2,9,4,3,77
1789054057,20,321.0,344.0,330.1,8,2,0,77
1789054058,20,315.0,340.0,329.6,10,0,0,77
1789054059,20,53.0,341.0,219.9,7,1,0,50
1789054060,20,51.0,54.0,52.8,0,0,0,47
1789054061,20,50.0,52.0,51.1,0,0,0,46
1789054062,20,51.0,53.0,51.1,0,0,0,46
1789054063,20,50.0,51.0,50.7,0,0,0,45
1789054064,20,50.0,50.0,50.0,0,0,0,45
1789054066,20,50.0,51.0,50.1,0,0,0,44
1789054067,20,50.0,51.0,50.1,0,0,0,44
1789054068,20,49.0,51.0,49.9,0,0,0,44
1789054069,20,49.0,50.0,49.0,0,0,0,44
1789054070,20,49.0,50.0,49.1,0,0,0,43
1789054071,20,49.0,50.0,49.2,0,0,0,43
1789054072,20,48.0,50.0,48.7,0,0,0,43
1789054073,20,48.0,49.0,48.3,0,0,0,42
1789054074,20,48.0,49.0,48.3,0,0,0,42
1789054075,20,46.0,103.0,54.0,0,0,0,42
1789054076,20,46.0,50.0,46.7,0,0,0,42
1789054077,20,48.0,50.0,48.5,0,0,0,42
1789054078,20,48.0,49.0,48.5,0,0,0,42
1789054079,20,48.0,50.0,48.4,0,0,0,41
1789054080,20,48.0,49.0,48.2,0,0,0,41
1789054081,20,48.0,49.0,48.2,0,0,0,41
1789054082,20,47.0,49.0,47.8,0,0,0,41
1789054083,20,47.0,49.0,47.4,0,0,0,41
1789054084,20,47.0,48.0,47.4,0,0,0,41
1789054085,20,47.0,48.0,47.2,0,0,0,40
1789054086,20,47.0,48.0,47.4,0,0,0,40
1789054087,20,48.0,52.0,49.5,0,0,0,40
1789054088,20,47.0,50.0,49.0,0,0,0,40
1789054089,20,49.0,50.0,49.1,0,0,0,40
1789054090,20,49.0,52.0,49.4,0,0,0,40
1789054091,20,48.0,51.0,49.1,0,0,0,40
1789054092,20,47.0,48.0,47.4,0,0,0,40
1789054093,20,47.0,48.0,47.2,0,0,0,40
1789054094,20,47.0,79.0,53.2,0,0,0,40
1789054095,20,47.0,200.0,63.1,0,0,0,40
1789054096,20,47.0,48.0,47.2,0,0,0,39
1789054097,20,47.0,353.0,81.5,1,1,1,40
1789054098,20,47.0,49.0,47.4,0,0,0,40
1789054099,20,47.0,374.0,144.3,6,5,4,72
1789054100,20,319.0,338.0,329.6,9,0,0,76
1789054101,20,310.0,344.0,330.1,8,1,0,77
1789054102,20,311.0,357.0,329.4,8,2,1,78
1789054103,20,311.0,342.0,328.9,9,2,0,79
1789054104,20,321.0,342.0,330.4,7,1,0,79
1789054105,20,299.0,341.0,328.6,10,1,0,80
1789054106,20,282.0,352.0,327.9,7,2,1,81
1789054107,20,243.0,344.0,324.4,7,3,0,80
1789054108,20,312.0,376.0,329.7,9,2,1,82
1789054109,20,250.0,370.0,324.6,8,1,1,81
1789054110,20,310.0,366.0,330.9,9,4,2,82
1789054111,20,279.0,377.0,328.6,6,2,1,82
1789054112,20,319.0,367.0,333.5,11,2,2,82
1789054113,20,265.0,359.0,326.9,8,2,1,82
1789054114,20,110.0,366.0,314.4,10,3,2,78
1789054115,20,263.0,364.0,320.6,7,2,1,76
1789054117,20,325.0,333.0,329.1,8,0,0,76
1789054118,20,309.0,339.0,329.1,11,0,0,76
1789054119,20,51.0,366.0,266.1,7,1,1,75
1789054120,20,325.0,334.0,329.2,8,0,0,76
1789054121,20,51.0,335.0,160.1,4,0,0,47
1789054122,20,49.0,53.0,50.9,0,0,0,45
1789054123,20,49.0,270.0,60.4,0,0,0,70
1789054124,20,264.0,368.0,330.9,11,5,4,81
1789054125,20,289.0,350.0,328.7,7,1,0,78
1789054126,20,260.0,375.0,330.1,10,2,2,82
1789054127,20,274.0,376.0,332.4,9,3,3,83
1789054128,20,277.0,370.0,330.1,10,3,3,83
1789054129,20,282.0,353.0,329.0,8,3,1,78
1789054130,20,287.0,361.0,328.2,8,2,2,83
1789054131,20,244.0,412.0,333.1,10,5,5,83
1789054132,20,282.0,389.0,330.6,9,3,2,83
1789054133,20,186.0,370.0,325.1,11,6,3,84
1789054134,20,258.0,370.0,330.1,12,2,2,74
1789054135,20,247.0,378.0,330.2,10,3,3,84
1789054136,20,259.0,362.0,328.4,10,4,2,81
1789054137,20,247.0,370.0,326.0,7,5,3,83
1789054138,20,217.0,360.0,326.4,9,3,2,85
1789054139,20,256.0,372.0,319.1,7,4,3,77
1789054140,20,325.0,341.0,329.8,9,1,0,78
1789054141,20,310.0,334.0,328.2,8,0,0,77
1789054142,20,52.0,371.0,280.4,11,5,3,84
1789054143,20,262.0,361.0,324.3,6,2,1,77
1789054144,20,325.0,336.0,329.6,8,0,0,78
1789054145,20,311.0,348.0,328.6,8,1,0,78
1789054146,20,325.0,345.0,330.9,9,2,0,78
1789054147,20,53.0,337.0,301.0,8,0,0,53
1789054148,20,52.0,53.0,52.9,0,0,0,47
1789054149,20,50.0,376.0,125.0,4,4,4,80
1789054150,20,282.0,362.0,327.6,10,2,1,83
1789054151,20,265.0,363.0,326.5,9,2,2,83
1789054152,20,274.0,354.0,321.8,7,2,1,85
1789054153,20,261.0,366.0,330.1,8,3,2,84
1789054154,20,252.0,372.0,326.8,8,5,3,85
1789054155,20,281.0,381.0,331.8,10,4,4,84
1789054156,20,283.0,345.0,326.6,9,1,0,84
1789054157,20,252.0,372.0,327.1,11,4,2,85
1789054159,20,130.0,372.0,322.4,11,5,3,86
1789054160,20,235.0,374.0,326.4,8,3,1,85
1789054161,20,247.0,371.0,328.6,11,5,3,85
1789054162,20,259.0,360.0,325.0,9,3,1,85
1789054163,20,252.0,370.0,322.4,11,5,3,86
1789054164,20,243.0,378.0,329.2,8,5,2,85
1789054165,20,231.0,355.0,326.4,9,3,2,85
1789054166,20,134.0,388.0,312.1,6,4,3,78
1789054167,20,322.0,341.0,330.5,8,1,0,78
1789054168,20,307.0,332.0,328.6,10,0,0,79
1789054169,20,53.0,360.0,252.4,7,3,3,77
1789054170,20,54.0,342.0,308.4,8,1,0,53
1789054171,20,52.0,53.0,52.5,0,0,0,48
1789054172,20,51.0,366.0,110.2,3,3,3,81
1789054173,20,262.0,374.0,326.3,7,3,2,83
1789054174,20,304.0,373.0,333.4,10,4,3,84
1789054175,20,200.0,344.0,322.4,8,2,0,79
1789054176,20,284.0,398.0,331.8,7,4,2,84
1789054177,20,279.0,368.0,329.8,9,3,2,85
1789054178,20,207.0,397.0,325.6,9,4,2,86
1789054179,20,263.0,367.0,326.9,8,3,1,85
1789054180,20,65.0,367.0,314.2,7,4,2,84
1789054181,20,199.0,361.0,323.4,10,4,2,85
1789054182,20,280.0,348.0,327.1,8,4,0,85
1789054183,20,259.0,364.0,329.2,9,6,2,86
1789054184,20,245.0,367.0,329.6,12,5,2,85
1789054185,20,66.0,412.0,321.2,11,5,3,86
1789054186,20,290.0,346.0,324.3,6,2,0,86
1789054187,20,207.0,368.0,323.2,10,2,2,86
1789054188,20,259.0,360.0,313.8,9,4,3,79
1789054189,20,326.0,343.0,330.3,8,1,0,78
1789054190,20,326.0,342.0,330.8,11,1,0,78
1789054191,20,53.0,347.0,272.6,7,1,0,74
1789054192,20,196.0,366.0,317.8,8,2,2,78
1789054193,20,53.0,336.0,276.4,7,0,0,51
1789054194,20,51.0,54.0,53.0,0,0,0,48
1789054195,20,51.0,52.0,51.0,0,0,0,46
1789054196,20,51.0,367.0,267.1,9,7,5,81
1789054197,20,281.0,357.0,329.2,9,4,3,83
1789054198,20,265.0,368.0,323.9,7,2,2,83
1789054199,20,265.0,371.0,329.2,10,2,2,78
1789054200,20,280.0,384.0,334.6,12,4,4,84
1789054202,20,252.0,377.0,329.1,10,5,3,84
1789054203,20,246.0,386.0,330.2,12,4,4,85
1789054204,20,236.0,380.0,332.6,13,4,3,84
1789054205,20,252.0,374.0,329.1,10,4,4,85
1789054206,20,277.0,356.0,324.8,8,3,1,84
1789054207,20,90.0,364.0,317.7,8,4,3,85
1789054208,20,260.0,362.0,328.1,11,3,2,79
1789054209,20,235.0,366.0,330.4,10,6,2,85
1789054210,20,278.0,360.0,327.3,10,3,1,85
1789054211,20,65.0,359.0,315.6,9,3,1,85
1789054212,20,255.0,366.0,319.2,8,4,3,77
1789054213,20,252.0,353.0,327.9,8,4,2,79
1789054214,20,325.0,336.0,330.2,11,0,0,78
1789054215,20,306.0,337.0,328.1,8,0,0,78
1789054216,20,56.0,368.0,261.0,7,2,2,78
1789054217,20,324.0,337.0,329.6,9,0,0,78
1789054218,20,55.0,355.0,311.2,9,1,1,55
1789054219,20,53.0,54.0,53.1,0,0,0,48
1789054220,20,51.0,368.0,188.1,6,3,3,78
1789054221,20,195.0,387.0,329.1,10,3,3,83
1789054222,20,239.0,379.0,326.4,7,4,2,84
1789054223,20,256.0,376.0,325.9,9,2,2,84
1789054224,20,277.0,351.0,326.6,9,2,1,83
1789054225,20,288.0,354.0,328.9,9,2,1,81
1789054226,20,252.0,374.0,328.8,9,4,3,85
1789054227,20,254.0,375.0,327.2,10,5,3,84
1789054228,20,300.0,364.0,327.6,9,2,2,85
1789054229,20,243.0,377.0,326.6,10,4,2,85
1789054230,20,255.0,353.0,326.9,8,6,1,80
1789054231,20,282.0,363.0,330.6,8,6,3,86
1789054232,20,274.0,378.0,324.9,7,3,2,81
1789054233,20,267.0,405.0,332.9,7,3,3,85
1789054234,20,280.0,361.0,327.6,10,2,2,85
1789054235,20,236.0,397.0,328.4,8,5,2,86
1789054236,20,258.0,361.0,313.9,6,2,1,79
1789054237,20,313.0,335.0,329.4,8,0,0,78
1789054238,20,53.0,342.0,267.6,6,1,0,79
1789054239,20,314.0,361.0,332.4,10,3,2,78
1789054240,20,304.0,342.0,329.6,9,2,0,78
1789054241,20,310.0,334.0,328.8,6,0,0,78
1789054242,20,314.0,339.0,328.6,9,0,0,79
1789054244,20,51.0,335.0,83.7,1,0,0,49
1789054245,20,51.0,88.0,68.7,0,0,0,48
1789054246,20,78.0,380.0,234.2,6,4,4,83
1789054247,20,260.0,372.0,328.8,8,2,1,77
1789054248,20,320.0,356.0,332.8,11,3,3,84
1789054249,20,234.0,346.0,325.5,10,3,0,84
1789054250,20,264.0,371.0,327.9,9,3,2,83
1789054251,20,285.0,370.0,334.1,10,6,5,86
1789054252,20,231.0,367.0,325.3,10,3,1,85
1789054253,20,258.0,372.0,328.5,10,3,3,85
1789054254,20,225.0,357.0,324.5,8,2,1,83
1789054255,20,270.0,358.0,328.2,11,1,1,85
1789054256,20,250.0,374.0,332.0,11,6,5,86
1789054257,20,269.0,379.0,331.4,10,5,2,85
1789054258,20,250.0,376.0,330.4,13,5,3,86
1789054259,20,247.0,370.0,326.9,8,5,3,86
1789054260,20,270.0,347.0,322.5,7,3,0,85
1789054261,20,206.0,381.0,325.9,10,4,3,85
1789054262,20,110.0,360.0,304.2,5,2,2,79
1789054263,20,319.0,345.0,329.9,10,1,0,78
1789054264,20,326.0,340.0,331.1,10,0,0,79
1789054265,20,304.0,334.0,328.7,8,0,0,78
1789054266,20,326.0,338.0,329.7,8,0,0,78
1789054267,20,54.0,346.0,284.9,11,2,0,79
1789054268,20,103.0,368.0,318.3,8,2,2,79
1789054269,20,312.0,334.0,328.6,10,0,0,78
1789054270,20,326.0,341.0,329.9,9,1,0,79
1789054271,20,308.0,334.0,328.5,9,0,0,79
1789054272,20,54.0,339.0,295.9,6,0,0,53
1789054273,20,52.0,54.0,53.8,0,0,0,48
1789054274,20,51.0,52.0,51.5,0,0,0,47
1789054275,20,51.0,375.0,313.9,12,6,5,83
1789054276,20,272.0,382.0,328.6,9,2,2,83
1789054277,20,255.0,372.0,323.9,10,2,2,85
1789054278,20,274.0,366.0,326.2,5,2,2,85
1789054279,20,64.0,357.0,316.2,9,1,1,81
1789054280,20,311.0,368.0,334.1,11,5,3,85
1789054281,20,239.0,358.0,324.4,10,4,3,85
1789054282,20,263.0,412.0,328.0,8,3,2,80
1789054283,20,262.0,408.0,332.4,9,5,2,85
1789054284,20,267.0,364.0,322.1,9,3,2,86
1789054286,20,256.0,365.0,326.6,8,3,2,85
1789054287,20,249.0,371.0,327.1,13,5,3,85
1789054288,20,250.0,379.0,330.9,11,4,3,85
1789054289,20,269.0,362.0,327.1,9,4,4,86
1789054290,20,319.0,364.0,331.3,9,3,1,85
1789054291,20,215.0,365.0,313.6,7,5,2,73
1789054292,20,325.0,360.0,332.8,10,2,2,79
1789054293,20,260.0,336.0,324.3,9,0,0,78
1789054294,20,73.0,336.0,317.0,10,0,0,57
1789054295,20,53.0,364.0,292.9,9,7,6,85
1789054296,20,275.0,365.0,324.6,7,2,1,79
1789054297,20,322.0,337.0,329.2,8,0,0,79
1789054298,20,324.0,348.0,330.5,10,1,0,79
1789054299,20,309.0,336.0,329.1,9,0,0,78
1789054300,20,322.0,340.0,329.6,9,0,0,79
1789054301,20,307.0,333.0,327.4,8,0,0,78
1789054302,20,321.0,344.0,329.6,9,1,0,79
1789054303,20,308.0,338.0,329.0,8,0,0,72
1789054304,20,301.0,359.0,329.6,10,1,1,79
1789054305,20,326.0,336.0,329.6,9,0,0,79
1789054306,20,294.0,338.0,328.2,8,0,0,79
1789054307,20,326.0,334.0,329.8,9,0,0,79
1789054308,20,305.0,334.0,327.4,7,0,0,79
1789054309,20,204.0,357.0,326.0,8,2,2,79
1789054310,20,324.0,341.0,330.7,10,1,0,79
1789054311,20,325.0,336.0,329.6,8,0,0,79
1789054312,20,304.0,339.0,329.6,10,0,0,79
1789054313,20,318.0,347.0,330.2,9,1,0,79
1789054314,20,57.0,360.0,312.4,12,7,3,86
1789054315,20,257.0,359.0,327.0,9,4,2,86
1789054316,20,170.0,359.0,318.9,10,5,4,86
1789054317,20,265.0,356.0,324.9,6,1,1,79
1789054318,20,315.0,342.0,329.6,9,1,0,79
1789054319,20,324.0,337.0,329.6,9,0,0,79
1789054320,20,308.0,338.0,329.1,11,0,0,79
1789054321,20,316.0,340.0,330.3,9,0,0,79
1789054322,20,325.0,338.0,329.6,10,0,0,79
1789054323,20,209.0,367.0,327.0,10,3,3,79
1789054324,20,323.0,333.0,329.1,5,0,0,79
1789054325,20,308.0,354.0,328.4,8,1,1,79
1789054326,20,319.0,336.0,329.7,10,0,0,79
1789054328,20,326.0,338.0,329.6,7,0,0,79
1789054329,20,54.0,342.0,117.1,3,1,0,49
1789054330,20,52.0,368.0,93.8,2,2,2,80
1789054331,20,260.0,373.0,328.2,11,4,3,83
1789054332,20,292.0,360.0,328.9,8,3,2,86
1789054333,20,318.0,349.0,330.1,10,3,0,84
1789054334,20,280.0,356.0,325.3,11,2,2,85
1789054335,20,266.0,372.0,323.0,9,3,2,85
1789054336,20,66.0,346.0,313.2,7,2,0,87
1789054337,20,296.0,353.0,328.2,9,1,1,85
1789054338,20,266.0,370.0,327.1,9,3,2,86
1789054339,20,57.0,369.0,316.2,7,4,3,81
1789054340,20,258.0,370.0,326.9,10,3,3,86
1789054341,20,246.0,363.0,325.9,11,1,1,85
1789054342,20,254.0,371.0,328.9,12,4,2,87
1789054343,20,266.0,385.0,327.2,8,4,2,82
1789054344,20,250.0,392.0,330.5,9,4,2,86
1789054345,20,248.0,374.0,327.4,7,4,3,86
1789054346,20,247.0,362.0,315.8,6,3,2,79
1789054347,20,312.0,343.0,330.1,13,1,0,79
1789054348,20,54.0,334.0,257.9,5,0,0,69
1789054349,20,312.0,366.0,333.6,10,3,3,79
1789054350,20,308.0,344.0,328.6,8,1,0,79
1789054351,20,326.0,333.0,329.9,11,0,0,78
1789054352,20,189.0,358.0,324.2,10,1,1,79
1789054353,20,325.0,338.0,329.9,10,0,0,79
1789054354,20,54.0,344.0,122.0,3,1,0,49
1789054355,20,51.0,55.0,52.4,0,0,0,47
1789054356,20,53.0,367.0,307.1,11,6,5,83
1789054357,20,257.0,373.0,327.9,8,3,2,82
1789054358,20,276.0,353.0,327.0,8,2,1,84
1789054359,20,259.0,358.0,327.3,12,2,2,84
1789054360,20,263.0,348.0,327.4,9,1,0,80
1789054361,20,282.0,356.0,330.2,9,4,1,85
1789054362,20,260.0,372.0,323.8,10,3,2,86
1789054363,20,290.0,367.0,330.6,10,3,2,79
1789054364,20,271.0,389.0,333.1,9,5,3,85
1789054365,20,268.0,379.0,324.8,12,4,2,86
1789054366,20,281.0,381.0,329.1,11,3,1,86
1789054367,20,251.0,370.0,324.8,12,4,1,86
1789054369,20,252.0,362.0,318.9,8,3,1,86
1789054370,20,249.0,365.0,326.4,9,5,3,87
1789054371,20,283.0,371.0,328.4,9,2,1,85
1789054372,20,225.0,361.0,315.9,8,4,1,74
1789054373,20,324.0,364.0,333.8,10,4,2,79
1789054374,20,325.0,342.0,331.1,9,1,0,79
1789054375,20,57.0,342.0,271.5,7,1,0,71
1789054376,20,144.0,362.0,317.6,8,3,3,79
1789054377,20,299.0,338.0,327.9,10,0,0,78
1789054378,20,57.0,355.0,310.6,11,5,4,76
1789054379,20,319.0,351.0,329.8,8,1,1,79
1789054380,20,133.0,339.0,311.9,7,0,0,82
1789054381,20,189.0,376.0,321.4,9,5,3,80
1789054382,20,323.0,367.0,332.9,10,3,2,79
1789054383,20,297.0,362.0,328.6,8,1,1,79
1789054384,20,310.0,333.0,328.9,9,0,0,79
1789054385,20,321.0,340.0,330.0,10,0,0,79
1789054386,20,315.0,336.0,328.9,8,0,0,79
1789054387,20,325.0,338.0,329.9,9,0,0,79
1789054388,20,316.0,336.0,329.8,12,0,0,79
1789054389,20,325.0,334.0,329.5,9,0,0,79
1789054390,20,306.0,345.0,329.2,9,1,0,79
1789054391,20,304.0,336.0,328.4,10,0,0,79
1789054392,20,313.0,359.0,331.4,10,3,1,79
1789054393,20,322.0,340.0,329.9,7,0,0,79
1789054394,20,54.0,328.0,77.9,0,0,0,49
1789054395,20,51.0,244.0,61.8,0,0,0,72
1789054396,20,270.0,368.0,331.9,12,5,5,81
1789054397,20,276.0,372.0,331.0,8,3,2,84
1789054398,20,289.0,357.0,326.4,9,3,2,85
1789054399,20,271.0,364.0,330.0,10,4,3,85
1789054400,20,242.0,361.0,325.9,11,3,2,85
1789054401,20,291.0,353.0,328.9,7,2,1,84
1789054402,20,187.0,368.0,323.5,10,3,3,86
1789054403,20,257.0,360.0,327.8,9,2,2,86
1789054404,20,160.0,369.0,330.6,13,7,5,86
1789054405,20,247.0,375.0,326.6,12,2,2,86
1789054406,20,268.0,384.0,330.9,10,5,3,86
1789054407,20,262.0,360.0,326.5,10,3,3,86
1789054408,20,288.0,357.0,327.8,7,3,1,85
1789054409,20,193.0,374.0,326.6,9,6,4,86
1789054410,20,223.0,352.0,322.6,9,1,1,86
1789054412,20,251.0,368.0,317.0,6,4,2,81
1789054413,20,307.0,353.0,329.4,9,1,1,79
1789054414,20,309.0,333.0,328.6,8,0,0,79
1789054415,20,311.0,345.0,329.8,11,1,0,79
1789054416,20,324.0,343.0,329.9,8,1,0,79
1789054417,20,54.0,396.0,272.9,9,5,3,85
1789054418,20,253.0,369.0,328.1,8,2,2,79
1789054419,20,325.0,360.0,331.8,8,2,1,80
1789054420,20,195.0,336.0,323.1,9,0,0,59
1789054421,20,76.0,365.0,318.1,11,9,7,79
1789054422,20,325.0,339.0,329.6,8,0,0,79
1789054423,20,318.0,334.0,329.0,9,0,0,79
1789054424,20,325.0,341.0,330.1,9,2,0,79
1789054425,20,323.0,335.0,329.1,8,0,0,79
1789054426,20,324.0,339.0,329.7,9,0,0,79
1789054427,20,304.0,333.0,328.4,7,0,0,79
1789054428,20,323.0,368.0,333.9,10,4,2,79
1789054429,20,54.0,338.0,126.2,4,0,0,49
1789054430,20,51.0,54.0,51.9,0,0,0,48
1789054431,20,51.0,366.0,137.4,4,4,4,81
1789054432,20,273.0,363.0,328.1,10,4,2,83
1789054433,20,290.0,353.0,326.6,8,2,1,84
1789054434,20,297.0,390.0,332.3,9,5,3,85
1789054435,20,258.0,379.0,330.9,8,4,3,83
1789054436,20,236.0,372.0,323.9,7,3,2,85
1789054437,20,288.0,355.0,327.2,8,4,1,86
1789054438,20,279.0,364.0,330.9,10,5,3,80
1789054439,20,266.0,361.0,329.8,10,4,3,85
1789054440,20,253.0,370.0,323.5,9,5,4,86
1789054441,20,225.0,364.0,328.4,13,4,1,86
1789054442,20,248.0,369.0,325.7,11,3,2,85
1789054443,20,223.0,364.0,326.9,11,4,2,86
1789054444,20,261.0,361.0,331.3,12,7,4,85
1789054445,20,247.0,366.0,330.1,10,5,3,86
1789054446,20,239.0,358.0,327.6,11,5,2,86
1789054447,20,239.0,359.0,316.7,7,4,1,79
1789054448,20,311.0,335.0,328.6,8,0,0,79
1789054449,20,53.0,360.0,276.8,10,3,1,70
1789054450,20,280.0,362.0,329.8,8,3,3,79
1789054451,20,323.0,337.0,329.9,10,0,0,79
1789054452,20,316.0,348.0,329.8,10,1,0,79
1789054454,20,324.0,336.0,329.9,9,0,0,79
1789054455,20,54.0,336.0,224.0,6,0,0,51
1789054456,20,51.0,54.0,53.0,0,0,0,48
1789054457,20,51.0,52.0,51.1,0,0,0,47
1789054458,20,51.0,362.0,202.1,6,4,3,82
1789054459,20,259.0,361.0,325.0,10,2,1,77
1789054460,20,323.0,339.0,329.6,7,0,0,77
1789054461,20,305.0,333.0,327.4,9,0,0,77
1789054462,20,320.0,338.0,329.1,9,0,0,77
1789054463,20,54.0,407.0,296.4,10,4,2,78
1789054464,20,314.0,344.0,329.3,7,1,0,78
1789054465,20,326.0,342.0,330.4,10,1,0,78
1789054466,20,54.0,335.0,252.2,7,0,0,50
1789054467,20,51.0,54.0,52.5,0,0,0,48
1789054468,20,51.0,52.0,51.1,0,0,0,46
1789054469,20,51.0,51.0,51.0,0,0,0,46
1789054470,20,51.0,52.0,51.0,0,0,0,46
1789054471,20,49.0,51.0,50.1,0,0,0,45
1789054472,20,49.0,51.0,50.0,0,0,0,45
1789054473,20,50.0,51.0,50.0,0,0,0,44
1789054474,20,49.0,50.0,49.3,0,0,0,44
1789054475,20,48.0,50.0,49.0,0,0,0,44
1789054476,20,49.0,49.0,49.0,0,0,0,43
1789054477,20,49.0,50.0,49.0,0,0,0,43
1789054478,20,48.0,103.0,56.9,0,0,0,43
1789054479,20,46.0,52.0,49.0,0,0,0,43
1789054480,20,48.0,81.0,55.6,0,0,0,43
1789054481,20,48.0,201.0,62.7,0,0,0,42
1789054482,20,48.0,308.0,80.3,0,0,0,42
1789054483,20,48.0,49.0,48.5,0,0,0,42
1789054484,20,48.0,62.0,50.0,0,0,0,42
1789054485,20,90.0,380.0,326.9,11,6,5,77
1789054486,20,322.0,347.0,330.6,10,1,0,79
1789054487,20,64.0,371.0,278.0,8,4,4,79
1789054488,20,263.0,352.0,325.5,6,2,1,80
1789054489,20,64.0,365.0,295.9,9,5,4,80
1789054490,20,257.0,369.0,327.4,10,4,3,82
1789054491,20,273.0,390.0,326.9,8,2,2,67
1789054492,20,66.0,370.0,285.4,11,7,5,82
1789054493,20,292.0,361.0,329.5,9,5,1,76
1789054494,20,62.0,417.0,247.7,5,5,2,69
1789054495,20,282.0,362.0,332.4,10,6,4,82
1789054496,20,283.0,363.0,323.5,9,3,1,82
1789054498,20,67.0,369.0,298.3,10,6,3,83
1789054499,20,249.0,342.0,326.0,10,1,0,83
1789054500,20,256.0,362.0,325.0,10,2,1,83
1789054501,20,67.0,367.0,302.6,9,5,3,79
1789054502,20,100.0,351.0,284.1,6,6,1,67
1789054503,20,157.0,355.0,315.1,10,3,2,77
1789054504,20,324.0,343.0,329.9,10,1,0,77
1789054505,20,52.0,357.0,259.7,6,2,1,77
1789054506,20,52.0,345.0,288.4,8,1,0,50
1789054507,20,50.0,53.0,51.0,0,0,0,46
1789054508,20,50.0,59.0,50.5,0,0,0,45
1789054509,20,62.0,374.0,232.9,8,4,4,80
1789054510,20,259.0,371.0,327.7,9,3,2,83
1789054511,20,317.0,365.0,334.4,12,3,3,78
1789054512,20,259.0,404.0,336.1,9,4,4,83
1789054513,20,209.0,369.0,311.4,10,5,4,83
1789054514,20,317.0,353.0,330.9,10,3,1,83
1789054515,20,271.0,345.0,323.4,6,4,0,83
1789054516,20,143.0,374.0,311.4,10,5,5,83
1789054517,20,285.0,341.0,328.1,10,1,0,83
1789054518,20,145.0,357.0,311.6,9,4,2,84
1789054519,20,307.0,357.0,331.1,8,3,2,84
1789054520,20,311.0,346.0,328.7,8,2,0,83
1789054521,20,129.0,361.0,302.9,11,6,3,83
1789054522,20,313.0,378.0,335.4,11,3,3,84
1789054523,20,270.0,357.0,328.7,10,2,1,84
1789054524,20,153.0,365.0,312.0,10,4,1,85
1789054525,20,168.0,377.0,292.9,6,3,1,76
1789054526,20,315.0,343.0,330.7,10,3,0,78
1789054527,20,323.0,342.0,330.0,11,1,0,78
1789054528,20,326.0,337.0,330.1,9,0,0,78
1789054530,20,53.0,360.0,276.7,10,3,1,84
1789054531,20,263.0,341.0,321.2,10,1,0,78
1789054532,20,261.0,339.0,322.5,11,0,0,78
1789054533,20,304.0,335.0,328.1,8,0,0,78
1789054534,20,325.0,346.0,330.2,7,1,0,78
1789054535,20,325.0,338.0,330.6,11,0,0,78
1789054536,20,325.0,339.0,329.5,8,0,0,78
1789054537,20,315.0,339.0,329.5,8,0,0,79
1789054538,20,325.0,336.0,329.5,8,0,0,78
1789054539,20,52.0,333.0,98.9,2,0,0,48
1789054540,20,50.0,54.0,51.8,0,0,0,47
1789054541,20,51.0,293.0,68.1,0,0,0,71
1789054542,20,262.0,368.0,328.4,11,4,4,82
1789054543,20,282.0,357.0,327.8,11,2,2,81
1789054544,20,117.0,366.0,317.8,11,5,1,84
1789054546,20,127.0,380.0,316.8,9,4,3,84
1789054547,20,320.0,340.0,328.5,6,0,0,84
1789054548,20,177.0,343.0,315.4,8,2,0,63
1789054549,20,277.0,352.0,328.6,11,3,1,85
1789054550,20,275.0,407.0,326.6,7,3,2,86
1789054551,20,77.0,369.0,309.2,8,3,2,84
1789054552,20,294.0,394.0,332.5,11,3,2,84
1789054553,20,242.0,356.0,324.6,9,2,1,76
1789054554,20,268.0,365.0,314.8,8,3,2,85
1789054555,20,309.0,375.0,329.6,8,5,1,85
1789054556,20,272.0,381.0,327.5,8,2,1,69
1789054557,20,225.0,357.0,316.1,7,3,1,86
1789054558,20,226.0,387.0,308.5,5,3,3,79
1789054559,20,317.0,333.0,328.7,5,0,0,79
1789054560,20,323.0,334.0,329.5,9,0,0,79
1789054561,20,324.0,338.0,329.3,7,0,0,79
1789054562,20,321.0,341.0,329.5,8,1,0,79
1789054563,20,323.0,333.0,329.4,10,0,0,79
1789054564,20,321.0,334.0,329.2,9,0,0,77
1789054565,20,235.0,339.0,320.8,10,0,0,79
1789054566,20,319.0,334.0,328.4,8,0,0,79
1789054567,20,318.0,334.0,329.0,9,0,0,79
1789054568,20,313.0,342.0,328.9,8,1,0,79
1789054569,20,325.0,340.0,330.6,8,0,0,79
1789054570,20,325.0,338.0,330.2,8,0,0,79
1789054571,20,323.0,336.0,329.4,10,0,0,79
1789054572,20,307.0,334.0,328.5,8,0,0,79
1789054573,20,325.0,343.0,330.1,9,1,0,79
1789054574,20,161.0,338.0,319.5,11,0,0,79
1789054575,20,325.0,342.0,330.5,9,1,0,79
1789054576,20,326.0,340.0,330.2,9,0,0,79
1789054577,20,326.0,334.0,329.6,7,0,0,79
1789054578,20,318.0,338.0,328.9,9,0,0,79
1789054580,20,309.0,333.0,328.6,9,0,0,79
1789054581,20,316.0,334.0,328.6,7,0,0,79
1789054582,20,322.0,334.0,329.2,6,0,0,79
1789054583,20,325.0,336.0,329.9,7,0,0,79
1789054584,20,245.0,340.0,322.6,10,0,0,79
1789054585,20,307.0,335.0,328.2,7,0,0,79
1789054586,20,305.0,333.0,328.1,8,0,0,79
1789054587,20,315.0,336.0,329.4,9,0,0,79
1789054588,20,325.0,334.0,330.1,10,0,0,79
1789054589,20,326.0,336.0,329.8,8,0,0,79
1789054590,20,325.0,342.0,331.1,10,1,0,79
1789054591,20,326.0,340.0,330.2,9,0,0,79
1789054592,20,326.0,344.0,330.4,9,1,0,79
1789054593,20,269.0,337.0,322.8,8,0,0,80
1789054594,20,316.0,338.0,329.4,9,0,0,79
1789054595,20,326.0,338.0,329.9,8,0,0,79
1789054596,20,326.0,337.0,329.9,8,0,0,80
1789054597,20,319.0,335.0,329.2,8,0,0,79
1789054598,20,325.0,341.0,330.2,8,1,0,79
1789054599,20,311.0,333.0,328.3,6,0,0,80
1789054600,20,325.0,340.0,329.9,9,0,0,79
1789054601,20,325.0,342.0,330.2,11,1,0,79
1789054602,20,67.0,333.0,312.2,6,0,0,73
1789054603,20,325.0,348.0,332.4,11,1,0,79
1789054604,20,326.0,340.0,329.9,6,0,0,79
1789054605,20,314.0,345.0,329.2,7,1,0,79
1789054606,20,326.0,335.0,329.6,6,0,0,79
1789054607,20,325.0,346.0,330.6,7,1,0,79
1789054608,20,324.0,336.0,329.0,3,0,0,79
1789054609,20,326.0,337.0,330.4,10,0,0,79
1789054610,20,319.0,334.0,328.9,7,0,0,79
1789054611,20,317.0,338.0,329.1,6,0,0,79
1789054612,20,263.0,340.0,325.0,11,0,0,79
1789054613,20,325.0,346.0,330.0,6,1,0,79
1789054614,20,326.0,340.0,329.8,9,0,0,79
1789054615,20,326.0,337.0,329.9,9,0,0,79
1789054616,20,325.0,337.0,329.9,10,0,0,79
1789054617,20,313.0,334.0,329.1,9,0,0,79
1789054618,20,326.0,343.0,330.2,8,1,0,79
1789054619,20,325.0,338.0,330.6,10,0,0,79
1789054621,20,305.0,335.0,328.2,10,0,0,79
1789054622,20,279.0,342.0,325.4,8,1,0,79
1789054623,20,327.0,333.0,329.6,8,0,0,79
1789054624,20,318.0,339.0,329.8,9,0,0,80
1789054625,20,325.0,337.0,329.8,7,0,0,79
1789054626,20,311.0,347.0,330.5,9,1,0,79
1789054627,20,323.0,337.0,329.6,9,0,0,79
1789054628,20,326.0,332.0,329.6,10,0,0,79
1789054629,20,314.0,339.0,328.9,8,0,0,79
1789054630,20,326.0,345.0,331.2,12,1,0,79
1789054631,20,272.0,341.0,324.6,10,1,0,80
1789054632,20,325.0,346.0,331.9,14,1,0,79
1789054633,20,325.0,340.0,330.3,9,0,0,79
1789054634,20,325.0,337.0,330.1,11,0,0,79
1789054635,20,323.0,342.0,329.6,7,1,0,79
1789054636,20,323.0,342.0,330.8,11,2,0,79
1789054637,20,319.0,344.0,331.7,11,2,0,79
1789054638,20,313.0,333.0,328.9,10,0,0,80
1789054639,20,323.0,335.0,329.6,9,0,0,79
1789054640,20,321.0,336.0,329.4,8,0,0,79
1789054641,20,236.0,337.0,319.3,8,0,0,79
1789054642,20,322.0,335.0,329.4,9,0,0,79
1789054643,20,325.0,341.0,330.4,10,1,0,79
1789054644,20,326.0,333.0,329.4,9,0,0,80
1789054645,20,313.0,339.0,329.4,10,0,0,79
1789054646,20,303.0,334.0,327.9,7,0,0,79
1789054647,20,326.0,333.0,329.5,7,0,0,79
1789054648,20,317.0,338.0,329.9,12,0,0,79
1789054649,20,325.0,336.0,329.6,7,0,0,79
1789054650,20,266.0,340.0,326.4,8,0,0,80
1789054651,20,315.0,334.0,328.4,10,0,0,79
1789054652,20,325.0,341.0,330.1,7,1,0,79
1789054653,20,291.0,341.0,328.3,8,1,0,80
1789054654,20,309.0,345.0,329.6,10,1,0,79
1789054655,20,326.0,342.0,329.7,8,1,0,79
1789054656,20,316.0,334.0,329.5,9,0,0,79
1789054657,20,325.0,340.0,330.3,7,0,0,79
1789054658,20,313.0,337.0,328.9,10,0,0,79
1789054659,20,237.0,338.0,321.1,12,0,0,79
1789054660,20,324.0,339.0,329.6,7,0,0,80
1789054661,20,322.0,337.0,329.8,10,0,0,80
1789054663,20,323.0,335.0,329.3,8,0,0,79
1789054664,20,293.0,344.0,328.1,9,1,0,80
1789054665,20,323.0,352.0,330.0,10,1,1,79
1789054666,20,309.0,333.0,328.5,7,0,0,79
1789054667,20,309.0,335.0,328.6,10,0,0,79
1789054668,20,326.0,342.0,330.2,8,1,0,79
1789054669,20,264.0,354.0,330.4,13,4,1,80
1789054670,20,324.0,341.0,329.0,5,1,0,80
1789054671,20,321.0,340.0,329.4,9,0,0,80
1789054672,20,307.0,337.0,329.6,12,0,0,79
1789054673,20,310.0,337.0,328.6,9,0,0,79
1789054674,20,325.0,338.0,330.1,11,0,0,79
1789054675,20,318.0,342.0,329.7,10,1,0,79
1789054676,20,325.0,345.0,330.1,8,1,0,79
1789054677,20,325.0,338.0,329.6,8,0,0,80
1789054678,20,67.0,339.0,294.2,7,0,0,54
1789054679,20,67.0,342.0,307.2,9,1,0,79
1789054680,20,320.0,344.0,329.3,8,1,0,80
1789054681,20,319.0,335.0,329.2,9,0,0,80
1789054682,20,325.0,347.0,330.2,8,1,0,80
1789054683,20,325.0,336.0,329.5,7,0,0,80
1789054684,20,324.0,334.0,328.9,7,0,0,80
1789054685,20,316.0,337.0,329.4,8,0,0,79
1789054686,20,307.0,339.0,329.1,6,0,0,79
1789054687,20,303.0,344.0,329.5,7,1,0,80
1789054688,20,263.0,350.0,324.7,9,1,0,79
1789054689,20,312.0,337.0,328.6,9,0,0,79
1789054690,20,324.0,336.0,329.9,9,0,0,80
1789054691,20,325.0,333.0,329.6,11,0,0,80
1789054692,20,321.0,336.0,329.6,9,0,0,80
1789054693,20,299.0,334.0,327.9,6,0,0,80
1789054694,20,315.0,340.0,330.1,8,0,0,79
1789054695,20,295.0,341.0,327.6,8,1,0,79
1789054696,20,325.0,345.0,330.3,6,1,0,80
1789054697,20,300.0,351.0,332.2,13,2,1,80
1789054698,20,302.0,337.0,328.1,9,0,0,79
1789054699,20,325.0,334.0,329.6,7,0,0,79
1789054700,20,322.0,343.0,329.8,7,1,0,80
1789054701,20,311.0,335.0,328.9,7,0,0,80
1789054702,20,316.0,347.0,330.0,9,1,0,79
1789054703,20,326.0,338.0,329.8,8,0,0,79
1789054705,20,324.0,334.0,329.6,5,0,0,80
1789054706,20,308.0,333.0,328.6,7,0,0,80
1789054707,20,220.0,342.0,324.6,8,2,0,80
1789054708,20,323.0,333.0,329.1,5,0,0,80
1789054709,20,62.0,338.0,313.2,6,0,0,59
1789054710,20,176.0,344.0,305.4,5,2,0,80
1789054711,20,315.0,341.0,329.8,8,1,0,80
1789054712,20,325.0,334.0,329.8,9,0,0,79
1789054713,20,325.0,347.0,330.9,11,1,0,80
1789054714,20,308.0,341.0,329.1,7,1,0,80
1789054715,20,270.0,346.0,330.4,12,4,0,80
1789054716,20,326.0,342.0,330.9,10,1,0,80
1789054717,20,317.0,337.0,329.1,9,0,0,80
1789054718,20,325.0,345.0,330.1,8,1,0,80
1789054719,20,325.0,337.0,329.8,8,0,0,80
1789054720,20,57.0,331.0,114.9,3,0,0,50
1789054721,20,55.0,344.0,97.7,2,2,0,78
1789054722,20,262.0,372.0,330.1,9,5,3,85
1789054723,20,142.0,365.0,319.1,9,2,1,84
1789054724,20,263.0,370.0,329.8,9,4,3,86
1789054725,20,313.0,393.0,334.4,12,3,2,77
1789054726,20,169.0,351.0,319.8,10,4,1,86
1789054727,20,313.0,358.0,332.6,11,4,2,86
1789054728,20,80.0,384.0,306.4,9,3,1,85
1789054729,20,302.0,349.0,329.1,9,5,0,87
1789054730,20,198.0,367.0,312.4,9,2,1,85
1789054731,20,294.0,343.0,325.8,10,3,0,87
1789054732,20,293.0,346.0,327.0,10,3,0,87
1789054733,20,229.0,368.0,310.4,7,3,1,86
1789054734,20,311.0,368.0,333.1,11,6,2,86
1789054735,20,291.0,366.0,329.7,10,3,1,87
1789054736,20,174.0,347.0,310.9,9,1,0,87
1789054737,20,232.0,352.0,300.5,5,5,3,80
1789054738,20,326.0,338.0,329.8,10,0,0,80
1789054739,20,325.0,333.0,329.6,9,0,0,79
1789054740,20,321.0,344.0,330.2,10,1,0,79
1789054741,20,325.0,344.0,330.4,10,1,0,80
1789054742,20,323.0,332.0,329.5,10,0,0,79
1789054743,20,276.0,336.0,327.3,10,0,0,80
1789054744,20,259.0,339.0,325.4,9,0,0,79
1789054745,20,326.0,340.0,330.7,12,0,0,79
1789054747,20,325.0,341.0,330.1,8,1,0,80
1789054748,20,326.0,337.0,329.4,6,0,0,80
1789054749,20,326.0,336.0,329.9,10,0,0,80
1789054750,20,325.0,339.0,329.3,7,0,0,80
1789054751,20,312.0,341.0,329.4,9,1,0,80
1789054752,20,308.0,333.0,328.4,6,0,0,80
1789054753,20,326.0,336.0,329.9,8,0,0,80
1789054754,20,289.0,342.0,328.4,10,2,0,80
1789054755,20,324.0,336.0,329.6,7,0,0,80
1789054756,20,326.0,342.0,330.4,8,1,0,80
1789054757,20,326.0,342.0,330.6,9,2,0,80
1789054758,20,324.0,335.0,328.9,6,0,0,80
1789054759,20,307.0,342.0,328.1,7,1,0,80
1789054760,20,323.0,335.0,329.1,6,0,0,80
1789054761,20,325.0,338.0,330.1,9,0,0,80
1789054762,20,321.0,346.0,329.6,8,1,0,80
1789054763,20,228.0,336.0,319.4,7,0,0,79
1789054764,20,326.0,341.0,330.4,9,1,0,80
1789054765,20,321.0,339.0,329.9,8,0,0,80
1789054766,20,325.0,334.0,329.8,7,0,0,80
1789054767,20,322.0,344.0,329.9,9,1,0,80
1789054768,20,326.0,343.0,330.9,11,1,0,80
1789054769,20,315.0,337.0,328.9,5,0,0,80
1789054770,20,326.0,334.0,329.4,8,0,0,80
1789054771,20,325.0,348.0,330.1,5,1,0,80
1789054772,20,321.0,334.0,328.9,8,0,0,78
1789054773,20,196.0,339.0,324.2,10,0,0,80
1789054774,20,320.0,333.0,328.9,9,0,0,80
1789054775,20,326.0,337.0,330.1,9,0,0,80
1789054776,20,323.0,339.0,330.1,6,0,0,80
1789054777,20,325.0,333.0,329.4,8,0,0,80
1789054778,20,302.0,349.0,329.0,7,1,0,80
1789054779,20,323.0,337.0,329.8,8,0,0,80
1789054780,20,326.0,341.0,330.7,10,1,0,80
1789054781,20,314.0,334.0,328.6,8,0,0,80
1789054782,20,243.0,339.0,321.1,7,0,0,80
1789054783,20,300.0,342.0,329.2,7,1,0,80
1789054784,20,318.0,350.0,330.0,9,1,0,80
1789054785,20,325.0,341.0,329.9,7,1,0,80
1789054786,20,314.0,342.0,329.1,6,1,0,80
1789054787,20,325.0,333.0,329.4,7,0,0,80
1789054789,20,325.0,341.0,330.6,8,1,0,80
1789054790,20,322.0,340.0,330.2,9,0,0,80
1789054791,20,313.0,335.0,328.9,9,0,0,80
1789054792,20,254.0,337.0,322.5,8,0,0,80
1789054793,20,324.0,336.0,328.9,4,0,0,80
1789054794,20,320.0,336.0,329.7,8,0,0,80
1789054795,20,320.0,333.0,328.6,8,0,0,80
1789054796,20,325.0,333.0,329.6,8,0,0,80
1789054797,20,314.0,339.0,328.9,8,0,0,80
1789054798,20,324.0,332.0,329.1,4,0,0,80
1789054799,20,303.0,339.0,327.9,8,0,0,79
1789054800,20,324.0,336.0,329.7,8,0,0,80
1789054801,20,248.0,338.0,323.1,11,0,0,77
1789054802,20,320.0,343.0,330.4,9,1,0,80
1789054803,20,322.0,334.0,328.7,5,0,0,80
1789054804,20,326.0,342.0,331.1,12,1,0,80
1789054805,20,326.0,337.0,330.1,9,0,0,80
1789054806,20,303.0,333.0,327.9,6,0,0,80
1789054807,20,320.0,338.0,329.4,6,0,0,80
1789054808,20,326.0,336.0,330.0,5,0,0,80
1789054809,20,310.0,339.0,329.6,8,0,0,80
1789054810,20,311.0,337.0,329.0,6,0,0,80
1789054811,20,258.0,341.0,323.6,12,1,0,80
1789054812,20,324.0,336.0,329.8,11,0,0,80
1789054813,20,321.0,333.0,329.1,8,0,0,80
1789054814,20,326.0,336.0,329.9,9,0,0,80
1789054815,20,326.0,342.0,330.6,11,1,0,80
1789054816,20,316.0,340.0,329.0,6,0,0,80
1789054817,20,323.0,333.0,329.1,7,0,0,80
1789054818,20,326.0,337.0,330.5,9,0,0,80
1789054819,20,323.0,341.0,329.6,8,1,0,80
1789054820,20,241.0,341.0,322.5,8,2,0,80
1789054821,20,292.0,345.0,328.9,10,1,0,80
1789054822,20,311.0,339.0,328.9,8,0,0,80
1789054823,20,327.0,332.0,329.7,8,0,0,80
1789054824,20,321.0,349.0,330.5,10,1,0,80
1789054825,20,320.0,333.0,329.4,10,0,0,80
1789054826,20,325.0,336.0,329.9,12,0,0,80
1789054827,20,298.0,344.0,328.8,8,1,0,80
1789054828,20,297.0,337.0,327.9,10,0,0,80
1789054830,20,288.0,336.0,324.8,6,0,0,81
1789054831,20,312.0,339.0,328.7,9,0,0,80
1789054832,20,324.0,336.0,330.3,9,0,0,80
1789054833,20,325.0,346.0,331.2,10,1,0,80
1789054834,20,325.0,333.0,329.6,10,0,0,80
1789054835,20,313.0,340.0,329.1,7,0,0,80
1789054836,20,324.0,334.0,329.4,6,0,0,80
1789054837,20,325.0,343.0,329.8,7,1,0,80
1789054838,20,324.0,341.0,330.1,8,1,0,80
1789054839,20,312.0,333.0,327.6,4,0,0,79
1789054840,20,171.0,346.0,323.7,10,1,0,80
1789054841,20,323.0,354.0,330.5,9,1,1,79
1789054842,20,325.0,345.0,330.4,10,1,0,80
1789054843,20,316.0,335.0,329.7,9,0,0,80
1789054844,20,323.0,338.0,329.4,8,0,0,80
1789054845,20,322.0,335.0,329.2,8,0,0,80
1789054846,20,307.0,347.0,329.8,11,2,0,80
1789054847,20,323.0,334.0,329.0,7,0,0,79
1789054848,20,325.0,337.0,330.2,10,0,0,80
1789054849,20,258.0,345.0,325.1,9,2,0,80
1789054850,20,316.0,340.0,329.2,7,0,0,80
1789054851,20,246.0,343.0,326.4,10,1,0,80
1789054852,20,319.0,342.0,329.5,8,1,0,80
1789054853,20,306.0,334.0,328.6,10,0,0,80
1789054854,20,262.0,339.0,325.6,10,0,0,80
1789054855,20,325.0,333.0,329.2,8,0,0,80
1789054856,20,325.0,344.0,330.4,7,1,0,80
1789054857,20,317.0,343.0,329.3,8,1,0,80
1789054858,20,227.0,341.0,322.9,9,1,0,80
1789054859,20,325.0,342.0,330.5,10,1,0,80
1789054860,20,323.0,337.0,329.9,8,0,0,80
1789054861,20,325.0,333.0,329.2,5,0,0,80
1789054862,20,314.0,341.0,330.1,10,1,0,80
1789054863,20,301.0,337.0,329.1,10,0,0,80
1789054864,20,313.0,343.0,329.6,8,1,0,80
1789054865,20,323.0,343.0,330.4,9,1,0,80
1789054866,20,324.0,349.0,330.8,11,1,0,80
1789054867,20,266.0,341.0,323.1,11,1,0,80
1789054868,20,326.0,347.0,330.9,11,1,0,79
1789054869,20,325.0,348.0,330.0,6,1,0,80
1789054870,20,325.0,333.0,329.5,9,0,0,80
1789054872,20,311.0,337.0,328.9,9,0,0,80
1789054873,20,325.0,334.0,329.6,10,0,0,80
1789054874,20,326.0,347.0,331.1,9,1,0,80
1789054875,20,324.0,337.0,330.4,12,0,0,80
1789054876,20,313.0,337.0,329.1,10,0,0,80
1789054877,20,255.0,344.0,324.2,9,1,0,80
1789054878,20,324.0,342.0,330.3,10,1,0,80
1789054879,20,306.0,336.0,328.1,9,0,0,80
1789054880,20,324.0,334.0,329.4,9,0,0,80
1789054881,20,312.0,341.0,329.3,8,1,0,80
1789054882,20,325.0,341.0,330.2,11,1,0,80
1789054883,20,326.0,339.0,329.6,6,0,0,80
1789054884,20,325.0,342.0,330.1,8,1,0,80
1789054885,20,315.0,335.0,329.1,9,0,0,80
1789054886,20,193.0,347.0,323.0,11,2,0,80
1789054887,20,316.0,337.0,328.9,10,0,0,80
1789054888,20,325.0,342.0,330.8,9,1,0,80
1789054889,20,59.0,345.0,278.0,7,2,0,80
1789054890,20,324.0,341.0,329.8,8,1,0,80
1789054891,20,311.0,335.0,328.8,8,0,0,80
1789054892,20,326.0,344.0,330.9,10,2,0,80
1789054893,20,299.0,339.0,328.6,8,0,0,80
1789054894,20,301.0,339.0,327.2,8,0,0,75
1789054895,20,322.0,344.0,330.7,9,3,0,80
1789054896,20,316.0,337.0,329.4,11,0,0,80
1789054897,20,325.0,340.0,329.6,9,0,0,80
1789054898,20,325.0,341.0,329.8,7,1,0,80
1789054899,20,56.0,347.0,316.6,10,2,0,58
1789054900,20,53.0,59.0,55.5,0,0,0,50
1789054901,20,52.0,362.0,187.0,4,3,2,78
1789054902,20,304.0,348.0,330.2,8,2,0,79
1789054903,20,185.0,349.0,325.9,8,5,0,85
1789054904,20,267.0,366.0,327.6,8,4,1,86
1789054905,20,179.0,359.0,311.4,9,4,1,87
1789054906,20,291.0,354.0,326.1,7,4,1,86
1789054907,20,283.0,351.0,326.2,11,3,1,71
1789054908,20,83.0,348.0,308.1,9,3,0,87
1789054909,20,310.0,358.0,331.6,10,6,2,86
1789054910,20,74.0,370.0,311.9,10,3,1,87
1789054911,20,262.0,372.0,330.1,9,6,2,87
1789054912,20,230.0,361.0,322.1,8,3,2,74
1789054913,20,76.0,375.0,302.8,7,1,1,86
1789054915,20,310.0,397.0,333.5,10,5,2,87
1789054916,20,248.0,347.0,316.9,8,3,0,80
1789054917,20,221.0,372.0,322.6,11,3,1,87
1789054918,20,221.0,371.0,307.4,6,3,3,80
1789054919,20,313.0,335.0,328.8,8,0,0,80
1789054920,20,310.0,333.0,328.4,7,0,0,80
1789054921,20,326.0,338.0,330.7,10,0,0,80
1789054922,20,326.0,336.0,329.9,11,0,0,80
1789054923,20,320.0,336.0,329.2,9,0,0,80
1789054924,20,322.0,335.0,329.7,9,0,0,80
1789054925,20,223.0,340.0,321.1,10,0,0,80
1789054926,20,324.0,336.0,329.4,6,0,0,80
1789054927,20,317.0,341.0,328.9,9,1,0,80
1789054928,20,310.0,336.0,328.7,9,0,0,80
1789054929,20,323.0,335.0,329.9,10,0,0,80
1789054930,20,326.0,338.0,330.1,9,0,0,80
1789054931,20,325.0,335.0,329.4,8,0,0,80
1789054932,20,322.0,341.0,329.6,8,1,0,80
1789054933,20,326.0,342.0,330.1,5,1,0,80
1789054934,20,243.0,339.0,324.2,11,0,0,80
1789054935,20,326.0,348.0,330.5,8,1,0,80
1789054936,20,325.0,335.0,330.6,12,0,0,80
1789054937,20,326.0,338.0,330.0,7,0,0,80
1789054938,20,326.0,336.0,329.8,7,0,0,80
1789054939,20,317.0,332.0,328.9,7,0,0,80
1789054940,20,325.0,333.0,329.2,7,0,0,80
1789054941,20,310.0,334.0,327.7,7,0,0,80
1789054942,20,308.0,335.0,328.8,8,0,0,80
1789054943,20,220.0,344.0,321.1,12,2,0,81
1789054944,20,317.0,332.0,328.7,8,0,0,81
1789054945,20,308.0,338.0,328.9,7,0,0,80
1789054946,20,326.0,342.0,330.9,7,1,0,80
1789054947,20,325.0,334.0,329.6,7,0,0,80
1789054948,20,325.0,341.0,330.1,6,1,0,80
1789054949,20,320.0,340.0,329.8,10,0,0,80
1789054950,20,326.0,340.0,330.2,10,0,0,80
1789054951,20,301.0,337.0,328.6,7,0,0,80
1789054952,20,251.0,341.0,322.6,7,1,0,80
1789054953,20,309.0,346.0,329.7,7,1,0,80
1789054954,20,313.0,333.0,328.3,7,0,0,80
1789054956,20,313.0,336.0,328.4,7,0,0,80
1789054957,20,325.0,350.0,330.3,6,1,0,80
1789054958,20,325.0,337.0,329.6,6,0,0,80
1789054959,20,326.0,333.0,329.8,6,0,0,80
1789054960,20,316.0,334.0,328.1,5,0,0,80
1789054961,20,322.0,335.0,328.9,7,0,0,80
1789054962,20,327.0,340.0,330.4,8,0,0,79
1789054963,20,214.0,338.0,317.1,9,0,0,80
1789054964,20,321.0,337.0,328.9,8,0,0,80
1789054965,20,320.0,333.0,329.1,8,0,0,80
1789054966,20,321.0,335.0,329.4,8,0,0,80
1789054967,20,325.0,338.0,329.9,6,0,0,80
1789054968,20,321.0,333.0,329.3,6,0,0,80
1789054969,20,327.0,334.0,329.6,5,0,0,80
1789054970,20,326.0,337.0,330.2,7,0,0,80
1789054971,20,325.0,335.0,329.9,7,0,0,80
1789054972,20,267.0,339.0,322.5,7,0,0,80
1789054973,20,308.0,339.0,328.5,7,0,0,80
1789054974,20,312.0,337.0,328.8,7,0,0,80
1789054975,20,324.0,345.0,330.9,9,2,0,80
1789054976,20,325.0,342.0,330.5,11,1,0,80
1789054977,20,326.0,337.0,329.9,5,0,0,80
1789054978,20,322.0,339.0,330.1,9,0,0,80
1789054979,20,285.0,339.0,327.6,7,0,0,80
1789054980,20,320.0,340.0,330.1,10,0,0,80
1789054981,20,253.0,343.0,325.6,8,2,0,81
1789054982,20,310.0,335.0,328.1,6,0,0,80
1789054983,20,316.0,337.0,329.1,8,0,0,80
1789054984,20,317.0,332.0,328.7,7,0,0,80
1789054985,20,307.0,337.0,328.2,8,0,0,80
1789054986,20,325.0,341.0,329.9,7,1,0,80
1789054987,20,318.0,333.0,328.8,7,0,0,80
1789054988,20,325.0,338.0,329.8,10,0,0,80
1789054989,20,326.0,336.0,329.7,9,0,0,80
1789054990,20,312.0,335.0,329.0,8,0,0,78
1789054991,20,231.0,342.0,326.9,11,2,0,80
1789054992,20,326.0,349.0,331.1,10,1,0,80
1789054993,20,325.0,342.0,330.1,8,1,0,80
1789054994,20,312.0,337.0,328.8,7,0,0,80
1789054995,20,306.0,332.0,328.4,7,0,0,80
1789054997,20,325.0,339.0,329.9,8,0,0,80
1789054998,20,315.0,333.0,328.8,7,0,0,80
1789054999,20,326.0,339.0,329.9,8,0,0,81
1789055000,20,316.0,333.0,328.6,8,0,0,80
1789055001,20,189.0,340.0,319.3,10,0,0,81
1789055002,20,302.0,338.0,328.8,9,0,0,80
1789055003,20,326.0,335.0,329.8,8,0,0,80
1789055004,20,262.0,341.0,327.4,12,1,0,81
1789055005,20,317.0,332.0,328.7,6,0,0,81
1789055006,20,326.0,336.0,330.1,7,0,0,80
1789055007,20,321.0,333.0,328.9,9,0,0,80
1789055008,20,324.0,336.0,329.8,9,0,0,80
1789055009,20,311.0,335.0,328.6,10,0,0,80
1789055010,20,252.0,343.0,325.5,9,2,0,80
1789055011,20,324.0,345.0,330.8,9,1,0,80
1789055012,20,300.0,337.0,328.5,10,0,0,80
1789055013,20,314.0,338.0,329.3,6,0,0,80
1789055014,20,304.0,339.0,329.2,10,0,0,80
1789055015,20,293.0,334.0,327.2,7,0,0,80
1789055016,20,326.0,339.0,330.0,9,0,0,80
1789055017,20,304.0,339.0,328.9,8,0,0,80
1789055018,20,323.0,333.0,329.1,5,0,0,80
1789055019,20,306.0,339.0,329.5,9,0,0,80
1789055020,20,200.0,340.0,323.1,12,0,0,80
1789055021,20,324.0,336.0,329.7,8,0,0,80
1789055022,20,308.0,336.0,328.9,8,0,0,80
1789055023,20,326.0,341.0,330.2,7,1,0,80
1789055024,20,271.0,338.0,326.9,8,0,0,80
1789055025,20,325.0,337.0,329.8,8,0,0,80
1789055026,20,323.0,338.0,329.6,7,0,0,81
1789055027,20,325.0,333.0,328.9,4,0,0,80
1789055028,20,307.0,344.0,329.6,11,1,0,80
1789055029,20,259.0,344.0,326.2,8,2,0,80
1789055030,20,306.0,339.0,328.9,7,0,0,80
1789055031,20,302.0,337.0,327.7,8,0,0,80
1789055032,20,315.0,339.0,330.2,11,0,0,80
1789055033,20,325.0,334.0,329.6,9,0,0,80
1789055034,20,313.0,336.0,328.4,9,0,0,80
1789055035,20,325.0,335.0,329.6,5,0,0,80
1789055036,20,325.0,340.0,330.4,9,0,0,80
1789055038,20,317.0,334.0,328.5,7,0,0,80
1789055039,20,277.0,336.0,325.9,11,0,0,78
1789055040,20,81.0,341.0,314.8,11,1,0,80
1789055041,20,326.0,337.0,330.1,8,0,0,80
1789055042,20,325.0,341.0,330.3,11,1,0,80
1789055043,20,311.0,344.0,329.3,9,2,0,80
1789055044,20,325.0,334.0,329.6,6,0,0,80
1789055045,20,326.0,344.0,330.4,7,1,0,80
1789055046,20,311.0,337.0,328.9,11,0,0,80
1789055047,20,314.0,335.0,329.4,9,0,0,80
1789055048,20,305.0,338.0,328.6,8,0,0,80
1789055049,20,269.0,341.0,322.4,11,1,0,80
1789055050,20,325.0,347.0,330.4,8,1,0,80
1789055051,20,310.0,338.0,328.8,9,0,0,80
1789055052,20,325.0,334.0,329.2,8,0,0,80
1789055053,20,310.0,339.0,328.7,7,0,0,80
1789055054,20,326.0,338.0,329.9,7,0,0,80
1789055055,20,323.0,342.0,329.7,7,1,0,80
1789055056,20,326.0,337.0,329.9,5,0,0,80
1789055057,20,326.0,339.0,329.7,8,0,0,80
1789055058,20,245.0,340.0,322.6,6,0,0,80
1789055059,20,326.0,339.0,330.1,8,0,0,80
1789055060,20,290.0,336.0,327.8,8,0,0,80
1789055061,20,319.0,345.0,330.1,11,1,0,80
1789055062,20,315.0,333.0,329.3,8,0,0,80
1789055063,20,308.0,336.0,329.2,9,0,0,80
1789055064,20,306.0,334.0,328.5,10,0,0,80
1789055065,20,325.0,344.0,330.1,8,1,0,80
1789055066,20,320.0,338.0,329.8,10,0,0,80
1789055067,20,264.0,339.0,320.6,7,0,0,80
1789055068,20,325.0,343.0,331.2,8,2,0,80
1789055069,20,324.0,334.0,329.1,8,0,0,80
1789055070,20,71.0,344.0,284.3,5,3,0,80
1789055071,20,326.0,343.0,331.3,8,1,0,80
1789055072,20,326.0,339.0,329.4,7,0,0,80
1789055073,20,324.0,340.0,330.0,9,0,0,80
1789055074,20,324.0,335.0,329.4,9,0,0,80
1789055075,20,325.0,334.0,329.2,7,0,0,80
1789055076,20,263.0,343.0,325.1,10,3,0,80
1789055078,20,325.0,333.0,329.4,10,0,0,80
1789055079,20,325.0,335.0,329.2,9,0,0,80
1789055080,20,61.0,338.0,210.8,5,0,0,52
1789055081,20,58.0,71.0,61.6,0,0,0,50
1789055082,20,69.0,365.0,287.2,9,4,2,84
1789055083,20,275.0,357.0,327.9,8,2,2,86
1789055084,20,172.0,356.0,322.4,10,4,1,86
1789055085,20,274.0,375.0,328.9,9,3,2,87
1789055086,20,139.0,348.0,312.8,10,3,0,86
1789055087,20,307.0,344.0,329.1,9,4,0,87
1789055088,20,70.0,346.0,252.7,7,1,0,54
1789055089,20,57.0,136.0,65.0,0,0,0,49
1789055090,20,55.0,89.0,64.5,0,0,0,48
1789055091,20,56.0,195.0,71.5,0,0,0,48
1789055092,20,56.0,322.0,89.5,0,0,0,48
1789055093,20,55.0,61.0,57.4,0,0,0,47
1789055094,20,56.0,368.0,141.8,5,4,4,78
1789055095,20,318.0,348.0,330.1,7,1,0,81
1789055096,20,306.0,348.0,329.8,6,2,0,82
1789055097,20,315.0,348.0,329.1,9,1,0,83
1789055098,20,278.0,357.0,328.1,9,2,1,83
1789055099,20,309.0,360.0,330.5,7,2,1,84
1789055100,20,298.0,367.0,329.1,7,2,1,85
1789055101,20,275.0,348.0,327.6,10,3,0,83
1789055102,20,312.0,345.0,328.1,8,1,0,84
1789055103,20,310.0,379.0,332.1,9,3,1,85
1789055104,20,311.0,378.0,332.6,11,3,1,84
1789055105,20,301.0,358.0,331.6,11,3,2,84
1789055106,20,310.0,353.0,329.6,9,2,1,85
1789055107,20,297.0,376.0,329.2,9,1,1,85
1789055108,20,261.0,395.0,331.7,12,3,2,85
1789055109,20,150.0,373.0,321.0,9,2,2,85
1789055110,20,226.0,365.0,311.1,7,2,2,78
1789055111,20,323.0,348.0,330.9,10,2,0,78
1789055112,20,60.0,335.0,269.6,7,0,0,69
1789055113,20,305.0,367.0,331.6,10,2,2,78
1789055114,20,57.0,337.0,223.9,5,0,0,51
1789055115,20,57.0,66.0,61.2,0,0,0,48
1789055116,20,58.0,365.0,271.4,9,6,5,82
1789055117,20,270.0,388.0,334.2,10,3,3,84
1789055118,20,259.0,370.0,326.4,10,2,2,85
1789055119,20,276.0,371.0,330.1,9,2,1,84
1789055121,20,260.0,372.0,324.6,8,3,2,85
1789055122,20,262.0,379.0,326.9,9,3,2,85
1789055123,20,321.0,369.0,336.3,11,4,4,79
1789055124,20,242.0,374.0,322.2,9,4,3,85
1789055125,20,274.0,358.0,325.7,8,4,2,86
1789055126,20,254.0,368.0,326.2,9,2,1,85
1789055127,20,240.0,370.0,327.6,10,4,3,85
1789055128,20,273.0,355.0,328.3,10,3,2,86
1789055129,20,253.0,387.0,330.8,9,7,4,86
1789055130,20,271.0,339.0,324.1,7,0,0,86
1789055131,20,237.0,405.0,328.6,10,4,2,85
1789055132,20,208.0,371.0,324.6,11,4,2,85
1789055133,20,262.0,365.0,316.9,7,2,1,79
1789055134,20,323.0,333.0,329.4,11,0,0,79
1789055135,20,61.0,374.0,279.2,7,3,3,86
1789055136,20,247.0,361.0,327.4,9,3,2,79
1789055137,20,321.0,341.0,329.4,9,1,0,79
1789055138,20,325.0,333.0,329.6,9,0,0,78
1789055139,20,298.0,360.0,330.2,9,2,1,79
1789055140,20,325.0,336.0,329.6,9,0,0,79
1789055141,20,326.0,341.0,330.6,10,1,0,79
1789055142,20,62.0,341.0,289.9,8,1,0,54
1789055143,20,59.0,63.0,60.9,0,0,0,49
1789055144,20,57.0,63.0,59.1,0,0,0,55
1789055145,20,287.0,366.0,336.5,12,7,6,82
1789055146,20,189.0,361.0,321.9,10,3,2,84
1789055147,20,270.0,372.0,325.3,6,3,2,85
1789055148,20,261.0,375.0,329.5,10,4,3,85
1789055149,20,294.0,357.0,326.9,7,1,1,81
1789055150,20,274.0,406.0,331.8,9,4,3,85
1789055151,20,261.0,372.0,328.2,12,2,2,85
1789055152,20,298.0,361.0,329.1,10,3,1,82
1789055153,20,285.0,373.0,331.3,9,3,3,86
1789055154,20,265.0,356.0,327.2,9,3,2,87
1789055155,20,315.0,429.0,341.8,11,4,4,86
1789055156,20,255.0,368.0,328.6,12,4,1,87
1789055157,20,246.0,359.0,327.1,9,4,2,86
1789055158,20,255.0,384.0,328.7,10,2,2,82
1789055159,20,319.0,378.0,335.1,12,3,2,86
1789055160,20,210.0,371.0,320.2,10,4,3,83
1789055162,20,260.0,366.0,324.6,9,2,2,79
1789055163,20,324.0,334.0,328.9,7,0,0,79
1789055164,20,324.0,338.0,329.8,9,0,0,79
1789055165,20,308.0,333.0,328.6,8,0,0,79
1789055166,20,62.0,364.0,278.2,9,5,2,86
1789055167,20,243.0,356.0,323.9,10,2,2,79
1789055168,20,319.0,341.0,329.0,5,1,0,79
1789055169,20,308.0,347.0,329.6,9,1,0,79
1789055170,20,60.0,366.0,283.2,7,3,3,86
1789055171,20,262.0,385.0,330.5,10,4,2,79
1789055172,20,320.0,343.0,330.1,8,1,0,79
1789055173,20,305.0,346.0,329.4,8,2,0,79
1789055174,20,57.0,330.0,94.2,0,0,0,50
1789055175,20,52.0,64.0,59.1,0,0,0,49
1789055176,20,57.0,367.0,161.1,5,5,3,80
1789055177,20,279.0,393.0,327.8,8,4,2,84
1789055178,20,259.0,376.0,327.1,10,2,2,84
1789055179,20,78.0,375.0,316.6,8,3,1,85
1789055180,20,269.0,359.0,325.2,10,1,1,82
1789055181,20,275.0,370.0,327.5,9,3,2,85
1789055182,20,278.0,372.0,331.3,10,5,4,86
1789055183,20,258.0,360.0,322.4,9,3,1,82
1789055184,20,263.0,373.0,325.1,11,2,1,86
1789055185,20,219.0,376.0,327.1,9,5,4,87
1789055186,20,201.0,382.0,325.5,9,3,2,86
1789055187,20,266.0,353.0,328.1,10,5,3,85
1789055188,20,209.0,380.0,329.8,9,5,4,86
1789055189,20,291.0,344.0,324.2,5,2,0,88
1789055190,20,307.0,373.0,333.1,10,6,3,86
1789055191,20,213.0,363.0,321.2,10,2,2,86
1789055192,20,258.0,357.0,317.8,6,6,3,79
1789055193,20,325.0,339.0,330.5,9,0,0,79
1789055194,20,59.0,359.0,266.3,8,2,2,79
1789055195,20,66.0,351.0,312.9,6,1,1,56
1789055196,20,59.0,66.0,61.0,0,0,0,49
1789055197,20,55.0,61.0,58.7,0,0,0,48
1789055198,20,298.0,372.0,335.3,12,4,4,83
1789055199,20,274.0,369.0,327.5,8,2,2,84
1789055200,20,286.0,358.0,329.6,12,2,1,84
1789055201,20,279.0,352.0,328.1,9,4,2,85
1789055202,20,306.0,354.0,329.6,9,4,2,80
1789055204,20,272.0,384.0,333.0,9,5,4,85
1789055205,20,265.0,351.0,327.1,8,4,1,86
1789055206,20,318.0,408.0,339.8,12,6,5,83
1789055207,20,259.0,372.0,325.6,11,3,2,86
1789055208,20,219.0,361.0,323.2,9,3,1,82
1789055209,20,263.0,374.0,331.4,8,4,2,86
1789055210,20,253.0,369.0,325.6,11,2,2,86
1789055211,20,271.0,358.0,324.8,8,3,1,86
1789055212,20,253.0,376.0,332.6,10,5,3,78
1789055213,20,268.0,381.0,330.9,10,3,2,86
1789055214,20,252.0,365.0,321.2,11,6,3,78
1789055215,20,265.0,364.0,328.8,10,4,2,79
1789055216,20,62.0,337.0,302.2,9,0,0,55
1789055217,20,68.0,366.0,286.9,6,2,2,79
1789055218,20,290.0,337.0,328.2,8,0,0,79
1789055219,20,61.0,333.0,258.9,6,0,0,52
1789055220,20,56.0,66.0,60.1,0,0,0,49
1789055221,20,56.0,366.0,220.2,7,5,4,85
1789055223,20,255.0,375.0,328.1,8,1,1,77
1789055224,20,291.0,362.0,331.1,9,4,3,85
1789055225,20,274.0,363.0,326.6,10,3,1,86
1789055226,20,292.0,364.0,328.2,7,3,2,85
1789055227,20,281.0,355.0,326.4,9,1,1,85
1789055228,20,82.0,357.0,316.2,8,2,2,86
1789055229,20,261.0,367.0,324.4,7,6,3,86
1789055230,20,278.0,370.0,330.5,11,4,1,86
1789055231,20,270.0,369.0,323.4,10,2,2,86
1789055232,20,260.0,372.0,326.9,10,2,2,86
1789055233,20,252.0,363.0,324.9,8,3,2,86
1789055234,20,254.0,411.0,333.2,10,5,2,86
1789055235,20,236.0,397.0,329.6,12,4,4,87
1789055236,20,281.0,339.0,326.2,8,0,0,85
1789055237,20,82.0,373.0,305.7,7,3,1,73
1789055238,20,323.0,364.0,332.8,9,3,2,79
1789055239,20,325.0,336.0,329.6,8,0,0,79
1789055240,20,61.0,357.0,282.9,8,3,1,87
1789055241,20,254.0,352.0,325.0,9,2,1,79
1789055242,20,316.0,338.0,329.5,10,0,0,79
1789055243,20,322.0,336.0,329.7,9,0,0,79
1789055244,20,309.0,342.0,329.2,9,1,0,79
1789055245,20,304.0,337.0,327.9,9,0,0,79
1789055246,20,309.0,336.0,328.6,7,0,0,79
1789055247,20,308.0,348.0,329.5,10,1,0,79
1789055248,20,316.0,339.0,330.4,10,0,0,79
1789055249,20,59.0,308.0,82.7,0,0,0,50
1789055250,20,57.0,63.0,59.2,0,0,0,49
1789055251,20,56.0,371.0,298.9,9,5,5,84
1789055252,20,315.0,354.0,330.2,12,1,1,85
1789055253,20,287.0,378.0,329.8,10,4,3,86
1789055254,20,282.0,374.0,331.4,8,6,4,86
1789055255,20,289.0,359.0,329.8,10,2,1,85
1789055256,20,278.0,369.0,326.9,8,4,2,86
1789055257,20,273.0,362.0,329.9,12,5,3,86
1789055258,20,276.0,366.0,328.9,9,4,2,86
1789055259,20,270.0,366.0,332.8,10,6,4,86
1789055260,20,259.0,367.0,329.4,11,2,2,86
1789055261,20,227.0,360.0,324.6,9,5,3,86
1789055262,20,239.0,348.0,323.6,11,2,0,86
1789055264,20,270.0,355.0,324.8,8,3,2,86
1789055265,20,258.0,369.0,327.6,11,4,3,87
1789055266,20,247.0,388.0,330.8,9,4,3,86
1789055267,20,262.0,358.0,321.6,9,3,2,82
1789055268,20,257.0,360.0,320.0,7,1,1,79
1789055269,20,303.0,334.0,328.2,11,0,0,79
1789055270,20,323.0,345.0,330.7,8,1,0,79
1789055271,20,309.0,338.0,328.8,9,0,0,79
1789055272,20,322.0,338.0,329.7,9,0,0,79
1789055273,20,60.0,362.0,276.6,9,4,3,79
1789055274,20,316.0,344.0,329.6,11,1,0,79
1789055275,20,322.0,344.0,330.3,11,1,0,79
1789055276,20,298.0,350.0,327.6,10,1,0,79
1789055277,20,228.0,367.0,323.9,11,3,2,79
1789055278,20,64.0,344.0,266.6,8,1,0,53
1789055279,20,58.0,70.0,63.8,0,0,0,50
1789055280,20,56.0,390.0,137.7,5,5,5,80
1789055281,20,237.0,375.0,326.9,8,2,2,85
1789055282,20,300.0,357.0,330.6,11,2,1,85
1789055283,20,277.0,356.0,326.9,10,2,1,80
1789055284,20,270.0,370.0,331.8,10,3,2,85
1789055285,20,261.0,366.0,330.7,10,5,3,86
1789055286,20,254.0,367.0,325.1,9,1,1,87
1789055287,20,276.0,369.0,327.2,7,2,2,86
1789055288,20,272.0,382.0,329.6,9,5,2,86
1789055289,20,258.0,367.0,325.9,9,2,1,86
1789055290,20,258.0,401.0,335.6,11,6,4,86
1789055291,20,259.0,370.0,330.7,12,5,1,85
1789055292,20,133.0,372.0,321.1,10,7,2,87
1789055293,20,305.0,359.0,328.6,10,3,1,86
1789055294,20,247.0,372.0,330.5,8,7,5,87
1789055295,20,149.0,387.0,320.6,7,2,1,81
1789055296,20,254.0,361.0,318.9,8,3,2,80
1789055297,20,317.0,362.0,331.1,9,2,1,79
1789055298,20,325.0,340.0,330.9,9,0,0,79
1789055299,20,325.0,333.0,329.2,8,0,0,79
1789055300,20,63.0,342.0,316.8,9,1,0,58
1789055301,20,57.0,359.0,284.8,8,6,4,79
1789055302,20,306.0,333.0,328.3,10,0,0,76
1789055303,20,239.0,357.0,328.8,9,3,2,79
1789055304,20,130.0,357.0,307.4,8,2,1,81
1789055306,20,273.0,365.0,328.6,9,4,3,80
1789055307,20,317.0,342.0,330.1,9,1,0,80
1789055308,20,325.0,344.0,330.6,9,1,0,74
1789055309,20,323.0,368.0,334.8,12,4,2,80
1789055310,20,281.0,339.0,327.9,10,0,0,74
1789055311,20,325.0,375.0,333.7,12,2,2,80
1789055312,20,110.0,377.0,313.7,9,4,3,87
1789055313,20,92.0,374.0,306.6,10,6,5,87
1789055314,20,269.0,369.0,327.3,7,4,2,80
1789055315,20,324.0,336.0,329.9,9,0,0,80
1789055316,20,301.0,352.0,328.9,7,1,1,79
1789055317,20,325.0,349.0,331.4,12,1,0,80
1789055318,20,325.0,339.0,329.9,8,0,0,79
1789055319,20,312.0,333.0,328.6,7,0,0,79
1789055320,20,305.0,344.0,329.4,11,1,0,79
1789055321,20,324.0,338.0,329.7,9,0,0,79
1789055322,20,321.0,342.0,329.6,9,1,0,80
1789055323,20,326.0,335.0,329.5,6,0,0,79
1789055324,20,60.0,341.0,101.2,2,1,0,51
1789055325,20,57.0,62.0,58.8,0,0,0,49
1789055326,20,57.0,373.0,299.4,10,5,4,84
1789055327,20,285.0,356.0,325.8,8,1,1,85
1789055328,20,271.0,351.0,324.9,6,2,1,85
1789055329,20,254.0,367.0,324.2,7,3,1,87
1789055330,20,269.0,375.0,328.4,8,2,1,86
1789055331,20,286.0,352.0,327.1,6,1,1,86
1789055332,20,266.0,373.0,329.1,10,2,1,87
1789055333,20,274.0,346.0,326.7,9,2,0,86
1789055334,20,258.0,362.0,324.1,9,4,2,86
1789055335,20,272.0,354.0,326.6,8,3,2,86
1789055336,20,243.0,369.0,325.8,10,4,3,86
1789055337,20,280.0,363.0,330.2,11,2,2,86
1789055338,20,243.0,377.0,329.6,9,8,4,87
1789055339,20,285.0,361.0,327.2,9,2,2,87
1789055340,20,292.0,352.0,329.4,11,2,1,87
1789055341,20,219.0,356.0,323.8,10,4,1,81
1789055342,20,259.0,361.0,321.0,7,2,2,80
1789055343,20,326.0,349.0,330.8,10,1,0,79
1789055344,20,321.0,340.0,330.1,10,0,0,73
1789055345,20,59.0,365.0,258.0,4,2,2,79
1789055347,20,313.0,333.0,328.7,8,0,0,79
1789055348,20,325.0,338.0,330.1,10,0,0,79
1789055349,20,59.0,347.0,290.6,8,3,0,54
1789055350,20,57.0,68.0,61.0,0,0,0,50
1789055351,20,58.0,366.0,175.0,4,4,4,82
1789055352,20,281.0,373.0,327.2,9,2,1,84
1789055353,20,301.0,364.0,331.9,10,4,3,85
1789055354,20,273.0,365.0,325.6,9,1,1,86
1789055355,20,202.0,373.0,326.1,9,4,1,87
1789055356,20,295.0,356.0,330.4,11,2,2,86
1789055357,20,264.0,368.0,327.1,10,3,1,86
1789055358,20,273.0,357.0,325.8,9,1,1,88
1789055359,20,291.0,376.0,329.1,7,2,2,86
1789055360,20,236.0,362.0,329.6,11,7,4,87
1789055361,20,264.0,362.0,328.2,10,3,1,86
1789055362,20,275.0,383.0,330.4,9,6,2,86
1789055363,20,253.0,367.0,330.0,9,6,2,87
1789055364,20,299.0,350.0,328.8,9,2,0,86
1789055365,20,302.0,378.0,331.4,10,4,2,87
1789055366,20,209.0,413.0,333.6,13,4,4,87
1789055367,20,253.0,363.0,315.1,5,3,2,80
1789055368,20,309.0,338.0,329.2,12,0,0,80
1789055369,20,226.0,344.0,325.9,12,2,0,79
1789055370,20,60.0,332.0,267.9,6,0,0,70
1789055371,20,214.0,363.0,316.5,6,3,2,79
1789055372,20,325.0,335.0,330.4,13,0,0,79
1789055373,20,316.0,349.0,330.3,11,1,0,66
1789055374,20,59.0,352.0,304.1,8,2,1,80
1789055375,20,325.0,352.0,331.6,11,2,1,80
1789055376,20,306.0,362.0,328.9,9,1,1,79
1789055377,20,325.0,336.0,329.4,6,0,0,79
1789055378,20,307.0,341.0,329.4,9,1,0,80
1789055379,20,313.0,334.0,329.1,9,0,0,79
1789055380,20,66.0,366.0,303.1,11,4,3,86
1789055381,20,256.0,370.0,327.4,8,2,1,80
1789055382,20,317.0,334.0,329.6,13,0,0,78
1789055383,20,70.0,359.0,302.4,11,5,4,81
1789055384,20,304.0,337.0,328.5,10,0,0,80
1789055385,20,313.0,337.0,329.2,7,0,0,80
1789055386,20,295.0,339.0,327.9,9,0,0,79
1789055387,20,325.0,335.0,330.1,9,0,0,80
1789055389,20,305.0,333.0,328.4,10,0,0,79
1789055390,20,321.0,339.0,329.5,9,0,0,80
1789055391,20,323.0,340.0,329.6,10,0,0,78
1789055392,20,61.0,370.0,256.9,7,2,1,53
1789055393,20,55.0,64.0,60.2,0,0,0,50
1789055394,20,56.0,356.0,74.5,1,1,1,76
1789055395,20,266.0,369.0,331.8,10,5,3,84
1789055396,20,297.0,348.0,329.1,10,2,0,84
1789055397,20,295.0,351.0,326.8,9,3,1,85
1789055398,20,284.0,365.0,329.9,9,3,3,85
1789055399,20,294.0,363.0,325.9,8,2,1,86
1789055400,20,299.0,372.0,329.9,10,1,1,84
1789055401,20,265.0,372.0,328.4,10,2,2,86
1789055402,20,247.0,360.0,325.7,12,4,1,88
1789055403,20,290.0,357.0,326.8,8,3,2,86
1789055404,20,275.0,361.0,326.6,11,3,2,87
1789055405,20,304.0,358.0,329.9,8,3,3,86
1789055406,20,270.0,358.0,323.9,10,2,1,88
1789055407,20,270.0,367.0,328.9,8,3,3,86
1789055408,20,254.0,374.0,329.6,8,7,5,87
1789055409,20,249.0,345.0,315.2,5,1,0,80
1789055410,20,253.0,402.0,316.8,6,3,2,81
1789055411,20,307.0,369.0,330.8,11,2,1,79
1789055412,20,325.0,339.0,330.1,9,0,0,79
1789055413,20,280.0,334.0,327.0,8,0,0,80
1789055414,20,325.0,337.0,329.6,8,0,0,79
1789055415,20,68.0,334.0,316.2,6,0,0,58
1789055416,20,59.0,369.0,286.2,7,5,5,80
1789055417,20,325.0,334.0,329.7,9,0,0,79
1789055418,20,290.0,352.0,328.2,10,2,1,80
1789055419,20,325.0,339.0,330.1,8,0,0,80
1789055420,20,80.0,386.0,308.8,10,6,5,86
1789055421,20,264.0,361.0,324.6,7,2,1,80
1789055423,20,324.0,334.0,329.2,8,0,0,80
1789055424,20,323.0,338.0,329.6,7,0,0,79
1789055425,20,322.0,345.0,330.3,10,1,0,80
1789055426,20,308.0,333.0,328.1,9,0,0,79
1789055427,20,323.0,346.0,330.9,9,2,0,80
1789055428,20,313.0,348.0,329.2,9,1,0,80
1789055429,20,307.0,334.0,328.9,9,0,0,79
1789055430,20,324.0,344.0,330.6,9,1,0,79
1789055431,20,323.0,337.0,330.0,12,0,0,80
1789055432,20,306.0,334.0,327.6,9,0,0,79
1789055433,20,61.0,341.0,297.4,8,1,0,55
1789055434,20,59.0,64.0,60.8,0,0,0,50
1789055435,20,58.0,62.0,59.5,0,0,0,49
1789055436,20,57.0,371.0,278.5,8,6,5,83
1789055437,20,302.0,351.0,328.9,9,2,1,84
1789055438,20,296.0,350.0,328.4,11,3,0,85
1789055439,20,265.0,375.0,329.7,7,2,2,85
1789055440,20,205.0,364.0,321.9,10,3,1,86
1789055441,20,268.0,372.0,324.1,7,4,2,87
1789055442,20,273.0,371.0,327.9,7,4,1,82
1789055443,20,298.0,382.0,331.9,9,4,3,87
1789055444,20,271.0,354.0,323.4,11,2,1,87
1789055445,20,302.0,355.0,329.2,8,3,1,86
1789055446,20,286.0,360.0,328.3,10,5,2,85
1789055447,20,220.0,375.0,329.9,10,6,2,86
1789055448,20,212.0,361.0,325.9,13,4,3,87
1789055449,20,259.0,364.0,329.4,9,4,3,86
1789055450,20,257.0,371.0,330.1,11,2,1,86
1789055451,20,238.0,387.0,334.5,11,6,5,86
1789055452,20,250.0,390.0,321.4,8,4,4,80
1789055453,20,60.0,337.0,288.1,7,0,0,58
1789055454,20,223.0,367.0,327.2,12,5,4,80
1789055455,20,323.0,334.0,329.4,7,0,0,79
1789055456,20,325.0,347.0,330.4,10,1,0,79
1789055457,20,312.0,339.0,328.1,10,0,0,79
1789055458,20,324.0,346.0,330.8,9,1,0,79
1789055459,20,61.0,345.0,262.9,7,1,0,53
1789055460,20,59.0,65.0,61.6,0,0,0,50
1789055461,20,56.0,65.0,60.2,0,0,0,49
1789055462,20,57.0,355.0,140.1,4,4,2,82
1789055464,20,299.0,352.0,329.0,9,1,1,77
1789055465,20,325.0,339.0,329.9,8,0,0,78
1789055466,20,64.0,338.0,306.5,8,0,0,62
1789055467,20,195.0,363.0,311.1,6,3,2,78
1789055468,20,291.0,348.0,327.1,11,1,0,78
1789055469,20,60.0,335.0,269.9,5,0,0,52
1789055470,20,57.0,64.0,60.5,0,0,0,49
1789055471,20,56.0,60.0,58.0,0,0,0,48
1789055472,20,55.0,110.0,62.8,0,0,0,47
1789055473,20,54.0,61.0,56.9,0,0,0,47
1789055474,20,55.0,80.0,61.8,0,0,0,47
1789055475,20,54.0,122.0,66.3,0,0,0,46
1789055477,20,53.0,343.0,90.3,1,1,0,46
1789055478,20,54.0,60.0,56.9,0,0,0,46
1789055479,20,53.0,368.0,122.0,4,4,3,78
1789055480,20,313.0,336.0,328.2,6,0,0,81
1789055481,20,312.0,345.0,330.5,10,1,0,81
1789055482,20,322.0,344.0,329.8,7,1,0,82
1789055483,20,287.0,342.0,329.8,11,2,0,83
1789055484,20,316.0,341.0,328.6,9,1,0,84
1789055485,20,252.0,354.0,325.0,9,2,1,83
1789055486,20,266.0,352.0,327.9,9,3,2,83
1789055487,20,291.0,342.0,327.3,8,1,0,84
1789055488,20,319.0,357.0,331.8,12,2,1,83
1789055489,20,270.0,346.0,328.2,12,1,0,84
1789055490,20,316.0,341.0,331.2,12,2,0,85
1789055491,20,275.0,350.0,328.1,10,2,0,85
1789055492,20,253.0,344.0,322.9,9,2,0,85
1789055493,20,313.0,352.0,331.4,12,1,1,85
1789055494,20,276.0,374.0,325.6,7,5,2,85
1789055495,20,249.0,367.0,316.6,7,1,1,78
1789055496,20,321.0,342.0,330.3,8,2,0,79
1789055497,20,312.0,342.0,329.1,10,1,0,78
1789055498,20,66.0,336.0,316.3,6,0,0,58
1789055499,20,60.0,365.0,285.4,8,2,1,78
1789055500,20,322.0,340.0,329.9,10,0,0,79
1789055501,20,60.0,337.0,157.3,5,0,0,50
1789055502,20,58.0,68.0,60.2,0,0,0,48
1789055503,20,56.0,370.0,200.2,7,4,4,76
1789055504,20,270.0,371.0,331.4,9,4,2,83
1789055505,20,290.0,358.0,327.5,9,3,2,84
1789055506,20,267.0,362.0,326.6,7,1,1,84
1789055507,20,272.0,378.0,330.6,10,5,2,85
1789055508,20,288.0,353.0,328.3,7,2,1,83
1789055509,20,201.0,373.0,321.6,8,3,1,85
1789055510,20,275.0,365.0,327.2,8,3,3,85
1789055511,20,275.0,365.0,331.1,10,4,2,85
1789055512,20,289.0,379.0,330.9,11,3,2,86
1789055513,20,248.0,348.0,321.9,10,3,0,85
1789055514,20,259.0,385.0,332.2,13,7,3,86
1789055515,20,274.0,360.0,329.0,12,2,2,86
1789055516,20,276.0,355.0,324.8,8,2,1,86
1789055517,20,300.0,351.0,329.2,9,3,1,86
1789055519,20,217.0,370.0,322.5,9,2,1,86
1789055520,20,258.0,359.0,320.4,6,2,2,80
1789055521,20,302.0,350.0,329.2,12,2,0,79
1789055522,20,308.0,336.0,328.7,10,0,0,79
1789055523,20,310.0,344.0,329.6,8,1,0,79
1789055524,20,60.0,395.0,279.8,9,3,3,86
1789055525,20,266.0,342.0,326.3,9,1,0,79
1789055526,20,325.0,336.0,329.6,9,0,0,79
1789055527,20,295.0,361.0,329.4,9,2,1,80
1789055529,20,317.0,334.0,328.3,9,0,0,79
1789055530,20,285.0,344.0,328.1,11,1,0,79
1789055531,20,59.0,339.0,134.1,2,0,0,50
1789055532,20,57.0,62.0,59.2,0,0,0,49
1789055533,20,57.0,379.0,261.7,8,6,5,83
1789055534,20,307.0,424.0,334.4,10,4,2,84
1789055535,20,273.0,376.0,328.8,9,4,2,86
1789055536,20,274.0,342.0,323.4,9,2,0,85
1789055537,20,273.0,371.0,327.3,9,3,2,85
1789055538,20,302.0,378.0,333.9,9,4,4,86
1789055539,20,318.0,357.0,331.9,9,3,2,81
1789055540,20,271.0,371.0,330.4,11,3,2,86
1789055541,20,288.0,360.0,330.6,11,7,2,86
1789055542,20,268.0,377.0,324.8,9,1,1,86
1789055543,20,253.0,374.0,330.8,12,5,4,86
1789055544,20,269.0,357.0,322.9,8,2,1,86
1789055545,20,250.0,376.0,329.3,9,5,3,86
1789055546,20,255.0,385.0,331.1,9,3,2,87
1789055547,20,259.0,362.0,325.9,11,3,1,87
1789055548,20,256.0,358.0,327.6,10,4,1,86
1789055549,20,115.0,358.0,308.9,6,2,1,80
1789055550,20,312.0,335.0,328.6,10,0,0,80
1789055551,20,319.0,334.0,329.4,10,0,0,79
1789055552,20,326.0,343.0,330.4,11,1,0,79
1789055553,20,76.0,340.0,317.3,7,0,0,58
1789055554,20,59.0,366.0,269.2,6,2,2,79
1789055555,20,65.0,333.0,314.8,9,0,0,57
1789055556,20,58.0,62.0,59.5,0,0,0,50
1789055557,20,54.0,59.0,57.0,0,0,0,49
1789055558,20,56.0,398.0,214.8,6,5,5,83
1789055559,20,315.0,341.0,327.9,7,1,0,81
1789055560,20,269.0,377.0,329.0,6,5,3,84
1789055561,20,237.0,378.0,321.4,6,4,2,85
1789055562,20,289.0,349.0,328.8,10,3,0,84
1789055563,20,261.0,373.0,332.1,11,4,3,81
1789055564,20,237.0,425.0,333.4,11,5,2,85
1789055565,20,137.0,379.0,321.8,12,2,2,85
1789055566,20,263.0,348.0,325.3,8,2,0,86
1789055567,20,259.0,390.0,328.9,10,4,2,86
1789055568,20,252.0,374.0,325.1,9,3,1,74
1789055569,20,280.0,367.0,326.1,9,4,1,86
1789055571,20,230.0,381.0,330.6,13,4,3,86
1789055572,20,242.0,355.0,321.1,7,3,2,86
1789055573,20,234.0,399.0,326.6,10,3,2,87
1789055574,20,228.0,358.0,324.1,10,5,2,86
1789055575,20,266.0,363.0,315.3,7,2,1,79
1789055576,20,314.0,343.0,329.2,9,1,0,80
1789055577,20,312.0,337.0,329.0,10,0,0,79
1789055578,20,325.0,339.0,330.2,9,0,0,79
1789055579,20,321.0,342.0,330.1,8,1,0,79
1789055580,20,65.0,340.0,310.9,8,0,0,57
1789055581,20,58.0,367.0,285.7,6,3,1,80
1789055582,20,59.0,336.0,132.8,3,0,0,50
1789055583,20,57.0,70.0,60.7,0,0,0,49
1789055584,20,55.0,367.0,212.9,7,4,4,84
1789055585,20,183.0,374.0,324.4,8,1,1,79
1789055586,20,292.0,420.0,332.8,11,4,2,85
1789055587,20,304.0,353.0,330.0,11,3,1,84
1789055588,20,275.0,375.0,328.9,7,3,2,85
1789055589,20,85.0,360.0,318.8,8,3,3,85
1789055590,20,288.0,374.0,333.1,12,3,2,86
1789055591,20,237.0,380.0,325.2,8,2,1,86
1789055592,20,299.0,359.0,328.2,7,2,1,85
1789055593,20,260.0,370.0,330.8,11,5,3,86
1789055594,20,286.0,356.0,329.3,10,2,2,81
1789055595,20,249.0,424.0,335.8,12,8,4,86
1789055596,20,293.0,362.0,330.2,9,2,2,81
1789055597,20,277.0,369.0,332.4,11,5,4,87
1789055598,20,291.0,348.0,328.8,11,3,0,87
1789055599,20,218.0,362.0,323.0,9,3,2,89
1789055600,20,252.0,361.0,318.6,7,3,2,79
1789055601,20,325.0,343.0,330.4,8,1,0,79
1789055602,20,324.0,342.0,330.6,12,1,0,79
1789055603,20,323.0,335.0,329.7,9,0,0,79
1789055604,20,62.0,375.0,264.4,6,2,2,79
1789055605,20,61.0,336.0,272.5,7,0,0,53
1789055606,20,58.0,64.0,60.2,0,0,0,49
1789055607,20,57.0,365.0,168.1,6,4,4,82
1789055608,20,270.0,372.0,329.1,12,2,1,84
1789055609,20,267.0,375.0,327.9,7,5,2,84
1789055611,20,274.0,375.0,331.1,8,5,2,85
1789055612,20,281.0,357.0,329.6,10,2,1,83
1789055613,20,291.0,381.0,329.8,8,3,2,85
1789055614,20,265.0,373.0,330.1,10,4,2,86
1789055615,20,280.0,376.0,328.9,10,3,2,82
1789055616,20,275.0,412.0,333.0,11,3,2,86
1789055617,20,261.0,368.0,326.3,9,4,1,87
1789055618,20,227.0,376.0,326.5,10,5,2,86
1789055619,20,255.0,368.0,329.2,11,5,4,86
1789055620,20,259.0,385.0,332.6,12,4,3,86
1789055621,20,284.0,406.0,334.5,11,5,2,87
1789055622,20,258.0,363.0,328.8,9,4,3,87
1789055623,20,232.0,377.0,329.6,9,4,4,86
1789055624,20,260.0,360.0,316.1,6,4,2,80
1789055625,20,325.0,342.0,330.4,9,1,0,80
1789055626,20,61.0,341.0,279.7,7,1,0,83
1789055627,20,240.0,367.0,328.6,12,3,2,79
1789055628,20,303.0,341.0,329.6,11,1,0,79
1789055629,20,305.0,339.0,328.9,10,0,0,80
1789055630,20,325.0,353.0,331.1,11,1,1,79
1789055631,20,315.0,351.0,330.2,10,1,1,79
1789055632,20,60.0,342.0,211.2,6,1,0,52
1789055633,20,59.0,69.0,61.0,0,0,0,50
1789055634,20,58.0,369.0,262.0,11,5,5,84
1789055635,20,303.0,364.0,328.4,6,2,1,85
1789055636,20,268.0,370.0,327.6,8,2,2,87
1789055637,20,291.0,350.0,326.5,8,1,0,85
1789055638,20,282.0,354.0,326.9,10,3,2,85
1789055640,20,292.0,340.0,328.4,8,0,0,87
1789055641,20,269.0,374.0,332.1,9,4,4,86
1789055642,20,259.0,374.0,327.0,11,4,3,86
1789055643,20,272.0,358.0,327.9,10,4,2,86
1789055644,20,265.0,372.0,327.9,10,5,3,86
1789055645,20,283.0,359.0,328.6,10,6,2,86
1789055646,20,270.0,356.0,323.9,11,3,1,86
1789055647,20,250.0,378.0,325.8,7,3,2,86
1789055648,20,267.0,368.0,330.0,10,5,4,88
1789055649,20,238.0,343.0,325.9,8,3,0,87
1789055650,20,210.0,367.0,316.6,8,5,3,82
1789055651,20,324.0,336.0,329.5,9,0,0,80
1789055652,20,326.0,348.0,330.9,10,1,0,79
1789055653,20,323.0,342.0,330.1,9,1,0,79
1789055654,20,326.0,338.0,330.1,9,0,0,80
1789055655,20,316.0,341.0,330.1,8,1,0,80
1789055656,20,64.0,337.0,316.6,8,0,0,59
1789055657,20,60.0,366.0,288.6,11,5,2,80
1789055658,20,307.0,367.0,330.9,9,1,1,80
1789055659,20,325.0,344.0,330.7,10,1,0,80
1789055660,20,61.0,364.0,312.2,11,4,3,86
1789055661,20,204.0,348.0,324.4,8,4,0,80
1789055662,20,323.0,340.0,330.1,9,0,0,80
1789055663,20,313.0,336.0,329.0,9,0,0,80
1789055664,20,324.0,338.0,330.1,11,0,0,80
1789055665,20,59.0,329.0,84.8,0,0,0,50
1789055666,20,56.0,62.0,59.0,0,0,0,49
1789055667,20,56.0,370.0,218.9,9,6,5,84
1789055668,20,285.0,360.0,329.7,9,4,1,79
1789055669,20,306.0,378.0,332.8,11,3,2,85
1789055670,20,301.0,352.0,326.1,8,3,1,85
1789055671,20,283.0,372.0,327.2,7,2,1,86
1789055672,20,265.0,356.0,328.4,11,3,1,83
1789055673,20,260.0,400.0,331.8,10,3,2,86
1789055675,20,186.0,362.0,325.1,10,5,4,86
1789055676,20,302.0,374.0,331.9,9,4,3,86
1789055677,20,256.0,372.0,328.7,12,3,2,86
1789055678,20,292.0,355.0,328.4,11,3,2,81
1789055679,20,253.0,423.0,333.4,12,5,2,86
1789055680,20,310.0,365.0,329.8,8,3,3,82
1789055681,20,317.0,397.0,336.9,12,6,2,87
1789055682,20,250.0,358.0,326.8,9,3,1,86
1789055683,20,278.0,365.0,328.7,7,6,2,86
1789055684,20,252.0,382.0,318.8,7,3,3,80
1789055685,20,324.0,345.0,330.6,10,1,0,80
1789055686,20,310.0,334.0,328.5,10,0,0,80
1789055687,20,60.0,371.0,259.8,7,2,2,79
1789055688,20,325.0,339.0,330.1,10,0,0,80
1789055689,20,317.0,334.0,329.0,8,0,0,80
1789055690,20,325.0,336.0,330.2,11,0,0,79
1789055691,20,111.0,344.0,310.2,9,1,0,79
1789055692,20,206.0,398.0,321.9,10,5,5,81
1789055693,20,312.0,369.0,332.6,10,3,1,80
1789055694,20,325.0,334.0,329.4,10,0,0,80
1789055695,20,310.0,363.0,330.5,8,2,1,80
1789055696,20,207.0,360.0,324.9,10,2,2,80
1789055697,20,316.0,341.0,329.9,11,2,0,80
1789055698,20,326.0,340.0,329.9,9,0,0,80
1789055699,20,74.0,363.0,309.9,10,5,3,86
1789055700,20,230.0,356.0,315.6,7,2,1,87
1789055702,20,316.0,355.0,329.4,7,1,1,80
1789055703,20,323.0,344.0,329.6,7,1,0,78
1789055704,20,324.0,368.0,332.5,11,2,1,80
1789055705,20,323.0,343.0,329.6,6,1,0,80
1789055706,20,326.0,338.0,330.2,11,0,0,80
1789055707,20,313.0,347.0,330.1,10,2,0,80
1789055708,20,323.0,360.0,331.4,8,2,1,80
1789055709,20,320.0,337.0,329.5,10,0,0,80
1789055710,20,325.0,336.0,329.5,8,0,0,80
1789055711,20,326.0,338.0,330.5,10,0,0,79
1789055712,20,324.0,351.0,331.9,10,2,1,80
1789055713,20,59.0,334.0,168.2,3,0,0,51
1789055714,20,54.0,67.0,61.9,0,0,0,49
1789055715,20,57.0,397.0,246.8,9,6,5,84
1789055716,20,264.0,364.0,327.1,8,2,2,85
1789055717,20,299.0,387.0,329.4,8,2,1,81
1789055718,20,295.0,386.0,332.6,10,4,2,86
1789055719,20,292.0,351.0,325.6,12,1,1,86
1789055720,20,181.0,374.0,325.1,9,4,2,86
1789055721,20,258.0,370.0,329.8,12,2,1,86
1789055722,20,278.0,386.0,333.8,10,4,4,86
1789055723,20,210.0,385.0,319.9,10,3,1,87
1789055724,20,286.0,349.0,326.4,7,4,0,86
1789055725,20,243.0,361.0,324.3,7,3,1,88
1789055726,20,255.0,375.0,332.5,12,6,2,86
1789055727,20,270.0,400.0,332.4,10,5,4,88
1789055729,20,265.0,366.0,326.3,9,4,3,87
1789055730,20,263.0,362.0,329.8,14,3,1,86
1789055731,20,242.0,380.0,327.7,9,5,1,87
1789055732,20,214.0,371.0,309.7,5,2,2,80
1789055733,20,325.0,335.0,329.9,11,0,0,80
1789055734,20,62.0,362.0,259.7,5,2,2,80
1789055735,20,325.0,333.0,329.2,9,0,0,80
1789055736,20,302.0,338.0,328.0,10,0,0,80
1789055737,20,64.0,333.0,294.2,7,0,0,54
1789055738,20,58.0,62.0,59.9,0,0,0,50
1789055739,20,57.0,63.0,58.7,0,0,0,55
1789055740,20,290.0,368.0,335.8,10,5,5,83
1789055741,20,143.0,370.0,321.2,11,4,1,84
1789055742,20,272.0,373.0,327.4,9,3,2,85
1789055743,20,144.0,365.0,324.9,11,4,3,85
1789055744,20,270.0,370.0,327.4,10,3,1,87
1789055745,20,265.0,350.0,322.7,6,2,0,86
1789055746,20,270.0,391.0,330.1,10,4,3,86
1789055747,20,249.0,354.0,327.5,8,3,2,84
1789055748,20,256.0,373.0,330.6,10,3,3,87
1789055749,20,293.0,342.0,325.1,9,2,0,87
1789055750,20,286.0,365.0,327.8,9,2,1,86
1789055751,20,261.0,366.0,329.7,12,4,1,86
1789055752,20,239.0,382.0,329.8,9,4,3,87
1789055753,20,301.0,400.0,334.9,9,4,3,87
1789055754,20,310.0,366.0,330.4,12,1,1,86
1789055755,20,94.0,362.0,306.6,6,3,2,77
1789055756,20,258.0,361.0,330.1,11,3,2,80
1789055757,20,305.0,338.0,329.5,12,0,0,80
1789055758,20,60.0,335.0,271.8,4,0,0,76
1789055759,20,135.0,367.0,320.9,9,3,3,79
1789055760,20,318.0,335.0,328.8,7,0,0,79
1789055761,20,80.0,350.0,309.7,10,2,0,83
1789055762,20,266.0,366.0,332.6,10,6,3,80
1789055763,20,320.0,339.0,329.7,9,0,0,80
1789055764,20,302.0,333.0,327.9,10,0,0,80
1789055765,20,61.0,333.0,305.2,7,0,0,72
1789055766,20,218.0,359.0,318.0,9,4,3,79
1789055767,20,325.0,355.0,331.2,9,2,1,80
1789055768,20,304.0,339.0,328.7,8,0,0,80
1789055769,20,68.0,338.0,311.7,8,0,0,81
1789055771,20,251.0,361.0,330.1,11,4,1,80
1789055772,20,324.0,338.0,329.2,7,0,0,80
1789055773,20,323.0,338.0,329.7,10,0,0,80
1789055774,20,312.0,335.0,329.1,10,0,0,80
1789055775,20,325.0,337.0,329.8,9,0,0,80
1789055776,20,325.0,336.0,329.7,9,0,0,80
1789055777,20,310.0,347.0,329.6,8,1,0,80
1789055778,20,324.0,334.0,329.3,9,0,0,80
1789055779,20,312.0,333.0,328.1,7,0,0,80
1789055780,20,60.0,337.0,221.8,6,0,0,52
1789055781,20,58.0,66.0,60.0,0,0,0,50
1789055782,20,57.0,365.0,83.8,1,1,1,78
1789055783,20,249.0,369.0,330.6,8,5,4,85
1789055784,20,277.0,361.0,329.1,9,1,1,82
1789055785,20,90.0,378.0,318.9,8,3,1,85
1789055786,20,288.0,357.0,327.2,8,1,1,85
1789055787,20,278.0,373.0,327.5,7,2,2,86
1789055788,20,302.0,353.0,329.3,9,2,1,86
1789055789,20,269.0,364.0,325.4,6,3,2,87
1789055791,20,277.0,359.0,325.8,7,2,2,86
1789055792,20,297.0,373.0,327.2,6,2,1,86
1789055793,20,247.0,363.0,328.0,10,6,3,86
1789055794,20,267.0,378.0,330.9,8,5,3,87
1789055795,20,261.0,370.0,325.2,10,4,3,86
1789055796,20,289.0,351.0,329.1,9,2,1,87
1789055797,20,77.0,396.0,322.1,7,5,3,86
1789055798,20,268.0,363.0,324.9,10,4,1,81
1789055799,20,270.0,357.0,320.6,8,2,1,80
1789055800,20,321.0,336.0,329.6,9,0,0,80
1789055801,20,310.0,339.0,328.1,6,0,0,79
1789055802,20,325.0,342.0,330.4,11,1,0,79
1789055803,20,325.0,338.0,330.5,10,0,0,79
1789055804,20,60.0,365.0,277.9,9,5,3,86
1789055805,20,315.0,351.0,330.4,8,1,1,79
1789055806,20,305.0,336.0,328.4,11,0,0,81
1789055807,20,310.0,352.0,329.6,8,1,1,80
1789055808,20,324.0,338.0,329.6,10,0,0,79
1789055809,20,324.0,333.0,329.2,10,0,0,80
1789055810,20,61.0,358.0,292.6,10,4,4,86
1789055811,20,267.0,368.0,325.9,7,2,1,79
1789055812,20,324.0,334.0,329.7,8,0,0,80
1789055813,20,227.0,359.0,327.6,11,2,2,80
1789055814,20,90.0,342.0,307.6,10,1,0,85
1789055815,20,287.0,376.0,328.2,7,2,2,79
1789055816,20,324.0,342.0,330.4,9,1,0,80
1789055817,20,326.0,343.0,329.7,7,1,0,79
1789055818,20,317.0,344.0,329.9,9,1,0,79
1789055819,20,120.0,342.0,314.0,8,1,0,66
1789055820,20,323.0,362.0,335.8,11,4,4,79
1789055821,20,326.0,339.0,330.6,11,0,0,79
1789055822,20,268.0,338.0,327.1,11,0,0,79
1789055823,20,62.0,152.0,72.8,0,0,0,50
1789055824,20,58.0,63.0,60.6,0,0,0,49
1789055826,20,56.0,364.0,187.3,6,4,4,81
1789055827,20,269.0,371.0,325.7,7,1,1,84
1789055828,20,301.0,347.0,327.0,6,2,0,84
1789055829,20,273.0,370.0,328.3,9,2,1,85
1789055830,20,273.0,374.0,328.9,9,3,2,86
1789055831,20,281.0,377.0,330.3,9,3,1,85
1789055832,20,265.0,372.0,329.1,9,3,3,86
1789055833,20,283.0,364.0,327.8,8,4,3,86
1789055834,20,257.0,372.0,328.8,8,2,2,86
1789055835,20,289.0,358.0,326.6,9,3,1,87
1789055836,20,273.0,361.0,323.8,5,4,1,86
1789055837,20,264.0,367.0,325.4,8,3,2,86
1789055838,20,258.0,360.0,325.6,8,3,1,86
1789055839,20,284.0,376.0,328.2,8,3,3,86
1789055840,20,287.0,354.0,329.6,12,2,2,87
1789055841,20,215.0,370.0,327.8,10,4,1,86
1789055842,20,266.0,364.0,320.9,7,4,2,80
1789055843,20,307.0,337.0,328.8,9,0,0,79
1789055844,20,316.0,338.0,329.1,8,0,0,80
1789055845,20,63.0,337.0,281.1,5,0,0,74
1789055846,20,249.0,362.0,332.9,10,8,5,79
1789055847,20,316.0,344.0,330.9,11,3,0,79
1789055848,20,325.0,337.0,329.7,8,0,0,79
1789055849,20,326.0,336.0,330.4,11,0,0,80
1789055850,20,304.0,337.0,328.6,10,0,0,79
1789055851,20,61.0,338.0,117.8,3,0,0,50
1789055852,20,59.0,65.0,60.9,0,0,0,49
1789055853,20,56.0,64.0,59.0,0,0,0,48
1789055854,20,54.0,354.0,243.1,9,6,3,82
1789055855,20,264.0,387.0,330.9,8,3,3,77
1789055856,20,313.0,335.0,328.8,4,0,0,78
1789055857,20,321.0,333.0,328.9,10,0,0,78
1789055858,20,62.0,364.0,285.1,6,1,1,80
1789055859,20,310.0,343.0,327.4,4,1,0,78
1789055860,20,271.0,350.0,327.4,12,1,0,78
1789055861,20,321.0,333.0,328.6,8,0,0,78
1789055862,20,64.0,340.0,306.1,8,0,0,55
1789055863,20,58.0,64.0,61.1,0,0,0,49
1789055864,20,56.0,62.0,59.3,0,0,0,48
1789055865,20,57.0,62.0,59.1,0,0,0,47
1789055866,20,55.0,62.0,56.9,0,0,0,47
1789055867,20,55.0,60.0,56.7,0,0,0,46
1789055869,20,54.0,59.0,56.1,0,0,0,46
1789055870,20,53.0,58.0,55.5,0,0,0,46
1789055871,20,53.0,63.0,55.9,0,0,0,45
1789055872,20,53.0,61.0,57.3,0,0,0,45
1789055873,20,55.0,60.0,57.4,0,0,0,45
1789055874,20,53.0,60.0,56.2,0,0,0,44
1789055875,20,54.0,58.0,56.1,0,0,0,44
1789055876,20,54.0,66.0,56.9,0,0,0,44
1789055877,20,52.0,58.0,54.6,0,0,0,44
1789055878,20,52.0,108.0,60.3,0,0,0,43
1789055879,20,52.0,58.0,54.6,0,0,0,43
1789055880,20,53.0,86.0,65.0,0,0,0,43
1789055881,20,52.0,217.0,62.8,0,0,0,43
1789055882,20,51.0,371.0,90.5,1,1,1,43
1789055883,20,54.0,62.0,55.9,0,0,0,43
1789055884,20,50.0,71.0,56.3,0,0,0,43
1789055885,20,69.0,372.0,307.4,10,4,4,77
1789055886,20,320.0,340.0,330.1,10,0,0,78
1789055887,20,66.0,366.0,281.9,8,4,4,79
1789055888,20,323.0,365.0,332.1,7,2,2,80
1789055889,20,68.0,372.0,292.8,9,3,3,79
1789055890,20,283.0,356.0,328.6,6,3,1,81
1789055891,20,314.0,364.0,332.4,11,3,2,81
1789055892,20,69.0,407.0,293.2,9,7,5,83
1789055893,20,266.0,365.0,329.1,12,3,1,82
1789055894,20,68.0,381.0,278.2,8,2,2,50
1789055895,20,66.0,362.0,309.6,11,8,5,83
1789055896,20,314.0,375.0,336.0,12,7,2,83
1789055897,20,77.0,368.0,290.4,8,2,2,80
1789055898,20,294.0,379.0,334.4,12,5,3,83
1789055899,20,319.0,361.0,331.7,10,3,1,83
1789055900,20,70.0,373.0,311.4,9,4,3,84
1789055901,20,113.0,348.0,305.5,5,4,0,77
1789055902,20,192.0,355.0,309.9,8,5,3,77
1789055903,20,325.0,350.0,332.4,11,4,0,77
1789055904,20,59.0,352.0,270.9,7,6,1,76
1789055905,20,58.0,334.0,249.8,8,0,0,50
1789055906,20,55.0,64.0,58.8,0,0,0,47
1789055907,20,54.0,67.0,57.1,0,0,0,46
1789055908,20,65.0,365.0,260.1,10,6,3,81
1789055909,20,295.0,353.0,325.2,9,2,1,82
1789055910,20,242.0,364.0,322.6,9,2,1,84
1789055911,20,256.0,375.0,329.1,9,3,1,83
1789055912,20,213.0,395.0,314.3,9,5,4,83
1789055914,20,312.0,360.0,330.1,10,1,1,84
1789055915,20,279.0,375.0,329.5,11,2,2,84
1789055916,20,116.0,365.0,315.2,8,4,2,83
1789055917,20,317.0,397.0,336.2,13,3,2,82
1789055918,20,134.0,367.0,319.4,11,6,4,85
1789055919,20,324.0,371.0,332.1,9,2,1,84
1789055920,20,260.0,355.0,328.1,10,3,1,85
1789055921,20,116.0,363.0,310.7,8,5,4,84
1789055922,20,293.0,378.0,331.4,12,2,1,84
1789055923,20,314.0,350.0,330.9,9,2,0,85
1789055924,20,261.0,361.0,323.9,9,3,3,77
1789055925,20,163.0,359.0,311.6,9,6,2,68
1789055926,20,150.0,350.0,313.0,11,3,0,78
1789055927,20,59.0,336.0,300.2,9,0,0,53
1789055928,20,55.0,402.0,299.2,10,5,3,79
1789055929,20,318.0,338.0,329.2,10,0,0,78
1789055930,20,316.0,344.0,329.1,9,1,0,78
1789055931,20,254.0,345.0,324.8,10,3,0,79
1789055932,20,325.0,333.0,329.6,10,0,0,79
1789055933,20,307.0,342.0,329.1,9,1,0,79
1789055934,20,311.0,344.0,329.0,8,1,0,79
1789055935,20,58.0,343.0,88.4,1,1,0,49
1789055936,20,56.0,69.0,59.8,0,0,0,48
1789055937,20,57.0,373.0,188.3,6,4,4,80
1789055938,20,285.0,372.0,328.2,9,3,2,83
1789055939,20,272.0,391.0,332.2,11,3,3,84
1789055940,20,274.0,385.0,328.2,9,2,2,84
1789055941,20,212.0,351.0,320.1,8,2,1,69
1789055942,20,324.0,381.0,337.1,13,4,2,84
1789055943,20,306.0,346.0,331.2,11,4,0,85
1789055944,20,185.0,359.0,315.4,8,4,3,85
1789055945,20,317.0,339.0,328.9,8,0,0,85
1789055946,20,313.0,357.0,331.1,8,5,2,84
1789055947,20,100.0,358.0,314.4,11,5,3,85
1789055948,20,299.0,342.0,328.6,9,1,0,85
1789055949,20,115.0,369.0,300.2,7,3,1,75
1789055950,20,323.0,357.0,335.6,8,7,2,85
1789055951,20,284.0,352.0,327.6,10,2,1,85
1789055952,20,270.0,365.0,322.4,8,3,1,87
1789055953,20,196.0,386.0,327.2,10,5,3,85
1789055955,20,226.0,392.0,314.4,8,3,1,79
1789055956,20,325.0,334.0,329.9,9,0,0,79
1789055957,20,308.0,341.0,329.2,9,1,0,79
1789055958,20,324.0,338.0,330.1,11,0,0,79
1789055959,20,59.0,351.0,257.6,5,2,1,79
1789055960,20,322.0,336.0,329.7,10,0,0,79
1789055961,20,57.0,348.0,78.3,1,1,0,49
1789055962,20,55.0,71.0,59.2,0,0,0,48
1789055963,20,69.0,382.0,300.0,10,6,5,82
1789055964,20,267.0,366.0,325.9,7,2,2,83
1789055965,20,270.0,377.0,328.2,9,3,2,85
1789055966,20,283.0,394.0,327.1,8,1,1,86
1789055967,20,172.0,359.0,320.4,12,4,2,84
1789055968,20,306.0,345.0,327.6,5,2,0,85
1789055969,20,315.0,345.0,330.6,11,2,0,81
1789055970,20,132.0,366.0,309.0,10,4,4,85
1789055971,20,316.0,356.0,331.1,10,2,2,84
1789055972,20,200.0,364.0,318.3,10,5,2,84
1789055973,20,278.0,370.0,327.4,9,2,1,85
1789055974,20,297.0,377.0,329.4,8,3,1,85
1789055975,20,204.0,363.0,307.3,8,2,2,85
1789055976,20,296.0,391.0,333.6,9,3,3,85
1789055977,20,317.0,377.0,333.4,11,2,2,86
1789055978,20,249.0,364.0,323.6,10,3,2,72
1789055979,20,239.0,356.0,313.8,6,4,1,75
1789055980,20,230.0,344.0,327.3,10,3,0,79
1789055981,20,313.0,332.0,328.8,7,0,0,79
1789055982,20,59.0,346.0,266.9,6,2,0,78
1789055983,20,62.0,334.0,307.1,9,0,0,54
1789055984,20,58.0,66.0,61.3,0,0,0,49
1789055985,20,54.0,86.0,62.6,0,0,0,48
1789055986,20,68.0,365.0,313.9,10,5,5,83
1789055987,20,286.0,369.0,332.1,9,4,3,83
1789055988,20,293.0,375.0,333.1,11,4,4,84
1789055989,20,281.0,369.0,329.7,11,6,3,84
1789055990,20,205.0,366.0,316.9,9,3,2,85
1789055991,20,268.0,362.0,328.6,9,1,1,85
1789055992,20,155.0,339.0,318.1,9,0,0,67
1789055993,20,83.0,366.0,319.7,9,4,4,85
1789055994,20,305.0,390.0,332.5,9,2,2,85
1789055995,20,94.0,366.0,309.1,9,3,3,85
1789055997,20,315.0,347.0,331.6,12,4,0,85
1789055998,20,251.0,338.0,322.6,10,0,0,87
1789055999,20,157.0,358.0,313.4,10,4,2,86
1789056000,20,263.0,341.0,324.6,8,1,0,86
1789056001,20,281.0,375.0,327.4,9,1,1,86
1789056002,20,170.0,364.0,319.4,11,4,3,87
1789056003,20,239.0,365.0,314.0,7,4,1,79
1789056004,20,325.0,348.0,330.8,9,1,0,79
1789056005,20,60.0,338.0,260.9,3,0,0,75
1789056006,20,324.0,349.0,332.6,10,3,0,79
1789056007,20,60.0,335.0,177.8,5,0,0,50
1789056008,20,57.0,68.0,59.3,0,0,0,48
1789056009,20,55.0,376.0,236.7,7,5,5,82
1789056010,20,295.0,384.0,332.8,10,3,3,85
1789056011,20,265.0,361.0,326.4,7,2,1,83
1789056012,20,103.0,356.0,319.4,9,2,1,85
1789056013,20,204.0,378.0,317.9,8,4,4,86
1789056014,20,259.0,354.0,328.1,9,3,1,83
1789056015,20,319.0,387.0,333.1,11,1,1,84
1789056016,20,148.0,367.0,316.6,10,5,4,84
1789056017,20,289.0,343.0,326.4,8,1,0,85
1789056018,20,70.0,379.0,306.8,9,1,1,81
1789056019,20,312.0,363.0,332.4,11,3,2,86
1789056020,20,313.0,370.0,333.4,14,2,2,86
1789056021,20,259.0,341.0,307.9,6,1,0,82
1789056022,20,303.0,368.0,333.0,11,4,3,86
1789056023,20,313.0,359.0,331.4,8,3,2,85
1789056024,20,157.0,372.0,325.8,11,4,2,87
1789056025,20,241.0,364.0,326.4,9,3,2,86
1789056026,20,238.0,347.0,311.9,6,2,0,79
1789056027,20,299.0,336.0,328.4,8,0,0,79
1789056028,20,325.0,336.0,329.8,8,0,0,79
1789056029,20,324.0,337.0,330.1,11,0,0,79
1789056030,20,312.0,343.0,329.3,9,1,0,79
1789056031,20,60.0,332.0,301.1,5,0,0,55
1789056032,20,63.0,357.0,307.6,11,5,3,79
1789056033,20,325.0,342.0,330.8,9,1,0,80
1789056034,20,318.0,333.0,328.1,7,0,0,79
1789056035,20,288.0,340.0,328.1,9,0,0,79
1789056036,20,325.0,333.0,329.4,10,0,0,79
1789056038,20,318.0,342.0,328.8,8,1,0,79
1789056039,20,59.0,337.0,176.9,2,0,0,51
1789056040,20,57.0,67.0,59.4,0,0,0,49
1789056041,20,55.0,394.0,152.8,5,5,4,80
1789056042,20,286.0,378.0,329.6,9,2,1,83
1789056043,20,289.0,355.0,329.2,9,3,2,84
1789056044,20,268.0,372.0,328.6,9,2,1,85
1789056045,20,296.0,364.0,330.2,7,2,2,84
1789056046,20,179.0,369.0,313.4,9,6,2,85
1789056047,20,316.0,353.0,330.7,10,2,1,85
1789056048,20,79.0,362.0,300.2,9,4,2,85
1789056049,20,319.0,353.0,331.4,9,2,1,85
1789056050,20,268.0,355.0,328.8,11,3,2,85
1789056051,20,125.0,360.0,312.9,10,4,4,85
1789056052,20,275.0,365.0,327.9,9,2,1,85
1789056053,20,169.0,394.0,318.5,9,3,2,73
1789056054,20,248.0,366.0,327.9,11,3,3,87
1789056055,20,260.0,349.0,326.8,9,1,0,87
1789056056,20,282.0,382.0,327.4,9,2,1,71
1789056057,20,244.0,369.0,326.9,10,5,4,87
1789056058,20,220.0,367.0,311.2,6,4,1,79
1789056059,20,277.0,335.0,326.8,10,0,0,80
1789056060,20,316.0,337.0,328.9,7,0,0,79
1789056061,20,310.0,333.0,328.4,10,0,0,79
1789056062,20,61.0,345.0,279.0,9,2,0,79
1789056063,20,265.0,351.0,325.4,9,2,1,79
1789056064,20,324.0,343.0,329.9,7,1,0,79
1789056065,20,325.0,341.0,330.5,8,1,0,79
1789056066,20,319.0,344.0,330.4,8,1,0,79
1789056067,20,60.0,336.0,268.6,6,0,0,52
1789056068,20,58.0,62.0,59.7,0,0,0,49
1789056069,20,55.0,373.0,83.3,1,1,1,78
1789056070,20,273.0,369.0,332.1,9,4,3,85
1789056071,20,268.0,371.0,327.2,7,1,1,80
1789056072,20,276.0,389.0,333.8,9,4,3,85
1789056073,20,267.0,371.0,326.2,9,1,1,84
1789056074,20,171.0,369.0,321.4,11,5,4,84
1789056075,20,297.0,342.0,329.1,11,1,0,85
1789056076,20,106.0,352.0,305.6,9,1,1,85
1789056077,20,315.0,361.0,334.7,12,4,4,86
1789056078,20,306.0,346.0,328.3,9,2,0,86
1789056080,20,182.0,423.0,325.9,10,5,4,86
1789056081,20,303.0,383.0,335.8,11,5,4,85
1789056082,20,312.0,348.0,329.6,9,2,0,86
1789056083,20,175.0,384.0,314.1,9,5,3,85
1789056084,20,304.0,371.0,330.1,9,1,1,86
1789056085,20,287.0,365.0,328.9,8,1,1,86
1789056086,20,210.0,391.0,320.2,8,4,3,87
1789056087,20,213.0,342.0,305.7,5,1,0,79
1789056088,20,311.0,356.0,331.2,9,2,2,80
1789056089,20,326.0,337.0,330.0,10,0,0,79
1789056090,20,326.0,336.0,330.1,9,0,0,79
1789056091,20,314.0,342.0,329.5,10,1,0,79
1789056092,20,325.0,341.0,330.3,10,1,0,79
1789056093,20,326.0,340.0,330.1,9,0,0,79
1789056094,20,232.0,345.0,322.9,10,1,0,80
1789056095,20,319.0,332.0,329.1,9,0,0,79
1789056096,20,313.0,341.0,329.1,9,1,0,79
1789056097,20,309.0,335.0,329.1,9,0,0,79
1789056098,20,325.0,333.0,329.1,7,0,0,79
1789056099,20,325.0,346.0,331.2,10,1,0,80
1789056100,20,60.0,355.0,270.4,7,5,2,85
1789056101,20,266.0,400.0,332.2,10,3,2,86
1789056102,20,110.0,372.0,316.5,12,4,3,86
1789056103,20,269.0,343.0,320.8,5,1,0,80
1789056104,20,326.0,333.0,329.4,7,0,0,80
1789056105,20,319.0,333.0,328.9,8,0,0,80
1789056106,20,317.0,334.0,328.9,8,0,0,79
1789056107,20,306.0,341.0,328.7,9,1,0,79
1789056108,20,309.0,333.0,328.1,9,0,0,79
1789056109,20,59.0,340.0,161.5,3,0,0,51
1789056110,20,57.0,61.0,58.8,0,0,0,49
1789056111,20,56.0,362.0,101.0,2,2,2,80
1789056112,20,292.0,373.0,331.4,10,5,3,84
1789056113,20,247.0,361.0,324.4,9,2,1,83
1789056114,20,277.0,374.0,331.0,9,2,2,84
1789056115,20,278.0,374.0,330.1,10,4,1,85
1789056116,20,97.0,361.0,316.6,11,4,3,85
1789056117,20,274.0,350.0,329.1,10,3,0,85
1789056118,20,113.0,371.0,312.9,9,5,3,86
1789056119,20,315.0,357.0,330.4,10,2,1,85
1789056120,20,320.0,359.0,331.4,9,1,1,85
1789056122,20,143.0,364.0,313.6,11,4,3,85
1789056123,20,312.0,360.0,330.4,10,2,1,86
1789056124,20,262.0,339.0,323.8,7,0,0,85
1789056125,20,96.0,364.0,300.9,8,4,3,85
1789056126,20,317.0,361.0,330.7,9,2,1,85
1789056127,20,319.0,363.0,335.1,13,4,3,85
1789056128,20,93.0,371.0,317.8,10,6,5,85
1789056129,20,234.0,387.0,313.7,8,5,1,80
1789056130,20,306.0,336.0,328.1,9,0,0,79
1789056131,20,324.0,335.0,329.7,9,0,0,78
1789056132,20,57.0,346.0,264.6,6,3,0,79
1789056133,20,327.0,338.0,330.2,10,0,0,79
1789056134,20,308.0,340.0,328.9,8,0,0,79
1789056135,20,238.0,337.0,322.1,10,0,0,79
1789056136,20,57.0,345.0,284.6,7,1,0,53
1789056137,20,58.0,63.0,60.7,0,0,0,49
1789056138,20,58.0,327.0,77.9,0,0,0,75
1789056139,20,267.0,379.0,333.6,11,6,4,85
1789056140,20,310.0,404.0,331.9,9,2,1,84
1789056141,20,277.0,366.0,328.1,7,4,2,84
1789056142,20,280.0,373.0,325.8,8,2,1,85
1789056143,20,197.0,370.0,315.6,8,4,3,84
1789056144,20,321.0,344.0,330.2,9,1,0,85
1789056145,20,181.0,368.0,312.4,8,4,2,85
1789056146,20,316.0,381.0,334.2,11,4,3,86
1789056147,20,280.0,378.0,328.9,7,2,1,86
1789056148,20,93.0,363.0,309.4,7,5,2,85
1789056149,20,314.0,394.0,334.4,12,3,2,85
1789056150,20,315.0,367.0,333.9,11,5,2,86
1789056151,20,243.0,366.0,305.6,7,2,2,85
1789056152,20,289.0,349.0,328.2,9,3,0,85
1789056153,20,309.0,341.0,328.7,8,1,0,85
1789056154,20,161.0,371.0,315.2,5,3,1,86
1789056155,20,235.0,343.0,309.1,5,2,0,75
1789056156,20,316.0,342.0,331.2,10,2,0,79
1789056157,20,323.0,335.0,329.4,6,0,0,79
1789056158,20,61.0,343.0,257.3,6,2,0,79
1789056159,20,309.0,335.0,328.2,4,0,0,79
1789056160,20,298.0,336.0,328.5,9,0,0,79
1789056161,20,140.0,351.0,311.7,9,2,1,86
1789056163,20,224.0,347.0,321.5,9,1,0,80
1789056164,20,314.0,339.0,329.4,9,0,0,79
1789056165,20,325.0,340.0,329.9,10,0,0,79
1789056166,20,312.0,333.0,327.6,9,0,0,79
1789056167,20,326.0,339.0,329.9,8,0,0,80
1789056168,20,324.0,333.0,329.6,7,0,0,79
1789056169,20,310.0,334.0,328.4,8,0,0,79
1789056170,20,278.0,348.0,325.6,8,2,0,80
1789056171,20,326.0,347.0,331.1,9,1,0,80
1789056172,20,325.0,335.0,329.8,8,0,0,80
1789056173,20,325.0,337.0,329.6,5,0,0,79
1789056174,20,316.0,340.0,329.4,7,0,0,80
1789056175,20,61.0,333.0,250.9,4,0,0,52
1789056176,20,57.0,69.0,60.9,0,0,0,49
1789056177,20,58.0,367.0,100.5,2,2,2,79
1789056178,20,265.0,377.0,331.1,8,4,4,84
1789056179,20,290.0,380.0,326.8,6,1,1,79
1789056180,20,303.0,380.0,332.4,8,3,2,84
1789056181,20,273.0,371.0,329.4,9,3,2,85
1789056182,20,201.0,367.0,316.6,9,4,3,85
1789056183,20,293.0,342.0,327.0,9,2,0,85
1789056184,20,119.0,365.0,309.1,9,2,2,87
1789056185,20,315.0,345.0,330.1,8,3,0,85
1789056186,20,258.0,339.0,323.3,8,0,0,86
1789056187,20,93.0,365.0,317.4,10,6,4,85
1789056188,20,300.0,339.0,327.9,9,0,0,86
1789056189,20,284.0,365.0,331.4,12,5,3,86
1789056190,20,153.0,355.0,311.4,8,5,3,85
1789056191,20,261.0,342.0,324.1,8,2,0,86
1789056192,20,306.0,342.0,326.6,6,2,0,86
1789056193,20,189.0,364.0,323.1,11,6,4,86
1789056194,20,234.0,344.0,307.1,6,1,0,80
1789056195,20,321.0,342.0,330.5,10,1,0,79
1789056196,20,325.0,336.0,330.0,10,0,0,79
1789056197,20,323.0,332.0,329.4,13,0,0,79
1789056199,20,326.0,340.0,330.8,9,0,0,79
1789056200,20,307.0,341.0,329.3,9,1,0,79
1789056201,20,60.0,356.0,270.5,8,1,1,83
1789056202,20,296.0,365.0,328.3,11,5,2,79
1789056203,20,326.0,339.0,330.1,7,0,0,79
1789056204,20,248.0,345.0,327.4,10,1,0,80
1789056205,20,64.0,351.0,299.9,8,2,1,86
1789056206,20,269.0,379.0,328.2,9,2,1,79
1789056207,20,287.0,337.0,327.6,8,0,0,80
1789056208,20,324.0,333.0,329.2,7,0,0,79
1789056209,20,208.0,344.0,323.9,9,2,0,80
1789056210,20,76.0,340.0,286.4,7,0,0,79
1789056211,20,325.0,340.0,329.8,10,0,0,79
1789056212,20,310.0,342.0,329.2,9,1,0,80
1789056213,20,326.0,339.0,329.6,8,0,0,80
1789056214,20,220.0,340.0,320.0,11,0,0,80
1789056215,20,322.0,336.0,329.1,6,0,0,80
1789056216,20,308.0,348.0,329.6,9,1,0,80
1789056217,20,325.0,343.0,330.6,11,1,0,80
1789056218,20,321.0,337.0,329.6,11,0,0,80
1789056219,20,320.0,334.0,329.1,7,0,0,80
1789056220,20,53.0,339.0,181.1,3,0,0,51
1789056221,20,51.0,55.0,52.4,0,0,0,49
1789056222,20,50.0,64.0,52.8,0,0,0,48
1789056223,20,65.0,368.0,287.9,11,5,5,83
1789056224,20,271.0,360.0,327.1,8,3,2,84
1789056225,20,182.0,398.0,326.1,12,4,2,84
1789056226,20,277.0,342.0,325.5,9,1,0,86
1789056227,20,165.0,363.0,318.2,11,5,3,84
1789056228,20,316.0,377.0,331.9,9,1,1,85
1789056229,20,304.0,346.0,327.6,9,1,0,70
1789056230,20,103.0,365.0,318.1,10,5,3,85
1789056231,20,310.0,367.0,331.5,9,3,1,85
1789056232,20,92.0,363.0,311.6,10,3,3,85
1789056233,20,255.0,351.0,325.1,9,2,1,86
1789056234,20,301.0,340.0,326.6,9,0,0,87
1789056235,20,161.0,355.0,309.6,8,4,2,87
1789056236,20,270.0,362.0,325.2,8,2,1,86
1789056237,20,297.0,354.0,328.6,7,3,1,86
1789056238,20,166.0,360.0,313.0,9,5,2,86
1789056239,20,233.0,340.0,299.9,7,0,0,80
1789056241,20,324.0,335.0,329.2,8,0,0,80
1789056242,20,311.0,333.0,328.6,7,0,0,79
1789056243,20,325.0,340.0,330.4,7,0,0,79
1789056244,20,322.0,339.0,329.4,7,0,0,79
1789056245,20,324.0,337.0,329.6,10,0,0,79
1789056246,20,242.0,333.0,320.1,8,0,0,79
1789056247,20,326.0,349.0,330.8,7,1,0,80
1789056248,20,323.0,333.0,329.2,9,0,0,80
1789056249,20,326.0,334.0,329.6,8,0,0,80
1789056250,20,309.0,362.0,329.6,7,1,1,79
1789056251,20,314.0,340.0,329.6,9,0,0,80
1789056252,20,324.0,333.0,329.4,7,0,0,80
1789056253,20,320.0,336.0,329.3,9,0,0,80
1789056254,20,326.0,342.0,330.1,6,1,0,80
1789056255,20,247.0,333.0,322.2,7,0,0,76
1789056256,20,322.0,346.0,330.9,9,2,0,80
1789056257,20,316.0,339.0,329.4,10,0,0,80
1789056258,20,326.0,333.0,329.8,11,0,0,80
1789056260,20,310.0,335.0,328.7,9,0,0,80
1789056261,20,326.0,343.0,330.0,8,1,0,80
1789056262,20,325.0,370.0,332.1,9,2,1,80
1789056263,20,325.0,343.0,330.5,10,1,0,80
1789056264,20,326.0,342.0,330.2,8,1,0,79
1789056265,20,237.0,337.0,322.2,11,0,0,80
1789056266,20,323.0,341.0,330.1,10,1,0,80
1789056267,20,325.0,340.0,330.0,9,0,0,80
1789056268,20,325.0,335.0,329.6,8,0,0,80
1789056269,20,325.0,342.0,329.6,6,1,0,80
1789056270,20,324.0,341.0,329.6,9,1,0,80
1789056271,20,321.0,343.0,330.0,7,2,0,80
1789056272,20,324.0,342.0,330.1,8,1,0,80
1789056273,20,324.0,339.0,329.6,7,0,0,80
1789056274,20,281.0,347.0,327.5,8,1,0,78
1789056275,20,326.0,342.0,331.6,9,2,0,79
1789056276,20,313.0,333.0,328.6,8,0,0,80
1789056277,20,311.0,340.0,328.9,7,0,0,79
1789056278,20,318.0,337.0,329.4,10,0,0,80
1789056279,20,325.0,343.0,330.6,6,2,0,80
1789056280,20,325.0,335.0,329.6,7,0,0,79
1789056281,20,290.0,348.0,328.6,10,1,0,80
1789056282,20,323.0,334.0,329.0,5,0,0,79
1789056283,20,325.0,345.0,329.6,7,1,0,79
1789056284,20,237.0,342.0,322.8,10,2,0,79
1789056285,20,326.0,336.0,330.3,9,0,0,80
1789056286,20,307.0,336.0,328.9,9,0,0,79
1789056287,20,326.0,344.0,330.0,8,1,0,80
1789056288,20,304.0,339.0,328.6,5,0,0,79
1789056289,20,325.0,346.0,330.1,8,1,0,80
1789056290,20,325.0,341.0,329.9,9,1,0,79
1789056291,20,324.0,345.0,331.1,8,2,0,79
1789056292,20,320.0,340.0,329.8,9,0,0,79
1789056293,20,238.0,337.0,321.4,7,0,0,80
1789056294,20,322.0,335.0,328.9,5,0,0,80
1789056296,20,324.0,334.0,329.2,7,0,0,80
1789056297,20,319.0,341.0,329.4,7,1,0,80
1789056298,20,326.0,340.0,330.6,10,0,0,80
1789056299,20,278.0,337.0,327.1,8,0,0,80
1789056300,20,325.0,337.0,329.8,6,0,0,80
1789056301,20,318.0,334.0,329.2,9,0,0,80
1789056302,20,324.0,341.0,330.2,9,1,0,79
1789056303,20,324.0,333.0,329.4,5,0,0,79
1789056304,20,263.0,340.0,322.6,9,0,0,79
1789056305,20,316.0,344.0,329.8,8,1,0,79
1789056306,20,325.0,349.0,330.9,10,1,0,80
1789056307,20,311.0,339.0,328.6,7,0,0,80
1789056308,20,317.0,335.0,329.0,9,0,0,79
1789056309,20,314.0,334.0,328.4,6,0,0,80
1789056310,20,315.0,344.0,329.4,7,1,0,80
1789056311,20,308.0,336.0,329.0,8,0,0,79
1789056312,20,323.0,342.0,329.5,7,1,0,80
1789056313,20,251.0,337.0,321.6,8,0,0,80
1789056314,20,324.0,333.0,329.3,9,0,0,80
1789056315,20,308.0,339.0,329.9,10,0,0,80
1789056316,20,318.0,334.0,329.1,7,0,0,80
1789056317,20,324.0,334.0,329.6,9,0,0,80
1789056318,20,324.0,339.0,329.8,7,0,0,79
1789056319,20,321.0,339.0,330.1,10,0,0,79
1789056320,20,324.0,342.0,330.1,9,1,0,79
1789056321,20,327.0,342.0,330.7,9,1,0,80
1789056322,20,267.0,333.0,324.6,6,0,0,76
1789056323,20,254.0,338.0,327.0,11,0,0,80
1789056324,20,312.0,334.0,328.3,6,0,0,80
1789056325,20,324.0,339.0,330.1,10,0,0,79
1789056326,20,323.0,349.0,330.2,7,1,0,79
1789056327,20,326.0,335.0,329.9,8,0,0,79
1789056328,20,326.0,337.0,330.1,7,0,0,79
1789056329,20,323.0,339.0,329.5,7,0,0,79
1789056330,20,325.0,346.0,330.6,7,1,0,79
1789056331,20,309.0,341.0,328.9,6,1,0,79
1789056332,20,248.0,342.0,324.7,10,1,0,79
1789056333,20,327.0,334.0,330.0,9,0,0,80
1789056334,20,324.0,341.0,330.1,7,1,0,79
1789056335,20,325.0,345.0,329.9,7,1,0,79
1789056336,20,314.0,342.0,329.9,8,1,0,79
1789056338,20,312.0,335.0,328.8,10,0,0,79
1789056339,20,324.0,340.0,330.4,10,0,0,79
1789056340,20,324.0,340.0,329.4,6,0,0,79
1789056341,20,323.0,344.0,330.2,8,1,0,79
1789056342,20,324.0,335.0,329.4,8,0,0,79
1789056343,20,246.0,341.0,324.4,9,1,0,80
1789056344,20,325.0,334.0,329.6,8,0,0,80
1789056345,20,302.0,341.0,328.9,8,1,0,80
1789056346,20,302.0,337.0,328.4,6,0,0,79
1789056347,20,310.0,339.0,329.2,7,0,0,80
1789056348,20,315.0,341.0,329.1,7,1,0,80
1789056349,20,326.0,343.0,330.6,10,1,0,80
1789056350,20,321.0,336.0,329.4,8,0,0,80
1789056351,20,323.0,335.0,329.4,9,0,0,80
1789056352,20,191.0,338.0,321.1,8,0,0,80
1789056353,20,312.0,343.0,329.2,7,1,0,80
1789056354,20,324.0,334.0,329.2,8,0,0,80
1789056355,20,324.0,334.0,329.3,9,0,0,79
1789056356,20,326.0,336.0,329.9,9,0,0,80
1789056357,20,324.0,335.0,329.8,8,0,0,80
1789056358,20,314.0,346.0,329.4,8,1,0,80
1789056359,20,325.0,348.0,330.8,10,1,0,80
1789056360,20,325.0,338.0,329.8,7,0,0,80
1789056361,20,246.0,340.0,325.8,8,0,0,64
1789056362,20,66.0,338.0,267.6,9,0,0,79
1789056363,20,323.0,334.0,329.1,7,0,0,80
1789056364,20,306.0,342.0,328.2,9,1,0,80
1789056365,20,326.0,342.0,330.2,9,1,0,80
1789056366,20,319.0,334.0,329.0,8,0,0,80
1789056367,20,325.0,342.0,330.4,9,2,0,80
1789056368,20,319.0,334.0,329.2,9,0,0,80
1789056369,20,319.0,344.0,329.6,8,1,0,80
1789056370,20,320.0,333.0,328.5,7,0,0,80
1789056371,20,254.0,340.0,324.8,9,0,0,80
1789056372,20,323.0,333.0,329.4,7,0,0,80
1789056373,20,307.0,344.0,329.6,9,2,0,80
1789056374,20,314.0,337.0,329.1,8,0,0,80
1789056375,20,325.0,340.0,330.1,8,0,0,80
1789056376,20,325.0,350.0,330.5,8,1,0,80
1789056377,20,314.0,339.0,328.7,9,0,0,80
1789056379,20,324.0,342.0,330.1,9,1,0,80
1789056380,20,324.0,340.0,329.7,8,0,0,80
1789056381,20,255.0,341.0,325.6,7,1,0,77
1789056382,20,324.0,358.0,332.6,9,2,1,80
1789056383,20,322.0,342.0,330.2,9,1,0,80
1789056384,20,306.0,349.0,329.4,7,1,0,80
1789056385,20,324.0,345.0,330.3,8,1,0,80
1789056386,20,315.0,336.0,328.1,7,0,0,80
1789056387,20,325.0,354.0,330.3,6,1,1,80
1789056388,20,324.0,337.0,329.4,7,0,0,80
1789056389,20,326.0,348.0,330.7,9,1,0,80
1789056390,20,316.0,333.0,329.1,8,0,0,80
1789056391,20,235.0,352.0,324.2,9,1,1,80
1789056392,20,312.0,335.0,328.4,7,0,0,80
1789056393,20,305.0,333.0,327.6,5,0,0,80
1789056394,20,71.0,342.0,283.1,7,3,0,79
1789056395,20,309.0,338.0,328.2,9,0,0,80
1789056396,20,324.0,339.0,330.3,9,0,0,80
1789056397,20,325.0,358.0,331.0,9,1,1,80
1789056398,20,310.0,342.0,327.9,8,1,0,80
1789056399,20,237.0,343.0,323.6,8,2,0,80
1789056400,20,294.0,335.0,327.4,9,0,0,80
1789056401,20,55.0,334.0,194.8,4,0,0,51
1789056402,20,52.0,108.0,63.4,0,0,0,49
1789056403,20,49.0,54.0,51.2,0,0,0,48
1789056404,20,52.0,73.0,56.9,0,0,0,48
1789056405,20,52.0,119.0,63.1,0,0,0,47
1789056406,20,52.0,284.0,85.2,0,0,0,47
1789056407,20,51.0,53.0,51.5,0,0,0,46
1789056408,20,51.0,367.0,102.1,3,3,2,79
1789056409,20,314.0,367.0,330.2,8,1,1,82
1789056410,20,318.0,344.0,329.9,9,1,0,82
1789056411,20,309.0,369.0,331.6,9,2,2,82
1789056412,20,296.0,340.0,326.0,8,0,0,83
1789056413,20,310.0,344.0,327.6,8,2,0,84
1789056414,20,308.0,341.0,328.6,10,1,0,84
1789056415,20,287.0,349.0,328.7,8,6,0,84
1789056416,20,306.0,341.0,328.4,9,1,0,84
1789056417,20,318.0,356.0,332.3,10,3,1,85
1789056418,20,260.0,353.0,328.5,10,3,1,85
1789056419,20,317.0,349.0,329.6,7,1,0,86
1789056421,20,278.0,341.0,327.1,8,3,0,85
1789056422,20,314.0,342.0,329.5,10,1,0,85
1789056423,20,316.0,349.0,331.4,11,4,0,85
1789056424,20,271.0,369.0,323.9,12,2,2,85
1789056425,20,188.0,384.0,309.6,8,4,3,78
1789056426,20,306.0,343.0,329.3,11,1,0,78
1789056427,20,53.0,360.0,269.1,8,4,3,77
1789056428,20,325.0,334.0,329.6,11,0,0,78
1789056429,20,53.0,346.0,93.4,1,1,0,49
1789056430,20,51.0,343.0,67.0,1,1,0,74
1789056431,20,256.0,370.0,330.2,8,5,3,83
1789056432,20,288.0,354.0,331.1,12,4,2,83
1789056433,20,111.0,369.0,320.4,10,5,3,84
1789056434,20,285.0,371.0,329.6,10,4,3,85
1789056435,20,252.0,371.0,322.8,10,4,2,85
1789056436,20,299.0,354.0,329.9,10,2,2,84
1789056437,20,109.0,375.0,319.9,11,3,3,85
1789056438,20,270.0,406.0,335.4,12,6,4,85
1789056439,20,241.0,352.0,323.1,7,3,1,85
1789056440,20,279.0,380.0,330.6,10,6,2,86
1789056441,20,298.0,361.0,331.6,8,4,3,86
1789056442,20,248.0,370.0,326.4,10,5,1,86
1789056443,20,275.0,383.0,329.2,9,4,3,85
1789056444,20,250.0,371.0,328.0,10,5,3,86
1789056445,20,233.0,396.0,326.6,9,3,1,79
1789056446,20,246.0,385.0,319.7,7,4,4,81
1789056447,20,324.0,346.0,330.3,10,1,0,79
1789056448,20,58.0,380.0,281.2,10,4,3,86
1789056449,20,219.0,358.0,324.1,9,2,1,79
1789056450,20,320.0,344.0,329.6,8,1,0,79
1789056451,20,306.0,334.0,328.9,11,0,0,79
1789056452,20,317.0,342.0,328.9,8,1,0,78
1789056453,20,325.0,335.0,329.6,10,0,0,78
1789056454,20,325.0,345.0,331.3,12,1,0,79
1789056455,20,326.0,343.0,330.4,10,1,0,79
1789056456,20,318.0,339.0,329.2,10,0,0,79
1789056457,20,307.0,343.0,329.6,10,1,0,79
1789056458,20,309.0,336.0,328.1,9,0,0,79
1789056459,20,58.0,338.0,266.3,6,0,0,52
1789056460,20,55.0,58.0,57.1,0,0,0,49
1789056461,20,55.0,374.0,90.8,2,2,2,79
1789056462,20,264.0,388.0,332.4,10,4,3,84
1789056464,20,264.0,359.0,324.2,8,2,1,86
1789056465,20,317.0,362.0,332.7,9,2,2,84
1789056466,20,278.0,359.0,328.7,9,3,2,85
1789056467,20,253.0,383.0,325.8,9,4,4,86
1789056468,20,220.0,371.0,319.7,8,2,1,87
1789056469,20,250.0,362.0,325.5,10,3,1,86
1789056470,20,266.0,372.0,332.4,9,6,4,86
1789056471,20,230.0,374.0,331.2,13,4,3,85
1789056472,20,259.0,387.0,327.6,9,5,4,86
1789056473,20,312.0,374.0,333.6,10,5,2,80
1789056474,20,252.0,380.0,331.1,13,4,2,86
1789056475,20,302.0,382.0,331.6,9,4,1,82
1789056476,20,304.0,375.0,334.1,8,6,3,86
1789056477,20,224.0,356.0,325.4,8,3,1,88
1789056478,20,249.0,366.0,316.9,6,3,3,79
1789056479,20,325.0,336.0,330.6,9,0,0,79
1789056480,20,325.0,334.0,330.2,11,0,0,79
1789056481,20,324.0,338.0,330.0,10,0,0,78
1789056482,20,324.0,334.0,329.6,8,0,0,79
1789056483,20,232.0,341.0,322.8,7,1,0,61
1789056484,20,58.0,363.0,260.1,5,2,2,78
1789056485,20,58.0,341.0,234.9,8,1,0,51
1789056486,20,56.0,60.0,56.9,0,0,0,48
1789056487,20,54.0,366.0,185.2,6,4,4,81
1789056488,20,271.0,366.0,326.7,7,2,1,84
1789056489,20,285.0,363.0,327.9,7,2,1,84
1789056490,20,280.0,353.0,329.6,11,4,2,85
1789056491,20,276.0,358.0,326.9,8,4,1,85
1789056492,20,249.0,371.0,325.0,9,2,1,85
1789056493,20,288.0,384.0,330.8,8,4,2,85
1789056494,20,262.0,372.0,324.9,11,5,2,86
1789056495,20,255.0,361.0,326.9,9,3,1,86
1789056496,20,256.0,371.0,324.3,12,3,3,86
1789056497,20,256.0,349.0,322.1,7,2,0,85
1789056498,20,207.0,368.0,320.6,10,6,3,86
1789056499,20,271.0,363.0,322.4,6,2,1,86
1789056500,20,280.0,360.0,326.1,9,4,3,86
1789056501,20,226.0,359.0,325.8,12,3,3,86
1789056502,20,238.0,406.0,336.7,9,6,6,86
1789056503,20,248.0,387.0,319.4,6,4,3,80
1789056504,20,307.0,336.0,328.9,9,0,0,79
1789056505,20,302.0,335.0,328.1,10,0,0,79
1789056506,20,59.0,342.0,255.0,5,1,0,62
1789056508,20,57.0,365.0,236.8,6,3,3,51
1789056509,20,56.0,57.0,56.5,0,0,0,48
1789056510,20,55.0,56.0,55.4,0,0,0,48
1789056511,20,55.0,361.0,307.1,10,5,5,82
1789056512,20,258.0,378.0,328.1,8,4,1,83
1789056513,20,289.0,374.0,335.4,11,6,5,84
1789056514,20,280.0,372.0,329.9,12,4,2,85
1789056515,20,274.0,371.0,329.1,10,2,1,79
1789056516,20,295.0,381.0,331.2,9,3,2,85
1789056517,20,271.0,356.0,323.0,9,4,1,86
1789056518,20,290.0,359.0,329.2,9,3,1,80
1789056519,20,267.0,398.0,330.1,6,5,3,86
1789056520,20,225.0,371.0,318.5,11,4,2,87
1789056521,20,233.0,372.0,329.1,11,4,2,85
1789056522,20,255.0,407.0,327.9,8,6,4,86
1789056523,20,252.0,369.0,331.9,12,6,3,86
1789056524,20,280.0,410.0,329.9,8,4,3,88
1789056525,20,315.0,361.0,333.1,11,4,3,86
1789056526,20,252.0,366.0,311.6,5,4,3,73
1789056527,20,247.0,360.0,328.8,10,3,2,79
1789056528,20,57.0,343.0,270.4,6,1,0,68
1789056529,20,218.0,366.0,327.1,11,5,3,79
1789056530,20,325.0,344.0,330.2,7,1,0,79
1789056531,20,57.0,334.0,182.7,5,0,0,50
1789056532,20,55.0,58.0,56.0,0,0,0,48
1789056534,20,268.0,371.0,327.4,6,2,1,84
1789056535,20,267.0,372.0,324.2,5,3,2,85
1789056536,20,234.0,363.0,324.6,7,2,1,85
1789056537,20,279.0,362.0,329.4,10,5,2,86
1789056538,20,290.0,359.0,330.0,10,3,1,85
1789056539,20,238.0,375.0,325.3,7,5,2,86
1789056540,20,263.0,373.0,329.4,10,6,3,86
1789056541,20,291.0,367.0,328.6,9,2,2,86
1789056542,20,205.0,371.0,321.9,11,3,3,86
1789056543,20,264.0,346.0,326.2,13,2,0,86
1789056544,20,251.0,372.0,330.2,13,5,2,86
1789056545,20,264.0,357.0,325.6,9,3,1,86
1789056546,20,277.0,409.0,329.9,10,4,2,86
1789056547,20,248.0,369.0,327.1,10,2,2,86
1789056548,20,263.0,374.0,328.8,10,3,3,86
1789056549,20,251.0,362.0,317.6,7,3,2,79
1789056550,20,325.0,334.0,329.7,8,0,0,79
1789056551,20,255.0,354.0,324.2,9,1,1,79
1789056552,20,325.0,338.0,330.1,10,0,0,79
1789056553,20,59.0,364.0,281.4,7,6,4,80
1789056554,20,306.0,341.0,329.4,10,1,0,79
1789056555,20,309.0,337.0,329.1,10,0,0,79
1789056556,20,301.0,341.0,328.3,9,1,0,79
1789056557,20,316.0,337.0,328.6,9,0,0,79
1789056558,20,324.0,349.0,330.2,7,1,0,79
1789056559,20,324.0,337.0,329.9,10,0,0,79
1789056560,20,312.0,335.0,328.4,9,0,0,79
1789056561,20,57.0,344.0,95.3,1,1,0,50
1789056562,20,56.0,373.0,122.0,4,4,4,82
1789056563,20,263.0,371.0,328.2,9,2,1,84
1789056564,20,263.0,377.0,326.8,9,3,2,84
1789056565,20,261.0,369.0,325.6,6,2,2,86
1789056566,20,294.0,360.0,327.9,9,2,1,86
1789056568,20,282.0,394.0,334.5,9,4,3,86
1789056569,20,260.0,372.0,325.6,8,3,2,86
1789056570,20,267.0,378.0,329.9,7,4,2,85
1789056571,20,240.0,370.0,327.9,10,3,3,86
1789056572,20,263.0,388.0,332.1,11,2,2,87
1789056573,20,268.0,353.0,328.1,9,5,2,86
1789056574,20,261.0,364.0,325.6,9,5,1,88
1789056575,20,250.0,369.0,328.1,11,7,3,86
1789056576,20,246.0,364.0,328.4,10,4,4,89
1789056577,20,284.0,349.0,324.1,6,2,0,87
1789056578,20,210.0,360.0,323.9,9,5,3,87
1789056579,20,249.0,356.0,314.9,6,3,1,79
1789056580,20,315.0,339.0,329.2,10,0,0,79
1789056581,20,325.0,344.0,330.4,8,1,0,79
1789056582,20,326.0,344.0,330.9,8,2,0,79
1789056583,20,59.0,361.0,282.2,9,4,3,80
1789056584,20,317.0,334.0,328.8,7,0,0,79
1789056585,20,325.0,352.0,331.8,10,2,1,79
1789056586,20,323.0,343.0,330.2,10,1,0,79
1789056587,20,325.0,345.0,330.5,9,1,0,79
1789056588,20,57.0,65.0,58.7,0,0,0,49
1789056589,20,54.0,365.0,88.0,2,2,2,79
1789056590,20,274.0,370.0,334.9,12,5,4,86
1789056591,20,265.0,370.0,326.4,7,4,2,85
1789056592,20,274.0,363.0,327.2,8,1,1,85
1789056593,20,97.0,401.0,319.8,9,4,2,85
1789056594,20,276.0,378.0,331.4,8,4,4,86
1789056595,20,252.0,388.0,324.9,11,4,1,85
1789056596,20,277.0,373.0,327.9,7,3,1,86
1789056597,20,259.0,371.0,327.6,8,3,2,86
1789056598,20,246.0,370.0,320.9,7,1,1,86
1789056599,20,262.0,417.0,331.4,12,6,1,86
1789056600,20,283.0,347.0,328.3,10,3,0,80
1789056601,20,246.0,404.0,334.8,12,5,5,86
1789056602,20,287.0,359.0,329.0,9,4,2,84
1789056603,20,212.0,370.0,324.9,11,5,3,86
1789056604,20,196.0,378.0,326.0,10,3,3,88
1789056605,20,257.0,374.0,317.4,7,4,3,81
1789056606,20,300.0,335.0,327.4,7,0,0,79
1789056607,20,324.0,340.0,329.8,8,0,0,79
1789056608,20,325.0,347.0,330.6,8,2,0,79
1789056610,20,323.0,345.0,329.9,8,1,0,79
1789056611,20,325.0,348.0,331.1,12,1,0,79
1789056612,20,325.0,343.0,330.0,8,1,0,68
1789056613,20,59.0,356.0,278.9,8,3,2,86
1789056614,20,227.0,373.0,325.2,10,4,2,80
1789056615,20,265.0,363.0,328.6,9,4,4,81
1789056616,20,324.0,338.0,330.1,6,0,0,80
1789056617,20,299.0,357.0,328.8,7,2,1,79
1789056618,20,324.0,334.0,329.4,8,0,0,79
1789056619,20,311.0,337.0,328.5,9,0,0,79
1789056620,20,322.0,351.0,330.7,10,1,1,79
1789056621,20,321.0,337.0,329.9,12,0,0,79
1789056622,20,309.0,335.0,327.6,9,0,0,79
1789056623,20,247.0,336.0,323.4,9,0,0,61
1789056624,20,57.0,59.0,57.7,0,0,0,50
1789056625,20,55.0,58.0,56.1,0,0,0,48
1789056626,20,55.0,367.0,225.7,7,6,5,82
1789056627,20,255.0,378.0,324.1,6,1,1,86
1789056628,20,320.0,366.0,332.5,10,2,2,84
1789056629,20,188.0,341.0,320.0,9,2,0,85
1789056630,20,286.0,358.0,328.7,9,4,2,84
1789056631,20,273.0,357.0,328.6,11,3,2,86
1789056632,20,285.0,369.0,331.3,7,3,3,86
1789056633,20,288.0,359.0,328.6,11,3,1,85
1789056634,20,279.0,356.0,329.2,10,5,2,83
1789056635,20,265.0,375.0,331.1,12,2,2,86
1789056636,20,268.0,389.0,329.8,8,4,3,86
1789056637,20,256.0,371.0,328.1,10,3,1,86
1789056638,20,249.0,369.0,323.9,10,3,1,85
1789056639,20,289.0,371.0,327.4,9,3,1,86
1789056640,20,276.0,340.0,322.2,7,0,0,86
1789056641,20,238.0,364.0,327.5,9,4,2,87
1789056642,20,255.0,361.0,313.4,4,2,2,79
1789056643,20,303.0,333.0,327.8,8,0,0,79
1789056644,20,319.0,332.0,328.9,8,0,0,79
1789056645,20,321.0,335.0,329.3,10,0,0,79
1789056646,20,58.0,364.0,264.7,6,2,2,79
1789056647,20,320.0,344.0,329.3,8,1,0,79
1789056648,20,317.0,339.0,329.9,13,0,0,79
1789056649,20,321.0,341.0,329.6,11,1,0,79
1789056651,20,243.0,363.0,323.9,8,1,1,79
1789056652,20,324.0,335.0,329.4,8,0,0,79
1789056653,20,321.0,342.0,330.9,11,1,0,79
1789056654,20,325.0,335.0,329.6,9,0,0,79
1789056655,20,57.0,345.0,136.8,2,1,0,50
1789056656,20,55.0,355.0,84.5,1,1,1,79
1789056657,20,266.0,385.0,332.4,10,5,4,85
1789056658,20,297.0,352.0,328.0,10,1,1,80
1789056659,20,295.0,381.0,334.7,13,5,3,85
1789056660,20,281.0,356.0,328.4,9,3,1,86
1789056661,20,276.0,390.0,329.1,8,3,2,86
1789056662,20,283.0,366.0,328.1,9,2,2,80
1789056663,20,319.0,376.0,335.6,12,4,3,86
1789056664,20,149.0,364.0,322.9,10,6,1,86
1789056665,20,288.0,384.0,331.6,12,3,2,86
1789056666,20,256.0,408.0,330.2,9,5,3,86
1789056667,20,241.0,356.0,327.6,12,5,2,86
1789056668,20,75.0,362.0,319.1,12,3,2,87
1789056669,20,254.0,374.0,328.6,9,5,2,86
1789056670,20,279.0,349.0,321.5,10,2,0,86
1789056671,20,208.0,359.0,324.3,8,3,1,88
1789056672,20,252.0,359.0,315.3,7,4,2,80
1789056673,20,325.0,342.0,329.9,8,2,0,78
1789056674,20,259.0,361.0,327.4,6,2,1,79
1789056675,20,58.0,345.0,267.4,7,1,0,69
1789056676,20,201.0,363.0,325.3,9,3,3,79
1789056677,20,63.0,357.0,306.8,8,3,1,79
1789056678,20,307.0,361.0,328.4,7,1,1,79
1789056679,20,324.0,337.0,329.4,9,0,0,79
1789056680,20,326.0,338.0,329.8,9,0,0,79
1789056681,20,325.0,341.0,330.1,10,1,0,79
1789056682,20,325.0,343.0,330.7,7,1,0,79
1789056683,20,321.0,337.0,330.4,12,0,0,79
1789056684,20,320.0,334.0,329.4,9,0,0,79
1789056685,20,308.0,348.0,327.3,7,1,0,79
1789056686,20,56.0,334.0,82.8,1,0,0,50
1789056687,20,55.0,56.0,55.9,0,0,0,48
1789056688,20,55.0,371.0,308.8,11,6,5,83
1789056689,20,271.0,357.0,328.1,9,3,1,84
1789056690,20,264.0,380.0,328.1,8,3,3,85
1789056691,20,267.0,365.0,329.3,10,5,2,85
1789056693,20,287.0,345.0,326.4,8,1,0,82
1789056694,20,262.0,376.0,328.9,9,3,2,86
1789056695,20,265.0,372.0,328.8,10,5,3,86
1789056696,20,267.0,354.0,325.6,10,3,1,80
1789056697,20,259.0,373.0,329.2,10,3,2,86
1789056698,20,233.0,360.0,324.5,8,4,1,88
1789056699,20,271.0,378.0,327.4,10,3,2,86
1789056700,20,256.0,367.0,327.2,10,3,2,87
1789056701,20,286.0,345.0,325.0,9,1,0,86
1789056702,20,248.0,380.0,330.2,11,6,5,88
1789056703,20,305.0,375.0,330.9,9,3,1,87
1789056704,20,219.0,362.0,309.6,8,3,2,76
1789056705,20,325.0,366.0,334.8,12,3,3,79
1789056706,20,324.0,343.0,330.0,10,1,0,79
1789056707,20,315.0,345.0,330.4,10,2,0,79
1789056708,20,303.0,337.0,328.9,10,0,0,79
1789056709,20,309.0,334.0,328.5,10,0,0,79
1789056710,20,308.0,340.0,328.6,9,0,0,79
1789056711,20,58.0,367.0,273.4,10,5,3,84
1789056712,20,255.0,345.0,324.2,7,1,0,79
1789056713,20,305.0,339.0,328.9,10,0,0,79
1789056714,20,59.0,377.0,307.3,11,5,2,86
1789056715,20,245.0,360.0,325.7,10,1,1,79
1789056716,20,324.0,336.0,329.4,8,0,0,79
1789056717,20,302.0,340.0,328.5,8,0,0,79
1789056718,20,60.0,355.0,307.6,11,3,1,87
1789056719,20,181.0,357.0,321.0,9,3,2,86
1789056720,20,268.0,365.0,326.1,7,3,3,79
1789056721,20,324.0,338.0,330.4,13,0,0,79
1789056722,20,308.0,341.0,329.0,8,1,0,79
1789056723,20,310.0,350.0,329.8,8,2,0,79
1789056724,20,297.0,355.0,329.4,10,1,1,79
1789056725,20,317.0,333.0,329.1,9,0,0,80
1789056726,20,306.0,333.0,328.3,10,0,0,79
1789056727,20,309.0,334.0,328.6,9,0,0,79
1789056728,20,61.0,335.0,308.2,8,0,0,56
1789056730,20,56.0,61.0,58.0,0,0,0,49
1789056731,20,56.0,368.0,173.8,7,5,4,82
1789056732,20,275.0,364.0,328.3,10,4,2,84
1789056733,20,275.0,378.0,330.4,9,4,2,85
1789056734,20,268.0,358.0,328.0,8,3,2,86
1789056735,20,267.0,376.0,329.1,11,3,2,86
1789056736,20,253.0,360.0,326.2,8,2,2,86
1789056737,20,245.0,370.0,326.1,8,6,2,86
1789056738,20,260.0,380.0,328.9,8,4,3,86
1789056739,20,289.0,379.0,330.4,10,5,2,86
1789056740,20,212.0,373.0,324.1,9,3,3,86
1789056741,20,253.0,370.0,329.2,10,3,2,86
1789056742,20,178.0,367.0,319.9,10,3,3,86
1789056743,20,266.0,365.0,325.6,8,2,1,86
1789056744,20,265.0,406.0,327.4,8,3,3,87
1789056745,20,160.0,365.0,319.9,11,4,3,86
1789056746,20,262.0,393.0,331.4,11,5,3,86
1789056748,20,324.0,351.0,331.8,10,3,1,79
1789056749,20,57.0,363.0,279.9,9,5,2,79
1789056750,20,311.0,341.0,328.9,8,1,0,79
1789056751,20,268.0,340.0,326.8,9,0,0,79
1789056752,20,321.0,340.0,330.4,11,0,0,79
1789056753,20,324.0,343.0,330.4,9,1,0,79
1789056754,20,57.0,335.0,99.0,1,0,0,50
1789056756,20,55.0,55.0,55.0,0,0,0,47
1789056757,20,55.0,360.0,281.8,10,5,3,76
1789056758,20,164.0,357.0,324.4,11,3,2,77
1789056759,20,313.0,333.0,328.9,8,0,0,77
1789056760,20,56.0,326.0,70.4,0,0,0,48
1789056761,20,54.0,56.0,54.7,0,0,0,47
1789056762,20,54.0,54.0,54.0,0,0,0,46
1789056763,20,53.0,54.0,53.2,0,0,0,46
1789056764,20,53.0,54.0,53.1,0,0,0,45
1789056765,20,53.0,54.0,53.0,0,0,0,45
1789056766,20,53.0,55.0,53.5,0,0,0,44
1789056767,20,53.0,104.0,59.0,0,0,0,44
1789056768,20,53.0,57.0,54.2,0,0,0,44
1789056769,20,52.0,82.0,61.5,0,0,0,44
1789056770,20,53.0,234.0,69.7,0,0,0,44
1789056771,20,52.0,297.0,84.8,0,0,0,44
1789056772,20,52.0,53.0,52.5,0,0,0,43
1789056773,20,52.0,368.0,201.4,6,5,4,76
1789056774,20,318.0,339.0,328.6,9,0,0,79
1789056775,20,296.0,342.0,328.3,9,1,0,80
1789056776,20,289.0,343.0,327.8,9,1,0,81
1789056777,20,310.0,341.0,328.0,8,1,0,81
1789056778,20,315.0,343.0,328.5,10,1,0,82
1789056779,20,306.0,368.0,331.9,11,2,2,82
1789056780,20,303.0,338.0,329.0,9,0,0,83
1789056781,20,299.0,340.0,327.1,9,0,0,83
1789056783,20,317.0,372.0,332.6,12,2,1,83
1789056784,20,312.0,343.0,330.6,10,3,0,84
1789056785,20,259.0,342.0,323.6,9,2,0,83
1789056786,20,312.0,348.0,331.2,11,3,0,84
1789056787,20,292.0,372.0,329.7,8,3,2,84
1789056788,20,269.0,360.0,327.6,9,2,1,84
1789056789,20,244.0,372.0,318.8,9,2,2,78
1789056790,20,234.0,361.0,323.9,8,2,1,77
1789056791,20,56.0,365.0,265.4,5,2,2,77
1789056792,20,53.0,333.0,225.8,5,0,0,49
1789056793,20,53.0,56.0,54.8,0,0,0,47
1789056794,20,53.0,54.0,53.6,0,0,0,46
1789056795,20,130.0,369.0,325.8,11,7,5,81
1789056796,20,267.0,361.0,327.6,7,3,1,82
1789056797,20,231.0,369.0,325.4,9,4,2,83
1789056798,20,281.0,373.0,329.4,7,3,3,83
1789056799,20,267.0,374.0,329.8,11,3,2,85
1789056800,20,291.0,378.0,332.3,8,3,3,84
1789056801,20,281.0,356.0,328.6,9,4,1,83
1789056802,20,257.0,402.0,330.4,11,4,4,86
1789056803,20,291.0,349.0,330.0,12,3,0,85
1789056804,20,252.0,368.0,326.3,13,4,2,84
1789056805,20,249.0,372.0,327.4,8,2,1,85
1789056806,20,245.0,370.0,328.0,11,5,4,85
1789056807,20,260.0,366.0,328.8,9,3,1,85
1789056808,20,258.0,361.0,324.5,10,3,3,85
1789056809,20,239.0,343.0,325.1,8,2,0,79
1789056810,20,248.0,379.0,320.6,7,4,3,80
1789056812,20,325.0,339.0,329.9,8,0,0,78
1789056813,20,305.0,341.0,329.4,11,1,0,78
1789056814,20,57.0,356.0,278.2,8,4,3,84
1789056815,20,245.0,363.0,325.4,9,2,1,78
1789056816,20,308.0,334.0,328.9,11,0,0,78
1789056817,20,321.0,344.0,329.4,6,2,0,79
1789056818,20,323.0,338.0,330.0,11,0,0,78
1789056819,20,320.0,339.0,329.9,9,0,0,78
1789056820,20,325.0,333.0,329.9,10,0,0,78
1789056821,20,58.0,343.0,124.5,3,1,0,49
1789056822,20,55.0,57.0,55.9,0,0,0,48
1789056823,20,54.0,404.0,147.7,5,5,5,80
1789056824,20,309.0,411.0,335.0,11,3,1,83
1789056825,20,288.0,357.0,328.9,9,4,3,84
1789056826,20,294.0,354.0,326.3,8,2,1,84
1789056827,20,282.0,357.0,329.3,10,3,1,82
1789056828,20,272.0,374.0,329.0,10,3,1,85
1789056829,20,266.0,366.0,324.9,9,2,2,85
1789056830,20,255.0,364.0,328.6,8,3,2,80
1789056831,20,297.0,380.0,335.8,11,7,4,85
1789056832,20,222.0,368.0,322.6,12,3,2,85
1789056833,20,228.0,376.0,328.6,12,4,1,85
1789056835,20,257.0,370.0,326.6,10,4,2,85
1789056836,20,249.0,393.0,331.1,10,4,2,86
1789056837,20,239.0,360.0,326.6,10,6,4,86
1789056838,20,262.0,367.0,327.8,8,2,2,86
1789056839,20,236.0,363.0,328.2,9,4,1,86
1789056840,20,252.0,360.0,316.9,7,4,1,79
1789056841,20,322.0,335.0,329.4,8,0,0,79
1789056842,20,317.0,343.0,329.7,9,1,0,79
1789056843,20,58.0,350.0,254.3,6,4,0,76
1789056844,20,325.0,364.0,332.8,10,2,1,79
1789056845,20,56.0,333.0,86.8,1,0,0,49
1789056846,20,54.0,132.0,59.3,0,0,0,71
1789056847,20,275.0,374.0,337.0,11,6,5,83
1789056848,20,270.0,388.0,331.7,9,3,2,83
1789056849,20,291.0,354.0,329.1,9,3,1,84
1789056850,20,282.0,353.0,325.6,6,2,1,84
1789056851,20,252.0,366.0,331.1,11,6,2,85
1789056852,20,296.0,367.0,331.8,10,3,3,84
1789056853,20,260.0,361.0,328.1,11,3,3,85
1789056854,20,248.0,369.0,328.6,10,4,4,86
1789056855,20,283.0,378.0,328.9,11,3,2,86
1789056856,20,253.0,388.0,325.7,11,5,2,85
1789056857,20,265.0,369.0,327.8,7,1,1,86
1789056858,20,258.0,382.0,327.7,9,5,3,85
1789056859,20,288.0,405.0,333.4,7,5,3,85
1789056860,20,252.0,375.0,329.8,8,6,4,86
1789056861,20,232.0,384.0,329.6,8,6,3,87
1789056862,20,254.0,364.0,316.6,5,3,2,80
1789056863,20,320.0,341.0,329.5,8,1,0,80
1789056864,20,324.0,338.0,330.2,10,0,0,79
1789056865,20,326.0,341.0,330.1,9,1,0,79
1789056866,20,58.0,333.0,293.8,6,0,0,54
1789056867,20,72.0,361.0,299.9,7,3,2,79
1789056868,20,56.0,333.0,153.3,4,0,0,50
1789056869,20,55.0,57.0,55.9,0,0,0,48
1789056870,20,54.0,386.0,227.4,7,6,5,83
1789056871,20,189.0,377.0,321.4,9,1,1,85
1789056872,20,303.0,340.0,329.1,9,0,0,83
1789056873,20,182.0,372.0,322.6,7,3,1,85
1789056874,20,262.0,375.0,326.8,9,5,4,84
1789056875,20,289.0,358.0,331.8,9,4,2,85
1789056877,20,209.0,373.0,321.9,10,2,1,85
1789056878,20,264.0,370.0,327.9,9,3,2,85
1789056879,20,275.0,356.0,325.3,8,3,1,87
1789056880,20,299.0,344.0,325.0,8,1,0,86
1789056881,20,259.0,358.0,324.6,10,4,1,85
1789056882,20,267.0,360.0,326.6,11,3,1,86
1789056883,20,254.0,365.0,324.6,8,3,1,86
1789056884,20,245.0,370.0,326.6,10,4,2,86
1789056885,20,277.0,349.0,325.0,8,3,0,86
1789056886,20,217.0,372.0,331.0,12,6,5,79
1789056887,20,259.0,366.0,320.3,6,2,1,79
1789056888,20,309.0,344.0,329.4,8,1,0,79
1789056889,20,326.0,342.0,330.6,9,1,0,79
1789056890,20,59.0,333.0,256.6,4,0,0,76
1789056891,20,325.0,363.0,334.0,11,3,2,79
1789056892,20,58.0,339.0,140.7,2,0,0,49
1789056893,20,55.0,64.0,56.5,0,0,0,56
1789056894,20,296.0,370.0,333.8,7,5,5,77
1789056895,20,289.0,418.0,333.6,10,3,2,84
1789056896,20,299.0,354.0,327.5,9,4,2,84
1789056897,20,292.0,361.0,327.6,7,2,2,85
1789056898,20,257.0,370.0,327.4,9,4,3,86
1789056899,20,273.0,363.0,328.9,10,3,2,85
1789056900,20,293.0,357.0,326.7,9,3,2,85
1789056901,20,222.0,360.0,325.0,11,2,2,87
1789056902,20,291.0,352.0,326.3,8,1,1,86
1789056903,20,238.0,367.0,328.7,11,6,4,86
1789056904,20,255.0,366.0,322.9,9,3,1,87
1789056905,20,260.0,369.0,325.4,11,6,2,86
1789056906,20,249.0,371.0,331.2,10,6,3,87
1789056907,20,252.0,364.0,323.6,10,5,2,86
1789056908,20,300.0,389.0,332.6,9,3,2,77
1789056909,20,250.0,367.0,317.0,8,3,1,80
1789056910,20,233.0,355.0,327.9,11,3,2,79
1789056911,20,58.0,341.0,278.6,8,1,0,82
1789056912,20,232.0,358.0,326.9,8,2,2,79
1789056913,20,325.0,345.0,330.2,9,1,0,79
1789056914,20,308.0,338.0,329.0,8,0,0,79
1789056915,20,318.0,333.0,328.9,8,0,0,79
1789056916,20,326.0,343.0,330.6,9,2,0,79
1789056917,20,325.0,341.0,330.4,11,1,0,79
1789056918,20,303.0,338.0,328.6,7,0,0,59
1789056919,20,57.0,60.0,58.0,0,0,0,49
1789056921,20,55.0,57.0,56.6,0,0,0,48
1789056922,20,55.0,377.0,286.9,11,7,5,83
1789056923,20,278.0,350.0,326.8,9,3,0,84
1789056924,20,263.0,378.0,328.9,8,3,3,85
1789056925,20,178.0,398.0,320.9,8,2,2,86
1789056926,20,290.0,351.0,325.4,6,2,1,85
1789056927,20,265.0,373.0,326.9,7,4,3,86
1789056928,20,270.0,387.0,331.3,10,6,3,86
1789056929,20,254.0,375.0,326.9,9,4,1,85
1789056930,20,92.0,361.0,313.6,10,3,2,85
1789056931,20,279.0,358.0,326.4,6,3,3,82
1789056932,20,272.0,414.0,333.2,11,3,2,87
1789056933,20,74.0,364.0,310.3,7,3,2,87
1789056934,20,254.0,372.0,327.4,13,6,3,86
1789056935,20,282.0,386.0,327.6,9,2,2,86
1789056936,20,234.0,394.0,327.9,10,4,3,86
1789056937,20,227.0,360.0,315.2,7,4,2,79
1789056938,20,57.0,340.0,283.6,7,0,0,62
1789056939,20,151.0,368.0,324.5,8,5,3,80
1789056940,20,323.0,337.0,329.9,10,0,0,79
1789056941,20,311.0,343.0,328.9,7,1,0,79
1789056942,20,325.0,335.0,329.8,9,0,0,79
1789056944,20,322.0,340.0,329.4,8,0,0,79
1789056945,20,323.0,339.0,329.8,10,0,0,79
1789056946,20,326.0,338.0,330.2,10,0,0,79
1789056947,20,324.0,340.0,329.8,9,0,0,70
1789056948,20,56.0,60.0,57.5,0,0,0,49
1789056949,20,55.0,57.0,56.0,0,0,0,48
1789056950,20,55.0,370.0,236.2,7,5,5,83
1789056951,20,265.0,378.0,327.2,7,3,2,85
1789056952,20,297.0,343.0,327.4,8,1,0,79
1789056953,20,289.0,385.0,331.5,10,5,2,85
1789056954,20,274.0,360.0,324.1,9,3,1,85
1789056955,20,279.0,351.0,328.5,9,4,2,85
1789056956,20,201.0,344.0,319.9,7,1,0,85
1789056957,20,209.0,348.0,323.3,8,3,0,86
1789056958,20,252.0,431.0,330.6,14,3,3,86
1789056959,20,262.0,371.0,329.1,9,3,2,86
1789056960,20,246.0,366.0,322.6,10,3,2,86
1789056961,20,256.0,379.0,327.9,10,5,3,86
1789056962,20,253.0,365.0,325.9,9,4,2,86
1789056963,20,307.0,366.0,329.8,9,2,2,87
1789056964,20,257.0,358.0,328.6,10,6,3,86
1789056965,20,213.0,371.0,331.7,12,5,5,79
1789056966,20,261.0,360.0,319.9,7,2,2,79
1789056967,20,326.0,343.0,330.2,10,1,0,79
1789056968,20,308.0,337.0,328.6,8,0,0,79
1789056969,20,325.0,340.0,329.9,7,0,0,79
1789056970,20,311.0,336.0,328.2,9,0,0,79
1789056971,20,325.0,336.0,330.2,12,0,0,79
1789056972,20,293.0,362.0,328.2,6,1,1,79
1789056973,20,323.0,348.0,331.3,9,2,0,79
1789056974,20,326.0,336.0,329.9,9,0,0,79
1789056975,20,58.0,363.0,279.9,11,4,2,87
1789056976,20,287.0,346.0,323.2,8,1,0,87
1789056977,20,232.0,359.0,322.9,10,3,1,87
1789056978,20,260.0,354.0,324.9,9,1,1,79
1789056979,20,322.0,339.0,329.8,11,0,0,79
1789056980,20,321.0,332.0,329.1,9,0,0,79
1789056981,20,310.0,337.0,328.3,8,0,0,79
1789056982,20,325.0,342.0,329.9,8,1,0,79
1789056983,20,323.0,338.0,329.7,8,0,0,79
1789056984,20,324.0,334.0,329.6,9,0,0,79
1789056985,20,324.0,335.0,329.4,9,0,0,79
1789056986,20,60.0,360.0,274.8,6,2,1,53
1789056988,20,56.0,59.0,58.0,0,0,0,49
1789056989,20,55.0,56.0,55.6,0,0,0,50
1789056990,20,259.0,409.0,339.9,11,6,6,83
1789056991,20,246.0,370.0,323.9,9,2,1,84
1789056992,20,275.0,363.0,326.9,9,3,2,85
1789056993,20,181.0,360.0,320.4,7,2,1,85
1789056994,20,275.0,358.0,327.6,9,4,3,87
1789056995,20,256.0,373.0,326.6,8,2,1,85
1789056996,20,283.0,377.0,331.1,11,4,2,85
1789056997,20,262.0,372.0,326.3,7,3,2,87
1789056998,20,257.0,373.0,324.8,13,2,2,86
1789056999,20,262.0,368.0,327.6,9,5,3,86
1789057000,20,264.0,354.0,323.7,9,2,1,86
1789057001,20,179.0,363.0,323.4,10,4,3,86
1789057002,20,253.0,365.0,330.9,10,6,3,86
1789057003,20,280.0,387.0,329.4,10,3,1,86
1789057004,20,267.0,368.0,328.5,7,3,1,76
1789057005,20,258.0,356.0,317.2,7,3,1,80
1789057006,20,323.0,355.0,330.4,9,1,1,80
1789057007,20,59.0,337.0,302.9,10,0,0,55
1789057008,20,58.0,360.0,286.9,7,4,3,79
1789057009,20,310.0,344.0,329.4,9,1,0,79
1789057010,20,323.0,333.0,329.0,7,0,0,79
1789057011,20,319.0,341.0,330.0,9,1,0,79
1789057012,20,316.0,342.0,330.2,10,1,0,79
1789057013,20,312.0,336.0,327.8,10,0,0,79
1789057014,20,60.0,363.0,305.4,11,4,4,80
1789057015,20,310.0,341.0,329.9,11,1,0,79
1789057016,20,324.0,340.0,329.8,8,0,0,80
1789057017,20,265.0,341.0,326.0,10,1,0,79
1789057018,20,324.0,342.0,329.8,10,1,0,79
1789057019,20,59.0,332.0,183.8,2,0,0,51
1789057020,20,56.0,58.0,57.2,0,0,0,49
1789057021,20,55.0,385.0,246.8,9,7,6,84
1789057022,20,287.0,356.0,326.2,7,2,1,85
1789057023,20,260.0,377.0,321.9,8,2,2,84
1789057024,20,209.0,371.0,325.2,10,2,1,85
1789057025,20,277.0,457.0,334.9,10,5,3,86
1789057026,20,274.0,372.0,326.4,8,3,2,86
1789057027,20,262.0,369.0,329.1,9,3,2,82
1789057028,20,180.0,374.0,324.6,11,5,2,86
1789057029,20,255.0,369.0,329.4,11,5,2,86
1789057031,20,292.0,342.0,325.5,8,4,0,86
1789057032,20,273.0,364.0,326.9,9,7,4,87
1789057033,20,284.0,346.0,326.2,9,3,0,86
1789057034,20,257.0,392.0,329.6,8,3,3,87
1789057035,20,261.0,381.0,328.8,10,3,2,86
1789057036,20,288.0,375.0,328.9,8,5,1,87
1789057037,20,256.0,365.0,328.9,11,4,2,81
1789057038,20,267.0,359.0,320.9,9,2,2,79
1789057039,20,318.0,344.0,329.7,8,1,0,79
1789057040,20,58.0,366.0,261.2,6,3,2,78
1789057041,20,300.0,345.0,329.1,11,1,0,79
1789057042,20,237.0,356.0,326.2,8,3,1,79
1789057043,20,82.0,371.0,307.9,9,5,3,79
1789057044,20,292.0,351.0,329.4,8,2,1,80
1789057045,20,63.0,368.0,313.1,9,2,2,87
1789057046,20,277.0,356.0,330.1,9,4,2,79
1789057047,20,326.0,341.0,330.0,10,1,0,79
1789057048,20,311.0,338.0,328.9,8,0,0,79
1789057049,20,316.0,347.0,330.1,7,2,0,80
1789057050,20,324.0,334.0,329.4,8,0,0,79
1789057051,20,308.0,336.0,328.9,10,0,0,80
1789057052,20,325.0,339.0,329.6,7,0,0,73
1789057053,20,60.0,396.0,305.2,11,7,5,80
1789057054,20,249.0,361.0,327.4,7,1,1,80
1789057055,20,325.0,338.0,330.1,11,0,0,79
1789057056,20,308.0,339.0,329.1,9,0,0,80
1789057057,20,311.0,333.0,327.9,8,0,0,79
1789057058,20,322.0,333.0,329.4,9,0,0,79
1789057059,20,310.0,336.0,328.5,10,0,0,79
1789057060,20,76.0,337.0,316.9,5,0,0,58
1789057061,20,57.0,60.0,58.9,0,0,0,49
1789057062,20,55.0,61.0,56.5,0,0,0,48
1789057063,20,52.0,363.0,238.2,8,5,4,82
1789057064,20,281.0,368.0,330.2,9,3,2,85
1789057065,20,320.0,380.0,332.6,10,2,1,80
1789057066,20,305.0,381.0,332.6,10,3,2,85
1789057067,20,286.0,370.0,327.4,8,3,3,86
1789057068,20,253.0,366.0,327.8,11,4,2,85
1789057069,20,289.0,367.0,330.2,8,3,1,85
1789057070,20,286.0,369.0,328.5,8,3,2,86
1789057071,20,256.0,370.0,326.1,10,3,3,86
1789057072,20,259.0,357.0,329.2,11,4,2,86
1789057073,20,195.0,369.0,323.7,13,7,3,86
1789057075,20,241.0,361.0,324.8,9,3,1,86
1789057076,20,248.0,369.0,326.9,11,5,3,86
1789057077,20,274.0,362.0,325.6,8,5,1,86
1789057078,20,262.0,377.0,334.2,11,6,4,86
1789057079,20,168.0,382.0,328.4,12,4,4,78
1789057080,20,287.0,367.0,326.4,8,3,3,80
1789057081,20,326.0,338.0,330.1,9,0,0,79
1789057082,20,310.0,349.0,329.7,8,1,0,79
1789057083,20,326.0,335.0,329.9,9,0,0,79
1789057084,20,59.0,362.0,271.6,9,3,2,86
1789057085,20,274.0,374.0,326.8,7,3,2,79
1789057086,20,302.0,334.0,328.3,8,0,0,79
1789057087,20,299.0,361.0,329.6,8,3,1,79
1789057088,20,326.0,333.0,329.6,8,0,0,79
1789057089,20,106.0,341.0,319.2,8,1,0,58
1789057090,20,59.0,358.0,302.1,7,4,2,82
1789057091,20,325.0,340.0,330.1,8,0,0,80
1789057092,20,63.0,364.0,309.1,9,3,3,87
1789057093,20,318.0,341.0,330.3,10,1,0,79
1789057094,20,314.0,334.0,328.9,9,0,0,80
1789057095,20,316.0,336.0,328.8,8,0,0,80
1789057096,20,323.0,334.0,329.4,9,0,0,80
1789057097,20,74.0,354.0,300.3,7,4,3,86
1789057098,20,180.0,373.0,325.8,11,6,4,80
1789057099,20,323.0,342.0,329.8,8,1,0,80
1789057101,20,321.0,340.0,329.8,8,0,0,79
1789057102,20,314.0,333.0,328.8,7,0,0,79
1789057103,20,324.0,339.0,330.1,11,0,0,79
1789057104,20,320.0,337.0,329.8,10,0,0,80
1789057105,20,318.0,333.0,328.6,9,0,0,79
1789057106,20,317.0,343.0,329.5,10,1,0,79
1789057107,20,309.0,340.0,328.8,9,0,0,79
1789057108,20,295.0,362.0,330.8,9,1,1,79
1789057109,20,326.0,340.0,330.4,7,0,0,80
1789057110,20,306.0,344.0,328.4,9,1,0,79
1789057111,20,325.0,338.0,329.9,10,0,0,79
1789057112,20,320.0,343.0,329.9,11,1,0,79
1789057113,20,311.0,334.0,328.7,7,0,0,79
1789057114,20,324.0,343.0,330.1,9,1,0,79
1789057115,20,312.0,334.0,328.4,9,0,0,79
1789057116,20,325.0,346.0,330.9,10,2,0,79
1789057117,20,301.0,342.0,328.9,9,2,0,80
1789057119,20,59.0,334.0,202.7,6,0,0,51
1789057120,20,56.0,59.0,57.0,0,0,0,49
1789057121,20,55.0,380.0,285.1,9,6,6,84
1789057122,20,257.0,374.0,326.4,8,3,2,84
1789057123,20,293.0,356.0,327.6,10,4,2,85
1789057124,20,262.0,364.0,326.4,7,2,2,87
1789057126,20,272.0,371.0,329.9,10,4,3,85
1789057127,20,259.0,373.0,324.2,10,4,2,87
1789057128,20,275.0,354.0,327.7,7,5,1,86
1789057129,20,249.0,359.0,327.8,11,4,3,86
1789057130,20,272.0,356.0,328.0,12,2,1,86
1789057131,20,284.0,361.0,329.8,11,3,2,86
1789057132,20,288.0,361.0,329.9,11,3,2,77
1789057133,20,294.0,370.0,329.9,7,3,3,86
1789057134,20,243.0,367.0,330.8,13,5,2,86
1789057135,20,266.0,378.0,325.8,10,3,1,86
1789057136,20,219.0,365.0,319.1,11,3,1,82
1789057137,20,261.0,360.0,323.6,7,3,2,79
1789057138,20,57.0,337.0,279.7,8,0,0,84
1789057139,20,182.0,366.0,324.4,9,4,2,79
1789057140,20,302.0,342.0,328.9,10,1,0,79
1789057141,20,324.0,337.0,329.9,11,0,0,79
1789057142,20,324.0,337.0,329.6,8,0,0,79
1789057143,20,320.0,335.0,329.1,8,0,0,79
1789057144,20,57.0,345.0,124.2,2,1,0,50
1789057145,20,55.0,57.0,56.0,0,0,0,48
1789057146,20,55.0,56.0,55.0,0,0,0,48
1789057147,20,55.0,359.0,289.1,10,5,4,75
1789057148,20,323.0,356.0,332.1,9,3,1,77
1789057150,20,325.0,334.0,329.4,9,0,0,77
1789057151,20,311.0,338.0,328.9,10,0,0,78
1789057152,20,322.0,336.0,329.5,9,0,0,78
1789057153,20,70.0,363.0,298.8,8,4,3,78
1789057154,20,102.0,358.0,320.1,10,1,1,79
1789057155,20,326.0,342.0,330.3,9,1,0,78
1789057156,20,56.0,64.0,57.6,0,0,0,49
1789057157,20,55.0,57.0,55.8,0,0,0,48
1789057158,20,54.0,56.0,54.6,0,0,0,47
1789057159,20,54.0,55.0,54.1,0,0,0,46
1789057160,20,54.0,55.0,54.2,0,0,0,46
1789057161,20,53.0,55.0,53.5,0,0,0,46
1789057162,20,53.0,53.0,53.0,0,0,0,45
1789057163,20,53.0,54.0,53.1,0,0,0,45
1789057164,20,52.0,54.0,52.9,0,0,0,45
1789057165,20,53.0,54.0,53.0,0,0,0,44
1789057166,20,52.0,54.0,52.4,0,0,0,44
1789057167,20,52.0,53.0,52.2,0,0,0,44
1789057168,20,52.0,53.0,52.1,0,0,0,44
1789057169,20,50.0,53.0,51.8,0,0,0,43
1789057170,20,51.0,52.0,52.0,0,0,0,43
1789057171,20,51.0,52.0,51.5,0,0,0,43
1789057172,20,51.0,104.0,57.0,0,0,0,43
1789057173,20,51.0,52.0,51.6,0,0,0,43
1789057174,20,51.0,52.0,51.5,0,0,0,42
1789057175,20,51.0,52.0,51.4,0,0,0,42
1789057176,20,51.0,53.0,51.8,0,0,0,42
1789057177,20,51.0,52.0,51.0,0,0,0,42
1789057178,20,50.0,51.0,51.0,0,0,0,42
1789057179,20,51.0,52.0,51.1,0,0,0,41
1789057180,20,51.0,52.0,51.5,0,0,0,41
1789057181,20,51.0,52.0,51.1,0,0,0,41
1789057182,20,50.0,51.0,51.0,0,0,0,41
1789057183,20,50.0,52.0,51.1,0,0,0,41
1789057184,20,50.0,51.0,50.4,0,0,0,41
1789057185,20,50.0,51.0,50.2,0,0,0,41
1789057186,20,50.0,51.0,50.2,0,0,0,41
1789057187,20,50.0,51.0,50.1,0,0,0,41
1789057188,20,50.0,52.0,50.5,0,0,0,41
1789057189,20,49.0,53.0,50.9,0,0,0,40
1789057190,20,50.0,55.0,50.9,0,0,0,40
1789057191,20,50.0,51.0,50.2,0,0,0,40
1789057192,20,50.0,51.0,50.1,0,0,0,40
1789057193,20,50.0,51.0,50.1,0,0,0,40
1789057194,20,50.0,51.0,50.2,0,0,0,40
1789057195,20,50.0,51.0,50.0,0,0,0,40
1789057196,20,50.0,51.0,50.2,0,0,0,40
1789057197,20,50.0,52.0,50.2,0,0,0,40
1789057199,20,50.0,51.0,50.0,0,0,0,40
1789057200,20,49.0,50.0,50.0,0,0,0,40
1789057201,20,50.0,51.0,50.0,0,0,0,40
1789057202,20,50.0,50.0,50.0,0,0,0,40
1789057203,20,49.0,51.0,50.0,0,0,0,40
1789057204,20,50.0,51.0,50.1,0,0,0,40
1789057205,20,50.0,52.0,50.1,0,0,0,40
1789057206,20,50.0,51.0,50.0,0,0,0,40
1789057207,20,50.0,51.0,50.0,0,0,0,39
1789057208,20,50.0,50.0,50.0,0,0,0,39
1789057209,20,49.0,51.0,50.0,0,0,0,39
1789057210,20,50.0,51.0,50.1,0,0,0,39
1789057211,20,50.0,50.0,50.0,0,0,0,39
1789057212,20,50.0,50.0,50.0,0,0,0,39
1789057213,20,48.0,50.0,49.9,0,0,0,39
1789057214,20,49.0,50.0,50.0,0,0,0,39
1789057215,20,50.0,50.0,50.0,0,0,0,39
1789057216,20,49.0,50.0,50.0,0,0,0,39
1789057217,20,49.0,50.0,50.0,0,0,0,39
1789057218,20,50.0,50.0,50.0,0,0,0,39
1789057219,20,49.0,50.0,50.0,0,0,0,39
1789057220,20,49.0,50.0,50.0,0,0,0,39
1789057221,20,50.0,52.0,50.1,0,0,0,39
1789057222,20,50.0,50.0,50.0,0,0,0,39
1789057223,20,49.0,51.0,49.8,0,0,0,39
1789057224,20,49.0,50.0,50.0,0,0,0,39
1789057225,20,50.0,50.0,50.0,0,0,0,39
1789057226,20,50.0,50.0,50.0,0,0,0,39
1789057227,20,49.0,51.0,49.9,0,0,0,39
1789057228,20,48.0,50.0,49.6,0,0,0,39
1789057229,20,49.0,51.0,50.0,0,0,0,39
1789057230,20,49.0,50.0,49.9,0,0,0,39
1789057231,20,49.0,51.0,49.9,0,0,0,39
1789057232,20,48.0,51.0,49.9,0,0,0,39
1789057233,20,50.0,51.0,50.1,0,0,0,39
1789057234,20,50.0,51.0,50.0,0,0,0,39
1789057235,20,49.0,50.0,49.7,0,0,0,39
1789057236,20,49.0,51.0,49.9,0,0,0,39
1789057237,20,48.0,50.0,49.9,0,0,0,39
1789057238,20,49.0,50.0,49.9,0,0,0,39
1789057239,20,49.0,50.0,49.6,0,0,0,39
1789057240,20,49.0,50.0,49.9,0,0,0,39
1789057241,20,49.0,51.0,49.8,0,0,0,39
1789057242,20,49.0,50.0,49.9,0,0,0,39
1789057243,20,50.0,51.0,50.0,0,0,0,38
1789057244,20,50.0,50.0,50.0,0,0,0,39
1789057245,20,50.0,51.0,50.0,0,0,0,38
1789057246,20,49.0,52.0,49.9,0,0,0,38
1789057247,20,49.0,51.0,50.1,0,0,0,38
1789057249,20,50.0,51.0,50.0,0,0,0,38
1789057250,20,49.0,51.0,50.0,0,0,0,38
1789057251,20,50.0,52.0,50.1,0,0,0,38
1789057252,20,49.0,51.0,50.0,0,0,0,38
1789057253,20,50.0,53.0,50.4,0,0,0,38
1789057254,20,49.0,51.0,50.0,0,0,0,38
1789057255,20,49.0,50.0,50.0,0,0,0,38
1789057256,20,49.0,50.0,49.9,0,0,0,38
1789057257,20,49.0,50.0,49.9,0,0,0,38
1789057258,20,49.0,51.0,50.0,0,0,0,38
1789057259,20,49.0,50.0,50.0,0,0,0,38
1789057260,20,49.0,51.0,49.9,0,0,0,38
1789057261,20,49.0,53.0,50.8,0,0,0,38
1789057262,20,50.0,53.0,51.5,0,0,0,38
1789057263,20,49.0,59.0,52.6,0,0,0,38
1789057264,20,50.0,55.0,51.5,0,0,0,38
1789057265,20,50.0,55.0,51.5,0,0,0,38
1789057266,20,50.0,60.0,52.9,0,0,0,38
1789057267,20,52.0,67.0,57.1,0,0,0,38
1789057268,20,51.0,65.0,58.3,0,0,0,38
1789057269,20,49.0,56.0,51.2,0,0,0,38
1789057270,20,50.0,59.0,52.9,0,0,0,38
1789057271,20,53.0,64.0,58.8,0,0,0,38
1789057272,20,55.0,66.0,60.0,0,0,0,38
1789057273,20,55.0,64.0,61.0,0,0,0,38
1789057274,20,54.0,65.0,60.2,0,0,0,38
1789057275,20,50.0,56.0,53.0,0,0,0,38
1789057276,20,52.0,56.0,53.4,0,0,0,38
1789057277,20,52.0,57.0,53.8,0,0,0,38
1789057278,20,51.0,63.0,53.5,0,0,0,38
1789057279,20,49.0,56.0,52.8,0,0,0,38
1789057280,20,52.0,57.0,53.6,0,0,0,38
1789057281,20,50.0,55.0,53.1,0,0,0,38
1789057282,20,52.0,61.0,53.5,0,0,0,38
1789057283,20,52.0,59.0,53.5,0,0,0,38
1789057284,20,49.0,56.0,53.0,0,0,0,38
1789057285,20,49.0,63.0,53.1,0,0,0,38
1789057286,20,49.0,55.0,52.9,0,0,0,38
1789057287,20,50.0,56.0,52.6,0,0,0,38
1789057288,20,50.0,58.0,52.9,0,0,0,38
1789057289,20,50.0,58.0,53.4,0,0,0,38
1789057290,20,51.0,56.0,53.2,0,0,0,38
1789057291,20,51.0,56.0,53.3,0,0,0,38
1789057292,20,51.0,61.0,53.4,0,0,0,38
1789057293,20,52.0,55.0,53.0,0,0,0,38
1789057294,20,52.0,55.0,53.0,0,0,0,38
1789057295,20,52.0,57.0,53.5,0,0,0,38
1789057296,20,49.0,56.0,53.3,0,0,0,38
1789057298,20,52.0,56.0,53.3,0,0,0,38
1789057299,20,50.0,56.0,53.0,0,0,0,38
1789057300,20,52.0,56.0,53.5,0,0,0,38
1789057301,20,51.0,56.0,53.5,0,0,0,38
1789057302,20,52.0,60.0,53.8,0,0,0,38
1789057303,20,51.0,54.0,52.9,0,0,0,38
1789057304,20,49.0,58.0,52.2,0,0,0,38
1789057305,20,51.0,57.0,52.2,0,0,0,38
1789057306,20,51.0,55.0,52.8,0,0,0,38
1789057307,20,50.0,58.0,53.1,0,0,0,38
1789057308,20,49.0,56.0,53.3,0,0,0,38
1789057309,20,51.0,59.0,53.6,0,0,0,38
1789057310,20,51.0,56.0,53.0,0,0,0,38
1789057311,20,49.0,61.0,52.5,0,0,0,38
1789057312,20,50.0,59.0,53.4,0,0,0,38
1789057313,20,50.0,55.0,53.0,0,0,0,38
1789057314,20,46.0,55.0,53.0,0,0,0,38
1789057315,20,49.0,56.0,53.1,0,0,0,38
1789057316,20,51.0,55.0,53.1,0,0,0,38
1789057317,20,49.0,57.0,53.4,0,0,0,38
1789057318,20,52.0,55.0,53.4,0,0,0,38
1789057319,20,52.0,56.0,53.4,0,0,0,38
1789057320,20,50.0,58.0,53.8,0,0,0,38
1789057321,20,52.0,65.0,57.6,0,0,0,38
1789057322,20,52.0,64.0,57.2,0,0,0,38
1789057323,20,50.0,62.0,54.0,0,0,0,38
1789057324,20,49.0,59.0,53.5,0,0,0,38
1789057325,20,52.0,59.0,54.0,0,0,0,38
1789057326,20,51.0,69.0,54.4,0,0,0,38
1789057327,20,50.0,55.0,53.2,0,0,0,38
1789057328,20,50.0,56.0,53.5,0,0,0,38
1789057329,20,51.0,62.0,54.0,0,0,0,38
1789057330,20,48.0,57.0,53.0,0,0,0,38
1789057331,20,51.0,57.0,53.5,0,0,0,38
1789057332,20,49.0,57.0,53.4,0,0,0,38
1789057333,20,51.0,57.0,53.7,0,0,0,38
1789057334,20,52.0,56.0,53.7,0,0,0,38
1789057335,20,52.0,57.0,54.0,0,0,0,38
1789057336,20,52.0,57.0,53.6,0,0,0,38
1789057337,20,50.0,59.0,53.8,0,0,0,38
1789057338,20,50.0,55.0,52.9,0,0,0,38
1789057339,20,52.0,56.0,53.4,0,0,0,38
1789057340,20,50.0,60.0,53.7,0,0,0,38
1789057341,20,50.0,56.0,53.4,0,0,0,38
1789057342,20,52.0,60.0,54.1,0,0,0,38
1789057343,20,49.0,56.0,53.1,0,0,0,38
1789057344,20,49.0,56.0,52.5,0,0,0,38
1789057346,20,50.0,57.0,53.1,0,0,0,38
1789057347,20,49.0,59.0,53.1,0,0,0,38
1789057348,20,50.0,56.0,52.8,0,0,0,38
1789057349,20,52.0,57.0,53.5,0,0,0,38
1789057350,20,50.0,57.0,53.1,0,0,0,38
1789057351,20,48.0,56.0,53.0,0,0,0,38
1789057352,20,51.0,58.0,53.2,0,0,0,38
1789057353,20,49.0,57.0,52.5,0,0,0,38
1789057354,20,51.0,56.0,52.6,0,0,0,38
1789057355,20,51.0,56.0,53.0,0,0,0,38
1789057356,20,49.0,55.0,52.3,0,0,0,38
1789057357,20,50.0,59.0,52.5,0,0,0,38
1789057358,20,49.0,56.0,52.3,0,0,0,38
1789057359,20,51.0,56.0,53.0,0,0,0,38
1789057360,20,51.0,58.0,53.5,0,0,0,38
1789057361,20,49.0,55.0,52.9,0,0,0,38
1789057362,20,51.0,56.0,53.0,0,0,0,38
1789057363,20,50.0,57.0,53.1,0,0,0,38
1789057364,20,49.0,55.0,52.5,0,0,0,38
1789057365,20,51.0,63.0,53.2,0,0,0,38
1789057366,20,51.0,55.0,52.5,0,0,0,38
1789057367,20,49.0,56.0,52.6,0,0,0,38
1789057368,20,50.0,57.0,52.8,0,0,0,38
1789057369,20,50.0,55.0,52.6,0,0,0,38
1789057370,20,50.0,55.0,52.7,0,0,0,38
1789057371,20,47.0,66.0,53.4,0,0,0,38
1789057372,20,49.0,56.0,53.4,0,0,0,38
1789057373,20,51.0,58.0,53.3,0,0,0,38
1789057374,20,51.0,56.0,53.2,0,0,0,38
1789057375,20,51.0,58.0,53.1,0,0,0,38
1789057376,20,51.0,55.0,52.8,0,0,0,38
1789057377,20,52.0,56.0,53.0,0,0,0,38
1789057378,20,51.0,57.0,53.2,0,0,0,37
1789057379,20,51.0,55.0,52.8,0,0,0,38
1789057380,20,50.0,61.0,53.1,0,0,0,38
1789057381,20,51.0,55.0,53.0,0,0,0,38
1789057382,20,50.0,56.0,53.1,0,0,0,38
1789057383,20,51.0,57.0,53.0,0,0,0,38
1789057384,20,48.0,57.0,52.2,0,0,0,38
1789057385,20,49.0,54.0,52.1,0,0,0,38
1789057386,20,51.0,54.0,52.1,0,0,0,38
1789057387,20,51.0,55.0,51.9,0,0,0,38
1789057388,20,51.0,55.0,52.6,0,0,0,38
1789057389,20,51.0,57.0,53.1,0,0,0,38
1789057390,20,50.0,62.0,53.7,0,0,0,38
1789057391,20,51.0,58.0,53.4,0,0,0,38
1789057393,20,48.0,56.0,52.9,0,0,0,37
1789057394,20,51.0,58.0,53.2,0,0,0,38
1789057395,20,52.0,62.0,53.8,0,0,0,38
1789057396,20,49.0,55.0,53.0,0,0,0,38
1789057397,20,50.0,56.0,53.0,0,0,0,38
1789057398,20,51.0,57.0,53.4,0,0,0,38
1789057399,20,50.0,55.0,52.6,0,0,0,38
1789057400,20,51.0,57.0,53.3,0,0,0,38
1789057401,20,48.0,56.0,52.8,0,0,0,38
1789057402,20,52.0,58.0,53.8,0,0,0,38
1789057403,20,51.0,57.0,53.4,0,0,0,38
1789057404,20,49.0,58.0,53.3,0,0,0,38
1789057405,20,50.0,57.0,53.5,0,0,0,38
1789057406,20,51.0,55.0,53.0,0,0,0,38
1789057407,20,49.0,57.0,53.1,0,0,0,38
1789057408,20,49.0,57.0,53.0,0,0,0,38
1789057409,20,51.0,56.0,53.2,0,0,0,38
1789057410,20,51.0,56.0,53.0,0,0,0,38
1789057411,20,51.0,60.0,53.4,0,0,0,38
1789057412,20,51.0,61.0,53.4,0,0,0,38
1789057413,20,49.0,56.0,53.1,0,0,0,38
1789057414,20,50.0,56.0,53.0,0,0,0,38
1789057415,20,49.0,58.0,53.2,0,0,0,38
1789057416,20,52.0,56.0,53.2,0,0,0,38
1789057417,20,50.0,57.0,53.2,0,0,0,38
1789057418,20,50.0,58.0,53.2,0,0,0,38
1789057419,20,52.0,56.0,53.4,0,0,0,38
1789057420,20,49.0,56.0,53.1,0,0,0,38
1789057421,20,51.0,57.0,53.0,0,0,0,38
1789057422,20,50.0,55.0,53.0,0,0,0,38
1789057423,20,52.0,57.0,53.5,0,0,0,38
1789057424,20,49.0,55.0,52.4,0,0,0,38
1789057425,20,51.0,58.0,53.1,0,0,0,38
1789057426,20,50.0,56.0,52.7,0,0,0,38
1789057427,20,49.0,63.0,52.8,0,0,0,37
1789057428,20,50.0,57.0,52.8,0,0,0,37
1789057429,20,51.0,62.0,53.2,0,0,0,37
1789057430,20,51.0,58.0,53.2,0,0,0,37
1789057431,20,50.0,55.0,52.5,0,0,0,38
1789057432,20,49.0,56.0,53.0,0,0,0,38
1789057433,20,51.0,56.0,53.0,0,0,0,38
1789057434,20,52.0,58.0,53.4,0,0,0,38
1789057435,20,51.0,58.0,53.3,0,0,0,37
1789057436,20,51.0,56.0,53.4,0,0,0,38
1789057437,20,49.0,56.0,52.8,0,0,0,37
1789057438,20,49.0,56.0,52.9,0,0,0,38
1789057439,20,51.0,55.0,52.8,0,0,0,38
1789057440,20,49.0,58.0,53.0,0,0,0,38
1789057441,20,49.0,56.0,52.3,0,0,0,37
1789057442,20,51.0,56.0,53.0,0,0,0,38
1789057444,20,49.0,56.0,52.5,0,0,0,37
1789057445,20,51.0,56.0,53.2,0,0,0,37
1789057446,20,50.0,58.0,53.2,0,0,0,37
1789057447,20,50.0,56.0,53.0,0,0,0,38
1789057448,20,50.0,56.0,52.7,0,0,0,37
1789057449,20,49.0,56.0,52.9,0,0,0,37
1789057450,20,51.0,56.0,53.1,0,0,0,37
1789057451,20,49.0,55.0,52.7,0,0,0,37
1789057452,20,50.0,63.0,53.1,0,0,0,38
1789057453,20,48.0,59.0,53.0,0,0,0,37
1789057454,20,51.0,55.0,52.9,0,0,0,37
1789057455,20,52.0,56.0,53.3,0,0,0,37
1789057456,20,50.0,57.0,53.0,0,0,0,37
1789057457,20,49.0,56.0,52.7,0,0,0,37
1789057458,20,49.0,56.0,52.8,0,0,0,37
1789057459,20,51.0,55.0,53.1,0,0,0,37
1789057460,20,49.0,56.0,52.7,0,0,0,37
1789057461,20,50.0,56.0,52.5,0,0,0,37
1789057462,20,51.0,58.0,53.2,0,0,0,37
1789057463,20,49.0,56.0,52.6,0,0,0,37
1789057464,20,51.0,58.0,53.3,0,0,0,37
1789057465,20,48.0,55.0,52.5,0,0,0,37
1789057466,20,50.0,59.0,52.9,0,0,0,37
1789057467,20,49.0,56.0,52.9,0,0,0,37
1789057468,20,51.0,55.0,52.9,0,0,0,37
1789057469,20,49.0,58.0,53.0,0,0,0,37
1789057470,20,50.0,55.0,53.0,0,0,0,37
1789057471,20,52.0,57.0,53.5,0,0,0,37
1789057472,20,50.0,56.0,52.9,0,0,0,37
1789057473,20,48.0,56.0,53.0,0,0,0,37
1789057474,20,49.0,58.0,52.9,0,0,0,37
1789057475,20,51.0,56.0,53.6,0,0,0,37
1789057476,20,52.0,58.0,53.4,0,0,0,38
1789057477,20,49.0,56.0,52.9,0,0,0,38
1789057478,20,51.0,55.0,53.0,0,0,0,38
1789057479,20,51.0,55.0,52.9,0,0,0,37
1789057480,20,50.0,54.0,51.9,0,0,0,38
1789057481,20,51.0,55.0,52.5,0,0,0,37
1789057482,20,50.0,55.0,52.4,0,0,0,37
1789057483,20,50.0,58.0,52.8,0,0,0,37
1789057484,20,50.0,55.0,52.8,0,0,0,37
1789057485,20,49.0,59.0,53.0,0,0,0,37
1789057486,20,52.0,61.0,54.0,0,0,0,37
1789057487,20,52.0,59.0,54.0,0,0,0,37
1789057488,20,51.0,56.0,53.4,0,0,0,37
1789057489,20,50.0,55.0,52.9,0,0,0,37
1789057490,20,50.0,56.0,53.4,0,0,0,37
1789057491,20,52.0,57.0,53.8,0,0,0,37
1789057492,20,52.0,56.0,53.8,0,0,0,37
1789057494,20,50.0,57.0,53.7,0,0,0,37
1789057495,20,50.0,67.0,54.0,0,0,0,37
1789057496,20,49.0,57.0,53.1,0,0,0,37
1789057497,20,50.0,58.0,53.2,0,0,0,37
1789057498,20,52.0,61.0,53.5,0,0,0,37
1789057499,20,50.0,55.0,52.6,0,0,0,37
1789057500,20,49.0,100.0,55.2,0,0,0,37
1789057501,20,49.0,56.0,53.0,0,0,0,37
1789057502,20,50.0,55.0,52.8,0,0,0,37
1789057503,20,51.0,55.0,52.8,0,0,0,37
1789057504,20,51.0,58.0,52.9,0,0,0,37
1789057505,20,49.0,55.0,52.5,0,0,0,37
1789057506,20,50.0,59.0,53.2,0,0,0,37
1789057507,20,52.0,56.0,53.3,0,0,0,37
1789057508,20,49.0,65.0,53.4,0,0,0,37
1789057509,20,51.0,58.0,53.1,0,0,0,37
1789057510,20,48.0,55.0,53.0,0,0,0,37
1789057511,20,51.0,58.0,53.0,0,0,0,37
1789057512,20,50.0,57.0,52.9,0,0,0,37
1789057513,20,48.0,57.0,53.0,0,0,0,37
1789057514,20,51.0,56.0,53.0,0,0,0,37
1789057515,20,51.0,56.0,52.8,0,0,0,37
1789057516,20,49.0,54.0,52.4,0,0,0,37
1789057517,20,49.0,55.0,52.5,0,0,0,37
1789057519,20,49.0,72.0,53.4,0,0,0,37
1789057520,20,50.0,58.0,52.9,0,0,0,37
1789057521,20,50.0,54.0,52.3,0,0,0,37
1789057522,20,51.0,59.0,53.2,0,0,0,37
1789057523,20,50.0,56.0,52.6,0,0,0,37
1789057524,20,50.0,58.0,53.1,0,0,0,37
1789057525,20,49.0,56.0,52.9,0,0,0,37
1789057526,20,50.0,56.0,53.0,0,0,0,37
1789057527,20,49.0,62.0,53.0,0,0,0,37
1789057528,20,47.0,57.0,52.8,0,0,0,37
1789057529,20,50.0,55.0,52.5,0,0,0,37
1789057530,20,51.0,58.0,53.2,0,0,0,37
1789057531,20,49.0,55.0,52.7,0,0,0,37
1789057532,20,50.0,56.0,53.0,0,0,0,37
1789057533,20,51.0,56.0,53.0,0,0,0,37
1789057534,20,50.0,56.0,52.6,0,0,0,37
1789057535,20,47.0,60.0,53.0,0,0,0,37
1789057536,20,48.0,56.0,53.0,0,0,0,37
1789057537,20,52.0,55.0,52.9,0,0,0,37
1789057538,20,51.0,58.0,53.2,0,0,0,37
1789057539,20,51.0,56.0,53.1,0,0,0,37
1789057540,20,51.0,55.0,52.5,0,0,0,37
1789057541,20,49.0,57.0,52.5,0,0,0,37
1789057542,20,51.0,62.0,53.2,0,0,0,37
1789057543,20,49.0,56.0,52.5,0,0,0,37
1789057544,20,48.0,63.0,52.8,0,0,0,37
1789057545,20,49.0,55.0,52.4,0,0,0,37
1789057546,20,51.0,57.0,52.9,0,0,0,37
1789057547,20,50.0,55.0,53.0,0,0,0,37
1789057548,20,48.0,55.0,52.7,0,0,0,37
1789057549,20,51.0,57.0,53.0,0,0,0,37
1789057550,20,49.0,55.0,52.5,0,0,0,37
1789057551,20,50.0,56.0,52.8,0,0,0,37
1789057552,20,50.0,55.0,52.6,0,0,0,37
1789057553,20,50.0,56.0,53.2,0,0,0,37
1789057554,20,52.0,55.0,53.0,0,0,0,37
1789057555,20,51.0,58.0,53.2,0,0,0,37
1789057556,20,51.0,57.0,53.1,0,0,0,37
1789057557,20,51.0,57.0,53.1,0,0,0,37
1789057558,20,51.0,56.0,52.9,0,0,0,37
1789057559,20,49.0,56.0,52.9,0,0,0,37
1789057560,20,49.0,56.0,52.6,0,0,0,37
1789057561,20,49.0,54.0,52.5,0,0,0,37
1789057562,20,49.0,55.0,52.4,0,0,0,37
1789057563,20,51.0,55.0,52.6,0,0,0,37
1789057564,20,49.0,58.0,52.8,0,0,0,37
1789057565,20,49.0,56.0,52.4,0,0,0,37
1789057566,20,50.0,54.0,52.2,0,0,0,37
1789057568,20,50.0,56.0,52.6,0,0,0,37
1789057569,20,51.0,56.0,53.1,0,0,0,37
1789057570,20,50.0,55.0,52.8,0,0,0,37
1789057571,20,49.0,55.0,52.6,0,0,0,37
1789057572,20,50.0,55.0,52.5,0,0,0,37
1789057573,20,48.0,55.0,52.6,0,0,0,37
1789057574,20,51.0,72.0,54.0,0,0,0,37
1789057575,20,49.0,62.0,53.6,0,0,0,37
1789057576,20,51.0,57.0,53.1,0,0,0,37
1789057577,20,51.0,59.0,53.5,0,0,0,37
1789057578,20,49.0,58.0,52.6,0,0,0,37
1789057579,20,50.0,56.0,53.0,0,0,0,37
1789057580,20,50.0,59.0,52.8,0,0,0,37
1789057581,20,50.0,54.0,51.4,0,0,0,37
1789057582,20,50.0,57.0,52.1,0,0,0,37
1789057583,20,49.0,55.0,51.9,0,0,0,37
1789057584,20,50.0,55.0,51.7,0,0,0,37
1789057585,20,48.0,55.0,51.5,0,0,0,37
1789057586,20,51.0,56.0,52.6,0,0,0,37
1789057587,20,49.0,55.0,52.5,0,0,0,37
1789057588,20,49.0,55.0,52.9,0,0,0,37
1789057589,20,51.0,59.0,53.4,0,0,0,37
1789057590,20,51.0,56.0,52.9,0,0,0,37
1789057591,20,51.0,56.0,53.3,0,0,0,37
1789057592,20,49.0,55.0,52.9,0,0,0,37
1789057593,20,51.0,56.0,53.2,0,0,0,37
1789057594,20,52.0,58.0,53.0,0,0,0,37
1789057595,20,50.0,56.0,52.6,0,0,0,37
1789057596,20,52.0,64.0,53.5,0,0,0,37
1789057597,20,49.0,56.0,53.0,0,0,0,37
1789057598,20,50.0,69.0,53.9,0,0,0,37
1789057599,20,50.0,57.0,53.2,0,0,0,37
1789057600,20,51.0,58.0,53.1,0,0,0,37
1789057601,20,51.0,56.0,53.0,0,0,0,37
1789057602,20,50.0,57.0,52.7,0,0,0,37
1789057603,20,51.0,56.0,53.2,0,0,0,37
1789057604,20,48.0,56.0,52.5,0,0,0,37
1789057605,20,50.0,57.0,53.0,0,0,0,37
1789057606,20,49.0,58.0,52.4,0,0,0,37
1789057607,20,52.0,58.0,53.5,0,0,0,37
1789057608,20,51.0,56.0,53.1,0,0,0,37
1789057609,20,49.0,56.0,52.8,0,0,0,37
1789057610,20,50.0,55.0,52.6,0,0,0,37
1789057611,20,50.0,62.0,54.7,0,0,0,37
1789057612,20,50.0,59.0,53.3,0,0,0,37
1789057613,20,51.0,55.0,52.6,0,0,0,37
1789057614,20,51.0,57.0,53.2,0,0,0,37
1789057615,20,49.0,56.0,53.0,0,0,0,37
1789057616,20,50.0,58.0,52.8,0,0,0,37
1789057618,20,51.0,56.0,53.0,0,0,0,37
1789057619,20,49.0,56.0,52.6,0,0,0,37
1789057620,20,51.0,56.0,52.6,0,0,0,37
1789057621,20,49.0,59.0,52.9,0,0,0,37
1789057622,20,52.0,65.0,53.7,0,0,0,37
1789057623,20,52.0,55.0,53.0,0,0,0,37
1789057624,20,52.0,56.0,53.0,0,0,0,37
1789057625,20,52.0,60.0,53.4,0,0,0,37
1789057626,20,49.0,57.0,52.9,0,0,0,37
1789057627,20,50.0,57.0,52.5,0,0,0,37
1789057628,20,50.0,57.0,52.5,0,0,0,37
1789057629,20,49.0,54.0,52.2,0,0,0,37
1789057630,20,51.0,59.0,53.4,0,0,0,37
1789057631,20,50.0,55.0,52.8,0,0,0,37
1789057632,20,49.0,57.0,52.5,0,0,0,37
1789057633,20,51.0,59.0,53.0,0,0,0,37
1789057634,20,50.0,55.0,52.5,0,0,0,37
1789057635,20,49.0,55.0,52.4,0,0,0,37
1789057636,20,51.0,62.0,53.0,0,0,0,37
1789057637,20,50.0,55.0,53.0,0,0,0,37
1789057638,20,49.0,55.0,52.6,0,0,0,37
1789057639,20,50.0,55.0,52.8,0,0,0,37
1789057640,20,50.0,57.0,52.8,0,0,0,37
1789057641,20,50.0,57.0,52.5,0,0,0,37
1789057642,20,50.0,56.0,52.5,0,0,0,37
1789057643,20,49.0,55.0,52.5,0,0,0,37
1789057644,20,48.0,54.0,52.0,0,0,0,37
1789057645,20,51.0,57.0,52.9,0,0,0,37
1789057646,20,48.0,57.0,52.6,0,0,0,37
1789057647,20,49.0,56.0,53.0,0,0,0,37
1789057648,20,49.0,61.0,53.4,0,0,0,37
1789057649,20,50.0,54.0,52.5,0,0,0,37
1789057650,20,51.0,56.0,53.1,0,0,0,37
1789057651,20,49.0,55.0,52.3,0,0,0,37
1789057652,20,52.0,56.0,53.1,0,0,0,37
1789057653,20,50.0,56.0,52.9,0,0,0,37
1789057654,20,50.0,59.0,53.4,0,0,0,37
1789057655,20,49.0,55.0,53.1,0,0,0,37
1789057656,20,51.0,58.0,53.5,0,0,0,37
1789057657,20,51.0,61.0,53.2,0,0,0,37
1789057658,20,50.0,58.0,53.2,0,0,0,37
1789057659,20,50.0,57.0,53.3,0,0,0,37
1789057660,20,49.0,55.0,53.0,0,0,0,37
1789057661,20,51.0,55.0,53.0,0,0,0,37
1789057662,20,49.0,59.0,52.9,0,0,0,37
1789057663,20,50.0,58.0,52.8,0,0,0,37
1789057664,20,50.0,63.0,53.5,0,0,0,37
1789057665,20,49.0,56.0,52.5,0,0,0,37
1789057666,20,51.0,55.0,52.6,0,0,0,37
1789057667,20,48.0,55.0,52.4,0,0,0,37
1789057668,20,50.0,59.0,52.6,0,0,0,37
1789057670,20,49.0,56.0,52.8,0,0,0,37
1789057671,20,50.0,62.0,53.6,0,0,0,37
1789057672,20,51.0,56.0,53.4,0,0,0,37
1789057673,20,51.0,57.0,53.0,0,0,0,37
1789057674,20,50.0,55.0,52.6,0,0,0,37
1789057675,20,49.0,56.0,52.5,0,0,0,37
1789057676,20,49.0,57.0,52.5,0,0,0,37
1789057677,20,51.0,56.0,52.7,0,0,0,37
1789057678,20,51.0,56.0,53.3,0,0,0,37
1789057679,20,50.0,57.0,52.9,0,0,0,37
1789057680,20,50.0,56.0,52.6,0,0,0,37
1789057681,20,49.0,57.0,52.4,0,0,0,37
1789057682,20,50.0,58.0,53.0,0,0,0,37
1789057683,20,49.0,56.0,52.8,0,0,0,37
1789057684,20,51.0,59.0,52.9,0,0,0,37
1789057685,20,48.0,55.0,52.5,0,0,0,37
1789057686,20,50.0,56.0,52.6,0,0,0,37
1789057687,20,49.0,54.0,52.5,0,0,0,37
1789057688,20,49.0,56.0,52.8,0,0,0,37
1789057689,20,51.0,56.0,52.9,0,0,0,37
1789057690,20,47.0,55.0,52.5,0,0,0,37
1789057691,20,49.0,56.0,52.6,0,0,0,37
1789057692,20,50.0,55.0,52.5,0,0,0,37
1789057693,20,50.0,63.0,53.4,0,0,0,37
1789057694,20,51.0,55.0,52.8,0,0,0,37
1789057695,20,50.0,55.0,52.5,0,0,0,37
1789057696,20,49.0,55.0,52.5,0,0,0,37
1789057697,20,49.0,57.0,52.6,0,0,0,37
1789057698,20,51.0,56.0,52.4,0,0,0,37
1789057699,20,49.0,55.0,52.5,0,0,0,37
1789057700,20,51.0,60.0,53.9,0,0,0,37
1789057701,20,51.0,55.0,52.7,0,0,0,37
1789057702,20,51.0,56.0,53.0,0,0,0,37
1789057703,20,50.0,55.0,52.8,0,0,0,37
1789057704,20,51.0,56.0,52.9,0,0,0,37
1789057705,20,50.0,55.0,52.8,0,0,0,37
1789057706,20,50.0,55.0,52.8,0,0,0,37
1789057707,20,50.0,55.0,52.4,0,0,0,37
1789057708,20,51.0,55.0,52.7,0,0,0,37
1789057709,20,49.0,55.0,52.5,0,0,0,37
1789057710,20,49.0,57.0,52.7,0,0,0,37
1789057711,20,50.0,75.0,54.1,0,0,0,37
1789057712,20,50.0,59.0,53.0,0,0,0,37
1789057713,20,51.0,63.0,53.6,0,0,0,37
1789057714,20,51.0,60.0,53.5,0,0,0,37
1789057715,20,52.0,56.0,53.5,0,0,0,37
1789057716,20,49.0,57.0,53.2,0,0,0,37
1789057717,20,51.0,55.0,52.8,0,0,0,37
1789057719,20,51.0,55.0,53.1,0,0,0,37
1789057720,20,51.0,55.0,52.8,0,0,0,37
1789057721,20,50.0,57.0,53.2,0,0,0,37
1789057722,20,49.0,55.0,52.2,0,0,0,37
1789057723,20,50.0,55.0,52.3,0,0,0,37
1789057724,20,51.0,55.0,52.5,0,0,0,37
1789057725,20,49.0,56.0,52.0,0,0,0,37
1789057726,20,50.0,54.0,52.1,0,0,0,37
1789057727,20,49.0,55.0,52.0,0,0,0,37
1789057728,20,50.0,60.0,53.2,0,0,0,37
1789057729,20,51.0,55.0,52.9,0,0,0,37
1789057730,20,49.0,56.0,52.8,0,0,0,37
1789057731,20,51.0,59.0,53.2,0,0,0,37
1789057732,20,51.0,55.0,52.9,0,0,0,37
1789057733,20,51.0,55.0,52.6,0,0,0,37
1789057734,20,52.0,57.0,53.0,0,0,0,37
1789057735,20,48.0,55.0,52.5,0,0,0,37
1789057736,20,50.0,55.0,53.0,0,0,0,37
1789057737,20,52.0,56.0,53.4,0,0,0,37
1789057738,20,51.0,55.0,53.0,0,0,0,37
1789057739,20,50.0,66.0,53.8,0,0,0,37
1789057740,20,51.0,57.0,53.0,0,0,0,37
1789057741,20,50.0,61.0,53.0,0,0,0,37
1789057742,20,50.0,58.0,52.5,0,0,0,37
1789057743,20,48.0,55.0,51.9,0,0,0,37
1789057744,20,49.0,55.0,52.1,0,0,0,37
1789057745,20,51.0,60.0,52.6,0,0,0,37
1789057746,20,50.0,56.0,52.6,0,0,0,37
1789057747,20,51.0,58.0,53.2,0,0,0,37
1789057748,20,50.0,56.0,53.0,0,0,0,37
1789057749,20,50.0,59.0,53.9,0,0,0,37
1789057750,20,49.0,56.0,53.0,0,0,0,37
1789057751,20,51.0,56.0,53.3,0,0,0,37
1789057752,20,48.0,57.0,53.0,0,0,0,37
1789057753,20,49.0,60.0,53.6,0,0,0,37
1789057754,20,50.0,57.0,53.1,0,0,0,37
1789057755,20,52.0,59.0,53.5,0,0,0,37
1789057756,20,49.0,60.0,53.1,0,0,0,37
1789057757,20,51.0,60.0,53.2,0,0,0,37
1789057758,20,49.0,56.0,52.6,0,0,0,37
1789057759,20,50.0,55.0,52.5,0,0,0,37
1789057760,20,51.0,62.0,53.3,0,0,0,37
1789057761,20,49.0,55.0,52.5,0,0,0,37
1789057762,20,50.0,56.0,52.9,0,0,0,37
1789057763,20,51.0,54.0,52.5,0,0,0,37
1789057764,20,50.0,60.0,53.0,0,0,0,37
1789057765,20,49.0,55.0,52.4,0,0,0,37
1789057766,20,51.0,58.0,52.6,0,0,0,37
1789057768,20,50.0,56.0,51.8,0,0,0,37
1789057769,20,49.0,57.0,51.6,0,0,0,37
1789057770,20,50.0,58.0,52.1,0,0,0,37
1789057771,20,49.0,54.0,51.7,0,0,0,37
1789057772,20,50.0,54.0,51.9,0,0,0,37
1789057773,20,50.0,58.0,53.0,0,0,0,37
1789057774,20,51.0,56.0,53.0,0,0,0,37
1789057775,20,49.0,58.0,53.3,0,0,0,37
1789057776,20,49.0,56.0,52.8,0,0,0,37
1789057777,20,51.0,54.0,52.8,0,0,0,37
1789057778,20,52.0,56.0,53.2,0,0,0,37
1789057779,20,51.0,55.0,52.9,0,0,0,37
1789057780,20,51.0,54.0,52.6,0,0,0,37
1789057781,20,51.0,55.0,52.6,0,0,0,37
1789057782,20,50.0,54.0,52.5,0,0,0,37
1789057783,20,50.0,57.0,52.5,0,0,0,37
1789057784,20,48.0,54.0,52.2,0,0,0,37
1789057785,20,49.0,59.0,52.8,0,0,0,37
1789057786,20,49.0,55.0,51.5,0,0,0,37
1789057787,20,50.0,55.0,51.9,0,0,0,37
1789057788,20,50.0,55.0,52.9,0,0,0,37
1789057789,20,51.0,55.0,53.0,0,0,0,37
1789057790,20,51.0,55.0,53.0,0,0,0,37
1789057791,20,49.0,56.0,52.6,0,0,0,37
1789057792,20,51.0,56.0,52.9,0,0,0,37
1789057793,20,52.0,58.0,53.2,0,0,0,37
1789057794,20,50.0,55.0,52.8,0,0,0,37
1789057795,20,51.0,57.0,53.4,0,0,0,37
1789057796,20,51.0,56.0,52.9,0,0,0,37
1789057797,20,51.0,60.0,53.5,0,0,0,37
1789057798,20,50.0,74.0,53.6,0,0,0,37
1789057799,20,50.0,55.0,52.5,0,0,0,37
1789057800,20,49.0,55.0,52.8,0,0,0,37
1789057801,20,50.0,56.0,52.9,0,0,0,37
1789057802,20,50.0,58.0,52.9,0,0,0,37
1789057803,20,49.0,56.0,52.5,0,0,0,37
1789057804,20,50.0,59.0,53.1,0,0,0,37
1789057805,20,50.0,55.0,52.9,0,0,0,37
1789057806,20,50.0,55.0,52.9,0,0,0,37
1789057807,20,51.0,66.0,53.9,0,0,0,37
1789057808,20,49.0,57.0,52.8,0,0,0,37
1789057809,20,51.0,57.0,53.0,0,0,0,37
1789057810,20,48.0,56.0,52.5,0,0,0,37
1789057811,20,50.0,55.0,52.7,0,0,0,37
1789057812,20,52.0,57.0,53.0,0,0,0,37
1789057813,20,50.0,56.0,53.0,0,0,0,37
1789057814,20,51.0,56.0,52.8,0,0,0,37
1789057815,20,50.0,63.0,53.4,0,0,0,37
1789057817,20,49.0,58.0,53.0,0,0,0,37
1789057818,20,50.0,58.0,53.5,0,0,0,37
1789057819,20,49.0,56.0,52.6,0,0,0,37
1789057820,20,51.0,55.0,52.7,0,0,0,37
1789057821,20,49.0,60.0,52.9,0,0,0,37
1789057822,20,50.0,55.0,52.4,0,0,0,37
1789057823,20,51.0,57.0,53.0,0,0,0,37
1789057824,20,50.0,55.0,52.2,0,0,0,37
1789057825,20,51.0,62.0,53.1,0,0,0,37
1789057826,20,49.0,55.0,52.5,0,0,0,37
1789057827,20,51.0,63.0,53.4,0,0,0,37
1789057828,20,50.0,56.0,52.8,0,0,0,37
1789057829,20,51.0,56.0,53.0,0,0,0,37
1789057830,20,51.0,56.0,53.0,0,0,0,37
1789057831,20,50.0,58.0,53.0,0,0,0,37
1789057832,20,48.0,56.0,52.8,0,0,0,37
1789057833,20,50.0,57.0,53.1,0,0,0,37
1789057834,20,51.0,59.0,53.1,0,0,0,37
1789057835,20,49.0,56.0,52.4,0,0,0,37
1789057836,20,50.0,59.0,52.7,0,0,0,37
1789057837,20,49.0,57.0,53.0,0,0,0,37
1789057838,20,50.0,62.0,53.4,0,0,0,37
1789057839,20,50.0,55.0,52.7,0,0,0,37
1789057840,20,49.0,55.0,52.5,0,0,0,37
1789057841,20,50.0,56.0,52.7,0,0,0,37
1789057843,20,49.0,57.0,52.6,0,0,0,37
1789057844,20,51.0,59.0,52.9,0,0,0,37
1789057845,20,49.0,57.0,53.0,0,0,0,37
1789057846,20,51.0,57.0,53.1,0,0,0,37
1789057847,20,49.0,55.0,52.6,0,0,0,37
1789057848,20,49.0,56.0,52.8,0,0,0,37
1789057849,20,50.0,58.0,53.0,0,0,0,37
1789057850,20,49.0,55.0,52.4,0,0,0,37
1789057851,20,51.0,59.0,53.0,0,0,0,37
1789057852,20,50.0,55.0,52.7,0,0,0,37
1789057853,20,49.0,56.0,52.6,0,0,0,37
1789057854,20,51.0,57.0,53.2,0,0,0,37
1789057855,20,49.0,65.0,53.3,0,0,0,37
1789057856,20,50.0,56.0,52.8,0,0,0,37
1789057857,20,50.0,56.0,52.9,0,0,0,37
1789057858,20,49.0,56.0,52.7,0,0,0,37
1789057859,20,49.0,57.0,52.7,0,0,0,37
1789057860,20,49.0,55.0,52.1,0,0,0,37
1789057861,20,51.0,57.0,52.5,0,0,0,37
1789057862,20,50.0,68.0,53.1,0,0,0,37
1789057863,20,51.0,56.0,52.7,0,0,0,37
1789057864,20,51.0,56.0,52.8,0,0,0,37
1789057865,20,50.0,55.0,52.1,0,0,0,37
1789057866,20,49.0,57.0,52.5,0,0,0,37
1789057867,20,51.0,64.0,53.5,0,0,0,37
1789057868,20,49.0,57.0,53.1,0,0,0,37
1789057869,20,50.0,55.0,53.0,0,0,0,37
1789057870,20,52.0,56.0,53.2,0,0,0,37
1789057871,20,48.0,58.0,52.6,0,0,0,37
1789057872,20,51.0,57.0,53.0,0,0,0,37
1789057873,20,51.0,57.0,53.0,0,0,0,37
1789057874,20,50.0,56.0,52.5,0,0,0,37
1789057875,20,49.0,56.0,53.0,0,0,0,37
1789057876,20,49.0,56.0,52.8,0,0,0,37
1789057877,20,51.0,55.0,52.6,0,0,0,37
1789057878,20,49.0,55.0,52.0,0,0,0,37
1789057879,20,50.0,54.0,51.6,0,0,0,37
1789057880,20,49.0,56.0,52.5,0,0,0,37
1789057881,20,49.0,56.0,52.3,0,0,0,37
1789057882,20,51.0,56.0,52.8,0,0,0,37
1789057883,20,50.0,56.0,52.8,0,0,0,37
1789057884,20,49.0,56.0,52.8,0,0,0,37
1789057885,20,51.0,68.0,54.0,0,0,0,37
1789057886,20,51.0,60.0,53.3,0,0,0,37
1789057887,20,51.0,56.0,53.0,0,0,0,37
1789057888,20,50.0,57.0,52.9,0,0,0,37
1789057889,20,51.0,56.0,53.2,0,0,0,37
1789057890,20,49.0,56.0,53.0,0,0,0,37
1789057892,20,49.0,55.0,52.8,0,0,0,37
1789057893,20,50.0,55.0,52.9,0,0,0,37
1789057894,20,51.0,56.0,53.0,0,0,0,37
1789057895,20,52.0,58.0,53.5,0,0,0,37
1789057896,20,49.0,57.0,53.1,0,0,0,37
1789057897,20,52.0,56.0,53.5,0,0,0,37
1789057898,20,52.0,55.0,53.4,0,0,0,37
1789057899,20,49.0,56.0,53.0,0,0,0,37
1789057900,20,49.0,55.0,52.6,0,0,0,37
1789057901,20,51.0,58.0,53.4,0,0,0,37
1789057902,20,51.0,59.0,53.7,0,0,0,37
1789057903,20,50.0,55.0,52.3,0,0,0,37
1789057904,20,51.0,56.0,52.7,0,0,0,37
1789057905,20,49.0,62.0,53.4,0,0,0,37
1789057906,20,48.0,54.0,51.9,0,0,0,37
1789057907,20,49.0,55.0,52.1,0,0,0,37
1789057908,20,51.0,55.0,52.3,0,0,0,37
1789057909,20,49.0,55.0,52.8,0,0,0,37
1789057910,20,50.0,55.0,52.8,0,0,0,37
1789057911,20,51.0,56.0,53.0,0,0,0,37
1789057912,20,49.0,55.0,52.5,0,0,0,37
1789057913,20,50.0,59.0,53.0,0,0,0,37
1789057914,20,49.0,55.0,51.9,0,0,0,37
1789057915,20,50.0,56.0,52.0,0,0,0,37
1789057916,20,50.0,55.0,52.1,0,0,0,37
1789057917,20,50.0,54.0,51.8,0,0,0,37
1789057918,20,51.0,58.0,53.0,0,0,0,37
1789057919,20,49.0,60.0,52.6,0,0,0,37
1789057920,20,50.0,55.0,52.3,0,0,0,37
1789057921,20,49.0,56.0,52.3,0,0,0,37
1789057922,20,46.0,56.0,52.1,0,0,0,37
1789057923,20,50.0,57.0,52.8,0,0,0,37
1789057924,20,50.0,57.0,51.9,0,0,0,37
1789057925,20,48.0,55.0,51.6,0,0,0,37
1789057926,20,49.0,56.0,52.0,0,0,0,37
1789057927,20,48.0,56.0,51.8,0,0,0,37
1789057928,20,50.0,54.0,51.5,0,0,0,37
1789057929,20,49.0,55.0,52.6,0,0,0,37
1789057930,20,50.0,56.0,52.6,0,0,0,37
1789057931,20,47.0,56.0,52.3,0,0,0,37
1789057932,20,50.0,61.0,52.8,0,0,0,37
1789057933,20,51.0,55.0,52.6,0,0,0,37
1789057934,20,49.0,58.0,52.9,0,0,0,37
1789057935,20,50.0,55.0,52.8,0,0,0,37
1789057936,20,49.0,57.0,53.1,0,0,0,37
1789057937,20,49.0,78.0,54.1,0,0,0,37
1789057938,20,51.0,55.0,52.6,0,0,0,37
1789057939,20,46.0,55.0,52.4,0,0,0,37
1789057940,20,51.0,58.0,52.6,0,0,0,37
1789057941,20,49.0,57.0,52.7,0,0,0,37
1789057943,20,50.0,55.0,52.5,0,0,0,37
1789057944,20,50.0,62.0,53.3,0,0,0,37
1789057945,20,49.0,55.0,52.6,0,0,0,37
1789057946,20,49.0,55.0,52.5,0,0,0,37
1789057947,20,50.0,55.0,52.5,0,0,0,37
1789057948,20,49.0,55.0,52.6,0,0,0,37
1789057949,20,50.0,56.0,52.9,0,0,0,37
1789057950,20,49.0,56.0,52.4,0,0,0,37
1789057951,20,49.0,57.0,52.9,0,0,0,37
1789057952,20,51.0,55.0,53.0,0,0,0,37
1789057953,20,52.0,61.0,53.4,0,0,0,37
1789057954,20,48.0,59.0,52.9,0,0,0,37
1789057955,20,50.0,58.0,53.0,0,0,0,37
1789057956,20,48.0,56.0,52.5,0,0,0,37
1789057957,20,51.0,56.0,52.9,0,0,0,37
1789057958,20,51.0,56.0,52.7,0,0,0,37
1789057959,20,50.0,56.0,52.6,0,0,0,37
1789057960,20,51.0,56.0,52.6,0,0,0,37
1789057961,20,48.0,64.0,53.0,0,0,0,37
1789057962,20,50.0,57.0,52.6,0,0,0,37
1789057963,20,50.0,55.0,52.5,0,0,0,37
1789057964,20,50.0,65.0,53.5,0,0,0,37
1789057965,20,49.0,57.0,52.9,0,0,0,37
1789057966,20,51.0,62.0,53.2,0,0,0,37
1789057967,20,49.0,55.0,52.5,0,0,0,37
1789057968,20,51.0,56.0,52.8,0,0,0,37
1789057969,20,49.0,55.0,52.4,0,0,0,37
1789057970,20,49.0,57.0,52.8,0,0,0,37
1789057971,20,49.0,59.0,52.7,0,0,0,37
1789057972,20,50.0,59.0,53.4,0,0,0,37
1789057973,20,50.0,57.0,53.0,0,0,0,37
1789057974,20,50.0,56.0,52.8,0,0,0,37
1789057975,20,51.0,58.0,53.2,0,0,0,37
1789057976,20,49.0,55.0,52.7,0,0,0,37
1789057977,20,50.0,56.0,52.9,0,0,0,37
1789057978,20,48.0,75.0,53.4,0,0,0,37
1789057979,20,49.0,54.0,52.2,0,0,0,37
1789057980,20,50.0,59.0,52.6,0,0,0,37
1789057981,20,49.0,55.0,52.6,0,0,0,37
1789057982,20,49.0,56.0,52.2,0,0,0,37
1789057983,20,49.0,57.0,52.1,0,0,0,37
1789057984,20,51.0,55.0,52.1,0,0,0,37
1789057985,20,49.0,57.0,53.1,0,0,0,37
1789057986,20,51.0,59.0,53.5,0,0,0,37
1789057987,20,51.0,59.0,53.4,0,0,0,37
1789057988,20,49.0,76.0,54.2,0,0,0,37
1789057989,20,49.0,56.0,52.5,0,0,0,37
1789057990,20,49.0,55.0,52.4,0,0,0,37
1789057991,20,50.0,54.0,52.5,0,0,0,37
1789057992,20,52.0,55.0,52.9,0,0,0,37
1789057993,20,51.0,55.0,52.7,0,0,0,37
1789057995,20,50.0,55.0,52.5,0,0,0,37
1789057996,20,50.0,63.0,52.9,0,0,0,37
1789057997,20,50.0,55.0,52.6,0,0,0,37
1789057998,20,50.0,54.0,52.0,0,0,0,37
1789057999,20,50.0,56.0,52.0,0,0,0,37
1789058000,20,49.0,60.0,52.3,0,0,0,37
1789058001,20,51.0,58.0,52.9,0,0,0,37
1789058002,20,48.0,64.0,52.6,0,0,0,37
1789058003,20,50.0,61.0,53.1,0,0,0,36
1789058004,20,50.0,65.0,53.0,0,0,0,37
1789058005,20,49.0,57.0,52.8,0,0,0,37
1789058006,20,51.0,66.0,53.6,0,0,0,37
1789058007,20,49.0,56.0,52.5,0,0,0,37
1789058008,20,51.0,57.0,52.6,0,0,0,37
1789058009,20,51.0,55.0,52.5,0,0,0,37
1789058010,20,51.0,58.0,53.3,0,0,0,37
1789058011,20,49.0,55.0,52.4,0,0,0,37
1789058012,20,49.0,55.0,52.6,0,0,0,37
1789058013,20,51.0,55.0,52.5,0,0,0,37
1789058014,20,49.0,58.0,53.0,0,0,0,37
1789058015,20,49.0,56.0,52.6,0,0,0,37
1789058016,20,50.0,56.0,52.3,0,0,0,37
1789058017,20,50.0,56.0,52.5,0,0,0,37
1789058018,20,50.0,57.0,52.2,0,0,0,37
1789058019,20,49.0,55.0,52.1,0,0,0,37
1789058020,20,51.0,59.0,53.1,0,0,0,37
1789058021,20,50.0,54.0,52.4,0,0,0,37
1789058022,20,50.0,57.0,52.5,0,0,0,37
1789058023,20,50.0,55.0,52.4,0,0,0,37
1789058024,20,49.0,55.0,52.4,0,0,0,37
1789058025,20,48.0,56.0,52.1,0,0,0,37
1789058026,20,51.0,56.0,52.9,0,0,0,37
1789058027,20,50.0,58.0,53.2,0,0,0,37
1789058028,20,50.0,55.0,53.0,0,0,0,37
1789058029,20,52.0,57.0,53.4,0,0,0,37
1789058030,20,51.0,56.0,53.3,0,0,0,37
1789058031,20,50.0,57.0,53.5,0,0,0,37
1789058032,20,51.0,57.0,53.4,0,0,0,37
1789058033,20,50.0,62.0,53.6,0,0,0,37
1789058034,20,50.0,58.0,53.1,0,0,0,37
1789058035,20,51.0,57.0,53.6,0,0,0,37
1789058036,20,47.0,56.0,52.8,0,0,0,37
1789058037,20,50.0,55.0,52.8,0,0,0,37
1789058038,20,52.0,60.0,53.7,0,0,0,37
1789058039,20,49.0,56.0,53.1,0,0,0,37
1789058040,20,50.0,56.0,53.5,0,0,0,37
1789058041,20,50.0,58.0,53.5,0,0,0,37
1789058042,20,52.0,60.0,53.9,0,0,0,37
1789058043,20,52.0,58.0,53.9,0,0,0,37
1789058044,20,50.0,56.0,53.6,0,0,0,37
1789058046,20,52.0,59.0,53.8,0,0,0,37
1789058047,20,52.0,61.0,53.5,0,0,0,37
1789058048,20,49.0,56.0,53.0,0,0,0,37
1789058049,20,52.0,58.0,53.5,0,0,0,37
1789058050,20,50.0,55.0,52.8,0,0,0,37
1789058051,20,47.0,60.0,52.7,0,0,0,37
1789058052,20,50.0,57.0,52.8,0,0,0,37
1789058053,20,48.0,55.0,52.1,0,0,0,37
1789058054,20,51.0,58.0,53.3,0,0,0,37
1789058055,20,49.0,61.0,53.5,0,0,0,37
1789058056,20,51.0,58.0,52.9,0,0,0,37
1789058057,20,49.0,56.0,53.0,0,0,0,37
1789058058,20,51.0,57.0,53.5,0,0,0,37
1789058059,20,50.0,56.0,52.8,0,0,0,36
1789058060,20,49.0,55.0,52.5,0,0,0,37
1789058061,20,48.0,55.0,53.0,0,0,0,36
1789058062,20,49.0,58.0,53.3,0,0,0,37
1789058063,20,51.0,56.0,53.2,0,0,0,37
1789058064,20,49.0,57.0,52.9,0,0,0,37
1789058065,20,51.0,57.0,53.4,0,0,0,37
1789058066,20,49.0,67.0,53.6,0,0,0,37
1789058067,20,48.0,60.0,53.0,0,0,0,37
1789058068,20,48.0,57.0,52.7,0,0,0,37
1789058069,20,49.0,57.0,52.7,0,0,0,37
1789058070,20,51.0,55.0,52.8,0,0,0,37
1789058071,20,51.0,55.0,53.1,0,0,0,37
1789058072,20,52.0,56.0,53.6,0,0,0,37
1789058073,20,48.0,55.0,53.0,0,0,0,37
1789058074,20,49.0,56.0,53.2,0,0,0,37
1789058075,20,50.0,56.0,53.1,0,0,0,37
1789058076,20,50.0,56.0,53.3,0,0,0,37
1789058077,20,52.0,56.0,53.5,0,0,0,37
1789058078,20,50.0,58.0,53.7,0,0,0,37
1789058079,20,51.0,62.0,53.8,0,0,0,37
1789058080,20,51.0,56.0,53.2,0,0,0,37
1789058081,20,49.0,55.0,53.0,0,0,0,37
1789058082,20,51.0,56.0,53.5,0,0,0,37
1789058083,20,49.0,56.0,53.1,0,0,0,37
1789058084,20,51.0,55.0,52.8,0,0,0,37
1789058085,20,48.0,58.0,50.5,0,0,0,37
1789058086,20,47.0,50.0,48.1,0,0,0,37
1789058087,20,48.0,51.0,49.5,0,0,0,37
1789058088,20,48.0,50.0,48.5,0,0,0,37
1789058089,20,48.0,50.0,48.4,0,0,0,37
1789058090,20,48.0,49.0,48.2,0,0,0,36
1789058091,20,47.0,51.0,48.9,0,0,0,36
1789058092,20,48.0,55.0,50.0,0,0,0,37
1789058093,20,48.0,53.0,49.6,0,0,0,36
1789058094,20,50.0,66.0,54.2,0,0,0,37
1789058095,20,48.0,55.0,49.7,0,0,0,37
1789058096,20,48.0,50.0,48.6,0,0,0,36
1789058098,20,48.0,49.0,48.1,0,0,0,37
1789058099,20,48.0,50.0,48.9,0,0,0,37
1789058100,20,48.0,53.0,50.0,0,0,0,36
1789058101,20,50.0,57.0,51.3,0,0,0,37
1789058102,20,49.0,50.0,49.8,0,0,0,36
1789058103,20,50.0,56.0,51.0,0,0,0,37
1789058104,20,50.0,51.0,50.0,0,0,0,37
1789058105,20,49.0,50.0,49.8,0,0,0,37
1789058106,20,49.0,51.0,49.9,0,0,0,37
1789058107,20,49.0,52.0,50.4,0,0,0,37
1789058108,20,50.0,59.0,54.8,0,0,0,37
1789058109,20,50.0,59.0,53.0,0,0,0,37
1789058110,20,49.0,54.0,50.5,0,0,0,37
1789058111,20,49.0,58.0,50.9,0,0,0,37
1789058112,20,49.0,60.0,54.9,0,0,0,37
1789058113,20,49.0,55.0,50.4,0,0,0,37
1789058114,20,50.0,55.0,51.0,0,0,0,37
1789058115,20,50.0,51.0,50.0,0,0,0,37
1789058116,20,49.0,59.0,52.4,0,0,0,37
1789058117,20,50.0,57.0,52.6,0,0,0,37
1789058118,20,49.0,55.0,51.5,0,0,0,37
1789058119,20,49.0,51.0,50.0,0,0,0,37
1789058120,20,49.0,51.0,50.0,0,0,0,36
1789058121,20,49.0,50.0,49.8,0,0,0,36
1789058122,20,49.0,50.0,49.9,0,0,0,37
1789058123,20,49.0,50.0,49.7,0,0,0,37
1789058124,20,49.0,50.0,49.8,0,0,0,37
1789058125,20,49.0,50.0,49.9,0,0,0,37
1789058126,20,49.0,50.0,49.8,0,0,0,36
1789058127,20,50.0,52.0,50.1,0,0,0,36
1789058128,20,50.0,51.0,50.0,0,0,0,36
1789058129,20,49.0,51.0,50.1,0,0,0,36
1789058130,20,49.0,50.0,50.0,0,0,0,36
1789058131,20,49.0,50.0,49.9,0,0,0,36
1789058132,20,49.0,50.0,49.9,0,0,0,36
1789058133,20,49.0,50.0,49.9,0,0,0,36
1789058134,20,49.0,52.0,49.9,0,0,0,36
1789058135,20,49.0,50.0,49.7,0,0,0,36
1789058136,20,49.0,59.0,54.7,0,0,0,37
1789058137,20,49.0,57.0,52.8,0,0,0,36
1789058138,20,50.0,59.0,53.5,0,0,0,37
1789058139,20,49.0,54.0,50.8,0,0,0,36
1789058140,20,50.0,51.0,50.0,0,0,0,36
1789058141,20,50.0,50.0,50.0,0,0,0,37
1789058142,20,49.0,51.0,50.0,0,0,0,36
1789058143,20,50.0,60.0,54.6,0,0,0,37
1789058144,20,50.0,59.0,51.0,0,0,0,36
1789058145,20,50.0,51.0,50.6,0,0,0,36
1789058146,20,50.0,52.0,50.6,0,0,0,36
1789058148,20,49.0,51.0,50.1,0,0,0,36
1789058149,20,50.0,59.0,53.9,0,0,0,37
1789058150,20,49.0,54.0,51.5,0,0,0,37
1789058151,20,50.0,56.0,51.6,0,0,0,37
1789058152,20,50.0,59.0,52.6,0,0,0,37
1789058153,20,50.0,59.0,52.9,0,0,0,37
1789058154,20,50.0,59.0,54.6,0,0,0,37
1789058155,20,48.0,60.0,54.8,0,0,0,37
1789058156,20,48.0,69.0,57.5,0,0,0,37
1789058157,20,52.0,62.0,57.0,0,0,0,37
1789058158,20,55.0,65.0,60.4,0,0,0,37
1789058159,20,55.0,64.0,60.0,0,0,0,37
1789058160,20,51.0,62.0,59.1,0,0,0,37
1789058161,20,53.0,62.0,57.8,0,0,0,37
1789058162,20,51.0,62.0,54.3,0,0,0,37
1789058163,20,51.0,53.0,51.6,0,0,0,37
1789058164,20,51.0,57.0,52.0,0,0,0,37
1789058165,20,50.0,53.0,51.2,0,0,0,37
1789058166,20,50.0,53.0,51.4,0,0,0,37
1789058167,20,49.0,53.0,51.6,0,0,0,37
1789058168,20,50.0,55.0,51.9,0,0,0,37
1789058169,20,51.0,54.0,51.9,0,0,0,37
1789058170,20,50.0,53.0,51.6,0,0,0,37
1789058171,20,50.0,56.0,52.0,0,0,0,37
1789058172,20,49.0,53.0,51.4,0,0,0,37
1789058173,20,50.0,53.0,51.3,0,0,0,37
1789058174,20,49.0,62.0,54.0,0,0,0,37
1789058175,20,50.0,57.0,54.2,0,0,0,37
1789058176,20,51.0,61.0,55.1,0,0,0,37
1789058177,20,49.0,66.0,52.9,0,0,0,37
1789058178,20,50.0,54.0,52.1,0,0,0,37
1789058179,20,50.0,61.0,52.8,0,0,0,37
1789058180,20,49.0,58.0,52.0,0,0,0,36
1789058181,20,49.0,54.0,51.4,0,0,0,36
1789058182,20,47.0,52.0,50.6,0,0,0,37
1789058183,20,50.0,52.0,51.0,0,0,0,37
1789058184,20,50.0,53.0,51.1,0,0,0,37
1789058185,20,49.0,55.0,51.5,0,0,0,37
1789058186,20,50.0,54.0,52.0,0,0,0,37
1789058187,20,51.0,63.0,53.4,0,0,0,37
1789058188,20,50.0,57.0,52.8,0,0,0,37
1789058189,20,50.0,54.0,52.6,0,0,0,37
1789058190,20,51.0,58.0,53.2,0,0,0,37
1789058191,20,50.0,54.0,52.1,0,0,0,37
1789058192,20,50.0,52.0,51.0,0,0,0,37
1789058193,20,50.0,52.0,51.0,0,0,0,37
1789058194,20,49.0,61.0,56.9,0,0,0,37
1789058195,20,51.0,66.0,55.6,0,0,0,37
1789058196,20,51.0,59.0,53.5,0,0,0,37
1789058197,20,47.0,62.0,53.5,0,0,0,37
1789058199,20,51.0,63.0,56.0,0,0,0,37
1789058200,20,51.0,65.0,55.7,0,0,0,37
1789058201,20,49.0,65.0,55.5,0,0,0,37
1789058202,20,50.0,64.0,52.8,0,0,0,37
1789058203,20,50.0,54.0,51.8,0,0,0,36
1789058204,20,49.0,53.0,51.1,0,0,0,37
1789058205,20,50.0,53.0,51.1,0,0,0,37
1789058206,20,49.0,53.0,51.0,0,0,0,37
1789058207,20,50.0,55.0,52.5,0,0,0,37
1789058208,20,51.0,55.0,52.9,0,0,0,37
1789058209,20,49.0,55.0,52.9,0,0,0,37
1789058210,20,51.0,55.0,53.0,0,0,0,37
1789058211,20,51.0,57.0,53.2,0,0,0,37
1789058212,20,50.0,54.0,51.4,0,0,0,37
1789058213,20,50.0,55.0,51.4,0,0,0,37
1789058214,20,49.0,53.0,51.2,0,0,0,37
1789058215,20,49.0,52.0,50.9,0,0,0,37
1789058216,20,49.0,62.0,51.4,0,0,0,37
1789058217,20,51.0,57.0,52.8,0,0,0,37
1789058218,20,51.0,54.0,52.6,0,0,0,37
1789058219,20,51.0,54.0,52.6,0,0,0,37
1789058220,20,49.0,54.0,52.1,0,0,0,37
1789058221,20,50.0,54.0,52.4,0,0,0,37
1789058222,20,47.0,63.0,51.6,0,0,0,37
1789058223,20,50.0,55.0,51.3,0,0,0,37
1789058224,20,49.0,52.0,51.0,0,0,0,37
1789058225,20,49.0,53.0,51.2,0,0,0,37
1789058226,20,50.0,55.0,51.6,0,0,0,37
1789058227,20,51.0,56.0,52.7,0,0,0,37
1789058228,20,50.0,54.0,52.4,0,0,0,37
1789058229,20,49.0,54.0,52.0,0,0,0,37
1789058230,20,51.0,56.0,53.0,0,0,0,37
1789058231,20,51.0,58.0,53.2,0,0,0,37
1789058232,20,49.0,53.0,51.1,0,0,0,37
1789058233,20,50.0,54.0,51.1,0,0,0,37
1789058234,20,50.0,52.0,51.1,0,0,0,37
1789058235,20,50.0,53.0,51.1,0,0,0,36
1789058236,20,50.0,55.0,51.3,0,0,0,37
1789058237,20,50.0,55.0,52.7,0,0,0,37
1789058238,20,50.0,54.0,52.6,0,0,0,37
1789058239,20,51.0,57.0,53.3,0,0,0,37
1789058240,20,50.0,55.0,53.0,0,0,0,37
1789058241,20,52.0,58.0,52.9,0,0,0,37
1789058242,20,49.0,53.0,51.4,0,0,0,37
1789058243,20,50.0,54.0,51.9,0,0,0,37
1789058244,20,50.0,53.0,51.5,0,0,0,37
1789058245,20,51.0,53.0,51.7,0,0,0,37
1789058246,20,51.0,56.0,52.6,0,0,0,37
1789058247,20,50.0,56.0,53.0,0,0,0,37
1789058248,20,50.0,55.0,52.8,0,0,0,37
1789058249,20,50.0,58.0,53.3,0,0,0,37
1789058251,20,51.0,60.0,53.3,0,0,0,37
1789058252,20,51.0,54.0,52.4,0,0,0,37
1789058253,20,50.0,53.0,51.5,0,0,0,37
1789058254,20,50.0,54.0,51.5,0,0,0,37
1789058255,20,50.0,53.0,51.4,0,0,0,37
1789058256,20,49.0,53.0,51.4,0,0,0,37
1789058257,20,50.0,55.0,52.0,0,0,0,37
1789058258,20,51.0,56.0,52.9,0,0,0,37
1789058259,20,51.0,54.0,52.8,0,0,0,37
1789058260,20,49.0,55.0,52.6,0,0,0,36
1789058261,20,48.0,56.0,52.6,0,0,0,36
1789058262,20,50.0,64.0,53.1,0,0,0,36
1789058263,20,50.0,53.0,51.5,0,0,0,36
1789058264,20,50.0,57.0,51.6,0,0,0,36
1789058265,20,50.0,54.0,51.6,0,0,0,37
1789058266,20,51.0,53.0,51.6,0,0,0,36
1789058267,20,49.0,53.0,51.5,0,0,0,37
1789058268,20,51.0,54.0,52.5,0,0,0,37
1789058269,20,49.0,54.0,52.0,0,0,0,37
1789058270,20,50.0,54.0,51.8,0,0,0,37
1789058271,20,49.0,54.0,51.8,0,0,0,37
1789058272,20,49.0,53.0,51.6,0,0,0,37
1789058273,20,51.0,55.0,51.6,0,0,0,37
1789058274,20,49.0,52.0,51.2,0,0,0,37
1789058275,20,51.0,56.0,51.5,0,0,0,36
1789058276,20,50.0,54.0,51.5,0,0,0,36
1789058277,20,49.0,56.0,52.1,0,0,0,36
1789058278,20,51.0,59.0,52.9,0,0,0,36
1789058279,20,50.0,54.0,52.0,0,0,0,37
1789058280,20,50.0,55.0,52.5,0,0,0,36
1789058281,20,51.0,65.0,53.4,0,0,0,36
1789058282,20,49.0,55.0,51.7,0,0,0,36
1789058283,20,50.0,55.0,51.8,0,0,0,36
1789058284,20,50.0,53.0,51.4,0,0,0,37
1789058285,20,49.0,54.0,51.6,0,0,0,36
1789058286,20,50.0,54.0,51.5,0,0,0,37
1789058287,20,49.0,54.0,52.3,0,0,0,36
1789058288,20,51.0,55.0,52.9,0,0,0,37
1789058289,20,51.0,56.0,53.2,0,0,0,37
1789058290,20,50.0,56.0,53.1,0,0,0,37
1789058291,20,52.0,56.0,53.5,0,0,0,37
1789058292,20,50.0,57.0,52.1,0,0,0,37
1789058293,20,48.0,53.0,51.1,0,0,0,36
1789058294,20,49.0,53.0,51.2,0,0,0,36
1789058295,20,50.0,53.0,51.2,0,0,0,36
1789058296,20,49.0,55.0,51.0,0,0,0,37
1789058297,20,51.0,54.0,52.0,0,0,0,37
1789058298,20,49.0,54.0,52.0,0,0,0,37
1789058300,20,47.0,54.0,51.9,0,0,0,37
1789058301,20,50.0,54.0,52.1,0,0,0,36
1789058302,20,49.0,54.0,51.8,0,0,0,37
1789058303,20,50.0,54.0,51.4,0,0,0,36
1789058304,20,48.0,52.0,50.8,0,0,0,36
1789058305,20,50.0,54.0,51.0,0,0,0,36
1789058306,20,48.0,52.0,50.9,0,0,0,36
1789058307,20,49.0,52.0,50.8,0,0,0,36
1789058308,20,50.0,55.0,52.1,0,0,0,36
1789058309,20,50.0,60.0,52.5,0,0,0,36
1789058310,20,50.0,65.0,53.0,0,0,0,36
1789058311,20,50.0,57.0,52.5,0,0,0,36
1789058312,20,51.0,55.0,52.5,0,0,0,36
1789058313,20,48.0,52.0,50.7,0,0,0,37
1789058314,20,50.0,53.0,50.8,0,0,0,37
1789058315,20,48.0,53.0,50.9,0,0,0,36
